Cycle,Time,Iso,Sr88,Microns,Fish_id,Watershed,Year,Iso_MA,Sr88_MA,Sr88_MA_Gradient,natal_microns_start,natal_microns_end,marine_start,natal_origin_iso,Core,Landmark
155,81.22,0.708122363999534,0.102668401357793,162.44,2019_yk_082,Yukon,2019,NA,NA,NA,667.490598772074,825.4646252546,1278.56,0.715147327912253,386.6764219040511,NA
156,81.744,0.70967902588397,0.107489353955768,163.488,2019_yk_082,Yukon,2019,NA,NA,NA,667.490598772074,825.4646252546,1278.56,0.715147327912253,386.6764219040511,NA
157,82.268,0.718847660424783,0.109078258909478,164.536,2019_yk_082,Yukon,2019,NA,NA,NA,667.490598772074,825.4646252546,1278.56,0.715147327912253,386.6764219040511,NA
158,82.792,0.703001263768368,0.110776519338101,165.584,2019_yk_082,Yukon,2019,NA,NA,NA,667.490598772074,825.4646252546,1278.56,0.715147327912253,386.6764219040511,NA
159,83.316,0.710124679201382,0.111380834263263,166.632,2019_yk_082,Yukon,2019,NA,NA,NA,667.490598772074,825.4646252546,1278.56,0.715147327912253,386.6764219040511,NA
160,83.84,0.708228084619172,0.112212898558084,167.68,2019_yk_082,Yukon,2019,NA,NA,NA,667.490598772074,825.4646252546,1278.56,0.715147327912253,386.6764219040511,NA
161,84.364,0.70859485179444,0.11306340051123,168.728,2019_yk_082,Yukon,2019,NA,NA,NA,667.490598772074,825.4646252546,1278.56,0.715147327912253,386.6764219040511,NA
162,84.888,0.716419863835534,0.113930629898791,169.776,2019_yk_082,Yukon,2019,NA,NA,NA,667.490598772074,825.4646252546,1278.56,0.715147327912253,386.6764219040511,NA
163,85.412,0.702982762814932,0.118238012758558,170.824,2019_yk_082,Yukon,2019,NA,NA,NA,667.490598772074,825.4646252546,1278.56,0.715147327912253,386.6764219040511,NA
164,85.936,0.714131946979833,0.120884214791882,171.872,2019_yk_082,Yukon,2019,NA,NA,NA,667.490598772074,825.4646252546,1278.56,0.715147327912253,386.6764219040511,NA
165,86.46,0.716283486203626,0.126015136543288,172.92,2019_yk_082,Yukon,2019,NA,NA,NA,667.490598772074,825.4646252546,1278.56,0.715147327912253,386.6764219040511,NA
166,86.984,0.699683271677677,0.126933381890586,173.968,2019_yk_082,Yukon,2019,NA,NA,NA,667.490598772074,825.4646252546,1278.56,0.715147327912253,386.6764219040511,NA
167,87.508,0.712173972724467,0.126931366769691,175.016,2019_yk_082,Yukon,2019,NA,NA,NA,667.490598772074,825.4646252546,1278.56,0.715147327912253,386.6764219040511,NA
168,88.032,0.717818425628819,0.125943160882102,176.064,2019_yk_082,Yukon,2019,NA,NA,NA,667.490598772074,825.4646252546,1278.56,0.715147327912253,386.6764219040511,NA
169,88.556,0.712648365553364,0.130211998623338,177.112,2019_yk_082,Yukon,2019,NA,NA,NA,667.490598772074,825.4646252546,1278.56,0.715147327912253,386.6764219040511,NA
170,89.08,0.712874893370633,0.129114479974058,178.16,2019_yk_082,Yukon,2019,NA,NA,NA,667.490598772074,825.4646252546,1278.56,0.715147327912253,386.6764219040511,NA
171,89.604,0.720234829741862,0.126030488629539,179.208,2019_yk_082,Yukon,2019,NA,NA,NA,667.490598772074,825.4646252546,1278.56,0.715147327912253,386.6764219040511,NA
172,90.128,0.706863763644324,0.120887231048074,180.256,2019_yk_082,Yukon,2019,NA,NA,NA,667.490598772074,825.4646252546,1278.56,0.715147327912253,386.6764219040511,NA
173,90.652,0.716297484017844,0.120724114240707,181.304,2019_yk_082,Yukon,2019,NA,NA,NA,667.490598772074,825.4646252546,1278.56,0.715147327912253,386.6764219040511,NA
174,91.176,0.715569718576529,0.123286696491829,182.352,2019_yk_082,Yukon,2019,NA,NA,NA,667.490598772074,825.4646252546,1278.56,0.715147327912253,386.6764219040511,NA
175,91.7,0.710797034689511,0.129513582448972,183.4,2019_yk_082,Yukon,2019,NA,NA,NA,667.490598772074,825.4646252546,1278.56,0.715147327912253,386.6764219040511,NA
176,92.224,0.709497146257926,0.133891898492377,184.448,2019_yk_082,Yukon,2019,NA,NA,NA,667.490598772074,825.4646252546,1278.56,0.715147327912253,386.6764219040511,NA
177,92.748,0.718244644068482,0.13740261034976,185.496,2019_yk_082,Yukon,2019,NA,NA,NA,667.490598772074,825.4646252546,1278.56,0.715147327912253,386.6764219040511,NA
178,93.272,0.716635418196379,0.142246406603625,186.544,2019_yk_082,Yukon,2019,NA,NA,NA,667.490598772074,825.4646252546,1278.56,0.715147327912253,386.6764219040511,NA
179,93.796,0.713651022575049,0.145111999130454,187.592,2019_yk_082,Yukon,2019,NA,NA,NA,667.490598772074,825.4646252546,1278.56,0.715147327912253,386.6764219040511,NA
180,94.32,0.712900353420382,0.149528545645419,188.64,2019_yk_082,Yukon,2019,NA,NA,NA,667.490598772074,825.4646252546,1278.56,0.715147327912253,386.6764219040511,NA
181,94.844,0.709688632997088,0.151033023501477,189.688,2019_yk_082,Yukon,2019,NA,NA,NA,667.490598772074,825.4646252546,1278.56,0.715147327912253,386.6764219040511,NA
182,95.368,0.712457611063035,0.151843709958899,190.736,2019_yk_082,Yukon,2019,NA,NA,NA,667.490598772074,825.4646252546,1278.56,0.715147327912253,386.6764219040511,NA
183,95.892,0.716220953970173,0.153458119111,191.784,2019_yk_082,Yukon,2019,NA,NA,NA,667.490598772074,825.4646252546,1278.56,0.715147327912253,386.6764219040511,NA
184,96.416,0.707688377762521,0.153715231970162,192.832,2019_yk_082,Yukon,2019,0.711710002915359,0.15675091675333,NA,667.490598772074,825.4646252546,1278.56,0.715147327912253,386.6764219040511,NA
185,96.94,0.711523071124193,0.15675159699119,193.88,2019_yk_082,Yukon,2019,0.711711006548258,0.158604818475543,0.00185390172221317,667.490598772074,825.4646252546,1278.56,0.715147327912253,386.6764219040511,NA
186,97.464,0.716014909189329,0.159129205636642,194.928,2019_yk_082,Yukon,2019,0.711791895085104,0.160385447407561,0.00178062893201811,667.490598772074,825.4646252546,1278.56,0.715147327912253,386.6764219040511,NA
187,97.988,0.715637750109532,0.160947827095886,195.976,2019_yk_082,Yukon,2019,0.711696652674235,0.16220386491537,0.00181841750780923,667.490598772074,825.4646252546,1278.56,0.715147327912253,386.6764219040511,NA
188,98.512,0.713050626346107,0.163897596442039,197.024,2019_yk_082,Yukon,2019,0.711923329635037,0.164074702523071,0.00187083760770093,667.490598772074,825.4646252546,1278.56,0.715147327912253,386.6764219040511,NA
189,99.036,0.713962166078979,0.163775665850249,198.072,2019_yk_082,Yukon,2019,0.711917052450048,0.165920425856006,0.00184572333293531,667.490598772074,825.4646252546,1278.56,0.715147327912253,386.6764219040511,NA
190,99.56,0.711734504295533,0.169071794892025,199.12,2019_yk_082,Yukon,2019,0.712011584351525,0.167766757359273,0.00184633150326638,667.490598772074,825.4646252546,1278.56,0.715147327912253,386.6764219040511,NA
191,100.084,0.710115344579332,0.172768316614733,200.168,2019_yk_082,Yukon,2019,0.71205581052965,0.169655606330943,0.00188884897167063,667.490598772074,825.4646252546,1278.56,0.715147327912253,386.6764219040511,NA
192,100.608,0.705151244178273,0.172347326127037,201.216,2019_yk_082,Yukon,2019,0.712028684867788,0.171572211181643,0.00191660485069936,667.490598772074,825.4646252546,1278.56,0.715147327912253,386.6764219040511,NA
193,101.132,0.708850889290789,0.172516886307704,202.264,2019_yk_082,Yukon,2019,0.712225125878884,0.173492810114007,0.00192059893236451,667.490598772074,825.4646252546,1278.56,0.715147327912253,386.6764219040511,NA
194,101.656,0.709203543717342,0.174637733702802,203.312,2019_yk_082,Yukon,2019,0.712123267603086,0.175398518581965,0.00190570846795771,667.490598772074,825.4646252546,1278.56,0.715147327912253,386.6764219040511,NA
195,102.18,0.705478672024328,0.177263213494287,204.36,2019_yk_082,Yukon,2019,0.71209999538181,0.177217978484305,0.00181945990233964,667.490598772074,825.4646252546,1278.56,0.715147327912253,386.6764219040511,NA
196,102.704,0.710554442451054,0.179706431659629,205.408,2019_yk_082,Yukon,2019,0.712297013487302,0.179125008513073,0.00190703002876802,667.490598772074,825.4646252546,1278.56,0.715147327912253,386.6764219040511,NA
197,103.228,0.713377975867238,0.181606620786463,206.456,2019_yk_082,Yukon,2019,0.712253970109969,0.181037548169451,0.0019125396563783,667.490598772074,825.4646252546,1278.56,0.715147327912253,386.6764219040511,NA
198,103.752,0.712954252991374,0.182549809813225,207.504,2019_yk_082,Yukon,2019,0.7121519103623,0.183016169754097,0.00197862158464657,667.490598772074,825.4646252546,1278.56,0.715147327912253,386.6764219040511,NA
199,104.276,0.711616143430083,0.184803945411765,208.552,2019_yk_082,Yukon,2019,0.712125091301731,0.185037097097192,0.00202092734309411,667.490598772074,825.4646252546,1278.56,0.715147327912253,386.6764219040511,NA
200,104.8,0.714284058592455,0.187712861474388,209.6,2019_yk_082,Yukon,2019,0.712063733542536,0.187074845595024,0.0020377484978327,667.490598772074,825.4646252546,1278.56,0.715147327912253,386.6764219040511,NA
201,105.324,0.716028357253802,0.191318104743622,210.648,2019_yk_082,Yukon,2019,0.71195738825346,0.189218821465223,0.00214397587019843,667.490598772074,825.4646252546,1278.56,0.715147327912253,386.6764219040511,NA
202,105.848,0.709090509153182,0.193636665846262,211.696,2019_yk_082,Yukon,2019,0.712056809040043,0.191507584806033,0.00228876334081038,667.490598772074,825.4646252546,1278.56,0.715147327912253,386.6764219040511,NA
203,106.372,0.713323123495997,0.19316106816918,212.744,2019_yk_082,Yukon,2019,0.711958519246289,0.193817076437637,0.00230949163160402,667.490598772074,825.4646252546,1278.56,0.715147327912253,386.6764219040511,NA
204,106.896,0.711160456373386,0.19576732935329,213.792,2019_yk_082,Yukon,2019,0.711921635193621,0.196145937695924,0.00232886125828727,667.490598772074,825.4646252546,1278.56,0.715147327912253,386.6764219040511,NA
205,107.42,0.712835974305037,0.198110983661817,214.84,2019_yk_082,Yukon,2019,0.711899127642256,0.198406554732527,0.0022606170366028,667.490598772074,825.4646252546,1278.56,0.715147327912253,386.6764219040511,NA
206,107.944,0.711949036198338,0.197397301251456,215.888,2019_yk_082,Yukon,2019,0.711942187803657,0.200645429568429,0.00223887483590202,667.490598772074,825.4646252546,1278.56,0.715147327912253,386.6764219040511,NA
207,108.468,0.710084506468109,0.1999592725605,216.936,2019_yk_082,Yukon,2019,0.711841266289158,0.202924930016436,0.00227950044800668,667.490598772074,825.4646252546,1278.56,0.715147327912253,386.6764219040511,NA
208,108.992,0.709248908969099,0.201379125015229,217.984,2019_yk_082,Yukon,2019,0.711748173379292,0.205118471979097,0.00219354196266122,667.490598772074,825.4646252546,1278.56,0.715147327912253,386.6764219040511,NA
209,109.516,0.707243570310526,0.203484163386903,219.032,2019_yk_082,Yukon,2019,0.711730987300375,0.207322842730995,0.0022043707518975,667.490598772074,825.4646252546,1278.56,0.715147327912253,386.6764219040511,NA
210,110.04,0.715412085906099,0.20723174588313,220.08,2019_yk_082,Yukon,2019,0.711677163291004,0.209502412597229,0.00217956986623469,667.490598772074,825.4646252546,1278.56,0.715147327912253,386.6764219040511,NA
211,110.564,0.70866163358691,0.205537640797845,221.128,2019_yk_082,Yukon,2019,0.711674654347988,0.211698545799334,0.00219613320210454,667.490598772074,825.4646252546,1278.56,0.715147327912253,386.6764219040511,NA
212,111.088,0.710426353258924,0.210370272021922,222.176,2019_yk_082,Yukon,2019,0.71169781719146,0.213990166027409,0.00229162022807494,667.490598772074,825.4646252546,1278.56,0.715147327912253,386.6764219040511,NA
213,111.612,0.714498147946521,0.212782633132754,223.224,2019_yk_082,Yukon,2019,0.711665612614422,0.216242620788695,0.00225245476128635,667.490598772074,825.4646252546,1278.56,0.715147327912253,386.6764219040511,NA
214,112.136,0.710766007968034,0.211886160427495,224.272,2019_yk_082,Yukon,2019,0.711773331978799,0.218476809368271,0.00223418857957589,667.490598772074,825.4646252546,1278.56,0.715147327912253,386.6764219040511,NA
215,112.66,0.708182581973434,0.213902504690582,225.32,2019_yk_082,Yukon,2019,0.711778491650912,0.220672626908563,0.00219581754029155,667.490598772074,825.4646252546,1278.56,0.715147327912253,386.6764219040511,NA
216,113.184,0.714532338094733,0.214327089876854,226.368,2019_yk_082,Yukon,2019,0.711709496752409,0.222889023368032,0.00221639645946917,667.490598772074,825.4646252546,1278.56,0.715147327912253,386.6764219040511,NA
217,113.708,0.713133115772678,0.218183309378032,227.416,2019_yk_082,Yukon,2019,0.711673914447985,0.22520613439976,0.00231711103172788,667.490598772074,825.4646252546,1278.56,0.715147327912253,386.6764219040511,NA
218,114.232,0.716601881416495,0.223026775800157,228.464,2019_yk_082,Yukon,2019,0.711655808768561,0.227512666104045,0.00230653170428552,667.490598772074,825.4646252546,1278.56,0.715147327912253,386.6764219040511,NA
219,114.756,0.709748048102004,0.222124234239382,229.512,2019_yk_082,Yukon,2019,0.711606042192321,0.229800082247181,0.00228741614313585,667.490598772074,825.4646252546,1278.56,0.715147327912253,386.6764219040511,NA
220,115.28,0.713899998707835,0.222992788754066,230.56,2019_yk_082,Yukon,2019,0.711643689285769,0.232080299112061,0.00228021686488,667.490598772074,825.4646252546,1278.56,0.715147327912253,386.6764219040511,NA
221,115.804,0.711248422481884,0.226394338811469,231.608,2019_yk_082,Yukon,2019,0.711647789739895,0.234292587068454,0.00221228795639286,667.490598772074,825.4646252546,1278.56,0.715147327912253,386.6764219040511,NA
222,116.328,0.714792324123871,0.228926920940752,232.656,2019_yk_082,Yukon,2019,0.711753860321172,0.236523121826065,0.00223053475761073,667.490598772074,825.4646252546,1278.56,0.715147327912253,386.6764219040511,NA
223,116.852,0.714769223480654,0.233473948700428,233.704,2019_yk_082,Yukon,2019,0.711806333235935,0.238840983226132,0.0023178614000671,667.490598772074,825.4646252546,1278.56,0.715147327912253,386.6764219040511,NA
224,117.376,0.708020450431985,0.235226722869344,234.752,2019_yk_082,Yukon,2019,0.711839835407397,0.241133931820952,0.00229294859482007,667.490598772074,825.4646252546,1278.56,0.715147327912253,386.6764219040511,NA
225,117.9,0.714887152927013,0.235182730683666,235.8,2019_yk_082,Yukon,2019,0.711934710883939,0.243406560575395,0.00227262875444278,667.490598772074,825.4646252546,1278.56,0.715147327912253,386.6764219040511,NA
226,118.424,0.711504358007202,0.241355183616667,236.848,2019_yk_082,Yukon,2019,0.711924464233941,0.245659080989188,0.00225252041379301,667.490598772074,825.4646252546,1278.56,0.715147327912253,386.6764219040511,NA
227,118.948,0.70959137008452,0.241683746152389,237.896,2019_yk_082,Yukon,2019,0.711895639419894,0.247990086667032,0.00233100567784444,667.490598772074,825.4646252546,1278.56,0.715147327912253,386.6764219040511,NA
228,119.472,0.711694840768681,0.244660455960897,238.944,2019_yk_082,Yukon,2019,0.711916202571586,0.250170812880215,0.00218072621318305,667.490598772074,825.4646252546,1278.56,0.715147327912253,386.6764219040511,NA
229,119.996,0.711039221919239,0.251467639208985,239.992,2019_yk_082,Yukon,2019,0.711874571920393,0.252345448619603,0.00217463573938836,667.490598772074,825.4646252546,1278.56,0.715147327912253,386.6764219040511,NA
230,120.52,0.709193427818891,0.251379389844021,241.04,2019_yk_082,Yukon,2019,0.711849908285893,0.254496517085147,0.00215106846554314,667.490598772074,825.4646252546,1278.56,0.715147327912253,386.6764219040511,NA
231,121.044,0.713854112397347,0.254669040841445,242.088,2019_yk_082,Yukon,2019,0.711799322555494,0.256629715394088,0.0021331983089411,667.490598772074,825.4646252546,1278.56,0.715147327912253,386.6764219040511,NA
232,121.568,0.712829010839291,0.258213031496697,243.136,2019_yk_082,Yukon,2019,0.711879785887187,0.258706201245211,0.00207648585112347,667.490598772074,825.4646252546,1278.56,0.715147327912253,386.6764219040511,NA
233,122.092,0.710400096392604,0.259293612136947,244.184,2019_yk_082,Yukon,2019,0.711818212772131,0.260796908491455,0.00209070724624422,667.490598772074,825.4646252546,1278.56,0.715147327912253,386.6764219040511,NA
234,122.616,0.713356675416424,0.263018371989066,245.232,2019_yk_082,Yukon,2019,0.711787201169989,0.262739732931663,0.00194282444020771,667.490598772074,825.4646252546,1278.56,0.715147327912253,386.6764219040511,NA
235,123.14,0.709446581607632,0.26515060464514,246.28,2019_yk_082,Yukon,2019,0.711766402099268,0.264624762518457,0.00188502958679371,667.490598772074,825.4646252546,1278.56,0.715147327912253,386.6764219040511,NA
236,123.664,0.712080755941984,0.268224388646499,247.328,2019_yk_082,Yukon,2019,0.711759199948606,0.26646970237723,0.00184493985877365,667.490598772074,825.4646252546,1278.56,0.715147327912253,386.6764219040511,NA
237,124.188,0.712189353198528,0.274172637230161,248.376,2019_yk_082,Yukon,2019,0.711838639462018,0.268307270931584,0.0018375685543533,667.490598772074,825.4646252546,1278.56,0.715147327912253,386.6764219040511,NA
238,124.712,0.711049843604447,0.273858924363296,249.424,2019_yk_082,Yukon,2019,0.711906286066917,0.269980167680781,0.00167289674919691,667.490598772074,825.4646252546,1278.56,0.715147327912253,386.6764219040511,NA
239,125.236,0.712619857839988,0.277374244244304,250.472,2019_yk_082,Yukon,2019,0.71196098804365,0.271603849629696,0.00162368194891527,667.490598772074,825.4646252546,1278.56,0.715147327912253,386.6764219040511,NA
240,125.76,0.709670912858164,0.280302737619502,251.52,2019_yk_082,Yukon,2019,0.71180943056214,0.27308234424463,0.00147849461493427,667.490598772074,825.4646252546,1278.56,0.715147327912253,386.6764219040511,NA
241,126.284,0.709538096416132,0.282801015627749,252.568,2019_yk_082,Yukon,2019,0.71183241019379,0.274544066614718,0.0014617223700874,667.490598772074,825.4646252546,1278.56,0.715147327912253,386.6764219040511,NA
242,126.808,0.713847381671298,0.289340923643397,253.616,2019_yk_082,Yukon,2019,0.71186703192721,0.27585579825815,0.00131173164343235,667.490598772074,825.4646252546,1278.56,0.715147327912253,386.6764219040511,NA
243,127.332,0.71428867934792994,0.288605404788181,254.664,2019_yk_082,Yukon,2019,0.711742092398631,0.277197454291878,0.00134165603372782,667.490598772074,825.4646252546,1278.56,0.715147327912253,386.6764219040511,NA
244,127.856,0.714151539625098,0.287766546744715,255.712,2019_yk_082,Yukon,2019,0.711746490043446,0.278463750143887,0.00126629585200927,667.490598772074,825.4646252546,1278.56,0.715147327912253,386.6764219040511,NA
245,128.38,0.711832651450981,0.288500649408684,256.76,2019_yk_082,Yukon,2019,0.71185777523841,0.279689593119674,0.00122584297578721,667.490598772074,825.4646252546,1278.56,0.715147327912253,386.6764219040511,NA
246,128.904,0.711875215279197,0.292112993204791,257.808,2019_yk_082,Yukon,2019,0.711752103130057,0.280915355987294,0.00122576286762027,667.490598772074,825.4646252546,1278.56,0.715147327912253,386.6764219040511,NA
247,129.428,0.713502811844052,0.299974488999559,258.856,2019_yk_082,Yukon,2019,0.711723125871037,0.282082576760145,0.00116722077285009,667.490598772074,825.4646252546,1278.56,0.715147327912253,386.6764219040511,NA
248,129.952,0.711964285580692,0.30228949869917,259.904,2019_yk_082,Yukon,2019,0.711593527010201,0.283232247212562,0.00114967045241754,667.490598772074,825.4646252546,1278.56,0.715147327912253,386.6764219040511,NA
249,130.476,0.710976171504546,0.301020634438399,260.952,2019_yk_082,Yukon,2019,0.711653451806776,0.284463305056334,0.00123105784377231,667.490598772074,825.4646252546,1278.56,0.715147327912253,386.6764219040511,NA
250,131,0.713993329902438,0.305884806784826,262,2019_yk_082,Yukon,2019,0.711604620014789,0.285721306797867,0.0012580017415329,667.490598772074,825.4646252546,1278.56,0.715147327912253,386.6764219040511,NA
251,131.524,0.710361371826889,0.305505593998305,263.048,2019_yk_082,Yukon,2019,0.71155454922999,0.287004215366099,0.00128290856823177,667.490598772074,825.4646252546,1278.56,0.715147327912253,386.6764219040511,NA
252,132.048,0.711515479054876,0.306179411583681,264.096,2019_yk_082,Yukon,2019,0.711512611581343,0.288200018299374,0.00119580293327531,667.490598772074,825.4646252546,1278.56,0.715147327912253,386.6764219040511,NA
253,132.572,0.711999264176559,0.311588570311728,265.144,2019_yk_082,Yukon,2019,0.711446519535085,0.289300029934366,0.00110001163499163,667.490598772074,825.4646252546,1278.56,0.715147327912253,386.6764219040511,NA
254,133.096,0.711213674005115,0.312214649392007,266.192,2019_yk_082,Yukon,2019,0.711508868784273,0.290382873682217,0.001082843747851,667.490598772074,825.4646252546,1278.56,0.715147327912253,386.6764219040511,NA
255,133.62,0.71117120061681,0.313620938760854,267.24,2019_yk_082,Yukon,2019,0.711443011137533,0.291424398920144,0.00104152523792678,667.490598772074,825.4646252546,1278.56,0.715147327912253,386.6764219040511,NA
256,134.144,0.709939643451195,0.314857656487208,268.288,2019_yk_082,Yukon,2019,0.711427307198547,0.292436715114977,0.00101231619483311,667.490598772074,825.4646252546,1278.56,0.715147327912253,386.6764219040511,NA
257,134.668,0.711648487024403,0.32146696145713,269.336,2019_yk_082,Yukon,2019,0.711438795696676,0.293538502080684,0.00110178696570684,667.490598772074,825.4646252546,1278.56,0.715147327912253,386.6764219040511,NA
258,135.192,0.714188042092876,0.313393382604208,270.384,2019_yk_082,Yukon,2019,0.711421495248932,0.294540508626341,0.00100200654565707,667.490598772074,825.4646252546,1278.56,0.715147327912253,386.6764219040511,NA
259,135.716,0.709118304358503,0.315282089775065,271.432,2019_yk_082,Yukon,2019,0.711362238191427,0.295460664106865,9.2015548052448e-4,667.490598772074,825.4646252546,1278.56,0.715147327912253,386.6764219040511,NA
260,136.24,0.712804240522504,0.316776969406977,272.48,2019_yk_082,Yukon,2019,0.711343489079505,0.296498402556983,0.00103773845011773,667.490598772074,825.4646252546,1278.56,0.715147327912253,386.6764219040511,NA
261,136.764,0.71299321342981,0.319310003280089,273.528,2019_yk_082,Yukon,2019,0.711288533727092,0.297553509689617,0.00105510713263401,667.490598772074,825.4646252546,1278.56,0.715147327912253,386.6764219040511,NA
262,137.288,0.713918309054812,0.31822581691367,274.576,2019_yk_082,Yukon,2019,0.71126202159381,0.298750929583326,0.00119741989370858,667.490598772074,825.4646252546,1278.56,0.715147327912253,386.6764219040511,NA
263,137.812,0.709628736592607,0.318603502943835,275.624,2019_yk_082,Yukon,2019,0.711288010738247,0.299970486150263,0.00121955656693751,667.490598772074,825.4646252546,1278.56,0.715147327912253,386.6764219040511,NA
264,138.336,0.709299760244886,0.312336795765751,276.672,2019_yk_082,Yukon,2019,0.71126338847273,0.301084022930111,0.00111353677984749,667.490598772074,825.4646252546,1278.56,0.715147327912253,386.6764219040511,NA
265,138.86,0.711588030061764,0.311212758869442,277.72,2019_yk_082,Yukon,2019,0.711275317993327,0.302246568200026,0.00116254526991533,667.490598772074,825.4646252546,1278.56,0.715147327912253,386.6764219040511,NA
266,139.384,0.711516907158621,0.308093692777875,278.768,2019_yk_082,Yukon,2019,0.711261285661604,0.303420578735557,0.00117401053553118,667.490598772074,825.4646252546,1278.56,0.715147327912253,386.6764219040511,NA
267,139.908,0.714850877272842,0.310213385821694,279.816,2019_yk_082,Yukon,2019,0.711210179300937,0.304505001062714,0.00108442232715655,667.490598772074,825.4646252546,1278.56,0.715147327912253,386.6764219040511,NA
268,140.432,0.713307705263021,0.301752929967042,280.864,2019_yk_082,Yukon,2019,0.711212651468649,0.305606858571105,0.00110185750839098,667.490598772074,825.4646252546,1278.56,0.715147327912253,386.6764219040511,NA
269,140.956,0.710525688914544,0.300905080321818,281.912,2019_yk_082,Yukon,2019,0.711200596387979,0.306532241044159,9.2538247305434e-4,667.490598772074,825.4646252546,1278.56,0.715147327912253,386.6764219040511,NA
270,141.48,0.706318637015481,0.29594142277919,282.96,2019_yk_082,Yukon,2019,0.711257931361807,0.307358450933196,8.2620988903703e-4,667.490598772074,825.4646252546,1278.56,0.715147327912253,386.6764219040511,NA
271,142.004,0.710040411485863,0.293240983003086,284.008,2019_yk_082,Yukon,2019,0.711277549109854,0.30821153087049,8.5307993729349e-4,667.490598772074,825.4646252546,1278.56,0.715147327912253,386.6764219040511,NA
272,142.528,0.712503657264171,0.289074170627864,285.056,2019_yk_082,Yukon,2019,0.711192494240501,0.30895518794933,7.4365707884094e-4,667.490598772074,825.4646252546,1278.56,0.715147327912253,386.6764219040511,NA
273,143.052,0.707001776231765,0.293281995156424,286.104,2019_yk_082,Yukon,2019,0.711114248184385,0.309673512786721,7.1832483739059e-4,667.490598772074,825.4646252546,1278.56,0.715147327912253,386.6764219040511,NA
274,143.576,0.711029866656906,0.287863911548051,287.152,2019_yk_082,Yukon,2019,0.71108848625359,0.310491494806465,8.1798201974364e-4,667.490598772074,825.4646252546,1278.56,0.715147327912253,386.6764219040511,NA
275,144.1,0.714859693671282,0.287453083237813,288.2,2019_yk_082,Yukon,2019,0.711095420436665,0.311435655656524,9.4416085005938e-4,667.490598772074,825.4646252546,1278.56,0.715147327912253,386.6764219040511,NA
276,144.624,0.708192011593596,0.287872861934072,289.248,2019_yk_082,Yukon,2019,0.711076127822274,0.312370318144383,9.3466248785922e-4,667.490598772074,825.4646252546,1278.56,0.715147327912253,386.6764219040511,NA
277,145.148,0.71139448023146,0.288216555749035,290.296,2019_yk_082,Yukon,2019,0.71107228334876,0.313103533034031,7.3321488964806e-4,667.490598772074,825.4646252546,1278.56,0.715147327912253,386.6764219040511,NA
278,145.672,0.708825949766314,0.292007002945206,291.344,2019_yk_082,Yukon,2019,0.711025312702306,0.313872990234452,7.6945720042043e-4,667.490598772074,825.4646252546,1278.56,0.715147327912253,386.6764219040511,NA
279,146.196,0.713343535896511,0.295987704865719,292.392,2019_yk_082,Yukon,2019,0.711012099932978,0.314811259029655,9.3826879520342e-4,667.490598772074,825.4646252546,1278.56,0.715147327912253,386.6764219040511,NA
280,146.72,0.710970091188588,0.298472893246039,293.44,2019_yk_082,Yukon,2019,0.710899606514929,0.315728924481442,9.1766545178678e-4,667.490598772074,825.4646252546,1278.56,0.715147327912253,386.6764219040511,NA
281,147.244,0.708244175393995,0.303368852905378,294.488,2019_yk_082,Yukon,2019,0.7108531531399,0.316629308103773,9.0038362233141e-4,667.490598772074,825.4646252546,1278.56,0.715147327912253,386.6764219040511,NA
282,147.768,0.712276065205027,0.300675096937271,295.536,2019_yk_082,Yukon,2019,0.710849901567913,0.317537840071246,9.0853196747303e-4,667.490598772074,825.4646252546,1278.56,0.715147327912253,386.6764219040511,NA
283,148.292,0.71080370070519,0.299474646799926,296.584,2019_yk_082,Yukon,2019,0.7108422691532,0.318384839763115,8.4699969186885e-4,667.490598772074,825.4646252546,1278.56,0.715147327912253,386.6764219040511,NA
284,148.816,0.711761405383236,0.300197347740403,297.632,2019_yk_082,Yukon,2019,0.71079897064333,0.319288590305963,9.0375054284791e-4,667.490598772074,825.4646252546,1278.56,0.715147327912253,386.6764219040511,NA
285,149.34,0.710935694122609,0.297674244959272,298.68,2019_yk_082,Yukon,2019,0.710754232352169,0.320137249302596,8.48658996633e-4,667.490598772074,825.4646252546,1278.56,0.715147327912253,386.6764219040511,NA
286,149.864,0.710562121668041,0.302094155306656,299.728,2019_yk_082,Yukon,2019,0.710720661552856,0.321064331160742,9.2708185814566e-4,667.490598772074,825.4646252546,1278.56,0.715147327912253,386.6764219040511,NA
287,150.388,0.710280679972255,0.307790964094799,300.776,2019_yk_082,Yukon,2019,0.710676456632572,0.321979323544149,9.1499238340697e-4,667.490598772074,825.4646252546,1278.56,0.715147327912253,386.6764219040511,NA
288,150.912,0.710656813904073,0.304780848700323,301.824,2019_yk_082,Yukon,2019,0.710622059606923,0.323280197074842,0.00130087353069275,667.490598772074,825.4646252546,1278.56,0.715147327912253,386.6764219040511,NA
289,151.436,0.707483798468961,0.306676968040457,302.872,2019_yk_082,Yukon,2019,0.710644033512932,0.324422391294122,0.0011421942192803,667.490598772074,825.4646252546,1278.56,0.715147327912253,386.6764219040511,NA
290,151.96,0.708068481103561,0.313643696851083,303.92,2019_yk_082,Yukon,2019,0.710631662416442,0.325504920975694,0.00108252968157208,667.490598772074,825.4646252546,1278.56,0.715147327912253,386.6764219040511,NA
291,152.484,0.710556791252545,0.317975468799485,304.968,2019_yk_082,Yukon,2019,0.710610854732333,0.326533555563614,0.00102863458792024,667.490598772074,825.4646252546,1278.56,0.715147327912253,386.6764219040511,NA
292,153.008,0.711238282842368,0.330058225119212,306.016,2019_yk_082,Yukon,2019,0.710552382927304,0.32763294475323,0.0010993891896155,667.490598772074,825.4646252546,1278.56,0.715147327912253,386.6764219040511,NA
293,153.532,0.711959445058799,0.332467006153199,307.064,2019_yk_082,Yukon,2019,0.710606591225998,0.32858577397754,9.5282922431061e-4,667.490598772074,825.4646252546,1278.56,0.715147327912253,386.6764219040511,NA
294,154.056,0.711879339485462,0.329830578779916,308.112,2019_yk_082,Yukon,2019,0.710587733587912,0.329582145866293,9.963718887529e-4,667.490598772074,825.4646252546,1278.56,0.715147327912253,386.6764219040511,NA
295,154.58,0.71016235284344,0.33490332084006,309.16,2019_yk_082,Yukon,2019,0.710593615325237,0.330665175863667,0.0010830299973742,667.490598772074,825.4646252546,1278.56,0.715147327912253,386.6764219040511,NA
296,155.104,0.711238816038601,0.338665020778369,310.208,2019_yk_082,Yukon,2019,0.710578783503192,0.331790553116908,0.00112537725324008,667.490598772074,825.4646252546,1278.56,0.715147327912253,386.6764219040511,NA
297,155.628,0.709122971558486,0.339237976859557,311.256,2019_yk_082,Yukon,2019,0.710488115105007,0.332918174145686,0.0011276210287785,667.490598772074,825.4646252546,1278.56,0.715147327912253,386.6764219040511,NA
298,156.152,0.71119817366715,0.339970374866754,312.304,2019_yk_082,Yukon,2019,0.710453070542291,0.334317728028772,0.00139955388308644,667.490598772074,825.4646252546,1278.56,0.715147327912253,386.6764219040511,NA
299,156.676,0.711896552999811,0.332897192627568,313.352,2019_yk_082,Yukon,2019,0.710440699544659,0.33565825099882,0.00134052297004705,667.490598772074,825.4646252546,1278.56,0.715147327912253,386.6764219040511,NA
300,157.2,0.713111011287823,0.32987533096172,314.4,2019_yk_082,Yukon,2019,0.710535926323759,0.337134686243755,0.00147643524493557,667.490598772074,825.4646252546,1278.56,0.715147327912253,386.6764219040511,NA
301,157.724,0.710715161298966,0.33398581186536,315.448,2019_yk_082,Yukon,2019,0.710556098799349,0.33865321001851,0.00151852377475514,667.490598772074,825.4646252546,1278.56,0.715147327912253,386.6764219040511,NA
302,158.248,0.708744089510147,0.333960348373853,316.496,2019_yk_082,Yukon,2019,0.710550850405092,0.340202412196462,0.0015492021779519,667.490598772074,825.4646252546,1278.56,0.715147327912253,386.6764219040511,NA
303,158.772,0.709593915980969,0.331704895031618,317.544,2019_yk_082,Yukon,2019,0.710615708130299,0.341810354314929,0.00160794211846682,667.490598772074,825.4646252546,1278.56,0.715147327912253,386.6764219040511,NA
304,159.296,0.712605823777384,0.33684546792933,318.592,2019_yk_082,Yukon,2019,0.710613705635151,0.343655993840634,0.00184563952570488,667.490598772074,825.4646252546,1278.56,0.715147327912253,386.6764219040511,NA
305,159.82,0.71224870243546,0.345150300412247,319.64,2019_yk_082,Yukon,2019,0.710510089053777,0.345615266829041,0.00195927298840765,667.490598772074,825.4646252546,1278.56,0.715147327912253,386.6764219040511,NA
306,160.344,0.710717658415785,0.348192742476344,320.688,2019_yk_082,Yukon,2019,0.71055746899668,0.347631224167761,0.0020159573387194,667.490598772074,825.4646252546,1278.56,0.715147327912253,386.6764219040511,NA
307,160.868,0.713272143433171,0.343967382378445,321.736,2019_yk_082,Yukon,2019,0.710537137446073,0.349654564769219,0.00202334060145815,667.490598772074,825.4646252546,1278.56,0.715147327912253,386.6764219040511,NA
308,161.392,0.709146046793457,0.348456930724395,322.784,2019_yk_082,Yukon,2019,0.710519050149899,0.351699027316792,0.00204446254757318,667.490598772074,825.4646252546,1278.56,0.715147327912253,386.6764219040511,NA
309,161.916,0.710183405344845,0.357316762150604,323.832,2019_yk_082,Yukon,2019,0.710440819115211,0.353453833585847,0.00175480626905505,667.490598772074,825.4646252546,1278.56,0.715147327912253,386.6764219040511,NA
310,162.44,0.707243724819527,0.360944733892036,324.88,2019_yk_082,Yukon,2019,0.71040992932275,0.355081875606183,0.00162804202033584,667.490598772074,825.4646252546,1278.56,0.715147327912253,386.6764219040511,NA
311,162.964,0.70757416932513,0.35952861133819,325.928,2019_yk_082,Yukon,2019,0.71044027437605,0.356645103747718,0.00156322814153464,667.490598772074,825.4646252546,1278.56,0.715147327912253,386.6764219040511,NA
312,163.488,0.711320384735692,0.360691329632066,326.976,2019_yk_082,Yukon,2019,0.710420745538457,0.358214540426406,0.0015694366786887,667.490598772074,825.4646252546,1278.56,0.715147327912253,386.6764219040511,NA
313,164.012,0.71154131929375,0.36240855182386,328.024,2019_yk_082,Yukon,2019,0.710399577183128,0.359818776185507,0.00160423575910029,667.490598772074,825.4646252546,1278.56,0.715147327912253,386.6764219040511,NA
314,164.536,0.708615763412941,0.366439681962879,329.072,2019_yk_082,Yukon,2019,0.710317198229818,0.361568386685081,0.00174961049957445,667.490598772074,825.4646252546,1278.56,0.715147327912253,386.6764219040511,NA
315,165.06,0.708486903147098,0.364540478558835,330.12,2019_yk_082,Yukon,2019,0.710330736048458,0.363460034690854,0.00189164800577307,667.490598772074,825.4646252546,1278.56,0.715147327912253,386.6764219040511,NA
316,165.584,0.707925395492432,0.370482567975947,331.168,2019_yk_082,Yukon,2019,0.710301063247036,0.365155955015366,0.00169592032451182,667.490598772074,825.4646252546,1278.56,0.715147327912253,386.6764219040511,NA
317,166.108,0.708996191807352,0.37636650446155,332.216,2019_yk_082,Yukon,2019,0.710287704592785,0.36674710920555,0.00159115419018419,667.490598772074,825.4646252546,1278.56,0.715147327912253,386.6764219040511,NA
318,166.632,0.710924220553996,0.391445794445771,333.264,2019_yk_082,Yukon,2019,0.710291337366328,0.368533053789903,0.00178594458435244,667.490598772074,825.4646252546,1278.56,0.715147327912253,386.6764219040511,NA
319,167.156,0.710436738719019,0.383813742931882,334.312,2019_yk_082,Yukon,2019,0.710350739456247,0.37030082619437,0.00176777240446763,667.490598772074,825.4646252546,1278.56,0.715147327912253,386.6764219040511,NA
320,167.68,0.712061974733122,0.381728750301297,335.36,2019_yk_082,Yukon,2019,0.710367187883713,0.371973306644716,0.00167248045034529,667.490598772074,825.4646252546,1278.56,0.715147327912253,386.6764219040511,NA
321,168.204,0.711744752383275,0.381028078555306,336.408,2019_yk_082,Yukon,2019,0.71035709617177,0.373740654776018,0.00176734813130275,667.490598772074,825.4646252546,1278.56,0.715147327912253,386.6764219040511,NA
322,168.728,0.710410000753077,0.3841891682906,337.456,2019_yk_082,Yukon,2019,0.710349879601848,0.375365980954167,0.00162532617814892,667.490598772074,825.4646252546,1278.56,0.715147327912253,386.6764219040511,NA
323,169.252,0.712881234514216,0.375773256402471,338.504,2019_yk_082,Yukon,2019,0.710301821656358,0.37677866665802,0.00141268570385283,667.490598772074,825.4646252546,1278.56,0.715147327912253,386.6764219040511,NA
324,169.776,0.708168301959707,0.372119109090924,339.552,2019_yk_082,Yukon,2019,0.710295615500663,0.378183919078213,0.00140525242019285,667.490598772074,825.4646252546,1278.56,0.715147327912253,386.6764219040511,NA
325,170.3,0.7119409343013,0.376194558711896,340.6,2019_yk_082,Yukon,2019,0.710305119954246,0.379700432325913,0.00151651324770041,667.490598772074,825.4646252546,1278.56,0.715147327912253,386.6764219040511,NA
326,170.824,0.710626997835909,0.37561632797228,341.648,2019_yk_082,Yukon,2019,0.710289692526344,0.381292629971584,0.00159219764567015,667.490598772074,825.4646252546,1278.56,0.715147327912253,386.6764219040511,NA
327,171.348,0.709410773381756,0.377870647548406,342.696,2019_yk_082,Yukon,2019,0.710288654760464,0.38301054495976,0.00171791498817631,667.490598772074,825.4646252546,1278.56,0.715147327912253,386.6764219040511,NA
328,171.872,0.711205031500012,0.385726162952225,343.744,2019_yk_082,Yukon,2019,0.710299228336941,0.384505234683469,0.00149468972370903,667.490598772074,825.4646252546,1278.56,0.715147327912253,386.6764219040511,NA
329,172.396,0.70978342905666,0.381336458524642,344.792,2019_yk_082,Yukon,2019,0.710251800892172,0.386065497564813,0.00156026288134381,667.490598772074,825.4646252546,1278.56,0.715147327912253,386.6764219040511,NA
330,172.92,0.712032243761479,0.384527537475326,345.84,2019_yk_082,Yukon,2019,0.7101715330297,0.387687844239784,0.00162234667497158,667.490598772074,825.4646252546,1278.56,0.715147327912253,386.6764219040511,NA
331,173.444,0.711250760021264,0.384352409488394,346.888,2019_yk_082,Yukon,2019,0.710171269287782,0.389087230972832,0.00139938673304746,667.490598772074,825.4646252546,1278.56,0.715147327912253,386.6764219040511,NA
332,173.968,0.712188753608727,0.382026301304975,347.936,2019_yk_082,Yukon,2019,0.710142226990195,0.390415818341815,0.00132858736898306,667.490598772074,825.4646252546,1278.56,0.715147327912253,386.6764219040511,NA
333,174.492,0.710893239744172,0.389758522264435,348.984,2019_yk_082,Yukon,2019,0.710181578205079,0.391721979430715,0.00130616108890003,667.490598772074,825.4646252546,1278.56,0.715147327912253,386.6764219040511,NA
334,175.016,0.710909716948047,0.398602283090347,350.032,2019_yk_082,Yukon,2019,0.710149692542759,0.392742528040721,0.001020548610006,667.490598772074,825.4646252546,1278.56,0.715147327912253,386.6764219040511,NA
335,175.54,0.708642698788861,0.405009462542274,351.08,2019_yk_082,Yukon,2019,0.710136330621089,0.393676534442484,9.3400640176366e-4,667.490598772074,825.4646252546,1278.56,0.715147327912253,386.6764219040511,NA
336,176.064,0.711034808167781,0.408830302257236,352.128,2019_yk_082,Yukon,2019,0.710126073989439,0.39470010524666,0.00102357080417537,667.490598772074,825.4646252546,1278.56,0.715147327912253,386.6764219040511,NA
337,176.588,0.71017458719501,0.409616991836522,353.176,2019_yk_082,Yukon,2019,0.710099925138988,0.395800324162867,0.00110021891620699,667.490598772074,825.4646252546,1278.56,0.715147327912253,386.6764219040511,NA
338,177.112,0.707740711995858,0.414674755799597,354.224,2019_yk_082,Yukon,2019,0.710110496258219,0.396805014576627,0.00100469041375972,667.490598772074,825.4646252546,1278.56,0.715147327912253,386.6764219040511,NA
339,177.636,0.708649673815261,0.401276081009021,355.272,2019_yk_082,Yukon,2019,0.710149360791334,0.397818430177246,0.00101341560061902,667.490598772074,825.4646252546,1278.56,0.715147327912253,386.6764219040511,NA
340,178.16,0.709116703640934,0.39615541446619,356.32,2019_yk_082,Yukon,2019,0.710211734224051,0.398829361920464,0.00101093174321809,667.490598772074,825.4646252546,1278.56,0.715147327912253,386.6764219040511,NA
341,178.684,0.710064878591982,0.397162541397458,357.368,2019_yk_082,Yukon,2019,0.710273496731567,0.399791183309916,9.6182138945233e-4,667.490598772074,825.4646252546,1278.56,0.715147327912253,386.6764219040511,NA
342,179.208,0.711104334949426,0.394841297658591,358.416,2019_yk_082,Yukon,2019,0.710274711649222,0.400779618564844,9.8843525492786e-4,667.490598772074,825.4646252546,1278.56,0.715147327912253,386.6764219040511,NA
343,179.732,0.709533599385477,0.395728792345942,359.464,2019_yk_082,Yukon,2019,0.710250206004788,0.401683739932153,9.0412136730877e-4,667.490598772074,825.4646252546,1278.56,0.715147327912253,386.6764219040511,NA
344,180.256,0.706818668184619,0.405173977714868,360.512,2019_yk_082,Yukon,2019,0.710255872437102,0.402552812611465,8.6907267931241e-4,667.490598772074,825.4646252546,1278.56,0.715147327912253,386.6764219040511,NA
345,180.78,0.71174796324103,0.411173125305656,361.56,2019_yk_082,Yukon,2019,0.710313220444306,0.403447042603195,8.9422999173016e-4,667.490598772074,825.4646252546,1278.56,0.715147327912253,386.6764219040511,NA
346,181.304,0.708781753582688,0.403849374777367,362.608,2019_yk_082,Yukon,2019,0.710371684021575,0.404115796483144,6.6875387994858e-4,667.490598772074,825.4646252546,1278.56,0.715147327912253,386.6764219040511,NA
347,181.828,0.709479160717197,0.403260215505847,363.656,2019_yk_082,Yukon,2019,0.710370309876375,0.404647229219969,5.3143273682537e-4,667.490598772074,825.4646252546,1278.56,0.715147327912253,386.6764219040511,NA
348,182.352,0.710874780316704,0.411937523761471,364.704,2019_yk_082,Yukon,2019,0.710405932734603,0.404705690940543,5.84617205736659e-5,667.490598772074,825.4646252546,1278.56,0.715147327912253,386.6764219040511,NA
349,182.876,0.711047923864065,0.412743312308515,365.752,2019_yk_082,Yukon,2019,0.710371330340787,0.40483898914782,1.3329820727719e-4,667.490598772074,825.4646252546,1278.56,0.715147327912253,386.6764219040511,NA
350,183.4,0.709055386751549,0.413992523871799,366.8,2019_yk_082,Yukon,2019,0.710293257699328,0.404942959988656,1.0397084083585e-4,667.490598772074,825.4646252546,1278.56,0.715147327912253,386.6764219040511,NA
351,183.924,0.709951288535953,0.424016356677651,367.848,2019_yk_082,Yukon,2019,0.710279368482507,0.405024202430066,8.12424414105561e-5,667.490598772074,825.4646252546,1278.56,0.715147327912253,386.6764219040511,NA
352,184.448,0.710805288647046,0.427577795808147,368.896,2019_yk_082,Yukon,2019,0.710321025781573,0.404995722859283,-2.84795707830576e-5,667.490598772074,825.4646252546,1278.56,0.715147327912253,386.6764219040511,NA
353,184.972,0.709075968329378,0.417228148384368,369.944,2019_yk_082,Yukon,2019,0.710262844361925,0.404958176933851,-3.75459254321475e-5,667.490598772074,825.4646252546,1278.56,0.715147327912253,386.6764219040511,NA
354,185.496,0.711506970143775,0.414145723991488,370.992,2019_yk_082,Yukon,2019,0.71025220017388,0.405018445445192,6.0268511341055e-5,667.490598772074,825.4646252546,1278.56,0.715147327912253,386.6764219040511,NA
355,186.02,0.710732620058421,0.425894115702082,372.04,2019_yk_082,Yukon,2019,0.71019974600466,0.404953015985458,-6.54294597338123e-5,667.490598772074,825.4646252546,1278.56,0.715147327912253,386.6764219040511,NA
356,186.544,0.710313170364501,0.434196879518576,373.088,2019_yk_082,Yukon,2019,0.710165628080521,0.404767909037724,-1.851069477341e-4,667.490598772074,825.4646252546,1278.56,0.715147327912253,386.6764219040511,NA
357,187.068,0.709060705605692,0.442312876150137,374.136,2019_yk_082,Yukon,2019,0.710250293938337,0.404502482869484,-2.6542616823999e-4,667.490598772074,825.4646252546,1278.56,0.715147327912253,386.6764219040511,NA
358,187.592,0.711832588255738,0.429651758289296,375.184,2019_yk_082,Yukon,2019,0.710255776672078,0.404067423377524,-4.3505949196032e-4,667.490598772074,825.4646252546,1278.56,0.715147327912253,386.6764219040511,NA
359,188.116,0.709050906313681,0.426512965508198,376.232,2019_yk_082,Yukon,2019,0.710247858861997,0.403662258222188,-4.0516515533595e-4,667.490598772074,825.4646252546,1278.56,0.715147327912253,386.6764219040511,NA
360,188.64,0.708294939539503,0.427216131460014,377.28,2019_yk_082,Yukon,2019,0.71022437520075,0.403078996559122,-5.8326166306604e-4,667.490598772074,825.4646252546,1278.56,0.715147327912253,386.6764219040511,NA
361,189.164,0.710699336783881,0.417949015848207,378.328,2019_yk_082,Yukon,2019,0.710227287664265,0.402481179412271,-5.9781714685142e-4,667.490598772074,825.4646252546,1278.56,0.715147327912253,386.6764219040511,NA
362,189.688,0.707001551654938,0.413675590512838,379.376,2019_yk_082,Yukon,2019,0.710203480010683,0.401809066368741,-6.7211304353004e-4,667.490598772074,825.4646252546,1278.56,0.715147327912253,386.6764219040511,NA
363,190.212,0.71195498887402,0.41007456036562,380.424,2019_yk_082,Yukon,2019,0.710198299866469,0.40096964396307,-8.3942240567092e-4,667.490598772074,825.4646252546,1278.56,0.715147327912253,386.6764219040511,NA
364,190.736,0.710692684038154,0.398078384529691,381.472,2019_yk_082,Yukon,2019,0.71019233619228594,0.400013605824694,-9.5603813837602e-4,667.490598772074,825.4646252546,1278.56,0.715147327912253,386.6764219040511,NA
365,191.26,0.711446987135262,0.401190684518068,382.52,2019_yk_082,Yukon,2019,0.710212250086372,0.398794335509558,-0.0012192703151358,667.490598772074,825.4646252546,1278.56,0.715147327912253,386.6764219040511,NA
366,191.784,0.71010226051677094,0.409606990726864,383.568,2019_yk_082,Yukon,2019,0.710224336651573,0.397525626995309,-0.00126870851424915,667.490598772074,825.4646252546,1278.56,0.715147327912253,386.6764219040511,NA
367,192.308,0.711703212406111,0.409980517350863,384.616,2019_yk_082,Yukon,2019,0.710195218574708,0.396249715251811,-0.00127591174349784,667.490598772074,825.4646252546,1278.56,0.715147327912253,386.6764219040511,NA
368,192.832,0.709780313947337,0.408738355549979,385.664,2019_yk_082,Yukon,2019,0.710266567425668,0.394830075543407,-0.00141963970840336,667.490598772074,825.4646252546,1278.56,0.715147327912253,386.6764219040511,NA
369,193.356,0.712515277331758,0.418121698187743,386.712,2019_yk_082,Yukon,2019,0.710267531430594,0.393658032498995,-0.00117204304441254,667.490598772074,825.4646252546,1278.56,0.715147327912253,386.6764219040511,Core
370,193.88,0.710986130782552,0.421600638485121,387.76,2019_yk_082,Yukon,2019,0.710302011550554,0.392570441330604,-0.00108759116839086,667.490598772074,825.4646252546,1278.56,0.715147327912253,386.6764219040511,Core
371,194.404,0.711279919776068,0.41723789470533,388.808,2019_yk_082,Yukon,2019,0.710362036376533,0.391490381168334,-0.00108006016227025,667.490598772074,825.4646252546,1278.56,0.715147327912253,386.6764219040511,Core
372,194.928,0.711393279795014,0.41999744492774,389.856,2019_yk_082,Yukon,2019,0.710388115669216,0.390495250042336,-9.951311259978e-4,667.490598772074,825.4646252546,1278.56,0.715147327912253,386.6764219040511,Core
373,195.452,0.710070980627722,0.416655833862387,390.904,2019_yk_082,Yukon,2019,0.710439050902667,0.389415960873933,-0.0010792891684035,667.490598772074,825.4646252546,1278.56,0.715147327912253,386.6764219040511,Core
374,195.976,0.70895574935173,0.418584042721622,391.952,2019_yk_082,Yukon,2019,0.710537079032741,0.388112406858425,-0.00130355401550752,667.490598772074,825.4646252546,1278.56,0.715147327912253,386.6764219040511,Core
375,196.5,0.711927783579355,0.418194278062643,393,2019_yk_082,Yukon,2019,0.710484987970744,0.386685411122923,-0.0014269957355022,667.490598772074,825.4646252546,1278.56,0.715147327912253,386.6764219040511,Core
376,197.024,0.711433210128609,0.410607800772863,394.048,2019_yk_082,Yukon,2019,0.710532738258606,0.385401247496445,-0.00128416362647737,667.490598772074,825.4646252546,1278.56,0.715147327912253,386.6764219040511,Core
377,197.548,0.708913743095312,0.408252468671071,395.096,2019_yk_082,Yukon,2019,0.710593523243842,0.384165126726023,-0.00123612077042257,667.490598772074,825.4646252546,1278.56,0.715147327912253,386.6764219040511,Core
378,198.072,0.713061592047705,0.394953497680191,396.144,2019_yk_082,Yukon,2019,0.710628972614105,0.382890263907107,-0.00127486281891614,667.490598772074,825.4646252546,1278.56,0.715147327912253,386.6764219040511,Core
379,198.596,0.708360595090027,0.391811635368513,397.192,2019_yk_082,Yukon,2019,0.710650305407615,0.381559075860574,-0.00133118804653243,667.490598772074,825.4646252546,1278.56,0.715147327912253,386.6764219040511,Core
380,199.12,0.707377616245606,0.38796700075145,398.24,2019_yk_082,Yukon,2019,0.710630380039846,0.380119225659677,-0.00143985020089704,667.490598772074,825.4646252546,1278.56,0.715147327912253,386.6764219040511,Core
381,199.644,0.710911399374028,0.385902625039939,399.288,2019_yk_082,Yukon,2019,0.710653293473041,0.37856060769756,-0.00155861796211687,667.490598772074,825.4646252546,1278.56,0.715147327912253,386.6764219040511,Core
382,200.168,0.712909438697048,0.382480394043617,400.336,2019_yk_082,Yukon,2019,0.710613626758696,0.376833336484657,-0.00172727121290389,667.490598772074,825.4646252546,1278.56,0.715147327912253,386.6764219040511,Core
383,200.692,0.709390349335289,0.373520500876541,401.384,2019_yk_082,Yukon,2019,0.710645459462087,0.375353041624598,-0.00148029486005857,667.490598772074,825.4646252546,1278.56,0.715147327912253,386.6764219040511,Core
384,201.216,0.707529650677052,0.375735219771387,402.432,2019_yk_082,Yukon,2019,0.710632505886516,0.373956630993773,-0.0013964106308253,667.490598772074,825.4646252546,1278.56,0.715147327912253,386.6764219040511,Core
385,201.74,0.708793684148062,0.372268791127866,403.48,2019_yk_082,Yukon,2019,0.710586247289373,0.372306568331196,-0.001650062662577,667.490598772074,825.4646252546,1278.56,0.715147327912253,386.6764219040511,Core
386,202.264,0.708579922387575,0.364509911108233,404.528,2019_yk_082,Yukon,2019,0.710647964246738,0.370467281495244,-0.00183928683595136,667.490598772074,825.4646252546,1278.56,0.715147327912253,386.6764219040511,Core
387,202.788,0.714490724850728,0.361945077454007,405.576,2019_yk_082,Yukon,2019,0.71065920592581,0.368584797269507,-0.00188248422573734,667.490598772074,825.4646252546,1278.56,0.715147327912253,386.6764219040511,Core
388,203.312,0.711533995524481,0.359622593434609,406.624,2019_yk_082,Yukon,2019,0.71062915535413,0.366844954652285,-0.00173984261722221,667.490598772074,825.4646252546,1278.56,0.715147327912253,386.6764219040511,Core
389,203.836,0.709308360451776,0.357026549204484,407.672,2019_yk_082,Yukon,2019,0.71064579545577,0.365157030215959,-0.00168792443632593,667.490598772074,825.4646252546,1278.56,0.715147327912253,386.6764219040511,Core
390,204.36,0.710623224086682,0.349531837691364,408.72,2019_yk_082,Yukon,2019,0.710672479211159,0.363481714285659,-0.00167531593030013,667.490598772074,825.4646252546,1278.56,0.715147327912253,386.6764219040511,Core
391,204.884,0.711425507832128,0.348483380677307,409.768,2019_yk_082,Yukon,2019,0.71068535453431,0.361873794694171,-0.00160791959148765,667.490598772074,825.4646252546,1278.56,0.715147327912253,386.6764219040511,Core
392,205.408,0.710760294393845,0.341699518693173,410.816,2019_yk_082,Yukon,2019,0.710696878356272,0.360267429458107,-0.0016063652360645,667.490598772074,825.4646252546,1278.56,0.715147327912253,386.6764219040511,Core
393,205.932,0.710582431091288,0.33939317792418,411.864,2019_yk_082,Yukon,2019,0.710697122461732,0.358769410452301,-0.00149801900580537,667.490598772074,825.4646252546,1278.56,0.715147327912253,386.6764219040511,Core
394,206.456,0.710551896497128,0.341239994787783,412.912,2019_yk_082,Yukon,2019,0.710755565054127,0.357489306842906,-0.00128010360939473,667.490598772074,825.4646252546,1278.56,0.715147327912253,386.6764219040511,Core
395,206.98,0.709837532433988,0.331853243634128,413.96,2019_yk_082,Yukon,2019,0.710756434734971,0.35610634376277,-0.00138296308013619,667.490598772074,825.4646252546,1278.56,0.715147327912253,386.6764219040511,Core
396,207.504,0.711760002079861,0.332707791402285,415.008,2019_yk_082,Yukon,2019,0.710735713871512,0.354443641703716,-0.00166270205905461,667.490598772074,825.4646252546,1278.56,0.715147327912253,386.6764219040511,Core
397,208.028,0.708427502583089,0.333062287226651,416.056,2019_yk_082,Yukon,2019,0.710696789283416,0.352675490158063,-0.00176815154565274,667.490598772074,825.4646252546,1278.56,0.715147327912253,386.6764219040511,Core
398,208.552,0.712021643053483,0.329496373295393,417.104,2019_yk_082,Yukon,2019,0.710746775911183,0.350932213090837,-0.0017432770672256,667.490598772074,825.4646252546,1278.56,0.715147327912253,386.6764219040511,Core
399,209.076,0.70870751411082,0.330953498344269,418.152,2019_yk_082,Yukon,2019,0.710717769373582,0.349066644976292,-0.00186556811454486,667.490598772074,825.4646252546,1278.56,0.715147327912253,386.6764219040511,Core
400,209.6,0.711185510838484,0.330899944362736,419.2,2019_yk_082,Yukon,2019,0.710791726385265,0.347004893782587,-0.00206175119370589,667.490598772074,825.4646252546,1278.56,0.715147327912253,386.6764219040511,Core
401,210.124,0.713666368150767,0.332358931661245,420.248,2019_yk_082,Yukon,2019,0.710782765468109,0.344989389654857,-0.00201550412772938,667.490598772074,825.4646252546,1278.56,0.715147327912253,386.6764219040511,Core
402,210.648,0.712669092510388,0.335133430098721,421.296,2019_yk_082,Yukon,2019,0.710754920318622,0.342884311259493,-0.00210507839536456,667.490598772074,825.4646252546,1278.56,0.715147327912253,386.6764219040511,Core
403,211.172,0.712589713392542,0.330971442241731,422.344,2019_yk_082,Yukon,2019,0.710777044962522,0.340854739561341,-0.00202957169815149,667.490598772074,825.4646252546,1278.56,0.715147327912253,386.6764219040511,Core
404,211.696,0.712700355989072,0.32696073678442,423.392,2019_yk_082,Yukon,2019,0.710858470288535,0.338650926952863,-0.00220381260847785,667.490598772074,825.4646252546,1278.56,0.715147327912253,386.6764219040511,Core
405,212.22,0.70862249952117,0.325553381175522,424.44,2019_yk_082,Yukon,2019,0.710835385977639,0.336430230150597,-0.00222069680226633,667.490598772074,825.4646252546,1278.56,0.715147327912253,386.6764219040511,Core
406,212.744,0.711646770854431,0.326799557188726,425.488,2019_yk_082,Yukon,2019,0.710801263680574,0.334337189577137,-0.00209304057345999,667.490598772074,825.4646252546,1278.56,0.715147327912253,386.6764219040511,Core
407,213.268,0.713126259831375,0.329092969280493,426.536,2019_yk_082,Yukon,2019,0.710902540026555,0.332082325763858,-0.00225486381327866,667.490598772074,825.4646252546,1278.56,0.715147327912253,386.6764219040511,Core
408,213.792,0.713001742532447,0.335445754626502,427.584,2019_yk_082,Yukon,2019,0.710875570595697,0.33002307051659,-0.00205925524726824,667.490598772074,825.4646252546,1278.56,0.715147327912253,386.6764219040511,Core
409,214.316,0.71232789147467,0.332872029516568,428.632,2019_yk_082,Yukon,2019,0.710904712489999,0.327988828079215,-0.00203424243737521,667.490598772074,825.4646252546,1278.56,0.715147327912253,386.6764219040511,Core
410,214.84,0.707859864685435,0.327601511817976,429.68,2019_yk_082,Yukon,2019,0.710944222670312,0.325999525527017,-0.00198930255219798,667.490598772074,825.4646252546,1278.56,0.715147327912253,386.6764219040511,Core
411,215.364,0.71132609452764,0.330499278950641,430.728,2019_yk_082,Yukon,2019,0.710956727549187,0.32397450055664,-0.00202502497037671,667.490598772074,825.4646252546,1278.56,0.715147327912253,386.6764219040511,Core
412,215.888,0.70842528578636,0.323941523033912,431.776,2019_yk_082,Yukon,2019,0.711006163359879,0.321995424313606,-0.00197907624303406,667.490598772074,825.4646252546,1278.56,0.715147327912253,386.6764219040511,Core
413,216.412,0.710985930532806,0.328410456780857,432.824,2019_yk_082,Yukon,2019,0.711037459229014,0.320166305410153,-0.00182911890345278,667.490598772074,825.4646252546,1278.56,0.715147327912253,386.6764219040511,Core
414,216.936,0.710729755609537,0.33036108614197,433.872,2019_yk_082,Yukon,2019,0.711122674853512,0.318262481163947,-0.00190382424620622,667.490598772074,825.4646252546,1278.56,0.715147327912253,386.6764219040511,Core
415,217.46,0.707957104229827,0.326890355947463,434.92,2019_yk_082,Yukon,2019,0.711121897307817,0.3164503177335,-0.00181216343044749,667.490598772074,825.4646252546,1278.56,0.715147327912253,386.6764219040511,Core
416,217.984,0.714016187806388,0.323839669361493,435.968,2019_yk_082,Yukon,2019,0.711168234018541,0.314737952686133,-0.0017123650473666,667.490598772074,825.4646252546,1278.56,0.715147327912253,386.6764219040511,Core
417,218.508,0.709735206350016,0.329363822605898,437.016,2019_yk_082,Yukon,2019,0.71113302921697,0.313011575766737,-0.00172637691939603,667.490598772074,825.4646252546,1278.56,0.715147327912253,386.6764219040511,Core
418,219.032,0.710029553954961,0.325261201255962,438.064,2019_yk_082,Yukon,2019,0.711063000950232,0.311335956724692,-0.00167561904204472,667.490598772074,825.4646252546,1278.56,0.715147327912253,386.6764219040511,Core
419,219.556,0.710049312412057,0.325237499328644,439.112,2019_yk_082,Yukon,2019,0.711156307965441,0.309681126789502,-0.00165482993519062,667.490598772074,825.4646252546,1278.56,0.715147327912253,386.6764219040511,Core
420,220.08,0.709895964862843,0.326697175642008,440.16,2019_yk_082,Yukon,2019,0.711140365654043,0.308246571915914,-0.00143455487358762,667.490598772074,825.4646252546,1278.56,0.715147327912253,386.6764219040511,Core
421,220.604,0.711471856172969,0.321473840358947,441.208,2019_yk_082,Yukon,2019,0.711147075808887,0.306905024756432,-0.0013415471594822,667.490598772074,825.4646252546,1278.56,0.715147327912253,386.6764219040511,Core
422,221.128,0.707692980972662,0.317293676348966,442.256,2019_yk_082,Yukon,2019,0.711133051594924,0.305647261968141,-0.00125776278829082,667.490598772074,825.4646252546,1278.56,0.715147327912253,386.6764219040511,Core
423,221.652,0.711969635201613,0.320193420017299,443.304,2019_yk_082,Yukon,2019,0.711124694266978,0.304376850213609,-0.00127041175453219,667.490598772074,825.4646252546,1278.56,0.715147327912253,386.6764219040511,Core
424,222.176,0.714199239581817,0.321272167966005,444.352,2019_yk_082,Yukon,2019,0.711161408801446,0.303051208686576,-0.00132564152703268,667.490598772074,825.4646252546,1278.56,0.715147327912253,386.6764219040511,Core
425,222.7,0.711499167985947,0.318212899709899,445.4,2019_yk_082,Yukon,2019,0.711156134013869,0.301746391375697,-0.00130481731087889,667.490598772074,825.4646252546,1278.56,0.715147327912253,386.6764219040511,Core
426,223.224,0.708859008709201,0.309844867183587,446.448,2019_yk_082,Yukon,2019,0.711126670365773,0.300430777822736,-0.00131561355296161,667.490598772074,825.4646252546,1278.56,0.715147327912253,386.6764219040511,Core
427,223.748,0.709367737120381,0.303891424611698,447.496,2019_yk_082,Yukon,2019,0.711161850467293,0.299063962714669,-0.00136681510806652,667.490598772074,825.4646252546,1278.56,0.715147327912253,386.6764219040511,Core
428,224.272,0.71277951161336806,0.304141731516443,448.544,2019_yk_082,Yukon,2019,0.711069292839481,0.297675331382624,-0.00138863133204548,667.490598772074,825.4646252546,1278.56,0.715147327912253,386.6764219040511,Core
429,224.796,0.710774885075697,0.306187611315053,449.592,2019_yk_082,Yukon,2019,0.711071936792542,0.296200793935229,-0.00147453744739484,667.490598772074,825.4646252546,1278.56,0.715147327912253,386.6764219040511,Core
430,225.32,0.715423551483498,0.297895566862768,450.64,2019_yk_082,Yukon,2019,0.711091934179581,0.294736810474203,-0.00146398346102611,667.490598772074,825.4646252546,1278.56,0.715147327912253,386.6764219040511,Core
431,225.844,0.710742264746718,0.296307647041567,451.688,2019_yk_082,Yukon,2019,0.710992970830888,0.293167794120852,-0.00156901635335055,667.490598772074,825.4646252546,1278.56,0.715147327912253,386.6764219040511,Core
432,226.368,0.709722570825816,0.293692741205867,452.736,2019_yk_082,Yukon,2019,0.710962311954083,0.291559549644822,-0.00160824447602992,667.490598772074,825.4646252546,1278.56,0.715147327912253,386.6764219040511,Core
433,226.892,0.711398459261719,0.294881531973296,453.784,2019_yk_082,Yukon,2019,0.710968088204092,0.289890242385994,-0.0016693072588283,667.490598772074,825.4646252546,1278.56,0.715147327912253,386.6764219040511,Core
434,227.416,0.713841268912523,0.286355286212952,454.832,2019_yk_082,Yukon,2019,0.71090875734245,0.288309713501639,-0.00158052888435489,667.490598772074,825.4646252546,1278.56,0.715147327912253,386.6764219040511,Core
435,227.94,0.710542724925558,0.28495246992666,455.88,2019_yk_082,Yukon,2019,0.71090948348624206,0.286952942237065,-0.00135677126457368,667.490598772074,825.4646252546,1278.56,0.715147327912253,386.6764219040511,Core
436,228.464,0.709385872304687,0.285025366365267,456.928,2019_yk_082,Yukon,2019,0.710904413025956,0.285427081692991,-0.00152586054407428,667.490598772074,825.4646252546,1278.56,0.715147327912253,386.6764219040511,Core
437,228.988,0.714990323854213,0.272960639874351,457.976,2019_yk_082,Yukon,2019,0.710909089089851,0.283778543800433,-0.00164853789255842,667.490598772074,825.4646252546,1278.56,0.715147327912253,386.6764219040511,Core
438,229.512,0.711443426196228,0.271398182844099,459.024,2019_yk_082,Yukon,2019,0.71090408318862,0.281934042431569,-0.00184450136886333,667.490598772074,825.4646252546,1278.56,0.715147327912253,386.6764219040511,Core
439,230.036,0.710109108748117,0.269757089126001,460.072,2019_yk_082,Yukon,2019,0.710847582912425,0.280067640158553,-0.00186640227301627,667.490598772074,825.4646252546,1278.56,0.715147327912253,386.6764219040511,Core
440,230.56,0.709748227064381,0.26860884761957,461.12,2019_yk_082,Yukon,2019,0.710916744964608,0.278309330142078,-0.00175831001647486,667.490598772074,825.4646252546,1278.56,0.715147327912253,386.6764219040511,Core
441,231.084,0.711661692106556,0.264401126817336,462.168,2019_yk_082,Yukon,2019,0.710965853211335,0.276453639180935,-0.00185569096114296,667.490598772074,825.4646252546,1278.56,0.715147327912253,386.6764219040511,Core
442,231.608,0.715875587338557,0.263735819461575,463.216,2019_yk_082,Yukon,2019,0.710891020438284,0.274702839423345,-0.00175079975759052,667.490598772074,825.4646252546,1278.56,0.715147327912253,386.6764219040511,Core
443,232.132,0.71126810148339,0.263773366669372,464.264,2019_yk_082,Yukon,2019,0.710943085537547,0.272812198762253,-0.0018906406610914,667.490598772074,825.4646252546,1278.56,0.715147327912253,386.6764219040511,Core
444,232.656,0.712642588146965,0.261505764999015,465.312,2019_yk_082,Yukon,2019,0.71097777252077,0.270849409507832,-0.00196278925442117,667.490598772074,825.4646252546,1278.56,0.715147327912253,386.6764219040511,Core
445,233.18,0.708747031406354,0.263538985301016,466.36,2019_yk_082,Yukon,2019,0.711003303089263,0.268928994122603,-0.00192041538522875,667.490598772074,825.4646252546,1278.56,0.715147327912253,386.6764219040511,Core
446,233.704,0.711360125030987,0.261768008266239,467.408,2019_yk_082,Yukon,2019,0.710978772665606,0.266994082328437,-0.00193491179416611,667.490598772074,825.4646252546,1278.56,0.715147327912253,386.6764219040511,Core
447,234.228,0.712378436756462,0.258362462290245,468.456,2019_yk_082,Yukon,2019,0.711083364636536,0.264868791114599,-0.00212529121383848,667.490598772074,825.4646252546,1278.56,0.715147327912253,386.6764219040511,Core
448,234.752,0.707332299520243,0.259085450911925,469.504,2019_yk_082,Yukon,2019,0.711021183124318,0.262799257121376,-0.00206953399322318,667.490598772074,825.4646252546,1278.56,0.715147327912253,386.6764219040511,Core
449,235.276,0.714906781364305,0.257736753093045,470.552,2019_yk_082,Yukon,2019,0.711119010429411,0.260726621650653,-0.00207263547072256,667.490598772074,825.4646252546,1278.56,0.715147327912253,386.6764219040511,Core
450,235.8,0.709666685402814,0.263458545276107,471.6,2019_yk_082,Yukon,2019,0.711081761801635,0.258623345346783,-0.0021032763038703,667.490598772074,825.4646252546,1278.56,0.715147327912253,386.6764219040511,Core
451,236.324,0.711828117122772,0.267990551108375,472.648,2019_yk_082,Yukon,2019,0.711071123526265,0.256586809511622,-0.00203653583516034,667.490598772074,825.4646252546,1278.56,0.715147327912253,386.6764219040511,Core
452,236.848,0.709918841556066,0.266233751395727,473.696,2019_yk_082,Yukon,2019,0.71119605019521,0.254564674513254,-0.00202213499836806,667.490598772074,825.4646252546,1278.56,0.715147327912253,386.6764219040511,Core
453,237.372,0.710080991414514,0.263168472652251,474.744,2019_yk_082,Yukon,2019,0.711259089673022,0.252536079782954,-0.00202859473030004,667.490598772074,825.4646252546,1278.56,0.715147327912253,386.6764219040511,Core
454,237.896,0.712754768565206,0.261701503165821,475.792,2019_yk_082,Yukon,2019,0.711100446619125,0.25036483307835,-0.00217124670460422,667.490598772074,825.4646252546,1278.56,0.715147327912253,386.6764219040511,Core
455,238.42,0.709521045179361,0.253564204981399,476.84,2019_yk_082,Yukon,2019,0.711143812141508,0.248275406810536,-0.00208942626781414,667.490598772074,825.4646252546,1278.56,0.715147327912253,386.6764219040511,Core
456,238.944,0.709992183194085,0.253770978224588,477.888,2019_yk_082,Yukon,2019,0.711101500211845,0.246261778722692,-0.00201362808784361,667.490598772074,825.4646252546,1278.56,0.715147327912253,386.6764219040511,Core
457,239.468,0.710538308674318,0.25105338074266,478.936,2019_yk_082,Yukon,2019,0.711088776981508,0.244339351029461,-0.00192242769323178,667.490598772074,825.4646252546,1278.56,0.715147327912253,386.6764219040511,Core
458,239.992,0.706468185384731,0.246178493372664,479.984,2019_yk_082,Yukon,2019,0.711024625238393,0.242409462711274,-0.00192988831818622,667.490598772074,825.4646252546,1278.56,0.715147327912253,386.6764219040511,Core
459,240.516,0.708866151294484,0.242481251500581,481.032,2019_yk_082,Yukon,2019,0.711088433466032,0.240586948873497,-0.00182251383777773,667.490598772074,825.4646252546,1278.56,0.715147327912253,386.6764219040511,Core
460,241.04,0.712385354060857,0.243060936701168,482.08,2019_yk_082,Yukon,2019,0.711051173755711,0.238888996032049,-0.00169795284144783,667.490598772074,825.4646252546,1278.56,0.715147327912253,386.6764219040511,Core
461,241.564,0.707728567229178,0.238217950460212,483.128,2019_yk_082,Yukon,2019,0.710926932538617,0.237196431278056,-0.0016925647539929,667.490598772074,825.4646252546,1278.56,0.715147327912253,386.6764219040511,Core
462,242.088,0.710829559902091,0.238638761536924,484.176,2019_yk_082,Yukon,2019,0.711003564122221,0.235525947606066,-0.00167048367199013,667.490598772074,825.4646252546,1278.56,0.715147327912253,386.6764219040511,Core
463,242.612,0.712936288393067,0.230813006712034,485.224,2019_yk_082,Yukon,2019,0.71098744259692,0.233824996284394,-0.00170095132167125,667.490598772074,825.4646252546,1278.56,0.715147327912253,386.6764219040511,Core
464,243.136,0.709140504290568,0.232129003723126,486.272,2019_yk_082,Yukon,2019,0.710899068691743,0.232128612589277,-0.00169638369511774,667.490598772074,825.4646252546,1278.56,0.715147327912253,386.6764219040511,Core
465,243.66,0.708666068148678,0.2441471053011,487.32,2019_yk_082,Yukon,2019,0.71085937407062,0.230489451411171,-0.00163916117810561,667.490598772074,825.4646252546,1278.56,0.715147327912253,386.6764219040511,Core
466,244.184,0.71134254323727,0.23524792454427,488.368,2019_yk_082,Yukon,2019,0.710815346237598,0.228848013976421,-0.0016414374347497,667.490598772074,825.4646252546,1278.56,0.715147327912253,386.6764219040511,Core
467,244.708,0.713406823665058,0.230180695726988,489.416,2019_yk_082,Yukon,2019,0.710772905644652,0.227383486970701,-0.00146452700572006,667.490598772074,825.4646252546,1278.56,0.715147327912253,386.6764219040511,Core
468,245.232,0.71270138845863,0.224775672494706,490.464,2019_yk_082,Yukon,2019,0.710769476724912,0.225976565251159,-0.00140692171954274,667.490598772074,825.4646252546,1278.56,0.715147327912253,386.6764219040511,Core
469,245.756,0.708937874902973,0.220887893135594,491.512,2019_yk_082,Yukon,2019,0.710775191812283,0.224495349279948,-0.00148121597121043,667.490598772074,825.4646252546,1278.56,0.715147327912253,386.6764219040511,Core
470,246.28,0.712009587816386,0.222102910829482,492.56,2019_yk_082,Yukon,2019,0.710820397122899,0.223047665395395,-0.00144768388455285,667.490598772074,825.4646252546,1278.56,0.715147327912253,386.6764219040511,Core
471,246.804,0.714272589331274,0.219157821282065,493.608,2019_yk_082,Yukon,2019,0.710848241717991,0.221775989751461,-0.00127167564393421,667.490598772074,825.4646252546,1278.56,0.715147327912253,386.6764219040511,Core
472,247.328,0.703935319403306,0.21889353757848,494.656,2019_yk_082,Yukon,2019,0.710839940152855,0.220410583349126,-0.00136540640233521,667.490598772074,825.4646252546,1278.56,0.715147327912253,386.6764219040511,Core
473,247.852,0.714109836488548,0.214972017115372,495.704,2019_yk_082,Yukon,2019,0.710902295173344,0.218940965324845,-0.00146961802428061,667.490598772074,825.4646252546,1278.56,0.715147327912253,386.6764219040511,Core
474,248.376,0.712810974602926,0.212593730876699,496.752,2019_yk_082,Yukon,2019,0.710769526839862,0.217530121545599,-0.0014108437792463,667.490598772074,825.4646252546,1278.56,0.715147327912253,386.6764219040511,Core
475,248.9,0.709488938339411,0.211665432833739,497.8,2019_yk_082,Yukon,2019,0.71073324232892,0.216127268819242,-0.00140285272635651,667.490598772074,825.4646252546,1278.56,0.715147327912253,386.6764219040511,Core
476,249.424,0.712544362386963,0.20774496171153,498.848,2019_yk_082,Yukon,2019,0.710719486248459,0.214719208173167,-0.00140806064607527,667.490598772074,825.4646252546,1278.56,0.715147327912253,386.6764219040511,Core
477,249.948,0.716010724605826,0.201846349775589,499.896,2019_yk_082,Yukon,2019,0.710756131795839,0.213318477031215,-0.0014007311419526,667.490598772074,825.4646252546,1278.56,0.715147327912253,386.6764219040511,Core
478,250.472,0.706298663221877,0.201089161662571,500.944,2019_yk_082,Yukon,2019,0.710866192981361,0.211860397902591,-0.00145807912862386,667.490598772074,825.4646252546,1278.56,0.715147327912253,386.6764219040511,Core
479,250.996,0.715918950717648,0.200879371085289,501.992,2019_yk_082,Yukon,2019,0.710739707248064,0.210443545226008,-0.00141685267658279,667.490598772074,825.4646252546,1278.56,0.715147327912253,386.6764219040511,Core
480,251.52,0.707661047196263,0.20050059740979,503.04,2019_yk_082,Yukon,2019,0.710784917591347,0.209038218781486,-0.00140532644452177,667.490598772074,825.4646252546,1278.56,0.715147327912253,386.6764219040511,Core
481,252.044,0.710833559650787,0.199281690249327,504.088,2019_yk_082,Yukon,2019,0.710883669214304,0.207467974784588,-0.00157024399689829,667.490598772074,825.4646252546,1278.56,0.715147327912253,386.6764219040511,Core
482,252.568,0.715188581109354,0.195965576446883,505.136,2019_yk_082,Yukon,2019,0.711047135044319,0.205843235083795,-0.00162473970079305,667.490598772074,825.4646252546,1278.56,0.715147327912253,386.6764219040511,Core
483,253.092,0.71575200387035,0.198477736199295,506.184,2019_yk_082,Yukon,2019,0.711160373593969,0.204369037722081,-0.00147419736171356,667.490598772074,825.4646252546,1278.56,0.715147327912253,386.6764219040511,Core
484,253.616,0.70468065634798,0.190997365689752,507.232,2019_yk_082,Yukon,2019,0.71100213270393,0.202823389272088,-0.00154564844999333,667.490598772074,825.4646252546,1278.56,0.715147327912253,386.6764219040511,Core
485,254.14,0.71410109932892,0.19284732364105,508.28,2019_yk_082,Yukon,2019,0.711011464376203,0.201447853459636,-0.00137553581245203,667.490598772074,825.4646252546,1278.56,0.715147327912253,386.6764219040511,Core
486,254.664,0.706320292929415,0.189027181912972,509.328,2019_yk_082,Yukon,2019,0.711069371952356,0.200037305328133,-0.00141054813150321,667.490598772074,825.4646252546,1278.56,0.715147327912253,386.6764219040511,Core
487,255.188,0.708604343300152,0.188545763017789,510.376,2019_yk_082,Yukon,2019,0.711153688845622,0.19869836601883,-0.00133893930930251,667.490598772074,825.4646252546,1278.56,0.715147327912253,386.6764219040511,Core
488,255.712,0.708930407026496,0.18834843242527,511.424,2019_yk_082,Yukon,2019,0.71120922398771,0.197411104681106,-0.00128726133772375,667.490598772074,825.4646252546,1278.56,0.715147327912253,386.6764219040511,Core
489,256.236,0.71460337873403,0.196836781048388,512.472,2019_yk_082,Yukon,2019,0.711112846023225,0.196191271381486,-0.00121983329962078,667.490598772074,825.4646252546,1278.56,0.715147327912253,386.6764219040511,Core
490,256.76,0.713187968864244,0.196018396375899,513.52,2019_yk_082,Yukon,2019,0.711013472457063,0.19497519724892,-0.0012160741325655,667.490598772074,825.4646252546,1278.56,0.715147327912253,386.6764219040511,Core
491,257.284,0.703287791721076,0.194753761801992,514.568,2019_yk_082,Yukon,2019,0.711077642939067,0.193848946572641,-0.00112625067627911,667.490598772074,825.4646252546,1278.56,0.715147327912253,386.6764219040511,Core
492,257.808,0.714320465842034,0.193463720886459,515.616,2019_yk_082,Yukon,2019,0.711178513139105,0.192640251290631,-0.00120869528201037,667.490598772074,825.4646252546,1278.56,0.715147327912253,386.6764219040511,Core
493,258.332,0.710431167743649,0.192824452673021,516.664,2019_yk_082,Yukon,2019,0.711001283327966,0.191622249109335,-0.00101800218129569,667.490598772074,825.4646252546,1278.56,0.715147327912253,386.6764219040511,Core
494,258.856,0.708538834601957,0.184572264505888,517.712,2019_yk_082,Yukon,2019,0.711016127075626,0.190533699183366,-0.0010885499259688,667.490598772074,825.4646252546,1278.56,0.715147327912253,386.6764219040511,Core
495,259.38,0.708161047658126,0.186602799240323,518.76,2019_yk_082,Yukon,2019,0.711082485740917,0.18934573861848,-0.00118796056488626,667.490598772074,825.4646252546,1278.56,0.715147327912253,386.6764219040511,Core
496,259.904,0.706744202323365,0.186539120280283,519.808,2019_yk_082,Yukon,2019,0.711095666511436,0.188213885130586,-0.0011318534878936,667.490598772074,825.4646252546,1278.56,0.715147327912253,386.6764219040511,Core
497,260.428,0.712443888277475,0.18508901953115,520.856,2019_yk_082,Yukon,2019,0.711004704239882,0.187212751738031,-0.00100113339255492,667.490598772074,825.4646252546,1278.56,0.715147327912253,386.6764219040511,Core
498,260.952,0.711237691011832,0.186982879671534,521.904,2019_yk_082,Yukon,2019,0.710964234477726,0.186230321126862,-9.8243061116978e-4,667.490598772074,825.4646252546,1278.56,0.715147327912253,386.6764219040511,Core
499,261.476,0.710452013990397,0.180884130853375,522.952,2019_yk_082,Yukon,2019,0.710992439174234,0.185227601028617,-0.00100272009824437,667.490598772074,825.4646252546,1278.56,0.715147327912253,386.6764219040511,Core
500,262,0.712460545701305,0.181747814546398,524,2019_yk_082,Yukon,2019,0.710930596716072,0.184311701821908,-9.1589920670884e-4,667.490598772074,825.4646252546,1278.56,0.715147327912253,386.6764219040511,Core
501,262.524,0.713332367812095,0.188100588181283,525.048,2019_yk_082,Yukon,2019,0.710934070020463,0.183444424944587,-8.6727687732138e-4,667.490598772074,825.4646252546,1278.56,0.715147327912253,386.6764219040511,Core
502,263.048,0.715377493430401,0.181811435321463,526.096,2019_yk_082,Yukon,2019,0.711089524416586,0.182505221775793,-9.3920316879431e-4,667.490598772074,825.4646252546,1278.56,0.715147327912253,386.6764219040511,Core
503,263.572,0.71500940271272,0.175596285212536,527.144,2019_yk_082,Yukon,2019,0.711189373214032,0.181579030432589,-9.261913432042e-4,667.490598772074,825.4646252546,1278.56,0.715147327912253,386.6764219040511,Core
504,264.096,0.704676488138051,0.176855138244237,528.192,2019_yk_082,Yukon,2019,0.711029258948769,0.180710717293837,-8.6831313875196e-4,667.490598772074,825.4646252546,1278.56,0.715147327912253,386.6764219040511,Core
505,264.62,0.706569960749839,0.179367821719625,529.24,2019_yk_082,Yukon,2019,0.71107891128299,0.179901767343434,-8.0894995040306e-4,667.490598772074,825.4646252546,1278.56,0.715147327912253,386.6764219040511,Core
506,265.144,0.71053476020334,0.177284369501723,530.288,2019_yk_082,Yukon,2019,0.711001329267232,0.179069750258463,-8.3201708497082e-4,667.490598772074,825.4646252546,1278.56,0.715147327912253,386.6764219040511,Core
507,265.668,0.714577169599253,0.174318593773089,531.336,2019_yk_082,Yukon,2019,0.710889127055731,0.178257380758456,-8.1236950000712e-4,667.490598772074,825.4646252546,1278.56,0.715147327912253,386.6764219040511,Core
508,266.192,0.713935970651557,0.171600703194495,532.384,2019_yk_082,Yukon,2019,0.710936474699791,0.17752406599933,-7.333147591258e-4,667.490598772074,825.4646252546,1278.56,0.715147327912253,386.6764219040511,Core
509,266.716,0.707317637366463,0.172725592498076,533.432,2019_yk_082,Yukon,2019,0.710799944534924,0.176895076076093,-6.2898992323715e-4,667.490598772074,825.4646252546,1278.56,0.715147327912253,386.6764219040511,Core
510,267.24,0.71237930599983,0.1791389586048,534.48,2019_yk_082,Yukon,2019,0.710846212164378,0.176200362312347,-6.9471376374538e-4,667.490598772074,825.4646252546,1278.56,0.715147327912253,386.6764219040511,Core
511,267.764,0.717753214500186,0.173775911294479,535.528,2019_yk_082,Yukon,2019,0.710886925135474,0.175445807230094,-7.5455508225288e-4,667.490598772074,825.4646252546,1278.56,0.715147327912253,386.6764219040511,Core
512,268.288,0.719726791356949,0.168749369348144,536.576,2019_yk_082,Yukon,2019,0.71087904659384,0.174766716289621,-6.790909404736e-4,667.490598772074,825.4646252546,1278.56,0.715147327912253,386.6764219040511,Core
513,268.812,0.716875304393489,0.174716630949437,537.624,2019_yk_082,Yukon,2019,0.710876125791768,0.173983726473023,-7.8298981659796e-4,667.490598772074,825.4646252546,1278.56,0.715147327912253,386.6764219040511,Core
514,269.336,0.703260315162895,0.168962596166221,538.672,2019_yk_082,Yukon,2019,0.71089539498808,0.173307617469546,-6.7610900347686e-4,667.490598772074,825.4646252546,1278.56,0.715147327912253,386.6764219040511,Core
515,269.86,0.7100809455157,0.171032056234277,539.72,2019_yk_082,Yukon,2019,0.710798663728557,0.172649107511502,-6.5850995804414e-4,667.490598772074,825.4646252546,1278.56,0.715147327912253,386.6764219040511,Core
516,270.384,0.71346663776326,0.169138090334397,540.768,2019_yk_082,Yukon,2019,0.710822529438605,0.172042612055356,-6.0649545614596e-4,667.490598772074,825.4646252546,1278.56,0.715147327912253,386.6764219040511,Core
517,270.908,0.715597322270332,0.170717022184509,541.816,2019_yk_082,Yukon,2019,0.710940526871831,0.171399908300215,-6.4270375514055e-4,667.490598772074,825.4646252546,1278.56,0.715147327912253,386.6764219040511,Core
518,271.432,0.709800293909973,0.168942813109238,542.864,2019_yk_082,Yukon,2019,0.710990077959355,0.170739300773448,-6.6060752676722e-4,667.490598772074,825.4646252546,1278.56,0.715147327912253,386.6764219040511,Core
519,271.956,0.703083473425422,0.169291253523335,543.912,2019_yk_082,Yukon,2019,0.710960866572187,0.169902753760522,-8.3654701292634e-4,667.490598772074,825.4646252546,1278.56,0.715147327912253,386.6764219040511,Core
520,272.48,0.706422940091127,0.170096488747237,544.96,2019_yk_082,Yukon,2019,0.710867551331974,0.169052066415608,-8.5068734491336e-4,667.490598772074,825.4646252546,1278.56,0.715147327912253,386.6764219040511,Core
521,273.004,0.711578796149392,0.170642909883466,546.008,2019_yk_082,Yukon,2019,0.710997638693034,0.168225926980017,-8.2613943559162e-4,667.490598772074,825.4646252546,1278.56,0.715147327912253,386.6764219040511,Core
522,273.528,0.716881771904373,0.166117044616301,547.056,2019_yk_082,Yukon,2019,0.711021410964077,0.167395218826516,-8.3070815350058e-4,667.490598772074,825.4646252546,1278.56,0.715147327912253,386.6764219040511,Core
523,274.052,0.702302499724762,0.169732875834293,548.104,2019_yk_082,Yukon,2019,0.710974874538116,0.166598589156658,-7.9662966985788e-4,667.490598772074,825.4646252546,1278.56,0.715147327912253,386.6764219040511,Core
524,274.576,0.71003112915013,0.166816008164999,549.152,2019_yk_082,Yukon,2019,0.711156061363798,0.16597822133844,-6.2036781821836e-4,667.490598772074,825.4646252546,1278.56,0.715147327912253,386.6764219040511,Core
525,275.1,0.712647588066164,0.172869471407923,550.2,2019_yk_082,Yukon,2019,0.711299906075379,0.165315547199706,-6.6267413873411e-4,667.490598772074,825.4646252546,1278.56,0.715147327912253,386.6764219040511,Core
526,275.624,0.712133389468428,0.167336715270654,551.248,2019_yk_082,Yukon,2019,0.711371223716382,0.164587813144157,-7.2773405554899e-4,667.490598772074,825.4646252546,1278.56,0.715147327912253,386.6764219040511,Core
527,276.148,0.707949087371785,0.170112692173692,552.296,2019_yk_082,Yukon,2019,0.711388391738803,0.163823344451286,-7.6446869287094e-4,667.490598772074,825.4646252546,1278.56,0.715147327912253,386.6764219040511,Core
528,276.672,0.710273202729294,0.165829835824519,553.344,2019_yk_082,Yukon,2019,0.711390047770124,0.163041865998288,-7.8147845299758e-4,667.490598772074,825.4646252546,1278.56,0.715147327912253,386.6764219040511,Core
529,277.196,0.710630156693432,0.160724687240931,554.392,2019_yk_082,Yukon,2019,0.711392697665245,0.162363428588381,-6.7843740990711e-4,667.490598772074,825.4646252546,1278.56,0.715147327912253,386.6764219040511,Core
530,277.72,0.70829904032665,0.167148958426952,555.44,2019_yk_082,Yukon,2019,0.711312631154276,0.161679113957223,-6.8431463115811e-4,667.490598772074,825.4646252546,1278.56,0.715147327912253,386.6764219040511,Core
531,278.244,0.714480987594775,0.16712120864278,556.488,2019_yk_082,Yukon,2019,0.711184342553135,0.160881839882442,-7.9727407478075e-4,667.490598772074,825.4646252546,1278.56,0.715147327912253,386.6764219040511,Core
532,278.768,0.713262583170645,0.162541347450823,557.536,2019_yk_082,Yukon,2019,0.71122014567576,0.160230336593368,-6.5150328907434e-4,667.490598772074,825.4646252546,1278.56,0.715147327912253,386.6764219040511,Core
533,279.292,0.720100764335328,0.159400536523119,558.584,2019_yk_082,Yukon,2019,0.711190191721704,0.1596122981648,-6.1803842856764e-4,667.490598772074,825.4646252546,1278.56,0.715147327912253,386.6764219040511,Core
534,279.816,0.703204118687127,0.16049494255158,559.632,2019_yk_082,Yukon,2019,0.711297002019143,0.158937954141494,-6.743440233061e-4,667.490598772074,825.4646252546,1278.56,0.715147327912253,386.6764219040511,Core
535,280.34,0.712468078392694,0.163128435809556,560.68,2019_yk_082,Yukon,2019,0.711329645304326,0.158193214976319,-7.4473916517495e-4,667.490598772074,825.4646252546,1278.56,0.715147327912253,386.6764219040511,Core
536,280.864,0.707889441441509,0.157823936613279,561.728,2019_yk_082,Yukon,2019,0.711268335209856,0.157461861262496,-7.3135371382307e-4,667.490598772074,825.4646252546,1278.56,0.715147327912253,386.6764219040511,Core
537,281.388,0.709278591915705,0.153104179775159,562.776,2019_yk_082,Yukon,2019,0.711270875901623,0.156799021625006,-6.6283963749017e-4,667.490598772074,825.4646252546,1278.56,0.715147327912253,386.6764219040511,Core
538,281.912,0.709139521865506,0.157090276115024,563.824,2019_yk_082,Yukon,2019,0.711317306927031,0.156233418664084,-5.656029609217e-4,667.490598772074,825.4646252546,1278.56,0.715147327912253,386.6764219040511,Core
539,282.436,0.707727140825653,0.16313997569106,564.872,2019_yk_082,Yukon,2019,0.711245540767834,0.155633941190054,-5.994774740306e-4,667.490598772074,825.4646252546,1278.56,0.715147327912253,386.6764219040511,Core
540,282.96,0.710437104963506,0.158817771585066,565.92,2019_yk_082,Yukon,2019,0.71128167230702,0.154911984728269,-7.2195646178416e-4,667.490598772074,825.4646252546,1278.56,0.715147327912253,386.6764219040511,Core
541,283.484,0.713276337916518,0.154008385314155,566.968,2019_yk_082,Yukon,2019,0.711175175129183,0.154271875750155,-6.4010897811495e-4,667.490598772074,825.4646252546,1278.56,0.715147327912253,386.6764219040511,Core
542,284.008,0.714715868611338,0.155220120018465,568.016,2019_yk_082,Yukon,2019,0.710928346050832,0.15372831489154,-5.4356085861412e-4,667.490598772074,825.4646252546,1278.56,0.715147327912253,386.6764219040511,Core
543,284.532,0.715576755745986,0.151498347203418,569.064,2019_yk_082,Yukon,2019,0.710932816000096,0.153076411151566,-6.519037399742e-4,667.490598772074,825.4646252546,1278.56,0.715147327912253,386.6764219040511,Core
544,285.056,0.705836808126747,0.15043082548114,570.112,2019_yk_082,Yukon,2019,0.71114788539651,0.152507300612659,-5.6911053890756e-4,667.490598772074,825.4646252546,1278.56,0.715147327912253,386.6764219040511,Core
545,285.58,0.708297223757486,0.153336726158402,571.16,2019_yk_082,Yukon,2019,0.711095193535643,0.151888689584769,-6.1861102788995e-4,667.490598772074,825.4646252546,1278.56,0.715147327912253,386.6764219040511,Core
546,286.104,0.707752235532306,0.152637454544212,572.208,2019_yk_082,Yukon,2019,0.710933080010222,0.151365610805973,-5.2307877879614e-4,667.490598772074,825.4646252546,1278.56,0.715147327912253,386.6764219040511,Core
547,286.628,0.715684189293738,0.149983537709356,573.256,2019_yk_082,Yukon,2019,0.710913253694699,0.150841461145636,-5.2414966033648e-4,667.490598772074,825.4646252546,1278.56,0.715147327912253,386.6764219040511,Core
548,287.152,0.711903472277945,0.148711980819235,574.304,2019_yk_082,Yukon,2019,0.710860581680379,0.150333528732197,-5.079324134391e-4,667.490598772074,825.4646252546,1278.56,0.715147327912253,386.6764219040511,Core
549,287.676,0.712850695503906,0.146643960272809,575.352,2019_yk_082,Yukon,2019,0.710892926575984,0.149779645312028,-5.5388342016898e-4,667.490598772074,825.4646252546,1278.56,0.715147327912253,386.6764219040511,Core
550,288.2,0.707589054451498,0.144977155681096,576.4,2019_yk_082,Yukon,2019,0.710872681796018,0.149169402798653,-6.1024251337504e-4,667.490598772074,825.4646252546,1278.56,0.715147327912253,386.6764219040511,Core
551,288.724,0.711093033384656,0.145185395666495,577.448,2019_yk_082,Yukon,2019,0.710913521605602,0.148593460123064,-5.7594267558874e-4,667.490598772074,825.4646252546,1278.56,0.715147327912253,386.6764219040511,Core
552,289.248,0.715746802104626,0.143621231676425,578.496,2019_yk_082,Yukon,2019,0.710815045580687,0.148085819133599,-5.076409894654e-4,667.490598772074,825.4646252546,1278.56,0.715147327912253,386.6764219040511,Core
553,289.772,0.707638982185965,0.145026672481547,579.544,2019_yk_082,Yukon,2019,0.710923267000967,0.147519951572036,-5.6586756156226e-4,667.490598772074,825.4646252546,1278.56,0.715147327912253,386.6764219040511,Core
554,290.296,0.71941004414288,0.147350195412785,580.592,2019_yk_082,Yukon,2019,0.711021294001431,0.147033422854237,-4.8652871779944e-4,667.490598772074,825.4646252546,1278.56,0.715147327912253,386.6764219040511,Core
555,290.82,0.716791730352979,0.146842350916277,581.64,2019_yk_082,Yukon,2019,0.711063902266898,0.146438231021078,-5.9519183315912e-4,667.490598772074,825.4646252546,1278.56,0.715147327912253,386.6764219040511,Core
556,291.344,0.711023260783533,0.142875076947342,582.688,2019_yk_082,Yukon,2019,0.711266668296627,0.145998007011348,-4.4022400972978e-4,667.490598772074,825.4646252546,1278.56,0.715147327912253,386.6764219040511,Core
557,291.868,0.71347396962274,0.139220897958894,583.736,2019_yk_082,Yukon,2019,0.711364609020111,0.145476039869049,-5.2196714229868e-4,667.490598772074,825.4646252546,1278.56,0.715147327912253,386.6764219040511,Core
558,292.392,0.711337052891136,0.140094172491679,584.784,2019_yk_082,Yukon,2019,0.711413379198134,0.145049200803873,-4.2683906517668e-4,667.490598772074,825.4646252546,1278.56,0.715147327912253,386.6764219040511,Core
559,292.916,0.710611007697625,0.140177886258948,585.832,2019_yk_082,Yukon,2019,0.711408962087616,0.144741275976827,-3.0792482704605e-4,667.490598772074,825.4646252546,1278.56,0.715147327912253,386.6764219040511,Core
560,293.44,0.70765655504319,0.140688936676911,586.88,2019_yk_082,Yukon,2019,0.711438773404987,0.144228448379682,-5.1282759714432e-4,667.490598772074,825.4646252546,1278.56,0.715147327912253,386.6764219040511,Core
561,293.964,0.7056350517436,0.14026414369444,587.928,2019_yk_082,Yukon,2019,0.711369127389506,0.143678808281472,-5.4964009821087e-4,667.490598772074,825.4646252546,1278.56,0.715147327912253,386.6764219040511,Core
562,294.488,0.717525680787953,0.142721237977002,588.976,2019_yk_082,Yukon,2019,0.711324457862551,0.143210857314743,-4.679509667288e-4,667.490598772074,825.4646252546,1278.56,0.715147327912253,386.6764219040511,Core
563,295.012,0.71321216546931,0.138513979498478,590.024,2019_yk_082,Yukon,2019,0.711264532661465,0.142703044220468,-5.0781309427486e-4,667.490598772074,825.4646252546,1278.56,0.715147327912253,386.6764219040511,Core
564,295.536,0.71108510598439,0.13639449684587,591.072,2019_yk_082,Yukon,2019,0.711417824936789,0.142192637664724,-5.1040655574388e-4,667.490598772074,825.4646252546,1278.56,0.715147327912253,386.6764219040511,Core
565,296.06,0.708528557860827,0.134683471809127,592.12,2019_yk_082,Yukon,2019,0.711382466734861,0.141580018934743,-6.1261872998072e-4,667.490598772074,825.4646252546,1278.56,0.715147327912253,386.6764219040511,Core
566,296.584,0.706856154535161,0.133403146672338,593.168,2019_yk_082,Yukon,2019,0.711427359344001,0.141065083996478,-5.1493493826523e-4,667.490598772074,825.4646252546,1278.56,0.715147327912253,386.6764219040511,Core
567,297.108,0.714729611105249,0.134548215523678,594.216,2019_yk_082,Yukon,2019,0.711439735272441,0.140640053704723,-4.2503029175522e-4,667.490598772074,825.4646252546,1278.56,0.715147327912253,386.6764219040511,Core
568,297.632,0.716721832176066,0.137664525539194,595.264,2019_yk_082,Yukon,2019,0.711540005805506,0.140099492597653,-5.4056110706965e-4,667.490598772074,825.4646252546,1278.56,0.715147327912253,386.6764219040511,Core
569,298.156,0.703011667814635,0.136756944056239,596.312,2019_yk_082,Yukon,2019,0.711616325094694,0.139447262294478,-6.522303031749e-4,667.490598772074,825.4646252546,1278.56,0.715147327912253,386.6764219040511,Core
570,298.68,0.714547198350969,0.135821570897752,597.36,2019_yk_082,Yukon,2019,0.711703067462086,0.138884793488324,-5.6246880615412e-4,667.490598772074,825.4646252546,1278.56,0.715147327912253,386.6764219040511,Core
571,299.204,0.711363383829971,0.135369372607581,598.408,2019_yk_082,Yukon,2019,0.711651226500415,0.138372300120319,-5.1249336800543e-4,667.490598772074,825.4646252546,1278.56,0.715147327912253,386.6764219040511,Core
572,299.728,0.704917046655892,0.136135717831297,599.456,2019_yk_082,Yukon,2019,0.711556055659569,0.137875129041219,-4.9717107909938e-4,667.490598772074,825.4646252546,1278.56,0.715147327912253,386.6764219040511,Core
573,300.252,0.717143501349321,0.135602406550986,600.504,2019_yk_082,Yukon,2019,0.711553702972501,0.137434201427383,-4.4092761383673e-4,667.490598772074,825.4646252546,1278.56,0.715147327912253,386.6764219040511,Core
574,300.776,0.716164478947748,0.134815963831766,601.552,2019_yk_082,Yukon,2019,0.711594427433289,0.136952556900264,-4.8164452711838e-4,667.490598772074,825.4646252546,1278.56,0.715147327912253,386.6764219040511,Core
575,301.3,0.70691943386368306,0.133915394560878,602.6,2019_yk_082,Yukon,2019,0.711611786908109,0.136362460140235,-5.9009676002908e-4,667.490598772074,825.4646252546,1278.56,0.715147327912253,386.6764219040511,Core
576,301.824,0.703739826237984,0.137753363606627,603.648,2019_yk_082,Yukon,2019,0.711799760464104,0.135768662640174,-5.9379750006113e-4,667.490598772074,825.4646252546,1278.56,0.715147327912253,386.6764219040511,Core
577,302.348,0.714407743338944,0.139268042564321,604.696,2019_yk_082,Yukon,2019,0.711791109642914,0.135285944638926,-4.8271800124749e-4,667.490598772074,825.4646252546,1278.56,0.715147327912253,386.6764219040511,Core
578,302.872,0.706639973050765,0.138466868302892,605.744,2019_yk_082,Yukon,2019,0.71173228910602,0.134748412652304,-5.375319866229e-4,667.490598772074,825.4646252546,1278.56,0.715147327912253,386.6764219040511,Core
579,303.396,0.705024167161722,0.136058248313195,606.792,2019_yk_082,Yukon,2019,0.711818431596656,0.134237759863533,-5.1065278877035e-4,667.490598772074,825.4646252546,1278.56,0.715147327912253,386.6764219040511,Core
580,303.92,0.705208253293191,0.133481937944735,607.84,2019_yk_082,Yukon,2019,0.711975650440164,0.13375245606926,-4.8530379427305e-4,667.490598772074,825.4646252546,1278.56,0.715147327912253,386.6764219040511,Core
581,304.444,0.714029184724444,0.136086349348141,608.888,2019_yk_082,Yukon,2019,0.712039638716177,0.133247992113224,-5.0446395603617e-4,667.490598772074,825.4646252546,1278.56,0.715147327912253,386.6764219040511,Core
582,304.968,0.710973210409471,0.135658585248377,609.936,2019_yk_082,Yukon,2019,0.711912100896282,0.132816105681192,-4.3188643203231e-4,667.490598772074,825.4646252546,1278.56,0.715147327912253,386.6764219040511,Core
583,305.492,0.708795784941567,0.135780822140556,610.984,2019_yk_082,Yukon,2019,0.712050759488763,0.132302777333246,-5.1332834794592e-4,667.490598772074,825.4646252546,1278.56,0.715147327912253,386.6764219040511,Core
584,306.016,0.715912749177953,0.137624285097034,612.032,2019_yk_082,Yukon,2019,0.711906757144882,0.131703308813717,-5.9946851952907e-4,667.490598772074,825.4646252546,1278.56,0.715147327912253,386.6764219040511,Core
585,306.54,0.715204083994183,0.137157961418375,613.08,2019_yk_082,Yukon,2019,0.71185062321963,0.131172067748244,-5.3124106547228e-4,667.490598772074,825.4646252546,1278.56,0.715147327912253,386.6764219040511,Core
586,307.064,0.724299351252159,0.140923274686868,614.128,2019_yk_082,Yukon,2019,0.711841254067215,0.13067474742062,-4.9732032762472e-4,667.490598772074,825.4646252546,1278.56,0.715147327912253,386.6764219040511,Core
587,307.588,0.713825530780835,0.138794663635772,615.176,2019_yk_082,Yukon,2019,0.711690448465621,0.130219994465668,-4.5475295495164e-4,667.490598772074,825.4646252546,1278.56,0.715147327912253,386.6764219040511,Core
588,308.112,0.713199413410699,0.140219491913918,616.224,2019_yk_082,Yukon,2019,0.711729802607529,0.12975534409585,-4.6465036981771e-4,667.490598772074,825.4646252546,1278.56,0.715147327912253,386.6764219040511,Core
589,308.636,0.710365130062327,0.142249197618169,617.272,2019_yk_082,Yukon,2019,0.711867958749647,0.129341739082497,-4.1360501335277e-4,667.490598772074,825.4646252546,1278.56,0.715147327912253,386.6764219040511,Core
590,309.16,0.710087719368891,0.136379302598292,618.32,2019_yk_082,Yukon,2019,0.712053159330225,0.128865270434877,-4.7646864762071e-4,667.490598772074,825.4646252546,1278.56,0.715147327912253,386.6764219040511,Core
591,309.684,0.710302226665965,0.134142802750127,619.368,2019_yk_082,Yukon,2019,0.712212328295673,0.128395639843992,-4.6963059088472e-4,667.490598772074,825.4646252546,1278.56,0.715147327912253,386.6764219040511,Core
592,310.208,0.710582411553353,0.134464289447096,620.416,2019_yk_082,Yukon,2019,0.712065768932798,0.127882939759617,-5.1270008437487e-4,667.490598772074,825.4646252546,1278.56,0.715147327912253,386.6764219040511,Core
593,310.732,0.716505252270138,0.128931750866627,621.464,2019_yk_082,Yukon,2019,0.712272950652032,0.127452859261468,-4.3008049814963e-4,667.490598772074,825.4646252546,1278.56,0.715147327912253,386.6764219040511,Core
594,311.256,0.712401655206552,0.129870549206948,622.512,2019_yk_082,Yukon,2019,0.712454905233717,0.127049811773886,-4.030474875814e-4,667.490598772074,825.4646252546,1278.56,0.715147327912253,386.6764219040511,Core
595,311.78,0.710346586277061,0.126371312010711,623.56,2019_yk_082,Yukon,2019,0.712747206880849,0.126696088959881,-3.5372281400547e-4,667.490598772074,825.4646252546,1278.56,0.715147327912253,386.6764219040511,Core
596,312.304,0.710582997989885,0.126927840317365,624.608,2019_yk_082,Yukon,2019,0.712800436600775,0.126358140712641,-3.3794824723973e-4,667.490598772074,825.4646252546,1278.56,0.715147327912253,386.6764219040511,Core
597,312.828,0.710021147622115,0.127602362269846,625.656,2019_yk_082,Yukon,2019,0.712828059722798,0.125983854809863,-3.7428590277791e-4,667.490598772074,825.4646252546,1278.56,0.715147327912253,386.6764219040511,Core
598,313.352,0.715155753849403,0.124656609690844,626.704,2019_yk_082,Yukon,2019,0.712708519633527,0.12554227703987,-4.4157776999331e-4,667.490598772074,825.4646252546,1278.56,0.715147327912253,386.6764219040511,Core
599,313.876,0.712306298176904,0.124006157500565,627.752,2019_yk_082,Yukon,2019,0.712932575453358,0.12519378046289,-3.4849657697944e-4,667.490598772074,825.4646252546,1278.56,0.715147327912253,386.6764219040511,Core
600,314.4,0.715641647007031,0.125069643215818,628.8,2019_yk_082,Yukon,2019,0.713035857654334,0.124819319285569,-3.7446117732163e-4,667.490598772074,825.4646252546,1278.56,0.715147327912253,386.6764219040511,Core
601,314.924,0.710165880216296,0.123258783233828,629.848,2019_yk_082,Yukon,2019,0.713033854561535,0.124449406113898,-3.6991317167044e-4,667.490598772074,825.4646252546,1278.56,0.715147327912253,386.6764219040511,Core
602,315.448,0.709005618160534,0.125389855272502,630.896,2019_yk_082,Yukon,2019,0.71315095835033,0.124085682490977,-3.6372362292072e-4,667.490598772074,825.4646252546,1278.56,0.715147327912253,386.6764219040511,Core
603,315.972,0.71543559452194,0.125042690373214,631.944,2019_yk_082,Yukon,2019,0.713019313247074,0.123746415145438,-3.3926734553978e-4,667.490598772074,825.4646252546,1278.56,0.715147327912253,386.6764219040511,Core
604,316.496,0.708280275773985,0.121532153854037,632.992,2019_yk_082,Yukon,2019,0.712962512876865,0.123411733133837,-3.3468201160083e-4,667.490598772074,825.4646252546,1278.56,0.715147327912253,386.6764219040511,Core
605,317.02,0.709338792246698,0.117930920556658,634.04,2019_yk_082,Yukon,2019,0.713182902113217,0.123110407760993,-3.0132537284349e-4,667.490598772074,825.4646252546,1278.56,0.715147327912253,386.6764219040511,Core
606,317.544,0.719030648892028,0.117009604540543,635.088,2019_yk_082,Yukon,2019,0.713270485589433,0.12270890203524,-4.0150572575301e-4,667.490598772074,825.4646252546,1278.56,0.715147327912253,386.6764219040511,Core
607,318.068,0.715165140022337,0.121020457634508,636.136,2019_yk_082,Yukon,2019,0.71318114994969,0.122315170950497,-3.9373108474316e-4,667.490598772074,825.4646252546,1278.56,0.715147327912253,386.6764219040511,Core
608,318.592,0.708374240064292,0.11646006162186,637.184,2019_yk_082,Yukon,2019,0.713312155670576,0.121941717903765,-3.7345304673196e-4,667.490598772074,825.4646252546,1278.56,0.715147327912253,386.6764219040511,Core
609,319.116,0.71801924494204,0.116004792946588,638.232,2019_yk_082,Yukon,2019,0.713488115495731,0.12166227762218,-2.7944028158535e-4,667.490598772074,825.4646252546,1278.56,0.715147327912253,386.6764219040511,Core
610,319.64,0.71702218506201,0.115858928024714,639.28,2019_yk_082,Yukon,2019,0.713625325228364,0.121419803658176,-2.4247396400346e-4,667.490598772074,825.4646252546,1278.56,0.715147327912253,386.6764219040511,Core
611,320.164,0.714932329945448,0.114917558304322,640.328,2019_yk_082,Yukon,2019,0.713715038371049,0.121133370888933,-2.8643276924353e-4,667.490598772074,825.4646252546,1278.56,0.715147327912253,386.6764219040511,Core
612,320.688,0.708094532910929,0.117708045754487,641.376,2019_yk_082,Yukon,2019,0.713854651040467,0.120903964422208,-2.2940646672504e-4,667.490598772074,825.4646252546,1278.56,0.715147327912253,386.6764219040511,Core
613,321.212,0.715958497734804,0.114226971604791,642.424,2019_yk_082,Yukon,2019,0.713939513320624,0.120624564032445,-2.7940038976279e-4,667.490598772074,825.4646252546,1278.56,0.715147327912253,386.6764219040511,Core
614,321.736,0.710769903510002,0.111382084241039,643.472,2019_yk_082,Yukon,2019,0.714037538017696,0.120348755350483,-2.7580868196218e-4,667.490598772074,825.4646252546,1278.56,0.715147327912253,386.6764219040511,Core
615,322.26,0.713423694837865,0.11496788698794,644.52,2019_yk_082,Yukon,2019,0.714024374869128,0.120128568840716,-2.201865097664e-4,667.490598772074,825.4646252546,1278.56,0.715147327912253,386.6764219040511,Core
616,322.784,0.710461111638675,0.113035857289858,645.568,2019_yk_082,Yukon,2019,0.713922616954563,0.119793244003859,-3.3532483685733e-4,667.490598772074,825.4646252546,1278.56,0.715147327912253,386.6764219040511,Core
617,323.308,0.704425633527051,0.111935720661796,646.616,2019_yk_082,Yukon,2019,0.713883848144715,0.11947021726486,-3.2302673899867e-4,667.490598772074,825.4646252546,1278.56,0.715147327912253,386.6764219040511,Core
618,323.832,0.713698301405619,0.112215150302616,647.664,2019_yk_082,Yukon,2019,0.71377663784183,0.119117399418956,-3.5281784590403e-4,667.490598772074,825.4646252546,1278.56,0.715147327912253,386.6764219040511,Core
619,324.356,0.718900376224748,0.11536158545778,648.712,2019_yk_082,Yukon,2019,0.713782357712934,0.118731447363376,-3.8595205558084e-4,667.490598772074,825.4646252546,1278.56,0.715147327912253,386.6764219040511,Core
620,324.88,0.718768589877825,0.112100817819668,649.76,2019_yk_082,Yukon,2019,0.713964411475015,0.118471675272056,-2.5977209131922e-4,667.490598772074,825.4646252546,1278.56,0.715147327912253,386.6764219040511,Core
621,325.404,0.715185189670512,0.112086308241358,650.808,2019_yk_082,Yukon,2019,0.713856523796611,0.118270654663579,-2.0102060847697e-4,667.490598772074,825.4646252546,1278.56,0.715147327912253,386.6764219040511,Core
622,325.928,0.708732119015426,0.11195923291451,651.856,2019_yk_082,Yukon,2019,0.713851862689148,0.118059872346374,-2.1078231720517e-4,667.490598772074,825.4646252546,1278.56,0.715147327912253,386.6764219040511,Core
623,326.452,0.725643068623359,0.1127091496095,652.904,2019_yk_082,Yukon,2019,0.71377108669647,0.117936181045566,-1.2369130080779e-4,667.490598772074,825.4646252546,1278.56,0.715147327912253,386.6764219040511,Core
624,326.976,0.722002380885511,0.112211647590985,653.952,2019_yk_082,Yukon,2019,0.713777825656571,0.117806820992096,-1.2936005346991e-4,667.490598772074,825.4646252546,1278.56,0.715147327912253,386.6764219040511,Core
625,327.5,0.726066656688754,0.113460102968799,655,2019_yk_082,Yukon,2019,0.713785212656649,0.117720191846985,-8.66291451117468e-5,667.490598772074,825.4646252546,1278.56,0.715147327912253,386.6764219040511,Core
626,328.024,0.710049937730699,0.113126251837954,656.048,2019_yk_082,Yukon,2019,0.713949259326848,0.117638135418301,-8.20564286835856e-5,667.490598772074,825.4646252546,1278.56,0.715147327912253,386.6764219040511,Core
627,328.548,0.716386998426629,0.112091061357003,657.096,2019_yk_082,Yukon,2019,0.714043145228199,0.117548412289998,-8.97231283030347e-5,667.490598772074,825.4646252546,1278.56,0.715147327912253,386.6764219040511,Core
628,329.072,0.709549426819835,0.111169859339596,658.144,2019_yk_082,Yukon,2019,0.714027724235217,0.11752739111014,-2.10211798583881e-5,667.490598772074,825.4646252546,1278.56,0.715147327912253,386.6764219040511,Core
629,329.596,0.716455017004454,0.115847149437472,659.192,2019_yk_082,Yukon,2019,0.714171706512119,0.117525164188339,-2.22692180067152e-6,667.490598772074,825.4646252546,1278.56,0.715147327912253,386.6764219040511,Core
630,330.12,0.720744130409525,0.113353900258454,660.24,2019_yk_082,Yukon,2019,0.714186493920839,0.117487419834651,-3.77443536882099e-5,667.490598772074,825.4646252546,1278.56,0.715147327912253,386.6764219040511,Core
631,330.644,0.711243198262039,0.113174582307356,661.288,2019_yk_082,Yukon,2019,0.714317802222105,0.117472970580857,-1.44492537933749e-5,667.490598772074,825.4646252546,1278.56,0.715147327912253,386.6764219040511,Core
632,331.168,0.711943273983623,0.114312300456053,662.336,2019_yk_082,Yukon,2019,0.714320123114274,0.117408914492169,-6.40560886883274e-5,667.490598772074,825.4646252546,1278.56,0.715147327912253,386.6764219040511,Core
633,331.692,0.70924479515394,0.115246365818599,663.384,2019_yk_082,Yukon,2019,0.714407406858445,0.117359721509238,-4.9192982931559e-5,667.490598772074,825.4646252546,1278.56,0.715147327912253,386.6764219040511,Core
634,332.216,0.712756456735227,0.114735043135716,664.432,2019_yk_082,Yukon,2019,0.714553265007379,0.117362069081108,2.34757187013435e-6,667.490598772074,825.4646252546,1278.56,0.715147327912253,386.6764219040511,Core
635,332.74,0.72014278804481,0.11583587219027,665.48,2019_yk_082,Yukon,2019,0.714571718197542,0.117438377483839,7.63084027312899e-5,667.490598772074,825.4646252546,1278.56,0.715147327912253,386.6764219040511,Core
636,333.264,0.708994834810939,0.113663020061446,666.528,2019_yk_082,Yukon,2019,0.714452564113408,0.117567078223202,1.2870073936283e-4,667.490598772074,825.4646252546,1278.56,0.715147327912253,386.6764219040511,Core
637,333.788,0.70904760495433,0.115644177479732,667.576,2019_yk_082,Yukon,2019,0.714502321135699,0.117655138848602,8.80606254003158e-5,667.490598772074,825.4646252546,1278.56,0.715147327912253,386.6764219040511,Fw
638,334.312,0.714500316303951,0.116059685498975,668.624,2019_yk_082,Yukon,2019,0.714573563444758,0.117817280364543,1.6214151594057e-4,667.490598772074,825.4646252546,1278.56,0.715147327912253,386.6764219040511,Fw
639,334.836,0.715581756671001,0.119291831418073,669.672,2019_yk_082,Yukon,2019,0.714440169438512,0.118010938662443,1.9365829790013e-4,667.490598772074,825.4646252546,1278.56,0.715147327912253,386.6764219040511,Fw
640,335.36,0.713440837251187,0.118933500104527,670.72,2019_yk_082,Yukon,2019,0.714410425871802,0.118205700603097,1.9476194065379e-4,667.490598772074,825.4646252546,1278.56,0.715147327912253,386.6764219040511,Fw
641,335.884,0.719411973285551,0.118900383193529,671.768,2019_yk_082,Yukon,2019,0.714545271500777,0.118400923045281,1.9522244218403e-4,667.490598772074,825.4646252546,1278.56,0.715147327912253,386.6764219040511,Fw
642,336.408,0.719349970574535,0.121894197244874,672.816,2019_yk_082,Yukon,2019,0.714690163581863,0.118522701127275,1.2177808199463e-4,667.490598772074,825.4646252546,1278.56,0.715147327912253,386.6764219040511,Fw
643,336.932,0.713887521750967,0.119016798754789,673.864,2019_yk_082,Yukon,2019,0.714620859905338,0.118738832873805,2.1613174652927e-4,667.490598772074,825.4646252546,1278.56,0.715147327912253,386.6764219040511,Fw
644,337.456,0.721794231002268,0.121075764179303,674.912,2019_yk_082,Yukon,2019,0.714760113905861,0.118998873417588,2.6004054378335e-4,667.490598772074,825.4646252546,1278.56,0.715147327912253,386.6764219040511,Fw
645,337.98,0.714414295080098,0.123946770832391,675.96,2019_yk_082,Yukon,2019,0.714799340531307,0.119260312479893,2.6143906230478e-4,667.490598772074,825.4646252546,1278.56,0.715147327912253,386.6764219040511,Fw
646,338.504,0.718193876378295,0.120803784475427,677.008,2019_yk_082,Yukon,2019,0.714963663170684,0.119531428102018,2.7111562212563e-4,667.490598772074,825.4646252546,1278.56,0.715147327912253,386.6764219040511,Fw
647,339.028,0.711499402189956,0.119413059295852,678.056,2019_yk_082,Yukon,2019,0.715024651604184,0.119856129201146,3.2470109912749e-4,667.490598772074,825.4646252546,1278.56,0.715147327912253,386.6764219040511,Fw
648,339.552,0.706766795237613,0.119050421159677,679.104,2019_yk_082,Yukon,2019,0.714995235972461,0.120271956556043,4.1582735489705e-4,667.490598772074,825.4646252546,1278.56,0.715147327912253,386.6764219040511,Fw
649,340.076,0.710708322328548,0.119092074283318,680.152,2019_yk_082,Yukon,2019,0.714781558532943,0.120562304299949,2.9034774390603e-4,667.490598772074,825.4646252546,1278.56,0.715147327912253,386.6764219040511,Fw
650,340.6,0.721010945093728,0.120792977119139,681.2,2019_yk_082,Yukon,2019,0.714719255321585,0.120958692154803,3.9638785485456e-4,667.490598772074,825.4646252546,1278.56,0.715147327912253,386.6764219040511,Fw
651,341.124,0.703828965961766,0.122081566241509,682.248,2019_yk_082,Yukon,2019,0.714677180647387,0.121368915250729,4.1022309592522e-4,667.490598772074,825.4646252546,1278.56,0.715147327912253,386.6764219040511,Fw
652,341.648,0.710302745105547,0.121817350414785,683.296,2019_yk_082,Yukon,2019,0.714767802568763,0.121727450220261,3.5853496953254e-4,667.490598772074,825.4646252546,1278.56,0.715147327912253,386.6764219040511,Fw
653,342.172,0.711658692709483,0.121510272818159,684.344,2019_yk_082,Yukon,2019,0.714579359088055,0.122132696000764,4.0524578050325e-4,667.490598772074,825.4646252546,1278.56,0.715147327912253,386.6764219040511,Fw
654,342.696,0.712805992812565,0.122108945998753,685.392,2019_yk_082,Yukon,2019,0.714444077203071,0.122528759682644,3.960636818799e-4,667.490598772074,825.4646252546,1278.56,0.715147327912253,386.6764219040511,Fw
655,343.22,0.710789806281734,0.121173563304005,686.44,2019_yk_082,Yukon,2019,0.714207970456131,0.122935081710733,4.0632202808819e-4,667.490598772074,825.4646252546,1278.56,0.715147327912253,386.6764219040511,Fw
656,343.744,0.72042579820183394,0.12200445459635,687.488,2019_yk_082,Yukon,2019,0.714238611598244,0.123325059564691,3.8997785395839e-4,667.490598772074,825.4646252546,1278.56,0.715147327912253,386.6764219040511,Fw
657,344.268,0.715654301703176,0.122218974571664,688.536,2019_yk_082,Yukon,2019,0.714228534316108,0.123712727827495,3.8766826280392e-4,667.490598772074,825.4646252546,1278.56,0.715147327912253,386.6764219040511,Fw
658,344.792,0.714230494270506,0.12339533889934,689.584,2019_yk_082,Yukon,2019,0.714293687914534,0.124143843443445,4.3111561595032e-4,667.490598772074,825.4646252546,1278.56,0.715147327912253,386.6764219040511,Fw
659,345.316,0.72094523479101,0.123872542192525,690.632,2019_yk_082,Yukon,2019,0.714426477464676,0.124531927463752,3.8808402030717e-4,667.490598772074,825.4646252546,1278.56,0.715147327912253,386.6764219040511,Fw
660,345.84,0.716528891530269,0.122804981994526,691.68,2019_yk_082,Yukon,2019,0.714373104838459,0.124976097861506,4.4417039775406e-4,667.490598772074,825.4646252546,1278.56,0.715147327912253,386.6764219040511,Fw
661,346.364,0.718044378292249,0.122391828006225,692.728,2019_yk_082,Yukon,2019,0.714486241173189,0.125418226946654,4.4212908514719e-4,667.490598772074,825.4646252546,1278.56,0.715147327912253,386.6764219040511,Fw
662,346.888,0.709144871690636,0.121546489951203,693.776,2019_yk_082,Yukon,2019,0.714623532463086,0.125859956710447,4.4172976379289e-4,667.490598772074,825.4646252546,1278.56,0.715147327912253,386.6764219040511,Fw
663,347.412,0.720672619172238,0.12209111139732,694.824,2019_yk_082,Yukon,2019,0.714798921760727,0.126324734750605,4.6477804015801e-4,667.490598772074,825.4646252546,1278.56,0.715147327912253,386.6764219040511,Fw
664,347.936,0.717031764710008,0.121673008166245,695.872,2019_yk_082,Yukon,2019,0.71475373206062,0.126788633099054,4.638983484497e-4,667.490598772074,825.4646252546,1278.56,0.715147327912253,386.6764219040511,Fw
665,348.46,0.710445983656466,0.122509424720535,696.92,2019_yk_082,Yukon,2019,0.714676497274805,0.12724888146024,4.6024836118616e-4,667.490598772074,825.4646252546,1278.56,0.715147327912253,386.6764219040511,Fw
666,348.984,0.711881403844009,0.124731648902313,697.968,2019_yk_082,Yukon,2019,0.714733564749155,0.127746978263071,4.9809680283091e-4,667.490598772074,825.4646252546,1278.56,0.715147327912253,386.6764219040511,Fw
667,349.508,0.718150561359818,0.126304095158527,699.016,2019_yk_082,Yukon,2019,0.714862917688127,0.12824531404024,4.983357771689e-4,667.490598772074,825.4646252546,1278.56,0.715147327912253,386.6764219040511,Fw
668,350.032,0.712648778607819,0.126188552578293,700.064,2019_yk_082,Yukon,2019,0.714743930731523,0.128699474228499,4.5416018825911e-4,667.490598772074,825.4646252546,1278.56,0.715147327912253,386.6764219040511,Fw
669,350.556,0.710015604567294,0.127624290820596,701.112,2019_yk_082,Yukon,2019,0.714693533185254,0.129092985306954,3.9351107845497e-4,667.490598772074,825.4646252546,1278.56,0.715147327912253,386.6764219040511,Fw
670,351.08,0.715237571059394,0.127544644463942,702.16,2019_yk_082,Yukon,2019,0.714714645488052,0.129536274620848,4.4328931389406e-4,667.490598772074,825.4646252546,1278.56,0.715147327912253,386.6764219040511,Fw
671,351.604,0.723023067683963,0.126630904835364,703.208,2019_yk_082,Yukon,2019,0.714730923549864,0.130046417315196,5.1014269434773e-4,667.490598772074,825.4646252546,1278.56,0.715147327912253,386.6764219040511,Fw
672,352.128,0.716788057776083,0.125014730674165,704.256,2019_yk_082,Yukon,2019,0.714677176944509,0.13044643046975,4.0001315455406e-4,667.490598772074,825.4646252546,1278.56,0.715147327912253,386.6764219040511,Fw
673,352.652,0.711800277143309,0.127194876396548,705.304,2019_yk_082,Yukon,2019,0.71473250852622106,0.130957382293522,5.1095182377175e-4,667.490598772074,825.4646252546,1278.56,0.715147327912253,386.6764219040511,Fw
674,353.176,0.719125143541359,0.12698451686804,706.352,2019_yk_082,Yukon,2019,0.714711342133899,0.131463294758529,5.0591246500678e-4,667.490598772074,825.4646252546,1278.56,0.715147327912253,386.6764219040511,Fw
675,353.7,0.715777292364629,0.130654230726227,707.4,2019_yk_082,Yukon,2019,0.714799335481128,0.131907120423659,4.4382566513046e-4,667.490598772074,825.4646252546,1278.56,0.715147327912253,386.6764219040511,Fw
676,354.224,0.720320470001307,0.129302794617396,708.448,2019_yk_082,Yukon,2019,0.714695109094684,0.132401413993638,4.9429356997851e-4,667.490598772074,825.4646252546,1278.56,0.715147327912253,386.6764219040511,Fw
677,354.748,0.708084939537073,0.131417786609445,709.496,2019_yk_082,Yukon,2019,0.714767773513458,0.132944348544554,5.4293455091639e-4,667.490598772074,825.4646252546,1278.56,0.715147327912253,386.6764219040511,Fw
678,355.272,0.711933363502211,0.137164791596439,710.544,2019_yk_082,Yukon,2019,0.714962857059634,0.133478912983276,5.3456443872221e-4,667.490598772074,825.4646252546,1278.56,0.715147327912253,386.6764219040511,Fw
679,355.796,0.706079729853676,0.132782450092143,711.592,2019_yk_082,Yukon,2019,0.715033012619745,0.133999408215393,5.2049523211639e-4,667.490598772074,825.4646252546,1278.56,0.715147327912253,386.6764219040511,Fw
680,356.32,0.715030397196316,0.135884089110942,712.64,2019_yk_082,Yukon,2019,0.714928550635984,0.134549145659552,5.497374441592e-4,667.490598772074,825.4646252546,1278.56,0.715147327912253,386.6764219040511,Fw
681,356.844,0.712660709218655,0.136699693996871,713.688,2019_yk_082,Yukon,2019,0.715132909091615,0.135026716759032,4.7757109947993e-4,667.490598772074,825.4646252546,1278.56,0.715147327912253,386.6764219040511,Fw
682,357.368,0.714169434298006,0.133471331086463,714.736,2019_yk_082,Yukon,2019,0.71523449582141,0.135556898342349,5.3018158331671e-4,667.490598772074,825.4646252546,1278.56,0.715147327912253,386.6764219040511,Fw
683,357.892,0.714336459780884,0.137023896439696,715.784,2019_yk_082,Yukon,2019,0.715307274099647,0.13605837859117,5.0148024882168e-4,667.490598772074,825.4646252546,1278.56,0.715147327912253,386.6764219040511,Fw
684,358.416,0.713885467786457,0.135975468503779,716.832,2019_yk_082,Yukon,2019,0.715458604305416,0.136565411726267,5.0703313509706e-4,667.490598772074,825.4646252546,1278.56,0.715147327912253,386.6764219040511,Fw
685,358.94,0.711900251872364,0.13783942465409,717.88,2019_yk_082,Yukon,2019,0.715449207988942,0.137053410679793,4.8799895352574e-4,667.490598772074,825.4646252546,1278.56,0.715147327912253,386.6764219040511,Fw
686,359.464,0.711888406257491,0.136524923075457,718.928,2019_yk_082,Yukon,2019,0.7154483563792,0.137521396874802,4.679861950087e-4,667.490598772074,825.4646252546,1278.56,0.715147327912253,386.6764219040511,Fw
687,359.988,0.715782361498467,0.135351157125238,719.976,2019_yk_082,Yukon,2019,0.71542615028077,0.138010457565687,4.8906069088566e-4,667.490598772074,825.4646252546,1278.56,0.715147327912253,386.6764219040511,Fw
688,360.512,0.713458642725363,0.137036796296616,721.024,2019_yk_082,Yukon,2019,0.715350361223004,0.138513097984139,5.0264041845188e-4,667.490598772074,825.4646252546,1278.56,0.715147327912253,386.6764219040511,Fw
689,361.036,0.724422390012956,0.139132190655902,722.072,2019_yk_082,Yukon,2019,0.715371798468111,0.139023852800679,5.1075481653983e-4,667.490598772074,825.4646252546,1278.56,0.715147327912253,386.6764219040511,Fw
690,361.56,0.7175417728365,0.140004124123698,723.12,2019_yk_082,Yukon,2019,0.715325038251762,0.139535248509907,5.1139570922817e-4,667.490598772074,825.4646252546,1278.56,0.715147327912253,386.6764219040511,Fw
691,362.084,0.718031378345883,0.139702327416188,724.168,2019_yk_082,Yukon,2019,0.715313874354371,0.140043067677348,5.0781916744105e-4,667.490598772074,825.4646252546,1278.56,0.715147327912253,386.6764219040511,Fw
692,362.608,0.720180751377412,0.140816086283626,725.216,2019_yk_082,Yukon,2019,0.71532281817855,0.140554973811726,5.1190613437765e-4,667.490598772074,825.4646252546,1278.56,0.715147327912253,386.6764219040511,Fw
693,363.132,0.719768153012427,0.14313304822808,726.264,2019_yk_082,Yukon,2019,0.715318730628022,0.141082471916319,5.2749810459343e-4,667.490598772074,825.4646252546,1278.56,0.715147327912253,386.6764219040511,Fw
694,363.656,0.710045074728794,0.142568944042699,727.312,2019_yk_082,Yukon,2019,0.715296902263545,0.141601617184422,5.1914526810273e-4,667.490598772074,825.4646252546,1278.56,0.715147327912253,386.6764219040511,Fw
695,364.18,0.715508700895907,0.143450773861439,728.36,2019_yk_082,Yukon,2019,0.71529477287624,0.142073484501929,4.7186731750636e-4,667.490598772074,825.4646252546,1278.56,0.715147327912253,386.6764219040511,Fw
696,364.704,0.712418883271953,0.143548828231301,729.408,2019_yk_082,Yukon,2019,0.715284332596885,0.1425317357064,4.5825120447129e-4,667.490598772074,825.4646252546,1278.56,0.715147327912253,386.6764219040511,Fw
697,365.228,0.716808781292614,0.145544324109865,730.456,2019_yk_082,Yukon,2019,0.715434056658785,0.142939105469296,4.0736976289657e-4,667.490598772074,825.4646252546,1278.56,0.715147327912253,386.6764219040511,Fw
698,365.752,0.707361098907751,0.143309296794522,731.504,2019_yk_082,Yukon,2019,0.71544718787709,0.143383820076031,4.447146067345e-4,667.490598772074,825.4646252546,1278.56,0.715147327912253,386.6764219040511,Fw
699,366.276,0.712557903894843,0.142902496125373,732.552,2019_yk_082,Yukon,2019,0.715588347956552,0.143847736205848,4.6391612981741e-4,667.490598772074,825.4646252546,1278.56,0.715147327912253,386.6764219040511,Fw
700,366.8,0.714707575419042,0.145530858938169,733.6,2019_yk_082,Yukon,2019,0.715615326289541,0.144270295365175,4.2255915932648e-4,667.490598772074,825.4646252546,1278.56,0.715147327912253,386.6764219040511,Fw
701,367.324,0.720388656994285,0.149508944854394,734.648,2019_yk_082,Yukon,2019,0.715411762667946,0.144694714337389,4.2441897221401e-4,667.490598772074,825.4646252546,1278.56,0.715147327912253,386.6764219040511,Fw
702,367.848,0.716125174253244,0.145894986518118,735.696,2019_yk_082,Yukon,2019,0.715380027903585,0.145111871326741,4.1715698935257e-4,667.490598772074,825.4646252546,1278.56,0.715147327912253,386.6764219040511,Fw
703,368.372,0.717207416653713,0.149673908181093,736.744,2019_yk_082,Yukon,2019,0.715499557172248,0.14558023181536,4.6836048861873e-4,667.490598772074,825.4646252546,1278.56,0.715147327912253,386.6764219040511,Fw
704,368.896,0.720524247462907,0.151430512079711,737.792,2019_yk_082,Yukon,2019,0.715393063916181,0.146012593772695,4.3236195733467e-4,667.490598772074,825.4646252546,1278.56,0.715147327912253,386.6764219040511,Fw
705,369.42,0.719693895913869,0.150576310740218,738.84,2019_yk_082,Yukon,2019,0.715369862724743,0.146391991232558,3.7939745986279e-4,667.490598772074,825.4646252546,1278.56,0.715147327912253,386.6764219040511,Fw
706,369.944,0.71194029319162,0.150461398674139,739.888,2019_yk_082,Yukon,2019,0.715244128464263,0.146860323695609,4.6833246305144e-4,667.490598772074,825.4646252546,1278.56,0.715147327912253,386.6764219040511,Fw
707,370.468,0.715859267316428,0.151989132350835,740.936,2019_yk_082,Yukon,2019,0.715439708613124,0.147183905217707,3.235815220981e-4,667.490598772074,825.4646252546,1278.56,0.715147327912253,386.6764219040511,Fw
708,370.992,0.718471808008128,0.151124287483009,741.984,2019_yk_082,Yukon,2019,0.715503804049745,0.147401460544614,2.1755532690689e-4,667.490598772074,825.4646252546,1278.56,0.715147327912253,386.6764219040511,Fw
709,371.516,0.714917655935205,0.150321788210301,743.032,2019_yk_082,Yukon,2019,0.715616367318893,0.147721074391072,3.1961384645781e-4,667.490598772074,825.4646252546,1278.56,0.715147327912253,386.6764219040511,Fw
710,372.04,0.714743226068106,0.153777223768691,744.08,2019_yk_082,Yukon,2019,0.715682116992566,0.147962229194286,2.4115480321387e-4,667.490598772074,825.4646252546,1278.56,0.715147327912253,386.6764219040511,Fw
711,372.564,0.716090473299635,0.150735832210304,745.128,2019_yk_082,Yukon,2019,0.715703961040941,0.148221768750405,2.5953955611918e-4,667.490598772074,825.4646252546,1278.56,0.715147327912253,386.6764219040511,Fw
712,373.088,0.716397948893208,0.153628245413789,746.176,2019_yk_082,Yukon,2019,0.715715871261143,0.148603679299559,3.8191054915448e-4,667.490598772074,825.4646252546,1278.56,0.715147327912253,386.6764219040511,Fw
713,373.612,0.716025389403703,0.151599087747462,747.224,2019_yk_082,Yukon,2019,0.715783765732482,0.148928703686631,3.2502438707171e-4,667.490598772074,825.4646252546,1278.56,0.715147327912253,386.6764219040511,Fw
714,374.136,0.721885805158709,0.152530934104577,748.272,2019_yk_082,Yukon,2019,0.715730884894362,0.149206968372139,2.782646855074e-4,667.490598772074,825.4646252546,1278.56,0.715147327912253,386.6764219040511,Fw
715,374.66,0.710226027293283,0.150453500515551,749.32,2019_yk_082,Yukon,2019,0.715695617507712,0.149488703543446,2.817351713075e-4,667.490598772074,825.4646252546,1278.56,0.715147327912253,386.6764219040511,Fw
716,375.184,0.720374701617343,0.150083626296872,750.368,2019_yk_082,Yukon,2019,0.715861966177695,0.1497345461008,2.4584255735374e-4,667.490598772074,825.4646252546,1278.56,0.715147327912253,386.6764219040511,Fw
717,375.708,0.714321935797409,0.151562616024805,751.416,2019_yk_082,Yukon,2019,0.715868596908934,0.150007615046067,2.7306894526704e-4,667.490598772074,825.4646252546,1278.56,0.715147327912253,386.6764219040511,Fw
718,376.232,0.709683150804515,0.153553764006455,752.464,2019_yk_082,Yukon,2019,0.715891273513179,0.15030354023255799,2.9592518649157e-4,667.490598772074,825.4646252546,1278.56,0.715147327912253,386.6764219040511,Fw
719,376.756,0.722231469497439,0.154517831184913,753.512,2019_yk_082,Yukon,2019,0.715680066767222,0.150560737728496,2.5719749593769e-4,667.490598772074,825.4646252546,1278.56,0.715147327912253,386.6764219040511,Fw
720,377.28,0.713723278549296,0.153488724548218,754.56,2019_yk_082,Yukon,2019,0.715728492316541,0.150800020527712,2.3928279921628e-4,667.490598772074,825.4646252546,1278.56,0.715147327912253,386.6764219040511,Fw
721,377.804,0.717374544448821,0.152860978052687,755.608,2019_yk_082,Yukon,2019,0.715554200977642,0.151094925232867,2.9490470515442e-4,667.490598772074,825.4646252546,1278.56,0.715147327912253,386.6764219040511,Fw
722,378.328,0.709681501141336,0.152260858013862,756.656,2019_yk_082,Yukon,2019,0.715436300457413,0.151375931273358,2.8100604049122e-4,667.490598772074,825.4646252546,1278.56,0.715147327912253,386.6764219040511,Fw
723,378.852,0.720427366140593,0.153740997672927,757.704,2019_yk_082,Yukon,2019,0.715357385844919,0.151565375560517,1.8944428715891e-4,667.490598772074,825.4646252546,1278.56,0.715147327912253,386.6764219040511,Fw
724,379.376,0.71572206284137,0.152821724252409,758.752,2019_yk_082,Yukon,2019,0.715416445782206,0.151824623685432,2.5924812491509e-4,667.490598772074,825.4646252546,1278.56,0.715147327912253,386.6764219040511,Fw
725,379.9,0.710318220418161,0.150821463770918,759.8,2019_yk_082,Yukon,2019,0.715508978338802,0.152016539297932,1.9191561249956e-4,667.490598772074,825.4646252546,1278.56,0.715147327912253,386.6764219040511,Fw
726,380.424,0.711254987082718,0.15222672117059,760.848,2019_yk_082,Yukon,2019,0.715544031051535,0.152234423409815,2.1788411188328e-4,667.490598772074,825.4646252546,1278.56,0.715147327912253,386.6764219040511,Fw
727,380.948,0.72713400507383,0.150746280932321,761.896,2019_yk_082,Yukon,2019,0.715551673482512,0.152388730962593,1.5430755277792e-4,667.490598772074,825.4646252546,1278.56,0.715147327912253,386.6764219040511,Fw
728,381.472,0.713436651706082,0.152871428982363,762.944,2019_yk_082,Yukon,2019,0.715580206148776,0.152611701017383,2.2297005479024e-4,667.490598772074,825.4646252546,1278.56,0.715147327912253,386.6764219040511,Fw
729,381.996,0.718485209335034,0.155459258609642,763.992,2019_yk_082,Yukon,2019,0.715583108515642,0.152831431069567,2.1973005218392e-4,667.490598772074,825.4646252546,1278.56,0.715147327912253,386.6764219040511,Fw
730,382.52,0.71685627103874,0.152898194023532,765.04,2019_yk_082,Yukon,2019,0.715665548314732,0.152954071291744,1.2264022217717e-4,667.490598772074,825.4646252546,1278.56,0.715147327912253,386.6764219040511,Fw
731,383.044,0.710809250388248,0.152096043168205,766.088,2019_yk_082,Yukon,2019,0.715594282354938,0.152955704750899,1.63345915432656e-6,667.490598772074,825.4646252546,1278.56,0.715147327912253,386.6764219040511,Fw
732,383.568,0.714883971914423,0.150044150035318,767.136,2019_yk_082,Yukon,2019,0.715643164432277,0.153029943329585,7.42385786859923e-5,667.490598772074,825.4646252546,1278.56,0.715147327912253,386.6764219040511,Fw
733,384.092,0.718972033263089,0.155296505713672,768.184,2019_yk_082,Yukon,2019,0.71558741962307,0.153096129542735,6.61862131506319e-5,667.490598772074,825.4646252546,1278.56,0.715147327912253,386.6764219040511,Fw
734,384.616,0.712735548177333,0.15292623430812,769.232,2019_yk_082,Yukon,2019,0.715547766880252,0.153127657516904,3.15279741692487e-5,667.490598772074,825.4646252546,1278.56,0.715147327912253,386.6764219040511,Fw
735,385.14,0.714385220878375,0.153418078317993,770.28,2019_yk_082,Yukon,2019,0.71547298401047,0.153170821274765,4.31637578609811e-5,667.490598772074,825.4646252546,1278.56,0.715147327912253,386.6764219040511,Fw
736,385.664,0.712776414372522,0.157402742400483,771.328,2019_yk_082,Yukon,2019,0.715508628884002,0.153186637403301,1.58161285361003e-5,667.490598772074,825.4646252546,1278.56,0.715147327912253,386.6764219040511,Fw
737,386.188,0.719819748468731,0.150832677935333,772.376,2019_yk_082,Yukon,2019,0.71554407020541,0.153108808570294,-7.78288330074706e-5,667.490598772074,825.4646252546,1278.56,0.715147327912253,386.6764219040511,Fw
738,386.712,0.715779089699461,0.150218111210854,773.424,2019_yk_082,Yukon,2019,0.715482523484237,0.153055211135838,-5.35974344561263e-5,667.490598772074,825.4646252546,1278.56,0.715147327912253,386.6764219040511,Fw
739,387.236,0.712833526002532,0.151959280879612,774.472,2019_yk_082,Yukon,2019,0.715430166697074,0.153035538547989,-1.96725878489623e-5,667.490598772074,825.4646252546,1278.56,0.715147327912253,386.6764219040511,Fw
740,387.76,0.718975377616737,0.150353377303773,775.52,2019_yk_082,Yukon,2019,0.715397035238138,0.152946154193389,-8.9384354600347e-5,667.490598772074,825.4646252546,1278.56,0.715147327912253,386.6764219040511,Fw
741,388.284,0.713971352121115,0.152272067364022,776.568,2019_yk_082,Yukon,2019,0.715377238055475,0.152910630163417,-3.55240299720061e-5,667.490598772074,825.4646252546,1278.56,0.715147327912253,386.6764219040511,Fw
742,388.808,0.714884047510161,0.156385964035733,777.616,2019_yk_082,Yukon,2019,0.715288288446413,0.152849006457518,-6.16237058982949e-5,667.490598772074,825.4646252546,1278.56,0.715147327912253,386.6764219040511,Fw
743,389.332,0.718410128061205,0.156525359663997,778.664,2019_yk_082,Yukon,2019,0.715327204478864,0.152815040487958,-3.3965969559957e-5,667.490598772074,825.4646252546,1278.56,0.715147327912253,386.6764219040511,Fw
744,389.856,0.710712617499232,0.152671349634225,779.712,2019_yk_082,Yukon,2019,0.715176756175399,0.152755987362787,-5.90531251717652e-5,667.490598772074,825.4646252546,1278.56,0.715147327912253,386.6764219040511,Fw
745,390.38,0.709784208673395,0.154743534932539,780.76,2019_yk_082,Yukon,2019,0.715324851329001,0.152704278335659,-5.17090271270892e-5,667.490598772074,825.4646252546,1278.56,0.715147327912253,386.6764219040511,Fw
746,390.904,0.721869326456467,0.151275476516682,781.808,2019_yk_082,Yukon,2019,0.71525861379549,0.152649523659165,-5.4754676494212e-5,667.490598772074,825.4646252546,1278.56,0.715147327912253,386.6764219040511,Fw
747,391.428,0.716180205372805,0.15173529384126,782.856,2019_yk_082,Yukon,2019,0.715296267234262,0.152638012199363,-1.15114598022437e-5,667.490598772074,825.4646252546,1278.56,0.715147327912253,386.6764219040511,Fw
748,391.952,0.714819238980086,0.154792307486112,783.904,2019_yk_082,Yukon,2019,0.715425669218991,0.152545065093416,-9.29471059474274e-5,667.490598772074,825.4646252546,1278.56,0.715147327912253,386.6764219040511,Fw
749,392.476,0.711749985255491,0.154564040412163,784.952,2019_yk_082,Yukon,2019,0.715208165596432,0.152428395640848,-1.1666945256744e-4,667.490598772074,825.4646252546,1278.56,0.715147327912253,386.6764219040511,Fw
750,393,0.72044730579566,0.154361092076676,786,2019_yk_082,Yukon,2019,0.715234557436532,0.152305493404163,-1.2290223668545e-4,667.490598772074,825.4646252546,1278.56,0.715147327912253,386.6764219040511,Fw
751,393.524,0.707573898011941,0.157396609725452,787.048,2019_yk_082,Yukon,2019,0.715219097153556,0.152224699635515,-8.07937686472804e-5,667.490598772074,825.4646252546,1278.56,0.715147327912253,386.6764219040511,Fw
752,394.048,0.713106720163703,0.157676448713098,788.096,2019_yk_082,Yukon,2019,0.715298782964956,0.152145268851361,-7.94307841544828e-5,667.490598772074,825.4646252546,1278.56,0.715147327912253,386.6764219040511,Fw
753,394.572,0.715033276262762,0.154499705457615,789.144,2019_yk_082,Yukon,2019,0.715131128005129,0.152077318542025,-6.79503093359013e-5,667.490598772074,825.4646252546,1278.56,0.715147327912253,386.6764219040511,Fw
754,395.096,0.713588670965993,0.158123831537604,790.192,2019_yk_082,Yukon,2019,0.715126213860717,0.152021184941069,-5.61336009556324e-5,667.490598772074,825.4646252546,1278.56,0.715147327912253,386.6764219040511,Fw
755,395.62,0.721060654291709,0.154965710611414,791.24,2019_yk_082,Yukon,2019,0.715327778217685,0.152053159005647,3.19740645774724e-5,667.490598772074,825.4646252546,1278.56,0.715147327912253,386.6764219040511,Fw
756,396.144,0.714522046035897,0.1566218749443,792.288,2019_yk_082,Yukon,2019,0.715413905955887,0.151997747108812,-5.54118968343897e-5,667.490598772074,825.4646252546,1278.56,0.715147327912253,386.6764219040511,Fw
757,396.668,0.717267327151236,0.15480277727654,793.336,2019_yk_082,Yukon,2019,0.715150879350463,0.151964923185251,-3.2823923561881e-5,667.490598772074,825.4646252546,1278.56,0.715147327912253,386.6764219040511,Fw
758,397.192,0.709073058883608,0.156687500081937,794.384,2019_yk_082,Yukon,2019,0.715020092476076,0.15185888142082,-1.0604176443007e-4,667.490598772074,825.4646252546,1278.56,0.715147327912253,386.6764219040511,Fw
759,397.716,0.712732045906818,0.156086299256408,795.432,2019_yk_082,Yukon,2019,0.714982096091785,0.151716953697665,-1.4192772315577e-4,667.490598772074,825.4646252546,1278.56,0.715147327912253,386.6764219040511,Fw
760,398.24,0.71965396336442,0.152889272268799,796.48,2019_yk_082,Yukon,2019,0.714937772432907,0.151584077295006,-1.3287640265877e-4,667.490598772074,825.4646252546,1278.56,0.715147327912253,386.6764219040511,Fw
761,398.764,0.716112699406658,0.149606952403655,797.528,2019_yk_082,Yukon,2019,0.715044992749265,0.15146743530209,-1.1664199291613e-4,667.490598772074,825.4646252546,1278.56,0.715147327912253,386.6764219040511,Fw
762,399.288,0.719058098893601,0.150349301239279,798.576,2019_yk_082,Yukon,2019,0.71523250026017,0.151439366126621,-2.80691754692142e-5,667.490598772074,825.4646252546,1278.56,0.715147327912253,386.6764219040511,Fw
763,399.812,0.713862728101293,0.153645080970129,799.624,2019_yk_082,Yukon,2019,0.715239068621016,0.151275614547494,-1.6375157912637e-4,667.490598772074,825.4646252546,1278.56,0.715147327912253,386.6764219040511,Fw
764,400.336,0.718145082893793,0.153322190529867,800.672,2019_yk_082,Yukon,2019,0.715168511949369,0.151153958930274,-1.2165561721977e-4,667.490598772074,825.4646252546,1278.56,0.715147327912253,386.6764219040511,Fw
765,400.86,0.715206923726945,0.153166136211878,801.72,2019_yk_082,Yukon,2019,0.715342406888505,0.15096929529488,-1.8466363539479e-4,667.490598772074,825.4646252546,1278.56,0.715147327912253,386.6764219040511,Fw
766,401.384,0.714078985603566,0.151410366386304,802.768,2019_yk_082,Yukon,2019,0.715231425787614,0.150761592769936,-2.0770252494414e-4,667.490598772074,825.4646252546,1278.56,0.715147327912253,386.6764219040511,Fw
767,401.908,0.717985746600891,0.147319402370387,803.816,2019_yk_082,Yukon,2019,0.715196952546259,0.150621918139335,-1.3967463060049e-4,667.490598772074,825.4646252546,1278.56,0.715147327912253,386.6764219040511,Fw
768,402.432,0.714779004737723,0.14790844141564,804.864,2019_yk_082,Yukon,2019,0.7152151942386,0.15049622566638,-1.2569247295468e-4,667.490598772074,825.4646252546,1278.56,0.715147327912253,386.6764219040511,Fw
769,402.956,0.711776248705426,0.149141432939363,805.912,2019_yk_082,Yukon,2019,0.715312745287331,0.150370601117637,-1.2562454874381e-4,667.490598772074,825.4646252546,1278.56,0.715147327912253,386.6764219040511,Fw
770,403.48,0.71275533853196,0.14841416249267,806.96,2019_yk_082,Yukon,2019,0.715202068593473,0.150289239246077,-8.13618715594933e-5,667.490598772074,825.4646252546,1278.56,0.715147327912253,386.6764219040511,Fw
771,404.004,0.714902642339878,0.148604390411985,808.008,2019_yk_082,Yukon,2019,0.715310335597802,0.150152237177613,-1.3700206846353e-4,667.490598772074,825.4646252546,1278.56,0.715147327912253,386.6764219040511,Fw
772,404.528,0.711060972349453,0.14993082305989,809.056,2019_yk_082,Yukon,2019,0.715404700424557,0.149940423200659,-2.1181397695496e-4,667.490598772074,825.4646252546,1278.56,0.715147327912253,386.6764219040511,Fw
773,405.052,0.71836035135078,0.149561129573864,810.104,2019_yk_082,Yukon,2019,0.715376389317535,0.149766067311143,-1.7435588951567e-4,667.490598772074,825.4646252546,1278.56,0.715147327912253,386.6764219040511,Fw
774,405.576,0.712858906950802,0.14898774659427,811.152,2019_yk_082,Yukon,2019,0.715408565668178,0.149650887355706,-1.1517995543666e-4,667.490598772074,825.4646252546,1278.56,0.715147327912253,386.6764219040511,Fw
775,406.1,0.719111736509395,0.147350958887926,812.2,2019_yk_082,Yukon,2019,0.715423830480486,0.149478396697368,-1.7249065833854e-4,667.490598772074,825.4646252546,1278.56,0.715147327912253,386.6764219040511,Fw
776,406.624,0.716400449606707,0.146798345707219,813.248,2019_yk_082,Yukon,2019,0.715311958927739,0.149362029107668,-1.1636758969937e-4,667.490598772074,825.4646252546,1278.56,0.715147327912253,386.6764219040511,Fw
777,407.148,0.716581142123734,0.15087192843667,814.296,2019_yk_082,Yukon,2019,0.715235348871058,0.149206625693205,-1.5540341446318e-4,667.490598772074,825.4646252546,1278.56,0.715147327912253,386.6764219040511,Fw
778,407.672,0.717447269888266,0.147976937649609,815.344,2019_yk_082,Yukon,2019,0.715296275033831,0.148999578433747,-2.0704725945794e-4,667.490598772074,825.4646252546,1278.56,0.715147327912253,386.6764219040511,Fw
779,408.196,0.709181252143855,0.147517664030865,816.392,2019_yk_082,Yukon,2019,0.715234910047481,0.14879797666699,-2.0160176675759e-4,667.490598772074,825.4646252546,1278.56,0.715147327912253,386.6764219040511,Fw
780,408.72,0.715306788955324,0.14611459034709,817.44,2019_yk_082,Yukon,2019,0.715229057819936,0.14857398770252,-2.2398896446906e-4,667.490598772074,825.4646252546,1278.56,0.715147327912253,386.6764219040511,Fw
781,409.244,0.716446927470278,0.148013351933851,818.488,2019_yk_082,Yukon,2019,0.715272491244471,0.148270902873431,-3.0308482908977e-4,667.490598772074,825.4646252546,1278.56,0.715147327912253,386.6764219040511,Fw
782,409.768,0.714462649825303,0.147495010964592,819.536,2019_yk_082,Yukon,2019,0.715319227166474,0.147985353953957,-2.8554891947366e-4,667.490598772074,825.4646252546,1278.56,0.715147327912253,386.6764219040511,Fw
783,410.292,0.710368068550964,0.149663979112772,820.584,2019_yk_082,Yukon,2019,0.715314965119396,0.147698099972935,-2.8725398102175e-4,667.490598772074,825.4646252546,1278.56,0.715147327912253,386.6764219040511,Fw
784,410.816,0.715427214176669,0.149453708195071,821.632,2019_yk_082,Yukon,2019,0.715310023410441,0.147300850698028,-3.9724927490722e-4,667.490598772074,825.4646252546,1278.56,0.715147327912253,386.6764219040511,Fw
785,411.34,0.72241208183621,0.152739907645566,822.68,2019_yk_082,Yukon,2019,0.715257783344743,0.146950188952156,-3.5066174587161e-4,667.490598772074,825.4646252546,1278.56,0.715147327912253,386.6764219040511,Fw
786,411.864,0.716422651374843,0.148902007360528,823.728,2019_yk_082,Yukon,2019,0.715200773241023,0.146551213450473,-3.9897550168319e-4,667.490598772074,825.4646252546,1278.56,0.715147327912253,386.6764219040511,Fw
787,412.388,0.711352408748416,0.148776845518608,824.776,2019_yk_082,Yukon,2019,0.715130624513329,0.146174085002228,-3.7712844824475e-4,667.490598772074,825.4646252546,1278.56,0.715147327912253,386.6764219040511,Fw
788,412.912,0.705589439242861,0.146508923116557,825.824,2019_yk_082,Yukon,2019,0.71528275154071,0.145788954626826,-3.8513037540269e-4,667.490598772074,825.4646252546,1278.56,0.715147327912253,386.6764219040511,Fw
789,413.436,0.716205426277542,0.14694359522029601,826.872,2019_yk_082,Yukon,2019,0.715358844301912,0.145368182266735,-4.2077236009072e-4,667.490598772074,825.4646252546,1278.56,0.715147327912253,386.6764219040511,Fw
790,413.96,0.714196851506052,0.144925609864006,827.92,2019_yk_082,Yukon,2019,0.715204220670863,0.144977344020286,-3.9083824644942e-4,667.490598772074,825.4646252546,1278.56,0.715147327912253,386.6764219040511,Fw
791,414.484,0.717242469369775,0.145097523593237,828.968,2019_yk_082,Yukon,2019,0.71523323446738,0.144656869417035,-3.2047460325038e-4,667.490598772074,825.4646252546,1278.56,0.715147327912253,386.6764219040511,Fw
792,415.008,0.726134422568702,0.148359999507166,830.016,2019_yk_082,Yukon,2019,0.715087720097303,0.144293450844535,-3.6341857249991e-4,667.490598772074,825.4646252546,1278.56,0.715147327912253,386.6764219040511,Fw
793,415.532,0.719366134913862,0.145471410966088,831.064,2019_yk_082,Yukon,2019,0.715186676300465,0.143947801025305,-3.4564981922985e-4,667.490598772074,825.4646252546,1278.56,0.715147327912253,386.6764219040511,Fw
794,416.056,0.708502147878489,0.145626897274934,832.112,2019_yk_082,Yukon,2019,0.715121128504758,0.143543846989974,-4.0395403533194e-4,667.490598772074,825.4646252546,1278.56,0.715147327912253,386.6764219040511,Fw
795,416.58,0.724818917226565,0.142338260194307,833.16,2019_yk_082,Yukon,2019,0.715098630566713,0.143125834715205,-4.180122747682e-4,667.490598772074,825.4646252546,1278.56,0.715147327912253,386.6764219040511,Fw
796,417.104,0.706117548319015,0.144940590903834,834.208,2019_yk_082,Yukon,2019,0.7149590181724,0.142783154403711,-3.4268031149392e-4,667.490598772074,825.4646252546,1278.56,0.715147327912253,386.6764219040511,Fw
797,417.628,0.71775135398747,0.142452200099304,835.256,2019_yk_082,Yukon,2019,0.715017558280285,0.14251330105847,-2.6985334524118e-4,667.490598772074,825.4646252546,1278.56,0.715147327912253,386.6764219040511,Fw
798,418.152,0.716873591239897,0.142676562833574,836.304,2019_yk_082,Yukon,2019,0.715154740935268,0.142232772130399,-2.8052892807109e-4,667.490598772074,825.4646252546,1278.56,0.715147327912253,386.6764219040511,Fw
799,418.676,0.718686588926378,0.144421807954982,837.352,2019_yk_082,Yukon,2019,0.71528859328567,0.141967597204824,-2.651749255747e-4,667.490598772074,825.4646252546,1278.56,0.715147327912253,386.6764219040511,Fw
800,419.2,0.712334775985271,0.145471665010203,838.4,2019_yk_082,Yukon,2019,0.715266674756156,0.141631735066757,-3.3586213806716e-4,667.490598772074,825.4646252546,1278.56,0.715147327912253,386.6764219040511,Fw
801,419.724,0.720467372380849,0.144051943256211,839.448,2019_yk_082,Yukon,2019,0.71525141997024,0.141268926973498,-3.6280809325919e-4,667.490598772074,825.4646252546,1278.56,0.715147327912253,386.6764219040511,Fw
802,420.248,0.720545937115494,0.143677125418435,840.496,2019_yk_082,Yukon,2019,0.715363092751243,0.140861183364794,-4.0774360870365e-4,667.490598772074,825.4646252546,1278.56,0.715147327912253,386.6764219040511,Fw
803,420.772,0.716711461639861,0.146064006293056,841.544,2019_yk_082,Yukon,2019,0.71528815270517,0.140462073723129,-3.9910964166581e-4,667.490598772074,825.4646252546,1278.56,0.715147327912253,386.6764219040511,Fw
804,421.296,0.712643198537795,0.145760552308026,842.592,2019_yk_082,Yukon,2019,0.715270572136494,0.140059568245127,-4.025054780018e-4,667.490598772074,825.4646252546,1278.56,0.715147327912253,386.6764219040511,Fw
805,421.82,0.710700097411925,0.144394095432226,843.64,2019_yk_082,Yukon,2019,0.715120020145774,0.13966476002493,-3.9480822019646e-4,667.490598772074,825.4646252546,1278.56,0.715147327912253,386.6764219040511,Fw
806,422.344,0.71515703329161,0.144293421134719,844.688,2019_yk_082,Yukon,2019,0.715182013734896,0.139270154159679,-3.946058652513e-4,667.490598772074,825.4646252546,1278.56,0.715147327912253,386.6764219040511,Fw
807,422.868,0.711583601971945,0.142411088973468,845.736,2019_yk_082,Yukon,2019,0.715172099726997,0.13877949803712,-4.9065612255949e-4,667.490598772074,825.4646252546,1278.56,0.715147327912253,386.6764219040511,Fw
808,423.392,0.718474808746482,0.142369471918635,846.784,2019_yk_082,Yukon,2019,0.715042007829877,0.138333525226835,-4.4597281028449e-4,667.490598772074,825.4646252546,1278.56,0.715147327912253,386.6764219040511,Fw
809,423.916,0.708068086074489,0.142467934406707,847.832,2019_yk_082,Yukon,2019,0.715229679877618,0.137896250458991,-4.3727476784366e-4,667.490598772074,825.4646252546,1278.56,0.715147327912253,386.6764219040511,Fw
810,424.44,0.720096172142991,0.140921754208533,848.88,2019_yk_082,Yukon,2019,0.715205690711547,0.137455053167007,-4.4119729198471e-4,667.490598772074,825.4646252546,1278.56,0.715147327912253,386.6764219040511,Fw
811,424.964,0.710179903484021,0.139211519980064,849.928,2019_yk_082,Yukon,2019,0.715279176378948,0.136954640165732,-5.0041300127445e-4,667.490598772074,825.4646252546,1278.56,0.715147327912253,386.6764219040511,Fw
812,425.488,0.71591087548386,0.140543513544679,850.976,2019_yk_082,Yukon,2019,0.715330060664248,0.13645897320302,-4.9566696271269e-4,667.490598772074,825.4646252546,1278.56,0.715147327912253,386.6764219040511,Fw
813,426.012,0.714777553438107,0.137264466596309,852.024,2019_yk_082,Yukon,2019,0.715357946362836,0.135921625921812,-5.3734728120763e-4,667.490598772074,825.4646252546,1278.56,0.715147327912253,386.6764219040511,Fw
814,426.536,0.713292168428676,0.134288875043171,853.072,2019_yk_082,Yukon,2019,0.715544069013687,0.135377165632078,-5.4446028973384e-4,667.490598772074,825.4646252546,1278.56,0.715147327912253,386.6764219040511,Fw
815,427.06,0.717926250349815,0.133926005859117,854.12,2019_yk_082,Yukon,2019,0.715501971135568,0.134776743946945,-6.0042168513263e-4,667.490598772074,825.4646252546,1278.56,0.715147327912253,386.6764219040511,Fw
816,427.584,0.711101439812699,0.132683344843309,855.168,2019_yk_082,Yukon,2019,0.715528135514211,0.134260910081745,-5.1583386520034e-4,667.490598772074,825.4646252546,1278.56,0.715147327912253,386.6764219040511,Fw
817,428.108,0.713058403489625,0.132175070381855,856.216,2019_yk_082,Yukon,2019,0.715645684193333,0.133733810349648,-5.2709973209749e-4,667.490598772074,825.4646252546,1278.56,0.715147327912253,386.6764219040511,Fw
818,428.632,0.718200680526447,0.133579677557777,857.264,2019_yk_082,Yukon,2019,0.715970028460507,0.133218713075859,-5.1509727378848e-4,667.490598772074,825.4646252546,1278.56,0.715147327912253,386.6764219040511,Fw
819,429.156,0.717297611578967,0.130839957650965,858.312,2019_yk_082,Yukon,2019,0.716040427158337,0.1327191651267,-4.9954794915904e-4,667.490598772074,825.4646252546,1278.56,0.715147327912253,386.6764219040511,Fw
820,429.68,0.710376545501466,0.129438977481835,859.36,2019_yk_082,Yukon,2019,0.716032011126418,0.132245608620733,-4.7355650596694e-4,667.490598772074,825.4646252546,1278.56,0.715147327912253,386.6764219040511,Fw
821,430.204,0.717853527197662,0.130378476208631,860.408,2019_yk_082,Yukon,2019,0.715895508665923,0.131746882965561,-4.9872565517242e-4,667.490598772074,825.4646252546,1278.56,0.715147327912253,386.6764219040511,Fw
822,430.728,0.710327236689018,0.128544186889285,861.456,2019_yk_082,Yukon,2019,0.71575763126351,0.131210474567426,-5.3640839813431e-4,667.490598772074,825.4646252546,1278.56,0.715147327912253,386.6764219040511,Fw
823,431.252,0.719800100290991,0.132906091816338,862.504,2019_yk_082,Yukon,2019,0.715696020478298,0.130755180598709,-4.5529396871699e-4,667.490598772074,825.4646252546,1278.56,0.715147327912253,386.6764219040511,Fw
824,431.776,0.714212215151338,0.12908494840995,863.552,2019_yk_082,Yukon,2019,0.715738097351865,0.130274487949456,-4.8069264925354e-4,667.490598772074,825.4646252546,1278.56,0.715147327912253,386.6764219040511,Fw
825,432.3,0.713857047444247,0.128085399725785,864.6,2019_yk_082,Yukon,2019,0.715696534424893,0.129892443101837,-3.8204484761927e-4,667.490598772074,825.4646252546,1278.56,0.715147327912253,386.6764219040511,Fw
826,432.824,0.70570224194483,0.13084954769667,865.648,2019_yk_082,Yukon,2019,0.715868469344682,0.129405748134335,-4.8669496750153e-4,667.490598772074,825.4646252546,1278.56,0.715147327912253,386.6764219040511,Fw
827,433.348,0.721498153073957,0.131128201655916,866.696,2019_yk_082,Yukon,2019,0.715880970616491,0.128981341097293,-4.2440703704216e-4,667.490598772074,825.4646252546,1278.56,0.715147327912253,386.6764219040511,Fw
828,433.872,0.72300996403672,0.131076705731374,867.744,2019_yk_082,Yukon,2019,0.715775627044027,0.128543112259721,-4.3822883757158e-4,667.490598772074,825.4646252546,1278.56,0.715147327912253,386.6764219040511,Fw
829,434.396,0.719807389729563,0.133230937404881,868.792,2019_yk_082,Yukon,2019,0.715706667878938,0.128051700269676,-4.9141199004476e-4,667.490598772074,825.4646252546,1278.56,0.715147327912253,386.6764219040511,Fw
830,434.92,0.711440226761116,0.128262434208642,869.84,2019_yk_082,Yukon,2019,0.715739480780293,0.127556271005283,-4.9542926439355e-4,667.490598772074,825.4646252546,1278.56,0.715147327912253,386.6764219040511,Fw
831,435.444,0.713987355184881,0.126835904816432,870.888,2019_yk_082,Yukon,2019,0.715733744809524,0.127108425668397,-4.4784533688596e-4,667.490598772074,825.4646252546,1278.56,0.715147327912253,386.6764219040511,Fw
832,435.968,0.717761339209643,0.12546620653767,871.936,2019_yk_082,Yukon,2019,0.71550001460567,0.126585844225399,-5.2258144299816e-4,667.490598772074,825.4646252546,1278.56,0.715147327912253,386.6764219040511,Fw
833,436.492,0.713863948586397,0.125614551073915,872.984,2019_yk_082,Yukon,2019,0.715362047225811,0.126052881884267,-5.3296234113151e-4,667.490598772074,825.4646252546,1278.56,0.715147327912253,386.6764219040511,Fw
834,437.016,0.711804072830261,0.124837417914162,874.032,2019_yk_082,Yukon,2019,0.715381165555751,0.125501754003617,-5.5112788065037e-4,667.490598772074,825.4646252546,1278.56,0.715147327912253,386.6764219040511,Fw
835,437.54,0.710078617066202,0.123662465676139,875.08,2019_yk_082,Yukon,2019,0.715489899960222,0.125004240723622,-4.9751327999508e-4,667.490598772074,825.4646252546,1278.56,0.715147327912253,386.6764219040511,Fw
836,438.064,0.720120064953988,0.123121993792141,876.128,2019_yk_082,Yukon,2019,0.715621222301076,0.124493199563778,-5.1104115984351e-4,667.490598772074,825.4646252546,1278.56,0.715147327912253,386.6764219040511,Fw
837,438.588,0.715986301649855,0.121432561083099,877.176,2019_yk_082,Yukon,2019,0.715639374402881,0.124004655690295,-4.8854387348326e-4,667.490598772074,825.4646252546,1278.56,0.715147327912253,386.6764219040511,Fw
838,439.112,0.709641756061018,0.121218569032538,878.224,2019_yk_082,Yukon,2019,0.715799271218589,0.123490611853855,-5.1404383644024e-4,667.490598772074,825.4646252546,1278.56,0.715147327912253,386.6764219040511,Fw
839,439.636,0.720441575008336,0.121281177960246,879.272,2019_yk_082,Yukon,2019,0.715968656089623,0.123009415084522,-4.8119676933317e-4,667.490598772074,825.4646252546,1278.56,0.715147327912253,386.6764219040511,Fw
840,440.16,0.71386743899106,0.119642752828008,880.32,2019_yk_082,Yukon,2019,0.71594769042929,0.122587003013486,-4.2241207103607e-4,667.490598772074,825.4646252546,1278.56,0.715147327912253,386.6764219040511,Fw
841,440.684,0.720856067514371,0.117988571857382,881.368,2019_yk_082,Yukon,2019,0.716072395949232,0.122203637502788,-3.8336551069768e-4,667.490598772074,825.4646252546,1278.56,0.715147327912253,386.6764219040511,Fw
842,441.208,0.71751570694327,0.11775499320183,882.416,2019_yk_082,Yukon,2019,0.715946508037421,0.121791346455693,-4.1229104709453e-4,667.490598772074,825.4646252546,1278.56,0.715147327912253,386.6764219040511,Fw
843,441.732,0.712041210466229,0.117423142240314,883.464,2019_yk_082,Yukon,2019,0.716055204594888,0.121454488817948,-3.3685763774551e-4,667.490598772074,825.4646252546,1278.56,0.715147327912253,386.6764219040511,Fw
844,442.256,0.726594573227766,0.116786090811041,884.512,2019_yk_082,Yukon,2019,0.716098141043747,0.121145176276453,-3.0931254149482e-4,667.490598772074,825.4646252546,1278.56,0.715147327912253,386.6764219040511,Fw
845,442.78,0.719886209149048,0.116714606537608,885.56,2019_yk_082,Yukon,2019,0.715953263861852,0.120839932092619,-3.0524418383387e-4,667.490598772074,825.4646252546,1278.56,0.715147327912253,386.6764219040511,Fw
846,443.304,0.717992514093437,0.117951975448507,886.608,2019_yk_082,Yukon,2019,0.716086250961361,0.120553979196029,-2.8595289659022e-4,667.490598772074,825.4646252546,1278.56,0.715147327912253,386.6764219040511,Fw
847,443.828,0.718405329495731,0.117150861592756,887.656,2019_yk_082,Yukon,2019,0.716202662426922,0.12030142214019,-2.5255705583904e-4,667.490598772074,825.4646252546,1278.56,0.715147327912253,386.6764219040511,Fw
848,444.352,0.725050095273267,0.115603086689249,888.704,2019_yk_082,Yukon,2019,0.71615112037481,0.12003845570872,-2.6296643147019e-4,667.490598772074,825.4646252546,1278.56,0.715147327912253,386.6764219040511,Fw
849,444.876,0.720429348147379,0.116970718270753,889.752,2019_yk_082,Yukon,2019,0.716043694230971,0.119827917674273,-2.1053803444631e-4,667.490598772074,825.4646252546,1278.56,0.715147327912253,386.6764219040511,Fw
850,445.4,0.71369188959092,0.116512219505989,890.8,2019_yk_082,Yukon,2019,0.716200633080806,0.119607244031183,-2.2067364308983e-4,667.490598772074,825.4646252546,1278.56,0.715147327912253,386.6764219040511,Fw
851,445.924,0.709052321740068,0.11517398428289,891.848,2019_yk_082,Yukon,2019,0.716196684985222,0.119352149573602,-2.5509445758109e-4,667.490598772074,825.4646252546,1278.56,0.715147327912253,386.6764219040511,Fw
852,446.448,0.717861778423908,0.116175495619108,892.896,2019_yk_082,Yukon,2019,0.716400496238078,0.119147266545908,-2.0488302769436e-4,667.490598772074,825.4646252546,1278.56,0.715147327912253,386.6764219040511,Fw
853,446.972,0.715669487801154,0.118153772843068,893.944,2019_yk_082,Yukon,2019,0.716278411182522,0.118888962222767,-2.583043231412e-4,667.490598772074,825.4646252546,1278.56,0.715147327912253,386.6764219040511,Fw
854,447.496,0.711026760292487,0.116785338319722,894.992,2019_yk_082,Yukon,2019,0.716250966903501,0.118693030216982,-1.9593200578475e-4,667.490598772074,825.4646252546,1278.56,0.715147327912253,386.6764219040511,Fw
855,448.02,0.722325141608295,0.119415569337149,896.04,2019_yk_082,Yukon,2019,0.716366038200553,0.118495952421353,-1.9707779562944e-4,667.490598772074,825.4646252546,1278.56,0.715147327912253,386.6764219040511,Fw
856,448.544,0.7164336435063,0.115738892853742,897.088,2019_yk_082,Yukon,2019,0.716549678156654,0.118286165514294,-0.00020978690705900001,667.490598772074,825.4646252546,1278.56,0.715147327912253,386.6764219040511,Fw
857,449.068,0.718501430296045,0.116987777876775,898.136,2019_yk_082,Yukon,2019,0.716399277349948,0.118047004918729,-2.3916059556421e-4,667.490598772074,825.4646252546,1278.56,0.715147327912253,386.6764219040511,Fw
858,449.592,0.710552976892025,0.11638283257928,899.184,2019_yk_082,Yukon,2019,0.716418066127775,0.117793346052518,-2.5365886621153e-4,667.490598772074,825.4646252546,1278.56,0.715147327912253,386.6764219040511,Fw
859,450.116,0.714549039021043,0.114937088552295,900.232,2019_yk_082,Yukon,2019,0.716390193481864,0.117500300202824,-2.9304584969353e-4,667.490598772074,825.4646252546,1278.56,0.715147327912253,386.6764219040511,Fw
860,450.64,0.714303550066596,0.115745909146589,901.28,2019_yk_082,Yukon,2019,0.716385954017022,0.117315588257613,-1.8471194521135e-4,667.490598772074,825.4646252546,1278.56,0.715147327912253,386.6764219040511,Fw
861,451.164,0.720123214134675,0.117181223043053,902.328,2019_yk_082,Yukon,2019,0.71643862460712,0.117180152015939,-1.3543624167372e-4,667.490598772074,825.4646252546,1278.56,0.715147327912253,386.6764219040511,Fw
862,451.688,0.706522124884284,0.112322238838545,903.376,2019_yk_082,Yukon,2019,0.716474647720276,0.117045858329716,-1.3429368622354e-4,667.490598772074,825.4646252546,1278.56,0.715147327912253,386.6764219040511,Fw
863,452.212,0.708433418848318,0.114086265825166,904.424,2019_yk_082,Yukon,2019,0.716579021676178,0.116899787568236,-1.4607076147971e-4,667.490598772074,825.4646252546,1278.56,0.715147327912253,386.6764219040511,Fw
864,452.736,0.713790298334174,0.112692879469003,905.472,2019_yk_082,Yukon,2019,0.716538480271166,0.116788627475686,-1.1116009255049e-4,667.490598772074,825.4646252546,1278.56,0.715147327912253,386.6764219040511,Fw
865,453.26,0.717224161680196,0.114543298632521,906.52,2019_yk_082,Yukon,2019,0.716546137898874,0.116696561047909,-9.20664277765937e-5,667.490598772074,825.4646252546,1278.56,0.715147327912253,386.6764219040511,Fw
866,453.784,0.723036373742835,0.113630951544107,907.568,2019_yk_082,Yukon,2019,0.716678563930177,0.116614200281427,-8.23607664814652e-5,667.490598772074,825.4646252546,1278.56,0.715147327912253,386.6764219040511,Fw
867,454.308,0.712672728080246,0.113098456564473,908.616,2019_yk_082,Yukon,2019,0.716662303050504,0.116560481440101,-5.37188413263223e-5,667.490598772074,825.4646252546,1278.56,0.715147327912253,386.6764219040511,Fw
868,454.832,0.728068617689003,0.111526841732221,909.664,2019_yk_082,Yukon,2019,0.716775698667672,0.116535891640011,-2.45898000899025e-5,667.490598772074,825.4646252546,1278.56,0.715147327912253,386.6764219040511,Fw
869,455.356,0.718231178336524,0.113596128246716,910.712,2019_yk_082,Yukon,2019,0.716628319037467,0.116503865287939,-3.20263520721675e-5,667.490598772074,825.4646252546,1278.56,0.715147327912253,386.6764219040511,Fw
870,455.88,0.718838232522995,0.115577029946368,911.76,2019_yk_082,Yukon,2019,0.71657464178583,0.116495849980922,-8.01530701707853e-6,667.490598772074,825.4646252546,1278.56,0.715147327912253,386.6764219040511,Fw
871,456.404,0.717662234680539,0.116209589338203,912.808,2019_yk_082,Yukon,2019,0.716676494621676,0.116508228824354,1.23788434319289e-5,667.490598772074,825.4646252546,1278.56,0.715147327912253,386.6764219040511,Fw
872,456.928,0.70835760077522,0.115806050719008,913.856,2019_yk_082,Yukon,2019,0.716528921949044,0.116565448036915,5.7219212560633e-5,667.490598772074,825.4646252546,1278.56,0.715147327912253,386.6764219040511,Fw
873,457.452,0.721299346886117,0.117053008331578,914.904,2019_yk_082,Yukon,2019,0.716556359131464,0.116593556322027,2.81082851126546e-5,667.490598772074,825.4646252546,1278.56,0.715147327912253,386.6764219040511,Fw
874,457.976,0.715868355360233,0.115730122553481,915.952,2019_yk_082,Yukon,2019,0.716468534177929,0.116620789044428,2.72327224011409e-5,667.490598772074,825.4646252546,1278.56,0.715147327912253,386.6764219040511,Fw
875,458.5,0.709233619436066,0.115611354829086,917,2019_yk_082,Yukon,2019,0.716433481534306,0.116669700274971,4.89112305431388e-5,667.490598772074,825.4646252546,1278.56,0.715147327912253,386.6764219040511,Fw
876,459.024,0.719080665783264,0.115526171047895,918.048,2019_yk_082,Yukon,2019,0.716315848480229,0.11671848714612,4.87868711481626e-5,667.490598772074,825.4646252546,1278.56,0.715147327912253,386.6764219040511,Fw
877,459.548,0.720043091423316,0.117021647031513,919.096,2019_yk_082,Yukon,2019,0.716528129953615,0.116770662587937,5.21754418170012e-5,667.490598772074,825.4646252546,1278.56,0.715147327912253,386.6764219040511,Fw
878,460.072,0.715108157399677,0.117801691669564,920.144,2019_yk_082,Yukon,2019,0.716507456098924,0.116853345109638,8.26825217008637e-5,667.490598772074,825.4646252546,1278.56,0.715147327912253,386.6764219040511,Fw
879,460.596,0.710852042948677,0.118207675584186,921.192,2019_yk_082,Yukon,2019,0.716298829303678,0.116924071382841,7.07262732032032e-5,667.490598772074,825.4646252546,1278.56,0.715147327912253,386.6764219040511,Fw
880,461.12,0.719792876491544,0.116198558896444,922.24,2019_yk_082,Yukon,2019,0.716247581404575,0.117013373373904,8.93019910635368e-5,667.490598772074,825.4646252546,1278.56,0.715147327912253,386.6764219040511,Fw
881,461.644,0.717616641462644,0.115072808753766,923.288,2019_yk_082,Yukon,2019,0.716268357242224,0.117129445903689,1.1607252978497e-4,667.490598772074,825.4646252546,1278.56,0.715147327912253,386.6764219040511,Fw
882,462.168,0.722555911860358,0.116251205227622,924.336,2019_yk_082,Yukon,2019,0.716243105136227,0.117217403169485,8.79572657954131e-5,667.490598772074,825.4646252546,1278.56,0.715147327912253,386.6764219040511,Fw
883,462.692,0.712474996957634,0.117407832427865,925.384,2019_yk_082,Yukon,2019,0.716357944479192,0.117294684532199,7.72813627140795e-5,667.490598772074,825.4646252546,1278.56,0.715147327912253,386.6764219040511,Fw
884,463.216,0.712565558410074,0.117329028062865,926.432,2019_yk_082,Yukon,2019,0.716481147411161,0.117384571042628,8.98865104291963e-5,667.490598772074,825.4646252546,1278.56,0.715147327912253,386.6764219040511,Fw
885,463.74,0.720761325267345,0.116260731988017,927.48,2019_yk_082,Yukon,2019,0.716304724692281,0.117496174602012,1.1160355938379e-4,667.490598772074,825.4646252546,1278.56,0.715147327912253,386.6764219040511,Fw
886,464.264,0.716720639310893,0.11826233327313,928.528,2019_yk_082,Yukon,2019,0.716322646616619,0.117647333992762,1.5115939075044e-4,667.490598772074,825.4646252546,1278.56,0.715147327912253,386.6764219040511,Fw
887,464.788,0.712474104671636,0.116778565922064,929.576,2019_yk_082,Yukon,2019,0.716375588287398,0.117728977892378,8.16438996156382e-5,667.490598772074,825.4646252546,1278.56,0.715147327912253,386.6764219040511,Fw
888,465.312,0.724137290706348,0.115857173758682,930.624,2019_yk_082,Yukon,2019,0.716459070497007,0.117807943444974,7.89655525966632e-5,667.490598772074,825.4646252546,1278.56,0.715147327912253,386.6764219040511,Fw
889,465.836,0.718135030974868,0.115648186423268,931.672,2019_yk_082,Yukon,2019,0.716432793034614,0.11792280700569,1.1486356071528e-4,667.490598772074,825.4646252546,1278.56,0.715147327912253,386.6764219040511,Fw
890,466.36,0.711185858870614,0.11717971749596,932.72,2019_yk_082,Yukon,2019,0.716488988386494,0.118020149872357,9.7342866667488e-5,667.490598772074,825.4646252546,1278.56,0.715147327912253,386.6764219040511,Fw
891,466.884,0.717147590590738,0.118709730316009,933.768,2019_yk_082,Yukon,2019,0.716310119776653,0.118098887800329,7.87379279717088e-5,667.490598772074,825.4646252546,1278.56,0.715147327912253,386.6764219040511,Fw
892,467.408,0.719922725999053,0.117408585364256,934.816,2019_yk_082,Yukon,2019,0.716405786658731,0.118264561948632,1.6567414830261e-4,667.490598772074,825.4646252546,1278.56,0.715147327912253,386.6764219040511,Fw
893,467.932,0.72012638594052,0.116850305385132,935.864,2019_yk_082,Yukon,2019,0.716704141348235,0.118396096407585,1.3153445895344e-4,667.490598772074,825.4646252546,1278.56,0.715147327912253,386.6764219040511,Fw
894,468.456,0.7093715885295,0.118167812361133,936.912,2019_yk_082,Yukon,2019,0.716660695318943,0.118532157852747,1.3606144516228e-4,667.490598772074,825.4646252546,1278.56,0.715147327912253,386.6764219040511,Fw
895,468.98,0.710538074728687,0.118138480009544,937.96,2019_yk_082,Yukon,2019,0.716467351906565,0.118659202350663,1.2704449791534e-4,667.490598772074,825.4646252546,1278.56,0.715147327912253,386.6764219040511,Fw
896,469.504,0.728065626832146,0.118180347803253,939.008,2019_yk_082,Yukon,2019,0.71640241047732,0.118796345493901,1.3714314323876e-4,667.490598772074,825.4646252546,1278.56,0.715147327912253,386.6764219040511,Fw
897,470.028,0.71501064886949794,0.11820943060352,940.056,2019_yk_082,Yukon,2019,0.716375282814812,0.11892312983463,1.2678434072899e-4,667.490598772074,825.4646252546,1278.56,0.715147327912253,386.6764219040511,Fw
898,470.552,0.716445493091077,0.119743181027144,941.104,2019_yk_082,Yukon,2019,0.716205213143395,0.119124170192419,2.0104035778904e-4,667.490598772074,825.4646252546,1278.56,0.715147327912253,386.6764219040511,Fw
899,471.076,0.711598797196035,0.119359596835916,942.152,2019_yk_082,Yukon,2019,0.716209759737341,0.119273537653609,1.4936746118933e-4,667.490598772074,825.4646252546,1278.56,0.715147327912253,386.6764219040511,Fw
900,471.6,0.710646803892838,0.119161834406984,943.2,2019_yk_082,Yukon,2019,0.716316027076362,0.119360888999112,8.73513455032643e-5,667.490598772074,825.4646252546,1278.56,0.715147327912253,386.6764219040511,Fw
901,472.124,0.726967237665128,0.118731302463298,944.248,2019_yk_082,Yukon,2019,0.716244207516132,0.119455322724439,9.44337253274141e-5,667.490598772074,825.4646252546,1278.56,0.715147327912253,386.6764219040511,Fw
902,472.648,0.708661346585387,0.121188145955468,945.296,2019_yk_082,Yukon,2019,0.716336598417492,0.119556030050553,1.0070732611407e-4,667.490598772074,825.4646252546,1278.56,0.715147327912253,386.6764219040511,Fw
903,473.172,0.713687441411412,0.119109639347073,946.344,2019_yk_082,Yukon,2019,0.716348987607376,0.119615288497348,5.92584467946217e-5,667.490598772074,825.4646252546,1278.56,0.715147327912253,386.6764219040511,Fw
904,473.696,0.721325076015684,0.11842005415511,947.392,2019_yk_082,Yukon,2019,0.716345588761473,0.119763706569219,1.4841807187114e-4,667.490598772074,825.4646252546,1278.56,0.715147327912253,386.6764219040511,Fw
905,474.22,0.717783050531667,0.119649280370196,948.44,2019_yk_082,Yukon,2019,0.716389259711767,0.119867625342637,1.0391877341822e-4,667.490598772074,825.4646252546,1278.56,0.715147327912253,386.6764219040511,Fw
906,474.744,0.710934530848789,0.120879187717398,949.488,2019_yk_082,Yukon,2019,0.716312692921613,0.119995223965863,1.2759862322524e-4,667.490598772074,825.4646252546,1278.56,0.715147327912253,386.6764219040511,Fw
907,475.268,0.731142217898909,0.120281388101776,950.536,2019_yk_082,Yukon,2019,0.716340478928769,0.120076985658434,8.176169257125e-5,667.490598772074,825.4646252546,1278.56,0.715147327912253,386.6764219040511,Fw
908,475.792,0.723809663991781,0.120564037991301,951.584,2019_yk_082,Yukon,2019,0.716313358514795,0.120160135040706,8.31493822724683e-5,667.490598772074,825.4646252546,1278.56,0.715147327912253,386.6764219040511,Fw
909,476.316,0.707911740432621,0.121214294662945,952.632,2019_yk_082,Yukon,2019,0.716470207000427,0.120229267898265,6.91328575586209e-5,667.490598772074,825.4646252546,1278.56,0.715147327912253,386.6764219040511,Fw
910,476.84,0.710617015644765,0.121870338969802,953.68,2019_yk_082,Yukon,2019,0.716442388086097,0.120320869267157,9.16013688923578e-5,667.490598772074,825.4646252546,1278.56,0.715147327912253,386.6764219040511,Fw
911,477.364,0.710298871999008,0.122138336069989,954.728,2019_yk_082,Yukon,2019,0.716323305267209,0.120393470332192,7.26010650343306e-5,667.490598772074,825.4646252546,1278.56,0.715147327912253,386.6764219040511,Fw
912,477.888,0.716346652064111,0.121452931566832,955.776,2019_yk_082,Yukon,2019,0.716169590933437,0.120474587772249,8.11174400571213e-5,667.490598772074,825.4646252546,1278.56,0.715147327912253,386.6764219040511,Fw
913,478.412,0.722559848379046,0.122790654605912,956.824,2019_yk_082,Yukon,2019,0.716256588140129,0.120506401868985,3.18140967358327e-5,667.490598772074,825.4646252546,1278.56,0.715147327912253,386.6764219040511,Fw
914,478.936,0.718418936210635,0.122178528945473,957.872,2019_yk_082,Yukon,2019,0.716295764375076,0.120520586352819,1.41844838347227e-5,667.490598772074,825.4646252546,1278.56,0.715147327912253,386.6764219040511,Fw
915,479.46,0.711739778475458,0.126111782900177,958.92,2019_yk_082,Yukon,2019,0.71615569194855,0.120543904906442,2.33185536225311e-5,667.490598772074,825.4646252546,1278.56,0.715147327912253,386.6764219040511,Fw
916,479.984,0.717508958966604,0.124808456298768,959.968,2019_yk_082,Yukon,2019,0.716147894734875,0.120557725559034,1.38206525920892e-5,667.490598772074,825.4646252546,1278.56,0.715147327912253,386.6764219040511,Fw
917,480.508,0.72167793054276,0.121886411853713,961.016,2019_yk_082,Yukon,2019,0.716262707438039,0.120636084340728,7.83587816937381e-5,667.490598772074,825.4646252546,1278.56,0.715147327912253,386.6764219040511,Fw
918,481.032,0.715561909468552,0.12112076573508,962.064,2019_yk_082,Yukon,2019,0.716082170248945,0.120703985754185,6.79014134574996e-5,667.490598772074,825.4646252546,1278.56,0.715147327912253,386.6764219040511,Fw
919,481.556,0.712972391277496,0.121828902195213,963.112,2019_yk_082,Yukon,2019,0.715969321180578,0.12074244072443201,3.84549702467235e-5,667.490598772074,825.4646252546,1278.56,0.715147327912253,386.6764219040511,Fw
920,482.08,0.717675271179387,0.121586481146638,964.16,2019_yk_082,Yukon,2019,0.716122078262621,0.120769471106526,2.70303820944229e-5,667.490598772074,825.4646252546,1278.56,0.715147327912253,386.6764219040511,Fw
921,482.604,0.709391097544206,0.121905498721356,965.208,2019_yk_082,Yukon,2019,0.716226348349455,0.120788687318815,1.9216212288134e-5,667.490598772074,825.4646252546,1278.56,0.715147327912253,386.6764219040511,Fw
922,483.128,0.712262137808971,0.122262687736701,966.256,2019_yk_082,Yukon,2019,0.716219567378583,0.120820744032356,3.20567135412148e-5,667.490598772074,825.4646252546,1278.56,0.715147327912253,386.6764219040511,Fw
923,483.652,0.726334700218569,0.121978333362373,967.304,2019_yk_082,Yukon,2019,0.716064288869268,0.120897735301328,7.69912689721347e-5,667.490598772074,825.4646252546,1278.56,0.715147327912253,386.6764219040511,Fw
924,484.176,0.711183536576629,0.120856566178741,968.352,2019_yk_082,Yukon,2019,0.716188450853074,0.12092567796389,2.79426625617585e-5,667.490598772074,825.4646252546,1278.56,0.715147327912253,386.6764219040511,Fw
925,484.7,0.705623556937537,0.122165968507441,969.4,2019_yk_082,Yukon,2019,0.716262877251682,0.120936599361159,1.09213972697975e-5,667.490598772074,825.4646252546,1278.56,0.715147327912253,386.6764219040511,Fw
926,485.224,0.719139887988119,0.121859540138432,970.448,2019_yk_082,Yukon,2019,0.71604541111904,0.120965919327743,2.93199665839933e-5,667.490598772074,825.4646252546,1278.56,0.715147327912253,386.6764219040511,Fw
927,485.748,0.711045068329803,0.120705517008213,971.496,2019_yk_082,Yukon,2019,0.716022186065704,0.121026181072625,6.0261744881232e-5,667.490598772074,825.4646252546,1278.56,0.715147327912253,386.6764219040511,Fw
928,486.272,0.717864437403986,0.123589263199563,972.544,2019_yk_082,Yukon,2019,0.716138349671962,0.121055972135547,2.97910629227655e-5,667.490598772074,825.4646252546,1278.56,0.715147327912253,386.6764219040511,Fw
929,486.796,0.718503973973292,0.122558175918077,973.592,2019_yk_082,Yukon,2019,0.716217638556808,0.121084792805934,2.88206703863148e-5,667.490598772074,825.4646252546,1278.56,0.715147327912253,386.6764219040511,Fw
930,487.32,0.72521427286424,0.120818110676564,974.64,2019_yk_082,Yukon,2019,0.716349025712986,0.121152123926841,6.73311209073019e-5,667.490598772074,825.4646252546,1278.56,0.715147327912253,386.6764219040511,Fw
931,487.844,0.71335306106674,0.121875612857848,975.688,2019_yk_082,Yukon,2019,0.716307051260525,0.12125215907966,1.0003515281868e-4,667.490598772074,825.4646252546,1278.56,0.715147327912253,386.6764219040511,Fw
932,488.368,0.713901054856789,0.121848490285852,976.736,2019_yk_082,Yukon,2019,0.716526310791668,0.121254178990691,2.01991103104815e-6,667.490598772074,825.4646252546,1278.56,0.715147327912253,386.6764219040511,Fw
933,488.892,0.722042698279188,0.120608515139256,977.784,2019_yk_082,Yukon,2019,0.716602097132088,0.121314301832741,6.0122842049759e-5,667.490598772074,825.4646252546,1278.56,0.715147327912253,386.6764219040511,Fw
934,489.416,0.715664424606048,0.12463520686575,978.832,2019_yk_082,Yukon,2019,0.716463044662863,0.121349570038483,3.52682057426085e-5,667.490598772074,825.4646252546,1278.56,0.715147327912253,386.6764219040511,Fw
935,489.94,0.711853876453721,0.121846481234179,979.88,2019_yk_082,Yukon,2019,0.71648806098332,0.121371970502482,2.24004639988173e-5,667.490598772074,825.4646252546,1278.56,0.715147327912253,386.6764219040511,Fw
936,490.464,0.714486658374,0.123182088441409,980.928,2019_yk_082,Yukon,2019,0.716527919752355,0.121403501524206,3.15310217236936e-5,667.490598772074,825.4646252546,1278.56,0.715147327912253,386.6764219040511,Fw
937,490.988,0.721710251852689,0.121927348585788,981.976,2019_yk_082,Yukon,2019,0.716309737518387,0.121435936990547,3.24354663415599e-5,667.490598772074,825.4646252546,1278.56,0.715147327912253,386.6764219040511,Fw
938,491.512,0.713480932561244,0.122790654605912,983.024,2019_yk_082,Yukon,2019,0.716208944216875,0.121487145606376,5.12086158288433e-5,667.490598772074,825.4646252546,1278.56,0.715147327912253,386.6764219040511,Fw
939,492.036,0.720262952086573,0.122355647037703,984.072,2019_yk_082,Yukon,2019,0.716257424681977,0.121524343080661,3.71974742845865e-5,667.490598772074,825.4646252546,1278.56,0.715147327912253,386.6764219040511,Fw
940,492.56,0.718123741631786,0.121694641029986,985.12,2019_yk_082,Yukon,2019,0.716419454920048,0.121516137268565,-8.20581209573512e-6,667.490598772074,825.4646252546,1278.56,0.715147327912253,386.6764219040511,Fw
941,493.084,0.710471672329346,0.119428872655825,986.168,2019_yk_082,Yukon,2019,0.716637833809543,0.121550740676191,3.46034076263296e-5,667.490598772074,825.4646252546,1278.56,0.715147327912253,386.6764219040511,Fw
942,493.608,0.713333051834019,0.121118251631049,987.216,2019_yk_082,Yukon,2019,0.716747986226607,0.121583923141971,3.31824657795743e-5,667.490598772074,825.4646252546,1278.56,0.715147327912253,386.6764219040511,Fw
943,494.132,0.717694829359169,0.119316678232014,988.264,2019_yk_082,Yukon,2019,0.716510192623844,0.121605876018124,2.19528761533222e-5,667.490598772074,825.4646252546,1278.56,0.715147327912253,386.6764219040511,Fw
944,494.656,0.7149161325069,0.118180097092949,989.312,2019_yk_082,Yukon,2019,0.716384501913467,0.121624668205306,1.87921871817737e-5,667.490598772074,825.4646252546,1278.56,0.715147327912253,386.6764219040511,Fw
945,495.18,0.712356979675813,0.117659845205369,990.36,2019_yk_082,Yukon,2019,0.71643962063217,0.121609373300603,-1.52949047026313e-5,667.490598772074,825.4646252546,1278.56,0.715147327912253,386.6764219040511,Fw
946,495.704,0.716252806490377,0.119091572428656,991.408,2019_yk_082,Yukon,2019,0.716363777759472,0.121603699494842,-5.67380576095566e-6,667.490598772074,825.4646252546,1278.56,0.715147327912253,386.6764219040511,Fw
947,496.228,0.719362866861484,0.121480092823688,992.456,2019_yk_082,Yukon,2019,0.716156622524466,0.121646201946912,4.2502452069576e-5,667.490598772074,825.4646252546,1278.56,0.715147327912253,386.6764219040511,Fw
948,496.752,0.713305059360715,0.119931258566132,993.504,2019_yk_082,Yukon,2019,0.716270863094139,0.12169131844982,4.51165029079076e-5,667.490598772074,825.4646252546,1278.56,0.715147327912253,386.6764219040511,Fw
949,497.276,0.711364086872847,0.117955484638072,994.552,2019_yk_082,Yukon,2019,0.71620634414375,0.121724058194258,3.27397444383343e-5,667.490598772074,825.4646252546,1278.56,0.715147327912253,386.6764219040511,Fw
950,497.8,0.720351283793177,0.118801540421625,995.6,2019_yk_082,Yukon,2019,0.716293957435004,0.121768769504928,4.47113106700758e-5,667.490598772074,825.4646252546,1278.56,0.715147327912253,386.6764219040511,Fw
951,498.324,0.723403795800796,0.119862703053296,996.648,2019_yk_082,Yukon,2019,0.716374756996198,0.121841122857578,7.2353352649989793e-05,667.490598772074,825.4646252546,1278.56,0.715147327912253,386.6764219040511,Fw
952,498.848,0.719515867746712,0.119331988176729,997.696,2019_yk_082,Yukon,2019,0.716457188205958,0.121906335788354,6.52129307760763e-5,667.490598772074,825.4646252546,1278.56,0.715147327912253,386.6764219040511,Fw
953,499.372,0.710809675381592,0.121469781523461,998.744,2019_yk_082,Yukon,2019,0.716334177390085,0.121968289595127,6.19538067723607e-5,667.490598772074,825.4646252546,1278.56,0.715147327912253,386.6764219040511,Fw
954,499.896,0.7168213075579,0.119844372114839,999.792,2019_yk_082,Yukon,2019,0.716404358620187,0.122055629042409,8.73394472826333e-5,667.490598772074,825.4646252546,1278.56,0.715147327912253,386.6764219040511,Fw
955,500.42,0.715003658645163,0.118793763845731,1000.84,2019_yk_082,Yukon,2019,0.716604104272367,0.122133452918657,7.78238762472461e-5,667.490598772074,825.4646252546,1278.56,0.715147327912253,386.6764219040511,Fw
956,500.944,0.715017658873583,0.119939545798293,1001.888,2019_yk_082,Yukon,2019,0.716588608954894,0.122207012775172,7.35598565152068e-5,667.490598772074,825.4646252546,1278.56,0.715147327912253,386.6764219040511,Fw
957,501.468,0.713617145669376,0.121825135296394,1002.936,2019_yk_082,Yukon,2019,0.71672971235496,0.122325989250736,1.1897647556459e-4,667.490598772074,825.4646252546,1278.56,0.715147327912253,386.6764219040511,Fw
958,501.992,0.72341530946653,0.12153064480251,1003.984,2019_yk_082,Yukon,2019,0.716759201949162,0.1223728434669,4.68542161633639e-5,667.490598772074,825.4646252546,1278.56,0.715147327912253,386.6764219040511,Fw
959,502.516,0.716356130286792,0.121088837059095,1005.032,2019_yk_082,Yukon,2019,0.716847604232789,0.122441133590245,6.82901233456934e-5,667.490598772074,825.4646252546,1278.56,0.715147327912253,386.6764219040511,Fw
960,503.04,0.718530033263553,0.123201701661422,1006.08,2019_yk_082,Yukon,2019,0.716708769153666,0.122495307869437,5.41742791916322e-5,667.490598772074,825.4646252546,1278.56,0.715147327912253,386.6764219040511,Fw
961,503.564,0.72444877051747,0.124733411632419,1007.128,2019_yk_082,Yukon,2019,0.71673671671714,0.122520037238687,2.47293692500067e-5,667.490598772074,825.4646252546,1278.56,0.715147327912253,386.6764219040511,Fw
962,504.088,0.721816918453929,0.121309340617331,1008.176,2019_yk_082,Yukon,2019,0.71673042601687,0.122555306347412,3.52691087251722e-5,667.490598772074,825.4646252546,1278.56,0.715147327912253,386.6764219040511,Fw
963,504.612,0.718234621836616,0.122717009870059,1009.224,2019_yk_082,Yukon,2019,0.71681281962614,0.122612567039332,5.72606919193863e-5,667.490598772074,825.4646252546,1278.56,0.715147327912253,386.6764219040511,Fw
964,505.136,0.712981927862212,0.120536146499665,1010.272,2019_yk_082,Yukon,2019,0.716820720201902,0.12258023265242,-3.23343869114978e-5,667.490598772074,825.4646252546,1278.56,0.715147327912253,386.6764219040511,Fw
965,505.66,0.719284029759043,0.120993308210126,1011.32,2019_yk_082,Yukon,2019,0.716864058063828,0.122607145197741,2.69125453213198e-5,667.490598772074,825.4646252546,1278.56,0.715147327912253,386.6764219040511,Fw
966,506.184,0.713326056990903,0.122771049020819,1012.368,2019_yk_082,Yukon,2019,0.71691137836818,0.122620493829858,1.33486321163695e-5,667.490598772074,825.4646252546,1278.56,0.715147327912253,386.6764219040511,Fw
967,506.708,0.718051283860832,0.122227516082269,1013.416,2019_yk_082,Yukon,2019,0.716875625871628,0.122690586777902,7.00929480444562e-5,667.490598772074,825.4646252546,1278.56,0.715147327912253,386.6764219040511,Fw
968,507.232,0.717762065901093,0.123636554941031,1014.464,2019_yk_082,Yukon,2019,0.71694108521203,0.122760799363245,7.0212585343149e-5,667.490598772074,825.4646252546,1278.56,0.715147327912253,386.6764219040511,Fw
969,507.756,0.710820568338687,0.12344614312002,1015.512,2019_yk_082,Yukon,2019,0.717031563356036,0.122819618223127,5.88188598815154e-5,667.490598772074,825.4646252546,1278.56,0.715147327912253,386.6764219040511,Fw
970,508.28,0.720338829929051,0.121377990244058,1016.56,2019_yk_082,Yukon,2019,0.717051990377236,0.122858449668989,3.8831445862475e-5,667.490598772074,825.4646252546,1278.56,0.715147327912253,386.6764219040511,Fw
971,508.804,0.723401605368703,0.124214540527568,1017.608,2019_yk_082,Yukon,2019,0.717165180426929,0.122942120898984,8.36712299944337e-5,667.490598772074,825.4646252546,1278.56,0.715147327912253,386.6764219040511,Fw
972,509.328,0.722955797087991,0.123443879513606,1018.656,2019_yk_082,Yukon,2019,0.717347593930809,0.122987187049435,4.50661504514255e-5,667.490598772074,825.4646252546,1278.56,0.715147327912253,386.6764219040511,Fw
973,509.852,0.708292232213268,0.124107827175112,1019.704,2019_yk_082,Yukon,2019,0.717333847725291,0.123034474256028,4.72872065926805e-5,667.490598772074,825.4646252546,1278.56,0.715147327912253,386.6764219040511,Fw
974,510.376,0.710877493587965,0.12330606017638,1020.752,2019_yk_082,Yukon,2019,0.717228650161565,0.123147448664859,1.1297440883116e-4,667.490598772074,825.4646252546,1278.56,0.715147327912253,386.6764219040511,Fw
975,510.9,0.715046901597632,0.125194088618019,1021.8,2019_yk_082,Yukon,2019,0.717337977108792,0.123248599254111,1.0115058925144e-4,667.490598772074,825.4646252546,1278.56,0.715147327912253,386.6764219040511,Fw
976,511.424,0.712958386604781,0.124468027953111,1022.848,2019_yk_082,Yukon,2019,0.717490094346191,0.123328831448585,8.02321944746304e-5,667.490598772074,825.4646252546,1278.56,0.715147327912253,386.6764219040511,Fw
977,511.948,0.70924861644237,0.124436558977888,1023.896,2019_yk_082,Yukon,2019,0.717463773871296,0.123363745320931,3.49138723455822e-5,667.490598772074,825.4646252546,1278.56,0.715147327912253,386.6764219040511,Fw
978,512.472,0.7224163436489068,0.123827755909555,1024.944,2019_yk_082,Yukon,2019,0.717542819155702,0.123395506649678,3.17613287473262e-5,667.490598772074,825.4646252546,1278.56,0.715147327912253,386.6764219040511,Fw
979,512.996,0.709101254254171,0.123793286861513,1025.992,2019_yk_082,Yukon,2019,0.71766615527815,0.123449908151862,5.44015021834016e-5,667.490598772074,825.4646252546,1278.56,0.715147327912253,386.6764219040511,Fw
980,513.52,0.722932068654647,0.124269159786843,1027.04,2019_yk_082,Yukon,2019,0.71757934372568,0.123477302314574,2.73941627123991e-5,667.490598772074,825.4646252546,1278.56,0.715147327912253,386.6764219040511,Fw
981,514.044,0.714239071215837,0.126246699880355,1028.088,2019_yk_082,Yukon,2019,0.71751344608863,0.123467528448443,-9.77386613115749e-6,667.490598772074,825.4646252546,1278.56,0.715147327912253,386.6764219040511,Fw
982,514.568,0.717208010394577,0.126175463583266,1029.136,2019_yk_082,Yukon,2019,0.717386073689246,0.123451418450197,-1.61099982461249e-5,667.490598772074,825.4646252546,1278.56,0.715147327912253,386.6764219040511,Fw
983,515.092,0.718954051266205,0.125695561768714,1030.184,2019_yk_082,Yukon,2019,0.717412890596627,0.123425458309258,-2.59601409389881e-5,667.490598772074,825.4646252546,1278.56,0.715147327912253,386.6764219040511,Fw
984,515.616,0.715394410382753,0.126096933015699,1031.232,2019_yk_082,Yukon,2019,0.717396682380076,0.123435689694842,1.02313855838837e-5,667.490598772074,825.4646252546,1278.56,0.715147327912253,386.6764219040511,Fw
985,516.14,0.717608296068328,0.126835401082276,1032.28,2019_yk_082,Yukon,2019,0.717504339731866,0.123429348355034,-6.34133980767504e-6,667.490598772074,825.4646252546,1278.56,0.715147327912253,386.6764219040511,Fw
986,516.664,0.71821016893971,0.126273131529345,1033.328,2019_yk_082,Yukon,2019,0.717371354289696,0.123390529120507,-3.88192345268101e-5,667.490598772074,825.4646252546,1278.56,0.715147327912253,386.6764219040511,Fw
987,517.188,0.719511272333773,0.127844105542089,1034.376,2019_yk_082,Yukon,2019,0.717443393865368,0.123351386285205,-3.91428353015977e-5,667.490598772074,825.4646252546,1278.56,0.715147327912253,386.6764219040511,Fw
988,517.712,0.719633813056072,0.126400516169365,1035.424,2019_yk_082,Yukon,2019,0.717315844741896,0.123317984190734,-3.340209447103e-5,667.490598772074,825.4646252546,1278.56,0.715147327912253,386.6764219040511,Fw
989,518.236,0.72380811099095,0.12665558331882,1036.472,2019_yk_082,Yukon,2019,0.717274169078407,0.123313032247366,-4.9519433684142e-6,667.490598772074,825.4646252546,1278.56,0.715147327912253,386.6764219040511,Fw
990,518.76,0.716884168116877,0.124068567428062,1037.52,2019_yk_082,Yukon,2019,0.717180214150478,0.123344731388335,3.16991409691214e-5,667.490598772074,825.4646252546,1278.56,0.715147327912253,386.6764219040511,Fw
991,519.284,0.71502991487517,0.123359375012848,1038.568,2019_yk_082,Yukon,2019,0.716998679469169,0.123350948212806,6.21682447110583e-6,667.490598772074,825.4646252546,1278.56,0.715147327912253,386.6764219040511,Fw
992,519.808,0.713523612840562,0.123964636809361,1039.616,2019_yk_082,Yukon,2019,0.716926087105558,0.123408855479053,5.79072662462987e-5,667.490598772074,825.4646252546,1278.56,0.715147327912253,386.6764219040511,Fw
993,520.332,0.726986314835385,0.124044156654419,1040.664,2019_yk_082,Yukon,2019,0.716906846976888,0.123459269587584,5.04141085312243e-5,667.490598772074,825.4646252546,1278.56,0.715147327912253,386.6764219040511,Fw
994,520.856,0.716138459151772,0.122695143651059,1041.712,2019_yk_082,Yukon,2019,0.716954007041437,0.123556786692421,9.75171048373663e-5,667.490598772074,825.4646252546,1278.56,0.715147327912253,386.6764219040511,Fw
995,521.38,0.714454148169302,0.123461233953458,1042.76,2019_yk_082,Yukon,2019,0.716889904884148,0.123645358547778,8.85718553565729e-5,667.490598772074,825.4646252546,1278.56,0.715147327912253,386.6764219040511,Fw
996,521.904,0.71732587663512,0.123983006368391,1043.808,2019_yk_082,Yukon,2019,0.717047798994866,0.123720718373008,7.53598252299925e-5,667.490598772074,825.4646252546,1278.56,0.715147327912253,386.6764219040511,Fw
997,522.428,0.719565102059584,0.126132925468455,1044.856,2019_yk_082,Yukon,2019,0.716953942256774,0.123837377452334,1.1665907932664e-4,667.490598772074,825.4646252546,1278.56,0.715147327912253,386.6764219040511,Fw
998,522.952,0.717408492985347,0.127003409726501,1045.904,2019_yk_082,Yukon,2019,0.716815486168243,0.123926051333592,8.86738812578003e-5,667.490598772074,825.4646252546,1278.56,0.715147327912253,386.6764219040511,Fw
999,523.476,0.725691640726935,0.125884778630594,1046.952,2019_yk_082,Yukon,2019,0.716898237324776,0.124021663703384,9.5612369792164e-5,667.490598772074,825.4646252546,1278.56,0.715147327912253,386.6764219040511,Fw
1000,524,0.719349362903739,0.124024527781733,1048,2019_yk_082,Yukon,2019,0.716827436051748,0.124125390634667,1.0372693128285e-4,667.490598772074,825.4646252546,1278.56,0.715147327912253,386.6764219040511,Fw
1001,524.524,0.717263075310933,0.124449146455491,1049.048,2019_yk_082,Yukon,2019,0.716674512891322,0.12420019627923,7.48056445629974e-5,667.490598772074,825.4646252546,1278.56,0.715147327912253,386.6764219040511,Fw
1002,525.048,0.724277862066845,0.123822220658135,1050.096,2019_yk_082,Yukon,2019,0.716421606376187,0.124301437811684,1.0124153245394e-4,667.490598772074,825.4646252546,1278.56,0.715147327912253,386.6764219040511,Fw
1003,525.572,0.716870057028071,0.122153910627576,1051.144,2019_yk_082,Yukon,2019,0.716580111505282,0.124476826308087,1.753884964032e-4,667.490598772074,825.4646252546,1278.56,0.715147327912253,386.6764219040511,Fw
1004,526.096,0.708604278683337,0.124958561622818,1052.192,2019_yk_082,Yukon,2019,0.71663454623823,0.124700222413916,2.2339610582849e-4,667.490598772074,825.4646252546,1278.56,0.715147327912253,386.6764219040511,Fw
1005,526.62,0.718916596509461,0.123728880560456,1053.24,2019_yk_082,Yukon,2019,0.716576747383784,0.124901732708894,2.0151029497814e-4,667.490598772074,825.4646252546,1278.56,0.715147327912253,386.6764219040511,Fw
1006,527.144,0.72537984073434,0.123905504097134,1054.288,2019_yk_082,Yukon,2019,0.71661744597024,0.125165745532147,2.6401282325264e-4,667.490598772074,825.4646252546,1278.56,0.715147327912253,386.6764219040511,Fw
1007,527.668,0.717783638367756,0.123574925164423,1055.336,2019_yk_082,Yukon,2019,0.716602516263289,0.125462948464594,2.9720293244719e-4,667.490598772074,825.4646252546,1278.56,0.715147327912253,386.6764219040511,Fw
1008,528.192,0.718047776425076,0.121836938290971,1056.384,2019_yk_082,Yukon,2019,0.716405195771997,0.125739501652288,2.7655318769426e-4,667.490598772074,825.4646252546,1278.56,0.715147327912253,386.6764219040511,Fw
1009,528.716,0.718764254219689,0.121219574769077,1057.432,2019_yk_082,Yukon,2019,0.716591458041227,0.125986792760272,2.472911079836e-4,667.490598772074,825.4646252546,1278.56,0.715147327912253,386.6764219040511,Fw
1010,529.24,0.715142590645007,0.120445190184369,1058.48,2019_yk_082,Yukon,2019,0.716493038545573,0.126230641196807,2.4384843653527e-4,667.490598772074,825.4646252546,1278.56,0.715147327912253,386.6764219040511,Fw
1011,529.764,0.719449937577796,0.119276271085427,1059.528,2019_yk_082,Yukon,2019,0.716591710571918,0.126477328887135,2.4668769032831e-4,667.490598772074,825.4646252546,1278.56,0.715147327912253,386.6764219040511,Fw
1012,530.288,0.711873523783681,0.118365388281962,1060.576,2019_yk_082,Yukon,2019,0.716555842162996,0.126694376831708,2.1704794457322e-4,667.490598772074,825.4646252546,1278.56,0.715147327912253,386.6764219040511,Fw
1013,530.812,0.712418689824434,0.119912173067122,1061.624,2019_yk_082,Yukon,2019,0.716489658405955,0.126930633601673,2.3625676996494e-4,667.490598772074,825.4646252546,1278.56,0.715147327912253,386.6764219040511,Fw
1014,531.336,0.715848814564851,0.120458255249872,1062.672,2019_yk_082,Yukon,2019,0.716577042019795,0.127134840596351,2.0420699467732e-4,667.490598772074,825.4646252546,1278.56,0.715147327912253,386.6764219040511,Fw
1015,531.86,0.721463099752585,0.11841328345727,1063.72,2019_yk_082,Yukon,2019,0.716672677448628,0.127329977495472,1.9513689912101e-4,667.490598772074,825.4646252546,1278.56,0.715147327912253,386.6764219040511,Fw
1016,532.384,0.707038532343341,0.117610391726685,1064.768,2019_yk_082,Yukon,2019,0.71661604066302,0.127552884581426,2.2290708595398e-4,667.490598772074,825.4646252546,1278.56,0.715147327912253,386.6764219040511,Fw
1017,532.908,0.717939520209713,0.119476565178299,1065.816,2019_yk_082,Yukon,2019,0.716606768183358,0.127780329791587,2.2744521016146e-4,667.490598772074,825.4646252546,1278.56,0.715147327912253,386.6764219040511,Fw
1018,533.432,0.715762362058227,0.119526519134248,1066.864,2019_yk_082,Yukon,2019,0.716676221449117,0.128064767471065,2.8443767947752e-4,667.490598772074,825.4646252546,1278.56,0.715147327912253,386.6764219040511,Fw
1019,533.956,0.713855590477443,0.120791720456991,1067.912,2019_yk_082,Yukon,2019,0.716489546164611,0.12835354194859,2.8877447752503e-4,667.490598772074,825.4646252546,1278.56,0.715147327912253,386.6764219040511,Fw
1020,534.48,0.71289273758782,0.125103650119569,1068.96,2019_yk_082,Yukon,2019,0.716281458517244,0.128723009358157,3.694674095675e-4,667.490598772074,825.4646252546,1278.56,0.715147327912253,386.6764219040511,Fw
1021,535.004,0.713556689638904,0.125106421100685,1070.008,2019_yk_082,Yukon,2019,0.716467815553283,0.129148257727139,4.2524836898202e-4,667.490598772074,825.4646252546,1278.56,0.715147327912253,386.6764219040511,Fw
1022,535.528,0.717461376637287,0.124783776592109,1071.056,2019_yk_082,Yukon,2019,0.716627042354897,0.129528743234229,3.8048550708946e-4,667.490598772074,825.4646252546,1278.56,0.715147327912253,386.6764219040511,Fw
1023,536.052,0.717080214116382,0.125741856381932,1072.104,2019_yk_082,Yukon,2019,0.716462362701766,0.129923358191518,3.9461495728965e-4,667.490598772074,825.4646252546,1278.56,0.715147327912253,386.6764219040511,Fw
1024,536.576,0.715811531735181,0.126387172789908,1073.152,2019_yk_082,Yukon,2019,0.716400686933084,0.13032565054528,4.0229235376165e-4,667.490598772074,825.4646252546,1278.56,0.715147327912253,386.6764219040511,Fw
1025,537.1,0.715437900321678,0.126307619531521,1074.2,2019_yk_082,Yukon,2019,0.716295590964625,0.130717536269838,3.9188572455817e-4,667.490598772074,825.4646252546,1278.56,0.715147327912253,386.6764219040511,Fw
1026,537.624,0.722799703634015,0.12729263853462,1075.248,2019_yk_082,Yukon,2019,0.716278443139027,0.131161051040548,4.4351477070983e-4,667.490598772074,825.4646252546,1278.56,0.715147327912253,386.6764219040511,Fw
1027,538.148,0.71241987957528,0.129227060841867,1076.296,2019_yk_082,Yukon,2019,0.716216401452851,0.131560972249762,3.9992120921419e-4,667.490598772074,825.4646252546,1278.56,0.715147327912253,386.6764219040511,Fw
1028,538.672,0.709454700589229,0.1289569878165,1077.344,2019_yk_082,Yukon,2019,0.71609116421331,0.131973489175974,4.1251692621147e-4,667.490598772074,825.4646252546,1278.56,0.715147327912253,386.6764219040511,Fw
1029,539.196,0.7157856377307,0.129182885307551,1078.392,2019_yk_082,Yukon,2019,0.716005354123039,0.132411421921178,4.3793274520406e-4,667.490598772074,825.4646252546,1278.56,0.715147327912253,386.6764219040511,Fw
1030,539.72,0.716090753547384,0.127601606121029,1079.44,2019_yk_082,Yukon,2019,0.716072610483864,0.13292228187839,5.1085995721203e-4,667.490598772074,825.4646252546,1278.56,0.715147327912253,386.6764219040511,Fw
1031,540.244,0.714226215743134,0.12870287920134801,1080.488,2019_yk_082,Yukon,2019,0.716116447218842,0.133453366618401,5.310847400114e-4,667.490598772074,825.4646252546,1278.56,0.715147327912253,386.6764219040511,Fw
1032,540.768,0.707781406179885,0.129518371460843,1081.536,2019_yk_082,Yukon,2019,0.715971480766875,0.133971590494438,5.182238760365e-4,667.490598772074,825.4646252546,1278.56,0.715147327912253,386.6764219040511,Fw
1033,541.292,0.717802539958926,0.134631136959303,1082.584,2019_yk_082,Yukon,2019,0.715928502112303,0.134536943147918,5.6535265348048e-4,667.490598772074,825.4646252546,1278.56,0.715147327912253,386.6764219040511,Fw
1034,541.816,0.714143577564849,0.13670982652609,1083.632,2019_yk_082,Yukon,2019,0.716107946549582,0.135059014339955,5.2207119203662e-4,667.490598772074,825.4646252546,1278.56,0.715147327912253,386.6764219040511,Fw
1035,542.34,0.71157897033092,0.137284706316707,1084.68,2019_yk_082,Yukon,2019,0.716052210764203,0.135613394251129,5.5437991117388e-4,667.490598772074,825.4646252546,1278.56,0.715147327912253,386.6764219040511,Fw
1036,542.864,0.715400301792113,0.140308797348268,1085.728,2019_yk_082,Yukon,2019,0.715933372641969,0.13613991193205,5.265176809209e-4,667.490598772074,825.4646252546,1278.56,0.715147327912253,386.6764219040511,Fw
1037,543.388,0.708352834025326,0.14226873492472,1086.776,2019_yk_082,Yukon,2019,0.715799719434326,0.136652848797804,5.1293686575459e-4,667.490598772074,825.4646252546,1278.56,0.715147327912253,386.6764219040511,Fw
1038,543.912,0.710577114171353,0.140420947171209,1087.824,2019_yk_082,Yukon,2019,0.715632643571997,0.137187606418905,5.3475762110094e-4,667.490598772074,825.4646252546,1278.56,0.715147327912253,386.6764219040511,Fw
1039,544.436,0.720276990408018,0.13863075334053,1088.872,2019_yk_082,Yukon,2019,0.715546209699774,0.137731492527078,5.4388610817307e-4,667.490598772074,825.4646252546,1278.56,0.715147327912253,386.6764219040511,Fw
1040,544.96,0.71702689891538,0.13890006597896,1089.92,2019_yk_082,Yukon,2019,0.715527027828583,0.138285168409855,5.536758827766e-4,667.490598772074,825.4646252546,1278.56,0.715147327912253,386.6764219040511,Fw
1041,545.484,0.720159392796528,0.141047961300054,1090.968,2019_yk_082,Yukon,2019,0.715517514372888,0.138875570258614,5.904018487588e-4,667.490598772074,825.4646252546,1278.56,0.715147327912253,386.6764219040511,Fw
1042,546.008,0.715055905859261,0.139198340257659,1092.016,2019_yk_082,Yukon,2019,0.715589129191849,0.139485877857628,6.1030759901467e-4,667.490598772074,825.4646252546,1278.56,0.715147327912253,386.6764219040511,Fw
1043,546.532,0.714983025843768,0.139870967966611,1093.064,2019_yk_082,Yukon,2019,0.715648421514369,0.140106343154648,6.2046529701984e-4,667.490598772074,825.4646252546,1278.56,0.715147327912253,386.6764219040511,Fw
1044,547.056,0.720637427213152,0.138349352696339,1094.112,2019_yk_082,Yukon,2019,0.715638712068934,0.14080216716635,6.9582401170192e-4,667.490598772074,825.4646252546,1278.56,0.715147327912253,386.6764219040511,Fw
1045,547.58,0.72334642179831,0.138543615029536,1095.16,2019_yk_082,Yukon,2019,0.715645404399987,0.141498681149769,6.9651398341893e-4,667.490598772074,825.4646252546,1278.56,0.715147327912253,386.6764219040511,Fw
1046,548.104,0.71481196180323,0.139647556686584,1096.208,2019_yk_082,Yukon,2019,0.715839991641096,0.142228215765217,7.2953461544766e-4,667.490598772074,825.4646252546,1278.56,0.715147327912253,386.6764219040511,Fw
1047,548.628,0.71895492355403,0.141490818151777,1097.256,2019_yk_082,Yukon,2019,0.715727309055432,0.142969710554217,7.4149478899981e-4,667.490598772074,825.4646252546,1278.56,0.715147327912253,386.6764219040511,Fw
1048,549.152,0.723801009001593,0.143466776938017,1098.304,2019_yk_082,Yukon,2019,0.715761903972257,0.143728297779504,7.5858722528757e-4,667.490598772074,825.4646252546,1278.56,0.715147327912253,386.6764219040511,Fw
1049,549.676,0.712607593920615,0.143982051970323,1099.352,2019_yk_082,Yukon,2019,0.715698532563048,0.144555754560001,8.2745678049653e-4,667.490598772074,825.4646252546,1278.56,0.715147327912253,386.6764219040511,Fw
1050,550.2,0.704398909274889,0.146236612002112,1100.4,2019_yk_082,Yukon,2019,0.715763987688951,0.145266998853415,7.1124429341437e-4,667.490598772074,825.4646252546,1278.56,0.715147327912253,386.6764219040511,Fw
1051,550.724,0.726211337037477,0.14887427715177,1101.448,2019_yk_082,Yukon,2019,0.715726827062353,0.146057096077877,7.9009722446168e-4,667.490598772074,825.4646252546,1278.56,0.715147327912253,386.6764219040511,Fw
1052,551.248,0.723077220937385,0.146793767234729,1102.496,2019_yk_082,Yukon,2019,0.715815275331965,0.146883561323026,8.2646524514976e-4,667.490598772074,825.4646252546,1278.56,0.715147327912253,386.6764219040511,Fw
1053,551.772,0.71710553564757,0.1477210540918,1103.544,2019_yk_082,Yukon,2019,0.715857507153357,0.147681325365985,7.9776404295842e-4,667.490598772074,825.4646252546,1278.56,0.715147327912253,386.6764219040511,Fw
1054,552.296,0.712437913030803,0.146832684876759,1104.592,2019_yk_082,Yukon,2019,0.715822099349211,0.148451573525938,7.7024815995302e-4,667.490598772074,825.4646252546,1278.56,0.715147327912253,386.6764219040511,Fw
1055,552.82,0.708148390061804,0.146974377426948,1105.64,2019_yk_082,Yukon,2019,0.715915042410934,0.149260195378072,8.0862185213434e-4,667.490598772074,825.4646252546,1278.56,0.715147327912253,386.6764219040511,Fw
1056,553.344,0.716297007099214,0.150593892610981,1106.688,2019_yk_082,Yukon,2019,0.715661799290825,0.150027863495445,7.6766811737261e-4,667.490598772074,825.4646252546,1278.56,0.715147327912253,386.6764219040511,Fw
1057,553.868,0.715842600889058,0.150128198021306,1107.736,2019_yk_082,Yukon,2019,0.715688229524565,0.150754589218026,7.2672572258147e-4,667.490598772074,825.4646252546,1278.56,0.715147327912253,386.6764219040511,Fw
1058,554.392,0.709894258612863,0.15175442529919,1108.784,2019_yk_082,Yukon,2019,0.715817473835175,0.151468999017042,7.144097990154e-4,667.490598772074,825.4646252546,1278.56,0.715147327912253,386.6764219040511,Fw
1059,554.916,0.720543035310699,0.152160743342838,1109.832,2019_yk_082,Yukon,2019,0.715777722860042,0.152206600890526,7.376018734847e-4,667.490598772074,825.4646252546,1278.56,0.715147327912253,386.6764219040511,Fw
1060,555.44,0.72338474455323,0.154676125214455,1110.88,2019_yk_082,Yukon,2019,0.715746416528628,0.152989118369953,7.8251747942637e-4,667.490598772074,825.4646252546,1278.56,0.715147327912253,386.6764219040511,Fw
1061,555.964,0.719893279409623,0.156314230856176,1111.928,2019_yk_082,Yukon,2019,0.715888698555965,0.153751872022119,7.6275365216588e-4,667.490598772074,825.4646252546,1278.56,0.715147327912253,386.6764219040511,Fw
1062,556.488,0.715579874948791,0.154915653220326,1112.976,2019_yk_082,Yukon,2019,0.716026123605002,0.154481672051791,7.2980002967248e-4,667.490598772074,825.4646252546,1278.56,0.715147327912253,386.6764219040511,Fw
1063,557.012,0.714291337753786,0.156075069836405,1114.024,2019_yk_082,Yukon,2019,0.71591270962885,0.155132711040002,6.510389882105e-4,667.490598772074,825.4646252546,1278.56,0.715147327912253,386.6764219040511,Fw
1064,557.536,0.719370944920055,0.156282833145014,1115.072,2019_yk_082,Yukon,2019,0.715864371869854,0.15574363204016,6.1092100015794e-4,667.490598772074,825.4646252546,1278.56,0.715147327912253,386.6764219040511,Fw
1065,558.06,0.715572449386717,0.156991675230889,1116.12,2019_yk_082,Yukon,2019,0.715944617894527,0.156354536878714,6.1090483855408e-4,667.490598772074,825.4646252546,1278.56,0.715147327912253,386.6764219040511,Fw
1066,558.584,0.71824955340031,0.15549656495239,1117.168,2019_yk_082,Yukon,2019,0.71599802562784,0.156905414943599,5.508780648851e-4,667.490598772074,825.4646252546,1278.56,0.715147327912253,386.6764219040511,Fw
1067,559.108,0.70976444590915,0.154351137109697,1118.216,2019_yk_082,Yukon,2019,0.716084256876001,0.157421799078842,5.1638413524302e-4,667.490598772074,825.4646252546,1278.56,0.715147327912253,386.6764219040511,Fw
1068,559.632,0.708023224685387,0.153922395557029,1119.264,2019_yk_082,Yukon,2019,0.71626311432496,0.157973666685293,5.5186760645112e-4,667.490598772074,825.4646252546,1278.56,0.715147327912253,386.6764219040511,Fw
1069,560.156,0.713578221886262,0.153852741259461,1120.312,2019_yk_082,Yukon,2019,0.716158073647737,0.158596028253182,6.2236156788933e-4,667.490598772074,825.4646252546,1278.56,0.715147327912253,386.6764219040511,Fw
1070,560.68,0.713991678373558,0.153665743150966,1121.36,2019_yk_082,Yukon,2019,0.716208216817922,0.159208666632367,6.126383791849e-4,667.490598772074,825.4646252546,1278.56,0.715147327912253,386.6764219040511,Fw
1071,561.204,0.718879130236125,0.154700382010953,1122.408,2019_yk_082,Yukon,2019,0.71608923610949,0.159792369217026,5.8370258465911e-4,667.490598772074,825.4646252546,1278.56,0.715147327912253,386.6764219040511,Fw
1072,561.728,0.716170412921309,0.154983844222842,1123.456,2019_yk_082,Yukon,2019,0.716094765629004,0.160393687257756,6.0131804072932e-4,667.490598772074,825.4646252546,1278.56,0.715147327912253,386.6764219040511,Fw
1073,562.252,0.715976229175668,0.157140090888314,1124.504,2019_yk_082,Yukon,2019,0.716099234491451,0.161025093235949,6.3140597819363e-4,667.490598772074,825.4646252546,1278.56,0.715147327912253,386.6764219040511,Fw
1074,562.776,0.715266247838728,0.162207695951988,1125.552,2019_yk_082,Yukon,2019,0.716085804409596,0.161658472216871,6.3337898092139e-4,667.490598772074,825.4646252546,1278.56,0.715147327912253,386.6764219040511,Fw
1075,563.3,0.721864639615786,0.160204122462407,1126.6,2019_yk_082,Yukon,2019,0.715866847936542,0.162299912113128,6.4143989625684e-4,667.490598772074,825.4646252546,1278.56,0.715147327912253,386.6764219040511,Fw
1076,563.824,0.718713766809862,0.161382468653545,1127.648,2019_yk_082,Yukon,2019,0.715820545235296,0.162921121686416,6.2120957328856e-4,667.490598772074,825.4646252546,1278.56,0.715147327912253,386.6764219040511,Fw
1077,564.348,0.711178565069859,0.163966252518288,1128.696,2019_yk_082,Yukon,2019,0.715733574093151,0.163577737193329,6.5661550691287e-4,667.490598772074,825.4646252546,1278.56,0.715147327912253,386.6764219040511,Fw
1078,564.872,0.717838057067766,0.165041752651503,1129.744,2019_yk_082,Yukon,2019,0.715520911078696,0.164173486157802,5.9574896447309e-4,667.490598772074,825.4646252546,1278.56,0.715147327912253,386.6764219040511,Fw
1079,565.396,0.71005330592487,0.170439127286782,1130.792,2019_yk_082,Yukon,2019,0.715506716487276,0.164774567872518,6.0108171471551e-4,667.490598772074,825.4646252546,1278.56,0.715147327912253,386.6764219040511,Fw
1080,565.92,0.716820045142019,0.167778307724432,1131.84,2019_yk_082,Yukon,2019,0.71570930995588,0.165344495505956,5.6992763343827e-4,667.490598772074,825.4646252546,1278.56,0.715147327912253,386.6764219040511,Fw
1081,566.444,0.711327052042996,0.172512254568387,1132.888,2019_yk_082,Yukon,2019,0.715526077974575,0.16588606580207,5.4157029611459e-4,667.490598772074,825.4646252546,1278.56,0.715147327912253,386.6764219040511,Fw
1082,566.968,0.722768272813996,0.174371691301094,1133.936,2019_yk_082,Yukon,2019,0.715502302634996,0.166482383071499,5.9631726942846e-4,667.490598772074,825.4646252546,1278.56,0.715147327912253,386.6764219040511,Fw
1083,567.492,0.719614123399913,0.173607698959439,1134.984,2019_yk_082,Yukon,2019,0.715593799197153,0.167100025672024,6.176426005251e-4,667.490598772074,825.4646252546,1278.56,0.715147327912253,386.6764219040511,Fw
1084,568.016,0.713687063486424,0.172602062387089,1136.032,2019_yk_082,Yukon,2019,0.71558304051182,0.167744961211874,6.4493553984953e-4,667.490598772074,825.4646252546,1278.56,0.715147327912253,386.6764219040511,Fw
1085,568.54,0.721014484025073,0.174824930659581,1137.08,2019_yk_082,Yukon,2019,0.715547665798912,0.168477367460046,7.3240624817241e-4,667.490598772074,825.4646252546,1278.56,0.715147327912253,386.6764219040511,Fw
1086,569.064,0.707605116427503,0.173352725576975,1138.128,2019_yk_082,Yukon,2019,0.715608116664057,0.169203907313448,7.2653985340201e-4,667.490598772074,825.4646252546,1278.56,0.715147327912253,386.6764219040511,Fw
1087,569.588,0.714005693599678,0.172830604196756,1139.176,2019_yk_082,Yukon,2019,0.715508829464462,0.169954447078287,7.5053976483927e-4,667.490598772074,825.4646252546,1278.56,0.715147327912253,386.6764219040511,Fw
1088,570.112,0.717209359225832,0.171821575757424,1140.224,2019_yk_082,Yukon,2019,0.715551024128841,0.170800742822317,8.4629574402952e-4,667.490598772074,825.4646252546,1278.56,0.715147327912253,386.6764219040511,Fw
1089,570.636,0.713400579222709,0.173438997716634,1141.272,2019_yk_082,Yukon,2019,0.7153925632035,0.171656015672335,8.5527285001799e-4,667.490598772074,825.4646252546,1278.56,0.715147327912253,386.6764219040511,Fw
1090,571.16,0.714212373662567,0.174552654886612,1142.32,2019_yk_082,Yukon,2019,0.715099437885093,0.17255355672693,8.975410545951e-4,667.490598772074,825.4646252546,1278.56,0.715147327912253,386.6764219040511,Fw
1091,571.684,0.722763137383342,0.1744680983313,1143.368,2019_yk_082,Yukon,2019,0.715005723197782,0.173519865026702,9.6630829977256e-4,667.490598772074,825.4646252546,1278.56,0.715147327912253,386.6764219040511,Fw
1092,572.208,0.716026909122065,0.173306373241193,1144.416,2019_yk_082,Yukon,2019,0.714943492671126,0.174625705715174,0.00110584068847164,667.490598772074,825.4646252546,1278.56,0.715147327912253,386.6764219040511,Fw
1093,572.732,0.71099770138984,0.173693476251935,1145.464,2019_yk_082,Yukon,2019,0.714860903373089,0.175768011371056,0.00114230565588147,667.490598772074,825.4646252546,1278.56,0.715147327912253,386.6764219040511,Fw
1094,573.256,0.71124331202507,0.173365086535566,1146.512,2019_yk_082,Yukon,2019,0.714795044316611,0.176993058890332,0.00122504751927646,667.490598772074,825.4646252546,1278.56,0.715147327912253,386.6764219040511,Fw
1095,573.78,0.716393731811316,0.173938996629951,1147.56,2019_yk_082,Yukon,2019,0.714801389932547,0.178281452777136,0.00128839388680352,667.490598772074,825.4646252546,1278.56,0.715147327912253,386.6764219040511,Fw
1096,574.304,0.718604765790883,0.173361481241375,1148.608,2019_yk_082,Yukon,2019,0.714708332279185,0.179688547943955,0.00140709516681956,667.490598772074,825.4646252546,1278.56,0.715147327912253,386.6764219040511,Fw
1097,574.828,0.713526708914988,0.1732517830393,1149.656,2019_yk_082,Yukon,2019,0.714762602364543,0.181216319187804,0.00152777124384862,667.490598772074,825.4646252546,1278.56,0.715147327912253,386.6764219040511,Fw
1098,575.352,0.721308561108888,0.173533003558278,1150.704,2019_yk_082,Yukon,2019,0.714808407378542,0.182844339697912,0.00162802051010796,667.490598772074,825.4646252546,1278.56,0.715147327912253,386.6764219040511,Fw
1099,575.876,0.713974549774633,0.175972447413891,1151.752,2019_yk_082,Yukon,2019,0.714802376528219,0.184486885424708,0.00164254572679681,667.490598772074,825.4646252546,1278.56,0.715147327912253,386.6764219040511,Fw
1100,576.4,0.72003548912649,0.175658368730054,1152.8,2019_yk_082,Yukon,2019,0.714704711491665,0.186194521161221,0.00170763573651239,667.490598772074,825.4646252546,1278.56,0.715147327912253,386.6764219040511,Fw
1101,576.924,0.71302055029062394,0.176070116379602,1153.848,2019_yk_082,Yukon,2019,0.714565269482294,0.187931285077702,0.00173676391648075,667.490598772074,825.4646252546,1278.56,0.715147327912253,386.6764219040511,Fw
1102,577.448,0.715387677030103,0.175277422701418,1154.896,2019_yk_082,Yukon,2019,0.714453721272575,0.189716376443634,0.00178509136593238,667.490598772074,825.4646252546,1278.56,0.715147327912253,386.6764219040511,Fw
1103,577.972,0.715251157590587,0.177755326658229,1155.944,2019_yk_082,Yukon,2019,0.714406749990222,0.191491403074687,0.001775026631053,667.490598772074,825.4646252546,1278.56,0.715147327912253,386.6764219040511,Fw
1104,578.496,0.71983162230182,0.176352091551622,1156.992,2019_yk_082,Yukon,2019,0.714357580664802,0.193161836581017,0.00167043350633006,667.490598772074,825.4646252546,1278.56,0.715147327912253,386.6764219040511,Fw
1105,579.02,0.710209033415081,0.177030008804945,1158.04,2019_yk_082,Yukon,2019,0.714211618896022,0.194977820923101,0.00181598434208408,667.490598772074,825.4646252546,1278.56,0.715147327912253,386.6764219040511,Fw
1106,579.544,0.712033799728458,0.176920131083899,1159.088,2019_yk_082,Yukon,2019,0.714093489509459,0.196771534332687,0.00179371340958606,667.490598772074,825.4646252546,1278.56,0.715147327912253,386.6764219040511,Fw
1107,580.068,0.713736655025329,0.180887748566549,1160.136,2019_yk_082,Yukon,2019,0.714087202449399,0.198627097264635,0.00185556293194744,667.490598772074,825.4646252546,1278.56,0.715147327912253,386.6764219040511,Fw
1108,580.592,0.711041228134272,0.179211714806404,1161.184,2019_yk_082,Yukon,2019,0.713929369899308,0.200454516114054,0.00182741884941967,667.490598772074,825.4646252546,1278.56,0.715147327912253,386.6764219040511,Fw
1109,581.116,0.711755918435465,0.180046954853254,1162.232,2019_yk_082,Yukon,2019,0.714024258570081,0.202251869611567,0.00179735349751312,667.490598772074,825.4646252546,1278.56,0.715147327912253,386.6764219040511,Fw
1110,581.64,0.716554517391105,0.180432270008408,1163.28,2019_yk_082,Yukon,2019,0.713909787314436,0.204081124541605,0.00182925493003755,667.490598772074,825.4646252546,1278.56,0.715147327912253,386.6764219040511,Fw
1111,582.164,0.715217418159157,0.181368494918646,1164.328,2019_yk_082,Yukon,2019,0.713970326428505,0.205858836226599,0.00177771168499413,667.490598772074,825.4646252546,1278.56,0.715147327912253,386.6764219040511,Fw
1112,582.688,0.721650700562667,0.182572803400438,1165.376,2019_yk_082,Yukon,2019,0.713830374589093,0.207675198837322,0.00181636261072321,667.490598772074,825.4646252546,1278.56,0.715147327912253,386.6764219040511,Fw
1113,583.212,0.722595329376957,0.184779610123306,1166.424,2019_yk_082,Yukon,2019,0.71372421729687,0.20955784232714,0.00188264348981765,667.490598772074,825.4646252546,1278.56,0.715147327912253,386.6764219040511,Fw
1114,583.736,0.711792391910852,0.185528817267732,1167.472,2019_yk_082,Yukon,2019,0.71370545998201,0.211525784827559,0.00196794250041923,667.490598772074,825.4646252546,1278.56,0.715147327912253,386.6764219040511,Fw
1115,584.26,0.706025907287332,0.190918752317293,1168.52,2019_yk_082,Yukon,2019,0.713600502393306,0.213508703820877,0.00198291899331762,667.490598772074,825.4646252546,1278.56,0.715147327912253,386.6764219040511,Fw
1116,584.784,0.719924059007911,0.194186283815103,1169.568,2019_yk_082,Yukon,2019,0.713649956711154,0.215772968200501,0.00226426437962454,667.490598772074,825.4646252546,1278.56,0.715147327912253,386.6764219040511,Fw
1117,585.308,0.709885368913339,0.19516058391166,1170.616,2019_yk_082,Yukon,2019,0.713583663556178,0.21796543365646,0.00219246545595825,667.490598772074,825.4646252546,1278.56,0.715147327912253,386.6764219040511,Fw
1118,585.832,0.71242593847565,0.202532169940962,1171.664,2019_yk_082,Yukon,2019,0.713493508698488,0.220291068557174,0.00232563490071422,667.490598772074,825.4646252546,1278.56,0.715147327912253,386.6764219040511,Fw
1119,586.356,0.711035379790221,0.203477114343919,1172.712,2019_yk_082,Yukon,2019,0.713455654349147,0.222626127307961,0.00233505875078691,667.490598772074,825.4646252546,1278.56,0.715147327912253,386.6764219040511,Fw
1120,586.88,0.705797225448774,0.20852858849016,1173.76,2019_yk_082,Yukon,2019,0.713407168686818,0.224967444620715,0.00234131731275455,667.490598772074,825.4646252546,1278.56,0.715147327912253,386.6764219040511,Fw
1121,587.404,0.714270398170991,0.214292728842531,1174.808,2019_yk_082,Yukon,2019,0.713187087711075,0.22735633088132,0.00238888626060474,667.490598772074,825.4646252546,1278.56,0.715147327912253,386.6764219040511,Fw
1122,587.928,0.711846043349411,0.221266094528624,1175.856,2019_yk_082,Yukon,2019,0.713156881825655,0.229817068168901,0.00246073728758067,667.490598772074,825.4646252546,1278.56,0.715147327912253,386.6764219040511,Fw
1123,588.452,0.709335979871591,0.224613409189294,1176.904,2019_yk_082,Yukon,2019,0.713188129875033,0.232317018292921,0.00249995012402074,667.490598772074,825.4646252546,1278.56,0.715147327912253,386.6764219040511,Fw
1124,588.976,0.715419401531345,0.2297856843016,1177.952,2019_yk_082,Yukon,2019,0.713249541982766,0.234897811021312,0.00258079272839076,667.490598772074,825.4646252546,1278.56,0.715147327912253,386.6764219040511,Fw
1125,589.5,0.715953186342875,0.234295308439102,1179,2019_yk_082,Yukon,2019,0.713118518239101,0.237557933880924,0.0026601228596122,667.490598772074,825.4646252546,1278.56,0.715147327912253,386.6764219040511,Fw
1126,590.024,0.71266609419859,0.239922274961563,1180.048,2019_yk_082,Yukon,2019,0.712969029710038,0.240269965687232,0.00271203180630733,667.490598772074,825.4646252546,1278.56,0.715147327912253,386.6764219040511,Fw
1127,590.548,0.713020651030649,0.246017411740615,1181.096,2019_yk_082,Yukon,2019,0.712897790039102,0.243008585351275,0.0027386196640431,667.490598772074,825.4646252546,1278.56,0.715147327912253,386.6764219040511,Fw
1128,591.072,0.71077152552535094,0.251603626163506,1182.144,2019_yk_082,Yukon,2019,0.712734631670603,0.245845709282975,0.00283712393170038,667.490598772074,825.4646252546,1278.56,0.715147327912253,386.6764219040511,Fw
1129,591.596,0.713216370866872,0.252405484867271,1183.192,2019_yk_082,Yukon,2019,0.712641303149895,0.248701791727621,0.00285608244464622,667.490598772074,825.4646252546,1278.56,0.715147327912253,386.6764219040511,Fw
1130,592.12,0.708131776180326,0.25612388734171,1184.24,2019_yk_082,Yukon,2019,0.712528059475105,0.251669474631379,0.00296768290375785,667.490598772074,825.4646252546,1278.56,0.715147327912253,386.6764219040511,Fw
1131,592.644,0.710512609673867,0.258906216999797,1185.288,2019_yk_082,Yukon,2019,0.712456824970821,0.254766630484607,0.00309715585322762,667.490598772074,825.4646252546,1278.56,0.715147327912253,386.6764219040511,Fw
1132,593.168,0.709477520338139,0.262089326178786,1186.336,2019_yk_082,Yukon,2019,0.712372075873009,0.257971588179047,0.00320495769443974,667.490598772074,825.4646252546,1278.56,0.715147327912253,386.6764219040511,Fw
1133,593.692,0.713157952234477,0.263641688751493,1187.384,2019_yk_082,Yukon,2019,0.712263234280167,0.261240163211393,0.00326857503234651,667.490598772074,825.4646252546,1278.56,0.715147327912253,386.6764219040511,Fw
1134,594.216,0.712316088313528,0.262433706331791,1188.432,2019_yk_082,Yukon,2019,0.712082855637041,0.264692706984357,0.00345254377296417,667.490598772074,825.4646252546,1278.56,0.715147327912253,386.6764219040511,Fw
1135,594.74,0.713106933489018,0.269163182987451,1189.48,2019_yk_082,Yukon,2019,0.712110396219823,0.268073821239219,0.00338111425486198,667.490598772074,825.4646252546,1278.56,0.715147327912253,386.6764219040511,Fw
1136,595.264,0.711626003616094,0.269005273228709,1190.528,2019_yk_082,Yukon,2019,0.712027104234651,0.271428882407796,0.00335506116857698,667.490598772074,825.4646252546,1278.56,0.715147327912253,386.6764219040511,Fw
1137,595.788,0.710801341466237,0.275300028435134,1191.576,2019_yk_082,Yukon,2019,0.711967192182756,0.274791024270297,0.00336214186250033,667.490598772074,825.4646252546,1278.56,0.715147327912253,386.6764219040511,Fw
1138,596.312,0.708368104062292,0.274686883616683,1192.624,2019_yk_082,Yukon,2019,0.711985325260948,0.278414438252252,0.0036234139819552,667.490598772074,825.4646252546,1278.56,0.715147327912253,386.6764219040511,Fw
1139,596.836,0.715746626171279,0.278280337137568,1193.672,2019_yk_082,Yukon,2019,0.711969503381531,0.281941498213806,0.00352705996155445,667.490598772074,825.4646252546,1278.56,0.715147327912253,386.6764219040511,Fw
1140,597.36,0.709951769803312,0.277533603526686,1194.72,2019_yk_082,Yukon,2019,0.711888099091698,0.28545465077929,0.0035131525654839,667.490598772074,825.4646252546,1278.56,0.715147327912253,386.6764219040511,Fw
1141,597.884,0.714959398887097,0.279174955668035,1195.768,2019_yk_082,Yukon,2019,0.711810784421345,0.288946008029172,0.00349135724988142,667.490598772074,825.4646252546,1278.56,0.715147327912253,386.6764219040511,Fw
1142,598.408,0.714371162449304,0.283353447944488,1196.816,2019_yk_082,Yukon,2019,0.711616052336623,0.292518682377672,0.00357267434850039,667.490598772074,825.4646252546,1278.56,0.715147327912253,386.6764219040511,Fw
1143,598.932,0.713244685866517,0.286566308348497,1197.864,2019_yk_082,Yukon,2019,0.711409450470203,0.296096179924806,0.00357749754713443,667.490598772074,825.4646252546,1278.56,0.715147327912253,386.6764219040511,Fw
1144,599.456,0.712561624594819,0.290678612412242,1198.912,2019_yk_082,Yukon,2019,0.711451584321864,0.299678545472716,0.00358236554790919,667.490598772074,825.4646252546,1278.56,0.715147327912253,386.6764219040511,Fw
1145,599.98,0.714717028702847,0.293800070258639,1199.96,2019_yk_082,Yukon,2019,0.711485917391415,0.303173800417178,0.00349525494446246,667.490598772074,825.4646252546,1278.56,0.715147327912253,386.6764219040511,Fw
1146,600.504,0.710572375498376,0.309208588354448,1201.008,2019_yk_082,Yukon,2019,0.711322044848445,0.306748464297867,0.00357466388068867,667.490598772074,825.4646252546,1278.56,0.715147327912253,386.6764219040511,Fw
1147,601.028,0.710028104301119,0.30437853155425,1202.056,2019_yk_082,Yukon,2019,0.711381586557158,0.310512428519409,0.00376396422154268,667.490598772074,825.4646252546,1278.56,0.715147327912253,386.6764219040511,Fw
1148,601.552,0.711800067764432,0.311359669800278,1203.104,2019_yk_082,Yukon,2019,0.711347676679133,0.314199334834788,0.00368690631537827,667.490598772074,825.4646252546,1278.56,0.715147327912253,386.6764219040511,Fw
1149,602.076,0.711129318262229,0.31354252276385,1204.152,2019_yk_082,Yukon,2019,0.711325942968095,0.317713590497492,0.00351425566270408,667.490598772074,825.4646252546,1278.56,0.715147327912253,386.6764219040511,Fw
1150,602.6,0.711303233922837,0.315031693651884,1205.2,2019_yk_082,Yukon,2019,0.711396164730185,0.321228196235886,0.00351460573839391,667.490598772074,825.4646252546,1278.56,0.715147327912253,386.6764219040511,Fw
1151,603.124,0.70955827883874,0.317801273967585,1206.248,2019_yk_082,Yukon,2019,0.711355090718045,0.324691119812094,0.00346292357620848,667.490598772074,825.4646252546,1278.56,0.715147327912253,386.6764219040511,Fw
1152,603.648,0.714214555996891,0.320950610496033,1207.296,2019_yk_082,Yukon,2019,0.711330373300032,0.328057248599675,0.00336612878758052,667.490598772074,825.4646252546,1278.56,0.715147327912253,386.6764219040511,Fw
1153,604.172,0.712872584352535,0.323690483693179,1208.344,2019_yk_082,Yukon,2019,0.711343154040844,0.331492904292552,0.00343565569287735,667.490598772074,825.4646252546,1278.56,0.715147327912253,386.6764219040511,Fw
1154,604.696,0.714928038489018,0.328212650239013,1209.392,2019_yk_082,Yukon,2019,0.711274784068952,0.33479607831931,0.00330317402675778,667.490598772074,825.4646252546,1278.56,0.715147327912253,386.6764219040511,Fw
1155,605.22,0.708532307191456,0.333546368206683,1210.44,2019_yk_082,Yukon,2019,0.711156997617596,0.337970188014319,0.00317410969500947,667.490598772074,825.4646252546,1278.56,0.715147327912253,386.6764219040511,Fw
1156,605.744,0.709635454047104,0.336083389619815,1211.488,2019_yk_082,Yukon,2019,0.711082551839075,0.341098983874314,0.0031287958599947,667.490598772074,825.4646252546,1278.56,0.715147327912253,386.6764219040511,Fw
1157,606.268,0.70925232865883,0.337568962881886,1212.536,2019_yk_082,Yukon,2019,0.71102711505359,0.344195904017899,0.00309692014358509,667.490598772074,825.4646252546,1278.56,0.715147327912253,386.6764219040511,Fw
1158,606.792,0.711519058998952,0.3437604394603,1213.584,2019_yk_082,Yukon,2019,0.711036016618677,0.347270733285882,0.00307482926798291,667.490598772074,825.4646252546,1278.56,0.715147327912253,386.6764219040511,Fw
1159,607.316,0.708374838532139,0.347337394092664,1214.632,2019_yk_082,Yukon,2019,0.710978613078267,0.350363646214692,0.00309291292880964,667.490598772074,825.4646252546,1278.56,0.715147327912253,386.6764219040511,Fw
1160,607.84,0.713240868639078,0.353719342955525,1215.68,2019_yk_082,Yukon,2019,0.711033087711649,0.353408871312073,0.0030452250973812,667.490598772074,825.4646252546,1278.56,0.715147327912253,386.6764219040511,Fw
1161,608.364,0.708746480033598,0.36189946757325703,1216.728,2019_yk_082,Yukon,2019,0.710987782088003,0.356508414059138,0.00309954274706492,667.490598772074,825.4646252546,1278.56,0.715147327912253,386.6764219040511,Fw
1162,608.888,0.710302731161372,0.367574884367804,1217.776,2019_yk_082,Yukon,2019,0.711033615864039,0.359577325473192,0.00306891141405424,667.490598772074,825.4646252546,1278.56,0.715147327912253,386.6764219040511,Fw
1163,609.412,0.708720662020076,0.37386982859902,1218.824,2019_yk_082,Yukon,2019,0.710984617534129,0.362620736274365,0.00304341080117282,667.490598772074,825.4646252546,1278.56,0.715147327912253,386.6764219040511,Fw
1164,609.936,0.709008903714279,0.383504717929472,1219.872,2019_yk_082,Yukon,2019,0.71090923940465,0.365616942315234,0.00299620604086925,667.490598772074,825.4646252546,1278.56,0.715147327912253,386.6764219040511,Fw
1165,610.46,0.711861468381968,0.379896864096662,1220.92,2019_yk_082,Yukon,2019,0.710847917639325,0.368560332053076,0.00294338973784153,667.490598772074,825.4646252546,1278.56,0.715147327912253,386.6764219040511,Fw
1166,610.984,0.70703628061815,0.378223801198517,1221.968,2019_yk_082,Yukon,2019,0.71081089708077,0.371527730463314,0.00296739841023885,667.490598772074,825.4646252546,1278.56,0.715147327912253,386.6764219040511,Fw
1167,611.508,0.710141931911636,0.382616260316567,1223.016,2019_yk_082,Yukon,2019,0.710792628388384,0.374399023927146,0.00287129346383191,667.490598772074,825.4646252546,1278.56,0.715147327912253,386.6764219040511,Fw
1168,612.032,0.71212921282575,0.396616553723716,1224.064,2019_yk_082,Yukon,2019,0.710830706035122,0.377312294289284,0.00291327036213807,667.490598772074,825.4646252546,1278.56,0.715147327912253,386.6764219040511,Fw
1169,612.556,0.710806605670491,0.391670552546521,1225.112,2019_yk_082,Yukon,2019,0.710741330061205,0.380240969127415,0.0029286748381302,667.490598772074,825.4646252546,1278.56,0.715147327912253,386.6764219040511,Fw
1170,613.08,0.711670260001131,0.39122142393744,1226.16,2019_yk_082,Yukon,2019,0.710766409977494,0.383205903131734,0.00296493400431952,667.490598772074,825.4646252546,1278.56,0.715147327912253,386.6764219040511,Fw
1171,613.604,0.710578537937936,0.390849929911533,1227.208,2019_yk_082,Yukon,2019,0.710657399805142,0.386097237831895,0.00289133470016051,667.490598772074,825.4646252546,1278.56,0.715147327912253,386.6764219040511,Fw
1172,614.128,0.709966775479359,0.396933264310459,1228.256,2019_yk_082,Yukon,2019,0.710600458714672,0.38900700035388,0.00290976252198549,667.490598772074,825.4646252546,1278.56,0.715147327912253,386.6764219040511,Fw
1173,614.652,0.710199217391743,0.399429462951374,1229.304,2019_yk_082,Yukon,2019,0.710534476831738,0.391990877375074,0.0029838770211934,667.490598772074,825.4646252546,1278.56,0.715147327912253,386.6764219040511,Fw
1174,615.176,0.714320423010536,0.40047075014228,1230.352,2019_yk_082,Yukon,2019,0.710506046791884,0.394849382065478,0.00285850469040444,667.490598772074,825.4646252546,1278.56,0.715147327912253,386.6764219040511,Fw
1175,615.7,0.708085891460379,0.400634048985043,1231.4,2019_yk_082,Yukon,2019,0.710431224131018,0.397721832673538,0.00287245060806018,667.490598772074,825.4646252546,1278.56,0.715147327912253,386.6764219040511,Fw
1176,616.224,0.71009170642971,0.408666116656425,1232.448,2019_yk_082,Yukon,2019,0.710437408138911,0.400336797203304,0.00261496452976567,667.490598772074,825.4646252546,1278.56,0.715147327912253,386.6764219040511,Fw
1177,616.748,0.713457871436105,0.420998437204222,1233.496,2019_yk_082,Yukon,2019,0.710399972754177,0.403146317427215,0.0028095202239109,667.490598772074,825.4646252546,1278.56,0.715147327912253,386.6764219040511,Fw
1178,617.272,0.710391345794167,0.423746548863658,1234.544,2019_yk_082,Yukon,2019,0.710372323481935,0.405803064357793,0.00265674693057782,667.490598772074,825.4646252546,1278.56,0.715147327912253,386.6764219040511,Fw
1179,617.796,0.709731357127924,0.414332454106163,1235.592,2019_yk_082,Yukon,2019,0.710341541758075,0.408423098257831,0.00262003390003812,667.490598772074,825.4646252546,1278.56,0.715147327912253,386.6764219040511,Fw
1180,618.32,0.710010531174182,0.419404932793797,1236.64,2019_yk_082,Yukon,2019,0.710333578475528,0.411302623785388,0.00287952552755683,667.490598772074,825.4646252546,1278.56,0.715147327912253,386.6764219040511,Fw
1181,618.844,0.711805957442617,0.422068143415039,1237.688,2019_yk_082,Yukon,2019,0.710353379545072,0.41417705677213,0.00287443298674273,667.490598772074,825.4646252546,1278.56,0.715147327912253,386.6764219040511,Fw
1182,619.368,0.710362998268601,0.423233821783458,1238.736,2019_yk_082,Yukon,2019,0.710259729883146,0.416951933944489,0.0027748771723588,667.490598772074,825.4646252546,1278.56,0.715147327912253,386.6764219040511,Fw
1183,619.892,0.710102824320334,0.430752750761936,1239.784,2019_yk_082,Yukon,2019,0.71018702813272,0.419823881672293,0.00287194772780391,667.490598772074,825.4646252546,1278.56,0.715147327912253,386.6764219040511,Fw
1184,620.416,0.711317203217814,0.427976125907066,1240.832,2019_yk_082,Yukon,2019,0.710118851932869,0.422563745448913,0.00273986377661978,667.490598772074,825.4646252546,1278.56,0.715147327912253,386.6764219040511,Fw
1185,620.94,0.708885999261517,0.424741890139671,1241.88,2019_yk_082,Yukon,2019,0.710172525588412,0.42538588590534,0.00282214045642748,667.490598772074,825.4646252546,1278.56,0.715147327912253,386.6764219040511,Fw
1186,621.464,0.708199347487357,0.427650026561244,1242.928,2019_yk_082,Yukon,2019,0.710204450801899,0.428103967434245,0.00271808152890463,667.490598772074,825.4646252546,1278.56,0.715147327912253,386.6764219040511,Fw
1187,621.988,0.709694443901555,0.431832620355724,1243.976,2019_yk_082,Yukon,2019,0.710217315766322,0.430747359412928,0.00264339197868346,667.490598772074,825.4646252546,1278.56,0.715147327912253,386.6764219040511,Fw
1188,622.512,0.711305619430547,0.436093382242479,1245.024,2019_yk_082,Yukon,2019,0.710195390545604,0.433283994114402,0.00253663470147358,667.490598772074,825.4646252546,1278.56,0.715147327912253,386.6764219040511,Fw
1189,623.036,0.709772158442276,0.43798026059585,1246.072,2019_yk_082,Yukon,2019,0.710240643967697,0.43572793225753,0.0024439381431276,667.490598772074,825.4646252546,1278.56,0.715147327912253,386.6764219040511,Fw
1190,623.56,0.711400254183234,0.438837393184578,1247.12,2019_yk_082,Yukon,2019,0.710182483886296,0.438041630345705,0.00231369808817566,667.490598772074,825.4646252546,1278.56,0.715147327912253,386.6764219040511,Fw
1191,624.084,0.707794272255125,0.444878781823692,1248.168,2019_yk_082,Yukon,2019,0.710218979579008,0.440213013994876,0.00217138364917058,667.490598772074,825.4646252546,1278.56,0.715147327912253,386.6764219040511,Fw
1192,624.608,0.7122275469003,0.446224011022041,1249.216,2019_yk_082,Yukon,2019,0.710195942633495,0.442378185284751,0.00216517128987564,667.490598772074,825.4646252546,1278.56,0.715147327912253,386.6764219040511,Fw
1193,625.132,0.710218052439882,0.446246336821864,1250.264,2019_yk_082,Yukon,2019,0.710196326114189,0.444336441722073,0.00195825643732167,667.490598772074,825.4646252546,1278.56,0.715147327912253,386.6764219040511,Fw
1194,625.656,0.707793400544767,0.442206068783948,1251.312,2019_yk_082,Yukon,2019,0.710174397801909,0.446323485904009,0.00198704418193602,667.490598772074,825.4646252546,1278.56,0.715147327912253,386.6764219040511,Fw
1195,626.18,0.709427627569537,0.445766567257942,1252.36,2019_yk_082,Yukon,2019,0.710161086608977,0.44825273814366,0.00192925223965046,667.490598772074,825.4646252546,1278.56,0.715147327912253,386.6764219040511,Fw
1196,626.704,0.70940477010279,0.447049177843039,1253.408,2019_yk_082,Yukon,2019,0.710192610498811,0.450315788141714,0.00206304999805429,667.490598772074,825.4646252546,1278.56,0.715147327912253,386.6764219040511,Fw
1197,627.228,0.709705219923045,0.447577636265048,1254.456,2019_yk_082,Yukon,2019,0.710202317604696,0.452303252787216,0.00198746464550242,667.490598772074,825.4646252546,1278.56,0.715147327912253,386.6764219040511,Fw
1198,627.752,0.710652762866606,0.449483105344964,1255.504,2019_yk_082,Yukon,2019,0.710123313231616,0.454014304645116,0.00171105185790021,667.490598772074,825.4646252546,1278.56,0.715147327912253,386.6764219040511,Fw
1199,628.276,0.710384067736259,0.454000827425381,1256.552,2019_yk_082,Yukon,2019,0.710131068765193,0.455964544730165,0.00195024008504857,667.490598772074,825.4646252546,1278.56,0.715147327912253,386.6764219040511,Fw
1200,628.8,0.711456564780634,0.455429643785855,1257.6,2019_yk_082,Yukon,2019,0.710068811452441,0.457919081443879,0.00195453671371354,667.490598772074,825.4646252546,1278.56,0.715147327912253,386.6764219040511,Fw
1201,629.324,0.708418788545955,0.452655037677664,1258.648,2019_yk_082,Yukon,2019,0.710060039521849,0.45999932233803,0.0020802408941516,667.490598772074,825.4646252546,1278.56,0.715147327912253,386.6764219040511,Fw
1202,629.848,0.710954697021158,0.457939199263618,1259.696,2019_yk_082,Yukon,2019,0.710073752637635,0.461787186177141,0.0017878638391103901,667.490598772074,825.4646252546,1278.56,0.715147327912253,386.6764219040511,Fw
1203,630.372,0.709285772890467,0.4655989296201,1260.744,2019_yk_082,Yukon,2019,0.710074428863393,0.463540000827521,0.00175281465038069,667.490598772074,825.4646252546,1278.56,0.715147327912253,386.6764219040511,Fw
1204,630.896,0.710855822203575,0.46218889383651,1261.792,2019_yk_082,Yukon,2019,0.709995612537242,0.465492418095687,0.00195241726816608,667.490598772074,825.4646252546,1278.56,0.715147327912253,386.6764219040511,Fw
1205,631.42,0.710227669050866,0.46614710674225,1262.84,2019_yk_082,Yukon,2019,0.710023478433565,0.467356573665423,0.00186415556973613,667.490598772074,825.4646252546,1278.56,0.715147327912253,386.6764219040511,Fw
1206,631.944,0.710943415971977,0.466106460140388,1263.888,2019_yk_082,Yukon,2019,0.710005791548603,0.469114291256199,0.00175771759077548,667.490598772074,825.4646252546,1278.56,0.715147327912253,386.6764219040511,Fw
1207,632.468,0.707781981217083,0.472949744988903,1264.936,2019_yk_082,Yukon,2019,0.709924240120447,0.470540296587359,0.00142600533116055,667.490598772074,825.4646252546,1278.56,0.715147327912253,386.6764219040511,Fw
1208,632.992,0.710141111429902,0.470764485634947,1265.984,2019_yk_082,Yukon,2019,0.709911970220265,0.472002520846665,0.00146222425930603,667.490598772074,825.4646252546,1278.56,0.715147327912253,386.6764219040511,Fw
1209,633.516,0.709282414830645,0.470744556766139,1267.032,2019_yk_082,Yukon,2019,0.709889420849706,0.47350288791793,0.00150036707126494,667.490598772074,825.4646252546,1278.56,0.715147327912253,386.6764219040511,Fw
1210,634.04,0.710825436970025,0.487803225305291,1268.08,2019_yk_082,Yukon,2019,0.709920913961828,0.475146076429187,0.00164318851125672,667.490598772074,825.4646252546,1278.56,0.715147327912253,386.6764219040511,Fw
1211,634.564,0.71074634301137,0.49026725317215,1269.128,2019_yk_082,Yukon,2019,0.709869129006844,0.476712961273557,0.00156688484436956,667.490598772074,825.4646252546,1278.56,0.715147327912253,386.6764219040511,Fw
1212,635.088,0.708595576281317,0.487443240837563,1270.176,2019_yk_082,Yukon,2019,0.709882338983766,0.478277401282614,0.00156444000905753,667.490598772074,825.4646252546,1278.56,0.715147327912253,386.6764219040511,Fw
1213,635.612,0.708510479326953,0.496007347361417,1271.224,2019_yk_082,Yukon,2019,0.709873084909018,0.479694892507907,0.001417491225293,667.490598772074,825.4646252546,1278.56,0.715147327912253,386.6764219040511,Fw
1214,636.136,0.710837466497979,0.492604476836199,1272.272,2019_yk_082,Yukon,2019,0.709817272555258,0.481088291539612,0.00139339903170516,667.490598772074,825.4646252546,1278.56,0.715147327912253,386.6764219040511,Fw
1215,636.66,0.711752726524017,0.50287479559233,1273.32,2019_yk_082,Yukon,2019,0.709832970572,0.482618897276666,0.0015306057370531,667.490598772074,825.4646252546,1278.56,0.715147327912253,386.6764219040511,Fw
1216,637.184,0.711550966856355,0.499168281354095,1274.368,2019_yk_082,Yukon,2019,0.709861029592298,0.483883533368643,0.00126463609197741,667.490598772074,825.4646252546,1278.56,0.715147327912253,386.6764219040511,Fw
1217,637.708,0.7100242265242,0.496172481602893,1275.416,2019_yk_082,Yukon,2019,0.70987702766097,0.485109959763373,0.00122642639473047,667.490598772074,825.4646252546,1278.56,0.715147327912253,386.6764219040511,Fw
1218,638.232,0.710203545755853,0.495958521548715,1276.464,2019_yk_082,Yukon,2019,0.70984332340934,0.486188982523731,0.00107902276035765,667.490598772074,825.4646252546,1278.56,0.715147327912253,386.6764219040511,Fw
1219,638.756,0.711090043857738,0.493973682680319,1277.512,2019_yk_082,Yukon,2019,0.709819243608327,0.487289755344199,0.00110077282046822,667.490598772074,825.4646252546,1278.56,0.715147327912253,386.6764219040511,Fw
1220,639.28,0.709751263755038,0.492541228246066,1278.56,2019_yk_082,Yukon,2019,0.709834601230938,0.488248314754498,9.5855941029865e-4,667.490598772074,825.4646252546,1278.56,0.715147327912253,386.6764219040511,Early Marine
1221,639.804,0.710936221596268,0.492182486523493,1279.608,2019_yk_082,Yukon,2019,0.709870120408596,0.489161307163301,9.1299240880315e-4,667.490598772074,825.4646252546,1278.56,0.715147327912253,386.6764219040511,Early Marine
1222,640.328,0.708920514430634,0.497485161760342,1280.656,2019_yk_082,Yukon,2019,0.709793162894471,0.490008925520696,8.4761835739482e-4,667.490598772074,825.4646252546,1278.56,0.715147327912253,386.6764219040511,Early Marine
1223,640.852,0.708743670861703,0.49136521483832,1281.704,2019_yk_082,Yukon,2019,0.709739120884787,0.490995366068847,9.8644054815078e-4,667.490598772074,825.4646252546,1278.56,0.715147327912253,386.6764219040511,Early Marine
1224,641.376,0.707693204977459,0.502727368845633,1282.752,2019_yk_082,Yukon,2019,0.709771442720232,0.491917380535967,9.2201446712009e-4,667.490598772074,825.4646252546,1278.56,0.715147327912253,386.6764219040511,Early Marine
1225,641.9,0.711062796806085,0.495651998475691,1283.8,2019_yk_082,Yukon,2019,0.709746812546516,0.492853438155132,9.360576191657e-4,667.490598772074,825.4646252546,1278.56,0.715147327912253,386.6764219040511,Early Marine
1226,642.424,0.708927714008151,0.502006801081774,1284.848,2019_yk_082,Yukon,2019,0.709748007221193,0.493770559647936,9.1712149280309e-4,667.490598772074,825.4646252546,1278.56,0.715147327912253,386.6764219040511,Early Marine
1227,642.948,0.710724358264738,0.501864139046711,1285.896,2019_yk_082,Yukon,2019,0.70974594588767,0.4947739974684,0.00100343782046414,667.490598772074,825.4646252546,1278.56,0.715147327912253,386.6764219040511,Early Marine
1228,643.472,0.707388950440958,0.499279665197731,1286.944,2019_yk_082,Yukon,2019,0.709762065355197,0.495835678401427,0.00106168093302711,667.490598772074,825.4646252546,1278.56,0.715147327912253,386.6764219040511,Early Marine
1229,643.996,0.711271937685139,0.508684957649433,1287.992,2019_yk_082,Yukon,2019,0.709733169589391,0.496797456962777,9.6177856135004e-4,667.490598772074,825.4646252546,1278.56,0.715147327912253,386.6764219040511,Early Marine
1230,644.52,0.707934821236011,0.50849362676025,1289.04,2019_yk_082,Yukon,2019,0.709686831957783,0.497550372800715,7.5291583793807e-4,667.490598772074,825.4646252546,1278.56,0.715147327912253,386.6764219040511,Early Marine
1231,645.044,0.710052222102414,0.51566438356063,1290.088,2019_yk_082,Yukon,2019,0.709714614480442,0.498362372261638,8.119994609228e-4,667.490598772074,825.4646252546,1278.56,0.715147327912253,386.6764219040511,Early Marine
1232,645.568,0.710789562426502,0.50420509465708,1291.136,2019_yk_082,Yukon,2019,0.709701770254677,0.499047307032606,6.8493477096842e-4,667.490598772074,825.4646252546,1278.56,0.715147327912253,386.6764219040511,Early Marine
1233,646.092,0.710239790937209,0.504598341974214,1292.184,2019_yk_082,Yukon,2019,0.709677889475187,0.499708841282144,6.6153424953802e-4,667.490598772074,825.4646252546,1278.56,0.715147327912253,386.6764219040511,Early Marine
1234,646.616,0.709591443441491,0.517615786232245,1293.232,2019_yk_082,Yukon,2019,0.709664881038202,0.50029965557144,5.9081428929552e-4,667.490598772074,825.4646252546,1278.56,0.715147327912253,386.6764219040511,Early Marine
1235,647.14,0.709757845239777,0.51248338316921,1294.28,2019_yk_082,Yukon,2019,0.7096231307804,0.500902673592975,6.0301802153561e-4,667.490598772074,825.4646252546,1278.56,0.715147327912253,386.6764219040511,Early Marine
1236,647.664,0.709030493331988,0.514129172102952,1295.328,2019_yk_082,Yukon,2019,0.709597791124901,0.501569551959225,6.6687836624934e-4,667.490598772074,825.4646252546,1278.56,0.715147327912253,386.6764219040511,Early Marine
1237,648.188,0.708564785746713,0.506558757073852,1296.376,2019_yk_082,Yukon,2019,0.709637579147063,0.502080008977916,5.1045701869101e-4,667.490598772074,825.4646252546,1278.56,0.715147327912253,386.6764219040511,Early Marine
1238,648.712,0.709655151783271,0.511480004422023,1297.424,2019_yk_082,Yukon,2019,0.709635288251667,0.502713604012038,6.3359503412208e-4,667.490598772074,825.4646252546,1278.56,0.715147327912253,386.6764219040511,Early Marine
1239,649.236,0.708378394894343,0.504354478382061,1298.472,2019_yk_082,Yukon,2019,0.709689476148901,0.503273764422248,5.6016041021034e-4,667.490598772074,825.4646252546,1278.56,0.715147327912253,386.6764219040511,Early Marine
1240,649.76,0.711900117901546,0.5179962434692,1299.52,2019_yk_082,Yukon,2019,0.709637057441591,0.503510233768496,2.364693462481e-4,667.490598772074,825.4646252546,1278.56,0.715147327912253,386.6764219040511,Early Marine
1241,650.284,0.708698860143549,0.516081234077212,1300.568,2019_yk_082,Yukon,2019,0.709634282678334,0.503601389719315,9.11559508190996e-5,667.490598772074,825.4646252546,1278.56,0.715147327912253,386.6764219040511,Early Marine
1242,650.808,0.711155596883917,0.517100222326908,1301.616,2019_yk_082,Yukon,2019,0.709650084661764,0.503685282384605,8.389266528952e-5,667.490598772074,825.4646252546,1278.56,0.715147327912253,386.6764219040511,Early Marine
1243,651.332,0.709547579835501,0.515802224279519,1302.664,2019_yk_082,Yukon,2019,0.709644563969284,0.503779808436438,9.45260518331326e-5,667.490598772074,825.4646252546,1278.56,0.715147327912253,386.6764219040511,Early Marine
1244,651.856,0.707968461992194,0.511580067809372,1303.712,2019_yk_082,Yukon,2019,0.709651254769291,0.50369408262328,-8.57258131580219e-5,667.490598772074,825.4646252546,1278.56,0.715147327912253,386.6764219040511,Early Marine
1245,652.38,0.709827880266003,0.516578234362858,1304.76,2019_yk_082,Yukon,2019,0.709648041881964,0.503642243022589,-5.18396006907729e-5,667.490598772074,825.4646252546,1278.56,0.715147327912253,386.6764219040511,Early Marine
1246,652.904,0.709882888705241,0.50352819207989,1305.808,2019_yk_082,Yukon,2019,0.709640468005889,0.5037323529057,9.01098831108671e-5,667.490598772074,825.4646252546,1278.56,0.715147327912253,386.6764219040511,Early Marine
1247,653.428,0.710654328021905,0.505418204039553,1306.856,2019_yk_082,Yukon,2019,0.70962253678347,0.503768217207804,3.5864302104005e-5,667.490598772074,825.4646252546,1278.56,0.715147327912253,386.6764219040511,Early Marine
1248,653.952,0.709283364332724,0.500834747863936,1307.904,2019_yk_082,Yukon,2019,0.709604330380924,0.503720628342653,-4.75888651506606e-5,667.490598772074,825.4646252546,1278.56,0.715147327912253,386.6764219040511,Early Marine
1249,654.476,0.708327370381539,0.504026629823944,1308.952,2019_yk_082,Yukon,2019,0.7095503767168,0.50380898732302,8.83589803664098e-5,667.490598772074,825.4646252546,1278.56,0.715147327912253,386.6764219040511,Early Marine
1250,655,0.712321711539895,0.496350957802499,1310,2019_yk_082,Yukon,2019,0.709565962604712,0.503752388817935,-5.65985050852147e-5,667.490598772074,825.4646252546,1278.56,0.715147327912253,386.6764219040511,Early Marine
1251,655.524,0.709925422914553,0.499658326351881,1311.048,2019_yk_082,Yukon,2019,0.709536781015315,0.50378807766479,3.56888468552308e-5,667.490598772074,825.4646252546,1278.56,0.715147327912253,386.6764219040511,Early Marine
1252,656.048,0.70761009605284,0.497081112465732,1312.096,2019_yk_082,Yukon,2019,0.709559109604389,0.503678078375946,-1.0999928884358e-4,667.490598772074,825.4646252546,1278.56,0.715147327912253,386.6764219040511,Early Marine
1253,656.572,0.706975531858816,0.50543276971091,1313.144,2019_yk_082,Yukon,2019,0.709578495883291,0.503659424468811,-1.86539071351799e-5,667.490598772074,825.4646252546,1278.56,0.715147327912253,386.6764219040511,Early Marine
1254,657.096,0.709732710671447,0.497526936811154,1314.192,2019_yk_082,Yukon,2019,0.709609895103099,0.503413332917488,-2.4609155132304e-4,667.490598772074,825.4646252546,1278.56,0.715147327912253,386.6764219040511,Early Marine
1255,657.62,0.707949817146588,0.501930024407885,1315.24,2019_yk_082,Yukon,2019,0.709636547879085,0.503227805277246,-1.8552764024248e-4,667.490598772074,825.4646252546,1278.56,0.715147327912253,386.6764219040511,Early Marine
1256,658.144,0.709476450583435,0.502076467411226,1316.288,2019_yk_082,Yukon,2019,0.709669431908288,0.503048304935213,-1.7950034203206e-4,667.490598772074,825.4646252546,1278.56,0.715147327912253,386.6764219040511,Early Marine
1257,658.668,0.709581539911625,0.507783905492895,1317.336,2019_yk_082,Yukon,2019,0.709671957704364,0.502885181216732,-1.6312371848104e-4,667.490598772074,825.4646252546,1278.56,0.715147327912253,386.6764219040511,Early Marine
1258,659.192,0.71161993091826,0.51318396132659,1318.384,2019_yk_082,Yukon,2019,0.709746760319,0.502733679301255,-1.515019154773e-4,667.490598772074,825.4646252546,1278.56,0.715147327912253,386.6764219040511,Early Marine
1259,659.716,0.708650321787914,0.511707541106386,1319.432,2019_yk_082,Yukon,2019,0.709687467918861,0.502403374836584,-3.3030446467063e-4,667.490598772074,825.4646252546,1278.56,0.715147327912253,386.6764219040511,Early Marine
1260,660.24,0.708676306884164,0.50060459406214,1320.48,2019_yk_082,Yukon,2019,0.709721524518547,0.5021332756432,-2.7009919338483e-4,667.490598772074,825.4646252546,1278.56,0.715147327912253,386.6764219040511,Early Marine
1261,660.764,0.710085739905447,0.501375005333033,1321.528,2019_yk_082,Yukon,2019,0.709683711229414,0.501839386160072,-2.9388948312814e-4,667.490598772074,825.4646252546,1278.56,0.715147327912253,386.6764219040511,Early Marine
1262,661.288,0.710184043475256,0.499035285521724,1322.576,2019_yk_082,Yukon,2019,0.709680478406555,0.501645717414416,-1.936687456554e-4,667.490598772074,825.4646252546,1278.56,0.715147327912253,386.6764219040511,Early Marine
1263,661.812,0.707852926121086,0.505290984592379,1323.624,2019_yk_082,Yukon,2019,0.709693345069036,0.501452194925407,-1.9352248900916e-4,667.490598772074,825.4646252546,1278.56,0.715147327912253,386.6764219040511,Early Marine
1264,662.336,0.710075315984467,0.497637751194241,1324.672,2019_yk_082,Yukon,2019,0.709695410412158,0.500894728903342,-5.574660220653e-4,667.490598772074,825.4646252546,1278.56,0.715147327912253,386.6764219040511,Early Marine
1265,662.86,0.707722653582763,0.502328188034387,1325.72,2019_yk_082,Yukon,2019,0.709668463394545,0.50045944137682,-4.3528752652133e-4,667.490598772074,825.4646252546,1278.56,0.715147327912253,386.6764219040511,Early Marine
1266,663.384,0.709423036642027,0.506119162115348,1326.768,2019_yk_082,Yukon,2019,0.709669072147566,0.499956375767368,-5.0306560945223e-4,667.490598772074,825.4646252546,1278.56,0.715147327912253,386.6764219040511,Early Marine
1267,663.908,0.710169262546832,0.503577166110362,1327.816,2019_yk_082,Yukon,2019,0.709689148562523,0.499551628326935,-4.0474744043334e-4,667.490598772074,825.4646252546,1278.56,0.715147327912253,386.6764219040511,Early Marine
1268,664.432,0.710003657706101,0.508780187682272,1328.864,2019_yk_082,Yukon,2019,0.709668591849294,0.499114684841752,-4.3694348518236e-4,667.490598772074,825.4646252546,1278.56,0.715147327912253,386.6764219040511,Early Marine
1269,664.956,0.712533688664695,0.504354181378761,1329.912,2019_yk_082,Yukon,2019,0.709685627670538,0.498745595727382,-3.6908911436994e-4,667.490598772074,825.4646252546,1278.56,0.715147327912253,386.6764219040511,Early Marine
1270,665.48,0.707680314531421,0.501991386080181,1330.96,2019_yk_082,Yukon,2019,0.70964529897262,0.498033082119019,-7.1251360836383e-4,667.490598772074,825.4646252546,1278.56,0.715147327912253,386.6764219040511,Early Marine
1271,666.004,0.710579857215967,0.495736610221294,1332.008,2019_yk_082,Yukon,2019,0.709653568596599,0.497457140576068,-5.7594154295048e-4,667.490598772074,825.4646252546,1278.56,0.715147327912253,386.6764219040511,Early Marine
1272,666.528,0.709543695287132,0.492476800754934,1333.056,2019_yk_082,Yukon,2019,0.709653228894063,0.496705099820769,-7.5204075529888e-4,667.490598772074,825.4646252546,1278.56,0.715147327912253,386.6764219040511,Early Marine
1273,667.052,0.708179237778165,0.501678910471404,1334.104,2019_yk_082,Yukon,2019,0.709627547065169,0.496043124056582,-6.6197576418708e-4,667.490598772074,825.4646252546,1278.56,0.715147327912253,386.6764219040511,Early Marine
1274,667.576,0.71123891449835,0.487460928046719,1335.152,2019_yk_082,Yukon,2019,0.70968698820986,0.495454007033999,-5.8911702258313e-4,667.490598772074,825.4646252546,1278.56,0.715147327912253,386.6764219040511,Early Marine
1275,668.1,0.711559953284403,0.499764419550879,1336.2,2019_yk_082,Yukon,2019,0.709639221607638,0.494738042183766,-7.1596485023334e-4,667.490598772074,825.4646252546,1278.56,0.715147327912253,386.6764219040511,Early Marine
1276,668.624,0.711096534291884,0.504574874340748,1337.248,2019_yk_082,Yukon,2019,0.709627710555002,0.494280711872681,-4.5733031108474e-4,667.490598772074,825.4646252546,1278.56,0.715147327912253,386.6764219040511,Early Marine
1277,669.148,0.708948353179065,0.498324339729135,1338.296,2019_yk_082,Yukon,2019,0.709607733919469,0.493779550920531,-5.011609521503e-4,667.490598772074,825.4646252546,1278.56,0.715147327912253,386.6764219040511,Early Marine
1278,669.672,0.709111161603074,0.493103189639671,1339.344,2019_yk_082,Yukon,2019,0.709613907681631,0.49338289944407,-3.9665147646084e-4,667.490598772074,825.4646252546,1278.56,0.715147327912253,386.6764219040511,Early Marine
1279,670.196,0.707852824010282,0.499275221502309,1340.392,2019_yk_082,Yukon,2019,0.709653384800052,0.492937700122676,-4.451993213938e-4,667.490598772074,825.4646252546,1278.56,0.715147327912253,386.6764219040511,Early Marine
1280,670.72,0.710686417029759,0.489145317940949,1341.44,2019_yk_082,Yukon,2019,0.709607281576567,0.492613713155782,-3.2398696689389e-4,667.490598772074,825.4646252546,1278.56,0.715147327912253,386.6764219040511,Early Marine
1281,671.244,0.70918532623247,0.494323817334808,1342.488,2019_yk_082,Yukon,2019,0.709574145339828,0.492296724098314,-3.1698905746807e-4,667.490598772074,825.4646252546,1278.56,0.715147327912253,386.6764219040511,Early Marine
1282,671.768,0.710260229775049,0.490885204429725,1343.536,2019_yk_082,Yukon,2019,0.709578253743132,0.491917026068911,-3.7969802940329e-4,667.490598772074,825.4646252546,1278.56,0.715147327912253,386.6764219040511,Early Marine
1283,672.292,0.709906847595872,0.490245980410211,1344.584,2019_yk_082,Yukon,2019,0.709628944205072,0.491466090997827,-4.5093507108351e-4,667.490598772074,825.4646252546,1278.56,0.715147327912253,386.6764219040511,Early Marine
1284,672.816,0.709577158165896,0.487961875766253,1345.632,2019_yk_082,Yukon,2019,0.709599251837648,0.4912186180946,-2.4747290322757e-4,667.490598772074,825.4646252546,1278.56,0.715147327912253,386.6764219040511,Early Marine
1285,673.34,0.712661963365238,0.484520340061144,1346.68,2019_yk_082,Yukon,2019,0.709590187609804,0.490796014590614,-4.2260350398565e-4,667.490598772074,825.4646252546,1278.56,0.715147327912253,386.6764219040511,Early Marine
1286,673.864,0.710900755760375,0.491236780559849,1347.728,2019_yk_082,Yukon,2019,0.709575458336115,0.490298802942186,-4.9721164842786e-4,667.490598772074,825.4646252546,1278.56,0.715147327912253,386.6764219040511,Early Marine
1287,674.388,0.710875906029266,0.492076715937842,1348.776,2019_yk_082,Yukon,2019,0.709557005092603,0.489803577414745,-4.9522552744107e-4,667.490598772074,825.4646252546,1278.56,0.715147327912253,386.6764219040511,Early Marine
1288,674.912,0.711877107319135,0.490189550269097,1349.824,2019_yk_082,Yukon,2019,0.709532558457222,0.489151043300437,-6.5253411430782e-4,667.490598772074,825.4646252546,1278.56,0.715147327912253,386.6764219040511,Early Marine
1289,675.436,0.707714393676818,0.488866689769192,1350.872,2019_yk_082,Yukon,2019,0.709552786008451,0.488513797972284,-6.3724532815312e-4,667.490598772074,825.4646252546,1278.56,0.715147327912253,386.6764219040511,Early Marine
1290,675.96,0.709978217217127,0.492287675157155,1351.92,2019_yk_082,Yukon,2019,0.709581970804884,0.487998617515257,-5.1518045702692e-4,667.490598772074,825.4646252546,1278.56,0.715147327912253,386.6764219040511,Early Marine
1291,676.484,0.707783424754467,0.498031014572946,1352.968,2019_yk_082,Yukon,2019,0.709590070040148,0.487518268541925,-4.803489733326e-4,667.490598772074,825.4646252546,1278.56,0.715147327912253,386.6764219040511,Early Marine
1292,677.008,0.710595593054942,0.492584969917756,1354.016,2019_yk_082,Yukon,2019,0.709574984250224,0.487201109138429,-3.1715940349591e-4,667.490598772074,825.4646252546,1278.56,0.715147327912253,386.6764219040511,Early Marine
1293,677.532,0.711011790686088,0.492986992633664,1355.064,2019_yk_082,Yukon,2019,0.709581954810267,0.486704453838981,-4.9665529944781e-4,667.490598772074,825.4646252546,1278.56,0.715147327912253,386.6764219040511,Early Marine
1294,678.056,0.709715364028822,0.484167824908329,1356.112,2019_yk_082,Yukon,2019,0.70954004504925,0.486393806136733,-3.1064770224792e-4,667.490598772074,825.4646252546,1278.56,0.715147327912253,386.6764219040511,Early Marine
1295,678.58,0.708141024182997,0.486366131577927,1357.16,2019_yk_082,Yukon,2019,0.709543058936664,0.485944629337801,-4.4917679893141e-4,667.490598772074,825.4646252546,1278.56,0.715147327912253,386.6764219040511,Early Marine
1296,679.104,0.709067018513195,0.483945235535818,1358.208,2019_yk_082,Yukon,2019,0.709518760181776,0.48537495697801,-5.6967235979177e-4,667.490598772074,825.4646252546,1278.56,0.715147327912253,386.6764219040511,Early Marine
1297,679.628,0.709769370644175,0.482273910647852,1359.256,2019_yk_082,Yukon,2019,0.709500471388888,0.484844039087939,-5.309178900707e-4,667.490598772074,825.4646252546,1278.56,0.715147327912253,386.6764219040511,Early Marine
1298,680.152,0.70842174898952,0.485263395311079,1360.304,2019_yk_082,Yukon,2019,0.709495988307082,0.484280941766946,-5.6309732099257e-4,667.490598772074,825.4646252546,1278.56,0.715147327912253,386.6764219040511,Early Marine
1299,680.676,0.709400544168993,0.482209131519866,1361.352,2019_yk_082,Yukon,2019,0.709456953874055,0.483677789284129,-6.0315248281694e-4,667.490598772074,825.4646252546,1278.56,0.715147327912253,386.6764219040511,Early Marine
1300,681.2,0.709480396026435,0.475245426967369,1362.4,2019_yk_082,Yukon,2019,0.709470170085932,0.48323228272588,-4.4550655824982e-4,667.490598772074,825.4646252546,1278.56,0.715147327912253,386.6764219040511,Early Marine
1301,681.724,0.709195037582307,0.481524741500184,1363.448,2019_yk_082,Yukon,2019,0.709464299170457,0.482936919659283,-2.9536306659627e-4,667.490598772074,825.4646252546,1278.56,0.715147327912253,386.6764219040511,Early Marine
1302,682.248,0.711135214731772,0.471977777008973,1364.496,2019_yk_082,Yukon,2019,0.709475427221414,0.482757058553091,-1.7986110619283e-4,667.490598772074,825.4646252546,1278.56,0.715147327912253,386.6764219040511,Early Marine
1303,682.772,0.708006670101874,0.476083678428294,1365.544,2019_yk_082,Yukon,2019,0.70944696434115,0.482400056888198,-3.5700166489299e-4,667.490598772074,825.4646252546,1278.56,0.715147327912253,386.6764219040511,Early Marine
1304,683.296,0.711534930673626,0.476233046454387,1366.592,2019_yk_082,Yukon,2019,0.709459797191508,0.482174132514882,-2.2592437331531e-4,667.490598772074,825.4646252546,1278.56,0.715147327912253,386.6764219040511,Early Marine
1305,683.82,0.706961884132702,0.473620343348856,1367.64,2019_yk_082,Yukon,2019,0.70946960040077,0.481774705270933,-3.9942724394942e-4,667.490598772074,825.4646252546,1278.56,0.715147327912253,386.6764219040511,Early Marine
1306,684.344,0.709192225547046,0.476088373414806,1368.688,2019_yk_082,Yukon,2019,0.709401830194031,0.481143558380603,-6.311468903295e-4,667.490598772074,825.4646252546,1278.56,0.715147327912253,386.6764219040511,Early Marine
1307,684.868,0.709455729889922,0.475348546910534,1369.736,2019_yk_082,Yukon,2019,0.709422953238777,0.480753169016445,-3.9038936415852e-4,667.490598772074,825.4646252546,1278.56,0.715147327912253,386.6764219040511,Early Marine
1308,685.392,0.70965379006249,0.477035659276286,1370.784,2019_yk_082,Yukon,2019,0.70939434258081,0.480385600745767,-3.6756827067768e-4,667.490598772074,825.4646252546,1278.56,0.715147327912253,386.6764219040511,Early Marine
1309,685.916,0.710695997486804,0.477314670540318,1371.832,2019_yk_082,Yukon,2019,0.709454421065271,0.479974827626118,-4.1077311964898e-4,667.490598772074,825.4646252546,1278.56,0.715147327912253,386.6764219040511,Early Marine
1310,686.44,0.709555518130752,0.476911739788866,1372.88,2019_yk_082,Yukon,2019,0.70940916051207,0.479595170013969,-3.796576121488e-4,667.490598772074,825.4646252546,1278.56,0.715147327912253,386.6764219040511,Early Marine
1311,686.964,0.707937248710241,0.480638982903795,1373.928,2019_yk_082,Yukon,2019,0.709403642752587,0.479339666303691,-2.5550371027793e-4,667.490598772074,825.4646252546,1278.56,0.715147327912253,386.6764219040511,Early Marine
1312,687.488,0.707856600251042,0.474299230701534,1374.976,2019_yk_082,Yukon,2019,0.7094009545039,0.478988042314501,-3.5162398918986e-4,667.490598772074,825.4646252546,1278.56,0.715147327912253,386.6764219040511,Early Marine
1313,688.012,0.71001695957522,0.478376665445899,1376.024,2019_yk_082,Yukon,2019,0.709362843055306,0.478631372026694,-3.5667028780772e-4,667.490598772074,825.4646252546,1278.56,0.715147327912253,386.6764219040511,Early Marine
1314,688.536,0.707951168626051,0.482678562617498,1377.072,2019_yk_082,Yukon,2019,0.709352146177559,0.47826148685152,-3.6988517517333e-4,667.490598772074,825.4646252546,1278.56,0.715147327912253,386.6764219040511,Early Marine
1315,689.06,0.707405963475936,0.476573814168748,1378.12,2019_yk_082,Yukon,2019,0.709301379111942,0.478025121682195,-2.3636516932573e-4,667.490598772074,825.4646252546,1278.56,0.715147327912253,386.6764219040511,Early Marine
1316,689.584,0.708592694162062,0.472243768505553,1379.168,2019_yk_082,Yukon,2019,0.709248823553843,0.47764760291146,-3.7751877073494e-4,667.490598772074,825.4646252546,1278.56,0.715147327912253,386.6764219040511,Early Marine
1317,690.108,0.708474345300946,0.478070373846431,1380.216,2019_yk_082,Yukon,2019,0.709209300581128,0.477130777737855,-5.1682517360451e-4,667.490598772074,825.4646252546,1278.56,0.715147327912253,386.6764219040511,Early Marine
1318,690.632,0.710153132795383,0.474031914468117,1381.264,2019_yk_082,Yukon,2019,0.709221172366655,0.476644540059601,-4.8623767825428e-4,667.490598772074,825.4646252546,1278.56,0.715147327912253,386.6764219040511,Early Marine
1319,691.156,0.709863974861641,0.473472821417201,1382.312,2019_yk_082,Yukon,2019,0.709257290991919,0.476122124039186,-5.2241602041458e-4,667.490598772074,825.4646252546,1278.56,0.715147327912253,386.6764219040511,Early Marine
1320,691.68,0.71042739467014,0.469693766640524,1383.36,2019_yk_082,Yukon,2019,0.709251148443506,0.475554754018218,-5.6737002096857e-4,667.490598772074,825.4646252546,1278.56,0.715147327912253,386.6764219040511,Early Marine
1321,692.204,0.710571694021287,0.472554066933076,1384.408,2019_yk_082,Yukon,2019,0.709276312468305,0.474989126460379,-5.6562755783889e-4,667.490598772074,825.4646252546,1278.56,0.715147327912253,386.6764219040511,Early Marine
1322,692.728,0.709278896079858,0.480005721311968,1385.456,2019_yk_082,Yukon,2019,0.709246048145132,0.474442766732131,-5.463597282479e-4,667.490598772074,825.4646252546,1278.56,0.715147327912253,386.6764219040511,Early Marine
1323,693.252,0.70827115972363,0.475491666625509,1386.504,2019_yk_082,Yukon,2019,0.709229918101133,0.474012656716759,-4.3011001537235e-4,667.490598772074,825.4646252546,1278.56,0.715147327912253,386.6764219040511,Early Marine
1324,693.776,0.70756073032343,0.478998889059367,1387.552,2019_yk_082,Yukon,2019,0.709245202662815,0.473602779701251,-4.0987701550776e-4,667.490598772074,825.4646252546,1278.56,0.715147327912253,386.6764219040511,Early Marine
1325,694.3,0.707903486827659,0.475377580098504,1388.6,2019_yk_082,Yukon,2019,0.709287460911677,0.473322218075887,-2.8056162536388e-4,667.490598772074,825.4646252546,1278.56,0.715147327912253,386.6764219040511,Early Marine
1326,694.824,0.707965111348747,0.471938820527842,1389.648,2019_yk_082,Yukon,2019,0.709267305429192,0.473047126268617,-2.7509180726992e-4,667.490598772074,825.4646252546,1278.56,0.715147327912253,386.6764219040511,Early Marine
1327,695.348,0.70907193497354,0.471722092706121,1390.696,2019_yk_082,Yukon,2019,0.709204981903021,0.472493952317575,-5.5317395104198e-4,667.490598772074,825.4646252546,1278.56,0.715147327912253,386.6764219040511,Early Marine
1328,695.872,0.709734672797727,0.474994348422719,1391.744,2019_yk_082,Yukon,2019,0.709213050296707,0.47185541430717,-6.3853801040547e-4,667.490598772074,825.4646252546,1278.56,0.715147327912253,386.6764219040511,Early Marine
1329,696.396,0.710191622683077,0.468165032409742,1392.792,2019_yk_082,Yukon,2019,0.709191460259997,0.471256594969628,-5.9881933754135e-4,667.490598772074,825.4646252546,1278.56,0.715147327912253,386.6764219040511,Early Marine
1330,696.92,0.708473287244038,0.475260992585194,1393.84,2019_yk_082,Yukon,2019,0.709180157182863,0.470733584723542,-5.2301024608664e-4,667.490598772074,825.4646252546,1278.56,0.715147327912253,386.6764219040511,Early Marine
1331,697.444,0.710227602287463,0.478014826225515,1394.888,2019_yk_082,Yukon,2019,0.709176526680116,0.470114330976978,-6.1925374656385e-4,667.490598772074,825.4646252546,1278.56,0.715147327912253,386.6764219040511,Early Marine
1332,697.968,0.710211378344527,0.481685134383362,1395.936,2019_yk_082,Yukon,2019,0.709139746078574,0.469645245378992,-4.6908559798575e-4,667.490598772074,825.4646252546,1278.56,0.715147327912253,386.6764219040511,Early Marine
1333,698.492,0.706471464962345,0.480258810577824,1396.984,2019_yk_082,Yukon,2019,0.709153414948272,0.469215578658611,-4.2966672038075e-4,667.490598772074,825.4646252546,1278.56,0.715147327912253,386.6764219040511,Early Marine
1334,699.016,0.712008885519834,0.473905465647799,1398.032,2019_yk_082,Yukon,2019,0.709145461839605,0.468883091735544,-3.3248692306758e-4,667.490598772074,825.4646252546,1278.56,0.715147327912253,386.6764219040511,Early Marine
1335,699.54,0.712148145840156,0.475798784913915,1399.08,2019_yk_082,Yukon,2019,0.709208469065436,0.468522893122761,-3.6019861278219e-4,667.490598772074,825.4646252546,1278.56,0.715147327912253,386.6764219040511,Early Marine
1336,700.064,0.707030321887528,0.466706060920977,1400.128,2019_yk_082,Yukon,2019,0.709226297770545,0.468111237468808,-4.1165565395395e-4,667.490598772074,825.4646252546,1278.56,0.715147327912253,386.6764219040511,Early Marine
1337,700.588,0.710215735863809,0.474900977879626,1401.176,2019_yk_082,Yukon,2019,0.709261912368877,0.467617740745737,-4.9349672307019e-4,667.490598772074,825.4646252546,1278.56,0.715147327912253,386.6764219040511,Early Marine
1338,701.112,0.707394522125074,0.471049093399008,1402.224,2019_yk_082,Yukon,2019,0.709251881551281,0.467009163976094,-6.0857676964309e-4,667.490598772074,825.4646252546,1278.56,0.715147327912253,386.6764219040511,Early Marine
1339,701.636,0.711457533077945,0.474628834323368,1403.272,2019_yk_082,Yukon,2019,0.709264910826648,0.46651841410294,-4.9074987315456e-4,667.490598772074,825.4646252546,1278.56,0.715147327912253,386.6764219040511,Early Marine
1340,702.16,0.70797078383768,0.466365861212022,1404.32,2019_yk_082,Yukon,2019,0.709246154229983,0.465950157732671,-5.6825637026902e-4,667.490598772074,825.4646252546,1278.56,0.715147327912253,386.6764219040511,Early Marine
1341,702.684,0.708854260663493,0.478993594718127,1405.368,2019_yk_082,Yukon,2019,0.709316173808978,0.46524935993586,-7.0079779681081e-4,667.490598772074,825.4646252546,1278.56,0.715147327912253,386.6764219040511,Early Marine
1342,703.208,0.710098934853814,0.469787765078334,1406.416,2019_yk_082,Yukon,2019,0.709389173308049,0.464789989889172,-4.5937004668761e-4,667.490598772074,825.4646252546,1278.56,0.715147327912253,386.6764219040511,Early Marine
1343,703.732,0.707620160680227,0.468845763141747,1407.464,2019_yk_082,Yukon,2019,0.709399375648569,0.464146773102954,-6.432167862182e-4,667.490598772074,825.4646252546,1278.56,0.715147327912253,386.6764219040511,Early Marine
1344,704.256,0.708935345501077,0.465768765255851,1408.512,2019_yk_082,Yukon,2019,0.709461053672696,0.463573071486298,-5.7370161665593e-4,667.490598772074,825.4646252546,1278.56,0.715147327912253,386.6764219040511,Early Marine
1345,704.78,0.709615939428236,0.470338429901602,1409.56,2019_yk_082,Yukon,2019,0.709481133093867,0.463139065457117,-4.3400602918064e-4,667.490598772074,825.4646252546,1278.56,0.715147327912253,386.6764219040511,Early Marine
1346,705.304,0.707747422274436,0.468585654315753,1410.608,2019_yk_082,Yukon,2019,0.709474816203205,0.462561031646941,-5.7803381017684e-4,667.490598772074,825.4646252546,1278.56,0.715147327912253,386.6764219040511,Early Marine
1347,705.828,0.708504527666352,0.46106720552157,1411.656,2019_yk_082,Yukon,2019,0.709481565928793,0.461878649760329,-6.8238188661135e-4,667.490598772074,825.4646252546,1278.56,0.715147327912253,386.6764219040511,Early Marine
1348,706.352,0.712589414450777,0.461015289573842,1412.704,2019_yk_082,Yukon,2019,0.709478160528748,0.461215049792382,-6.635999679469e-4,667.490598772074,825.4646252546,1278.56,0.715147327912253,386.6764219040511,Early Marine
1349,706.876,0.709881511192638,0.457521728544317,1413.752,2019_yk_082,Yukon,2019,0.709493593261927,0.460545597783775,-6.6945200860718e-4,667.490598772074,825.4646252546,1278.56,0.715147327912253,386.6764219040511,Early Marine
1350,707.4,0.70960966431233,0.458245473899043,1414.8,2019_yk_082,Yukon,2019,0.709460649806779,0.459961493324778,-5.8410445899692e-4,667.490598772074,825.4646252546,1278.56,0.715147327912253,386.6764219040511,Early Marine
1351,707.924,0.709293266242402,0.464093361102612,1415.848,2019_yk_082,Yukon,2019,0.709421699214374,0.459343879978415,-6.1761334636273e-4,667.490598772074,825.4646252546,1278.56,0.715147327912253,386.6764219040511,Early Marine
1352,708.448,0.708779733664584,0.459803386222882,1416.896,2019_yk_082,Yukon,2019,0.709453496609428,0.458681966804929,-6.6191317348657e-4,667.490598772074,825.4646252546,1278.56,0.715147327912253,386.6764219040511,Early Marine
1353,708.972,0.710043988046137,0.467180391711323,1417.944,2019_yk_082,Yukon,2019,0.709477580170509,0.457960040085741,-7.2192671918741e-4,667.490598772074,825.4646252546,1278.56,0.715147327912253,386.6764219040511,Early Marine
1354,709.496,0.710632437729764,0.459575203977862,1418.992,2019_yk_082,Yukon,2019,0.709480931034291,0.457256010889106,-7.0402919663564e-4,667.490598772074,825.4646252546,1278.56,0.715147327912253,386.6764219040511,Early Marine
1355,710.02,0.710676519114688,0.469532434056093,1420.04,2019_yk_082,Yukon,2019,0.709505525447841,0.456629660292285,-6.2635059682097e-4,667.490598772074,825.4646252546,1278.56,0.715147327912253,386.6764219040511,Early Marine
1356,710.544,0.707857689564091,0.467439727099622,1421.088,2019_yk_082,Yukon,2019,0.709527771512791,0.45621529230673,-4.1436798555538e-4,667.490598772074,825.4646252546,1278.56,0.715147327912253,386.6764219040511,Early Marine
1357,711.068,0.706029959073928,0.449083473585332,1422.136,2019_yk_082,Yukon,2019,0.709522383774083,0.455689172500412,-5.2611980631772e-4,667.490598772074,825.4646252546,1278.56,0.715147327912253,386.6764219040511,Early Marine
1358,711.592,0.708905852610706,0.446951114686749,1423.184,2019_yk_082,Yukon,2019,0.709493111005372,0.455038906871419,-6.5026562899256e-4,667.490598772074,825.4646252546,1278.56,0.715147327912253,386.6764219040511,Early Marine
1359,712.116,0.708105141966395,0.446279971267385,1424.232,2019_yk_082,Yukon,2019,0.709507838146751,0.454448485340143,-5.9042153127603e-4,667.490598772074,825.4646252546,1278.56,0.715147327912253,386.6764219040511,Early Marine
1360,712.64,0.708802211398358,0.443864812202173,1425.28,2019_yk_082,Yukon,2019,0.709541809886305,0.453781180477584,-6.6730486255961e-4,667.490598772074,825.4646252546,1278.56,0.715147327912253,386.6764219040511,Early Marine
1361,713.164,0.708977207417495,0.444369516706351,1426.328,2019_yk_082,Yukon,2019,0.709474648339637,0.453089453120094,-6.9172735748912e-4,667.490598772074,825.4646252546,1278.56,0.715147327912253,386.6764219040511,Early Marine
1362,713.688,0.70892837863926506,0.44383264112983,1427.376,2019_yk_082,Yukon,2019,0.709495595371211,0.452393139770733,-6.9631334936098e-4,667.490598772074,825.4646252546,1278.56,0.715147327912253,386.6764219040511,Early Marine
1363,714.212,0.708826802283733,0.450303675205447,1428.424,2019_yk_082,Yukon,2019,0.709526629347192,0.45158687275853,-8.0626701220382e-4,667.490598772074,825.4646252546,1278.56,0.715147327912253,386.6764219040511,Early Marine
1364,714.736,0.71105774415361,0.45628383107033,1429.472,2019_yk_082,Yukon,2019,0.709514798482276,0.45089979151701,-6.8708124151983e-4,667.490598772074,825.4646252546,1278.56,0.715147327912253,386.6764219040511,Early Marine
1365,715.26,0.710742317682566,0.45200842658192403,1430.52,2019_yk_082,Yukon,2019,0.70947261752335,0.450255587495226,-6.4420402178377e-4,667.490598772074,825.4646252546,1278.56,0.715147327912253,386.6764219040511,Early Marine
1366,715.784,0.710261947853634,0.451389034177568,1431.568,2019_yk_082,Yukon,2019,0.709484088627055,0.449804118028491,-4.5146946673485e-4,667.490598772074,825.4646252546,1278.56,0.715147327912253,386.6764219040511,Early Marine
1367,716.308,0.711592605789822,0.445738743526322,1432.616,2019_yk_082,Yukon,2019,0.709482183347412,0.449210007228193,-5.9411080029814e-4,667.490598772074,825.4646252546,1278.56,0.715147327912253,386.6764219040511,Early Marine
1368,716.832,0.709051941006736,0.440521053097702,1433.664,2019_yk_082,Yukon,2019,0.709547488324237,0.448594673990596,-6.1533323759704e-4,667.490598772074,825.4646252546,1278.56,0.715147327912253,386.6764219040511,Early Marine
1369,717.356,0.711477754008798,0.447869678151044,1434.712,2019_yk_082,Yukon,2019,0.709507307900164,0.447997750070334,-5.9692392026211e-4,667.490598772074,825.4646252546,1278.56,0.715147327912253,386.6764219040511,Early Marine
1370,717.88,0.708430122330893,0.442816357572721,1435.76,2019_yk_082,Yukon,2019,0.709515897351824,0.447549332837799,-4.4841723253508e-4,667.490598772074,825.4646252546,1278.56,0.715147327912253,386.6764219040511,Early Marine
1371,718.404,0.712138423449905,0.438591115095148,1436.808,2019_yk_082,Yukon,2019,0.709520365733813,0.446840396833696,-7.0893600410243e-4,667.490598772074,825.4646252546,1278.56,0.715147327912253,386.6764219040511,Early Marine
1372,718.928,0.712236570195288,0.446737027900277,1437.856,2019_yk_082,Yukon,2019,0.709527648092865,0.446387606171555,-4.5279066214176e-4,667.490598772074,825.4646252546,1278.56,0.715147327912253,386.6764219040511,Early Marine
1373,719.452,0.710629100006421,0.439783658272808,1438.904,2019_yk_082,Yukon,2019,0.709575718360479,0.44594098237311,-4.4662379844506e-4,667.490598772074,825.4646252546,1278.56,0.715147327912253,386.6764219040511,Early Marine
1374,719.976,0.711651850073666,0.44825646561814,1439.952,2019_yk_082,Yukon,2019,0.709581228630307,0.445494014969167,-4.4696740394206e-4,667.490598772074,825.4646252546,1278.56,0.715147327912253,386.6764219040511,Early Marine
1375,720.5,0.708610728746197,0.450533452417911,1441,2019_yk_082,Yukon,2019,0.709562515733595,0.444993102721856,-5.0091224731141e-4,667.490598772074,825.4646252546,1278.56,0.715147327912253,386.6764219040511,Early Marine
1376,721.024,0.708213680722395,0.437561739894942,1442.048,2019_yk_082,Yukon,2019,0.709625840853606,0.444564410813084,-4.286919087717e-4,667.490598772074,825.4646252546,1278.56,0.715147327912253,386.6764219040511,Early Marine
1377,721.548,0.708879328836193,0.437127460649746,1443.096,2019_yk_082,Yukon,2019,0.709658764885787,0.444251100538224,-3.133102748607e-4,667.490598772074,825.4646252546,1278.56,0.715147327912253,386.6764219040511,Early Marine
1378,722.072,0.709948808792699,0.434215916391307,1444.144,2019_yk_082,Yukon,2019,0.709628433797521,0.44394809872276,-3.0300181546377e-4,667.490598772074,825.4646252546,1278.56,0.715147327912253,386.6764219040511,Early Marine
1379,722.596,0.710789938852394,0.43330570090077,1445.192,2019_yk_082,Yukon,2019,0.709580980911182,0.443701957080499,-2.4614164226127e-4,667.490598772074,825.4646252546,1278.56,0.715147327912253,386.6764219040511,Early Marine
1380,723.12,0.708450787361203,0.434647499100708,1446.24,2019_yk_082,Yukon,2019,0.709537097790642,0.443408272601809,-2.9368447868954e-4,667.490598772074,825.4646252546,1278.56,0.715147327912253,386.6764219040511,Early Marine
1381,723.644,0.708234658477006,0.435497266151313,1447.288,2019_yk_082,Yukon,2019,0.709528346283604,0.4430791214335,-3.2915116830889e-4,667.490598772074,825.4646252546,1278.56,0.715147327912253,386.6764219040511,Early Marine
1382,724.168,0.711186739783083,0.440290930902773,1448.336,2019_yk_082,Yukon,2019,0.709531205419242,0.442797737038037,-2.8138439546271e-4,667.490598772074,825.4646252546,1278.56,0.715147327912253,386.6764219040511,Early Marine
1383,724.692,0.709716173388505,0.432176063474263,1449.384,2019_yk_082,Yukon,2019,0.709500442065499,0.442368227108989,-4.2950992904827e-4,667.490598772074,825.4646252546,1278.56,0.715147327912253,386.6764219040511,Early Marine
1384,725.216,0.707761782150346,0.436757137261229,1450.432,2019_yk_082,Yukon,2019,0.709462630014138,0.442081698831274,-2.8652827771541e-4,667.490598772074,825.4646252546,1278.56,0.715147327912253,386.6764219040511,Early Marine
1385,725.74,0.70937915164066,0.437796544289244,1451.48,2019_yk_082,Yukon,2019,0.709462118496671,0.441635875862443,-4.4582296883072e-4,667.490598772074,825.4646252546,1278.56,0.715147327912253,386.6764219040511,Early Marine
1386,726.264,0.709299875245763,0.44707674139452,1452.528,2019_yk_082,Yukon,2019,0.709487344459792,0.441278328092765,-3.5754776967833e-4,667.490598772074,825.4646252546,1278.56,0.715147327912253,386.6764219040511,Early Marine
1387,726.788,0.708748670651075,0.440154904327057,1453.576,2019_yk_082,Yukon,2019,0.709551667423235,0.441115733294594,-1.6259479817043e-4,667.490598772074,825.4646252546,1278.56,0.715147327912253,386.6764219040511,Early Marine
1388,727.312,0.707978306675049,0.435978410683167,1454.624,2019_yk_082,Yukon,2019,0.709560707078641,0.441173371516714,5.76382221202376e-5,667.490598772074,825.4646252546,1278.56,0.715147327912253,386.6764219040511,Early Marine
1389,727.836,0.711075251165829,0.432739740533179,1455.672,2019_yk_082,Yukon,2019,0.70959875018994,0.441226805462519,5.34339458045929e-5,667.490598772074,825.4646252546,1278.56,0.715147327912253,386.6764219040511,Early Marine
1390,728.36,0.710511591617258,0.43522270083162,1456.72,2019_yk_082,Yukon,2019,0.709659251272568,0.441365383078744,1.3857761622521e-4,667.490598772074,825.4646252546,1278.56,0.715147327912253,386.6764219040511,Early Marine
1391,728.884,0.70619790948739,0.436511184776165,1457.768,2019_yk_082,Yukon,2019,0.709683693294956,0.441487865554701,1.2248247595647e-4,667.490598772074,825.4646252546,1278.56,0.715147327912253,386.6764219040511,Early Marine
1392,729.408,0.711468200238955,0.439906333421704,1458.816,2019_yk_082,Yukon,2019,0.709670900858545,0.441405126969334,-8.27385853666707e-5,667.490598772074,825.4646252546,1278.56,0.715147327912253,386.6764219040511,Early Marine
1393,729.932,0.708333503521231,0.431882789845596,1459.864,2019_yk_082,Yukon,2019,0.709669469323035,0.441199428585266,-2.0569838406814e-4,667.490598772074,825.4646252546,1278.56,0.715147327912253,386.6764219040511,Early Marine
1394,730.456,0.711299033624879,0.432680591156607,1460.912,2019_yk_082,Yukon,2019,0.709715808703402,0.440873646471908,-3.2578211335798e-4,667.490598772074,825.4646252546,1278.56,0.715147327912253,386.6764219040511,Early Marine
1395,730.98,0.709617288304563,0.437146543606889,1461.96,2019_yk_082,Yukon,2019,0.709694557383005,0.440731674619841,-1.4197185206721e-4,667.490598772074,825.4646252546,1278.56,0.715147327912253,386.6764219040511,Early Marine
1396,731.504,0.707718588109844,0.439617892916886,1463.008,2019_yk_082,Yukon,2019,0.709706030204515,0.440536824458174,-1.9485016166626e-4,667.490598772074,825.4646252546,1278.56,0.715147327912253,386.6764219040511,Early Marine
1397,732.028,0.710101419085195,0.439254329861739,1464.056,2019_yk_082,Yukon,2019,0.709659658147809,0.440500086184429,-3.67382737455069e-5,667.490598772074,825.4646252546,1278.56,0.715147327912253,386.6764219040511,Early Marine
1398,732.552,0.711312820734604,0.434129099143186,1465.104,2019_yk_082,Yukon,2019,0.709675636640844,0.440527065120428,2.69789359986228e-5,667.490598772074,825.4646252546,1278.56,0.715147327912253,386.6764219040511,Early Marine
1399,733.076,0.709046707633583,0.438813399107641,1466.152,2019_yk_082,Yukon,2019,0.709617860331715,0.440492220987532,-3.48441328952842e-5,667.490598772074,825.4646252546,1278.56,0.715147327912253,386.6764219040511,Early Marine
1400,733.6,0.708486150937252,0.439460827259918,1467.2,2019_yk_082,Yukon,2019,0.709628920775954,0.440466020979204,-2.62000083279812e-5,667.490598772074,825.4646252546,1278.56,0.715147327912253,386.6764219040511,Early Marine
1401,734.124,0.709122363582858,0.436457434471979,1468.248,2019_yk_082,Yukon,2019,0.709606749611909,0.440685687412051,2.1966643284682e-4,667.490598772074,825.4646252546,1278.56,0.715147327912253,386.6764219040511,Early Marine
1402,734.648,0.710535876396942,0.442620325349828,1469.296,2019_yk_082,Yukon,2019,0.709549580613712,0.44063786062546,-4.78267865913762e-5,667.490598772074,825.4646252546,1278.56,0.715147327912253,386.6764219040511,Early Marine
1403,735.172,0.71050437673706,0.442048335235043,1470.344,2019_yk_082,Yukon,2019,0.709517270841654,0.440728032825625,9.01722001651062e-5,667.490598772074,825.4646252546,1278.56,0.715147327912253,386.6764219040511,Early Marine
1404,735.696,0.709265961690741,0.438950721019328,1471.392,2019_yk_082,Yukon,2019,0.709476122076514,0.440701050726513,-2.69820991118941e-5,667.490598772074,825.4646252546,1278.56,0.715147327912253,386.6764219040511,Early Marine
1405,736.22,0.708493165625495,0.440283695062915,1472.44,2019_yk_082,Yukon,2019,0.709497494440553,0.440583087126347,-1.179636001663e-4,667.490598772074,825.4646252546,1278.56,0.715147327912253,386.6764219040511,Early Marine
1406,736.744,0.711546929475141,0.442864139789449,1473.488,2019_yk_082,Yukon,2019,0.70951219072716,0.44067353116715,9.04440408032725e-5,667.490598772074,825.4646252546,1278.56,0.715147327912253,386.6764219040511,Early Marine
1407,737.268,0.710479969597167,0.442268589029929,1474.536,2019_yk_082,Yukon,2019,0.70953232268589606,0.440791521216455,1.1799004930473e-4,667.490598772074,825.4646252546,1278.56,0.715147327912253,386.6764219040511,Early Marine
1408,737.792,0.710769549154839,0.442835180646017,1475.584,2019_yk_082,Yukon,2019,0.709577757167021,0.44099429477796,2.0277356150499e-4,667.490598772074,825.4646252546,1278.56,0.715147327912253,386.6764219040511,Early Marine
1409,738.316,0.707034338012274,0.44275323000864,1476.632,2019_yk_082,Yukon,2019,0.709561444240383,0.441165478963067,1.7118418510703e-4,667.490598772074,825.4646252546,1278.56,0.715147327912253,386.6764219040511,Early Marine
1410,738.84,0.706976677079925,0.440624405177667,1477.68,2019_yk_082,Yukon,2019,0.709572160051543,0.441405532055373,2.4005309230607e-4,667.490598772074,825.4646252546,1278.56,0.715147327912253,386.6764219040511,Early Marine
1411,739.364,0.708768175820149,0.444344291004082,1478.728,2019_yk_082,Yukon,2019,0.709584933626886,0.441561910931038,1.5637887566549e-4,667.490598772074,825.4646252546,1278.56,0.715147327912253,386.6764219040511,Early Marine
1412,739.888,0.70895128180287,0.442920322495117,1479.776,2019_yk_082,Yukon,2019,0.70953407604083,0.441626461365474,6.45504344357062e-5,667.490598772074,825.4646252546,1278.56,0.715147327912253,386.6764219040511,NA
1413,740.412,0.70819818682152,0.441409795968424,1480.824,2019_yk_082,Yukon,2019,0.709523920840665,0.441874075810021,2.4761444454685e-4,667.490598772074,825.4646252546,1278.56,0.715147327912253,386.6764219040511,NA
1414,740.936,0.708363714648122,0.44238350731494003,1481.872,2019_yk_082,Yukon,2019,0.709510799905917,0.441929552509169,5.5476699148127e-5,667.490598772074,825.4646252546,1278.56,0.715147327912253,386.6764219040511,NA
1415,741.46,0.710645828066664,0.442783055926249,1482.92,2019_yk_082,Yukon,2019,0.709492736563984,0.442065608467522,1.3605595835308e-4,667.490598772074,825.4646252546,1278.56,0.715147327912253,386.6764219040511,NA
1416,741.984,0.709371247351386,0.445986860918919,1483.968,2019_yk_082,Yukon,2019,0.709459401367736,0.442261655966752,1.9604749922985e-4,667.490598772074,825.4646252546,1278.56,0.715147327912253,386.6764219040511,NA
1417,742.508,0.709889336880481,0.43932778569511,1485.016,2019_yk_082,Yukon,2019,0.709460508940467,0.442461202368721,1.99546401969e-4,667.490598772074,825.4646252546,1278.56,0.715147327912253,386.6764219040511,NA
1418,743.032,0.709448231935055,0.450409408013962,1486.064,2019_yk_082,Yukon,2019,0.709458274453356,0.442651557467996,1.9035509927511e-4,667.490598772074,825.4646252546,1278.56,0.715147327912253,386.6764219040511,NA
1419,743.556,0.710387728644366,0.449486008015661,1487.112,2019_yk_082,Yukon,2019,0.709449636803063,0.442927624020906,2.7606655291034e-4,667.490598772074,825.4646252546,1278.56,0.715147327912253,386.6764219040511,NA
1420,744.08,0.71243227635602,0.452179469175686,1488.16,2019_yk_082,Yukon,2019,0.709415962769363,0.443243414629998,3.1579060909159e-4,667.490598772074,825.4646252546,1278.56,0.715147327912253,386.6764219040511,NA
1421,744.604,0.710443728760804,0.45171846526374,1489.208,2019_yk_082,Yukon,2019,0.709459672790541,0.443472790849902,2.2937621990454e-4,667.490598772074,825.4646252546,1278.56,0.715147327912253,386.6764219040511,NA
1422,745.128,0.708160832454571,0.438868326007827,1490.256,2019_yk_082,Yukon,2019,0.709417423522069,0.443582957100304,1.1016625040138e-4,667.490598772074,825.4646252546,1278.56,0.715147327912253,386.6764219040511,NA
1423,745.652,0.708740910153131,0.43796177216136,1491.304,2019_yk_082,Yukon,2019,0.709437150343975,0.443838863980633,2.5590688032939e-4,667.490598772074,825.4646252546,1278.56,0.715147327912253,386.6764219040511,NA
1424,746.176,0.713838106975666,0.436736904268851,1492.352,2019_yk_082,Yukon,2019,0.709382953043832,0.444143162465058,3.0429848442475e-4,667.490598772074,825.4646252546,1278.56,0.715147327912253,386.6764219040511,NA
1425,746.7,0.709467238458695,0.443490115457892,1493.4,2019_yk_082,Yukon,2019,0.709387119753106,0.444501413693662,3.582512286035e-4,667.490598772074,825.4646252546,1278.56,0.715147327912253,386.6764219040511,NA
1426,747.224,0.710950317144284,0.439698024477593,1494.448,2019_yk_082,Yukon,2019,0.709414335307278,0.444822392543704,3.2097885004234e-4,667.490598772074,825.4646252546,1278.56,0.715147327912253,386.6764219040511,NA
1427,747.748,0.708810282387457,0.443534447101591,1495.496,2019_yk_082,Yukon,2019,0.709413619168485,0.445215176886039,3.9278434233519e-4,667.490598772074,825.4646252546,1278.56,0.715147327912253,386.6764219040511,NA
1428,748.272,0.710010650588799,0.442139789257618,1496.544,2019_yk_082,Yukon,2019,0.709386825574701,0.445768480603528,5.5330371748907e-4,667.490598772074,825.4646252546,1278.56,0.715147327912253,386.6764219040511,NA
1429,748.796,0.708011175461086,0.445779030177326,1497.592,2019_yk_082,Yukon,2019,0.709383961986388,0.446133919039088,3.6543843556019e-4,667.490598772074,825.4646252546,1278.56,0.715147327912253,386.6764219040511,NA
1430,749.32,0.709093748985214,0.441244357073044,1498.64,2019_yk_082,Yukon,2019,0.709397843096252,0.446719900827308,5.8598178821961e-4,667.490598772074,825.4646252546,1278.56,0.715147327912253,386.6764219040511,NA
1431,749.844,0.710808153607199,0.451771101065955,1499.688,2019_yk_082,Yukon,2019,0.709428892941589,0.447208262222707,4.8836139539904e-4,667.490598772074,825.4646252546,1278.56,0.715147327912253,386.6764219040511,NA
1432,750.368,0.708806430303483,0.443867420704797,1500.736,2019_yk_082,Yukon,2019,0.709429004048693,0.447587712228204,3.7945000549655e-4,667.490598772074,825.4646252546,1278.56,0.715147327912253,386.6764219040511,NA
1433,750.892,0.7086905136829,0.445193990282715,1501.784,2019_yk_082,Yukon,2019,0.709387146066523,0.447971231142829,3.8351891462507e-4,667.490598772074,825.4646252546,1278.56,0.715147327912253,386.6764219040511,NA
1434,751.416,0.709182924165306,0.446637539671427,1502.832,2019_yk_082,Yukon,2019,0.709391769978176,0.448424752802194,4.5352165936507e-4,667.490598772074,825.4646252546,1278.56,0.715147327912253,386.6764219040511,NA
1435,751.94,0.709893070588519,0.443455636407932,1503.88,2019_yk_082,Yukon,2019,0.709423463728581,0.448857812882706,4.3306008051213e-4,667.490598772074,825.4646252546,1278.56,0.715147327912253,386.6764219040511,NA
1436,752.464,0.709095457918852,0.442988382343138,1504.928,2019_yk_082,Yukon,2019,0.709338522427783,0.449336211610243,4.7839872753763e-4,667.490598772074,825.4646252546,1278.56,0.715147327912253,386.6764219040511,NA
1437,752.988,0.710087246360344,0.44420686360803,1505.976,2019_yk_082,Yukon,2019,0.709304535426107,0.449677507233355,3.4129562311147e-4,667.490598772074,825.4646252546,1278.56,0.715147327912253,386.6764219040511,NA
1438,753.512,0.712674877660186,0.44638233008161,1507.024,2019_yk_082,Yukon,2019,0.709271897196226,0.449999295504132,3.2178827077683e-4,667.490598772074,825.4646252546,1278.56,0.715147327912253,386.6764219040511,NA
1439,754.036,0.709811163254142,0.443576752007192,1508.072,2019_yk_082,Yukon,2019,0.709313524792338,0.45055094465556,5.5164915142785e-4,667.490598772074,825.4646252546,1278.56,0.715147327912253,386.6764219040511,NA
1440,754.56,0.709093736030803,0.44905068463907,1509.12,2019_yk_082,Yukon,2019,0.709364810059622,0.451077592244386,5.2664758882614e-4,667.490598772074,825.4646252546,1278.56,0.715147327912253,386.6764219040511,NA
1441,755.084,0.709001072997566,0.444879998691243,1510.168,2019_yk_082,Yukon,2019,0.709392195594775,0.451595155878121,5.1756363373539e-4,667.490598772074,825.4646252546,1278.56,0.715147327912253,386.6764219040511,NA
1442,755.608,0.708135284619687,0.444163956968916,1511.216,2019_yk_082,Yukon,2019,0.709413912628281,0.452055205660003,4.6004978188179e-4,667.490598772074,825.4646252546,1278.56,0.715147327912253,386.6764219040511,NA
1443,756.132,0.709106861378601,0.447032930147073,1512.264,2019_yk_082,Yukon,2019,0.709419142128733,0.452545774247985,4.9056858798202e-4,667.490598772074,825.4646252546,1278.56,0.715147327912253,386.6764219040511,NA
1444,756.656,0.706974526065516,0.440085739210117,1513.312,2019_yk_082,Yukon,2019,0.709426436350264,0.453047820810712,5.0204656272673e-4,667.490598772074,825.4646252546,1278.56,0.715147327912253,386.6764219040511,NA
1445,757.18,0.708295351124643,0.445959901790431,1514.36,2019_yk_082,Yukon,2019,0.709428252588082,0.45346664283714,4.1882202642779e-4,667.490598772074,825.4646252546,1278.56,0.715147327912253,386.6764219040511,NA
1446,757.704,0.707299763470892,0.458839591348312,1515.408,2019_yk_082,Yukon,2019,0.709457103988623,0.453740087789482,2.7344495234243e-4,667.490598772074,825.4646252546,1278.56,0.715147327912253,386.6764219040511,NA
1447,758.228,0.708815125014973,0.4521276884452,1516.456,2019_yk_082,Yukon,2019,0.709452968403972,0.454222156270151,4.8206848066917e-4,667.490598772074,825.4646252546,1278.56,0.715147327912253,386.6764219040511,NA
1448,758.752,0.707844237448352,0.447399716639674,1517.504,2019_yk_082,Yukon,2019,0.709451996411845,0.454639900620631,4.1774435047975e-4,667.490598772074,825.4646252546,1278.56,0.715147327912253,386.6764219040511,NA
1449,759.276,0.710556992148238,0.449303733707801,1518.552,2019_yk_082,Yukon,2019,0.709433286358579,0.455010194542326,3.7029392169557e-4,667.490598772074,825.4646252546,1278.56,0.715147327912253,386.6764219040511,NA
1450,759.8,0.708491149595304,0.454170137377115,1519.6,2019_yk_082,Yukon,2019,0.709395390564504,0.455438045876516,4.2785133418948e-4,667.490598772074,825.4646252546,1278.56,0.715147327912253,386.6764219040511,NA
1451,760.324,0.708820510758025,0.450273757970434,1520.648,2019_yk_082,Yukon,2019,0.709426074153325,0.455789780254541,3.5173437802477e-4,667.490598772074,825.4646252546,1278.56,0.715147327912253,386.6764219040511,NA
1452,760.848,0.708933244130644,0.446516308445789,1521.696,2019_yk_082,Yukon,2019,0.709423486211966,0.456467576985154,6.7779673061291e-4,667.490598772074,825.4646252546,1278.56,0.715147327912253,386.6764219040511,NA
1453,761.372,0.709517112835574,0.447237202665359,1522.744,2019_yk_082,Yukon,2019,0.709473616788925,0.457095710163294,6.2813317814058e-4,667.490598772074,825.4646252546,1278.56,0.715147327912253,386.6764219040511,NA
1454,761.896,0.708047195616325,0.450938500222094,1523.792,2019_yk_082,Yukon,2019,0.709413774656995,0.457664448489654,5.6873832635939e-4,667.490598772074,825.4646252546,1278.56,0.715147327912253,386.6764219040511,NA
1455,762.42,0.709867290861028,0.458641617323099,1524.84,2019_yk_082,Yukon,2019,0.709422193591731,0.458246400565219,5.8195207556577e-4,667.490598772074,825.4646252546,1278.56,0.715147327912253,386.6764219040511,NA
1456,762.944,0.709351521360161,0.458876623919425,1525.888,2019_yk_082,Yukon,2019,0.709405586336665,0.45876904540909,5.2264484387032e-4,667.490598772074,825.4646252546,1278.56,0.715147327912253,386.6764219040511,NA
1457,763.468,0.710058450757566,0.462821390401848,1526.936,2019_yk_082,Yukon,2019,0.709381198384187,0.459213625221509,4.4457981241896e-4,667.490598772074,825.4646252546,1278.56,0.715147327912253,386.6764219040511,NA
1458,763.992,0.70970520510758,0.467327322192532,1527.984,2019_yk_082,Yukon,2019,0.70938128716837,0.459742666894917,5.2904167340839e-4,667.490598772074,825.4646252546,1278.56,0.715147327912253,386.6764219040511,NA
1459,764.516,0.708874892334799,0.460739705241253,1529.032,2019_yk_082,Yukon,2019,0.709384890886791,0.460259025190406,5.1635829548857e-4,667.490598772074,825.4646252546,1278.56,0.715147327912253,386.6764219040511,NA
1460,765.04,0.709319017529081,0.474619734553094,1530.08,2019_yk_082,Yukon,2019,0.709411783317696,0.460869627955925,6.106027655196e-4,667.490598772074,825.4646252546,1278.56,0.715147327912253,386.6764219040511,NA
1461,765.564,0.710985354303111,0.46575911819592,1531.128,2019_yk_082,Yukon,2019,0.709365316812221,0.461268231438455,3.9860348252995e-4,667.490598772074,825.4646252546,1278.56,0.715147327912253,386.6764219040511,NA
1462,766.088,0.710542542823142,0.465387325679622,1532.176,2019_yk_082,Yukon,2019,0.709364880589885,0.461810534758,5.4230331954485e-4,667.490598772074,825.4646252546,1278.56,0.715147327912253,386.6764219040511,NA
1463,766.612,0.707992897806867,0.465059470112551,1533.224,2019_yk_082,Yukon,2019,0.709376999400525,0.462370984133595,5.6044937559507e-4,667.490598772074,825.4646252546,1278.56,0.715147327912253,386.6764219040511,NA
1464,767.136,0.709543396389914,0.466162020581229,1534.272,2019_yk_082,Yukon,2019,0.709376201754037,0.462995266927666,6.2428279407078e-4,667.490598772074,825.4646252546,1278.56,0.715147327912253,386.6764219040511,NA
1465,767.66,0.710394790649841,0.466267299893647,1535.32,2019_yk_082,Yukon,2019,0.709340643088305,0.463687289032414,6.920221047485e-4,667.490598772074,825.4646252546,1278.56,0.715147327912253,386.6764219040511,NA
1466,768.184,0.706450451427221,0.471568063441703,1536.368,2019_yk_082,Yukon,2019,0.709362141412838,0.464431426571937,7.4413753952307e-4,667.490598772074,825.4646252546,1278.56,0.715147327912253,386.6764219040511,NA
1467,768.708,0.708440749496652,0.462746326416618,1537.416,2019_yk_082,Yukon,2019,0.709356825133763,0.465118418595842,6.8699202390437e-4,667.490598772074,825.4646252546,1278.56,0.715147327912253,386.6764219040511,NA
1468,769.232,0.708811255361973,0.462142476892629,1538.464,2019_yk_082,Yukon,2019,0.709311149428945,0.465716238628142,5.9782003229969e-4,667.490598772074,825.4646252546,1278.56,0.715147327912253,386.6764219040511,NA
1469,769.756,0.709531993778963,0.475852179094309,1539.512,2019_yk_082,Yukon,2019,0.709326302444187,0.466313196589052,5.9695796091024e-4,667.490598772074,825.4646252546,1278.56,0.715147327912253,386.6764219040511,NA
1470,770.28,0.710053793116957,0.472223260507236,1540.56,2019_yk_082,Yukon,2019,0.709365843175085,0.466890896484167,5.7769989511541e-4,667.490598772074,825.4646252546,1278.56,0.715147327912253,386.6764219040511,NA
1471,770.804,0.71041130792933,0.475398109028205,1541.608,2019_yk_082,Yukon,2019,0.709389020462501,0.467560087740612,6.6919125644515e-4,667.490598772074,825.4646252546,1278.56,0.715147327912253,386.6764219040511,NA
1472,771.328,0.710254303813251,0.470523309408026,1542.656,2019_yk_082,Yukon,2019,0.70943811910941,0.468207555677734,6.4746793712144e-4,667.490598772074,825.4646252546,1278.56,0.715147327912253,386.6764219040511,NA
1473,771.852,0.70851195684866,0.470843911247347,1543.704,2019_yk_082,Yukon,2019,0.709430717797476,0.468726693219595,5.1913754186167e-4,667.490598772074,825.4646252546,1278.56,0.715147327912253,386.6764219040511,NA
1474,772.376,0.708801367939965,0.472506301078542,1544.752,2019_yk_082,Yukon,2019,0.709457717746343,0.469466955725923,7.4026250632736e-4,667.490598772074,825.4646252546,1278.56,0.715147327912253,386.6764219040511,NA
1475,772.9,0.710754802335752,0.467912377511916,1545.8,2019_yk_082,Yukon,2019,0.709457094317182,0.470105634146798,6.3867842087533e-4,667.490598772074,825.4646252546,1278.56,0.715147327912253,386.6764219040511,NA
1476,773.424,0.711102331383854,0.462393558059466,1546.848,2019_yk_082,Yukon,2019,0.709499362409286,0.470571113755152,4.6547960835347e-4,667.490598772074,825.4646252546,1278.56,0.715147327912253,386.6764219040511,NA
1477,773.948,0.709641201801371,0.468251894535259,1547.896,2019_yk_082,Yukon,2019,0.709469783169955,0.471077585265839,5.0647151068733e-4,667.490598772074,825.4646252546,1278.56,0.715147327912253,386.6764219040511,NA
1478,774.472,0.709389912407441,0.475474069042749,1548.944,2019_yk_082,Yukon,2019,0.709480149387919,0.471664132582187,5.865473163476e-4,667.490598772074,825.4646252546,1278.56,0.715147327912253,386.6764219040511,NA
1479,774.996,0.709265125448444,0.471703643317394,1549.992,2019_yk_082,Yukon,2019,0.709454835479898,0.47232683067309,6.6269809090296e-4,667.490598772074,825.4646252546,1278.56,0.715147327912253,386.6764219040511,NA
1480,775.52,0.710158528711492,0.477850549227057,1551.04,2019_yk_082,Yukon,2019,0.709440956895556,0.472909996342418,5.8316566932809e-4,667.490598772074,825.4646252546,1278.56,0.715147327912253,386.6764219040511,NA
1481,776.044,0.712284744090103,0.472822527945229,1552.088,2019_yk_082,Yukon,2019,0.709448156092524,0.473479383506362,5.6938716394461e-4,667.490598772074,825.4646252546,1278.56,0.715147327912253,386.6764219040511,NA
1482,776.568,0.708005555973032,0.4795361298446,1553.136,2019_yk_082,Yukon,2019,0.709447671977882,0.474154258439142,6.748749327794e-4,667.490598772074,825.4646252546,1278.56,0.715147327912253,386.6764219040511,NA
1483,777.092,0.711748744770668,0.475649762849798,1554.184,2019_yk_082,Yukon,2019,0.709482046050708,0.474786142208368,6.3188376922679e-4,667.490598772074,825.4646252546,1278.56,0.715147327912253,386.6764219040511,NA
1484,777.616,0.710247579059828,0.470861203850415,1555.232,2019_yk_082,Yukon,2019,0.709541476460753,0.475369214787765,5.8307257939688e-4,667.490598772074,825.4646252546,1278.56,0.715147327912253,386.6764219040511,NA
1485,778.14,0.709972374542862,0.478407239991839,1556.28,2019_yk_082,Yukon,2019,0.709560791424127,0.475902372906066,5.3315811830095e-4,667.490598772074,825.4646252546,1278.56,0.715147327912253,386.6764219040511,NA
1486,778.664,0.709953881840342,0.47105671510981,1557.328,2019_yk_082,Yukon,2019,0.709566120538649,0.476369425459806,4.6705255373974e-4,667.490598772074,825.4646252546,1278.56,0.715147327912253,386.6764219040511,NA
1487,779.188,0.707347005238811,0.47020923584673,1558.376,2019_yk_082,Yukon,2019,0.709509371245887,0.476636923002097,2.6749754229121e-4,667.490598772074,825.4646252546,1278.56,0.715147327912253,386.6764219040511,NA
1488,779.712,0.710015977639723,0.473882289662121,1559.424,2019_yk_082,Yukon,2019,0.709483565314733,0.477073731726734,4.3680872463636e-4,667.490598772074,825.4646252546,1278.56,0.715147327912253,386.6764219040511,NA
1489,780.236,0.708227398566395,0.476760527906639,1560.472,2019_yk_082,Yukon,2019,0.709480901188374,0.477487883417084,4.1415169035075e-4,667.490598772074,825.4646252546,1278.56,0.715147327912253,386.6764219040511,NA
1490,780.76,0.710707294839518,0.477880523004222,1561.52,2019_yk_082,Yukon,2019,0.709514570941883,0.477667345803969,1.7946238688432e-4,667.490598772074,825.4646252546,1278.56,0.715147327912253,386.6764219040511,NA
1491,781.284,0.708020163278666,0.475687310017752,1562.568,2019_yk_082,Yukon,2019,0.70947857925916,0.477925104044368,2.5775824039941e-4,667.490598772074,825.4646252546,1278.56,0.715147327912253,386.6764219040511,NA
1492,781.808,0.708780256963346,0.476405619877489,1563.616,2019_yk_082,Yukon,2019,0.709482876922997,0.477292504168987,-6.3259987538089e-4,667.490598772074,825.4646252546,1278.56,0.715147327912253,386.6764219040511,NA
1493,782.332,0.709417642321318,0.478820952818422,1564.664,2019_yk_082,Yukon,2019,0.709457751427705,0.47414889826725,-0.00314360590173696,667.490598772074,825.4646252546,1278.56,0.715147327912253,386.6764219040511,NA
1494,782.856,0.709135065375997,0.484094507315671,1565.712,2019_yk_082,Yukon,2019,0.70943868838038,0.468648569598714,-0.005500328668536,667.490598772074,825.4646252546,1278.56,0.715147327912253,386.6764219040511,NA
1495,783.38,0.707759550644601,0.484976962692844,1566.76,2019_yk_082,Yukon,2019,NA,NA,NA,667.490598772074,825.4646252546,1278.56,0.715147327912253,386.6764219040511,NA
1496,783.904,0.710385357390833,0.487636634714524,1567.808,2019_yk_082,Yukon,2019,NA,NA,NA,667.490598772074,825.4646252546,1278.56,0.715147327912253,386.6764219040511,NA
1497,784.428,0.709768269615855,0.485426385042292,1568.856,2019_yk_082,Yukon,2019,NA,NA,NA,667.490598772074,825.4646252546,1278.56,0.715147327912253,386.6764219040511,NA
1498,784.952,0.70993433537111,0.482251532019591,1569.904,2019_yk_082,Yukon,2019,NA,NA,NA,667.490598772074,825.4646252546,1278.56,0.715147327912253,386.6764219040511,NA
1499,785.476,0.710720344168638,0.479394229661808,1570.952,2019_yk_082,Yukon,2019,NA,NA,NA,667.490598772074,825.4646252546,1278.56,0.715147327912253,386.6764219040511,NA
1500,786,0.711466179884688,0.483712678345996,1572,2019_yk_082,Yukon,2019,NA,NA,NA,667.490598772074,825.4646252546,1278.56,0.715147327912253,386.6764219040511,NA
1501,786.524,0.710391710242506,0.485031474077951,1573.048,2019_yk_082,Yukon,2019,NA,NA,NA,667.490598772074,825.4646252546,1278.56,0.715147327912253,386.6764219040511,NA
1502,787.048,0.711081203434271,0.483012033196205,1574.096,2019_yk_082,Yukon,2019,NA,NA,NA,667.490598772074,825.4646252546,1278.56,0.715147327912253,386.6764219040511,NA
1503,787.572,0.708662782662575,0.47818118265877,1575.144,2019_yk_082,Yukon,2019,NA,NA,NA,667.490598772074,825.4646252546,1278.56,0.715147327912253,386.6764219040511,NA
1504,788.096,0.708594522997477,0.484501489589757,1576.192,2019_yk_082,Yukon,2019,NA,NA,NA,667.490598772074,825.4646252546,1278.56,0.715147327912253,386.6764219040511,NA
1505,788.62,0.70825794537499,0.484280607042952,1577.24,2019_yk_082,Yukon,2019,NA,NA,NA,667.490598772074,825.4646252546,1278.56,0.715147327912253,386.6764219040511,NA
1506,789.144,0.709835848997127,0.486768367849521,1578.288,2019_yk_082,Yukon,2019,NA,NA,NA,667.490598772074,825.4646252546,1278.56,0.715147327912253,386.6764219040511,NA
1507,789.668,0.707040370655157,0.482515979086441,1579.336,2019_yk_082,Yukon,2019,NA,NA,NA,667.490598772074,825.4646252546,1278.56,0.715147327912253,386.6764219040511,NA
1508,790.192,0.708466210526183,0.482592555620529,1580.384,2019_yk_082,Yukon,2019,NA,NA,NA,667.490598772074,825.4646252546,1278.56,0.715147327912253,386.6764219040511,NA
1509,790.716,0.709038157666971,0.489065619161982,1581.432,2019_yk_082,Yukon,2019,NA,NA,NA,667.490598772074,825.4646252546,1278.56,0.715147327912253,386.6764219040511,NA
1510,791.24,0.707658434534763,0.489160077536799,1582.48,2019_yk_082,Yukon,2019,NA,NA,NA,667.490598772074,825.4646252546,1278.56,0.715147327912253,386.6764219040511,NA
1511,791.764,0.709252462576088,0.484436987807113,1583.528,2019_yk_082,Yukon,2019,NA,NA,NA,667.490598772074,825.4646252546,1278.56,0.715147327912253,386.6764219040511,NA
1512,792.288,0.708904197252168,0.487008804412553,1584.576,2019_yk_082,Yukon,2019,NA,NA,NA,667.490598772074,825.4646252546,1278.56,0.715147327912253,386.6764219040511,NA
1513,792.812,0.711579557205105,0.485150228818966,1585.624,2019_yk_082,Yukon,2019,NA,NA,NA,667.490598772074,825.4646252546,1278.56,0.715147327912253,386.6764219040511,NA
1514,793.336,0.711613020219063,0.48592285498591,1586.672,2019_yk_082,Yukon,2019,NA,NA,NA,667.490598772074,825.4646252546,1278.56,0.715147327912253,386.6764219040511,NA
1515,793.86,0.711026188663414,0.490631104421153,1587.72,2019_yk_082,Yukon,2019,NA,NA,NA,667.490598772074,825.4646252546,1278.56,0.715147327912253,386.6764219040511,NA
1516,794.384,0.709671268231489,0.486899777143811,1588.768,2019_yk_082,Yukon,2019,NA,NA,NA,667.490598772074,825.4646252546,1278.56,0.715147327912253,386.6764219040511,NA
1517,794.908,0.706653493191867,0.478871242939322,1589.816,2019_yk_082,Yukon,2019,NA,NA,NA,667.490598772074,825.4646252546,1278.56,0.715147327912253,386.6764219040511,NA
1518,795.432,0.708156849238309,0.493535845670713,1590.864,2019_yk_082,Yukon,2019,NA,NA,NA,667.490598772074,825.4646252546,1278.56,0.715147327912253,386.6764219040511,NA
1519,795.956,0.708715044753271,0.485588806662298,1591.912,2019_yk_082,Yukon,2019,NA,NA,NA,667.490598772074,825.4646252546,1278.56,0.715147327912253,386.6764219040511,NA
1520,796.48,0.711339202739641,0.485387477766154,1592.96,2019_yk_082,Yukon,2019,NA,NA,NA,667.490598772074,825.4646252546,1278.56,0.715147327912253,386.6764219040511,NA
1521,797.004,0.708825853339696,0.481224612619887,1594.008,2019_yk_082,Yukon,2019,NA,NA,NA,667.490598772074,825.4646252546,1278.56,0.715147327912253,386.6764219040511,NA
1522,797.528,0.710800402653378,0.427431333156769,1595.056,2019_yk_082,Yukon,2019,NA,NA,NA,667.490598772074,825.4646252546,1278.56,0.715147327912253,386.6764219040511,NA
1523,798.052,0.706485368089353,0.276443116008333,1596.104,2019_yk_082,Yukon,2019,NA,NA,NA,667.490598772074,825.4646252546,1278.56,0.715147327912253,386.6764219040511,NA
1524,798.576,0.708399613550404,0.136142300469072,1597.152,2019_yk_082,Yukon,2019,NA,NA,NA,667.490598772074,825.4646252546,1278.56,0.715147327912253,386.6764219040511,NA
