Cycle,Time,Iso,Sr88,Microns,Fish_id,Watershed,Year,Iso_MA,Sr88_MA,Sr88_MA_Gradient,natal_microns_start,natal_microns_end,marine_start,natal_origin_iso,Core,Landmark
78,40.872,0.707041268170232,0.102693163745939,81.744,2019_yk_425,Yukon,2019,NA,NA,NA,673.024686737237,796.47831377911,1311.048,0.715863473747505,493.58188000271434,NA
79,41.396,0.710913821004806,0.117698473110633,82.792,2019_yk_425,Yukon,2019,NA,NA,NA,673.024686737237,796.47831377911,1311.048,0.715863473747505,493.58188000271434,NA
80,41.92,0.718297155796952,0.126838880804349,83.84,2019_yk_425,Yukon,2019,NA,NA,NA,673.024686737237,796.47831377911,1311.048,0.715863473747505,493.58188000271434,NA
81,42.444,0.716082436121468,0.135142244837699,84.888,2019_yk_425,Yukon,2019,NA,NA,NA,673.024686737237,796.47831377911,1311.048,0.715863473747505,493.58188000271434,NA
82,42.968,0.72073310935798,0.144180573727071,85.936,2019_yk_425,Yukon,2019,NA,NA,NA,673.024686737237,796.47831377911,1311.048,0.715863473747505,493.58188000271434,NA
83,43.492,0.717051917503466,0.154024374991583,86.984,2019_yk_425,Yukon,2019,NA,NA,NA,673.024686737237,796.47831377911,1311.048,0.715863473747505,493.58188000271434,NA
84,44.016,0.709103427154277,0.16473964494589,88.032,2019_yk_425,Yukon,2019,NA,NA,NA,673.024686737237,796.47831377911,1311.048,0.715863473747505,493.58188000271434,NA
85,44.54,0.714829416077448,0.174404535420416,89.08,2019_yk_425,Yukon,2019,NA,NA,NA,673.024686737237,796.47831377911,1311.048,0.715863473747505,493.58188000271434,NA
86,45.064,0.716947114110205,0.188642152026287,90.128,2019_yk_425,Yukon,2019,NA,NA,NA,673.024686737237,796.47831377911,1311.048,0.715863473747505,493.58188000271434,NA
87,45.588,0.715015763044226,0.201285628871037,91.176,2019_yk_425,Yukon,2019,NA,NA,NA,673.024686737237,796.47831377911,1311.048,0.715863473747505,493.58188000271434,NA
88,46.112,0.714710509215002,0.210290415537947,92.224,2019_yk_425,Yukon,2019,NA,NA,NA,673.024686737237,796.47831377911,1311.048,0.715863473747505,493.58188000271434,NA
89,46.636,0.719018381251769,0.221008657073538,93.272,2019_yk_425,Yukon,2019,NA,NA,NA,673.024686737237,796.47831377911,1311.048,0.715863473747505,493.58188000271434,NA
90,47.16,0.709817602312143,0.228248513814249,94.32,2019_yk_425,Yukon,2019,NA,NA,NA,673.024686737237,796.47831377911,1311.048,0.715863473747505,493.58188000271434,NA
91,47.684,0.713565035551357,0.232682275676577,95.368,2019_yk_425,Yukon,2019,NA,NA,NA,673.024686737237,796.47831377911,1311.048,0.715863473747505,493.58188000271434,NA
92,48.208,0.715330417099098,0.242800995599914,96.416,2019_yk_425,Yukon,2019,NA,NA,NA,673.024686737237,796.47831377911,1311.048,0.715863473747505,493.58188000271434,NA
93,48.732,0.717936634294728,0.252074291962411,97.464,2019_yk_425,Yukon,2019,NA,NA,NA,673.024686737237,796.47831377911,1311.048,0.715863473747505,493.58188000271434,NA
94,49.256,0.717026473946596,0.258457626340087,98.512,2019_yk_425,Yukon,2019,NA,NA,NA,673.024686737237,796.47831377911,1311.048,0.715863473747505,493.58188000271434,NA
95,49.78,0.714783718188257,0.262122426882639,99.56,2019_yk_425,Yukon,2019,NA,NA,NA,673.024686737237,796.47831377911,1311.048,0.715863473747505,493.58188000271434,NA
96,50.304,0.715402365630578,0.267568833616063,100.608,2019_yk_425,Yukon,2019,NA,NA,NA,673.024686737237,796.47831377911,1311.048,0.715863473747505,493.58188000271434,NA
97,50.828,0.71417918301052,0.269023234369743,101.656,2019_yk_425,Yukon,2019,NA,NA,NA,673.024686737237,796.47831377911,1311.048,0.715863473747505,493.58188000271434,NA
98,51.352,0.713995924845284,0.272108629340577,102.704,2019_yk_425,Yukon,2019,NA,NA,NA,673.024686737237,796.47831377911,1311.048,0.715863473747505,493.58188000271434,NA
99,51.876,0.718786088373034,0.272635388877003,103.752,2019_yk_425,Yukon,2019,NA,NA,NA,673.024686737237,796.47831377911,1311.048,0.715863473747505,493.58188000271434,NA
100,52.4,0.713064770196776,0.276498131112505,104.8,2019_yk_425,Yukon,2019,NA,NA,NA,673.024686737237,796.47831377911,1311.048,0.715863473747505,493.58188000271434,NA
101,52.924,0.71974032721775,0.280584650157071,105.848,2019_yk_425,Yukon,2019,NA,NA,NA,673.024686737237,796.47831377911,1311.048,0.715863473747505,493.58188000271434,NA
102,53.448,0.716094395526659,0.285860517951046,106.896,2019_yk_425,Yukon,2019,NA,NA,NA,673.024686737237,796.47831377911,1311.048,0.715863473747505,493.58188000271434,NA
103,53.972,0.716475757226231,0.286989930303721,107.944,2019_yk_425,Yukon,2019,NA,NA,NA,673.024686737237,796.47831377911,1311.048,0.715863473747505,493.58188000271434,NA
104,54.496,0.71424434153916,0.288999641962014,108.992,2019_yk_425,Yukon,2019,NA,NA,NA,673.024686737237,796.47831377911,1311.048,0.715863473747505,493.58188000271434,NA
105,55.02,0.71003200321678,0.292432538230204,110.04,2019_yk_425,Yukon,2019,NA,NA,NA,673.024686737237,796.47831377911,1311.048,0.715863473747505,493.58188000271434,NA
106,55.544,0.716205005796699,0.2933656718472,111.088,2019_yk_425,Yukon,2019,NA,NA,NA,673.024686737237,796.47831377911,1311.048,0.715863473747505,493.58188000271434,NA
107,56.068,0.717530282560464,0.293935883329899,112.136,2019_yk_425,Yukon,2019,0.715166543313446,0.270499733256561,NA,673.024686737237,796.47831377911,1311.048,0.715863473747505,493.58188000271434,NA
108,56.592,0.718047576376968,0.289557583007304,113.184,2019_yk_425,Yukon,2019,0.715359818114781,0.27471658876436,0.00421685550779882,673.024686737237,796.47831377911,1311.048,0.715863473747505,493.58188000271434,NA
109,57.116,0.717279222523098,0.283850386500413,114.232,2019_yk_425,Yukon,2019,0.715442069467153,0.278620001673847,0.00390341290948715,673.024686737237,796.47831377911,1311.048,0.715863473747505,493.58188000271434,NA
110,57.64,0.713618436805213,0.274004905798808,115.28,2019_yk_425,Yukon,2019,0.715442035702043,0.282282977210788,0.00366297553694139,673.024686737237,796.47831377911,1311.048,0.715863473747505,493.58188000271434,NA
111,58.164,0.717746644637214,0.261466014901441,116.328,2019_yk_425,Yukon,2019,0.715474567320882,0.285708742986243,0.00342576577545473,673.024686737237,796.47831377911,1311.048,0.715863473747505,493.58188000271434,NA
112,58.688,0.715458475830875,0.248179612459655,117.376,2019_yk_425,Yukon,2019,0.715473352327768,0.288920986675729,0.00321224368948586,673.024686737237,796.47831377911,1311.048,0.715863473747505,493.58188000271434,NA
113,59.212,0.716243667482521,0.246594372561562,118.424,2019_yk_425,Yukon,2019,0.715455075444777,0.291998477466843,0.00307749079111475,673.024686737237,796.47831377911,1311.048,0.715863473747505,493.58188000271434,NA
114,59.736,0.715735637423096,0.254974139077316,119.472,2019_yk_425,Yukon,2019,0.715581548902962,0.294869177951654,0.00287070048481092,673.024686737237,796.47831377911,1311.048,0.715863473747505,493.58188000271434,NA
115,60.26,0.71574642105712,0.281687537525884,120.52,2019_yk_425,Yukon,2019,0.715604682822089,0.297621771304853,0.00275259335319833,673.024686737237,796.47831377911,1311.048,0.715863473747505,493.58188000271434,NA
116,60.784,0.713372881899658,0.290785677860481,121.568,2019_yk_425,Yukon,2019,0.715574628581374,0.30022554453546,0.00260377323060706,673.024686737237,796.47831377911,1311.048,0.715863473747505,493.58188000271434,NA
117,61.308,0.71516382786983,0.296890363468257,122.616,2019_yk_425,Yukon,2019,0.715602522900402,0.302652132910159,0.00242658837469961,673.024686737237,796.47831377911,1311.048,0.715863473747505,493.58188000271434,NA
118,61.832,0.715970157716394,0.298185984769125,123.664,2019_yk_425,Yukon,2019,0.715644381880378,0.305008839513627,0.00235670660346804,673.024686737237,796.47831377911,1311.048,0.715863473747505,493.58188000271434,NA
119,62.356,0.712109034242839,0.301718771420696,124.712,2019_yk_425,Yukon,2019,0.715529968928252,0.30733426535133,0.00232542583770262,673.024686737237,796.47831377911,1311.048,0.715863473747505,493.58188000271434,NA
120,62.88,0.714662505727791,0.31128589283941,125.76,2019_yk_425,Yukon,2019,0.715641732446097,0.309602320251188,0.00226805489985815,673.024686737237,796.47831377911,1311.048,0.715863473747505,493.58188000271434,NA
121,63.404,0.715255977929961,0.319566857759788,126.808,2019_yk_425,Yukon,2019,0.715702262300402,0.31173502387061,0.00213270361942164,673.024686737237,796.47831377911,1311.048,0.715863473747505,493.58188000271434,NA
122,63.928,0.716538088071417,0.325620502533558,127.856,2019_yk_425,Yukon,2019,0.715720252734122,0.31360633276723,0.00187130889661968,673.024686737237,796.47831377911,1311.048,0.715863473747505,493.58188000271434,NA
123,64.452,0.713606155039237,0.320361406471014,128.904,2019_yk_425,Yukon,2019,0.715767500907723,0.315277592692103,0.00167125992487388,673.024686737237,796.47831377911,1311.048,0.715863473747505,493.58188000271434,NA
124,64.976,0.714250781089073,0.318359998225082,129.952,2019_yk_425,Yukon,2019,0.715702664790293,0.31686639946234,0.00158880677023643,673.024686737237,796.47831377911,1311.048,0.715863473747505,493.58188000271434,NA
125,65.5,0.715968297009557,0.324512351085366,131,2019_yk_425,Yukon,2019,0.715752972856824,0.318479576191917,0.00161317672957734,673.024686737237,796.47831377911,1311.048,0.715863473747505,493.58188000271434,NA
126,66.024,0.714737297588077,0.330132600482889,132.048,2019_yk_425,Yukon,2019,0.715715578925619,0.320016165247677,0.00153658905576015,673.024686737237,796.47831377911,1311.048,0.715863473747505,493.58188000271434,NA
127,66.548,0.718607684916813,0.331709684178609,133.096,2019_yk_425,Yukon,2019,0.715738640654094,0.321358719858029,0.00134255461035165,673.024686737237,796.47831377911,1311.048,0.715863473747505,493.58188000271434,NA
128,67.072,0.714037378528814,0.331752495991854,134.144,2019_yk_425,Yukon,2019,0.715828212173594,0.322488261673505,0.00112954181547581,673.024686737237,796.47831377911,1311.048,0.715863473747505,493.58188000271434,NA
129,67.596,0.713561019542437,0.338063044334208,135.192,2019_yk_425,Yukon,2019,0.715792324025295,0.323491024993151,0.00100276331964672,673.024686737237,796.47831377911,1311.048,0.715863473747505,493.58188000271434,NA
130,68.12,0.714419723395027,0.337127664042108,136.24,2019_yk_425,Yukon,2019,0.715855456654925,0.324432008175086,9.4098318193497e-4,673.024686737237,796.47831377911,1311.048,0.715863473747505,493.58188000271434,NA
131,68.644,0.715700786665978,0.349662058593453,137.288,2019_yk_425,Yukon,2019,0.715810647550198,0.325286016365583,8.5400819049646e-4,673.024686737237,796.47831377911,1311.048,0.715863473747505,493.58188000271434,NA
132,69.168,0.716608744680209,0.355596727504678,138.336,2019_yk_425,Yukon,2019,0.715787420915161,0.325983171895585,6.9715553000204e-4,673.024686737237,796.47831377911,1311.048,0.715863473747505,493.58188000271434,NA
133,69.692,0.715130171844555,0.360851376076374,139.384,2019_yk_425,Yukon,2019,0.715848604783082,0.326609357994489,6.2618609890424e-4,673.024686737237,796.47831377911,1311.048,0.715863473747505,493.58188000271434,NA
134,70.216,0.714301608818861,0.364850572420729,140.432,2019_yk_425,Yukon,2019,0.715808795604978,0.327180921000375,5.7156300588562e-4,673.024686737237,796.47831377911,1311.048,0.715863473747505,493.58188000271434,NA
135,70.74,0.715691034624499,0.362652020529416,141.48,2019_yk_425,Yukon,2019,0.715887524471248,0.327811189406629,6.302684062544e-4,673.024686737237,796.47831377911,1311.048,0.715863473747505,493.58188000271434,NA
136,71.264,0.712883152793896,0.362323683536315,142.528,2019_yk_425,Yukon,2019,0.715891550004273,0.328451075689962,6.3988628333255e-4,673.024686737237,796.47831377911,1311.048,0.715863473747505,493.58188000271434,NA
137,71.788,0.713585561335782,0.360321782972538,143.576,2019_yk_425,Yukon,2019,0.715862125892738,0.32908836497837,6.3728928840822e-4,673.024686737237,796.47831377911,1311.048,0.715863473747505,493.58188000271434,NA
138,72.312,0.718637756250327,0.355704494213868,144.624,2019_yk_425,Yukon,2019,0.715837457042048,0.329826036937407,7.3767195903667e-4,673.024686737237,796.47831377911,1311.048,0.715863473747505,493.58188000271434,NA
139,72.836,0.715848902147129,0.35190324767986,145.672,2019_yk_425,Yukon,2019,0.71581323853361,0.330645302822109,8.1926588470204e-4,673.024686737237,796.47831377911,1311.048,0.715863473747505,493.58188000271434,NA
140,73.36,0.718295129890355,0.346617413020833,146.72,2019_yk_425,Yukon,2019,0.715868559638611,0.331569099826399,9.2379700429001e-4,673.024686737237,796.47831377911,1311.048,0.715863473747505,493.58188000271434,NA
141,73.884,0.718034333251815,0.340688191364983,147.768,2019_yk_425,Yukon,2019,0.71578775217818,0.33269494002335,0.00112584019695117,673.024686737237,796.47831377911,1311.048,0.715863473747505,493.58188000271434,NA
142,74.408,0.720660209771146,0.336915195096221,148.816,2019_yk_425,Yukon,2019,0.715820786929818,0.333951686183373,0.00125674616002286,673.024686737237,796.47831377911,1311.048,0.715863473747505,493.58188000271434,NA
143,74.932,0.71595530452403,0.338673822458467,149.864,2019_yk_425,Yukon,2019,0.71586042895034,0.33527257897152,0.00132089278814745,673.024686737237,796.47831377911,1311.048,0.715863473747505,493.58188000271434,NA
144,75.456,0.716691834645348,0.336981674034543,150.912,2019_yk_425,Yukon,2019,0.715851585875751,0.336352987357589,0.0010804083860691,673.024686737237,796.47831377911,1311.048,0.715863473747505,493.58188000271434,NA
145,75.98,0.716217451225097,0.339560136612318,151.96,2019_yk_425,Yukon,2019,0.715888161047061,0.336956638699215,6.0365134162537e-4,673.024686737237,796.47831377911,1311.048,0.715863473747505,493.58188000271434,NA
146,76.504,0.715143859667278,0.344868545862708,153.008,2019_yk_425,Yukon,2019,0.715893838108153,0.337428902874493,4.7226417527851e-4,673.024686737237,796.47831377911,1311.048,0.715863473747505,493.58188000271434,NA
147,77.028,0.71668942218593,0.346880931353012,154.056,2019_yk_425,Yukon,2019,0.715871622769393,0.337831703021132,4.0280014663868e-4,673.024686737237,796.47831377911,1311.048,0.715863473747505,493.58188000271434,NA
148,77.552,0.717222048013525,0.351692811746031,155.104,2019_yk_425,Yukon,2019,0.715868589786859,0.338131030323789,2.9932730265674e-4,673.024686737237,796.47831377911,1311.048,0.715863473747505,493.58188000271434,NA
149,78.076,0.712153604124253,0.360534207335696,156.152,2019_yk_425,Yukon,2019,0.715953591430174,0.33840498567456,2.7395535077157e-4,673.024686737237,796.47831377911,1311.048,0.715863473747505,493.58188000271434,NA
150,78.6,0.716523413382805,0.36433180780574,157.2,2019_yk_425,Yukon,2019,0.716053037660708,0.33846887470023,6.38890256700053e-5,673.024686737237,796.47831377911,1311.048,0.715863473747505,493.58188000271434,NA
151,79.124,0.71719682680967,0.360644492841873,158.248,2019_yk_425,Yukon,2019,0.716012688201393,0.338442705909537,-2.61687906931152e-5,673.024686737237,796.47831377911,1311.048,0.715863473747505,493.58188000271434,NA
152,79.648,0.716409843122296,0.355079529397094,159.296,2019_yk_425,Yukon,2019,0.715945909253812,0.338342419745317,-1.0028616421964e-4,673.024686737237,796.47831377911,1311.048,0.715863473747505,493.58188000271434,NA
153,80.172,0.720771524710787,0.352349887454843,160.344,2019_yk_425,Yukon,2019,0.715995760527183,0.338395223380955,5.28036356371997e-5,673.024686737237,796.47831377911,1311.048,0.715863473747505,493.58188000271434,NA
154,80.696,0.713136306900777,0.353786032554275,161.392,2019_yk_425,Yukon,2019,0.716008349262472,0.338554884350839,1.5966096988467e-4,673.024686737237,796.47831377911,1311.048,0.715863473747505,493.58188000271434,NA
155,81.22,0.717802202180125,0.358913030657279,162.44,2019_yk_425,Yukon,2019,0.715971108677214,0.338570257271349,1.5372920509904e-5,673.024686737237,796.47831377911,1311.048,0.715863473747505,493.58188000271434,NA
156,81.744,0.713158729758301,0.35976417696167,163.488,2019_yk_425,Yukon,2019,0.71600422409836,0.338400973523923,-1.6928374742608e-4,673.024686737237,796.47831377911,1311.048,0.715863473747505,493.58188000271434,NA
157,82.268,0.715562886719029,0.349576510990844,164.536,2019_yk_425,Yukon,2019,0.715998781062474,0.338160696331702,-2.4027719222158e-4,673.024686737237,796.47831377911,1311.048,0.715863473747505,493.58188000271434,NA
158,82.792,0.719370216015297,0.339881138269125,165.584,2019_yk_425,Yukon,2019,0.716042697902795,0.337938614871201,-2.2208146050084e-4,673.024686737237,796.47831377911,1311.048,0.715863473747505,493.58188000271434,NA
159,83.316,0.716632799475075,0.332801188055806,166.632,2019_yk_425,Yukon,2019,0.715982255452095,0.337654131121186,-2.8448375001494e-4,673.024686737237,796.47831377911,1311.048,0.715863473747505,493.58188000271434,NA
160,83.84,0.716852727974575,0.332957122028604,167.68,2019_yk_425,Yukon,2019,0.716037196828471,0.337462404821278,-1.9172629990793e-4,673.024686737237,796.47831377911,1311.048,0.715863473747505,493.58188000271434,NA
161,84.364,0.717051780934101,0.331825141586859,168.728,2019_yk_425,Yukon,2019,0.716002121937108,0.337051272335828,-4.1113248544943e-4,673.024686737237,796.47831377911,1311.048,0.715863473747505,493.58188000271434,NA
162,84.888,0.714700797424438,0.327689849751168,169.776,2019_yk_425,Yukon,2019,0.715937304033159,0.336496573505685,-5.5469883014347e-4,673.024686737237,796.47831377911,1311.048,0.715863473747505,493.58188000271434,NA
163,85.412,0.720146789301523,0.324561096237974,170.824,2019_yk_425,Yukon,2019,0.715996841906831,0.335899347290464,-5.9722621522118e-4,673.024686737237,796.47831377911,1311.048,0.715863473747505,493.58188000271434,NA
164,85.936,0.711855790852931,0.323293422315154,171.872,2019_yk_425,Yukon,2019,0.716017793555177,0.335344269567649,-5.5507772281437e-4,673.024686737237,796.47831377911,1311.048,0.715863473747505,493.58188000271434,NA
165,86.46,0.71475573519297,0.330248642605466,172.92,2019_yk_425,Yukon,2019,0.716049822662679,0.334919874842298,-4.2439472535094e-4,673.024686737237,796.47831377911,1311.048,0.715863473747505,493.58188000271434,NA
166,86.984,0.716446537778175,0.331758848847154,173.968,2019_yk_425,Yukon,2019,0.716137507124973,0.334469043746153,-4.5083109614574e-4,673.024686737237,796.47831377911,1311.048,0.715863473747505,493.58188000271434,NA
167,87.508,0.7157648358684,0.332173240634393,175.016,2019_yk_425,Yukon,2019,0.716209488885721,0.334061962040874,-4.0708170527836e-4,673.024686737237,796.47831377911,1311.048,0.715863473747505,493.58188000271434,NA
168,88.032,0.716567445335518,0.333817900549504,176.064,2019_yk_425,Yukon,2019,0.716194357421047,0.333707569214937,-3.5439282593768e-4,673.024686737237,796.47831377911,1311.048,0.715863473747505,493.58188000271434,NA
169,88.556,0.715826112016839,0.333006339582536,177.112,2019_yk_425,Yukon,2019,0.716193523084277,0.333460935489572,-2.4663372536443e-4,673.024686737237,796.47831377911,1311.048,0.715863473747505,493.58188000271434,NA
170,89.08,0.716937703105254,0.329432726056208,178.16,2019_yk_425,Yukon,2019,0.716160228751088,0.333231499079443,-2.294364101289e-4,673.024686737237,796.47831377911,1311.048,0.715863473747505,493.58188000271434,NA
171,89.604,0.712898197011405,0.329016426718512,179.208,2019_yk_425,Yukon,2019,0.716095510167602,0.333118562276043,-1.1293680340052e-4,673.024686737237,796.47831377911,1311.048,0.715863473747505,493.58188000271434,NA
172,90.128,0.717440560929152,0.323584382061026,180.256,2019_yk_425,Yukon,2019,0.716027262809756,0.333080070067726,-3.84922083167538e-5,673.024686737237,796.47831377911,1311.048,0.715863473747505,493.58188000271434,NA
173,90.652,0.718622188713834,0.325847939850409,181.304,2019_yk_425,Yukon,2019,0.715945618193711,0.33307627773396,-3.79233376623933e-6,673.024686737237,796.47831377911,1311.048,0.715863473747505,493.58188000271434,NA
174,91.176,0.715205052947748,0.319798642241463,182.352,2019_yk_425,Yukon,2019,0.715946313894779,0.333129833470334,5.35557363740002e-5,673.024686737237,796.47831377911,1311.048,0.715863473747505,493.58188000271434,NA
175,91.7,0.717940931335718,0.317906618023404,183.4,2019_yk_425,Yukon,2019,0.715907826092289,0.333135733368501,5.89989816723868e-6,673.024686737237,796.47831377911,1311.048,0.715863473747505,493.58188000271434,NA
176,92.224,0.713713505565165,0.319121528377192,184.448,2019_yk_425,Yukon,2019,0.715928693330086,0.333067300038176,-6.84333303246354e-5,673.024686737237,796.47831377911,1311.048,0.715863473747505,493.58188000271434,NA
177,92.748,0.713830907544212,0.321058372266581,185.496,2019_yk_425,Yukon,2019,0.715901800819167,0.332989466376096,-7.78336620808062e-5,673.024686737237,796.47831377911,1311.048,0.715863473747505,493.58188000271434,NA
178,93.272,0.715788178764373,0.31614562292853,186.544,2019_yk_425,Yukon,2019,0.715901663617764,0.332846396346167,-1.4307002992874e-4,673.024686737237,796.47831377911,1311.048,0.715863473747505,493.58188000271434,NA
179,93.796,0.717209132841764,0.318156092466991,187.592,2019_yk_425,Yukon,2019,0.715887375243317,0.3325790160836,-2.6738026256734e-4,673.024686737237,796.47831377911,1311.048,0.715863473747505,493.58188000271434,NA
180,94.32,0.720629279559815,0.31511923437961,188.64,2019_yk_425,Yukon,2019,0.715830959280147,0.332235420376694,-3.43595706906e-4,673.024686737237,796.47831377911,1311.048,0.715863473747505,493.58188000271434,NA
181,94.844,0.712835010371048,0.317996730318202,189.688,2019_yk_425,Yukon,2019,0.715796552684469,0.331929110774445,-3.063096022487e-4,673.024686737237,796.47831377911,1311.048,0.715863473747505,493.58188000271434,NA
182,95.368,0.712531351216574,0.319603332680377,190.736,2019_yk_425,Yukon,2019,0.715797918774727,0.331720956061594,-2.0815471285035e-4,673.024686737237,796.47831377911,1311.048,0.715863473747505,493.58188000271434,NA
183,95.892,0.7165972314415,0.323529624609247,191.784,2019_yk_425,Yukon,2019,0.715691293447292,0.331552908403138,-1.6804765845696e-4,673.024686737237,796.47831377911,1311.048,0.715863473747505,493.58188000271434,NA
184,96.416,0.715006105206433,0.327939656418164,192.832,2019_yk_425,Yukon,2019,0.715726317406459,0.331359943421612,-1.9296498152532e-4,673.024686737237,796.47831377911,1311.048,0.715863473747505,493.58188000271434,NA
185,96.94,0.713733861894053,0.32543472631596,193.88,2019_yk_425,Yukon,2019,0.715661969574814,0.33106359112401,-2.9635229760238e-4,673.024686737237,796.47831377911,1311.048,0.715863473747505,493.58188000271434,NA
186,97.464,0.716724222856848,0.319975575637325,194.928,2019_yk_425,Yukon,2019,0.715669170233932,0.330770087585666,-2.9350353834367e-4,673.024686737237,796.47831377911,1311.048,0.715863473747505,493.58188000271434,NA
187,97.988,0.718281102763657,0.31729305264531,195.976,2019_yk_425,Yukon,2019,0.71571160733703,0.330704190137309,-6.58974483576102e-5,673.024686737237,796.47831377911,1311.048,0.715863473747505,493.58188000271434,NA
188,98.512,0.716672388948065,0.318427608361804,197.024,2019_yk_425,Yukon,2019,0.715636535158591,0.330768623974811,6.44338375027642e-5,673.024686737237,796.47831377911,1311.048,0.715863473747505,493.58188000271434,NA
189,99.036,0.709934472500434,0.320994019333311,198.072,2019_yk_425,Yukon,2019,0.715596305712835,0.330911290226381,1.4266625157022e-4,673.024686737237,796.47831377911,1311.048,0.715863473747505,493.58188000271434,NA
190,99.56,0.717716205977594,0.32562408604763,199.12,2019_yk_425,Yukon,2019,0.715581030918793,0.331064853351993,1.5356312561137e-4,673.024686737237,796.47831377911,1311.048,0.715863473747505,493.58188000271434,NA
191,100.084,0.713596293184197,0.324994109466488,200.168,2019_yk_425,Yukon,2019,0.715521455408704,0.33131091408207203,2.4606073007899e-4,673.024686737237,796.47831377911,1311.048,0.715863473747505,493.58188000271434,NA
192,100.608,0.712719670443259,0.322314797696067,201.216,2019_yk_425,Yukon,2019,0.715564770615008,0.331588957616263,2.7804353419064e-4,673.024686737237,796.47831377911,1311.048,0.715863473747505,493.58188000271434,NA
193,101.132,0.718702444264904,0.325017803163103,202.264,2019_yk_425,Yukon,2019,0.715471950433267,0.331961978877613,3.7302126135085e-4,673.024686737237,796.47831377911,1311.048,0.715863473747505,493.58188000271434,NA
194,101.656,0.715558707719579,0.331545909051867,203.312,2019_yk_425,Yukon,2019,0.715481887101091,0.332358727688262,3.967488106486e-4,673.024686737237,796.47831377911,1311.048,0.715863473747505,493.58188000271434,NA
195,102.18,0.717612781074633,0.337188337008359,204.36,2019_yk_425,Yukon,2019,0.715468158286144,0.332622607565804,2.6387987754228e-4,673.024686737237,796.47831377911,1311.048,0.715863473747505,493.58188000271434,NA
196,102.704,0.718144220531565,0.335273817767568,205.408,2019_yk_425,Yukon,2019,0.715476260003059,0.332930668927239,3.0806136143474e-4,673.024686737237,796.47831377911,1311.048,0.715863473747505,493.58188000271434,NA
197,103.228,0.717904466980639,0.335896880655837,206.456,2019_yk_425,Yukon,2019,0.715415893457756,0.333260329348396,3.2966042115678e-4,673.024686737237,796.47831377911,1311.048,0.715863473747505,493.58188000271434,NA
198,103.752,0.717729868369882,0.334440924657608,207.504,2019_yk_425,Yukon,2019,0.715380627813003,0.333568977361963,3.0864801356672e-4,673.024686737237,796.47831377911,1311.048,0.715863473747505,493.58188000271434,NA
199,104.276,0.715798841940929,0.337105224157993,208.552,2019_yk_425,Yukon,2019,0.715422853843165,0.333954912929754,3.8593556779192e-4,673.024686737237,796.47831377911,1311.048,0.715863473747505,493.58188000271434,NA
200,104.8,0.716297469899033,0.332851228413102,209.6,2019_yk_425,Yukon,2019,0.71543717289339,0.334414989505189,4.6007657543423e-4,673.024686737237,796.47831377911,1311.048,0.715863473747505,493.58188000271434,NA
201,105.324,0.714151218242635,0.333911983160953,210.648,2019_yk_425,Yukon,2019,0.715447114416457,0.334828280290475,4.1329078528651e-4,673.024686737237,796.47831377911,1311.048,0.715863473747505,493.58188000271434,NA
202,105.848,0.716565368300402,0.334605662597217,211.696,2019_yk_425,Yukon,2019,0.715395421868482,0.335313538960644,4.8525867016913e-4,673.024686737237,796.47831377911,1311.048,0.715863473747505,493.58188000271434,NA
203,106.372,0.711056627561296,0.33844628243249397,212.744,2019_yk_425,Yukon,2019,0.715292386479568,0.335825797794496,5.1225883385119e-4,673.024686737237,796.47831377911,1311.048,0.715863473747505,493.58188000271434,NA
204,106.896,0.716733576709438,0.34019501821698,213.792,2019_yk_425,Yukon,2019,0.715266118023085,0.336501603250876,6.7580545638024e-4,673.024686737237,796.47831377911,1311.048,0.715863473747505,493.58188000271434,NA
205,107.42,0.713908183075713,0.339914130502353,214.84,2019_yk_425,Yukon,2019,0.715243363691977,0.337180958338764,6.7935508788841e-4,673.024686737237,796.47831377911,1311.048,0.715863473747505,493.58188000271434,NA
206,107.944,0.716395893935099,0.340762546043232,215.888,2019_yk_425,Yukon,2019,0.715265399437479,0.337823048877881,6.4209053911701e-4,673.024686737237,796.47831377911,1311.048,0.715863473747505,493.58188000271434,NA
207,108.468,0.715075871530774,0.342210911628163,216.936,2019_yk_425,Yukon,2019,0.715212285276534,0.338413550575329,5.9050169744806e-4,673.024686737237,796.47831377911,1311.048,0.715863473747505,493.58188000271434,NA
208,108.992,0.717213815929327,0.343108609950308,217.984,2019_yk_425,Yukon,2019,0.715289171062346,0.339127174602563,7.1362402723396e-4,673.024686737237,796.47831377911,1311.048,0.715863473747505,493.58188000271434,NA
209,109.516,0.711296301657486,0.344491391581656,219.032,2019_yk_425,Yukon,2019,0.71527896360455,0.339855890550024,7.2871594746037e-4,673.024686737237,796.47831377911,1311.048,0.715863473747505,493.58188000271434,NA
210,110.04,0.713138455592598,0.34371606539138,220.08,2019_yk_425,Yukon,2019,0.71517616589676,0.340566319445263,7.1042889523942e-4,673.024686737237,796.47831377911,1311.048,0.715863473747505,493.58188000271434,NA
211,110.564,0.71513243106896,0.342265916706952,221.128,2019_yk_425,Yukon,2019,0.715238629636897,0.341214242883323,6.4792343806036e-4,673.024686737237,796.47831377911,1311.048,0.715863473747505,493.58188000271434,NA
212,111.088,0.716491808537804,0.342590246626072,222.176,2019_yk_425,Yukon,2019,0.71530302494316,0.341867317596717,6.5307471339337e-4,673.024686737237,796.47831377911,1311.048,0.715863473747505,493.58188000271434,NA
213,111.612,0.714374005064695,0.342267027947423,223.224,2019_yk_425,Yukon,2019,0.715286390931407,0.342507668384999,6.4035078828217e-4,673.024686737237,796.47831377911,1311.048,0.715863473747505,493.58188000271434,NA
214,112.136,0.715237744450756,0.342208133662759,224.272,2019_yk_425,Yukon,2019,0.715312128858457,0.34314345143226,6.3578304726147e-4,673.024686737237,796.47831377911,1311.048,0.715863473747505,493.58188000271434,NA
215,112.66,0.713941332281423,0.341131892801134,225.32,2019_yk_425,Yukon,2019,0.715304368287243,0.343843702139166,7.0025070690554e-4,673.024686737237,796.47831377911,1311.048,0.715863473747505,493.58188000271434,NA
216,113.184,0.713590769305383,0.34215396466105,226.368,2019_yk_425,Yukon,2019,0.71521695547121,0.34457336831748,7.2966617831421e-4,673.024686737237,796.47831377911,1311.048,0.715863473747505,493.58188000271434,NA
217,113.708,0.718109112904902,0.345622664089387,227.416,2019_yk_425,Yukon,2019,0.715144424121719,0.345380470789985,8.0710247250437e-4,673.024686737237,796.47831377911,1311.048,0.715863473747505,493.58188000271434,NA
218,114.232,0.714865885308978,0.343747168519289,228.464,2019_yk_425,Yukon,2019,0.715153315507033,0.34613257881079,7.5210802080588e-4,673.024686737237,796.47831377911,1311.048,0.715863473747505,493.58188000271434,NA
219,114.756,0.714219032729712,0.34136116315002,229.512,2019_yk_425,Yukon,2019,0.715224567327945,0.34679000990617,6.5743109538002e-4,673.024686737237,796.47831377911,1311.048,0.715863473747505,493.58188000271434,NA
220,115.28,0.715936240332033,0.342170909565285,230.56,2019_yk_425,Yukon,2019,0.715212178798193,0.347331455520566,5.4144561439545e-4,673.024686737237,796.47831377911,1311.048,0.715863473747505,493.58188000271434,NA
221,115.804,0.713477250328819,0.3465887853916,231.608,2019_yk_425,Yukon,2019,0.715229292443868,0.347968598691814,6.3714317124818e-4,673.024686737237,796.47831377911,1311.048,0.715863473747505,493.58188000271434,NA
222,116.328,0.717299709802664,0.344372461802605,232.656,2019_yk_425,Yukon,2019,0.715275163112941,0.34860884528531,6.4024659349576e-4,673.024686737237,796.47831377911,1311.048,0.715863473747505,493.58188000271434,NA
223,116.852,0.714577578397047,0.346942371919025,233.704,2019_yk_425,Yukon,2019,0.71524479707013,0.349206295481737,5.9745019642759e-4,673.024686737237,796.47831377911,1311.048,0.715863473747505,493.58188000271434,NA
224,117.376,0.7124519909224,0.347098350954072,234.752,2019_yk_425,Yukon,2019,0.715200240434973,0.349710696144915,5.0440066317719e-4,673.024686737237,796.47831377911,1311.048,0.715863473747505,493.58188000271434,NA
225,117.9,0.713932006296146,0.346081435258,235.8,2019_yk_425,Yukon,2019,0.71511699419018,0.350092531944017,3.8183579910217e-4,673.024686737237,796.47831377911,1311.048,0.715863473747505,493.58188000271434,NA
226,118.424,0.716932640793062,0.35024253053324,236.848,2019_yk_425,Yukon,2019,0.715035501134428,0.350550496438083,4.5796449406604e-4,673.024686737237,796.47831377911,1311.048,0.715863473747505,493.58188000271434,NA
227,118.948,0.71214284315021,0.351952865903802,237.896,2019_yk_425,Yukon,2019,0.714964586864898,0.3509976099312,4.4711349311682e-4,673.024686737237,796.47831377911,1311.048,0.715863473747505,493.58188000271434,NA
228,119.472,0.714451506650319,0.352336781363506,238.944,2019_yk_425,Yukon,2019,0.714895876936127,0.351467883513837,4.7027358263718e-4,673.024686737237,796.47831377911,1311.048,0.715863473747505,493.58188000271434,NA
229,119.996,0.718359673826565,0.356162473650053,239.992,2019_yk_425,Yukon,2019,0.714901043471358,0.351791701355214,3.2381784137725e-4,673.024686737237,796.47831377911,1311.048,0.715863473747505,493.58188000271434,NA
230,120.52,0.717796846118807,0.357037320582262,241.04,2019_yk_425,Yukon,2019,0.714832512452188,0.352183192334621,3.9149097940682e-4,673.024686737237,796.47831377911,1311.048,0.715863473747505,493.58188000271434,NA
231,121.044,0.713494688395386,0.353813873835705,242.088,2019_yk_425,Yukon,2019,0.714888671599354,0.352641357004315,4.5816466969406e-4,673.024686737237,796.47831377911,1311.048,0.715863473747505,493.58188000271434,NA
232,121.568,0.714339008050653,0.352699902271175,243.136,2019_yk_425,Yukon,2019,0.714857164629271,0.353000464947927,3.5910794361171e-4,673.024686737237,796.47831377911,1311.048,0.715863473747505,493.58188000271434,NA
233,122.092,0.712440065379032,0.356583469881484,244.184,2019_yk_425,Yukon,2019,0.714886693319473,0.353331326634137,3.3086168621077e-4,673.024686737237,796.47831377911,1311.048,0.715863473747505,493.58188000271434,NA
234,122.616,0.713628945558766,0.360346969624273,245.232,2019_yk_425,Yukon,2019,0.714804926803256,0.353594881405427,2.6355477128947e-4,673.024686737237,796.47831377911,1311.048,0.715863473747505,493.58188000271434,NA
235,123.14,0.716575671469218,0.358667923296709,246.28,2019_yk_425,Yukon,2019,0.714852808036436,0.3538919177611,2.9703635567324e-4,673.024686737237,796.47831377911,1311.048,0.715863473747505,493.58188000271434,NA
236,123.664,0.715035650295286,0.35764696072421,247.328,2019_yk_425,Yukon,2019,0.714838985133493,0.354195842088804,3.039243277042e-4,673.024686737237,796.47831377911,1311.048,0.715863473747505,493.58188000271434,NA
237,124.188,0.710644057887502,0.356488474113467,248.376,2019_yk_425,Yukon,2019,0.714862098386442,0.354418552831081,2.2271074227675e-4,673.024686737237,796.47831377911,1311.048,0.715863473747505,493.58188000271434,NA
238,124.712,0.720401325913076,0.358963064562568,249.424,2019_yk_425,Yukon,2019,0.714815504259818,0.354624380408941,2.0582757785986e-4,673.024686737237,796.47831377911,1311.048,0.715863473747505,493.58188000271434,NA
239,125.236,0.716596685374019,0.361879049314612,250.472,2019_yk_425,Yukon,2019,0.714854340385219,0.354833730794164,2.0935038522274e-4,673.024686737237,796.47831377911,1311.048,0.715863473747505,493.58188000271434,NA
240,125.76,0.714461417092391,0.357744968093978,251.52,2019_yk_425,Yukon,2019,0.714824402802815,0.355103922077048,2.7019128288413e-4,673.024686737237,796.47831377911,1311.048,0.715863473747505,493.58188000271434,NA
241,126.284,0.716582834779261,0.356872136601823,252.568,2019_yk_425,Yukon,2019,0.714850013733977,0.355349115216649,2.4519313960064e-4,673.024686737237,796.47831377911,1311.048,0.715863473747505,493.58188000271434,NA
242,126.808,0.71639506959235,0.358787815483979,253.616,2019_yk_425,Yukon,2019,0.714813526509221,0.355641753929753,2.9263871310436e-4,673.024686737237,796.47831377911,1311.048,0.715863473747505,493.58188000271434,NA
243,127.332,0.715599190736344,0.361950671906174,254.664,2019_yk_425,Yukon,2019,0.714837343869299,0.355970784605234,3.2903067548156e-4,673.024686737237,796.47831377911,1311.048,0.715863473747505,493.58188000271434,NA
244,127.856,0.716550380829422,0.366086639253857,255.712,2019_yk_425,Yukon,2019,0.71485498123316,0.356362453579099,3.9166897386483e-4,673.024686737237,796.47831377911,1311.048,0.715863473747505,493.58188000271434,NA
245,128.38,0.713268227621239,0.36744976873029,256.76,2019_yk_425,Yukon,2019,0.714904517353372,0.356707334961195,3.4488138209598e-4,673.024686737237,796.47831377911,1311.048,0.715863473747505,493.58188000271434,NA
246,128.904,0.711479453894822,0.363755546336178,257.808,2019_yk_425,Yukon,2019,0.714942329745453,0.357091571771768,3.8423681057253e-4,673.024686737237,796.47831377911,1311.048,0.715863473747505,493.58188000271434,NA
247,129.428,0.713929221794208,0.365719200995572,258.856,2019_yk_425,Yukon,2019,0.714854604413966,0.357437104917449,3.4553314568092e-4,673.024686737237,796.47831377911,1311.048,0.715863473747505,493.58188000271434,NA
248,129.952,0.717205872066913,0.363554089610158,259.904,2019_yk_425,Yukon,2019,0.71482739485607,0.357831965838037,3.9486092058782e-4,673.024686737237,796.47831377911,1311.048,0.715863473747505,493.58188000271434,NA
249,130.476,0.714209581755196,0.360439885056112,260.952,2019_yk_425,Yukon,2019,0.714791325436374,0.358242973243899,4.1100740586275e-4,673.024686737237,796.47831377911,1311.048,0.715863473747505,493.58188000271434,NA
250,131,0.716972894192457,0.358110822911359,262,2019_yk_425,Yukon,2019,0.714741266044744,0.358616653456904,3.7368021300482e-4,673.024686737237,796.47831377911,1311.048,0.715863473747505,493.58188000271434,NA
251,131.524,0.714623111924673,0.363222699741378,263.048,2019_yk_425,Yukon,2019,0.71474979333522,0.358887435082354,2.7078162544996e-4,673.024686737237,796.47831377911,1311.048,0.715863473747505,493.58188000271434,NA
252,132.048,0.715471910587643,0.360729593305813,264.096,2019_yk_425,Yukon,2019,0.714696757558769,0.359341582275385,4.5414719303105e-4,673.024686737237,796.47831377911,1311.048,0.715863473747505,493.58188000271434,NA
253,132.572,0.716880481696244,0.360864814948761,265.144,2019_yk_425,Yukon,2019,0.71472925030109,0.359760725450415,4.1914317503011e-4,673.024686737237,796.47831377911,1311.048,0.715863473747505,493.58188000271434,NA
254,133.096,0.7128853096102,0.361809948842496,266.192,2019_yk_425,Yukon,2019,0.714738938364569,0.360115240085397,3.5451463498148e-4,673.024686737237,796.47831377911,1311.048,0.715863473747505,493.58188000271434,NA
255,133.62,0.712618006387054,0.36009848495449,267.24,2019_yk_425,Yukon,2019,0.714757320359303,0.360451664446048,3.364243606509e-4,673.024686737237,796.47831377911,1311.048,0.715863473747505,493.58188000271434,NA
256,134.144,0.713254637186402,0.362751687411532,268.288,2019_yk_425,Yukon,2019,0.714684435074479,0.360768650902662,3.1698645661465e-4,673.024686737237,796.47831377911,1311.048,0.715863473747505,493.58188000271434,NA
257,134.668,0.71364961080885,0.362723690242848,269.336,2019_yk_425,Yukon,2019,0.714709859789044,0.360965801250306,1.9715034764339e-4,673.024686737237,796.47831377911,1311.048,0.715863473747505,493.58188000271434,NA
258,135.192,0.713607272643624,0.362657339615839,270.384,2019_yk_425,Yukon,2019,0.714691398602173,0.361229362540624,2.6356129031851e-4,673.024686737237,796.47831377911,1311.048,0.715863473747505,493.58188000271434,NA
259,135.716,0.716108834054808,0.356534294640628,271.432,2019_yk_425,Yukon,2019,0.714623077215356,0.361365905933278,1.3654339265367e-4,673.024686737237,796.47831377911,1311.048,0.715863473747505,493.58188000271434,NA
260,136.24,0.712185608748798,0.356340687177511,272.48,2019_yk_425,Yukon,2019,0.714578458815437,0.361488485338901,1.2257940562349e-4,673.024686737237,796.47831377911,1311.048,0.715863473747505,493.58188000271434,NA
261,136.764,0.717520767072642,0.361401863342598,273.528,2019_yk_425,Yukon,2019,0.714582027476552,0.36163117846162,1.4269312271875e-4,673.024686737237,796.47831377911,1311.048,0.715863473747505,493.58188000271434,NA
262,137.288,0.714674950095382,0.356152139213918,274.576,2019_yk_425,Yukon,2019,0.714578807511632,0.361862515100631,2.3133663901087e-4,673.024686737237,796.47831377911,1311.048,0.715863473747505,493.58188000271434,NA
263,137.812,0.712828348973456,0.358297983605143,275.624,2019_yk_425,Yukon,2019,0.71462428809094,0.361999299807142,1.3678470651107e-4,673.024686737237,796.47831377911,1311.048,0.715863473747505,493.58188000271434,NA
264,138.336,0.711827585736383,0.356008304494347,276.672,2019_yk_425,Yukon,2019,0.714620392423986,0.361989134394086,-1.01654130563733e-5,673.024686737237,796.47831377911,1311.048,0.715863473747505,493.58188000271434,NA
265,138.86,0.716781057066539,0.357736311842749,277.72,2019_yk_425,Yukon,2019,0.714617706159846,0.36194452814246,-4.46062516259449e-5,673.024686737237,796.47831377911,1311.048,0.715863473747505,493.58188000271434,NA
266,139.384,0.715566519758512,0.358998005705482,278.768,2019_yk_425,Yukon,2019,0.714593192042209,0.361901802732662,-4.2725409797717e-5,673.024686737237,796.47831377911,1311.048,0.715863473747505,493.58188000271434,NA
267,139.908,0.716462666707729,0.355573556164768,279.816,2019_yk_425,Yukon,2019,0.71465248467354,0.361923307430912,2.15046982496303e-5,673.024686737237,796.47831377911,1311.048,0.715863473747505,493.58188000271434,NA
268,140.432,0.714418168331894,0.3554582646219,280.864,2019_yk_425,Yukon,2019,0.714509355347999,0.361956972549098,3.36651181866432e-5,673.024686737237,796.47831377911,1311.048,0.715863473747505,493.58188000271434,NA
269,140.956,0.713626469181507,0.35705241469502,281.912,2019_yk_425,Yukon,2019,0.714478597982511,0.361960022249249,3.04970015091444e-6,673.024686737237,796.47831377911,1311.048,0.715863473747505,493.58188000271434,NA
270,141.48,0.711342200648387,0.35992754236443,282.96,2019_yk_425,Yukon,2019,0.714519514051192,0.361997209792658,3.71875434083679e-5,673.024686737237,796.47831377911,1311.048,0.715863473747505,493.58188000271434,NA
271,142.004,0.716669086938686,0.356977505082994,284.008,2019_yk_425,Yukon,2019,0.714433561377113,0.362049233621622,5.20238289643538e-5,673.024686737237,796.47831377911,1311.048,0.715863473747505,493.58188000271434,NA
272,142.528,0.714302575052392,0.360148569412331,285.056,2019_yk_425,Yukon,2019,0.71438083792707,0.362077551785304,2.83181636824836e-5,673.024686737237,796.47831377911,1311.048,0.715863473747505,493.58188000271434,NA
273,143.052,0.715803046669379,0.362008868476317,286.104,2019_yk_425,Yukon,2019,0.71434426253948,0.362071677196707,-5.8745885976319e-6,673.024686737237,796.47831377911,1311.048,0.715863473747505,493.58188000271434,NA
274,143.576,0.716295986282429,0.365708272094648,287.152,2019_yk_425,Yukon,2019,0.714285336903033,0.362025499417193,-4.61777795133234e-5,673.024686737237,796.47831377911,1311.048,0.715863473747505,493.58188000271434,NA
275,144.1,0.716913499494162,0.361824775726893,288.2,2019_yk_425,Yukon,2019,0.714332392626474,0.361956248011002,-6.92514061910732e-5,673.024686737237,796.47831377911,1311.048,0.715863473747505,493.58188000271434,NA
276,144.624,0.715859512830241,0.365208173295398,289.248,2019_yk_425,Yukon,2019,0.714384326402076,0.362077729687731,1.2148167672859e-4,673.024686737237,796.47831377911,1311.048,0.715863473747505,493.58188000271434,NA
277,145.148,0.712845593015642,0.366354652830242,290.296,2019_yk_425,Yukon,2019,0.714370781927064,0.362137136447298,5.94067595673375e-5,673.024686737237,796.47831377911,1311.048,0.715863473747505,493.58188000271434,NA
278,145.672,0.713233311835236,0.36743882375456,291.344,2019_yk_425,Yukon,2019,0.714325234401543,0.362299069010464,1.619325631661e-4,673.024686737237,796.47831377911,1311.048,0.715863473747505,493.58188000271434,NA
279,146.196,0.712054867547953,0.366021607501784,292.392,2019_yk_425,Yukon,2019,0.714352258791466,0.362482525158764,1.8345614829989e-4,673.024686737237,796.47831377911,1311.048,0.715863473747505,493.58188000271434,NA
280,146.72,0.712932676834232,0.364591722345576,293.44,2019_yk_425,Yukon,2019,0.714304426273382,0.362639310887565,1.5678572880073e-4,673.024686737237,796.47831377911,1311.048,0.715863473747505,493.58188000271434,NA
281,147.244,0.713988887757364,0.362835682918599,294.488,2019_yk_425,Yukon,2019,0.714274379015859,0.362822764346555,1.8345345899006e-4,673.024686737237,796.47831377911,1311.048,0.715863473747505,493.58188000271434,NA
282,147.768,0.714117563215628,0.371621293384468,295.536,2019_yk_425,Yukon,2019,0.714283427448592,0.363106481062963,2.8371671640786e-4,673.024686737237,796.47831377911,1311.048,0.715863473747505,493.58188000271434,NA
283,148.292,0.716527142936292,0.372090962420834,296.584,2019_yk_425,Yukon,2019,0.71429508711377,0.363345257422173,2.3877635921026e-4,673.024686737237,796.47831377911,1311.048,0.715863473747505,493.58188000271434,NA
284,148.816,0.713033274731166,0.368369229052959,297.632,2019_yk_425,Yukon,2019,0.714333210141891,0.363586672675305,2.4141525313159e-4,673.024686737237,796.47831377911,1311.048,0.715863473747505,493.58188000271434,NA
285,149.34,0.71503492598016,0.366266896897051,298.68,2019_yk_425,Yukon,2019,0.71441565921214,0.363826093490173,2.3942081486859e-4,673.024686737237,796.47831377911,1311.048,0.715863473747505,493.58188000271434,NA
286,149.864,0.712559523703639,0.36926171793012,299.728,2019_yk_425,Yukon,2019,0.714436897164758,0.363867632494139,4.1539003965696e-5,673.024686737237,796.47831377911,1311.048,0.715863473747505,493.58188000271434,NA
287,150.388,0.713668326024104,0.363781886762407,300.776,2019_yk_425,Yukon,2019,0.714440307331184,0.36391824891837,5.06164242310425e-5,673.024686737237,796.47831377911,1311.048,0.715863473747505,493.58188000271434,NA
288,150.912,0.713343835438045,0.368150458782618,301.824,2019_yk_425,Yukon,2019,0.714436950257197,0.363913527620982,-4.72129738809945e-6,673.024686737237,796.47831377911,1311.048,0.715863473747505,493.58188000271434,NA
289,151.436,0.714260390617582,0.364355077209271,302.872,2019_yk_425,Yukon,2019,0.714372267411794,0.364058096933693,1.4456931271128e-4,673.024686737237,796.47831377911,1311.048,0.715863473747505,493.58188000271434,NA
290,151.96,0.715119742123628,0.364392084919673,303.92,2019_yk_425,Yukon,2019,0.714396371792077,0.364284291762103,2.2619482840918e-4,673.024686737237,796.47831377911,1311.048,0.715863473747505,493.58188000271434,NA
291,152.484,0.713708808062272,0.362375461198832,304.968,2019_yk_425,Yukon,2019,0.714350926203773,0.364462945062404,1.7865330030109e-4,673.024686737237,796.47831377911,1311.048,0.715863473747505,493.58188000271434,NA
292,153.008,0.714145810155464,0.366580100611824,306.016,2019_yk_425,Yukon,2019,0.714310055481879,0.364688080526885,2.2513546448149e-4,673.024686737237,796.47831377911,1311.048,0.715863473747505,493.58188000271434,NA
293,153.532,0.715168900137544,0.364790552272148,307.064,2019_yk_425,Yukon,2019,0.714355428281632,0.364941424446514,2.5334391962861e-4,673.024686737237,796.47831377911,1311.048,0.715863473747505,493.58188000271434,NA
294,154.056,0.7133952055415,0.35973704484089,308.112,2019_yk_425,Yukon,2019,0.714417044567594,0.365258829125713,3.1740467919938e-4,673.024686737237,796.47831377911,1311.048,0.715863473747505,493.58188000271434,NA
295,154.58,0.716414495620799,0.355991548199152,309.16,2019_yk_425,Yukon,2019,0.714353791809119,0.365462058359937,2.0322923422411e-4,673.024686737237,796.47831377911,1311.048,0.715863473747505,493.58188000271434,NA
296,155.104,0.713564803237088,0.355083436136348,310.208,2019_yk_425,Yukon,2019,0.7143396857609,0.365654608834619,1.9255047468214e-4,673.024686737237,796.47831377911,1311.048,0.715863473747505,493.58188000271434,NA
297,155.628,0.714201615767368,0.357778756008445,311.256,2019_yk_425,Yukon,2019,0.714286937260308,0.365805350923604,1.507420889843e-4,673.024686737237,796.47831377911,1311.048,0.715863473747505,493.58188000271434,NA
298,156.152,0.711813566380623,0.360982971653767,312.304,2019_yk_425,Yukon,2019,0.7142744717391,0.36588079940083,7.5448477226514e-5,673.024686737237,796.47831377911,1311.048,0.715863473747505,493.58188000271434,NA
299,156.676,0.714751243444723,0.362062031323665,313.352,2019_yk_425,Yukon,2019,0.714297611410432,0.365956790855711,7.59914548811302e-5,673.024686737237,796.47831377911,1311.048,0.715863473747505,493.58188000271434,NA
300,157.2,0.716916381213265,0.359976220698482,314.4,2019_yk_425,Yukon,2019,0.714328011140476,0.366069017632675,1.1222677696343e-4,673.024686737237,796.47831377911,1311.048,0.715863473747505,493.58188000271434,NA
301,157.724,0.711425674334494,0.359993566339682,315.448,2019_yk_425,Yukon,2019,0.714314130390802,0.366223854847578,1.5483721490322e-4,673.024686737237,796.47831377911,1311.048,0.715863473747505,493.58188000271434,NA
302,158.248,0.713231662589824,0.360486905304927,316.496,2019_yk_425,Yukon,2019,0.714300238194798,0.366349222931761,1.2536808418273e-4,673.024686737237,796.47831377911,1311.048,0.715863473747505,493.58188000271434,NA
303,158.772,0.713404667480918,0.361598196590315,317.544,2019_yk_425,Yukon,2019,0.71427989666462,0.366446678591054,9.74556592931997e-5,673.024686737237,796.47831377911,1311.048,0.715863473747505,493.58188000271434,NA
304,159.296,0.713014842642584,0.363315972483057,318.592,2019_yk_425,Yukon,2019,0.714306991140095,0.366529938538132,8.32599470782514e-5,673.024686737237,796.47831377911,1311.048,0.715863473747505,493.58188000271434,NA
305,159.82,0.71609157102772,0.363294684358829,319.64,2019_yk_425,Yukon,2019,0.71424145659396,0.36675757811561,2.2763957747817e-4,673.024686737237,796.47831377911,1311.048,0.715863473747505,493.58188000271434,NA
306,160.344,0.714595480430918,0.371044446939893,320.688,2019_yk_425,Yukon,2019,0.714179056972068,0.366999285362763,2.4170724715244e-4,673.024686737237,796.47831377911,1311.048,0.715863473747505,493.58188000271434,NA
307,160.868,0.713116553293477,0.36928360656961,321.736,2019_yk_425,Yukon,2019,0.71416614880551,0.367192989173479,1.9370381071626e-4,673.024686737237,796.47831377911,1311.048,0.715863473747505,493.58188000271434,NA
308,161.392,0.714473020535664,0.373270043400126,322.784,2019_yk_425,Yukon,2019,0.714207681426839,0.367316253565616,1.2326439213727e-4,673.024686737237,796.47831377911,1311.048,0.715863473747505,493.58188000271434,NA
309,161.916,0.715831045150606,0.371447253954103,323.832,2019_yk_425,Yukon,2019,0.714227361291404,0.367342189245605,2.59356799890975e-5,673.024686737237,796.47831377911,1311.048,0.715863473747505,493.58188000271434,NA
310,162.44,0.714102943107385,0.367517966639403,324.88,2019_yk_425,Yukon,2019,0.714266721299445,0.367426721134479,8.45318888737512e-5,673.024686737237,796.47831377911,1311.048,0.715863473747505,493.58188000271434,NA
311,162.964,0.712820276473327,0.374229907280783,325.928,2019_yk_425,Yukon,2019,0.71426686706732,0.367637671861343,2.1095072686383e-4,673.024686737237,796.47831377911,1311.048,0.715863473747505,493.58188000271434,NA
312,163.488,0.716014816551608,0.377752596290285,326.976,2019_yk_425,Yukon,2019,0.714304782860724,0.367727247085218,8.95752238754266e-5,673.024686737237,796.47831377911,1311.048,0.715863473747505,493.58188000271434,NA
313,164.012,0.717580061606956,0.375191396501379,328.024,2019_yk_425,Yukon,2019,0.714297928266411,0.367766286748499,3.90396632805046e-5,673.024686737237,796.47831377911,1311.048,0.715863473747505,493.58188000271434,NA
314,164.536,0.715172691297453,0.376294864030393,329.072,2019_yk_425,Yukon,2019,0.714317800159343,0.367881040802906,1.1475405440736e-4,673.024686737237,796.47831377911,1311.048,0.715863473747505,493.58188000271434,NA
315,165.06,0.71756495060197,0.374463733846604,330.12,2019_yk_425,Yukon,2019,0.714302371180407,0.367985850383323,1.0480958041714e-4,673.024686737237,796.47831377911,1311.048,0.715863473747505,493.58188000271434,NA
316,165.584,0.714528914343499,0.365244027649474,331.168,2019_yk_425,Yukon,2019,0.714291387737611,0.368019230519868,3.33801365441921e-5,673.024686737237,796.47831377911,1311.048,0.715863473747505,493.58188000271434,NA
317,166.108,0.71385422079442,0.365760675696708,332.216,2019_yk_425,Yukon,2019,0.71426878522535,0.368120609839592,1.0137931972409e-4,673.024686737237,796.47831377911,1311.048,0.715863473747505,493.58188000271434,NA
318,166.632,0.713405848204361,0.362374061772555,333.264,2019_yk_425,Yukon,2019,0.714313439044512,0.368122945370661,2.33553106909756e-6,673.024686737237,796.47831377911,1311.048,0.715863473747505,493.58188000271434,NA
319,167.156,0.712227863330648,0.365208453403306,334.312,2019_yk_425,Yukon,2019,0.714331785476175,0.368178186278614,5.52409079534466e-5,673.024686737237,796.47831377911,1311.048,0.715863473747505,493.58188000271434,NA
320,167.68,0.713631871565758,0.36991237688206,335.36,2019_yk_425,Yukon,2019,0.714314135804014,0.368337503537517,1.5931725890228e-4,673.024686737237,796.47831377911,1311.048,0.715863473747505,493.58188000271434,NA
321,168.204,0.714794031774419,0.372121061360663,336.408,2019_yk_425,Yukon,2019,0.714303684813853,0.368626408542695,2.8890500517886e-4,673.024686737237,796.47831377911,1311.048,0.715863473747505,493.58188000271434,NA
322,168.728,0.712222706781763,0.36966026708281,337.456,2019_yk_425,Yukon,2019,0.714352792871446,0.368815016423743,1.8860788104746e-4,673.024686737237,796.47831377911,1311.048,0.715863473747505,493.58188000271434,NA
323,169.252,0.715550716958621,0.37349861878286,338.504,2019_yk_425,Yukon,2019,0.714378498664439,0.368992240640147,1.7722421640414e-4,673.024686737237,796.47831377911,1311.048,0.715863473747505,493.58188000271434,NA
324,169.776,0.715524562894121,0.375052585246308,339.552,2019_yk_425,Yukon,2019,0.714375811888625,0.369197675135344,2.0543449519677e-4,673.024686737237,796.47831377911,1311.048,0.715863473747505,493.58188000271434,NA
325,170.3,0.712985891558005,0.369930065896193,340.6,2019_yk_425,Yukon,2019,0.714367480643306,0.369466237807837,2.6856267249325e-4,673.024686737237,796.47831377911,1311.048,0.715863473747505,493.58188000271434,NA
326,170.824,0.714720156865379,0.370551034186412,341.648,2019_yk_425,Yukon,2019,0.714353651930277,0.369866209539222,3.9997173138473e-4,673.024686737237,796.47831377911,1311.048,0.715863473747505,493.58188000271434,NA
327,171.348,0.71329775667223,0.364618081503825,342.696,2019_yk_425,Yukon,2019,0.714426114548317,0.370227333796988,3.6112425776641e-4,673.024686737237,796.47831377911,1311.048,0.715863473747505,493.58188000271434,NA
328,171.872,0.713670237059429,0.359985173255491,343.744,2019_yk_425,Yukon,2019,0.714415317711197,0.370562497440664,3.3516364367564e-4,673.024686737237,796.47831377911,1311.048,0.715863473747505,493.58188000271434,NA
329,172.396,0.715014849461393,0.361611901987892,344.792,2019_yk_425,Yukon,2019,0.714426489445509,0.370880593543815,3.1809610315081e-4,673.024686737237,796.47831377911,1311.048,0.715863473747505,493.58188000271434,NA
330,172.92,0.71316618445101,0.366661148982237,345.84,2019_yk_425,Yukon,2019,0.714394088921063,0.371268694730535,3.8810118672016e-4,673.024686737237,796.47831377911,1311.048,0.715863473747505,493.58188000271434,NA
331,173.444,0.715836241958244,0.366267737977184,346.888,2019_yk_425,Yukon,2019,0.714485927020254,0.371704202967731,4.3550823719573e-4,673.024686737237,796.47831377911,1311.048,0.715863473747505,493.58188000271434,NA
332,173.968,0.713469043292186,0.367670654463295,347.936,2019_yk_425,Yukon,2019,0.714518301479841,0.372162572496538,4.5836952880695e-4,673.024686737237,796.47831377911,1311.048,0.715863473747505,493.58188000271434,NA
333,174.492,0.714582554858719,0.367856208033907,348.984,2019_yk_425,Yukon,2019,0.714470022320806,0.372560592355921,3.9801985938375e-4,673.024686737237,796.47831377911,1311.048,0.715863473747505,493.58188000271434,NA
334,175.016,0.717921654810916,0.370703868919342,350.032,2019_yk_425,Yukon,2019,0.714480186156065,0.372933040447,3.7244809107911e-4,673.024686737237,796.47831377911,1311.048,0.715863473747505,493.58188000271434,NA
335,175.54,0.712981426726051,0.375483150375587,351.08,2019_yk_425,Yukon,2019,0.714461999191856,0.373282189282298,3.4914883529713e-4,673.024686737237,796.47831377911,1311.048,0.715863473747505,493.58188000271434,NA
336,176.064,0.712115535516703,0.379710608124547,352.128,2019_yk_425,Yukon,2019,0.714412433236823,0.373481878173496,1.9968889119798e-4,673.024686737237,796.47831377911,1311.048,0.715863473747505,493.58188000271434,NA
337,176.588,0.712071103022171,0.377976881473217,353.176,2019_yk_425,Yukon,2019,0.714431640827679,0.373742397051742,2.6051887824607e-4,673.024686737237,796.47831377911,1311.048,0.715863473747505,493.58188000271434,NA
338,177.112,0.715725269114955,0.374834687282797,354.224,2019_yk_425,Yukon,2019,0.714451647642535,0.373893491835763,1.5109478402092e-4,673.024686737237,796.47831377911,1311.048,0.715863473747505,493.58188000271434,NA
339,177.636,0.713235659421895,0.367577748301129,355.272,2019_yk_425,Yukon,2019,0.714400955371388,0.374033773230692,1.4028139492983e-4,673.024686737237,796.47831377911,1311.048,0.715863473747505,493.58188000271434,NA
340,178.16,0.715294277316694,0.369663635678002,356.32,2019_yk_425,Yukon,2019,0.714384314484062,0.374252090682432,2.1831745173944e-4,673.024686737237,796.47831377911,1311.048,0.715863473747505,493.58188000271434,NA
341,178.684,0.713997633829877,0.375492726530431,357.368,2019_yk_425,Yukon,2019,0.714374261275224,0.374393481057844,1.4139037541266e-4,673.024686737237,796.47831377911,1311.048,0.715863473747505,493.58188000271434,NA
342,179.208,0.716392510819855,0.376995806816994,358.416,2019_yk_425,Yukon,2019,0.71432243955228,0.374491508620822,9.8027562977665e-5,673.024686737237,796.47831377911,1311.048,0.715863473747505,493.58188000271434,NA
343,179.732,0.71611586727752,0.374433342217662,359.464,2019_yk_425,Yukon,2019,0.714291425298762,0.374667936704317,1.7642808349466e-4,673.024686737237,796.47831377911,1311.048,0.715863473747505,493.58188000271434,NA
344,180.256,0.714225588307047,0.375254472317401,360.512,2019_yk_425,Yukon,2019,0.71427651255142,0.37484695976824,1.790230639232e-4,673.024686737237,796.47831377911,1311.048,0.715863473747505,493.58188000271434,NA
345,180.78,0.714109187244038,0.372555471722078,361.56,2019_yk_425,Yukon,2019,0.714266251426799,0.375002251813847,1.5529204560715e-4,673.024686737237,796.47831377911,1311.048,0.715863473747505,493.58188000271434,NA
346,181.304,0.711900517135838,0.371264526122773,362.608,2019_yk_425,Yukon,2019,0.714272413234193,0.375402789429901,4.0053761605429e-4,673.024686737237,796.47831377911,1311.048,0.715863473747505,493.58188000271434,NA
347,181.828,0.712312175288428,0.369864645945854,363.656,2019_yk_425,Yukon,2019,0.714271644903392,0.37588611558248,4.833261525784e-4,673.024686737237,796.47831377911,1311.048,0.715863473747505,493.58188000271434,NA
348,182.352,0.716023064587794,0.368290590646764,364.704,2019_yk_425,Yukon,2019,0.714292610296235,0.376405463427276,5.1934784479618e-4,673.024686737237,796.47831377911,1311.048,0.715863473747505,493.58188000271434,NA
349,182.876,0.715361176517367,0.367669531686476,365.752,2019_yk_425,Yukon,2019,0.714334526981931,0.376963699487576,5.5823606029981e-4,673.024686737237,796.47831377911,1311.048,0.715863473747505,493.58188000271434,NA
350,183.4,0.714060761793945,0.373951120453809,366.8,2019_yk_425,Yukon,2019,0.714331049382678,0.377449241203045,4.8554171546866e-4,673.024686737237,796.47831377911,1311.048,0.715863473747505,493.58188000271434,NA
351,183.924,0.713081748652637,0.379709761509564,367.848,2019_yk_425,Yukon,2019,0.714324421030845,0.377840016682876,3.9077547983101e-4,673.024686737237,796.47831377911,1311.048,0.715863473747505,493.58188000271434,NA
352,184.448,0.717092293611045,0.377896573474672,368.896,2019_yk_425,Yukon,2019,0.714362055382447,0.378208348828431,3.6833214555548e-4,673.024686737237,796.47831377911,1311.048,0.715863473747505,493.58188000271434,NA
353,184.972,0.716711247717109,0.375424005256395,369.944,2019_yk_425,Yukon,2019,0.714359311034709,0.378485650742057,2.7730191362607e-4,673.024686737237,796.47831377911,1311.048,0.715863473747505,493.58188000271434,NA
354,185.496,0.713233998992675,0.372063114552697,370.992,2019_yk_425,Yukon,2019,0.714335482904576,0.378854881087887,3.6923034582997e-4,673.024686737237,796.47831377911,1311.048,0.715863473747505,493.58188000271434,NA
355,186.02,0.71591462090165,0.372105308548747,372.04,2019_yk_425,Yukon,2019,0.714340108517504,0.379371415992818,5.1653490493086e-4,673.024686737237,796.47831377911,1311.048,0.715863473747505,493.58188000271434,NA
356,186.544,0.712735080455321,0.379081740019433,373.088,2019_yk_425,Yukon,2019,0.714354185586654,0.379809460612274,4.3804461945568e-4,673.024686737237,796.47831377911,1311.048,0.715863473747505,493.58188000271434,NA
357,187.068,0.718549372849761,0.379446211474428,374.136,2019_yk_425,Yukon,2019,0.714369512708939,0.380345493128352,5.3603251607886e-4,673.024686737237,796.47831377911,1311.048,0.715863473747505,493.58188000271434,NA
358,187.592,0.711165756153442,0.381092790274302,375.184,2019_yk_425,Yukon,2019,0.714385223691408,0.380939759123525,5.9426599517226e-4,673.024686737237,796.47831377911,1311.048,0.715863473747505,493.58188000271434,NA
359,188.116,0.715421547503441,0.381147797512716,376.232,2019_yk_425,Yukon,2019,0.714368073464075,0.38150561621652,5.6585709299561e-4,673.024686737237,796.47831377911,1311.048,0.715863473747505,493.58188000271434,NA
360,188.64,0.71497234974654,0.383262291901692,377.28,2019_yk_425,Yukon,2019,0.71436990445013,0.38203099950753,5.2538329100965e-4,673.024686737237,796.47831377911,1311.048,0.715863473747505,493.58188000271434,NA
361,189.164,0.716935960285955,0.386124060571426,378.328,2019_yk_425,Yukon,2019,0.714345399055926,0.382560736109592,5.2973660206212e-4,673.024686737237,796.47831377911,1311.048,0.715863473747505,493.58188000271434,NA
362,189.688,0.715174130165039,0.387989077033346,379.376,2019_yk_425,Yukon,2019,0.714326791917269,0.382794769972632,2.3403386303971e-4,673.024686737237,796.47831377911,1311.048,0.715863473747505,493.58188000271434,NA
363,190.212,0.710507917938807,0.385479388153339,380.424,2019_yk_425,Yukon,2019,0.714350582966323,0.383072750946849,2.7798097421699e-4,673.024686737237,796.47831377911,1311.048,0.715863473747505,493.58188000271434,NA
364,190.736,0.713624672758116,0.385662857947805,381.472,2019_yk_425,Yukon,2019,0.714341208672627,0.38332781215178,2.5506120493085e-4,673.024686737237,796.47831377911,1311.048,0.715863473747505,493.58188000271434,NA
365,191.26,0.715000353175202,0.384243614476653,382.52,2019_yk_425,Yukon,2019,0.71435178418243,0.383597847921705,2.7003576992501e-4,673.024686737237,796.47831377911,1311.048,0.715863473747505,493.58188000271434,NA
366,191.784,0.71162152312896,0.383025780411773,383.568,2019_yk_425,Yukon,2019,0.714407322101757,0.383752968092986,1.5512017128127e-4,673.024686737237,796.47831377911,1311.048,0.715863473747505,493.58188000271434,NA
367,192.308,0.714269008744783,0.384914739264375,384.616,2019_yk_425,Yukon,2019,0.714459478680839,0.383983205426777,2.3023733379123e-4,673.024686737237,796.47831377911,1311.048,0.715863473747505,493.58188000271434,NA
368,192.832,0.715673429427062,0.382335730441382,385.664,2019_yk_425,Yukon,2019,0.714389459593267,0.384366970764676,3.8376533789863e-4,673.024686737237,796.47831377911,1311.048,0.715863473747505,493.58188000271434,NA
369,193.356,0.712789508881789,0.379864137649891,386.712,2019_yk_425,Yukon,2019,0.714399070499379,0.384923517184652,5.5654641997599e-4,673.024686737237,796.47831377911,1311.048,0.715863473747505,493.58188000271434,NA
370,193.88,0.713104489867837,0.380617013743771,387.76,2019_yk_425,Yukon,2019,0.714411047723482,0.385486142327912,5.6262514326044e-4,673.024686737237,796.47831377911,1311.048,0.715863473747505,493.58188000271434,NA
371,194.404,0.712217083943001,0.382713329805542,388.808,2019_yk_425,Yukon,2019,0.714446874915224,0.38594875032341,4.6260799549768e-4,673.024686737237,796.47831377911,1311.048,0.715863473747505,493.58188000271434,NA
372,194.928,0.712905513175012,0.383634250068946,389.856,2019_yk_425,Yukon,2019,0.714418595767169,0.386298979749544,3.5022942613394e-4,673.024686737237,796.47831377911,1311.048,0.715863473747505,493.58188000271434,NA
373,195.452,0.715719206395845,0.385777081511057,390.904,2019_yk_425,Yukon,2019,0.714365531130773,0.38663802651011,3.3904676056567e-4,673.024686737237,796.47831377911,1311.048,0.715863473747505,493.58188000271434,NA
374,195.976,0.714277926456979,0.387036247865784,391.952,2019_yk_425,Yukon,2019,0.714363783296531,0.386981956649904,3.4393013979455e-4,673.024686737237,796.47831377911,1311.048,0.715863473747505,493.58188000271434,NA
375,196.5,0.71694928312467,0.383781256583032,393,2019_yk_425,Yukon,2019,0.714358896179203,0.387280399494239,2.9844284433477e-4,673.024686737237,796.47831377911,1311.048,0.715863473747505,493.58188000271434,NA
376,197.024,0.714898622787145,0.389276284612732,394.048,2019_yk_425,Yukon,2019,0.714405862604294,0.387603962441161,3.2356294692209e-4,673.024686737237,796.47831377911,1311.048,0.715863473747505,493.58188000271434,NA
377,197.548,0.713808120946367,0.394760244851409,395.096,2019_yk_425,Yukon,2019,0.714435533440278,0.387881388064862,2.7742562370131e-4,673.024686737237,796.47831377911,1311.048,0.715863473747505,493.58188000271434,NA
378,198.072,0.71466377177495,0.393534932460326,396.144,2019_yk_425,Yukon,2019,0.714418955588753,0.38820483864674,3.2345058187727e-4,673.024686737237,796.47831377911,1311.048,0.715863473747505,493.58188000271434,NA
379,198.596,0.714742864472375,0.398702617021295,397.192,2019_yk_425,Yukon,2019,0.714357779176154,0.3885850066829,3.8016803616081e-4,673.024686737237,796.47831377911,1311.048,0.715863473747505,493.58188000271434,NA
380,199.12,0.71342321561061794,0.399044879810183,398.24,2019_yk_425,Yukon,2019,0.71433350414136,0.388897082459201,3.1207577630071e-4,673.024686737237,796.47831377911,1311.048,0.715863473747505,493.58188000271434,NA
381,199.644,0.714396330664395,0.395567590150524,399.288,2019_yk_425,Yukon,2019,0.714337910360871,0.389050325015002,1.5324255580084e-4,673.024686737237,796.47831377911,1311.048,0.715863473747505,493.58188000271434,NA
382,200.168,0.714480767877918,0.391760195816139,400.336,2019_yk_425,Yukon,2019,0.714321128274341,0.389320564773252,2.7023975824996e-4,673.024686737237,796.47831377911,1311.048,0.715863473747505,493.58188000271434,NA
383,200.692,0.715386056094342,0.390136733600426,401.384,2019_yk_425,Yukon,2019,0.714261135483246,0.389541684795025,2.211200217726e-4,673.024686737237,796.47831377911,1311.048,0.715863473747505,493.58188000271434,NA
384,201.216,0.71409487508614,0.397206405996107,402.432,2019_yk_425,Yukon,2019,0.714264018290354,0.389737519629806,1.9583483478119e-4,673.024686737237,796.47831377911,1311.048,0.715863473747505,493.58188000271434,NA
385,201.74,0.713263428333664,0.400922160192043,403.48,2019_yk_425,Yukon,2019,0.714194492074689,0.389931986827051,1.9446719724547e-4,673.024686737237,796.47831377911,1311.048,0.715863473747505,493.58188000271434,NA
386,202.264,0.71556478101438,0.396833711353752,404.528,2019_yk_425,Yukon,2019,0.714180989980157,0.389915667283183,-1.63195438686592e-5,673.024686737237,796.47831377911,1311.048,0.715863473747505,493.58188000271434,NA
387,202.788,0.714217384009321,0.396780032468555,405.576,2019_yk_425,Yukon,2019,0.71414757109569,0.389937182732771,2.15154495884495e-5,673.024686737237,796.47831377911,1311.048,0.715863473747505,493.58188000271434,NA
388,203.312,0.714612896007596,0.395641132965828,406.624,2019_yk_425,Yukon,2019,0.714192449512779,0.390001093788612,6.3911055840582e-5,673.024686737237,796.47831377911,1311.048,0.715863473747505,493.58188000271434,NA
389,203.836,0.713985835821407,0.395563327567627,407.672,2019_yk_425,Yukon,2019,0.714203382553615,0.389965150559311,-3.59432293005058e-5,673.024686737237,796.47831377911,1311.048,0.715863473747505,493.58188000271434,NA
390,204.36,0.713276043614327,0.398184146442813,408.72,2019_yk_425,Yukon,2019,0.714177775390713,0.38990047710808,-6.46734512312896e-5,673.024686737237,796.47831377911,1311.048,0.715863473747505,493.58188000271434,NA
391,204.884,0.714365918305974,0.398051934100913,409.768,2019_yk_425,Yukon,2019,0.714173505765361,0.389815522514546,-8.49545935334151e-5,673.024686737237,796.47831377911,1311.048,0.715863473747505,493.58188000271434,NA
392,205.408,0.712352614972794,0.381712686245677,410.816,2019_yk_425,Yukon,2019,0.714128319737493,0.389713456230031,-1.0206628451553e-4,673.024686737237,796.47831377911,1311.048,0.715863473747505,493.58188000271434,NA
393,205.932,0.716010017801953,0.384535066486928,411.864,2019_yk_425,Yukon,2019,0.714227942255565,0.389549359115774,-1.6409711425641e-4,673.024686737237,796.47831377911,1311.048,0.715863473747505,493.58188000271434,NA
394,206.456,0.717359197189133,0.386007541215191,412.912,2019_yk_425,Yukon,2019,0.714247551578719,0.389436613755119,-1.1274536065525e-4,673.024686737237,796.47831377911,1311.048,0.715863473747505,493.58188000271434,NA
395,206.98,0.713615957314226,0.391685296571091,413.96,2019_yk_425,Yukon,2019,0.714221685822484,0.389266202050581,-1.7041170453796e-4,673.024686737237,796.47831377911,1311.048,0.715863473747505,493.58188000271434,NA
396,207.504,0.715447810676357,0.389017818401423,415.008,2019_yk_425,Yukon,2019,0.714295641195941,0.38920538111758,-6.08209330012488e-5,673.024686737237,796.47831377911,1311.048,0.715863473747505,493.58188000271434,NA
397,208.028,0.715200497767084,0.391791121500688,416.056,2019_yk_425,Yukon,2019,0.714301781471216,0.389096129078596,-1.092520389842e-4,673.024686737237,796.47831377911,1311.048,0.715863473747505,493.58188000271434,NA
398,208.552,0.711524123860609,0.397860607556716,417.104,2019_yk_425,Yukon,2019,0.714293146364776,0.389076668713294,-1.94603653014269e-5,673.024686737237,796.47831377911,1311.048,0.715863473747505,493.58188000271434,NA
399,209.076,0.713812313788613,0.400970533499688,418.152,2019_yk_425,Yukon,2019,0.71431612433704506,0.389050930953537,-2.57377597576158e-5,673.024686737237,796.47831377911,1311.048,0.715863473747505,493.58188000271434,NA
400,209.6,0.716012910762867,0.403421144273631,419.2,2019_yk_425,Yukon,2019,0.71434504316563,0.388961780541169,-8.91504123677334e-5,673.024686737237,796.47831377911,1311.048,0.715863473747505,493.58188000271434,NA
401,210.124,0.716147265334445,0.403249206260293,420.248,2019_yk_425,Yukon,2019,0.714376083716683,0.388901982700855,-5.97978403137911e-5,673.024686737237,796.47831377911,1311.048,0.715863473747505,493.58188000271434,NA
402,210.648,0.714695761936536,0.398009572385031,421.296,2019_yk_425,Yukon,2019,0.714377212147918,0.3888119252551,-9.00574457547987e-5,673.024686737237,796.47831377911,1311.048,0.715863473747505,493.58188000271434,NA
403,211.172,0.712931989093742,0.394776147851602,422.344,2019_yk_425,Yukon,2019,0.714375145504377,0.388663252649048,-1.4867260605222e-4,673.024686737237,796.47831377911,1311.048,0.715863473747505,493.58188000271434,NA
404,211.696,0.714120718252556,0.395890280705076,423.392,2019_yk_425,Yukon,2019,0.714374412217682,0.38851569667411,-1.4755597493787e-4,673.024686737237,796.47831377911,1311.048,0.715863473747505,493.58188000271434,NA
405,212.22,0.713815960204362,0.390462042382164,424.44,2019_yk_425,Yukon,2019,0.714344259054931,0.388482213033742,-3.34836403682037e-5,673.024686737237,796.47831377911,1311.048,0.715863473747505,493.58188000271434,NA
406,212.744,0.714718502641285,0.3906783029381,425.488,2019_yk_425,Yukon,2019,0.714296079668273,0.388296444727877,-1.8576830586514e-4,673.024686737237,796.47831377911,1311.048,0.715863473747505,493.58188000271434,NA
407,213.268,0.714092425447449,0.386510183367931,426.536,2019_yk_425,Yukon,2019,0.714294587499144,0.387999465101936,-2.9697962594121e-4,673.024686737237,796.47831377911,1311.048,0.715863473747505,493.58188000271434,NA
408,213.792,0.715028393496306,0.3876976255594,427.584,2019_yk_425,Yukon,2019,0.714332214262246,0.387744513721881,-2.5495138005493e-4,673.024686737237,796.47831377911,1311.048,0.715863473747505,493.58188000271434,NA
409,214.316,0.711690591761435,0.390479613856125,428.632,2019_yk_425,Yukon,2019,0.714327311272325,0.387441663110616,-3.0285061126489e-4,673.024686737237,796.47831377911,1311.048,0.715863473747505,493.58188000271434,NA
410,214.84,0.712604259706284,0.392675667031849,429.68,2019_yk_425,Yukon,2019,0.714340636431971,0.387054315010556,-3.8734810005991e-4,673.024686737237,796.47831377911,1311.048,0.715863473747505,493.58188000271434,NA
411,215.364,0.713346121823342,0.388904314857617,430.728,2019_yk_425,Yukon,2019,0.714329202945358,0.386833463989729,-2.2085102082686e-4,673.024686737237,796.47831377911,1311.048,0.715863473747505,493.58188000271434,NA
412,215.888,0.716085368419232,0.394110958969669,431.776,2019_yk_425,Yukon,2019,0.714385516690705,0.386592337502874,-2.4112648685487e-4,673.024686737237,796.47831377911,1311.048,0.715863473747505,493.58188000271434,NA
413,216.412,0.713111680251404,0.388691206562752,432.824,2019_yk_425,Yukon,2019,0.714373230378186,0.386361757112033,-2.3058039084167e-4,673.024686737237,796.47831377911,1311.048,0.715863473747505,493.58188000271434,NA
414,216.936,0.713406967419122,0.383813204639567,433.872,2019_yk_425,Yukon,2019,0.714377735858683,0.386164441252304,-1.9731585972859e-4,673.024686737237,796.47831377911,1311.048,0.715863473747505,493.58188000271434,NA
415,217.46,0.711743047961754,0.383773340383477,434.92,2019_yk_425,Yukon,2019,0.714349483158735,0.385935684338094,-2.2875691420964e-4,673.024686737237,796.47831377911,1311.048,0.715863473747505,493.58188000271434,NA
416,217.984,0.711924954783389,0.378102567387314,435.968,2019_yk_425,Yukon,2019,0.714336338443528,0.385725326993952,-2.1035734414237e-4,673.024686737237,796.47831377911,1311.048,0.715863473747505,493.58188000271434,NA
417,218.508,0.716544239781801,0.380737138449736,437.016,2019_yk_425,Yukon,2019,0.714312987437404,0.385521484311066,-2.0384268288603e-4,673.024686737237,796.47831377911,1311.048,0.715863473747505,493.58188000271434,NA
418,219.032,0.713858461178753,0.384927453624739,438.064,2019_yk_425,Yukon,2019,0.714282812746141,0.385312052534049,-2.0943177701654e-4,673.024686737237,796.47831377911,1311.048,0.715863473747505,493.58188000271434,NA
419,219.556,0.716077529953621,0.378991203754685,439.112,2019_yk_425,Yukon,2019,0.714325531481028,0.385079877374527,-2.3217515952228e-4,673.024686737237,796.47831377911,1311.048,0.715863473747505,493.58188000271434,NA
420,220.08,0.713435919972393,0.379381884827811,440.16,2019_yk_425,Yukon,2019,0.714352698966518,0.384767837090323,-3.120402842045e-4,673.024686737237,796.47831377911,1311.048,0.715863473747505,493.58188000271434,NA
421,220.604,0.716679782764856,0.381026784959421,441.208,2019_yk_425,Yukon,2019,0.714351969766595,0.384438255322571,-3.2958176775149e-4,673.024686737237,796.47831377911,1311.048,0.715863473747505,493.58188000271434,NA
422,221.128,0.712462968492969,0.381865099962415,442.256,2019_yk_425,Yukon,2019,0.714377503102796,0.384388361761258,-4.98935613133522e-5,673.024686737237,796.47831377911,1311.048,0.715863473747505,493.58188000271434,NA
423,221.652,0.71648526902312,0.375633561297956,443.304,2019_yk_425,Yukon,2019,0.714353733359789,0.384284747000198,-1.0361476105924e-4,673.024686737237,796.47831377911,1311.048,0.715863473747505,493.58188000271434,NA
424,222.176,0.71480123214731806,0.378898136308487,444.352,2019_yk_425,Yukon,2019,0.714255384649046,0.384133955470633,-1.507915295657e-4,673.024686737237,796.47831377911,1311.048,0.715863473747505,493.58188000271434,NA
425,222.7,0.713448407801131,0.374018912204379,445.4,2019_yk_425,Yukon,2019,0.714258226832672,0.383965821527996,-1.6813394263687e-4,673.024686737237,796.47831377911,1311.048,0.715863473747505,493.58188000271434,NA
426,223.224,0.716058845536358,0.379376524431698,446.448,2019_yk_425,Yukon,2019,0.714235079245641,0.383846223794554,-1.1959773344189e-4,673.024686737237,796.47831377911,1311.048,0.715863473747505,493.58188000271434,NA
427,223.748,0.714637425261288,0.378359616925322,447.496,2019_yk_425,Yukon,2019,0.71421436800195,0.383699729803262,-1.4649399129185e-4,673.024686737237,796.47831377911,1311.048,0.715863473747505,493.58188000271434,NA
428,224.272,0.715155323040662,0.381168108523297,448.544,2019_yk_425,Yukon,2019,0.714283876324025,0.383469616881527,-2.3011292173513e-4,673.024686737237,796.47831377911,1311.048,0.715863473747505,493.58188000271434,NA
429,224.796,0.714168187217925,0.378319872064436,449.592,2019_yk_425,Yukon,2019,0.714288481663312,0.383148027161869,-3.2158971965823e-4,673.024686737237,796.47831377911,1311.048,0.715863473747505,493.58188000271434,NA
430,225.32,0.71483961958297,0.375267989001707,450.64,2019_yk_425,Yukon,2019,0.714248540430587,0.382827722599656,-3.203045622126e-4,673.024686737237,796.47831377911,1311.048,0.715863473747505,493.58188000271434,NA
431,225.844,0.714079517006162,0.379125459386713,451.688,2019_yk_425,Yukon,2019,0.714193935456942,0.382507950520016,-3.1977207964056e-4,673.024686737237,796.47831377911,1311.048,0.715863473747505,493.58188000271434,NA
432,226.368,0.712973219049092,0.378230803323659,452.736,2019_yk_425,Yukon,2019,0.714132700546826,0.382230781315389,-2.77169204627e-4,673.024686737237,796.47831377911,1311.048,0.715863473747505,493.58188000271434,NA
433,226.892,0.715595207783416,0.376856725147924,453.784,2019_yk_425,Yukon,2019,0.714138041544602,0.381908442751919,-3.2233856346919e-4,673.024686737237,796.47831377911,1311.048,0.715863473747505,493.58188000271434,NA
434,227.416,0.714233929255289,0.378182889369514,454.832,2019_yk_425,Yukon,2019,0.714120049942481,0.381589964078262,-3.1847867365786e-4,673.024686737237,796.47831377911,1311.048,0.715863473747505,493.58188000271434,NA
435,227.94,0.71514009335958,0.381772238160939,455.88,2019_yk_425,Yukon,2019,0.71409720148068,0.381357424182255,-2.3253989600674e-4,673.024686737237,796.47831377911,1311.048,0.715863473747505,493.58188000271434,NA
436,228.464,0.712007859587683,0.378130186260823,456.928,2019_yk_425,Yukon,2019,0.714094811316129,0.381092200439067,-2.6522374318754e-4,673.024686737237,796.47831377911,1311.048,0.715863473747505,493.58188000271434,NA
437,228.988,0.713718590798635,0.376941467294939,457.976,2019_yk_425,Yukon,2019,0.71409913534579,0.380870580328681,-2.2162011038662e-4,673.024686737237,796.47831377911,1311.048,0.715863473747505,493.58188000271434,NA
438,229.512,0.716921377561067,0.37823784965703,459.024,2019_yk_425,Yukon,2019,0.714072624160047,0.380763226720145,-1.0735360853608e-4,673.024686737237,796.47831377911,1311.048,0.715863473747505,493.58188000271434,NA
439,230.036,0.714448685077073,0.3805315803454,460.072,2019_yk_425,Yukon,2019,0.714089561558342,0.380551180195489,-2.1204652465534e-4,673.024686737237,796.47831377911,1311.048,0.715863473747505,493.58188000271434,NA
440,230.56,0.714222725189402,0.375803993806587,461.12,2019_yk_425,Yukon,2019,0.714066674451189,0.380328150154195,-2.2303004129453e-4,673.024686737237,796.47831377911,1311.048,0.715863473747505,493.58188000271434,NA
441,231.084,0.713710321467599,0.382316528900912,462.168,2019_yk_425,Yukon,2019,0.714063281848438,0.380143325942552,-1.8482421164245e-4,673.024686737237,796.47831377911,1311.048,0.715863473747505,493.58188000271434,NA
442,231.608,0.717859592598778,0.377292606604848,463.216,2019_yk_425,Yukon,2019,0.71404632311015,0.379867611158064,-2.7571478448817e-4,673.024686737237,796.47831377911,1311.048,0.715863473747505,493.58188000271434,NA
443,232.132,0.714648877343189,0.376301910149926,464.264,2019_yk_425,Yukon,2019,0.714024572251379,0.379622590023526,-2.4502113453789e-4,673.024686737237,796.47831377911,1311.048,0.715863473747505,493.58188000271434,NA
444,232.656,0.714365203915925,0.38536745441239,465.312,2019_yk_425,Yukon,2019,0.714044693654509,0.379382483411272,-2.4010661225432e-4,673.024686737237,796.47831377911,1311.048,0.715863473747505,493.58188000271434,NA
445,233.18,0.71156826633677694,0.387196745339464,466.36,2019_yk_425,Yukon,2019,0.714061931905222,0.379160875596991,-2.2160781428054e-4,673.024686737237,796.47831377911,1311.048,0.715863473747505,493.58188000271434,NA
446,233.704,0.714776098102004,0.384212270705209,467.408,2019_yk_425,Yukon,2019,0.714096898100185,0.379015660941235,-1.4521465575601e-4,673.024686737237,796.47831377911,1311.048,0.715863473747505,493.58188000271434,NA
447,234.228,0.712816323641861,0.384549471495393,468.456,2019_yk_425,Yukon,2019,0.714060937595752,0.378850369165975,-1.6529177526042e-4,673.024686737237,796.47831377911,1311.048,0.715863473747505,493.58188000271434,NA
448,234.752,0.712802414531851,0.383075226344835,469.504,2019_yk_425,Yukon,2019,0.714010760389811,0.378663459866617,-1.8690929935777e-4,673.024686737237,796.47831377911,1311.048,0.715863473747505,493.58188000271434,NA
449,235.276,0.716548959914612,0.381632817996288,470.552,2019_yk_425,Yukon,2019,0.714001574059879,0.378653685122266,-9.77474435120973e-6,673.024686737237,796.47831377911,1311.048,0.715863473747505,493.58188000271434,NA
450,235.8,0.71490609274368,0.379461729390542,471.6,2019_yk_425,Yukon,2019,0.714024161462592,0.378638526634625,-1.51584876403876e-5,673.024686737237,796.47831377911,1311.048,0.715863473747505,493.58188000271434,NA
451,236.324,0.714322166310612,0.378277028035822,472.648,2019_yk_425,Yukon,2019,0.713931799642343,0.378473194230288,-1.6533240433735e-4,673.024686737237,796.47831377911,1311.048,0.715863473747505,493.58188000271434,NA
452,236.848,0.713884615144884,0.378719072566875,473.696,2019_yk_425,Yukon,2019,0.713936043373431,0.378310324755696,-1.6286947459209e-4,673.024686737237,796.47831377911,1311.048,0.715863473747505,493.58188000271434,NA
453,237.372,0.714583833221491,0.378318180823371,474.744,2019_yk_425,Yukon,2019,0.713872530006581,0.378269986364972,-4.03383907242594e-5,673.024686737237,796.47831377911,1311.048,0.715863473747505,493.58188000271434,NA
454,237.896,0.711458274544574,0.376960049441249,475.792,2019_yk_425,Yukon,2019,0.713892567456711,0.378064610987627,-2.0537537734488e-4,673.024686737237,796.47831377911,1311.048,0.715863473747505,493.58188000271434,NA
455,238.42,0.713786488331786,0.381597260012879,476.84,2019_yk_425,Yukon,2019,0.713894647677838,0.378001368453746,-6.32425338804032e-5,673.024686737237,796.47831377911,1311.048,0.715863473747505,493.58188000271434,NA
456,238.944,0.714058955454515,0.381841954394909,477.888,2019_yk_425,Yukon,2019,0.713843639273551,0.377824149630977,-1.7721882276966e-4,673.024686737237,796.47831377911,1311.048,0.715863473747505,493.58188000271434,NA
457,239.468,0.713957823145618,0.383001482023177,478.936,2019_yk_425,Yukon,2019,0.713774954506802,0.377737402489942,-8.67471410350706e-5,673.024686737237,796.47831377911,1311.048,0.715863473747505,493.58188000271434,NA
458,239.992,0.71569462318512,0.384053832252607,479.984,2019_yk_425,Yukon,2019,0.713751574106885,0.37753037075737,-2.0703173257141e-4,673.024686737237,796.47831377911,1311.048,0.715863473747505,493.58188000271434,NA
459,240.516,0.714088634145831,0.381675150320197,481.032,2019_yk_425,Yukon,2019,0.713716020442962,0.377416262896368,-1.1410786100185e-4,673.024686737237,796.47831377911,1311.048,0.715863473747505,493.58188000271434,NA
460,241.04,0.71361643679933,0.384202870540872,482.08,2019_yk_425,Yukon,2019,0.713734457918755,0.377347224277947,-6.90386184212244e-5,673.024686737237,796.47831377911,1311.048,0.715863473747505,493.58188000271434,NA
461,241.564,0.712870966915756,0.38406288148186,483.128,2019_yk_425,Yukon,2019,0.713718740314997,0.377186074704467,-1.611495734804e-4,673.024686737237,796.47831377911,1311.048,0.715863473747505,493.58188000271434,NA
462,242.088,0.711021667329585,0.381379420107414,484.176,2019_yk_425,Yukon,2019,0.713703926009919,0.37694950989924503,-2.3656480522144e-4,673.024686737237,796.47831377911,1311.048,0.715863473747505,493.58188000271434,NA
463,242.612,0.713252448960311,0.375435834043448,485.224,2019_yk_425,Yukon,2019,0.713681599025787,0.376710539335976,-2.3897056326921e-4,673.024686737237,796.47831377911,1311.048,0.715863473747505,493.58188000271434,NA
464,243.136,0.713041222125262,0.376781560285605,486.272,2019_yk_425,Yukon,2019,0.713705814494473,0.376503820048659,-2.0671928731724e-4,673.024686737237,796.47831377911,1311.048,0.715863473747505,493.58188000271434,NA
465,243.66,0.712445052496305,0.376509648621759,487.32,2019_yk_425,Yukon,2019,0.713637111845341,0.376266641781705,-2.371782669544e-4,673.024686737237,796.47831377911,1311.048,0.715863473747505,493.58188000271434,NA
466,244.184,0.714575092768225,0.374764878346849,488.368,2019_yk_425,Yukon,2019,0.713671901577197,0.376119086536696,-1.4755524500836e-4,673.024686737237,796.47831377911,1311.048,0.715863473747505,493.58188000271434,NA
467,244.708,0.714351867227139,0.373212976744732,489.416,2019_yk_425,Yukon,2019,0.713713734550951,0.376013070948366,-1.0601558833062e-4,673.024686737237,796.47831377911,1311.048,0.715863473747505,493.58188000271434,NA
468,245.232,0.713437722351699,0.381256409047235,490.464,2019_yk_425,Yukon,2019,0.7136638820236,0.375818490024571,-1.9458092379443e-4,673.024686737237,796.47831377911,1311.048,0.715863473747505,493.58188000271434,NA
469,245.756,0.71270683565913,0.377756822376806,491.512,2019_yk_425,Yukon,2019,0.713639763144842,0.375589728219769,-2.2876180480185e-4,673.024686737237,796.47831377911,1311.048,0.715863473747505,493.58188000271434,NA
470,246.28,0.711231033277147,0.379293864554179,492.56,2019_yk_425,Yukon,2019,0.713627387064751,0.37540003440335,-1.8969381641875e-4,673.024686737237,796.47831377911,1311.048,0.715863473747505,493.58188000271434,NA
471,246.804,0.713142565658237,0.377814862159067,493.608,2019_yk_425,Yukon,2019,0.713659212716357,0.375108028280037,-2.9200612331314e-4,673.024686737237,796.47831377911,1311.048,0.715863473747505,493.58188000271434,Core
472,247.328,0.715067844121975,0.377568071900381,494.656,2019_yk_425,Yukon,2019,0.713605940542405,0.374956978994816,-1.5104928522108e-4,673.024686737237,796.47831377911,1311.048,0.715863473747505,493.58188000271434,Core
473,247.852,0.711806628725158,0.373989938490474,495.704,2019_yk_425,Yukon,2019,0.713643260775264,0.374753982552055,-2.029964427615e-4,673.024686737237,796.47831377911,1311.048,0.715863473747505,493.58188000271434,Core
474,248.376,0.714614251606931,0.369406807904311,496.752,2019_yk_425,Yukon,2019,0.713666251901094,0.374413039580527,-3.4094297152748e-4,673.024686737237,796.47831377911,1311.048,0.715863473747505,493.58188000271434,Core
475,248.9,0.712777343004546,0.370476871526643,497.8,2019_yk_425,Yukon,2019,0.713738966884327,0.374026178227031,-3.8686135349608e-4,673.024686737237,796.47831377911,1311.048,0.715863473747505,493.58188000271434,Core
476,249.424,0.714022926481155,0.369389688041954,498.848,2019_yk_425,Yukon,2019,0.713782070799167,0.373682164715953,-3.4401351107793e-4,673.024686737237,796.47831377911,1311.048,0.715863473747505,493.58188000271434,Core
477,249.948,0.714386609515785,0.37081963193411,499.896,2019_yk_425,Yukon,2019,0.71383713914493,0.373285526013301,-3.9663870265205e-4,673.024686737237,796.47831377911,1311.048,0.715863473747505,493.58188000271434,Core
478,250.472,0.710847828822324,0.373712895663274,500.944,2019_yk_425,Yukon,2019,0.713834933587637,0.372820838014923,-4.6468799837784e-4,673.024686737237,796.47831377911,1311.048,0.715863473747505,493.58188000271434,Core
479,250.996,0.715526350157692,0.378404719093616,501.992,2019_yk_425,Yukon,2019,0.71379660079087,0.372495105939425,-3.2573207549824e-4,673.024686737237,796.47831377911,1311.048,0.715863473747505,493.58188000271434,Core
480,251.52,0.714791164135171,0.378472375569386,503.04,2019_yk_425,Yukon,2019,0.713818176411374,0.372006950245655,-4.8815569376997e-4,673.024686737237,796.47831377911,1311.048,0.715863473747505,493.58188000271434,Core
481,252.044,0.711138073549918,0.371106840699178,504.088,2019_yk_425,Yukon,2019,0.713844909603338,0.371493270844327,-5.1367940132846e-4,673.024686737237,796.47831377911,1311.048,0.715863473747505,493.58188000271434,Core
482,252.568,0.712717592358235,0.372092931486889,505.136,2019_yk_425,Yukon,2019,0.713849079354635,0.370859654020649,-6.3361682367785e-4,673.024686737237,796.47831377911,1311.048,0.715863473747505,493.58188000271434,Core
483,253.092,0.71267446701215,0.373213257854502,506.184,2019_yk_425,Yukon,2019,0.713802644180646,0.370393531252521,-4.6612276812813e-4,673.024686737237,796.47831377911,1311.048,0.715863473747505,493.58188000271434,Core
484,253.616,0.71600347915509,0.366575613667791,507.232,2019_yk_425,Yukon,2019,0.713797598330242,0.37007359171157,-3.1993954095055e-4,673.024686737237,796.47831377911,1311.048,0.715863473747505,493.58188000271434,Core
485,254.14,0.713573221068739,0.370224360171553,508.28,2019_yk_425,Yukon,2019,0.713856010643304,0.369748610832842,-3.2498087872823e-4,673.024686737237,796.47831377911,1311.048,0.715863473747505,493.58188000271434,Core
486,254.664,0.712998341279146,0.368743395065521,509.328,2019_yk_425,Yukon,2019,0.713894415213897,0.369371885409099,-3.7672542374306e-4,673.024686737237,796.47831377911,1311.048,0.715863473747505,493.58188000271434,Core
487,255.188,0.710516339256383,0.373154788463217,510.376,2019_yk_425,Yukon,2019,0.713880523449728,0.369004952237262,-3.6693317183722e-4,673.024686737237,796.47831377911,1311.048,0.715863473747505,493.58188000271434,Core
488,255.712,0.713752499045602,0.368746204569011,511.424,2019_yk_425,Yukon,2019,0.713871082229403,0.368663448621356,-3.4150361590568e-4,673.024686737237,796.47831377911,1311.048,0.715863473747505,493.58188000271434,Core
489,256.236,0.712034967382549,0.371473400404323,512.472,2019_yk_425,Yukon,2019,0.713918823796492,0.368372098837344,-2.9134978401163e-4,673.024686737237,796.47831377911,1311.048,0.715863473747505,493.58188000271434,Core
490,256.76,0.715945868130556,0.371125671896432,513.52,2019_yk_425,Yukon,2019,0.71396623683054,0.367975624604008,-3.9647423333599e-4,673.024686737237,796.47831377911,1311.048,0.715863473747505,493.58188000271434,Core
491,257.284,0.713136460780699,0.36945648497789,514.568,2019_yk_425,Yukon,2019,0.714003584928637,0.367537225411379,-4.3839919262905e-4,673.024686737237,796.47831377911,1311.048,0.715863473747505,493.58188000271434,Core
492,257.808,0.712084360744394,0.364036915010372,515.616,2019_yk_425,Yukon,2019,0.714018928229735,0.367207841363829,-3.2938404755056e-4,673.024686737237,796.47831377911,1311.048,0.715863473747505,493.58188000271434,Core
493,258.332,0.714255588735515,0.362518491351772,516.664,2019_yk_425,Yukon,2019,0.714052796102765,0.366891246479538,-3.1659488429052e-4,673.024686737237,796.47831377911,1311.048,0.715863473747505,493.58188000271434,Core
494,258.856,0.715686857376456,0.365779732130479,517.712,2019_yk_425,Yukon,2019,0.71406830062106,0.366566136068781,-3.2511041075716e-4,673.024686737237,796.47831377911,1311.048,0.715863473747505,493.58188000271434,Core
495,259.38,0.711017934411638,0.367541542143673,518.76,2019_yk_425,Yukon,2019,0.714112864014742,0.366197734139365,-3.6840192941628e-4,673.024686737237,796.47831377911,1311.048,0.715863473747505,493.58188000271434,Core
496,259.904,0.714095243499054,0.369276871560323,519.808,2019_yk_425,Yukon,2019,0.714137174573759,0.365817352738837,-3.803814005277e-4,673.024686737237,796.47831377911,1311.048,0.715863473747505,493.58188000271434,Core
497,260.428,0.716228569223866,0.370580531995101,520.856,2019_yk_425,Yukon,2019,0.714130585034679,0.365510431800241,-3.0692093859596e-4,673.024686737237,796.47831377911,1311.048,0.715863473747505,493.58188000271434,Core
498,260.952,0.71393022592002,0.366562994229367,521.904,2019_yk_425,Yukon,2019,0.714137705538542,0.364978133529724,-5.3229827051704e-4,673.024686737237,796.47831377911,1311.048,0.715863473747505,493.58188000271434,Core
499,261.476,0.713001552351565,0.366805872057286,522.952,2019_yk_425,Yukon,2019,0.714200205117167,0.364481669671772,-4.9646385795226e-4,673.024686737237,796.47831377911,1311.048,0.715863473747505,493.58188000271434,Core
500,262,0.71348016038398,0.364422364821462,524,2019_yk_425,Yukon,2019,0.714170910161631,0.363918155889109,-5.6351378266289e-4,673.024686737237,796.47831377911,1311.048,0.715863473747505,493.58188000271434,Core
501,262.524,0.71561986056394,0.364796161502125,525.048,2019_yk_425,Yukon,2019,0.714172070892054,0.363395104233525,-5.2305165558413e-4,673.024686737237,796.47831377911,1311.048,0.715863473747505,493.58188000271434,Core
502,263.048,0.714663262161668,0.368229649491585,526.096,2019_yk_425,Yukon,2019,0.714192571675222,0.362879848237386,-5.1525599613894e-4,673.024686737237,796.47831377911,1311.048,0.715863473747505,493.58188000271434,Core
503,263.572,0.716888091314757,0.364122123584234,527.144,2019_yk_425,Yukon,2019,0.71423884631921,0.362380537607063,-4.993106303226e-4,673.024686737237,796.47831377911,1311.048,0.715863473747505,493.58188000271434,Core
504,264.096,0.715744671465728,0.364910876120744,528.192,2019_yk_425,Yukon,2019,0.714255324409326,0.362096892327896,-2.8364527916702e-4,673.024686737237,796.47831377911,1311.048,0.715863473747505,493.58188000271434,Core
505,264.62,0.715931165330718,0.363985064129699,529.24,2019_yk_425,Yukon,2019,0.714324128707998,0.36177045638846,-3.2643593943587e-4,673.024686737237,796.47831377911,1311.048,0.715863473747505,493.58188000271434,Core
506,265.144,0.717362332992406,0.363571460040533,530.288,2019_yk_425,Yukon,2019,0.714338623528538,0.36141973917792,-3.5071721053986e-4,673.024686737237,796.47831377911,1311.048,0.715863473747505,493.58188000271434,Core
507,265.668,0.716120424387633,0.36075114933627,531.336,2019_yk_425,Yukon,2019,0.714335294939111,0.361100540798892,-3.1919837902838e-4,673.024686737237,796.47831377911,1311.048,0.715863473747505,493.58188000271434,Core
508,266.192,0.712670081094283,0.355193946442168,532.384,2019_yk_425,Yukon,2019,0.714370337252551,0.360699340539541,-4.0120025935097e-4,673.024686737237,796.47831377911,1311.048,0.715863473747505,493.58188000271434,Core
509,266.716,0.714248992108586,0.362088893466394,533.432,2019_yk_425,Yukon,2019,0.714270739683843,0.360174018211818,-5.2532232772317e-4,673.024686737237,796.47831377911,1311.048,0.715863473747505,493.58188000271434,Core
510,267.24,0.716200629973952,0.350172387764342,534.48,2019_yk_425,Yukon,2019,0.714310017301171,0.3595836969464,-5.903212654178e-4,673.024686737237,796.47831377911,1311.048,0.715863473747505,493.58188000271434,Core
511,267.764,0.71592615782843,0.347456263956115,535.528,2019_yk_425,Yukon,2019,0.714384951072548,0.359152763390385,-4.3093355601547e-4,673.024686737237,796.47831377911,1311.048,0.715863473747505,493.58188000271434,Core
512,268.288,0.71413480022268,0.340702063146203,536.576,2019_yk_425,Yukon,2019,0.71441624502578,0.358752325623029,-4.0043776735526e-4,673.024686737237,796.47831377911,1311.048,0.715863473747505,493.58188000271434,Core
513,268.812,0.711797722782202,0.350350814735683,537.624,2019_yk_425,Yukon,2019,0.714444903801523,0.358379313136231,-3.7301248679871e-4,673.024686737237,796.47831377911,1311.048,0.715863473747505,493.58188000271434,Core
514,269.336,0.711155523520313,0.357763676984218,538.672,2019_yk_425,Yukon,2019,0.714409321576103,0.358089721578284,-2.8959155794661e-4,673.024686737237,796.47831377911,1311.048,0.715863473747505,493.58188000271434,Core
515,269.86,0.717291227115515,0.362098407289184,539.72,2019_yk_425,Yukon,2019,0.714450221313334,0.357766296618133,-3.2342496015097e-4,673.024686737237,796.47831377911,1311.048,0.715863473747505,493.58188000271434,Core
516,270.384,0.716363229690087,0.359238428970323,540.768,2019_yk_425,Yukon,2019,0.714481216037766,0.357443681525891,-3.2261509224162e-4,673.024686737237,796.47831377911,1311.048,0.715863473747505,493.58188000271434,Core
517,270.908,0.713124317295452,0.360985491712944,541.816,2019_yk_425,Yukon,2019,0.714542094405643,0.357049865025334,-3.9381650055725e-4,673.024686737237,796.47831377911,1311.048,0.715863473747505,493.58188000271434,Core
518,271.432,0.715128149965671,0.363563615298268,542.864,2019_yk_425,Yukon,2019,0.714536557033735,0.356693985044413,-3.5587998092145e-4,673.024686737237,796.47831377911,1311.048,0.715863473747505,493.58188000271434,Core
519,271.956,0.716953128171135,0.364194163279499,543.912,2019_yk_425,Yukon,2019,0.714549703797189,0.356363430687749,-3.3055435666401e-4,673.024686737237,796.47831377911,1311.048,0.715863473747505,493.58188000271434,Core
520,272.48,0.716461218842253,0.360414416540713,544.96,2019_yk_425,Yukon,2019,0.714530136801833,0.356007784623202,-3.5564606454635e-4,673.024686737237,796.47831377911,1311.048,0.715863473747505,493.58188000271434,Core
521,273.004,0.715111852801573,0.357758929924116,546.008,2019_yk_425,Yukon,2019,0.714528157883705,0.355652934230227,-3.54850392975e-4,673.024686737237,796.47831377911,1311.048,0.715863473747505,493.58188000271434,Core
522,273.528,0.711942265395461,0.361616377254377,547.056,2019_yk_425,Yukon,2019,0.714576999250408,0.355310333560819,-3.4260066940794e-4,673.024686737237,796.47831377911,1311.048,0.715863473747505,493.58188000271434,Core
523,274.052,0.715284521342071,0.356440140986019,548.104,2019_yk_425,Yukon,2019,0.714544192543635,0.354935969463503,-3.7436409731594e-4,673.024686737237,796.47831377911,1311.048,0.715863473747505,493.58188000271434,Core
524,274.576,0.713971493222998,0.357274935640176,549.152,2019_yk_425,Yukon,2019,0.714541665171269,0.354519377052594,-4.1659241090968e-4,673.024686737237,796.47831377911,1311.048,0.715863473747505,493.58188000271434,Core
525,275.1,0.71511885611719,0.35440553285678,550.2,2019_yk_425,Yukon,2019,0.714643245307246,0.3540350801107,-4.8429694189328e-4,673.024686737237,796.47831377911,1311.048,0.715863473747505,493.58188000271434,Core
526,275.624,0.716033726309258,0.351941994315187,551.248,2019_yk_425,Yukon,2019,0.714659744796787,0.353627982808385,-4.0709730231552e-4,673.024686737237,796.47831377911,1311.048,0.715863473747505,493.58188000271434,Core
527,276.148,0.71395649488236,0.354797720428973,552.296,2019_yk_425,Yukon,2019,0.714617223978006,0.353215449249725,-4.1253355865966e-4,673.024686737237,796.47831377911,1311.048,0.715863473747505,493.58188000271434,Core
528,276.672,0.713864952583477,0.349318512816213,553.344,2019_yk_425,Yukon,2019,0.714623986840495,0.352842907365361,-3.7254188436453e-4,673.024686737237,796.47831377911,1311.048,0.715863473747505,493.58188000271434,Core
529,277.196,0.716456810376616,0.34796899089967,554.392,2019_yk_425,Yukon,2019,0.714605848733343,0.352414512771618,-4.2839459374316e-4,673.024686737237,796.47831377911,1311.048,0.715863473747505,493.58188000271434,Core
530,277.72,0.70947333594501,0.345483037594405,555.44,2019_yk_425,Yukon,2019,0.714627884920846,0.352136459489932,-2.7805328168567e-4,673.024686737237,796.47831377911,1311.048,0.715863473747505,493.58188000271434,Core
531,278.244,0.713212209483579,0.34643176282402,556.488,2019_yk_425,Yukon,2019,0.714611688398311,0.351804151878173,-3.3230761175862e-4,673.024686737237,796.47831377911,1311.048,0.715863473747505,493.58188000271434,Core
532,278.768,0.716297891112051,0.346652712132045,557.536,2019_yk_425,Yukon,2019,0.714596931618592,0.351401619228306,-4.0253264986694e-4,673.024686737237,796.47831377911,1311.048,0.715863473747505,493.58188000271434,Core
533,279.292,0.714583107364483,0.34403130067112,558.584,2019_yk_425,Yukon,2019,0.714587430863006,0.351147724780589,-2.5389444771689e-4,673.024686737237,796.47831377911,1311.048,0.715863473747505,493.58188000271434,Core
534,279.816,0.71560293701384,0.352388091154287,559.632,2019_yk_425,Yukon,2019,0.714535726559815,0.350976698673404,-1.7102610718539e-4,673.024686737237,796.47831377911,1311.048,0.715863473747505,493.58188000271434,Core
535,280.34,0.716905600924869,0.350890715160491,560.68,2019_yk_425,Yukon,2019,0.714523127466431,0.35071086329113,-2.6583538227387e-4,673.024686737237,796.47831377911,1311.048,0.715863473747505,493.58188000271434,Core
536,280.864,0.714892615713554,0.348346655409563,561.728,2019_yk_425,Yukon,2019,0.714443884644334,0.350386425489251,-3.2443780187868e-4,673.024686737237,796.47831377911,1311.048,0.715863473747505,493.58188000271434,Core
537,281.388,0.714186894150179,0.351667729192406,562.776,2019_yk_425,Yukon,2019,0.714458762170107,0.350225571210626,-1.6085427862533e-4,673.024686737237,796.47831377911,1311.048,0.715863473747505,493.58188000271434,Core
538,281.912,0.712950367628739,0.349640880102218,563.824,2019_yk_425,Yukon,2019,0.714468222611521,0.350082999579207,-1.4257163141889e-4,673.024686737237,796.47831377911,1311.048,0.715863473747505,493.58188000271434,Core
539,282.436,0.709550496035227,0.346885379430226,564.872,2019_yk_425,Yukon,2019,0.714475633282163,0.349799181520672,-2.8381805853539e-4,673.024686737237,796.47831377911,1311.048,0.715863473747505,493.58188000271434,Core
540,282.96,0.717147821174814,0.343053099644318,565.92,2019_yk_425,Yukon,2019,0.714467334130157,0.349680721001088,-1.1846051958397e-4,673.024686737237,796.47831377911,1311.048,0.715863473747505,493.58188000271434,Core
541,283.484,0.715634099832548,0.345250827338249,566.968,2019_yk_425,Yukon,2019,0.714444788459449,0.349576434257539,-1.0428674354884e-4,673.024686737237,796.47831377911,1311.048,0.715863473747505,493.58188000271434,Core
542,284.008,0.714595229552194,0.348066665445574,568.016,2019_yk_425,Yukon,2019,0.714495013815782,0.349653646655614,7.72123980745665e-5,673.024686737237,796.47831377911,1311.048,0.715863473747505,493.58188000271434,Core
543,284.532,0.714393993556709,0.350832508646576,569.064,2019_yk_425,Yukon,2019,0.714540788009199,0.349405576771562,-2.480698840519e-4,673.024686737237,796.47831377911,1311.048,0.715863473747505,493.58188000271434,Core
544,285.056,0.713868545629888,0.349200120190997,570.112,2019_yk_425,Yukon,2019,0.714603070129984,0.349044077725661,-3.6149904590021e-4,673.024686737237,796.47831377911,1311.048,0.715863473747505,493.58188000271434,Core
545,285.58,0.716027205302619,0.350818862562493,571.16,2019_yk_425,Yukon,2019,0.71456474994373,0.348530327104397,-5.137506212649e-4,673.024686737237,796.47831377911,1311.048,0.715863473747505,493.58188000271434,Core
546,286.104,0.714858024745058,0.349386489531023,572.208,2019_yk_425,Yukon,2019,0.714561325164355,0.348165568587906,-3.6475851649076e-4,673.024686737237,796.47831377911,1311.048,0.715863473747505,493.58188000271434,Core
547,286.628,0.714169041328964,0.349525798429783,573.256,2019_yk_425,Yukon,2019,0.714590131597229,0.347726832373449,-4.3873621445672e-4,673.024686737237,796.47831377911,1311.048,0.715863473747505,493.58188000271434,Core
548,287.152,0.713420256731139,0.34739340571372,574.304,2019_yk_425,Yukon,2019,0.714612752889595,0.347335909141674,-3.909232317753e-4,673.024686737237,796.47831377911,1311.048,0.715863473747505,493.58188000271434,Core
549,287.676,0.71282377318977,0.351640139004484,575.352,2019_yk_425,Yukon,2019,0.714586021032921,0.346861004001168,-4.749051405053e-4,673.024686737237,796.47831377911,1311.048,0.715863473747505,493.58188000271434,Core
550,288.2,0.7147718484092,0.349786908023651,576.4,2019_yk_425,Yukon,2019,0.714561697407817,0.346634296864207,-2.2670713696137e-4,673.024686737237,796.47831377911,1311.048,0.715863473747505,493.58188000271434,Core
551,288.724,0.713017725693064,0.348165461399387,577.448,2019_yk_425,Yukon,2019,0.714585731346116,0.346304668951415,-3.2962791279223e-4,673.024686737237,796.47831377911,1311.048,0.715863473747505,493.58188000271434,Core
552,289.248,0.715014842746548,0.343480874845897,578.496,2019_yk_425,Yukon,2019,0.714611579397011,0.345894390653862,-4.1027829755313e-4,673.024686737237,796.47831377911,1311.048,0.715863473747505,493.58188000271434,Core
553,289.772,0.712287186329155,0.340056645512816,579.544,2019_yk_425,Yukon,2019,0.714611723567412,0.34558806412053,-3.0632653333184e-4,673.024686737237,796.47831377911,1311.048,0.715863473747505,493.58188000271434,Core
554,290.296,0.715535215034481,0.340784187475899,580.592,2019_yk_425,Yukon,2019,0.714641486844996,0.345299105521536,-2.8895859899369e-4,673.024686737237,796.47831377911,1311.048,0.715863473747505,493.58188000271434,Core
555,290.82,0.717112742570245,0.338483725630073,581.64,2019_yk_425,Yukon,2019,0.714703501636413,0.344963127781006,-3.359777405304e-4,673.024686737237,796.47831377911,1311.048,0.715863473747505,493.58188000271434,Core
556,291.344,0.715085212871488,0.344851033421391,582.688,2019_yk_425,Yukon,2019,0.714649809415119,0.344730652106677,-2.3247567432915e-4,673.024686737237,796.47831377911,1311.048,0.715863473747505,493.58188000271434,Core
557,291.868,0.713677320097027,0.345828518475523,583.736,2019_yk_425,Yukon,2019,0.714689852489667,0.344573970472945,-1.5668163373128e-4,673.024686737237,796.47831377911,1311.048,0.715863473747505,493.58188000271434,Core
558,292.392,0.714335997669341,0.344210481167496,584.784,2019_yk_425,Yukon,2019,0.714735847159865,0.344465361068497,-1.0860940444806e-4,673.024686737237,796.47831377911,1311.048,0.715863473747505,493.58188000271434,Core
559,292.916,0.711913265922453,0.341102196432693,585.832,2019_yk_425,Yukon,2019,0.714727408311151,0.344355471189244,-1.0988987925297e-4,673.024686737237,796.47831377911,1311.048,0.715863473747505,493.58188000271434,Core
560,293.44,0.714802331634186,0.347739167920321,586.88,2019_yk_425,Yukon,2019,0.714808304114475,0.344255809214605,-9.96619746388427e-5,673.024686737237,796.47831377911,1311.048,0.715863473747505,493.58188000271434,Core
561,293.964,0.714648069211838,0.344857704796608,587.928,2019_yk_425,Yukon,2019,0.714821802061078,0.344116432235814,-1.3937697879123e-4,673.024686737237,796.47831377911,1311.048,0.715863473747505,493.58188000271434,Core
562,294.488,0.713777855378527,0.344077690499572,588.976,2019_yk_425,Yukon,2019,0.714823533208383,0.34377365204894,-3.4278018687428e-4,673.024686737237,796.47831377911,1311.048,0.715863473747505,493.58188000271434,Core
563,295.012,0.716318045979587,0.348888456721218,590.024,2019_yk_425,Yukon,2019,0.714809095048173,0.343484542746226,-2.8910930271391e-4,673.024686737237,796.47831377911,1311.048,0.715863473747505,493.58188000271434,Core
564,295.536,0.71264241327428,0.354649309689621,591.072,2019_yk_425,Yukon,2019,0.714786723823619,0.343280640828657,-2.0390191756891e-4,673.024686737237,796.47831377911,1311.048,0.715863473747505,493.58188000271434,Core
565,296.06,0.715175219727689,0.348034941193265,592.12,2019_yk_425,Yukon,2019,0.714771965716324,0.343044355002109,-2.3628582654772e-4,673.024686737237,796.47831377911,1311.048,0.715863473747505,493.58188000271434,Core
566,296.584,0.712607763666556,0.344105191927815,593.168,2019_yk_425,Yukon,2019,0.71471628877135,0.342919571714994,-1.2478328711496e-4,673.024686737237,796.47831377911,1311.048,0.715863473747505,493.58188000271434,Core
567,297.108,0.717013075934033,0.351099892618748,594.216,2019_yk_425,Yukon,2019,0.714733035569246,0.342841028909448,-7.85428055460335e-5,673.024686737237,796.47831377911,1311.048,0.715863473747505,493.58188000271434,Core
568,297.632,0.713237707579084,0.346639648557035,595.264,2019_yk_425,Yukon,2019,0.714818621724338,0.342663964564462,-1.7706434498665e-4,673.024686737237,796.47831377911,1311.048,0.715863473747505,493.58188000271434,Core
569,298.156,0.714693632347118,0.345059809954269,596.312,2019_yk_425,Yukon,2019,0.714958254954084,0.342601869603401,-6.20949610609656e-5,673.024686737237,796.47831377911,1311.048,0.715863473747505,493.58188000271434,Core
570,298.68,0.715702680853606,0.343064756589306,597.36,2019_yk_425,Yukon,2019,0.714948364881872,0.342555408921593,-4.64606818076918e-5,673.024686737237,796.47831377911,1311.048,0.715863473747505,493.58188000271434,Core
571,299.204,0.714573417585964,0.341199059343183,598.408,2019_yk_425,Yukon,2019,0.714920311876676,0.3424449613286,-1.1044759299311e-4,673.024686737237,796.47831377911,1311.048,0.715863473747505,493.58188000271434,Core
572,299.728,0.71714832160261,0.34533480703068,599.456,2019_yk_425,Yukon,2019,0.714924501414204,0.342258683396051,-1.862779325486e-4,673.024686737237,796.47831377911,1311.048,0.715863473747505,493.58188000271434,Core
573,300.252,0.71454417438727,0.335466621692567,600.504,2019_yk_425,Yukon,2019,0.714909543635933,0.341984835126977,-2.7384826907467e-4,673.024686737237,796.47831377911,1311.048,0.715863473747505,493.58188000271434,Core
574,300.776,0.714892450767395,0.336073734230206,601.552,2019_yk_425,Yukon,2019,0.714952546727878,0.341726551036321,-2.5828409065586e-4,673.024686737237,796.47831377911,1311.048,0.715863473747505,493.58188000271434,Core
575,301.3,0.714992015940246,0.331273370013293,602.6,2019_yk_425,Yukon,2019,0.714935965131044,0.341385298248338,-3.4125278798269e-4,673.024686737237,796.47831377911,1311.048,0.715863473747505,493.58188000271434,Core
576,301.824,0.716157742927616,0.337352917980876,603.648,2019_yk_425,Yukon,2019,0.714931880696795,0.341062033470044,-3.2326477829386e-4,673.024686737237,796.47831377911,1311.048,0.715863473747505,493.58188000271434,Core
577,302.348,0.714852703267896,0.334661318845541,604.696,2019_yk_425,Yukon,2019,0.714998280220572,0.340736497521405,-3.2553594863882e-4,673.024686737237,796.47831377911,1311.048,0.715863473747505,493.58188000271434,Core
578,302.872,0.716485427507634,0.340108221391748,605.744,2019_yk_425,Yukon,2019,0.715014865512346,0.340425463133654,-3.110343877512e-4,673.024686737237,796.47831377911,1311.048,0.715863473747505,493.58188000271434,Core
579,303.396,0.715349216770665,0.335699854849182,606.792,2019_yk_425,Yukon,2019,0.715023947301757,0.340078901542634,-3.4656159101997e-4,673.024686737237,796.47831377911,1311.048,0.715863473747505,493.58188000271434,Core
580,303.92,0.715001801336042,0.346811988323033,607.84,2019_yk_425,Yukon,2019,0.714994198494518,0.339797787608716,-2.8111393391816e-4,673.024686737237,796.47831377911,1311.048,0.715863473747505,493.58188000271434,Core
581,304.444,0.716553889099481,0.33798125515658,608.888,2019_yk_425,Yukon,2019,0.71502238049298,0.339654605740331,-1.4318186838507e-4,673.024686737237,796.47831377911,1311.048,0.715863473747505,493.58188000271434,Core
582,304.968,0.713493148449184,0.336999679401191,609.936,2019_yk_425,Yukon,2019,0.715056402166214,0.339560815388791,-9.37903515397243e-5,673.024686737237,796.47831377911,1311.048,0.715863473747505,493.58188000271434,Core
583,305.492,0.71529317156614,0.338060548986107,610.984,2019_yk_425,Yukon,2019,0.715113665938798,0.339515503882105,-4.53115066860188e-5,673.024686737237,796.47831377911,1311.048,0.715863473747505,493.58188000271434,Core
584,306.016,0.715757289878058,0.339937419700554,612.032,2019_yk_425,Yukon,2019,0.715130601637013,0.339567187401833,5.16835197277854e-5,673.024686737237,796.47831377911,1311.048,0.715863473747505,493.58188000271434,Core
585,306.54,0.718839743602166,0.334246868424953,613.08,2019_yk_425,Yukon,2019,0.715062044147645,0.339606194340443,3.90069386103087e-5,673.024686737237,796.47831377911,1311.048,0.715863473747505,493.58188000271434,Core
586,307.064,0.712812193031656,0.337993453855439,614.128,2019_yk_425,Yukon,2019,0.715109589006732,0.339443333558924,-1.6286078151944e-4,673.024686737237,796.47831377911,1311.048,0.715863473747505,493.58188000271434,Core
587,307.588,0.716359079355221,0.345396822405096,615.176,2019_yk_425,Yukon,2019,0.715119741165842,0.339358979296523,-8.4354262401054e-5,673.024686737237,796.47831377911,1311.048,0.715863473747505,493.58188000271434,Core
588,308.112,0.716624632795372,0.34280194854933,616.224,2019_yk_425,Yukon,2019,0.715114438372563,0.339375368355391,1.63890588680271e-5,673.024686737237,796.47831377911,1311.048,0.715863473747505,493.58188000271434,Core
589,308.636,0.715950479453764,0.341375598144493,617.272,2019_yk_425,Yukon,2019,0.715162434048792,0.33927160535204,-1.0376300335135e-4,673.024686737237,796.47831377911,1311.048,0.715863473747505,493.58188000271434,Core
590,309.16,0.714327084144469,0.339503319116075,618.32,2019_yk_425,Yukon,2019,0.715247371926215,0.33908233499805,-1.8927035398957e-4,673.024686737237,796.47831377911,1311.048,0.715863473747505,493.58188000271434,Core
591,309.684,0.714022086279736,0.338069144096546,619.368,2019_yk_425,Yukon,2019,0.715273222014948,0.338962294328171,-1.2004066987908e-4,673.024686737237,796.47831377911,1311.048,0.715863473747505,493.58188000271434,Core
592,310.208,0.716401759950354,0.326085900919589,620.416,2019_yk_425,Yukon,2019,0.715287506505464,0.338719007721491,-2.432866066796e-4,673.024686737237,796.47831377911,1311.048,0.715863473747505,493.58188000271434,Core
593,310.732,0.713716817751897,0.326684742508285,621.464,2019_yk_425,Yukon,2019,0.715266055642214,0.33843275008589,-2.8625763560119e-4,673.024686737237,796.47831377911,1311.048,0.715863473747505,493.58188000271434,Core
594,311.256,0.714260663540611,0.340153976100155,622.512,2019_yk_425,Yukon,2019,0.71533090845044,0.338015064699471,-4.1768538641934e-4,673.024686737237,796.47831377911,1311.048,0.715863473747505,493.58188000271434,Core
595,311.78,0.716020114487138,0.336713565567627,623.56,2019_yk_425,Yukon,2019,0.715322177627701,0.337716692354298,-2.9837234517293e-4,673.024686737237,796.47831377911,1311.048,0.715863473747505,493.58188000271434,Core
596,312.304,0.711551999015119,0.340859658182665,624.608,2019_yk_425,Yukon,2019,0.715402441799006,0.337506804850952,-2.0988750334588e-4,673.024686737237,796.47831377911,1311.048,0.715863473747505,493.58188000271434,Core
597,312.828,0.715191702023985,0.346955160859645,625.656,2019_yk_425,Yukon,2019,0.715375926775313,0.33716886495166,-3.3793989929242e-4,673.024686737237,796.47831377911,1311.048,0.715863473747505,493.58188000271434,Core
598,313.352,0.71808553693424,0.339017019403018,626.704,2019_yk_425,Yukon,2019,0.715408386037977,0.336891910329459,-2.7695462220028e-4,673.024686737237,796.47831377911,1311.048,0.715863473747505,493.58188000271434,Core
599,313.876,0.717928489819998,0.343159681766567,627.752,2019_yk_425,Yukon,2019,0.715433420923833,0.336687337329171,-2.0457300028847e-4,673.024686737237,796.47831377911,1311.048,0.715863473747505,493.58188000271434,Core
600,314.4,0.716554416842042,0.340265458735857,628.8,2019_yk_425,Yukon,2019,0.715452190672507,0.336511546356971,-1.7579097219977e-4,673.024686737237,796.47831377911,1311.048,0.715863473747505,493.58188000271434,Core
601,314.924,0.713950919520799,0.338623971758664,629.848,2019_yk_425,Yukon,2019,0.715432201418334,0.336340191519385,-1.7135483758601e-4,673.024686737237,796.47831377911,1311.048,0.715863473747505,493.58188000271434,Core
602,315.448,0.714846601803883,0.336889989492661,630.896,2019_yk_425,Yukon,2019,0.715412926643712,0.336129459497491,-2.1073202189403e-4,673.024686737237,796.47831377911,1311.048,0.715863473747505,493.58188000271434,Core
603,315.972,0.71349652686046094,0.334401612502094,631.944,2019_yk_425,Yukon,2019,0.71538434820377,0.336166694475766,3.72349782746806e-5,673.024686737237,796.47831377911,1311.048,0.715863473747505,493.58188000271434,Core
604,316.496,0.716448731146606,0.333703074751642,632.992,2019_yk_425,Yukon,2019,0.715408865351612,0.336088791453151,-7.79030226144561e-5,673.024686737237,796.47831377911,1311.048,0.715863473747505,493.58188000271434,Core
605,317.02,0.71503230949253,0.330343695283535,634.04,2019_yk_425,Yukon,2019,0.715408902328516,0.336127824821151,3.90333679997079e-5,673.024686737237,796.47831377911,1311.048,0.715863473747505,493.58188000271434,Core
606,317.544,0.714612958690174,0.329990602833391,635.088,2019_yk_425,Yukon,2019,0.715393470286904,0.336108585720962,-1.9239100189139e-5,673.024686737237,796.47831377911,1311.048,0.715863473747505,493.58188000271434,Core
607,318.068,0.718153012755568,0.329993641511455,636.136,2019_yk_425,Yukon,2019,0.715409690181074,0.336119974218385,1.13884974236034e-5,673.024686737237,796.47831377911,1311.048,0.715863473747505,493.58188000271434,Core
608,318.592,0.714415374237537,0.328731342448649,637.184,2019_yk_425,Yukon,2019,0.715376500235588,0.336102581704602,-1.73925137829656e-5,673.024686737237,796.47831377911,1311.048,0.715863473747505,493.58188000271434,Core
609,319.116,0.713368680554465,0.330846443543283,638.232,2019_yk_425,Yukon,2019,0.7153914871889,0.336225774148328,1.2319244372593e-4,673.024686737237,796.47831377911,1311.048,0.715863473747505,493.58188000271434,Core
610,319.64,0.712986919974861,0.332920071988561,639.28,2019_yk_425,Yukon,2019,0.715400960347168,0.336231881573734,6.107425405244e-6,673.024686737237,796.47831377911,1311.048,0.715863473747505,493.58188000271434,Core
611,320.164,0.714708645600775,0.33957454929628,640.328,2019_yk_425,Yukon,2019,0.715363573561781,0.336423176122562,1.9129454882865e-4,673.024686737237,796.47831377911,1311.048,0.715863473747505,493.58188000271434,Core
612,320.688,0.717056143140606,0.337853453753511,641.376,2019_yk_425,Yukon,2019,0.715420076723146,0.336613642450148,1.904663275859e-4,673.024686737237,796.47831377911,1311.048,0.715863473747505,493.58188000271434,Core
613,321.212,0.715723012684166,0.337337955111655,642.424,2019_yk_425,Yukon,2019,0.715435318543152,0.336836146689263,2.2250423911524e-4,673.024686737237,796.47831377911,1311.048,0.715863473747505,493.58188000271434,Core
614,321.736,0.71655135692739,0.343885198659566,643.472,2019_yk_425,Yukon,2019,0.715458371444253,0.336974765095383,1.3861840611922e-4,673.024686737237,796.47831377911,1311.048,0.715863473747505,493.58188000271434,Core
615,322.26,0.712999293208147,0.340824141946693,644.52,2019_yk_425,Yukon,2019,0.715437288174757,0.337238469449606,2.6370435422318e-4,673.024686737237,796.47831377911,1311.048,0.715863473747505,493.58188000271434,Core
616,322.784,0.71793790441672,0.335079386530225,645.568,2019_yk_425,Yukon,2019,0.71554828334457,0.337456297280313,2.1782783070711e-4,673.024686737237,796.47831377911,1311.048,0.715863473747505,493.58188000271434,Core
617,323.308,0.714286449643639,0.340767262731461,646.616,2019_yk_425,Yukon,2019,0.715487867649332,0.337576169725791,1.19872445478e-4,673.024686737237,796.47831377911,1311.048,0.715863473747505,493.58188000271434,Core
618,323.832,0.714017830072618,0.345193824699575,647.664,2019_yk_425,Yukon,2019,0.715456034980764,0.337736482560946,1.6031283515544e-4,673.024686737237,796.47831377911,1311.048,0.715863473747505,493.58188000271434,Core
619,324.356,0.714793006496157,0.334876416231612,648.712,2019_yk_425,Yukon,2019,0.71547785481635,0.337936037456315,1.9955489536877e-4,673.024686737237,796.47831377911,1311.048,0.715863473747505,493.58188000271434,Core
620,324.88,0.719898604279597,0.336382946680945,649.76,2019_yk_425,Yukon,2019,0.715512664713665,0.338252187492972,3.1615003665669e-4,673.024686737237,796.47831377911,1311.048,0.715863473747505,493.58188000271434,Core
621,325.404,0.716199074535812,0.337655264603861,650.808,2019_yk_425,Yukon,2019,0.71555859894528,0.338712437971789,4.6025047881714e-4,673.024686737237,796.47831377911,1311.048,0.715863473747505,493.58188000271434,Core
622,325.928,0.714634924809476,0.329480494098797,651.856,2019_yk_425,Yukon,2019,0.715557953606094,0.339277355902061,5.6491793027174e-4,673.024686737237,796.47831377911,1311.048,0.715863473747505,493.58188000271434,Core
623,326.452,0.715030994184572,0.331712998585143,652.904,2019_yk_425,Yukon,2019,0.715609101054466,0.339930816786702,6.5346088464113e-4,673.024686737237,796.47831377911,1311.048,0.715863473747505,493.58188000271434,Core
624,326.976,0.716533581767903,0.329588186504461,653.952,2019_yk_425,Yukon,2019,0.715636289023687,0.340279469470611,3.4865268390932e-4,673.024686737237,796.47831377911,1311.048,0.715863473747505,493.58188000271434,Core
625,327.5,0.714651370363298,0.330132600482889,655,2019_yk_425,Yukon,2019,0.715659145140147,0.340687861381593,4.0839191098168e-4,673.024686737237,796.47831377911,1311.048,0.715863473747505,493.58188000271434,Core
626,328.024,0.717423613944877,0.331511941727062,656.048,2019_yk_425,Yukon,2019,0.715742548299656,0.341025863505787,3.380021241946e-4,673.024686737237,796.47831377911,1311.048,0.715863473747505,493.58188000271434,Core
627,328.548,0.715422174512448,0.330823498661198,657.096,2019_yk_425,Yukon,2019,0.715754025622437,0.341202025870257,1.7616236446998e-4,673.024686737237,796.47831377911,1311.048,0.715863473747505,493.58188000271434,Core
628,329.072,0.715185263338929,0.330022371225017,658.144,2019_yk_425,Yukon,2019,0.715689792456697,0.341473292611623,2.7126674136557e-4,673.024686737237,796.47831377911,1311.048,0.715863473747505,493.58188000271434,Core
629,329.596,0.716195725498499,0.332785429936964,659.192,2019_yk_425,Yukon,2019,0.71564286389965,0.341833938002207,3.6064539058394e-4,673.024686737237,796.47831377911,1311.048,0.715863473747505,493.58188000271434,Core
630,330.12,0.716828865774005,0.332517298257316,660.24,2019_yk_425,Yukon,2019,0.715610486208262,0.342198352142266,3.6441414005955e-4,673.024686737237,796.47831377911,1311.048,0.715863473747505,493.58188000271434,Core
631,330.644,0.713374062335575,0.330917769088023,661.288,2019_yk_425,Yukon,2019,0.715660305203426,0.342542797839146,3.4444569687947e-4,673.024686737237,796.47831377911,1311.048,0.715863473747505,493.58188000271434,Core
632,331.168,0.715991835125303,0.332690885717039,662.336,2019_yk_425,Yukon,2019,0.715676773336243,0.343015500531824,4.7270269267835e-4,673.024686737237,796.47831377911,1311.048,0.715863473747505,493.58188000271434,Core
633,331.692,0.712829467990774,0.33770072038905,663.384,2019_yk_425,Yukon,2019,0.715726342515074,0.343471606773058,4.5610624123387e-4,673.024686737237,796.47831377911,1311.048,0.715863473747505,493.58188000271434,Core
634,332.216,0.716363479637922,0.331399552873338,664.432,2019_yk_425,Yukon,2019,0.715701937665523,0.343954182520004,4.8257574694632e-4,673.024686737237,796.47831377911,1311.048,0.715863473747505,493.58188000271434,Core
635,332.74,0.714994234554459,0.333615372093273,665.48,2019_yk_425,Yukon,2019,0.715676705428449,0.3445395432723,5.8536075229587e-4,673.024686737237,796.47831377911,1311.048,0.715863473747505,493.58188000271434,Core
636,333.264,0.715231820430901,0.336198571969528,666.528,2019_yk_425,Yukon,2019,0.715682595040754,0.345116709979811,5.7716670751017e-4,673.024686737237,796.47831377911,1311.048,0.715863473747505,493.58188000271434,Core
637,333.788,0.715825896918128,0.335344628690958,667.576,2019_yk_425,Yukon,2019,0.715657443763832,0.345714312541305,5.9760256149404e-4,673.024686737237,796.47831377911,1311.048,0.715863473747505,493.58188000271434,Core
638,334.312,0.714494030778424,0.339064670564771,668.624,2019_yk_425,Yukon,2019,0.715682255402706,0.346412356229441,6.9804368813619e-4,673.024686737237,796.47831377911,1311.048,0.715863473747505,493.58188000271434,Core
639,334.836,0.716248433969417,0.343091401472736,669.672,2019_yk_425,Yukon,2019,0.715769578030863,0.346942719800653,5.3036357121216e-4,673.024686737237,796.47831377911,1311.048,0.715863473747505,493.58188000271434,Core
640,335.36,0.715570190832129,0.347178433847347,670.72,2019_yk_425,Yukon,2019,0.71582059640244,0.347462651216962,5.1993141630868e-4,673.024686737237,796.47831377911,1311.048,0.715863473747505,493.58188000271434,Core
641,335.884,0.714310681976256,0.349458928086302,671.768,2019_yk_425,Yukon,2019,0.715789112889343,0.347825764079596,3.6311286263479e-4,673.024686737237,796.47831377911,1311.048,0.715863473747505,493.58188000271434,Core
642,336.408,0.716883338131093,0.348427659056343,672.816,2019_yk_425,Yukon,2019,0.715795259724698,0.348179776002065,3.5401192246875e-4,673.024686737237,796.47831377911,1311.048,0.715863473747505,493.58188000271434,Fw
643,336.932,0.716207680766462,0.351410803333023,673.864,2019_yk_425,Yukon,2019,0.715758441524596,0.348550567619524,3.7079161745839e-4,673.024686737237,796.47831377911,1311.048,0.715863473747505,493.58188000271434,Fw
644,337.456,0.717140463944143,0.348254524067708,674.912,2019_yk_425,Yukon,2019,0.715796102492252,0.348740395680501,1.8982806097728e-4,673.024686737237,796.47831377911,1311.048,0.715863473747505,493.58188000271434,Fw
645,337.98,0.717574747432393,0.350069129678343,675.96,2019_yk_425,Yukon,2019,0.71580738601296,0.348992129243329,2.517335628282e-4,673.024686737237,796.47831377911,1311.048,0.715863473747505,493.58188000271434,Fw
646,338.504,0.719471903220455,0.351063123697867,677.008,2019_yk_425,Yukon,2019,0.715784268891208,0.349394668114756,4.0253887142655e-4,673.024686737237,796.47831377911,1311.048,0.715863473747505,493.58188000271434,Fw
647,339.028,0.712734137640936,0.352589169133775,678.056,2019_yk_425,Yukon,2019,0.715798942077612,0.349670136149657,2.754680349013e-4,673.024686737237,796.47831377911,1311.048,0.715863473747505,493.58188000271434,Fw
648,339.552,0.714714672681306,0.352420718658658,679.104,2019_yk_425,Yukon,2019,0.715870325562828,0.349884237025641,2.1410087598444e-4,673.024686737237,796.47831377911,1311.048,0.715863473747505,493.58188000271434,Fw
649,340.076,0.717259669588876,0.353348891866618,680.152,2019_yk_425,Yukon,2019,0.715877461392234,0.350225039471274,3.4080244563278e-4,673.024686737237,796.47831377911,1311.048,0.715863473747505,493.58188000271434,Fw
650,340.6,0.71641567798341,0.358472321315479,681.2,2019_yk_425,Yukon,2019,0.715775361589452,0.350416095079495,1.910556082208e-4,673.024686737237,796.47831377911,1311.048,0.715863473747505,493.58188000271434,Fw
651,341.124,0.716778140176638,0.365684172825577,682.248,2019_yk_425,Yukon,2019,0.715746749598237,0.350538730353598,1.2263527410333e-4,673.024686737237,796.47831377911,1311.048,0.715863473747505,493.58188000271434,Fw
652,341.648,0.716363039599157,0.359980976735894,683.296,2019_yk_425,Yukon,2019,0.71576149933204,0.350807479093261,2.6874873966237e-4,673.024686737237,796.47831377911,1311.048,0.715863473747505,493.58188000271434,Fw
653,342.172,0.71678566465423,0.365892395586753,684.344,2019_yk_425,Yukon,2019,0.715760308967306,0.351058383002375,2.5090390911392e-4,673.024686737237,796.47831377911,1311.048,0.715863473747505,493.58188000271434,Fw
654,342.696,0.7158919416939,0.361073137134715,685.392,2019_yk_425,Yukon,2019,0.715766652010971,0.351424224925417,3.6584192304195e-4,673.024686737237,796.47831377911,1311.048,0.715863473747505,493.58188000271434,Fw
655,343.22,0.717391481474694,0.361217080226529,686.44,2019_yk_425,Yukon,2019,0.715800438581138,0.351755127457508,3.3090253209194e-4,673.024686737237,796.47831377911,1311.048,0.715863473747505,493.58188000271434,Fw
656,343.744,0.716556188585672,0.361139785634344,687.488,2019_yk_425,Yukon,2019,0.715776516730313,0.351985262902648,2.3013544513939e-4,673.024686737237,796.47831377911,1311.048,0.715863473747505,493.58188000271434,Fw
657,344.268,0.715880341390843,0.357524902727845,688.536,2019_yk_425,Yukon,2019,0.715807958406634,0.352255945068406,2.706821657577e-4,673.024686737237,796.47831377911,1311.048,0.715863473747505,493.58188000271434,Fw
658,344.792,0.714231546989845,0.355293023884954,689.584,2019_yk_425,Yukon,2019,0.715837715888568,0.352440784593319,1.8483952491354e-4,673.024686737237,796.47831377911,1311.048,0.715863473747505,493.58188000271434,Fw
659,345.316,0.715112776397159,0.364798405201603,690.632,2019_yk_425,Yukon,2019,0.715827256184297,0.352657311618948,2.1652702562879e-4,673.024686737237,796.47831377911,1311.048,0.715863473747505,493.58188000271434,Fw
660,345.84,0.714611755358805,0.362130307139432,691.68,2019_yk_425,Yukon,2019,0.715763607230043,0.352774197986406,1.1688636745854e-4,673.024686737237,796.47831377911,1311.048,0.715863473747505,493.58188000271434,Fw
661,346.364,0.716940059230612,0.359290713571433,692.728,2019_yk_425,Yukon,2019,0.715801962847579,0.352889797351019,1.1559936461269e-4,673.024686737237,796.47831377911,1311.048,0.715863473747505,493.58188000271434,Fw
662,346.888,0.71583468977293,0.365252151053361,693.776,2019_yk_425,Yukon,2019,0.715780879727367,0.353005957168561,1.1615981754226e-4,673.024686737237,796.47831377911,1311.048,0.715863473747505,493.58188000271434,Fw
663,347.412,0.716470677590289,0.361767986976126,694.824,2019_yk_425,Yukon,2019,0.715821793983685,0.352961069922709,-4.48872458526095e-5,673.024686737237,796.47831377911,1311.048,0.715863473747505,493.58188000271434,Fw
664,347.936,0.714984440173553,0.362657619568423,695.872,2019_yk_425,Yukon,2019,0.715796602852974,0.353053939074011,9.28691513020219e-5,673.024686737237,796.47831377911,1311.048,0.715863473747505,493.58188000271434,Fw
665,348.46,0.713518375268094,0.365465340421286,696.92,2019_yk_425,Yukon,2019,0.715828360128568,0.35309346792346,3.95288494495216e-5,673.024686737237,796.47831377911,1311.048,0.715863473747505,493.58188000271434,Fw
666,348.984,0.714966335428504,0.364620605284,697.968,2019_yk_425,Yukon,2019,0.7158522965918,0.353150524159162,5.70562357014026e-5,673.024686737237,796.47831377911,1311.048,0.715863473747505,493.58188000271434,Fw
667,349.508,0.71664393614025,0.365849795201099,699.016,2019_yk_425,Yukon,2019,0.715896801551876,0.353266930035646,1.1640587648448e-4,673.024686737237,796.47831377911,1311.048,0.715863473747505,493.58188000271434,Fw
668,350.032,0.715904072569923,0.370613963736823,700.064,2019_yk_425,Yukon,2019,0.715892150883636,0.353274661196215,7.73116056879131e-6,673.024686737237,796.47831377911,1311.048,0.715863473747505,493.58188000271434,Fw
669,350.556,0.718608038243914,0.362668257816012,701.112,2019_yk_425,Yukon,2019,0.715914275999747,0.353219396404381,-5.52647918339311e-5,673.024686737237,796.47831377911,1311.048,0.715863473747505,493.58188000271434,Fw
670,351.08,0.716048022269467,0.364115956967082,702.16,2019_yk_425,Yukon,2019,0.715886806298012,0.353059429719093,-1.5996668528822e-4,673.024686737237,796.47831377911,1311.048,0.715863473747505,493.58188000271434,Fw
671,351.604,0.712819634814994,0.361361321054366,703.208,2019_yk_425,Yukon,2019,0.715885565248161,0.352884954655225,-1.7447506386814e-4,673.024686737237,796.47831377911,1311.048,0.715863473747505,493.58188000271434,Fw
672,352.128,0.717424953261891,0.359094169101637,704.256,2019_yk_425,Yukon,2019,0.715868843635749,0.352665848436012,-2.1910621921311e-4,673.024686737237,796.47831377911,1311.048,0.715863473747505,493.58188000271434,Fw
673,352.652,0.713513920678062,0.359585452159161,705.304,2019_yk_425,Yukon,2019,0.715862644093631,0.352541051252629,-1.2479718338259e-4,673.024686737237,796.47831377911,1311.048,0.715863473747505,493.58188000271434,Fw
674,353.176,0.718811014986705,0.3552748823182,706.352,2019_yk_425,Yukon,2019,0.715855212825821,0.35244082904951,-1.0022220311856e-4,673.024686737237,796.47831377911,1311.048,0.715863473747505,493.58188000271434,Fw
675,353.7,0.713676304450625,0.355928155716388,707.4,2019_yk_425,Yukon,2019,0.7158837534549,0.352373973269052,-6.68557804583414e-5,673.024686737237,796.47831377911,1311.048,0.715863473747505,493.58188000271434,Fw
676,354.224,0.716550877111641,0.359231718815817,708.448,2019_yk_425,Yukon,2019,0.715830659427919,0.352270470861341,-1.0350240771073e-4,673.024686737237,796.47831377911,1311.048,0.715863473747505,493.58188000271434,Fw
677,354.748,0.715166840827877,0.357295344825541,709.496,2019_yk_425,Yukon,2019,0.715894090085304,0.352148438600642,-1.2203226069917e-4,673.024686737237,796.47831377911,1311.048,0.715863473747505,493.58188000271434,Fw
678,355.272,0.718300839185551,0.358039877258643,710.544,2019_yk_425,Yukon,2019,0.715852928084711,0.352024519626256,-1.2391897438668e-4,673.024686737237,796.47831377911,1311.048,0.715863473747505,493.58188000271434,Fw
679,355.796,0.715221156260546,0.35532456296958,711.592,2019_yk_425,Yukon,2019,0.715815839672792,0.351795538552354,-2.2898107390129e-4,673.024686737237,796.47831377911,1311.048,0.715863473747505,493.58188000271434,Fw
680,356.32,0.713772616112637,0.347846283174195,712.64,2019_yk_425,Yukon,2019,0.715784164745937,0.351517228886678,-2.7830966567626e-4,673.024686737237,796.47831377911,1311.048,0.715863473747505,493.58188000271434,Fw
681,356.844,0.714482355062948,0.345013381050061,713.688,2019_yk_425,Yukon,2019,0.715721759618692,0.351088065504553,-4.2916338212484e-4,673.024686737237,796.47831377911,1311.048,0.715863473747505,493.58188000271434,Fw
682,357.368,0.715519908837613,0.345605418478539,714.736,2019_yk_425,Yukon,2019,0.715682823729632,0.350921039791906,-1.6702571264665e-4,673.024686737237,796.47831377911,1311.048,0.715863473747505,493.58188000271434,Fw
683,357.892,0.714959572300566,0.346767233131978,715.784,2019_yk_425,Yukon,2019,0.715735198031177,0.35075815754297,-1.6288224893656e-4,673.024686737237,796.47831377911,1311.048,0.715863473747505,493.58188000271434,Fw
684,358.416,0.716914164387817,0.351538701886979,716.832,2019_yk_425,Yukon,2019,0.715771324683361,0.350739996834822,-1.81607081476964e-5,673.024686737237,796.47831377911,1311.048,0.715863473747505,493.58188000271434,Fw
685,358.94,0.716678564573261,0.349986752408408,717.88,2019_yk_425,Yukon,2019,0.715727010269435,0.350693501122239,-4.64957125830279e-5,673.024686737237,796.47831377911,1311.048,0.715863473747505,493.58188000271434,Fw
686,359.464,0.715988302895406,0.345320068435424,718.928,2019_yk_425,Yukon,2019,0.715722798013618,0.350712673015752,1.91718935128593e-5,673.024686737237,796.47831377911,1311.048,0.715863473747505,493.58188000271434,Fw
687,359.988,0.717308675091724,0.347064428606662,719.976,2019_yk_425,Yukon,2019,0.715700125041019,0.350856676814219,1.4400379846718e-4,673.024686737237,796.47831377911,1311.048,0.715863473747505,493.58188000271434,Fw
688,360.512,0.71697071225498,0.341112742719831,721.024,2019_yk_425,Yukon,2019,0.715710317713471,0.351009785788106,1.5310897388659e-4,673.024686737237,796.47831377911,1311.048,0.715863473747505,493.58188000271434,Fw
689,361.036,0.715568143242214,0.34577705147469,722.072,2019_yk_425,Yukon,2019,0.715749517875748,0.351077825495256,6.803970715058e-5,673.024686737237,796.47831377911,1311.048,0.715863473747505,493.58188000271434,Fw
690,361.56,0.713009928518761,0.339530480304832,723.12,2019_yk_425,Yukon,2019,0.71577426726658,0.351220741605302,1.4291611004607e-4,673.024686737237,796.47831377911,1311.048,0.715863473747505,493.58188000271434,Fw
691,362.084,0.715675399387758,0.337853730964785,724.168,2019_yk_425,Yukon,2019,0.715764430785205,0.351433286788069,2.1254518276686e-4,673.024686737237,796.47831377911,1311.048,0.715863473747505,493.58188000271434,Fw
692,362.608,0.714726847912557,0.339660474769575,725.216,2019_yk_425,Yukon,2019,0.715746381597366,0.351602925652361,1.6963886429122e-4,673.024686737237,796.47831377911,1311.048,0.715863473747505,493.58188000271434,Fw
693,363.132,0.715284323369827,0.335007485637895,726.264,2019_yk_425,Yukon,2019,0.715733853743844,0.351945175453752,3.4224980139163e-4,673.024686737237,796.47831377911,1311.048,0.715863473747505,493.58188000271434,Fw
694,363.656,0.714852011795268,0.33697170195146,727.312,2019_yk_425,Yukon,2019,0.715777893805989,0.352213519575627,2.6834412187498e-4,673.024686737237,796.47831377911,1311.048,0.715863473747505,493.58188000271434,Fw
695,364.18,0.716899671090118,0.335987103060243,728.36,2019_yk_425,Yukon,2019,0.715773829091031,0.352481025676043,2.6750610041603e-4,673.024686737237,796.47831377911,1311.048,0.715863473747505,493.58188000271434,Fw
696,364.704,0.716668008224815,0.339621946111613,729.408,2019_yk_425,Yukon,2019,0.715814137733411,0.352718636715363,2.3761103931963e-4,673.024686737237,796.47831377911,1311.048,0.715863473747505,493.58188000271434,Fw
697,365.228,0.718496194522664,0.342328981280027,730.456,2019_yk_425,Yukon,2019,0.715774438466722,0.352952519557811,2.338828424479e-4,673.024686737237,796.47831377911,1311.048,0.715863473747505,493.58188000271434,Fw
698,365.752,0.714214990684054,0.3395285401989,731.504,2019_yk_425,Yukon,2019,0.715790701143278,0.353136138907777,1.8361934996608e-4,673.024686737237,796.47831377911,1311.048,0.715863473747505,493.58188000271434,Fw
699,366.276,0.717575940936081,0.339775513962699,732.552,2019_yk_425,Yukon,2019,0.715783106475271,0.353479952144951,3.438132371743e-4,673.024686737237,796.47831377911,1311.048,0.715863473747505,493.58188000271434,Fw
700,366.8,0.713922008728031,0.337580432730055,733.6,2019_yk_425,Yukon,2019,0.715740048409006,0.353881259283884,4.013071389331e-4,673.024686737237,796.47831377911,1311.048,0.715863473747505,493.58188000271434,Fw
701,367.324,0.714236218985166,0.338990424254215,734.648,2019_yk_425,Yukon,2019,0.715792193484175,0.354366805066397,4.855457825123e-4,673.024686737237,796.47831377911,1311.048,0.715863473747505,493.58188000271434,Fw
702,367.848,0.715880041386396,0.335281285903556,735.696,2019_yk_425,Yukon,2019,0.71574915701647,0.354882363182462,5.1555811606512e-4,673.024686737237,796.47831377911,1311.048,0.715863473747505,493.58188000271434,Fw
703,368.372,0.715835708239383,0.343922972330066,736.744,2019_yk_425,Yukon,2019,0.715831227371014,0.355355228162413,4.7286497995152e-4,673.024686737237,796.47831377911,1311.048,0.715863473747505,493.58188000271434,Fw
704,368.896,0.71669458787554,0.342241191880594,737.792,2019_yk_425,Yukon,2019,0.71578488752692,0.355895139937253,5.3991177484008e-4,673.024686737237,796.47831377911,1311.048,0.715863473747505,493.58188000271434,Fw
705,369.42,0.719287185177165,0.346057782850843,738.84,2019_yk_425,Yukon,2019,0.715827808532694,0.356386134095588,4.9099415833459e-4,673.024686737237,796.47831377911,1311.048,0.715863473747505,493.58188000271434,Fw
706,369.944,0.71628626160154,0.344852979235222,739.888,2019_yk_425,Yukon,2019,0.715836519609973,0.356763079555303,3.76945459715e-4,673.024686737237,796.47831377911,1311.048,0.715863473747505,493.58188000271434,Fw
707,370.468,0.716539977084058,0.345267233491825,740.936,2019_yk_425,Yukon,2019,0.715822247242087,0.35724775387565,4.8467432034721e-4,673.024686737237,796.47831377911,1311.048,0.715863473747505,493.58188000271434,Fw
708,370.992,0.712244952645717,0.344985580195457,741.984,2019_yk_425,Yukon,2019,0.715799034244236,0.357727422938274,4.7966906262408e-4,673.024686737237,796.47831377911,1311.048,0.715863473747505,493.58188000271434,Fw
709,371.516,0.715034364873738,0.339610027432544,743.032,2019_yk_425,Yukon,2019,0.715825610826539,0.358212104043461,4.846811051869e-4,673.024686737237,796.47831377911,1311.048,0.715863473747505,493.58188000271434,Fw
710,372.04,0.714515182372105,0.3417737413749,744.08,2019_yk_425,Yukon,2019,0.71584173318841,0.358816939474371,6.0483543091011e-4,673.024686737237,796.47831377911,1311.048,0.715863473747505,493.58188000271434,Fw
711,372.564,0.713033832541932,0.339934369898087,745.128,2019_yk_425,Yukon,2019,0.715885095095314,0.359423308169747,6.0636869537555e-4,673.024686737237,796.47831377911,1311.048,0.715863473747505,493.58188000271434,Fw
712,373.088,0.714026886255552,0.349959433977092,746.176,2019_yk_425,Yukon,2019,0.715940681956141,0.360016268860211,5.9296069046382e-4,673.024686737237,796.47831377911,1311.048,0.715863473747505,493.58188000271434,Fw
713,373.612,0.719928122746964,0.356119460650558,747.224,2019_yk_425,Yukon,2019,0.715972190000237,0.360594845725057,5.7857686484619e-4,673.024686737237,796.47831377911,1311.048,0.715863473747505,493.58188000271434,Fw
714,374.136,0.718059540824915,0.359983494645852,748.272,2019_yk_425,Yukon,2019,0.715953994096293,0.36107013531952,4.7528959446302e-4,673.024686737237,796.47831377911,1311.048,0.715863473747505,493.58188000271434,Fw
715,374.66,0.714732616639137,0.358427337471549,749.32,2019_yk_425,Yukon,2019,0.715930710274531,0.361670543073081,6.0040775356135e-4,673.024686737237,796.47831377911,1311.048,0.715863473747505,493.58188000271434,Fw
716,375.184,0.716303453236669,0.362290099245117,750.368,2019_yk_425,Yukon,2019,0.71589936322578,0.362324936078888,6.543930058071e-4,673.024686737237,796.47831377911,1311.048,0.715863473747505,493.58188000271434,Fw
717,375.708,0.714519963034896,0.366165130635875,751.416,2019_yk_425,Yukon,2019,0.715884567703185,0.362859488739969,5.3455266108065e-4,673.024686737237,796.47831377911,1311.048,0.715863473747505,493.58188000271434,Fw
718,376.232,0.714843107336981,0.364479562318147,752.464,2019_yk_425,Yukon,2019,0.715814686794378,0.36345706585732,5.975771173507e-4,673.024686737237,796.47831377911,1311.048,0.715863473747505,493.58188000271434,Fw
719,376.756,0.717464786133772,0.36888078763064,753.512,2019_yk_425,Yukon,2019,0.71580020717201,0.364043654123503,5.8658826618363e-4,673.024686737237,796.47831377911,1311.048,0.715863473747505,493.58188000271434,Fw
720,377.28,0.716096718808751,0.370705273742195,754.56,2019_yk_425,Yukon,2019,0.715817306935849,0.364762779815934,7.1912569243071e-4,673.024686737237,796.47831377911,1311.048,0.715863473747505,493.58188000271434,Fw
721,377.804,0.716349870348092,0.372043424537446,755.608,2019_yk_425,Yukon,2019,0.71582062426177,0.36547038231923,7.0760250329615e-4,673.024686737237,796.47831377911,1311.048,0.715863473747505,493.58188000271434,Fw
722,378.328,0.714751738502574,0.375430482910831,756.656,2019_yk_425,Yukon,2019,0.715824381069511,0.366201869899301,7.3148758007063e-4,673.024686737237,796.47831377911,1311.048,0.715863473747505,493.58188000271434,Fw
723,378.852,0.715719006378976,0.382302975059623,757.704,2019_yk_425,Yukon,2019,0.715857768900737,0.36706020104155,8.5833114224948e-4,673.024686737237,796.47831377911,1311.048,0.715863473747505,493.58188000271434,Fw
724,379.376,0.717626843902225,0.378758266880926,758.752,2019_yk_425,Yukon,2019,0.715852341998013,0.367784554385219,7.2435334366838e-4,673.024686737237,796.47831377911,1311.048,0.715863473747505,493.58188000271434,Fw
725,379.9,0.713274492370647,0.381515706446244,759.8,2019_yk_425,Yukon,2019,0.715852403098046,0.368549982731522,7.6542834630377e-4,673.024686737237,796.47831377911,1311.048,0.715863473747505,493.58188000271434,Fw
726,380.424,0.717384853971283,0.378877267643181,760.848,2019_yk_425,Yukon,2019,0.715858178666336,0.36935472303621,8.0474030468735e-4,673.024686737237,796.47831377911,1311.048,0.715863473747505,493.58188000271434,Fw
727,380.948,0.71426198013895,0.379882765747971,761.896,2019_yk_425,Yukon,2019,0.715787108461951,0.370118326134386,7.6360309817619e-4,673.024686737237,796.47831377911,1311.048,0.715863473747505,493.58188000271434,Fw
728,381.472,0.71687983316327,0.381631124734788,762.944,2019_yk_425,Yukon,2019,0.715796510348041,0.370936123959533,8.1779782514679e-4,673.024686737237,796.47831377911,1311.048,0.715863473747505,493.58188000271434,Fw
729,381.996,0.718152358163474,0.383297052046468,763.992,2019_yk_425,Yukon,2019,0.715798901323544,0.371694331503746,7.5820754421357e-4,673.024686737237,796.47831377911,1311.048,0.715863473747505,493.58188000271434,Fw
730,382.52,0.71346453829357,0.388194385303068,765.04,2019_yk_425,Yukon,2019,0.715871728465821,0.372443839656909,7.4950815316232e-4,673.024686737237,796.47831377911,1311.048,0.715863473747505,493.58188000271434,Fw
731,383.044,0.715948339325129,0.390494068005108,766.088,2019_yk_425,Yukon,2019,0.71592826205373,0.373288124605156,8.4428494824723e-4,673.024686737237,796.47831377911,1311.048,0.715863473747505,493.58188000271434,Fw
732,383.568,0.714842765199614,0.390027656065543,767.136,2019_yk_425,Yukon,2019,0.715895444805063,0.374278323630045,9.9019902488878e-4,673.024686737237,796.47831377911,1311.048,0.715863473747505,493.58188000271434,Fw
733,384.092,0.718438141950682,0.387957350956254,768.184,2019_yk_425,Yukon,2019,0.715943564109816,0.375000638363184,7.223147331396e-4,673.024686737237,796.47831377911,1311.048,0.715863473747505,493.58188000271434,Fw
734,384.616,0.71603062434108,0.387669588808604,769.232,2019_yk_425,Yukon,2019,0.715968627786879,0.375646143519949,6.4550515676481e-4,673.024686737237,796.47831377911,1311.048,0.715863473747505,493.58188000271434,Fw
735,385.14,0.716251564797034,0.385387805216463,770.28,2019_yk_425,Yukon,2019,0.715911630317569,0.376206934576433,5.6079105648387e-4,673.024686737237,796.47831377911,1311.048,0.715863473747505,493.58188000271434,Fw
736,385.664,0.71707354174838,0.381848446398716,771.328,2019_yk_425,Yukon,2019,0.715910222464806,0.376773681745085,5.6674716865162e-4,673.024686737237,796.47831377911,1311.048,0.715863473747505,493.58188000271434,Fw
737,386.188,0.71431049875473,0.386375804046373,772.376,2019_yk_425,Yukon,2019,0.715945624504647,0.377275247887103,5.0156614201801e-4,673.024686737237,796.47831377911,1311.048,0.715863473747505,493.58188000271434,Fw
738,386.712,0.716908059314501,0.386820021016088,773.424,2019_yk_425,Yukon,2019,0.715991389026579,0.377671253610818,3.9600572371506e-4,673.024686737237,796.47831377911,1311.048,0.715863473747505,493.58188000271434,Fw
739,387.236,0.716815751198734,0.384405429280795,774.472,2019_yk_425,Yukon,2019,0.715993894165434,0.378112679977486,4.4142636666821e-4,673.024686737237,796.47831377911,1311.048,0.715863473747505,493.58188000271434,Fw
740,387.76,0.714739957824894,0.3841364090288,775.52,2019_yk_425,Yukon,2019,0.715987087005893,0.378437197732905,3.2451775541869e-4,673.024686737237,796.47831377911,1311.048,0.715863473747505,493.58188000271434,Fw
741,388.284,0.717084069477199,0.381395502772591,776.568,2019_yk_425,Yukon,2019,0.71600256702823,0.378787979761558,3.5078202865385e-4,673.024686737237,796.47831377911,1311.048,0.715863473747505,493.58188000271434,Fw
742,388.808,0.718855120487237,0.38118305990637,777.616,2019_yk_425,Yukon,2019,0.716005250256239,0.378940579454703,1.5259969314507e-4,673.024686737237,796.47831377911,1311.048,0.715863473747505,493.58188000271434,Fw
743,389.332,0.716850054946325,0.381481845022747,778.664,2019_yk_425,Yukon,2019,0.715906061765147,0.379066278412968,1.256989582643e-4,673.024686737237,796.47831377911,1311.048,0.715863473747505,493.58188000271434,Fw
744,389.856,0.715822410151128,0.380056077554762,779.712,2019_yk_425,Yukon,2019,0.715844233296076,0.379084817162253,1.85387492852573e-5,673.024686737237,796.47831377911,1311.048,0.715863473747505,493.58188000271434,Fw
745,390.38,0.715281535267595,0.386011217622091,780.76,2019_yk_425,Yukon,2019,0.715852111965486,0.379135646413993,5.08292517403253e-5,673.024686737237,796.47831377911,1311.048,0.715863473747505,493.58188000271434,Fw
746,390.904,0.714107479970312,0.384583648783851,781.808,2019_yk_425,Yukon,2019,0.715817546529931,0.379141216521226,5.57010723251095e-6,673.024686737237,796.47831377911,1311.048,0.715863473747505,493.58188000271434,Fw
747,391.428,0.716420943736058,0.379137588271502,782.856,2019_yk_425,Yukon,2019,0.715815635104224,0.379103167843266,-3.80486779598121e-5,673.024686737237,796.47831377911,1311.048,0.715863473747505,493.58188000271434,Fw
748,391.952,0.71277785772653,0.376967369760871,783.904,2019_yk_425,Yukon,2019,0.715765294064509,0.379035667298948,-6.75005443184218e-5,673.024686737237,796.47831377911,1311.048,0.715863473747505,493.58188000271434,Fw
749,392.476,0.714699365900105,0.380972347445708,784.952,2019_yk_425,Yukon,2019,0.715735517998374,0.378732212503027,-3.0345479592031e-4,673.024686737237,796.47831377911,1311.048,0.715863473747505,493.58188000271434,Fw
750,393,0.714035914349134,0.382678021850676,786,2019_yk_425,Yukon,2019,0.715719194071307,0.378378975122321,-3.5323738070647e-4,673.024686737237,796.47831377911,1311.048,0.715863473747505,493.58188000271434,Fw
751,393.524,0.715874438943006,0.380309881162556,787.048,2019_yk_425,Yukon,2019,0.715760626713434,0.377940808133951,-4.381669883694e-4,673.024686737237,796.47831377911,1311.048,0.715863473747505,493.58188000271434,Fw
752,394.048,0.714952256377006,0.383549729573814,788.096,2019_yk_425,Yukon,2019,0.715760494727488,0.377472295161466,-4.6851297248556e-4,673.024686737237,796.47831377911,1311.048,0.715863473747505,493.58188000271434,Fw
753,394.572,0.717287593243403,0.386507354172861,789.144,2019_yk_425,Yukon,2019,0.7158092917389,0.377079700429026,-3.9259473243974e-4,673.024686737237,796.47831377911,1311.048,0.715863473747505,493.58188000271434,Fw
754,395.096,0.714526397631843,0.380432902571562,790.192,2019_yk_425,Yukon,2019,0.715800886594154,0.37672654275186,-3.5315767716609e-4,673.024686737237,796.47831377911,1311.048,0.715863473747505,493.58188000271434,Fw
755,395.62,0.71690333709207,0.38191280383847,791.24,2019_yk_425,Yukon,2019,0.715870716979074,0.376155390381811,-5.7115237004884e-4,673.024686737237,796.47831377911,1311.048,0.715863473747505,493.58188000271434,Fw
756,396.144,0.717014542322208,0.387906364392855,792.288,2019_yk_425,Yukon,2019,0.715827213274295,0.375541039125956,-6.1435125585551e-4,673.024686737237,796.47831377911,1311.048,0.715863473747505,493.58188000271434,Fw
757,396.668,0.714231982259581,0.388145167170598,793.336,2019_yk_425,Yukon,2019,0.715824709974752,0.375021914719897,-5.1912440605883e-4,673.024686737237,796.47831377911,1311.048,0.715863473747505,493.58188000271434,Fw
758,397.192,0.714779103849432,0.388596409707708,794.384,2019_yk_425,Yukon,2019,0.71582136254065,0.374595519365117,-4.2639535477939e-4,673.024686737237,796.47831377911,1311.048,0.715863473747505,493.58188000271434,Fw
759,397.716,0.717719399466295,0.385267966615516,795.432,2019_yk_425,Yukon,2019,0.715779049240412,0.374212691497003,-3.8282786811488e-4,673.024686737237,796.47831377911,1311.048,0.715863473747505,493.58188000271434,Fw
760,398.24,0.718291637264638,0.382550921919792,796.48,2019_yk_425,Yukon,2019,0.715827908535166,0.373813463360306,-3.9922813669707e-4,673.024686737237,796.47831377911,1311.048,0.715863473747505,493.58188000271434,Fw
761,398.764,0.717628234259677,0.38964752114905,797.528,2019_yk_425,Yukon,2019,0.715836011967143,0.373385786619582,-4.2767674072336e-4,673.024686737237,796.47831377911,1311.048,0.715863473747505,493.58188000271434,Fw
762,399.288,0.713911006466419,0.394693227396883,798.576,2019_yk_425,Yukon,2019,0.71585344224847,0.372913617258722,-4.721693608603e-4,673.024686737237,796.47831377911,1311.048,0.715863473747505,493.58188000271434,Fw
763,399.812,0.71872286652457,0.387261856318441,799.624,2019_yk_425,Yukon,2019,0.71578473181446,0.372573031018056,-3.4058624066635e-4,673.024686737237,796.47831377911,1311.048,0.715863473747505,493.58188000271434,Fw
764,400.336,0.718198408499322,0.380971501286482,800.672,2019_yk_425,Yukon,2019,0.71575199886563,0.372142279470789,-4.3075154726635e-4,673.024686737237,796.47831377911,1311.048,0.715863473747505,493.58188000271434,Fw
765,400.86,0.715867337018531,0.379705246239876,801.72,2019_yk_425,Yukon,2019,0.715792323358489,0.371808459397813,-3.3382007297616e-4,673.024686737237,796.47831377911,1311.048,0.715863473747505,493.58188000271434,Fw
766,401.384,0.716201790435776,0.378857809354322,802.768,2019_yk_425,Yukon,2019,0.715740643066063,0.371517249021378,-2.9121037643503e-4,673.024686737237,796.47831377911,1311.048,0.715863473747505,493.58188000271434,Fw
767,401.908,0.718664099474489,0.375361202012905,803.816,2019_yk_425,Yukon,2019,0.715820839625321,0.371255698900227,-2.6155012115086e-4,673.024686737237,796.47831377911,1311.048,0.715863473747505,493.58188000271434,Fw
768,402.432,0.714990823961681,0.368745923618361,804.864,2019_yk_425,Yukon,2019,0.715836101482908,0.371026778511008,-2.289203892194e-4,673.024686737237,796.47831377911,1311.048,0.715863473747505,493.58188000271434,Fw
769,402.956,0.715184673205,0.366095609432641,805.912,2019_yk_425,Yukon,2019,0.715804701806557,0.370856004835173,-1.7077367583445e-4,673.024686737237,796.47831377911,1311.048,0.715863473747505,493.58188000271434,Fw
770,403.48,0.71410675279965,0.36124480670002,806.96,2019_yk_425,Yukon,2019,0.715844100178854,0.370613388412785,-2.4261642238776e-4,673.024686737237,796.47831377911,1311.048,0.715863473747505,493.58188000271434,Fw
771,404.004,0.713962633882162,0.360981291617319,808.008,2019_yk_425,Yukon,2019,0.715798606036295,0.370328404767389,-2.8498364539608e-4,673.024686737237,796.47831377911,1311.048,0.715863473747505,493.58188000271434,Fw
772,404.528,0.714187879936077,0.359115415565795,809.056,2019_yk_425,Yukon,2019,0.715775338925883,0.370058674329534,-2.6973043785583e-4,673.024686737237,796.47831377911,1311.048,0.715863473747505,493.58188000271434,Fw
773,405.052,0.713976813281471,0.363661398146416,810.104,2019_yk_425,Yukon,2019,0.71575383939587,0.369713153403061,-3.4552092647294e-4,673.024686737237,796.47831377911,1311.048,0.715863473747505,493.58188000271434,Fw
774,405.576,0.714349832680664,0.36109581960297,811.152,2019_yk_425,Yukon,2019,0.715786380947436,0.369388050140509,-3.251032625518e-4,673.024686737237,796.47831377911,1311.048,0.715863473747505,493.58188000271434,Fw
775,406.1,0.715205336803747,0.361477092575969,812.2,2019_yk_425,Yukon,2019,0.715820166647975,0.36906945236728,-3.1859777322917e-4,673.024686737237,796.47831377911,1311.048,0.715863473747505,493.58188000271434,Fw
776,406.624,0.714229527103319,0.362624305679066,813.248,2019_yk_425,Yukon,2019,0.715814124100243,0.368764490913009,-3.0496145427028e-4,673.024686737237,796.47831377911,1311.048,0.715863473747505,493.58188000271434,Fw
777,407.148,0.714405277492505,0.363882209958286,814.296,2019_yk_425,Yukon,2019,0.715764170099252,0.368525756946568,-2.3873396644164e-4,673.024686737237,796.47831377911,1311.048,0.715863473747505,493.58188000271434,Fw
778,407.672,0.711822644954057,0.360429529659042,815.344,2019_yk_425,Yukon,2019,0.715786527017686,0.368346742879841,-1.790140667266e-4,673.024686737237,796.47831377911,1311.048,0.715863473747505,493.58188000271434,Fw
779,408.196,0.715678222165702,0.350673499875422,816.392,2019_yk_425,Yukon,2019,0.715844291582279,0.368041590732981,-3.0515214686016e-4,673.024686737237,796.47831377911,1311.048,0.715863473747505,493.58188000271434,Fw
780,408.72,0.715117283184732,0.349511030899805,817.44,2019_yk_425,Yukon,2019,0.71586773492111,0.3677971387877,-2.4445194528094e-4,673.024686737237,796.47831377911,1311.048,0.715863473747505,493.58188000271434,Fw
781,409.244,0.718835828875711,0.345753405235283,818.488,2019_yk_425,Yukon,2019,0.715829168034612,0.367524035549199,-2.7310323850104e-4,673.024686737237,796.47831377911,1311.048,0.715863473747505,493.58188000271434,Fw
782,409.768,0.714743819345785,0.347319704561697,819.536,2019_yk_425,Yukon,2019,0.71586606677448,0.367322866484149,-2.0116906504957e-4,673.024686737237,796.47831377911,1311.048,0.715863473747505,493.58188000271434,Fw
783,410.292,0.718646827063705,0.35874729111324,820.584,2019_yk_425,Yukon,2019,0.715848250992768,0.367058524490009,-2.6434199414049e-4,673.024686737237,796.47831377911,1311.048,0.715863473747505,493.58188000271434,Fw
784,410.816,0.717122535217462,0.357568806250959,821.632,2019_yk_425,Yukon,2019,0.715827188361362,0.366904832777188,-1.536917128212e-4,673.024686737237,796.47831377911,1311.048,0.715863473747505,493.58188000271434,Fw
785,411.34,0.717464315465821,0.347246564243314,822.68,2019_yk_425,Yukon,2019,0.715802653117081,0.36678757261217,-1.1726016501739e-4,673.024686737237,796.47831377911,1311.048,0.715863473747505,493.58188000271434,Fw
786,411.864,0.714774631684535,0.342016192291847,823.728,2019_yk_425,Yukon,2019,0.715765358915642,0.366463634245663,-3.239383665074e-4,673.024686737237,796.47831377911,1311.048,0.715863473747505,493.58188000271434,Fw
787,412.388,0.714111782166428,0.348735301384441,824.776,2019_yk_425,Yukon,2019,0.715758934100824,0.366066674835169,-3.9695941049394e-4,673.024686737237,796.47831377911,1311.048,0.715863473747505,493.58188000271434,Fw
788,412.912,0.716678987117102,0.356047403448025,825.824,2019_yk_425,Yukon,2019,0.715808148053645,0.365674711686815,-3.9196314835432e-4,673.024686737237,796.47831377911,1311.048,0.715863473747505,493.58188000271434,Fw
789,413.436,0.715613560149191,0.360327379959573,826.872,2019_yk_425,Yukon,2019,0.715767583911401,0.365330528240314,-3.441834465005e-4,673.024686737237,796.47831377911,1311.048,0.715863473747505,493.58188000271434,Fw
790,413.96,0.71639609597883,0.364240697101242,827.92,2019_yk_425,Yukon,2019,0.715690646083967,0.36504855642925,-2.8197181106426e-4,673.024686737237,796.47831377911,1311.048,0.715863473747505,493.58188000271434,Fw
791,414.484,0.716434545243774,0.364833463561708,828.968,2019_yk_425,Yukon,2019,0.715646467312187,0.36457564464182,-4.7291178742991e-4,673.024686737237,796.47831377911,1311.048,0.715863473747505,493.58188000271434,Fw
792,415.008,0.715888582079237,0.361697494413923,830.016,2019_yk_425,Yukon,2019,0.715657117691806,0.364014460404978,-5.611842368417e-4,673.024686737237,796.47831377911,1311.048,0.715863473747505,493.58188000271434,Fw
793,415.532,0.714315515910054,0.367522176516273,831.064,2019_yk_425,Yukon,2019,0.715603959492627,0.363597965933263,-4.1649447171499e-4,673.024686737237,796.47831377911,1311.048,0.715863473747505,493.58188000271434,Fw
794,416.056,0.714066647411309,0.361824495972626,832.112,2019_yk_425,Yukon,2019,0.715550033639365,0.363283890065483,-3.1407586777998e-4,673.024686737237,796.47831377911,1311.048,0.715863473747505,493.58188000271434,Fw
795,416.58,0.718671034368571,0.365358600837892,833.16,2019_yk_425,Yukon,2019,0.715570190279529,0.363011202357486,-2.7268770799698e-4,673.024686737237,796.47831377911,1311.048,0.715863473747505,493.58188000271434,Fw
796,417.104,0.713972724202833,0.364375823812616,834.208,2019_yk_425,Yukon,2019,0.715529964161574,0.362761595022007,-2.4960733547946e-4,673.024686737237,796.47831377911,1311.048,0.715863473747505,493.58188000271434,Fw
797,417.628,0.71912229231017,0.37068279677732,835.256,2019_yk_425,Yukon,2019,0.715421574245866,0.362488483740838,-2.7311128116841e-4,673.024686737237,796.47831377911,1311.048,0.715863473747505,493.58188000271434,Fw
798,418.152,0.71782377076975,0.373084797662925,836.304,2019_yk_425,Yukon,2019,0.715421821558615,0.362408365358501,-8.01183823373464e-5,673.024686737237,796.47831377911,1311.048,0.715863473747505,493.58188000271434,Fw
799,418.676,0.714931770617662,0.374159008730726,837.352,2019_yk_425,Yukon,2019,0.715480463758168,0.36236107639055,-4.72889679505872e-5,673.024686737237,796.47831377911,1311.048,0.715863473747505,493.58188000271434,Fw
800,419.2,0.717103860162722,0.369579423685536,838.4,2019_yk_425,Yukon,2019,0.715539632855637,0.3624331090456,7.20326550494033e-5,673.024686737237,796.47831377911,1311.048,0.715863473747505,493.58188000271434,Fw
801,419.724,0.714354420923642,0.364296484048824,839.448,2019_yk_425,Yukon,2019,0.715554653457267,0.362524081040162,9.09719945617615e-5,673.024686737237,796.47831377911,1311.048,0.715863473747505,493.58188000271434,Fw
802,420.248,0.717459093862501,0.364999233635018,840.496,2019_yk_425,Yukon,2019,0.715588486152663,0.362636189912895,1.1210887273344e-4,673.024686737237,796.47831377911,1311.048,0.715863473747505,493.58188000271434,Fw
803,420.772,0.71556008314558,0.360750589434371,841.544,2019_yk_425,Yukon,2019,0.715603159637813,0.362652737547183,1.65476342877668e-5,673.024686737237,796.47831377911,1311.048,0.715863473747505,493.58188000271434,Fw
804,421.296,0.717774903245099,0.360549881801654,842.592,2019_yk_425,Yukon,2019,0.715660810420274,0.362739342713174,8.66051659912381e-5,673.024686737237,796.47831377911,1311.048,0.715863473747505,493.58188000271434,Fw
805,421.82,0.717308677299917,0.366895351228339,843.64,2019_yk_425,Yukon,2019,0.715724615010106,0.362805682765455,6.63400522813995e-5,673.024686737237,796.47831377911,1311.048,0.715863473747505,493.58188000271434,Fw
806,422.344,0.713744927106404,0.366285961527631,844.688,2019_yk_425,Yukon,2019,0.715764585593283,0.362812281239524,6.59847406808689e-6,673.024686737237,796.47831377911,1311.048,0.715863473747505,493.58188000271434,Fw
807,422.868,0.713423703676592,0.364813550285002,845.736,2019_yk_425,Yukon,2019,0.715752647551671,0.362792739272028,-1.95419674954844e-5,673.024686737237,796.47831377911,1311.048,0.715863473747505,493.58188000271434,Fw
808,423.392,0.71411927283255,0.366226525757276,846.784,2019_yk_425,Yukon,2019,0.715823796867453,0.362733384175982,-5.93550960464873e-5,673.024686737237,796.47831377911,1311.048,0.715863473747505,493.58188000271434,Fw
809,423.916,0.71816523977571,0.3626632186341,847.832,2019_yk_425,Yukon,2019,0.715821025079275,0.362852307755365,1.1892357938325e-4,673.024686737237,796.47831377911,1311.048,0.715863473747505,493.58188000271434,Fw
810,424.44,0.71544251467895,0.368010905133818,848.88,2019_yk_425,Yukon,2019,0.715791678369145,0.362878222393397,2.59146380317543e-5,673.024686737237,796.47831377911,1311.048,0.715863473747505,493.58188000271434,Fw
811,424.964,0.713560425753146,0.363923686852495,849.928,2019_yk_425,Yukon,2019,0.715729844246857,0.363051273940783,1.730515473865e-4,673.024686737237,796.47831377911,1311.048,0.715863473747505,493.58188000271434,Fw
812,425.488,0.717166180769063,0.371479585670841,850.976,2019_yk_425,Yukon,2019,0.715772661862526,0.363212782324277,1.6150838349426e-4,673.024686737237,796.47831377911,1311.048,0.715863473747505,493.58188000271434,Fw
813,426.012,0.716218646340699,0.370646834524431,852.024,2019_yk_425,Yukon,2019,0.715740933090437,0.363152183168983,-6.05991552946605e-5,673.024686737237,796.47831377911,1311.048,0.715863473747505,493.58188000271434,Fw
814,426.536,0.713262639747515,0.37121139980229,853.072,2019_yk_425,Yukon,2019,0.715700912787613,0.363044641857899,-1.0754131108359e-4,673.024686737237,796.47831377911,1311.048,0.715863473747505,493.58188000271434,Fw
815,427.06,0.715431222435189,0.374877193937423,854.12,2019_yk_425,Yukon,2019,0.71564051996902,0.363035865419844,-8.77643805485828e-6,673.024686737237,796.47831377911,1311.048,0.715863473747505,493.58188000271434,Fw
816,427.584,0.714776890235858,0.368470062402414,855.168,2019_yk_425,Yukon,2019,0.715609368168406,0.363117444818364,8.15793985202706e-5,673.024686737237,796.47831377911,1311.048,0.715863473747505,493.58188000271434,Fw
817,428.108,0.713846493370509,0.36432760254096,856.216,2019_yk_425,Yukon,2019,0.715626463118211,0.363257889671914,1.4044485354958e-4,673.024686737237,796.47831377911,1311.048,0.715863473747505,493.58188000271434,Fw
818,428.632,0.717731941018677,0.365078620806448,857.264,2019_yk_425,Yukon,2019,0.71561549420763,0.363388651940088,1.307622681741e-4,673.024686737237,796.47831377911,1311.048,0.715863473747505,493.58188000271434,Fw
819,429.156,0.715285550931668,0.364616959825486,858.312,2019_yk_425,Yukon,2019,0.715620796739896,0.36359972032492,2.110683848317e-4,673.024686737237,796.47831377911,1311.048,0.715863473747505,493.58188000271434,Fw
820,429.68,0.713675367618606,0.365632613255936,859.36,2019_yk_425,Yukon,2019,0.715620497655028,0.36370151240008203,1.0179207516192e-4,673.024686737237,796.47831377911,1311.048,0.715863473747505,493.58188000271434,Fw
821,430.204,0.71497750795285,0.361272813903255,860.408,2019_yk_425,Yukon,2019,0.715618759609274,0.363852948289022,1.5143588894028e-4,673.024686737237,796.47831377911,1311.048,0.715863473747505,493.58188000271434,Fw
822,430.728,0.714550029243566,0.361022173186384,861.456,2019_yk_425,Yukon,2019,0.715586594832448,0.36403684610465,1.8389781562772e-4,673.024686737237,796.47831377911,1311.048,0.715863473747505,493.58188000271434,Fw
823,431.252,0.715533374573881,0.362272188015539,862.504,2019_yk_425,Yukon,2019,0.715585954609511,0.364149917120636,1.1307101598656e-4,673.024686737237,796.47831377911,1311.048,0.715863473747505,493.58188000271434,Fw
824,431.776,0.714962857303553,0.362126949219682,863.552,2019_yk_425,Yukon,2019,0.715631027935804,0.364409469836256,2.5955271561956e-4,673.024686737237,796.47831377911,1311.048,0.715863473747505,493.58188000271434,Fw
825,432.3,0.717076735428422,0.363343983760058,864.6,2019_yk_425,Yukon,2019,0.715567584936115,0.364670634444915,2.6116460865932e-4,673.024686737237,796.47831377911,1311.048,0.715863473747505,493.58188000271434,Fw
826,432.824,0.713788223358435,0.363881369225556,865.648,2019_yk_425,Yukon,2019,0.715623061667989,0.364959290517164,2.8865607224826e-4,673.024686737237,796.47831377911,1311.048,0.715863473747505,493.58188000271434,Fw
827,433.348,0.712160704532013,0.358974525142799,866.696,2019_yk_425,Yukon,2019,0.715564252261635,0.365146650191835,1.8735967467137e-4,673.024686737237,796.47831377911,1311.048,0.715863473747505,493.58188000271434,Fw
828,433.872,0.715005662726633,0.363938820678119,867.744,2019_yk_425,Yukon,2019,0.715539600365805,0.365304687238964,1.5803704712874e-4,673.024686737237,796.47831377911,1311.048,0.715863473747505,493.58188000271434,Fw
829,434.396,0.718703205178192,0.363258271355606,868.792,2019_yk_425,Yukon,2019,0.715553311631148,0.365442782648714,1.3809540975068e-4,673.024686737237,796.47831377911,1311.048,0.715863473747505,493.58188000271434,Fw
830,434.92,0.717656898647759,0.365566766002986,869.84,2019_yk_425,Yukon,2019,0.715499014596799,0.365645337665751,2.0255501703642e-4,673.024686737237,796.47831377911,1311.048,0.715863473747505,493.58188000271434,Fw
831,435.444,0.714863869979956,0.366439611291022,870.888,2019_yk_425,Yukon,2019,0.715519190576511,0.365965216937312,3.198792715609e-4,673.024686737237,796.47831377911,1311.048,0.715863473747505,493.58188000271434,Fw
832,435.968,0.716217841659865,0.3658419479298,871.936,2019_yk_425,Yukon,2019,0.715510944131973,0.366276832380173,3.1161544286134e-4,673.024686737237,796.47831377911,1311.048,0.715863473747505,493.58188000271434,Fw
833,436.492,0.714857222390465,0.364654256203684,872.984,2019_yk_425,Yukon,2019,0.715516645928669,0.366608146230038,3.3131384986462e-4,673.024686737237,796.47831377911,1311.048,0.715863473747505,493.58188000271434,Fw
834,437.016,0.717808879628338,0.366292129562447,874.032,2019_yk_425,Yukon,2019,0.715447350455998,0.366994874035273,3.8672780523491e-4,673.024686737237,796.47831377911,1311.048,0.715863473747505,493.58188000271434,Fw
835,437.54,0.719033612193641,0.365457495712851,875.08,2019_yk_425,Yukon,2019,0.715379905672426,0.367345756290107,3.5088225483437e-4,673.024686737237,796.47831377911,1311.048,0.715863473747505,493.58188000271434,Fw
836,438.064,0.716627762093957,0.363020214123153,876.128,2019_yk_425,Yukon,2019,0.715448332002505,0.367687584994806,3.4182870469873e-4,673.024686737237,796.47831377911,1311.048,0.715863473747505,493.58188000271434,Fw
837,438.588,0.713688994995795,0.362709691908556,877.176,2019_yk_425,Yukon,2019,0.715506448218134,0.368149019768463,4.6143477365712e-4,673.024686737237,796.47831377911,1311.048,0.715863473747505,493.58188000271434,Fw
838,439.112,0.716091603900977,0.356868223896254,878.224,2019_yk_425,Yukon,2019,0.715511559837814,0.368632406950714,4.8338718225093e-4,673.024686737237,796.47831377911,1311.048,0.715863473747505,493.58188000271434,Fw
839,439.636,0.71551191487502,0.357808914638418,879.272,2019_yk_425,Yukon,2019,0.71548936017513,0.369262085622939,6.2967867222574e-4,673.024686737237,796.47831377911,1311.048,0.715863473747505,493.58188000271434,Fw
840,440.16,0.713356480576915,0.351065909181711,880.32,2019_yk_425,Yukon,2019,0.715513797103109,0.369885359517373,6.2327389443395e-4,673.024686737237,796.47831377911,1311.048,0.715863473747505,493.58188000271434,Fw
841,440.684,0.715125781538425,0.356136498078471,881.368,2019_yk_425,Yukon,2019,0.715510303396179,0.370617457094869,7.3209757749537e-4,673.024686737237,796.47831377911,1311.048,0.715863473747505,493.58188000271434,Fw
842,441.208,0.717312876285909,0.357010207571356,882.416,2019_yk_425,Yukon,2019,0.71555947331493,0.3713110482856,6.9359119073114e-4,673.024686737237,796.47831377911,1311.048,0.715863473747505,493.58188000271434,Fw
843,441.732,0.716743100738413,0.355111341795559,883.464,2019_yk_425,Yukon,2019,0.715526918605343,0.372001227500345,6.9017921474529e-4,673.024686737237,796.47831377911,1311.048,0.715863473747505,493.58188000271434,Fw
844,442.256,0.714721317048002,0.351116327585944,884.512,2019_yk_425,Yukon,2019,0.715588275674562,0.372725214806549,7.2398730620343e-4,673.024686737237,796.47831377911,1311.048,0.715863473747505,493.58188000271434,Fw
845,442.78,0.713840746350263,0.346719977960022,885.56,2019_yk_425,Yukon,2019,0.715604640433097,0.373331886613418,6.0667180686896e-4,673.024686737237,796.47831377911,1311.048,0.715863473747505,493.58188000271434,Fw
846,443.304,0.712905523647657,0.346910956203063,886.608,2019_yk_425,Yukon,2019,0.715601398305079,0.374044329904927,7.1244329150899e-4,673.024686737237,796.47831377911,1311.048,0.715863473747505,493.58188000271434,Fw
847,443.828,0.715137479154772,0.357161992597417,887.656,2019_yk_425,Yukon,2019,0.715668888465509,0.374928692888198,8.8436298327115e-4,673.024686737237,796.47831377911,1311.048,0.715863473747505,493.58188000271434,Fw
848,444.352,0.716020852482232,0.363893139538468,888.704,2019_yk_425,Yukon,2019,0.715598859432109,0.375820806836826,8.9211394862859e-4,673.024686737237,796.47831377911,1311.048,0.715863473747505,493.58188000271434,Fw
849,444.876,0.715931712085141,0.372991483049478,889.752,2019_yk_425,Yukon,2019,0.715602668754736,0.376763037084639,9.4223024781303e-4,673.024686737237,796.47831377911,1311.048,0.715863473747505,493.58188000271434,Fw
850,445.4,0.716378150886755,0.370348221610955,890.8,2019_yk_425,Yukon,2019,0.715621668970551,0.377747356997729,9.843199130895e-4,673.024686737237,796.47831377911,1311.048,0.715863473747505,493.58188000271434,Fw
851,445.924,0.716330262498534,0.373919616898126,891.848,2019_yk_425,Yukon,2019,0.715622072932739,0.378733942739015,9.8658574128568e-4,673.024686737237,796.47831377911,1311.048,0.715863473747505,493.58188000271434,Fw
852,446.448,0.713958695469645,0.372731363351586,892.896,2019_yk_425,Yukon,2019,0.715651279403078,0.379761853794705,0.00102791105569028,673.024686737237,796.47831377911,1311.048,0.715863473747505,493.58188000271434,Fw
853,446.972,0.714277102533844,0.374306437475467,893.944,2019_yk_425,Yukon,2019,0.715645208013005,0.380791915210067,0.00103006141536205,673.024686737237,796.47831377911,1311.048,0.715863473747505,493.58188000271434,Fw
854,447.496,0.716771046988922,0.377397658909798,894.992,2019_yk_425,Yukon,2019,0.715643139974477,0.38183077252727,0.00103885731720277,673.024686737237,796.47831377911,1311.048,0.715863473747505,493.58188000271434,Fw
855,448.02,0.71486445438722,0.381028477357454,896.04,2019_yk_425,Yukon,2019,0.715558794947503,0.382827756793121,9.9698426585154e-4,673.024686737237,796.47831377911,1311.048,0.715863473747505,493.58188000271434,Fw
856,448.544,0.717301328115259,0.38169518814751,897.088,2019_yk_425,Yukon,2019,0.715612098336933,0.383809751099864,9.8199430674245e-4,673.024686737237,796.47831377911,1311.048,0.715863473747505,493.58188000271434,Fw
857,449.068,0.715593727928949,0.381924377257606,898.136,2019_yk_425,Yukon,2019,0.715676457205517,0.384901268583283,0.0010915174834189,673.024686737237,796.47831377911,1311.048,0.715863473747505,493.58188000271434,Fw
858,449.592,0.71634465701996,0.38256702049065,899.184,2019_yk_425,Yukon,2019,0.715666014334737,0.385866910832671,9.6564224938872e-4,673.024686737237,796.47831377911,1311.048,0.715863473747505,493.58188000271434,Fw
859,450.116,0.715754446538205,0.382444733315764,900.232,2019_yk_425,Yukon,2019,0.715612098806931,0.386818602777394,9.5169194472288e-4,673.024686737237,796.47831377911,1311.048,0.715863473747505,493.58188000271434,Fw
860,450.64,0.713846038101774,0.381732724707723,901.28,2019_yk_425,Yukon,2019,0.715592262751653,0.387801590995819,9.8298821842485e-4,673.024686737237,796.47831377911,1311.048,0.715863473747505,493.58188000271434,Fw
861,451.164,0.715564979706358,0.383489240342479,902.328,2019_yk_425,Yukon,2019,0.71560319757384,0.388754074744115,9.5248374829559e-4,673.024686737237,796.47831377911,1311.048,0.715863473747505,493.58188000271434,Fw
862,451.688,0.716964307190265,0.3836961602067,903.376,2019_yk_425,Yukon,2019,0.715604149783917,0.389742549657165,9.8847491305031e-4,673.024686737237,796.47831377911,1311.048,0.715863473747505,493.58188000271434,Fw
863,452.212,0.715902190947324,0.380629420426248,904.424,2019_yk_425,Yukon,2019,0.71561523152182,0.390819815720825,0.00107726606366032,673.024686737237,796.47831377911,1311.048,0.715863473747505,493.58188000271434,Fw
864,452.736,0.713617174884812,0.383753550115748,905.472,2019_yk_425,Yukon,2019,0.715592404709459,0.391898796215582,0.00107898049475652,673.024686737237,796.47831377911,1311.048,0.715863473747505,493.58188000271434,Fw
865,453.26,0.7132619902856,0.3879482865184,906.52,2019_yk_425,Yukon,2019,0.715496801042285,0.392899321208411,0.00100052499282932,673.024686737237,796.47831377911,1311.048,0.715863473747505,493.58188000271434,Fw
866,453.784,0.717850506911132,0.386795683809556,907.568,2019_yk_425,Yukon,2019,0.715463654836055,0.393967908672677,0.00106858746426602,673.024686737237,796.47831377911,1311.048,0.715863473747505,493.58188000271434,Fw
867,454.308,0.716910676614327,0.392499636704427,908.616,2019_yk_425,Yukon,2019,0.715461342264437,0.395093962621731,0.00112605394905357,673.024686737237,796.47831377911,1311.048,0.715863473747505,493.58188000271434,Fw
868,454.832,0.71442597001335,0.395229756692332,909.664,2019_yk_425,Yukon,2019,0.71545410816449,0.396218865369892,0.00112490274816168,673.024686737237,796.47831377911,1311.048,0.715863473747505,493.58188000271434,Fw
869,455.356,0.716833260014708,0.400443938967642,910.712,2019_yk_425,Yukon,2019,0.715430055068302,0.397356449740059,0.00113758437016642,673.024686737237,796.47831377911,1311.048,0.715863473747505,493.58188000271434,Fw
870,455.88,0.716908730357653,0.405407338799857,911.76,2019_yk_425,Yukon,2019,0.715461908200293,0.398510625674405,0.00115417593434608,673.024686737237,796.47831377911,1311.048,0.715863473747505,493.58188000271434,Fw
871,456.404,0.713350803337352,0.407849541502217,912.808,2019_yk_425,Yukon,2019,0.715468158636592,0.399627337513972,0.00111671183956741,673.024686737237,796.47831377911,1311.048,0.715863473747505,493.58188000271434,Fw
872,456.928,0.720116375894143,0.413095057114708,913.856,2019_yk_425,Yukon,2019,0.715465200096363,0.400770050736785,0.00114271322281251,673.024686737237,796.47831377911,1311.048,0.715863473747505,493.58188000271434,Fw
873,457.452,0.714265363765467,0.412057587409149,914.904,2019_yk_425,Yukon,2019,0.715420958975966,0.4018629290606,0.00109287832381533,673.024686737237,796.47831377911,1311.048,0.715863473747505,493.58188000271434,Fw
874,457.976,0.716944063900652,0.414650638174497,915.952,2019_yk_425,Yukon,2019,0.715468669667636,0.403068330863398,0.00120540180279827,673.024686737237,796.47831377911,1311.048,0.715863473747505,493.58188000271434,Fw
875,458.5,0.71641310794732,0.411277502349559,917,2019_yk_425,Yukon,2019,0.715513405117778,0.404231425549447,0.00116309468604847,673.024686737237,796.47831377911,1311.048,0.715863473747505,493.58188000271434,Fw
876,459.024,0.71458236255475,0.411216659892953,918.048,2019_yk_425,Yukon,2019,0.715544356677383,0.40532935932243,0.00109793377298345,673.024686737237,796.47831377911,1311.048,0.715863473747505,493.58188000271434,Fw
877,459.548,0.71789590299633,0.417389381537229,919.096,2019_yk_425,Yukon,2019,0.715512687306268,0.406237941297903,9.08581975473e-4,673.024686737237,796.47831377911,1311.048,0.715863473747505,493.58188000271434,Fw
878,460.072,0.713530199014685,0.418605457724163,920.144,2019_yk_425,Yukon,2019,0.715521055706206,0.407044669938028,8.0672864012459e-4,673.024686737237,796.47831377911,1311.048,0.715863473747505,493.58188000271434,Fw
879,460.596,0.715514110289247,0.421150774694267,921.192,2019_yk_425,Yukon,2019,0.715496877885581,0.407777899627953,7.3322968992484e-4,673.024686737237,796.47831377911,1311.048,0.715863473747505,493.58188000271434,Fw
880,461.12,0.714815380567531,0.424691808041309,922.24,2019_yk_425,Yukon,2019,0.715515802667712,0.408527182482817,7.4928285486392e-4,673.024686737237,796.47831377911,1311.048,0.715863473747505,493.58188000271434,Fw
881,461.644,0.715001745684113,0.420467958380394,923.288,2019_yk_425,Yukon,2019,0.715546903586587,0.409149128352569,6.2194586975272e-4,673.024686737237,796.47831377911,1311.048,0.715863473747505,493.58188000271434,Fw
882,462.168,0.716302417463955,0.422696836527802,924.336,2019_yk_425,Yukon,2019,0.71556098069626,0.40984512408205,6.9599572948031e-4,673.024686737237,796.47831377911,1311.048,0.715863473747505,493.58188000271434,Fw
883,462.692,0.715169091169453,0.424075872937259,925.384,2019_yk_425,Yukon,2019,0.715553957748969,0.410474505238095,6.2938115604549e-4,673.024686737237,796.47831377911,1311.048,0.715863473747505,493.58188000271434,Fw
884,463.216,0.71483877499192,0.424458388251849,926.432,2019_yk_425,Yukon,2019,0.715510565738754,0.411095178490888,6.206732527928e-4,673.024686737237,796.47831377911,1311.048,0.715863473747505,493.58188000271434,Fw
885,463.74,0.712016033809981,0.423163039711149,927.48,2019_yk_425,Yukon,2019,0.715493548860345,0.41157916099527,4.8398250438219e-4,673.024686737237,796.47831377911,1311.048,0.715863473747505,493.58188000271434,Fw
886,464.264,0.71698642672419,0.422801027630103,928.528,2019_yk_425,Yukon,2019,0.715419337383089,0.412031292120316,4.5213112504571e-4,673.024686737237,796.47831377911,1311.048,0.715863473747505,493.58188000271434,Fw
887,464.788,0.716022236647041,0.42446557414793,929.576,2019_yk_425,Yukon,2019,0.715395069075008,0.412455154069061,4.2386194874555e-4,673.024686737237,796.47831377911,1311.048,0.715863473747505,493.58188000271434,Fw
888,465.312,0.714379090479861,0.421877355641443,930.624,2019_yk_425,Yukon,2019,0.715394625980192,0.412824408688064,3.6925461900211e-4,673.024686737237,796.47831377911,1311.048,0.715863473747505,493.58188000271434,Fw
889,465.836,0.715468273509837,0.42035978803898,931.672,2019_yk_425,Yukon,2019,0.715396418026102,0.413143375921955,3.1896723389113e-4,673.024686737237,796.47831377911,1311.048,0.715863473747505,493.58188000271434,Fw
890,466.36,0.716466735331045,0.424546059108476,932.72,2019_yk_425,Yukon,2019,0.715414657604195,0.413502187944545,3.5881202258997e-4,673.024686737237,796.47831377911,1311.048,0.715863473747505,493.58188000271434,Fw
891,466.884,0.7155199593112,0.423588636188758,933.768,2019_yk_425,Yukon,2019,0.715416348906025,0.413827552417359,3.2536447281461e-4,673.024686737237,796.47831377911,1311.048,0.715863473747505,493.58188000271434,Fw
892,467.408,0.716274974264482,0.425150442712818,934.816,2019_yk_425,Yukon,2019,0.715325555841366,0.414139342346067,3.1178992870789e-4,673.024686737237,796.47831377911,1311.048,0.715863473747505,493.58188000271434,Fw
893,467.932,0.715522126664667,0.429290220023301,935.864,2019_yk_425,Yukon,2019,0.715272185336277,0.414523944996646,3.8460265057888e-4,673.024686737237,796.47831377911,1311.048,0.715863473747505,493.58188000271434,Fw
894,468.456,0.716439270886637,0.431030959247842,936.912,2019_yk_425,Yukon,2019,0.715247387825064,0.41481904887924,2.9510388259351e-4,673.024686737237,796.47831377911,1311.048,0.715863473747505,493.58188000271434,Fw
895,468.98,0.713297392163211,0.425488995282611,937.96,2019_yk_425,Yukon,2019,0.715291826882009,0.414988551852802,1.6950297356244e-4,673.024686737237,796.47831377911,1311.048,0.715863473747505,493.58188000271434,Fw
896,469.504,0.714638989720185,0.427135461979111,939.008,2019_yk_425,Yukon,2019,0.715276767688893,0.415197789702637,2.0923784983478e-4,673.024686737237,796.47831377911,1311.048,0.715863473747505,493.58188000271434,Fw
897,470.028,0.713550240698715,0.430272928851772,940.056,2019_yk_425,Yukon,2019,0.715266053748606,0.415295185580147,9.73958775104533e-5,673.024686737237,796.47831377911,1311.048,0.715863473747505,493.58188000271434,Fw
898,470.552,0.715657557904171,0.424362388785955,941.104,2019_yk_425,Yukon,2019,0.715331871813729,0.415303077520983,7.89194083611333e-6,673.024686737237,796.47831377911,1311.048,0.715863473747505,493.58188000271434,Fw
899,471.076,0.714068729103686,0.426063976848404,942.152,2019_yk_425,Yukon,2019,0.715259573639833,0.415182987122982,-1.2009039800131e-4,673.024686737237,796.47831377911,1311.048,0.715863473747505,493.58188000271434,Fw
900,471.6,0.715267668496374,0.420316465242476,943.2,2019_yk_425,Yukon,2019,0.715224112344848,0.414922518531137,-2.6046859184542e-4,673.024686737237,796.47831377911,1311.048,0.715863473747505,493.58188000271434,Fw
901,472.124,0.715500807716359,0.423139208452516,944.248,2019_yk_425,Yukon,2019,0.715273545390358,0.414602510210296,-3.2000832084044e-4,673.024686737237,796.47831377911,1311.048,0.715863473747505,493.58188000271434,Fw
902,472.648,0.717135363872198,0.425573000940104,945.296,2019_yk_425,Yukon,2019,0.715246707542713,0.41415190003044,-4.506101798567e-4,673.024686737237,796.47831377911,1311.048,0.715863473747505,493.58188000271434,Fw
903,473.172,0.714088633514607,0.420684041224479,946.344,2019_yk_425,Yukon,2019,0.71526607521969,0.41372248892039,-4.2941111004973e-4,673.024686737237,796.47831377911,1311.048,0.715863473747505,493.58188000271434,Fw
904,473.696,0.717583958548198,0.423440435753843,947.392,2019_yk_425,Yukon,2019,0.715223713759277,0.413240589111425,-4.818998089644e-4,673.024686737237,796.47831377911,1311.048,0.715863473747505,493.58188000271434,Fw
905,474.22,0.716524873358758,0.416505659122929,948.44,2019_yk_425,Yukon,2019,0.71519412835991,0.412860231866459,-3.803572449661e-4,673.024686737237,796.47831377911,1311.048,0.715863473747505,493.58188000271434,Fw
906,474.744,0.714762617223989,0.412786982582068,949.488,2019_yk_425,Yukon,2019,0.715218202856297,0.41245623436592,-4.0399750053893e-4,673.024686737237,796.47831377911,1311.048,0.715863473747505,493.58188000271434,Fw
907,475.268,0.713237316887867,0.411676911125798,950.536,2019_yk_425,Yukon,2019,0.715188122372241,0.411823810579299,-6.3242378662153e-4,673.024686737237,796.47831377911,1311.048,0.715863473747505,493.58188000271434,Fw
908,475.792,0.716522956478522,0.412296857945945,951.584,2019_yk_425,Yukon,2019,0.71523971706984,0.411270894392369,-5.5291618692981e-4,673.024686737237,796.47831377911,1311.048,0.715863473747505,493.58188000271434,Fw
909,476.316,0.714481042847606,0.416985264444966,952.632,2019_yk_425,Yukon,2019,0.71526829474786,0.410591577562441,-6.7931682992789e-4,673.024686737237,796.47831377911,1311.048,0.715863473747505,493.58188000271434,Fw
910,476.84,0.717513637814653,0.41530519290279,953.68,2019_yk_425,Yukon,2019,0.715263277503637,0.409782378428821,-8.0919913361959e-4,673.024686737237,796.47831377911,1311.048,0.715863473747505,493.58188000271434,Fw
911,477.364,0.718196317630992,0.411236369083289,954.728,2019_yk_425,Yukon,2019,0.715264316010232,0.408984024589172,-7.9835383964976e-4,673.024686737237,796.47831377911,1311.048,0.715863473747505,493.58188000271434,Fw
912,477.888,0.714803322050069,0.414491107120409,955.776,2019_yk_425,Yukon,2019,0.715243500574902,0.408176959895462,-8.0706469370978e-4,673.024686737237,796.47831377911,1311.048,0.715863473747505,493.58188000271434,Fw
913,478.412,0.713855725696356,0.412069306838195,956.824,2019_yk_425,Yukon,2019,0.715231847622493,0.40734900283133,-8.2795706413224e-4,673.024686737237,796.47831377911,1311.048,0.715863473747505,493.58188000271434,Fw
914,478.936,0.714167526376022,0.414638054077366,957.872,2019_yk_425,Yukon,2019,0.715249061941593,0.406450706123416,-8.9829670791363e-4,673.024686737237,796.47831377911,1311.048,0.715863473747505,493.58188000271434,Fw
915,479.46,0.713843441682667,0.410067427620387,958.92,2019_yk_425,Yukon,2019,0.715300300467252,0.405524209754138,-9.2649636927788e-4,673.024686737237,796.47831377911,1311.048,0.715863473747505,493.58188000271434,Fw
916,479.984,0.712848639479929,0.408823055650251,959.968,2019_yk_425,Yukon,2019,0.715244608650246,0.404624199781944,-0.00090000997219441005,673.024686737237,796.47831377911,1311.048,0.715863473747505,493.58188000271434,Fw
917,480.508,0.71413762944406,0.407356094182341,961.016,2019_yk_425,Yukon,2019,0.715215024714424,0.403701937436958,-9.222623449861e-4,673.024686737237,796.47831377911,1311.048,0.715863473747505,493.58188000271434,Fw
918,481.032,0.716318071331008,0.404722297630775,962.064,2019_yk_425,Yukon,2019,0.715237449415094,0.402768228841319,-9.3370859563846e-4,673.024686737237,796.47831377911,1311.048,0.715863473747505,493.58188000271434,Fw
919,481.556,0.715861969292835,0.401582767349232,963.112,2019_yk_425,Yukon,2019,0.71522033111165,0.401845281776236,-9.2294706508294e-4,673.024686737237,796.47831377911,1311.048,0.715863473747505,493.58188000271434,Fw
920,482.08,0.714940412787306,0.403261446063123,964.16,2019_yk_425,Yukon,2019,0.715180953564854,0.400793987837603,-0.00105129393863318,673.024686737237,796.47831377911,1311.048,0.715863473747505,493.58188000271434,Fw
921,482.604,0.715666457816174,0.403011108711356,965.208,2019_yk_425,Yukon,2019,0.715148688113865,0.399747466270496,-0.00104652156710711,673.024686737237,796.47831377911,1311.048,0.715863473747505,493.58188000271434,Fw
922,483.128,0.71151672331074,0.402403555929172,966.256,2019_yk_425,Yukon,2019,0.715098891267221,0.39863709097273903,-0.00111037529775659,673.024686737237,796.47831377911,1311.048,0.715863473747505,493.58188000271434,Fw
923,483.652,0.71269996064196794,0.40370557946098,967.304,2019_yk_425,Yukon,2019,0.715088488226336,0.3974124445249,-0.00122464644783954,673.024686737237,796.47831377911,1311.048,0.715863473747505,493.58188000271434,Fw
924,484.176,0.712129324212053,0.401459783071358,968.352,2019_yk_425,Yukon,2019,0.71504482345789,0.396146485041798,-0.00126595948310188,673.024686737237,796.47831377911,1311.048,0.715863473747505,493.58188000271434,Fw
925,484.7,0.715928333702263,0.398118464932148,969.4,2019_yk_425,Yukon,2019,0.715055693179007,0.395039224363835,-0.00110726067796285,673.024686737237,796.47831377911,1311.048,0.715863473747505,493.58188000271434,Fw
926,485.224,0.716946955324189,0.399349954799644,970.448,2019_yk_425,Yukon,2019,0.71506239405819,0.393830773141434,-0.00120845122240132,673.024686737237,796.47831377911,1311.048,0.715863473747505,493.58188000271434,Fw
927,485.748,0.716267840197132,0.398343389355055,971.496,2019_yk_425,Yukon,2019,0.715098360423755,0.39253533724958,-0.0012954358918541,673.024686737237,796.47831377911,1311.048,0.715863473747505,493.58188000271434,Fw
928,486.272,0.718375053920737,0.395703273142498,972.544,2019_yk_425,Yukon,2019,0.715079769597294,0.39133466878945,-0.00120066846013006,673.024686737237,796.47831377911,1311.048,0.715863473747505,493.58188000271434,Fw
929,486.796,0.712495369580904,0.393238515087562,973.592,2019_yk_425,Yukon,2019,0.715080492443004,0.390040498183716,-0.00129417060573367,673.024686737237,796.47831377911,1311.048,0.715863473747505,493.58188000271434,Fw
930,487.32,0.71478105265858,0.389779223289133,974.64,2019_yk_425,Yukon,2019,0.715095309146674,0.388865219232002,-0.00117527895171371,673.024686737237,796.47831377911,1311.048,0.715863473747505,493.58188000271434,Fw
931,487.844,0.716316786067967,0.38864904225179,975.688,2019_yk_425,Yukon,2019,0.715080723645226,0.387568210391319,-0.00129700884068323,673.024686737237,796.47831377911,1311.048,0.715863473747505,493.58188000271434,Fw
932,488.368,0.718506105035407,0.386058446323306,976.736,2019_yk_425,Yukon,2019,0.715081762035823,0.386164388289628,-0.00140382210169065,673.024686737237,796.47831377911,1311.048,0.715863473747505,493.58188000271434,Fw
933,488.892,0.715427424384068,0.386292920806168,977.784,2019_yk_425,Yukon,2019,0.715129056357373,0.384812129198031,-0.00135225909159736,673.024686737237,796.47831377911,1311.048,0.715863473747505,493.58188000271434,Fw
934,489.416,0.714402376275886,0.38573664963663,978.832,2019_yk_425,Yukon,2019,0.715095145795427,0.383341362555719,-0.00147076664231183,673.024686737237,796.47831377911,1311.048,0.715863473747505,493.58188000271434,Fw
935,489.94,0.714637983985345,0.388456067651592,979.88,2019_yk_425,Yukon,2019,0.715096337936463,0.382012689822711,-0.00132867273300807,673.024686737237,796.47831377911,1311.048,0.715863473747505,493.58188000271434,Fw
936,490.464,0.716026832337921,0.386976809860619,980.928,2019_yk_425,Yukon,2019,0.715133634935073,0.380679192384279,-0.00133349743843203,673.024686737237,796.47831377911,1311.048,0.715863473747505,493.58188000271434,Fw
937,490.988,0.716091073952972,0.379443954339937,981.976,2019_yk_425,Yukon,2019,0.715196722211879,0.379397256055809,-0.00128193632846968,673.024686737237,796.47831377911,1311.048,0.715863473747505,493.58188000271434,Fw
938,491.512,0.716625880870629,0.385430486508373,983.024,2019_yk_425,Yukon,2019,0.7151686292446,0.378031429882433,-0.00136582617337599,673.024686737237,796.47831377911,1311.048,0.715863473747505,493.58188000271434,Fw
939,492.036,0.717228770970479,0.380391764898595,984.072,2019_yk_425,Yukon,2019,0.715128047204705,0.376713550495794,-0.0013178793866398,673.024686737237,796.47831377911,1311.048,0.715863473747505,493.58188000271434,Fw
940,492.56,0.714514345914103,0.376139860024132,985.12,2019_yk_425,Yukon,2019,0.71504880576782,0.375339050499856,-0.00137449999593714,673.024686737237,796.47831377911,1311.048,0.715863473747505,493.58188000271434,Fw
941,493.084,0.715064056079857,0.372566728001405,986.168,2019_yk_425,Yukon,2019,0.71503429917133,0.37397741903303,-0.00136163146682627,673.024686737237,796.47831377911,1311.048,0.715863473747505,493.58188000271434,Fw
942,493.608,0.715053491344154,0.374272954905216,987.216,2019_yk_425,Yukon,2019,0.715057659575233,0.372515809900207,-0.00146160913282339,673.024686737237,796.47831377911,1311.048,0.715863473747505,493.58188000271434,Fw
943,494.132,0.714469914024917,0.374398449089324,988.264,2019_yk_425,Yukon,2019,0.715065956592128,0.37110445483632,-0.00141135506388718,673.024686737237,796.47831377911,1311.048,0.715863473747505,493.58188000271434,Fw
944,494.656,0.715871634137888,0.37056058577703,989.312,2019_yk_425,Yukon,2019,0.715152652838335,0.369601244487044,-0.00150321034927575,673.024686737237,796.47831377911,1311.048,0.715863473747505,493.58188000271434,Fw
945,495.18,0.71509034534955,0.367573257554477,990.36,2019_yk_425,Yukon,2019,0.715201087250315,0.368178998768445,-0.00142224571859934,673.024686737237,796.47831377911,1311.048,0.715863473747505,493.58188000271434,Fw
946,495.704,0.713644917703782,0.368800429298439,991.408,2019_yk_425,Yukon,2019,0.715247307103764,0.366779664114073,-0.00139933465437136,673.024686737237,796.47831377911,1311.048,0.715863473747505,493.58188000271434,Fw
947,496.228,0.714247200497758,0.369129833448765,992.456,2019_yk_425,Yukon,2019,0.715283123904653,0.365455583445184,-0.00132408066888895,673.024686737237,796.47831377911,1311.048,0.715863473747505,493.58188000271434,Fw
948,496.752,0.715724572520034,0.365854839903133,993.504,2019_yk_425,Yukon,2019,0.71529512594239,0.364171015493759,-0.00128456795142529,673.024686737237,796.47831377911,1311.048,0.715863473747505,493.58188000271434,Fw
949,497.276,0.714441175303234,0.364982964134005,994.552,2019_yk_425,Yukon,2019,0.715290444360216,0.362880542684514,-0.00129047280924488,673.024686737237,796.47831377911,1311.048,0.715863473747505,493.58188000271434,Fw
950,497.8,0.714104082523294,0.361468422790482,995.6,2019_yk_425,Yukon,2019,0.715302557065933,0.361541442345017,-0.00133910033949702,673.024686737237,796.47831377911,1311.048,0.715863473747505,493.58188000271434,Fw
951,498.324,0.713584032251841,0.360797342162334,996.648,2019_yk_425,Yukon,2019,0.715259795517133,0.360191002811946,-0.00135043953307118,673.024686737237,796.47831377911,1311.048,0.715863473747505,493.58188000271434,Fw
952,498.848,0.713287163465839,0.358527924847421,997.696,2019_yk_425,Yukon,2019,0.715366013822627,0.358876794996792,-0.00131420781515384,673.024686737237,796.47831377911,1311.048,0.715863473747505,493.58188000271434,Fw
953,499.372,0.714897944211572,0.355811433152932,998.744,2019_yk_425,Yukon,2019,0.715345448741176,0.357501459315604,-0.00137533568118769,673.024686737237,796.47831377911,1311.048,0.715863473747505,493.58188000271434,Fw
954,499.896,0.713819384779866,0.355073390261728,999.792,2019_yk_425,Yukon,2019,0.715408191733253,0.356134330564898,-0.0013671287507066,673.024686737237,796.47831377911,1311.048,0.715863473747505,493.58188000271434,Fw
955,500.42,0.713949575430218,0.359053354604842,1000.84,2019_yk_425,Yukon,2019,0.71543874403251,0.354777188942729,-0.00135714162216832,673.024686737237,796.47831377911,1311.048,0.715863473747505,493.58188000271434,Fw
956,500.944,0.715041042471187,0.354628388635029,1001.888,2019_yk_425,Yukon,2019,0.715380774642097,0.353454763463496,-0.00132242547923384,673.024686737237,796.47831377911,1311.048,0.715863473747505,493.58188000271434,Fw
957,501.468,0.715708222632593,0.352546775340526,1002.936,2019_yk_425,Yukon,2019,0.715393692048454,0.352080005566766,-0.00137475789672903,673.024686737237,796.47831377911,1311.048,0.715863473747505,493.58188000271434,Fw
958,501.992,0.71454210831652,0.352322281178154,1003.984,2019_yk_425,Yukon,2019,0.715354734491703,0.350738443545257,-0.00134156202150937,673.024686737237,796.47831377911,1311.048,0.715863473747505,493.58188000271434,Fw
959,502.516,0.714112099846316,0.348413740504383,1005.032,2019_yk_425,Yukon,2019,0.715439979259832,0.349462863115264,-0.00127558042999293,673.024686737237,796.47831377911,1311.048,0.715863473747505,493.58188000271434,Fw
960,503.04,0.716156670716521,0.349799728139651,1006.08,2019_yk_425,Yukon,2019,0.715447166805362,0.348273193139295,-0.00118966997596942,673.024686737237,796.47831377911,1311.048,0.715863473747505,493.58188000271434,Fw
961,503.564,0.71462567762949,0.34531867801152,1007.128,2019_yk_425,Yukon,2019,0.715388848719369,0.34716629173159,-0.00110690140770509,673.024686737237,796.47831377911,1311.048,0.715863473747505,493.58188000271434,Fw
962,504.088,0.717197667308054,0.341343674838668,1008.176,2019_yk_425,Yukon,2019,0.715341600293089,0.346074525058895,-0.00109176667269512,673.024686737237,796.47831377911,1311.048,0.715863473747505,493.58188000271434,Fw
963,504.612,0.71692629280757,0.339548495728635,1009.224,2019_yk_425,Yukon,2019,0.715305155939159,0.345007291531827,-0.00106723352706761,673.024686737237,796.47831377911,1311.048,0.715863473747505,493.58188000271434,Fw
964,505.136,0.715549324831453,0.335194437215134,1010.272,2019_yk_425,Yukon,2019,0.715342582793175,0.343903741789735,-0.00110354974209181,673.024686737237,796.47831377911,1311.048,0.715863473747505,493.58188000271434,Fw
965,505.66,0.716596401820912,0.336785295142443,1011.32,2019_yk_425,Yukon,2019,0.715360004716168,0.342699317485767,-0.00120442430396839,673.024686737237,796.47831377911,1311.048,0.715863473747505,493.58188000271434,Fw
966,506.184,0.717000437140626,0.332777136276148,1012.368,2019_yk_425,Yukon,2019,0.715296701723542,0.341431408775002,-0.00126790871076482,673.024686737237,796.47831377911,1311.048,0.715863473747505,493.58188000271434,Fw
967,506.708,0.717022553496197,0.334760731417617,1013.416,2019_yk_425,Yukon,2019,0.715260781657178,0.340308795295749,-0.00112261347925308,673.024686737237,796.47831377911,1311.048,0.715863473747505,493.58188000271434,Fw
968,507.232,0.714837378441825,0.330347287543385,1014.464,2019_yk_425,Yukon,2019,0.715245651699548,0.339090002369333,-0.00121879292641552,673.024686737237,796.47831377911,1311.048,0.715863473747505,493.58188000271434,Fw
969,507.756,0.71204612045389,0.337912501246579,1015.512,2019_yk_425,Yukon,2019,0.715231570578705,0.337971726048041,-0.00111827632129252,673.024686737237,796.47831377911,1311.048,0.715863473747505,493.58188000271434,Fw
970,508.28,0.712759151601507,0.332835193146561,1016.56,2019_yk_425,Yukon,2019,0.715217422917837,0.33689540834067,-0.00107631770737043,673.024686737237,796.47831377911,1311.048,0.715863473747505,493.58188000271434,Fw
971,508.804,0.717325921841605,0.32953848107371,1017.608,2019_yk_425,Yukon,2019,0.715215339489565,0.335892357814506,-0.00100305052616423,673.024686737237,796.47831377911,1311.048,0.715863473747505,493.58188000271434,Fw
972,509.328,0.716204946284231,0.326794559151008,1018.656,2019_yk_425,Yukon,2019,0.715201144888976,0.334798853067468,-0.00109350474703857,673.024686737237,796.47831377911,1311.048,0.715863473747505,493.58188000271434,Fw
973,509.852,0.714353546710071,0.327388003004962,1019.704,2019_yk_425,Yukon,2019,0.71527015623815,0.333718843753822,-0.00108000931364566,673.024686737237,796.47831377911,1311.048,0.715863473747505,493.58188000271434,Fw
974,510.376,0.719369301148434,0.32444543312082,1020.752,2019_yk_425,Yukon,2019,0.715317538832984,0.332729904545917,-9.8893920790504e-4,673.024686737237,796.47831377911,1311.048,0.715863473747505,493.58188000271434,Fw
975,510.9,0.71674950640148,0.324732684504429,1021.8,2019_yk_425,Yukon,2019,0.715323285079423,0.331794778312014,-9.3512623390312e-4,673.024686737237,796.47831377911,1311.048,0.715863473747505,493.58188000271434,Fw
976,511.424,0.715621830686902,0.324862976387968,1022.848,2019_yk_425,Yukon,2019,0.715304018250765,0.330815080549564,-9.7969776244949e-4,673.024686737237,796.47831377911,1311.048,0.715863473747505,493.58188000271434,Fw
977,511.948,0.716286637497359,0.327911254049002,1023.896,2019_yk_425,Yukon,2019,0.715328592898143,0.329850553561243,-9.6452698832139e-4,673.024686737237,796.47831377911,1311.048,0.715863473747505,493.58188000271434,Fw
978,512.472,0.717038193595257,0.327648220545259,1024.944,2019_yk_425,Yukon,2019,0.715314146655018,0.328922928475146,-9.276250860965e-4,673.024686737237,796.47831377911,1311.048,0.715863473747505,493.58188000271434,Fw
979,512.996,0.7155810743624,0.324154398794539,1025.992,2019_yk_425,Yukon,2019,0.715345691139053,0.328025036045498,-8.9789242964788e-4,673.024686737237,796.47831377911,1311.048,0.715863473747505,493.58188000271434,Fw
980,513.52,0.715667175130297,0.322915425693299,1027.04,2019_yk_425,Yukon,2019,0.715351740525118,0.327147346456957,-8.7768958854195e-4,673.024686737237,796.47831377911,1311.048,0.715863473747505,493.58188000271434,Fw
981,514.044,0.713100764888185,0.321984736727088,1028.088,2019_yk_425,Yukon,2019,0.715332776774339,0.326262947351189,-8.843991057672e-4,673.024686737237,796.47831377911,1311.048,0.715863473747505,493.58188000271434,Fw
982,514.568,0.717889821640375,0.323551087019939,1029.136,2019_yk_425,Yukon,2019,0.715347261416182,0.325398879566992,-8.6406778419723e-4,673.024686737237,796.47831377911,1311.048,0.715863473747505,493.58188000271434,Fw
983,515.092,0.711466055754887,0.321185438589719,1030.184,2019_yk_425,Yukon,2019,0.71535427289739,0.324626656329371,-7.7222323762121e-4,673.024686737237,796.47831377911,1311.048,0.715863473747505,493.58188000271434,Fw
984,515.616,0.715893903736663,0.319432058028961,1031.232,2019_yk_425,Yukon,2019,0.715407516152818,0.323782393982258,-8.442623471131e-4,673.024686737237,796.47831377911,1311.048,0.715863473747505,493.58188000271434,Fw
985,516.14,0.717761471657742,0.316689967602052,1032.28,2019_yk_425,Yukon,2019,0.715396918491991,0.322899514900233,-8.8287908202511e-4,673.024686737237,796.47831377911,1311.048,0.715863473747505,493.58188000271434,Fw
986,516.664,0.71346879189937,0.320004426045614,1033.328,2019_yk_425,Yukon,2019,0.715382181724032,0.322061996188884,-8.3751871134857e-4,673.024686737237,796.47831377911,1311.048,0.715863473747505,493.58188000271434,Fw
987,517.188,0.717042884578544,0.315857915551314,1034.376,2019_yk_425,Yukon,2019,0.715373415576085,0.32125711514859,-8.0488104029363e-4,673.024686737237,796.47831377911,1311.048,0.715863473747505,493.58188000271434,Fw
988,517.712,0.716037600515715,0.315209551851936,1035.424,2019_yk_425,Yukon,2019,0.715326800846019,0.320475170088868,-7.8194505972195e-4,673.024686737237,796.47831377911,1311.048,0.715863473747505,493.58188000271434,Fw
989,518.236,0.717610055668636,0.316703689287985,1036.472,2019_yk_425,Yukon,2019,0.715368586058875,0.319712141969414,-7.6302811945472e-4,673.024686737237,796.47831377911,1311.048,0.715863473747505,493.58188000271434,Fw
990,518.76,0.715212305390343,0.31839902473097,1037.52,2019_yk_425,Yukon,2019,0.715305815735968,0.318895165691912,-8.1697627750143e-4,673.024686737237,796.47831377911,1311.048,0.715863473747505,493.58188000271434,Fw
991,519.284,0.712817700908409,0.322234957789484,1038.568,2019_yk_425,Yukon,2019,0.715335236478288,0.318230680187692,-6.6448550421988e-4,673.024686737237,796.47831377911,1311.048,0.715863473747505,493.58188000271434,Fw
992,519.808,0.715671199458622,0.320552445961599,1039.616,2019_yk_425,Yukon,2019,0.715354838812634,0.317579229172891,-6.5145101480174e-4,673.024686737237,796.47831377911,1311.048,0.715863473747505,493.58188000271434,Fw
993,520.332,0.71324076314823,0.322258909182113,1040.664,2019_yk_425,Yukon,2019,0.715249751974741,0.316938820041651,-6.4040913123958e-4,673.024686737237,796.47831377911,1311.048,0.715863473747505,493.58188000271434,Fw
994,520.856,0.716647987516847,0.319523665111121,1041.712,2019_yk_425,Yukon,2019,0.71516318387328,0.31637370862928,-5.6511141237086e-4,673.024686737237,796.47831377911,1311.048,0.715863473747505,493.58188000271434,Fw
995,521.38,0.715683299364975,0.316190609413491,1042.76,2019_yk_425,Yukon,2019,0.715129417160619,0.315789952813127,-5.8375581615338e-4,673.024686737237,796.47831377911,1311.048,0.715863473747505,493.58188000271434,Fw
996,521.904,0.712228652780347,0.310902287214729,1043.808,2019_yk_425,Yukon,2019,0.715154914001779,0.315289526987814,-5.0042582531273e-4,673.024686737237,796.47831377911,1311.048,0.715863473747505,493.58188000271434,Fw
997,522.428,0.713935869971118,0.312087145584757,1044.856,2019_yk_425,Yukon,2019,0.715168376039623,0.314754012634092,-5.3551435372239e-4,673.024686737237,796.47831377911,1311.048,0.715863473747505,493.58188000271434,Fw
998,522.952,0.715718083412842,0.312302910923439,1045.904,2019_yk_425,Yukon,2019,0.715158509104138,0.314295271533496,-4.5874110059579e-4,673.024686737237,796.47831377911,1311.048,0.715863473747505,493.58188000271434,Fw
999,523.476,0.716383903719878,0.313295185621046,1046.952,2019_yk_425,Yukon,2019,0.715184718193622,0.313771335871285,-5.2393566221065e-4,673.024686737237,796.47831377911,1311.048,0.715863473747505,493.58188000271434,Fw
1000,524,0.71366548626201,0.311560797581905,1048,2019_yk_425,Yukon,2019,0.715227910254918,0.313319838752646,-4.5149711863956e-4,673.024686737237,796.47831377911,1311.048,0.715863473747505,493.58188000271434,Fw
1001,524.524,0.714939050383585,0.312383696431552,1049.048,2019_yk_425,Yukon,2019,0.71516889766793,0.312940236200732,-3.7960255191366e-4,673.024686737237,796.47831377911,1311.048,0.715863473747505,493.58188000271434,Fw
1002,525.048,0.714201815308792,0.308662670082903,1050.096,2019_yk_425,Yukon,2019,0.715124169887078,0.312616526101118,-3.2371009961373e-4,673.024686737237,796.47831377911,1311.048,0.715863473747505,493.58188000271434,Fw
1003,525.572,0.718610594975323,0.309597890270585,1051.144,2019_yk_425,Yukon,2019,0.715141979647459,0.312289533122972,-3.2699297814675e-4,673.024686737237,796.47831377911,1311.048,0.715863473747505,493.58188000271434,Fw
1004,526.096,0.718714589827929,0.311224233302725,1052.192,2019_yk_425,Yukon,2019,0.715091505417787,0.312003830724309,-2.8570239866254e-4,673.024686737237,796.47831377911,1311.048,0.715863473747505,493.58188000271434,Fw
1005,526.62,0.715435120135927,0.311465683520289,1053.24,2019_yk_425,Yukon,2019,0.715013320315694,0.311718046500857,-2.8578422345237e-4,673.024686737237,796.47831377911,1311.048,0.715863473747505,493.58188000271434,Fw
1006,527.144,0.712488907984277,0.310018563551468,1054.288,2019_yk_425,Yukon,2019,0.714924286235891,0.311473495934757,-2.4455056610001e-4,673.024686737237,796.47831377911,1311.048,0.715863473747505,493.58188000271434,Fw
1007,527.668,0.715721679340473,0.311258214149485,1055.336,2019_yk_425,Yukon,2019,0.714886683114334,0.311167534370988,-3.0596156376838e-4,673.024686737237,796.47831377911,1311.048,0.715863473747505,493.58188000271434,Fw
1008,528.192,0.714857797932507,0.310197334737344,1056.384,2019_yk_425,Yukon,2019,0.714775017089515,0.310901315850684,-2.6621852030461e-4,673.024686737237,796.47831377911,1311.048,0.715863473747505,493.58188000271434,Fw
1009,528.716,0.716333844345322,0.311109418355131,1057.432,2019_yk_425,Yukon,2019,0.714693916174109,0.310674517044852,-2.2679880583209e-4,673.024686737237,796.47831377911,1311.048,0.715863473747505,493.58188000271434,Fw
1010,529.24,0.714467045687226,0.308807047477965,1058.48,2019_yk_425,Yukon,2019,0.714707244363013,0.310467080628398,-2.0743641645348e-4,673.024686737237,796.47831377911,1311.048,0.715863473747505,493.58188000271434,Fw
1011,529.764,0.712446207205086,0.307733395816302,1059.528,2019_yk_425,Yukon,2019,0.714681401495964,0.31031871039001,-1.4837023838776e-4,673.024686737237,796.47831377911,1311.048,0.715863473747505,493.58188000271434,Fw
1012,530.288,0.714156241976431,0.306683857795587,1060.576,2019_yk_425,Yukon,2019,0.714564176234354,0.310161907943833,-1.5680244617705e-4,673.024686737237,796.47831377911,1311.048,0.715863473747505,493.58188000271434,Fw
1013,530.812,0.715318633084068,0.309478038895661,1061.624,2019_yk_425,Yukon,2019,0.714575632174717,0.310038801422152,-1.2310652168112e-4,673.024686737237,796.47831377911,1311.048,0.715863473747505,493.58188000271434,Fw
1014,531.336,0.717013980105548,0.304417649434942,1062.672,2019_yk_425,Yukon,2019,0.714503227942341,0.309987717226603,-5.10841955490005e-5,673.024686737237,796.47831377911,1311.048,0.715863473747505,493.58188000271434,Fw
1015,531.86,0.713313715780594,0.306080609683337,1063.72,2019_yk_425,Yukon,2019,0.714414858816309,0.31001854694966,3.08297230571242e-5,673.024686737237,796.47831377911,1311.048,0.715863473747505,493.58188000271434,Fw
1016,532.384,0.714156836393628,0.304377265954112,1064.768,2019_yk_425,Yukon,2019,0.714392819627927,0.310024922652176,6.37570251599273e-6,673.024686737237,796.47831377911,1311.048,0.715863473747505,493.58188000271434,Fw
1017,532.908,0.71518225375577,0.304253912922908,1065.816,2019_yk_425,Yukon,2019,0.714322932583772,0.310171159929234,1.4623727705748e-4,673.024686737237,796.47831377911,1311.048,0.715863473747505,493.58188000271434,Fw
1018,533.432,0.711745224512545,0.305405577594837,1066.864,2019_yk_425,Yukon,2019,0.71427066488821,0.310352547316286,1.8138738705236e-4,673.024686737237,796.47831377911,1311.048,0.715863473747505,493.58188000271434,Fw
1019,533.956,0.71661921261771,0.302632053337099,1067.912,2019_yk_425,Yukon,2019,0.714165171550038,0.310494752968114,1.4220565182782e-4,673.024686737237,796.47831377911,1311.048,0.715863473747505,493.58188000271434,Fw
1020,534.48,0.712390451342074,0.300781151489568,1068.96,2019_yk_425,Yukon,2019,0.714089806708953,0.31065047310589,1.5572013777603e-4,673.024686737237,796.47831377911,1311.048,0.715863473747505,493.58188000271434,Fw
1021,535.004,0.716390922168687,0.305449547758324,1070.008,2019_yk_425,Yukon,2019,0.714079363285998,0.310773252439339,1.2277933344917e-4,673.024686737237,796.47831377911,1311.048,0.715863473747505,493.58188000271434,Fw
1022,535.528,0.718373807368839,0.302256613950565,1071.056,2019_yk_425,Yukon,2019,0.714023230008957,0.311016133253518,2.4288081417911e-4,673.024686737237,796.47831377911,1311.048,0.715863473747505,493.58188000271434,Fw
1023,536.052,0.71062108253399,0.301123947854261,1072.104,2019_yk_425,Yukon,2019,0.71401030424498,0.311180856338269,1.647230847504e-4,673.024686737237,796.47831377911,1311.048,0.715863473747505,493.58188000271434,Fw
1024,536.576,0.710355238743763,0.301287752472882,1073.152,2019_yk_425,Yukon,2019,0.713924762620163,0.31149363559871,3.1277926044126e-4,673.024686737237,796.47831377911,1311.048,0.715863473747505,493.58188000271434,Fw
1025,537.1,0.714570399061252,0.301759946173241,1074.2,2019_yk_425,Yukon,2019,0.713806264586902,0.311814040286312,3.2040468760247e-4,673.024686737237,796.47831377911,1311.048,0.715863473747505,493.58188000271434,Fw
1026,537.624,0.718530247610239,0.302751586757381,1075.248,2019_yk_425,Yukon,2019,0.713775424255568,0.312310818817713,4.9677853140089e-4,673.024686737237,796.47831377911,1311.048,0.715863473747505,493.58188000271434,Fw
1027,538.148,0.717830275766845,0.302629870194272,1076.296,2019_yk_425,Yukon,2019,0.713719448806302,0.312793098639044,4.8227982133064e-4,673.024686737237,796.47831377911,1311.048,0.715863473747505,493.58188000271434,Fw
1028,538.672,0.714245362312687,0.302822821507639,1077.344,2019_yk_425,Yukon,2019,0.71363497667427,0.31327789326566,4.8479462661599e-4,673.024686737237,796.47831377911,1311.048,0.715863473747505,493.58188000271434,Fw
1029,539.196,0.71361866582293,0.306476361513937,1078.392,2019_yk_425,Yukon,2019,0.71363282561167,0.313802286004949,5.2439273928867e-4,673.024686737237,796.47831377911,1311.048,0.715863473747505,493.58188000271434,Fw
1030,539.72,0.715350675279313,0.305745366028187,1079.44,2019_yk_425,Yukon,2019,0.713650304721842,0.314400710663348,5.9842465839954e-4,673.024686737237,796.47831377911,1311.048,0.715863473747505,493.58188000271434,Fw
1031,540.244,0.713785166622302,0.30676232795889,1080.488,2019_yk_425,Yukon,2019,0.713577473211991,0.31498180017396,5.8108951061158e-4,673.024686737237,796.47831377911,1311.048,0.715863473747505,493.58188000271434,Fw
1032,540.768,0.713521279433107,0.307371953174183,1081.536,2019_yk_425,Yukon,2019,0.71356635374204,0.315697910177932,7.1611000397181e-4,673.024686737237,796.47831377911,1311.048,0.715863473747505,493.58188000271434,Fw
1033,541.292,0.715422132332906,0.307768424316159,1082.584,2019_yk_425,Yukon,2019,0.713429298713688,0.316431210588786,7.3330041085439e-4,673.024686737237,796.47831377911,1311.048,0.715863473747505,493.58188000271434,Fw
1034,541.816,0.716340847368153,0.307303289201068,1083.632,2019_yk_425,Yukon,2019,0.713344935593929,0.317160406792959,7.2919620417261e-4,673.024686737237,796.47831377911,1311.048,0.715863473747505,493.58188000271434,Fw
1035,542.34,0.712058400275884,0.307585631097284,1084.68,2019_yk_425,Yukon,2019,0.713244177175762,0.317895375155206,7.3496836224762e-4,673.024686737237,796.47831377911,1311.048,0.715863473747505,493.58188000271434,Fw
1036,542.864,0.710279785898746,0.310189942421965,1085.728,2019_yk_425,Yukon,2019,0.713204997416463,0.318740143735796,8.4476858059029e-4,673.024686737237,796.47831377911,1311.048,0.715863473747505,493.58188000271434,Fw
1037,543.388,0.714030450203909,0.3095535602229,1086.776,2019_yk_425,Yukon,2019,0.713141926058139,0.319577577183767,8.3743344797054e-4,673.024686737237,796.47831377911,1311.048,0.715863473747505,493.58188000271434,Fw
1038,543.912,0.710338232106112,0.311675109326983,1087.824,2019_yk_425,Yukon,2019,0.713085031535473,0.320521833513762,9.4425632999523e-4,673.024686737237,796.47831377911,1311.048,0.715863473747505,493.58188000271434,Fw
1039,544.436,0.710715019438082,0.310546470444611,1088.872,2019_yk_425,Yukon,2019,0.712974955368788,0.321461040480935,9.3920696717314e-4,673.024686737237,796.47831377911,1311.048,0.715863473747505,493.58188000271434,Fw
1040,544.96,0.716466866464517,0.310469240706089,1089.92,2019_yk_425,Yukon,2019,0.712883359129375,0.322482017864436,0.00102097738350054,673.024686737237,796.47831377911,1311.048,0.715863473747505,493.58188000271434,Fw
1041,545.484,0.711550192865251,0.313082522423822,1090.968,2019_yk_425,Yukon,2019,0.712872567429637,0.323596671398201,0.00111465353376516,673.024686737237,796.47831377911,1311.048,0.715863473747505,493.58188000271434,Fw
1042,546.008,0.710856305943788,0.314142940249318,1092.016,2019_yk_425,Yukon,2019,0.712825542105164,0.324647050203448,0.00105037880524689,673.024686737237,796.47831377911,1311.048,0.715863473747505,493.58188000271434,Fw
1043,546.532,0.712153412176636,0.313799047288849,1093.064,2019_yk_425,Yukon,2019,0.712753906158272,0.325669592733057,0.00102254252960937,673.024686737237,796.47831377911,1311.048,0.715863473747505,493.58188000271434,Fw
1044,547.056,0.711549649794127,0.316367006296021,1094.112,2019_yk_425,Yukon,2019,0.712621236534638,0.326827621326742,0.00115802859368508,673.024686737237,796.47831377911,1311.048,0.715863473747505,493.58188000271434,Fw
1045,547.58,0.71245932409579,0.318539750985481,1095.16,2019_yk_425,Yukon,2019,0.712608511045435,0.32795521044281,0.00112758911606736,673.024686737237,796.47831377911,1311.048,0.715863473747505,493.58188000271434,Fw
1046,548.104,0.712146440596471,0.320386968196572,1096.208,2019_yk_425,Yukon,2019,0.712606852840902,0.329040200896908,0.00108499045409843,673.024686737237,796.47831377911,1311.048,0.715863473747505,493.58188000271434,Fw
1047,548.628,0.712849661929255,0.324632152174763,1097.256,2019_yk_425,Yukon,2019,0.712566983263601,0.330110591772049,0.00107039087514044,673.024686737237,796.47831377911,1311.048,0.715863473747505,493.58188000271434,Fw
1048,549.152,0.712901538781944,0.326092795075078,1098.304,2019_yk_425,Yukon,2019,0.712555188731313,0.33122169605416,0.00111110428211186,673.024686737237,796.47831377911,1311.048,0.715863473747505,493.58188000271434,Fw
1049,549.676,0.71128045537835,0.325236028397658,1099.352,2019_yk_425,Yukon,2019,0.71246813171529,0.332346512029034,0.00112481597487374,673.024686737237,796.47831377911,1311.048,0.715863473747505,493.58188000271434,Fw
1050,550.2,0.710690414925217,0.32774223299753,1100.4,2019_yk_425,Yukon,2019,0.712463023127141,0.33349800655057,0.0011514945215354,673.024686737237,796.47831377911,1311.048,0.715863473747505,493.58188000271434,Fw
1051,550.724,0.712191095531126,0.329601717796438,1101.448,2019_yk_425,Yukon,2019,0.712356921682944,0.33457181613327,0.00107380958269992,673.024686737237,796.47831377911,1311.048,0.715863473747505,493.58188000271434,Fw
1052,551.248,0.712303202836172,0.335125294812347,1102.496,2019_yk_425,Yukon,2019,0.712233018199179,0.335771966559293,0.00120015042602373,673.024686737237,796.47831377911,1311.048,0.715863473747505,493.58188000271434,Fw
1053,551.772,0.712465217309574,0.332142294267136,1103.544,2019_yk_425,Yukon,2019,0.712245795526501,0.336951993638384,0.00118002707909098,673.024686737237,796.47831377911,1311.048,0.715863473747505,493.58188000271434,Fw
1054,552.296,0.71151549002783,0.338290420737598,1104.592,2019_yk_425,Yukon,2019,0.712260011290349,0.338101049440427,0.00114905580204261,673.024686737237,796.47831377911,1311.048,0.715863473747505,493.58188000271434,Fw
1055,552.82,0.708573417369343,0.33541489066964,1105.64,2019_yk_425,Yukon,2019,0.71220240910574,0.339220680812755,0.00111963137232834,673.024686737237,796.47831377911,1311.048,0.715863473747505,493.58188000271434,Fw
1056,553.344,0.710378232900332,0.340708999098781,1106.688,2019_yk_425,Yukon,2019,0.712051455810641,0.340421113449875,0.00120043263711989,673.024686737237,796.47831377911,1311.048,0.715863473747505,493.58188000271434,Fw
1057,553.868,0.710577343015135,0.341023934864596,1107.736,2019_yk_425,Yukon,2019,0.711981483060276,0.341563754797166,0.00114264134729058,673.024686737237,796.47831377911,1311.048,0.715863473747505,493.58188000271434,Fw
1058,554.392,0.710649755490942,0.341390588520399,1108.784,2019_yk_425,Yukon,2019,0.711968857867552,0.342706427029218,0.00114267223205272,673.024686737237,796.47831377911,1311.048,0.715863473747505,493.58188000271434,Fw
1059,554.916,0.716254839963869,0.344758749978368,1109.832,2019_yk_425,Yukon,2019,0.71194089200228206,0.343783910851179,0.0010774838219606,673.024686737237,796.47831377911,1311.048,0.715863473747505,493.58188000271434,Fw
1060,555.44,0.714714232872339,0.347466277085879,1110.88,2019_yk_425,Yukon,2019,0.711870219467906,0.344848831702976,0.00106492085179716,673.024686737237,796.47831377911,1311.048,0.715863473747505,493.58188000271434,Fw
1061,555.964,0.710569159792468,0.347249067068246,1111.928,2019_yk_425,Yukon,2019,0.711803135627985,0.345902507132631,0.0010536754296544,673.024686737237,796.47831377911,1311.048,0.715863473747505,493.58188000271434,Fw
1062,556.488,0.713534647111777,0.351629270321213,1112.976,2019_yk_425,Yukon,2019,0.71173889966718,0.347026618615094,0.00112411148246339,673.024686737237,796.47831377911,1311.048,0.715863473747505,493.58188000271434,Fw
1063,557.012,0.710387293274185,0.353595914921848,1114.024,2019_yk_425,Yukon,2019,0.711697432405345,0.34799835526793,9.7173665283645e-4,673.024686737237,796.47831377911,1311.048,0.715863473747505,493.58188000271434,Fw
1064,557.536,0.713652802642357,0.35497600555308,1115.072,2019_yk_425,Yukon,2019,0.711650158412328,0.349041966412173,0.00104361114424262,673.024686737237,796.47831377911,1311.048,0.715863473747505,493.58188000271434,Fw
1065,558.06,0.709389615045956,0.355563785255145,1116.12,2019_yk_425,Yukon,2019,0.711628732964886,0.350109696094182,0.00106772968200847,673.024686737237,796.47831377911,1311.048,0.715863473747505,493.58188000271434,Fw
1066,558.584,0.710138122426323,0.360704678386885,1117.168,2019_yk_425,Yukon,2019,0.711682929705708,0.351057381126523,9.4768503234166e-4,673.024686737237,796.47831377911,1311.048,0.715863473747505,493.58188000271434,Fw
1067,559.108,0.711937397841041,0.361504221027719,1118.216,2019_yk_425,Yukon,2019,0.711681133255287,0.352028815865735,9.7143473921196e-4,673.024686737237,796.47831377911,1311.048,0.715863473747505,493.58188000271434,Fw
1068,559.632,0.711444126572557,0.366852714537058,1119.264,2019_yk_425,Yukon,2019,0.71171556411221,0.352906679825009,8.7786395927419e-4,673.024686737237,796.47831377911,1311.048,0.715863473747505,493.58188000271434,Fw
1069,560.156,0.709729274344228,0.36746183638552,1120.312,2019_yk_425,Yukon,2019,0.711719949340969,0.353821541389818,9.1486156480852e-4,673.024686737237,796.47831377911,1311.048,0.715863473747505,493.58188000271434,Fw
1070,560.68,0.708971271322431,0.370065690487996,1121.36,2019_yk_425,Yukon,2019,0.711705907890375,0.354724017396119,9.0247600630077e-4,673.024686737237,796.47831377911,1311.048,0.715863473747505,493.58188000271434,Fw
1071,561.204,0.711798705220794,0.374612607842213,1122.408,2019_yk_425,Yukon,2019,0.711703784198467,0.355623740579591,8.9972318347275e-4,673.024686737237,796.47831377911,1311.048,0.715863473747505,493.58188000271434,Fw
1072,561.728,0.71133472250807706,0.369706586110399,1123.456,2019_yk_425,Yukon,2019,0.711703816657737,0.356446223148217,8.2248256862604e-4,673.024686737237,796.47831377911,1311.048,0.715863473747505,493.58188000271434,Fw
1073,562.252,0.711020476270528,0.370830590672223,1124.504,2019_yk_425,Yukon,2019,0.711718338806039,0.35733682865972,8.9060551150216e-4,673.024686737237,796.47831377911,1311.048,0.715863473747505,493.58188000271434,Fw
1074,562.776,0.709053802687515,0.373899365056046,1125.552,2019_yk_425,Yukon,2019,0.711702544438453,0.358077819531019,7.409908712998e-4,673.024686737237,796.47831377911,1311.048,0.715863473747505,493.58188000271434,Fw
1075,563.3,0.71255018642839,0.373735956647379,1126.6,2019_yk_425,Yukon,2019,0.711655385566297,0.358842796117844,7.6497658682495e-4,673.024686737237,796.47831377911,1311.048,0.715863473747505,493.58188000271434,Fw
1076,563.824,0.71405734412165,0.369476693200022,1127.648,2019_yk_425,Yukon,2019,0.711648223902339,0.359528051035959,6.8525491811422e-4,673.024686737237,796.47831377911,1311.048,0.715863473747505,493.58188000271434,Fw
1077,564.348,0.7127900791177,0.368477365431334,1128.696,2019_yk_425,Yukon,2019,0.711611939925625,0.360146254303457,6.1820326749839e-4,673.024686737237,796.47831377911,1311.048,0.715863473747505,493.58188000271434,Fw
1078,564.872,0.711037552575298,0.37207183452155,1129.744,2019_yk_425,Yukon,2019,0.71155897222914,0.360831094206846,6.8483990338891e-4,673.024686737237,796.47831377911,1311.048,0.715863473747505,493.58188000271434,Fw
1079,565.396,0.711395791656293,0.37012101182952,1130.792,2019_yk_425,Yukon,2019,0.71158413759916594,0.361480807593255,6.4971338640951e-4,673.024686737237,796.47831377911,1311.048,0.715863473747505,493.58188000271434,Fw
1080,565.92,0.712083936053142,0.369870822781695,1131.84,2019_yk_425,Yukon,2019,0.711628875973926,0.36210690197536,6.2609438210431e-4,673.024686737237,796.47831377911,1311.048,0.715863473747505,493.58188000271434,Fw
1081,566.444,0.71002483551689,0.369878122720316,1132.888,2019_yk_425,Yukon,2019,0.711575082020483,0.362720595814434,6.136938390745e-4,673.024686737237,796.47831377911,1311.048,0.715863473747505,493.58188000271434,Fw
1082,566.968,0.710939598342901,0.374265639511991,1133.936,2019_yk_425,Yukon,2019,0.711567634177079,0.36318237495071,4.6177913627565e-4,673.024686737237,796.47831377911,1311.048,0.715863473747505,493.58188000271434,Fw
1083,567.492,0.711387722173353,0.371925572599719,1134.984,2019_yk_425,Yukon,2019,0.711620239289692,0.363624841377675,4.4246642696532e-4,673.024686737237,796.47831377911,1311.048,0.715863473747505,493.58188000271434,Fw
1084,568.016,0.711208184574619,0.37023110059544,1136.032,2019_yk_425,Yukon,2019,0.711587965635616,0.363989017942659,3.6417656498377e-4,673.024686737237,796.47831377911,1311.048,0.715863473747505,493.58188000271434,Fw
1085,568.54,0.711114267984728,0.368937828512939,1137.08,2019_yk_425,Yukon,2019,0.711688285967388,0.364400975443079,4.1195750041978e-4,673.024686737237,796.47831377911,1311.048,0.715863473747505,493.58188000271434,Fw
1086,569.064,0.709473049904301,0.374777544984574,1138.128,2019_yk_425,Yukon,2019,0.711716898361206,0.364710433023162,3.0945758008349e-4,673.024686737237,796.47831377911,1311.048,0.715863473747505,493.58188000271434,Fw
1087,569.588,0.71363191074491406,0.371188351031707,1139.176,2019_yk_425,Yukon,2019,0.711738534510216,0.36501312257482,3.0268955165752e-4,673.024686737237,796.47831377911,1311.048,0.715863473747505,493.58188000271434,Fw
1088,570.112,0.713487850749241,0.371383155430801,1140.224,2019_yk_425,Yukon,2019,0.711783308253176,0.365223796782634,2.1067420781378e-4,673.024686737237,796.47831377911,1311.048,0.715863473747505,493.58188000271434,Fw
1089,570.636,0.711940713906727,0.371125390831577,1141.272,2019_yk_425,Yukon,2019,0.711716479695096,0.365383061243747,1.592644611138e-4,673.024686737237,796.47831377911,1311.048,0.715863473747505,493.58188000271434,Fw
1090,571.16,0.711110323216788,0.369640617136013,1142.32,2019_yk_425,Yukon,2019,0.711654201219554,0.365523580594405,1.4051935065756e-4,673.024686737237,796.47831377911,1311.048,0.715863473747505,493.58188000271434,Fw
1091,571.684,0.709760136227009,0.369982853738153,1143.368,2019_yk_425,Yukon,2019,0.711671466453287,0.365735168272749,2.11587678344e-4,673.024686737237,796.47831377911,1311.048,0.715863473747505,493.58188000271434,Fw
1092,572.208,0.709667121784849,0.374818642121986,1144.416,2019_yk_425,Yukon,2019,0.711669085836683,0.365919771974742,1.8460370199269e-4,673.024686737237,796.47831377911,1311.048,0.715863473747505,493.58188000271434,Fw
1093,572.732,0.712934096622788,0.366072623486345,1145.464,2019_yk_425,Yukon,2019,0.71166981149807,0.366022483103688,1.0271112894666e-4,673.024686737237,796.47831377911,1311.048,0.715863473747505,493.58188000271434,Fw
1094,573.256,0.713504407787097,0.369919957855623,1146.512,2019_yk_425,Yukon,2019,0.711657787828305,0.366139977285872,1.1749418218326e-4,673.024686737237,796.47831377911,1311.048,0.715863473747505,493.58188000271434,Fw
1095,573.78,0.710772873429392,0.371649412017794,1147.56,2019_yk_425,Yukon,2019,0.71176388836432,0.366344715309018,2.0473802314674e-4,673.024686737237,796.47831377911,1311.048,0.715863473747505,493.58188000271434,Fw
1096,574.304,0.713531590348046,0.367051044362462,1148.608,2019_yk_425,Yukon,2019,0.711809229703013,0.366444859245105,1.0014393608648e-4,673.024686737237,796.47831377911,1311.048,0.715863473747505,493.58188000271434,Fw
1097,574.828,0.713922663178676,0.367839644575618,1149.656,2019_yk_425,Yukon,2019,0.711851508539103,0.366577630868455,1.3277162335018e-4,673.024686737237,796.47831377911,1311.048,0.715863473747505,493.58188000271434,Fw
1098,575.352,0.712404083521456,0.364346946883431,1150.704,2019_yk_425,Yukon,2019,0.711852780737737,0.366589883168566,1.22523001105934e-5,673.024686737237,796.47831377911,1311.048,0.715863473747505,493.58188000271434,Fw
1099,575.876,0.710978133163649,0.365438164333122,1151.752,2019_yk_425,Yukon,2019,0.711908994621866,0.366620811942599,3.0928774033101e-5,673.024686737237,796.47831377911,1311.048,0.715863473747505,493.58188000271434,Fw
1100,576.4,0.715624379428855,0.36461780108414,1152.8,2019_yk_425,Yukon,2019,0.712021171563473,0.366726153517701,1.0534157510228e-4,673.024686737237,796.47831377911,1311.048,0.715863473747505,493.58188000271434,Fw
1101,576.924,0.711422771350784,0.367065913432188,1153.848,2019_yk_425,Yukon,2019,0.712069856799157,0.36684994534809,1.2379183038907e-4,673.024686737237,796.47831377911,1311.048,0.715863473747505,493.58188000271434,Fw
1102,577.448,0.710858253500023,0.363491894366881,1154.896,2019_yk_425,Yukon,2019,0.71209377380895,0.367159447295295,3.095019472053e-4,673.024686737237,796.47831377911,1311.048,0.715863473747505,493.58188000271434,Fw
1103,577.972,0.713024741074708,0.367235377978976,1155.944,2019_yk_425,Yukon,2019,0.712130363172262,0.367434320905268,2.7487360997235e-4,673.024686737237,796.47831377911,1311.048,0.715863473747505,493.58188000271434,Fw
1104,578.496,0.71060198773899,0.36082645857401,1156.992,2019_yk_425,Yukon,2019,0.712224497124772,0.367730398474939,2.960775696712e-4,673.024686737237,796.47831377911,1311.048,0.715863473747505,493.58188000271434,Fw
1105,579.02,0.709629791766448,0.364438346194979,1158.04,2019_yk_425,Yukon,2019,0.712197327810401,0.368021432517358,2.9103404241948e-4,673.024686737237,796.47831377911,1311.048,0.715863473747505,493.58188000271434,Fw
1106,579.544,0.711716740758957,0.361502263283425,1159.088,2019_yk_425,Yukon,2019,0.712118762811914,0.368466867333563,4.4543481620423e-4,673.024686737237,796.47831377911,1311.048,0.715863473747505,493.58188000271434,Fw
1107,580.068,0.710672623326441,0.36172434822467,1160.136,2019_yk_425,Yukon,2019,0.712090482209285,0.369066466105626,5.9959877206383e-4,673.024686737237,796.47831377911,1311.048,0.715863473747505,493.58188000271434,Fw
1108,580.592,0.709723476992863,0.367183189278413,1161.184,2019_yk_425,Yukon,2019,0.712161831553591,0.369703861234599,6.3739512897281e-4,673.024686737237,796.47831377911,1311.048,0.715863473747505,493.58188000271434,Fw
1109,581.116,0.712790377579866,0.364218831582226,1162.232,2019_yk_425,Yukon,2019,0.712168718909636,0.370466619762347,7.6275852774776e-4,673.024686737237,796.47831377911,1311.048,0.715863473747505,493.58188000271434,Fw
1110,581.64,0.713374717410817,0.365307895923789,1163.28,2019_yk_425,Yukon,2019,0.71217178815913,0.371356364348789,8.8974458644219e-4,673.024686737237,796.47831377911,1311.048,0.715863473747505,493.58188000271434,Fw
1111,582.164,0.708963458324588,0.366423348140907,1164.328,2019_yk_425,Yukon,2019,0.712203827409332,0.372302970548706,9.4660619991726e-4,673.024686737237,796.47831377911,1311.048,0.715863473747505,493.58188000271434,Fw
1112,582.688,0.71185633223191,0.362832042988889,1165.376,2019_yk_425,Yukon,2019,0.712208379817064,0.373319376790414,0.0010164062417079,673.024686737237,796.47831377911,1311.048,0.715863473747505,493.58188000271434,Fw
1113,583.212,0.715621524066332,0.358690279885055,1166.424,2019_yk_425,Yukon,2019,0.71224315355901,0.374503331435473,0.00118395464505849,673.024686737237,796.47831377911,1311.048,0.715863473747505,493.58188000271434,Fw
1114,583.736,0.709579070783315,0.360141014636623,1167.472,2019_yk_425,Yukon,2019,0.712235263788523,0.37582060752096,0.00131727608548754,673.024686737237,796.47831377911,1311.048,0.715863473747505,493.58188000271434,Fw
1115,584.26,0.714592637275627,0.360132340694826,1168.52,2019_yk_425,Yukon,2019,0.71222471970029,0.377315798132966,0.00149519061200604,673.024686737237,796.47831377911,1311.048,0.715863473747505,493.58188000271434,Fw
1116,584.784,0.712094976529419,0.359276453903794,1169.568,2019_yk_425,Yukon,2019,0.712252731690722,0.37888227176196,0.00156647362899315,673.024686737237,796.47831377911,1311.048,0.715863473747505,493.58188000271434,Fw
1117,585.308,0.711875511955759,0.359185307964045,1170.616,2019_yk_425,Yukon,2019,0.712229341084361,0.380610264705297,0.00172799294333736,673.024686737237,796.47831377911,1311.048,0.715863473747505,493.58188000271434,Fw
1118,585.832,0.713336180068549,0.354031040989227,1171.664,2019_yk_425,Yukon,2019,0.712197484071449,0.382514597362239,0.00190433265694173,673.024686737237,796.47831377911,1311.048,0.715863473747505,493.58188000271434,Fw
1119,586.356,0.71224512647903,0.354314617645196,1172.712,2019_yk_425,Yukon,2019,0.712204741473214,0.384562099754892,0.002047502392653,673.024686737237,796.47831377911,1311.048,0.715863473747505,493.58188000271434,Fw
1120,586.88,0.710977524339827,0.355897438125334,1173.76,2019_yk_425,Yukon,2019,0.71222290031458,0.386733508753426,0.00217140899853385,673.024686737237,796.47831377911,1311.048,0.715863473747505,493.58188000271434,Fw
1121,587.404,0.71160507381645,0.359944327768888,1174.808,2019_yk_425,Yukon,2019,0.712263601049969,0.38909318333669,0.00235967458326453,673.024686737237,796.47831377911,1311.048,0.715863473747505,493.58188000271434,Fw
1122,587.928,0.713391810115531,0.362705492440774,1175.856,2019_yk_425,Yukon,2019,0.712253992282768,0.391556651642882,0.00246346830619143,673.024686737237,796.47831377911,1311.048,0.715863473747505,493.58188000271434,Fw
1123,588.452,0.71043083295745,0.359758582658648,1176.904,2019_yk_425,Yukon,2019,0.712205182879193,0.39431612418259,0.0027594725397086,673.024686737237,796.47831377911,1311.048,0.715863473747505,493.58188000271434,Fw
1124,588.976,0.712931382456449,0.36202565648408,1177.952,2019_yk_425,Yukon,2019,0.712160872949348,0.397084071270195,0.00276794708760486,673.024686737237,796.47831377911,1311.048,0.715863473747505,493.58188000271434,Fw
1125,589.5,0.715755647206878,0.367848066643951,1179,2019_yk_425,Yukon,2019,0.71219228887756,0.399934363743101,0.00285029247290597,673.024686737237,796.47831377911,1311.048,0.715863473747505,493.58188000271434,Fw
1126,590.024,0.712858602747859,0.366713314552075,1180.048,2019_yk_425,Yukon,2019,0.712151334027904,0.403126221650618,0.00319185790751675,673.024686737237,796.47831377911,1311.048,0.715863473747505,493.58188000271434,Fw
1127,590.548,0.714474128006475,0.369470518428729,1181.096,2019_yk_425,Yukon,2019,0.712126404415033,0.406447467526133,0.00332124587551569,673.024686737237,796.47831377911,1311.048,0.715863473747505,493.58188000271434,Fw
1128,591.072,0.711520458490579,0.367587852543694,1182.144,2019_yk_425,Yukon,2019,0.712112137183744,0.409961397072362,0.00351392954622815,673.024686737237,796.47831377911,1311.048,0.715863473747505,493.58188000271434,Fw
1129,591.596,0.713102107391989,0.369317562827504,1183.192,2019_yk_425,Yukon,2019,0.712136643901918,0.413571881188647,0.00361048411628501,673.024686737237,796.47831377911,1311.048,0.715863473747505,493.58188000271434,Fw
1130,592.12,0.715701887818809,0.376386184994135,1184.24,2019_yk_425,Yukon,2019,0.712083188625991,0.417230013006014,0.00365813181736729,673.024686737237,796.47831377911,1311.048,0.715863473747505,493.58188000271434,Fw
1131,592.644,0.714719819361867,0.382040117665558,1185.288,2019_yk_425,Yukon,2019,0.712070715379582,0.42103825637766,0.00380824337164637,673.024686737237,796.47831377911,1311.048,0.715863473747505,493.58188000271434,Fw
1132,593.168,0.712769743095642,0.388276702942718,1186.336,2019_yk_425,Yukon,2019,0.712082142740125,0.425159483339853,0.00412122696219236,673.024686737237,796.47831377911,1311.048,0.715863473747505,493.58188000271434,Fw
1133,593.692,0.71321583806926,0.387323007270561,1187.384,2019_yk_425,Yukon,2019,0.712034384117844,0.429469286668258,0.0043098033284053,673.024686737237,796.47831377911,1311.048,0.715863473747505,493.58188000271434,Fw
1134,594.216,0.714701839838102,0.391664019236317,1188.432,2019_yk_425,Yukon,2019,0.712058215903625,0.434072350279126,0.00460306361086771,673.024686737237,796.47831377911,1311.048,0.715863473747505,493.58188000271434,Fw
1135,594.74,0.710920027566146,0.39119799919255,1189.48,2019_yk_425,Yukon,2019,0.712082405942506,0.438705006461976,0.00463265618285058,673.024686737237,796.47831377911,1311.048,0.715863473747505,493.58188000271434,Fw
1136,595.264,0.709343444212397,0.396202782172276,1190.528,2019_yk_425,Yukon,2019,0.712063504651838,0.443702989552182,0.00499798309020599,673.024686737237,796.47831377911,1311.048,0.715863473747505,493.58188000271434,Fw
1137,595.788,0.71109324295997,0.404453291755167,1191.576,2019_yk_425,Yukon,2019,0.712037802088272,0.448910388246082,0.00520739869390008,673.024686737237,796.47831377911,1311.048,0.715863473747505,493.58188000271434,Fw
1138,596.312,0.715318513233659,0.410315542259917,1192.624,2019_yk_425,Yukon,2019,0.71202586457208,0.454181730927494,0.00527134268141199,673.024686737237,796.47831377911,1311.048,0.715863473747505,493.58188000271434,Fw
1139,596.836,0.711809033019023,0.415886523494388,1193.672,2019_yk_425,Yukon,2019,0.712000904851975,0.459652994955867,0.00547126402837295,673.024686737237,796.47831377911,1311.048,0.715863473747505,493.58188000271434,Fw
1140,597.36,0.712268091022779,0.423255497968226,1194.72,2019_yk_425,Yukon,2019,0.711943794197559,0.465244434137813,0.0055914391819456,673.024686737237,796.47831377911,1311.048,0.715863473747505,493.58188000271434,Fw
1141,597.884,0.711947190528989,0.426674494715351,1195.768,2019_yk_425,Yukon,2019,0.711959351962199,0.470949047297926,0.0057046131601135,673.024686737237,796.47831377911,1311.048,0.715863473747505,493.58188000271434,Fw
1142,598.408,0.711212742806798,0.435250014014467,1196.816,2019_yk_425,Yukon,2019,0.711940239050326,0.476878698060002,0.00592965076207624,673.024686737237,796.47831377911,1311.048,0.715863473747505,493.58188000271434,Fw
1143,598.932,0.713474146690109,0.44296285130323,1197.864,2019_yk_425,Yukon,2019,0.711845419764305,0.483045985937964,0.00616728787796189,673.024686737237,796.47831377911,1311.048,0.715863473747505,493.58188000271434,Fw
1144,599.456,0.710734798345404,0.449267665724691,1198.912,2019_yk_425,Yukon,2019,0.711846512750043,0.489297125712819,0.00625113977485481,673.024686737237,796.47831377911,1311.048,0.715863473747505,493.58188000271434,Fw
1145,599.98,0.710481622690796,0.458649265233304,1199.96,2019_yk_425,Yukon,2019,0.711774453476943,0.495704198573861,0.00640707286104208,673.024686737237,796.47831377911,1311.048,0.715863473747505,493.58188000271434,Fw
1146,600.504,0.711153769330204,0.468765962724163,1201.008,2019_yk_425,Yukon,2019,0.711745617410307,0.502244896686853,0.0065406981129913,673.024686737237,796.47831377911,1311.048,0.715863473747505,493.58188000271434,Fw
1147,601.028,0.712228474363234,0.474867927631949,1202.056,2019_yk_425,Yukon,2019,0.711711372339401,0.508977893229133,0.00673299654228043,673.024686737237,796.47831377911,1311.048,0.715863473747505,493.58188000271434,Fw
1148,601.552,0.711576429974548,0.485643114847306,1203.104,2019_yk_425,Yukon,2019,0.711634221176113,0.51607888704217,0.00710099381303697,673.024686737237,796.47831377911,1311.048,0.715863473747505,493.58188000271434,Fw
1149,602.076,0.712376158012589,0.493975534390757,1204.152,2019_yk_425,Yukon,2019,0.711586032180704,0.523143017702654,0.00706413066048384,673.024686737237,796.47831377911,1311.048,0.715863473747505,493.58188000271434,Fw
1150,602.6,0.712199853698795,0.499925157048044,1205.2,2019_yk_425,Yukon,2019,0.711617790801693,0.530327723243113,0.00718470554045902,673.024686737237,796.47831377911,1311.048,0.715863473747505,493.58188000271434,Fw
1151,603.124,0.71220218035031,0.511563328734025,1206.248,2019_yk_425,Yukon,2019,0.711590507518415,0.537567094830969,0.00723937158785615,673.024686737237,796.47831377911,1311.048,0.715863473747505,493.58188000271434,Fw
1152,603.648,0.709090595752797,0.52262674049347,1207.296,2019_yk_425,Yukon,2019,0.711518532836431,0.544809775926373,0.00724268109540438,673.024686737237,796.47831377911,1311.048,0.715863473747505,493.58188000271434,Fw
1153,604.172,0.710005532408307,0.531640975868858,1208.344,2019_yk_425,Yukon,2019,0.711502328470197,0.552207066821867,0.00739729089549335,673.024686737237,796.47831377911,1311.048,0.715863473747505,493.58188000271434,Fw
1154,604.696,0.710845811996391,0.535996783111917,1209.392,2019_yk_425,Yukon,2019,0.711443394751949,0.559684277806142,0.00747721098427545,673.024686737237,796.47831377911,1311.048,0.715863473747505,493.58188000271434,Fw
1155,605.22,0.712657829122092,0.542666960392152,1210.44,2019_yk_425,Yukon,2019,0.711353424276149,0.567161648730291,0.00747737092414924,673.024686737237,796.47831377911,1311.048,0.715863473747505,493.58188000271434,Fw
1156,605.744,0.711074299368691,0.558562518813467,1211.488,2019_yk_425,Yukon,2019,0.711314566012385,0.574737528027444,0.00757587929715253,673.024686737237,796.47831377911,1311.048,0.715863473747505,493.58188000271434,Fw
1157,606.268,0.712426886406424,0.567114397106559,1212.536,2019_yk_425,Yukon,2019,0.711235691031222,0.582332634402917,0.00759510637547312,673.024686737237,796.47831377911,1311.048,0.715863473747505,493.58188000271434,Fw
1158,606.792,0.711548049644117,0.57518271965712,1213.584,2019_yk_425,Yukon,2019,0.711182761362866,0.590056421900952,0.00772378749803526,673.024686737237,796.47831377911,1311.048,0.715863473747505,493.58188000271434,Fw
1159,607.316,0.712448536254068,0.582067211310221,1214.632,2019_yk_425,Yukon,2019,0.711123685585057,0.597748268716612,0.00769184681565926,673.024686737237,796.47831377911,1311.048,0.715863473747505,493.58188000271434,Fw
1160,607.84,0.712417062873253,0.584105710126178,1215.68,2019_yk_425,Yukon,2019,0.711035102184469,0.60537148025332,0.00762321153670875,673.024686737237,796.47831377911,1311.048,0.715863473747505,493.58188000271434,Fw
1161,608.364,0.710674376566216,0.595560515730971,1216.728,2019_yk_425,Yukon,2019,0.710943055004969,0.61306814067315,0.00769666041982997,673.024686737237,796.47831377911,1311.048,0.715863473747505,493.58188000271434,Fw
1162,608.888,0.711543895132599,0.610765512098423,1217.776,2019_yk_425,Yukon,2019,0.710902610631352,0.620685275029666,0.00761713435651556,673.024686737237,796.47831377911,1311.048,0.715863473747505,493.58188000271434,Fw
1163,609.412,0.7101592237379,0.625823577683293,1218.824,2019_yk_425,Yukon,2019,0.710861505124243,0.628452965947551,0.00776769091788498,673.024686737237,796.47831377911,1311.048,0.715863473747505,493.58188000271434,Fw
1164,609.936,0.712031894885807,0.637010275226073,1219.872,2019_yk_425,Yukon,2019,0.710780066667328,0.636332345597424,0.0078793796498734,673.024686737237,796.47831377911,1311.048,0.715863473747505,493.58188000271434,Fw
1165,610.46,0.711081194099331,0.64239771716601,1220.92,2019_yk_425,Yukon,2019,0.7107516321172,0.644182182187362,0.00784983658993732,673.024686737237,796.47831377911,1311.048,0.715863473747505,493.58188000271434,Fw
1166,610.984,0.710582663318892,0.661381248695786,1221.968,2019_yk_425,Yukon,2019,0.710782033568024,0.651982603401096,0.00780042121373414,673.024686737237,796.47831377911,1311.048,0.715863473747505,493.58188000271434,Fw
1167,611.508,0.709130469512494,0.674168269858674,1223.016,2019_yk_425,Yukon,2019,0.710782124671018,0.659821399972299,0.00783879657120357,673.024686737237,796.47831377911,1311.048,0.715863473747505,493.58188000271434,Fw
1168,612.032,0.709007226021298,0.683463750163135,1224.064,2019_yk_425,Yukon,2019,0.710685023306506,0.667474990750041,0.00765359077774175,673.024686737237,796.47831377911,1311.048,0.715863473747505,493.58188000271434,Fw
1169,612.556,0.711292794373553,0.6924946732846,1225.112,2019_yk_425,Yukon,2019,0.710650943442476,0.675295858046353,0.0078208672963116,673.024686737237,796.47831377911,1311.048,0.715863473747505,493.58188000271434,Fw
1170,613.08,0.709948078145901,0.700794246840524,1226.16,2019_yk_425,Yukon,2019,0.710616189753627,0.683001409433655,0.00770555138730267,673.024686737237,796.47831377911,1311.048,0.715863473747505,493.58188000271434,Fw
1171,613.604,0.709896924202947,0.708700137747716,1227.208,2019_yk_425,Yukon,2019,0.710565574934291,0.690751547845617,0.00775013841196126,673.024686737237,796.47831377911,1311.048,0.715863473747505,493.58188000271434,Fw
1172,614.128,0.710709557519553,0.718611088713463,1228.256,2019_yk_425,Yukon,2019,0.710529169439642,0.698394806576534,0.00764325873091742,673.024686737237,796.47831377911,1311.048,0.715863473747505,493.58188000271434,Fw
1173,614.652,0.709932366905096,0.728727552562768,1229.304,2019_yk_425,Yukon,2019,0.710453845151086,0.705739577224338,0.00734477064780437,673.024686737237,796.47831377911,1311.048,0.715863473747505,493.58188000271434,Fw
1174,615.176,0.709644649927559,0.735209401127912,1230.352,2019_yk_425,Yukon,2019,0.710440292999036,0.713049604745821,0.0073100275214828,673.024686737237,796.47831377911,1311.048,0.715863473747505,493.58188000271434,Fw
1175,615.7,0.710269080889637,0.74455671235735,1231.4,2019_yk_425,Yukon,2019,0.710448659956295,0.72046399041851406,0.00741438567269237,673.024686737237,796.47831377911,1311.048,0.715863473747505,493.58188000271434,Fw
1176,616.224,0.710364812531247,0.751718340683274,1232.448,2019_yk_425,Yukon,2019,0.710397678674646,0.72779566526685,0.00733167484833697,673.024686737237,796.47831377911,1311.048,0.715863473747505,493.58188000271434,Fw
1177,616.748,0.709820807701416,0.763165100500867,1233.496,2019_yk_425,Yukon,2019,0.710358266879771,0.735027706936945,0.00723204167009461,673.024686737237,796.47831377911,1311.048,0.715863473747505,493.58188000271434,Fw
1178,617.272,0.708707110271293,0.780090669771447,1234.544,2019_yk_425,Yukon,2019,0.710318327960709,0.742124902157261,0.00709719522031615,673.024686737237,796.47831377911,1311.048,0.715863473747505,493.58188000271434,Fw
1179,617.796,0.709353786754482,0.778162457274225,1235.592,2019_yk_425,Yukon,2019,0.710254193056201,0.749159721823952,0.00703481966669073,673.024686737237,796.47831377911,1311.048,0.715863473747505,493.58188000271434,Fw
1180,618.32,0.712883041599152,0.786979770552873,1236.64,2019_yk_425,Yukon,2019,0.710193616927429,0.755990634873208,0.00683091304925609,673.024686737237,796.47831377911,1311.048,0.715863473747505,493.58188000271434,Fw
1181,618.844,0.70996807681978,0.794306623040262,1237.688,2019_yk_425,Yukon,2019,0.710148584699537,0.762910019479763,0.00691938460655517,673.024686737237,796.47831377911,1311.048,0.715863473747505,493.58188000271434,Fw
1182,619.368,0.709073329196494,0.797266358165038,1238.736,2019_yk_425,Yukon,2019,0.710178092359819,0.769637309576958,0.00672729009719475,673.024686737237,796.47831377911,1311.048,0.715863473747505,493.58188000271434,Fw
1183,619.892,0.709458570983413,0.803596036388249,1239.784,2019_yk_425,Yukon,2019,0.710184401311429,0.776283090463274,0.00664578088631607,673.024686737237,796.47831377911,1311.048,0.715863473747505,493.58188000271434,Fw
1184,620.416,0.709395359361533,0.810658315540608,1240.832,2019_yk_425,Yukon,2019,0.710169562997292,0.782824045438119,0.00654095497484464,673.024686737237,796.47831377911,1311.048,0.715863473747505,493.58188000271434,Fw
1185,620.94,0.710357418658896,0.816490322092903,1241.88,2019_yk_425,Yukon,2019,0.710113896204025,0.789137463122784,0.00631341768466509,673.024686737237,796.47831377911,1311.048,0.715863473747505,493.58188000271434,Fw
1186,621.464,0.710527106922024,0.821266072381226,1242.928,2019_yk_425,Yukon,2019,0.710086967719533,0.795310642144537,0.00617317902175352,673.024686737237,796.47831377911,1311.048,0.715863473747505,493.58188000271434,Fw
1187,621.988,0.709741629136686,0.825176900957118,1243.976,2019_yk_425,Yukon,2019,0.710028052024863,0.801342187418125,0.00603154527358762,673.024686737237,796.47831377911,1311.048,0.715863473747505,493.58188000271434,Fw
1188,622.512,0.708344678389242,0.83101510242581,1245.024,2019_yk_425,Yukon,2019,0.710014886690612,0.80720904825834,0.00586686084021537,673.024686737237,796.47831377911,1311.048,0.715863473747505,493.58188000271434,Fw
1189,623.036,0.709557560723457,0.830828371767065,1246.072,2019_yk_425,Yukon,2019,0.709971244621083,0.812986880930176,0.00577783267183529,673.024686737237,796.47831377911,1311.048,0.715863473747505,493.58188000271434,Fw
1190,623.56,0.710386883783534,0.833778877196659,1247.12,2019_yk_425,Yukon,2019,0.709927797396058,0.818725192699064,0.0057383117688885,673.024686737237,796.47831377911,1311.048,0.715863473747505,493.58188000271434,Fw
1191,624.084,0.70919698859182,0.843839742855354,1248.168,2019_yk_425,Yukon,2019,0.709897535465706,0.824376324396043,0.00565113169697862,673.024686737237,796.47831377911,1311.048,0.715863473747505,493.58188000271434,Fw
1192,624.608,0.710343080678649,0.845304764333647,1249.216,2019_yk_425,Yukon,2019,0.709863553591474,0.829829971944944,0.00545364754890088,673.024686737237,796.47831377911,1311.048,0.715863473747505,493.58188000271434,Fw
1193,625.132,0.710749507642733,0.853384462343662,1250.264,2019_yk_425,Yukon,2019,0.709871669035114,0.835017134540877,0.00518716259593344,673.024686737237,796.47831377911,1311.048,0.715863473747505,493.58188000271434,Fw
1194,625.656,0.709815532423203,0.86442679822872,1251.312,2019_yk_425,Yukon,2019,0.709850616645233,0.840173032637962,0.00515589809708517,673.024686737237,796.47831377911,1311.048,0.715863473747505,493.58188000271434,Fw
1195,626.18,0.70921395455846,0.862188194588791,1252.36,2019_yk_425,Yukon,2019,0.709833978740303,0.845241973359147,0.00506894072118436,673.024686737237,796.47831377911,1311.048,0.715863473747505,493.58188000271434,Fw
1196,626.704,0.711167531261814,0.864228054996318,1253.408,2019_yk_425,Yukon,2019,0.709801064093614,0.850302080222217,0.00506010686307024,673.024686737237,796.47831377911,1311.048,0.715863473747505,493.58188000271434,Fw
1197,627.228,0.711098709139623,0.874781086027385,1254.456,2019_yk_425,Yukon,2019,0.709806281123425,0.855276577323495,0.00497449710127873,673.024686737237,796.47831377911,1311.048,0.715863473747505,493.58188000271434,Fw
1198,627.752,0.709492431362971,0.869530988924427,1255.504,2019_yk_425,Yukon,2019,0.709809288618772,0.860116037660532,0.00483946033703619,673.024686737237,796.47831377911,1311.048,0.715863473747505,493.58188000271434,Fw
1199,628.276,0.709764241177179,0.885138561273082,1256.552,2019_yk_425,Yukon,2019,0.709784016398875,0.864738278790071,0.00462224112953924,673.024686737237,796.47831377911,1311.048,0.715863473747505,493.58188000271434,Fw
1200,628.8,0.710182869691835,0.88558858120638,1257.6,2019_yk_425,Yukon,2019,0.709795845954292,0.869219449735484,0.004481170945413,673.024686737237,796.47831377911,1311.048,0.715863473747505,493.58188000271434,Fw
1201,629.324,0.70891030136888,0.89168279943303,1258.648,2019_yk_425,Yukon,2019,0.709795869696385,0.873597094278548,0.00437764454306422,673.024686737237,796.47831377911,1311.048,0.715863473747505,493.58188000271434,Fw
1202,629.848,0.7090284131278,0.893845537869516,1259.696,2019_yk_425,Yukon,2019,0.70978089080976,0.877925756660174,0.00432866238162544,673.024686737237,796.47831377911,1311.048,0.715863473747505,493.58188000271434,Fw
1203,630.372,0.708954689376812,0.883649090171489,1260.744,2019_yk_425,Yukon,2019,0.709769198713287,0.882107891595082,0.0041821349349086,673.024686737237,796.47831377911,1311.048,0.715863473747505,493.58188000271434,Fw
1204,630.896,0.709921669222383,0.887869317013659,1261.792,2019_yk_425,Yukon,2019,0.70975921081744,0.886110525776342,0.00400263418126001,673.024686737237,796.47831377911,1311.048,0.715863473747505,493.58188000271434,Fw
1205,631.42,0.710983640126323,0.903512405594842,1262.84,2019_yk_425,Yukon,2019,0.709756263389577,0.890158433398519,0.00404790762217677,673.024686737237,796.47831377911,1311.048,0.715863473747505,493.58188000271434,Fw
1206,631.944,0.708094892431243,0.908666453624384,1263.888,2019_yk_425,Yukon,2019,0.709739479351608,0.894323732956629,0.00416529955810974,673.024686737237,796.47831377911,1311.048,0.715863473747505,493.58188000271434,Fw
1207,632.468,0.709863766670758,0.908790427837628,1264.936,2019_yk_425,Yukon,2019,0.709728487657292,0.898150563793431,0.00382683083680235,673.024686737237,796.47831377911,1311.048,0.715863473747505,493.58188000271434,Fw
1208,632.992,0.709180094830839,0.911474828066276,1265.984,2019_yk_425,Yukon,2019,0.70976060779435,0.901736059383014,0.00358549558958288,673.024686737237,796.47831377911,1311.048,0.715863473747505,493.58188000271434,Fw
1209,633.516,0.708528063742087,0.9160647143922,1267.032,2019_yk_425,Yukon,2019,0.709777328219255,0.905339918921003,0.00360385953798925,673.024686737237,796.47831377911,1311.048,0.715863473747505,493.58188000271434,Fw
1210,634.04,0.708565285972478,0.909779940003408,1268.08,2019_yk_425,Yukon,2019,0.709703199032464,0.909073920690475,0.00373400176947181,673.024686737237,796.47831377911,1311.048,0.715863473747505,493.58188000271434,Fw
1211,634.564,0.709500246676781,0.926726405127336,1269.128,2019_yk_425,Yukon,2019,0.709707387645694,0.91276193848504406,0.00368801779456851,673.024686737237,796.47831377911,1311.048,0.715863473747505,493.58188000271434,Fw
1212,635.088,0.710861055369743,0.92626414632516,1270.176,2019_yk_425,Yukon,2019,0.709704894645652,0.916272442326686,0.00351050384164242,673.024686737237,796.47831377911,1311.048,0.715863473747505,493.58188000271434,Fw
1213,635.612,0.71038406950488,0.930387829047818,1271.224,2019_yk_425,Yukon,2019,0.709728387525879,0.919683606030296,0.00341116370360994,673.024686737237,796.47831377911,1311.048,0.715863473747505,493.58188000271434,Fw
1214,636.136,0.709955513148223,0.928454081602592,1272.272,2019_yk_425,Yukon,2019,0.709735858369195,0.92283808320262,0.00315447717232376,673.024686737237,796.47831377911,1311.048,0.715863473747505,493.58188000271434,Fw
1215,636.66,0.70931782152607,0.921472021472062,1273.32,2019_yk_425,Yukon,2019,0.709751998384785,0.925909067871724,0.00307098466910471,673.024686737237,796.47831377911,1311.048,0.715863473747505,493.58188000271434,Fw
1216,637.184,0.709458590299134,0.928953260118676,1274.368,2019_yk_425,Yukon,2019,0.709735664992392,0.928988158064912,0.00307909019318775,673.024686737237,796.47831377911,1311.048,0.715863473747505,493.58188000271434,Fw
1217,637.708,0.708891944726223,0.929007113521817,1275.416,2019_yk_425,Yukon,2019,0.709734815212821,0.931931249671635,0.00294309160672279,673.024686737237,796.47831377911,1311.048,0.715863473747505,493.58188000271434,Fw
1218,638.232,0.710758129589042,0.927194370070045,1276.464,2019_yk_425,Yukon,2019,0.70977100222976,0.934864914125741,0.00293366445410603,673.024686737237,796.47831377911,1311.048,0.715863473747505,493.58188000271434,Fw
1219,638.756,0.709830012082363,0.92873717162034,1277.512,2019_yk_425,Yukon,2019,0.709768604033493,0.937648192564311,0.00278327843857007,673.024686737237,796.47831377911,1311.048,0.715863473747505,493.58188000271434,Fw
1220,639.28,0.709810229371768,0.928404416259488,1278.56,2019_yk_425,Yukon,2019,0.709758982525106,0.940388865312952,0.00274067274864143,673.024686737237,796.47831377911,1311.048,0.715863473747505,493.58188000271434,Fw
1221,639.804,0.708858660745092,0.934628417549686,1279.608,2019_yk_425,Yukon,2019,0.709752801521046,0.943052344643463,0.00266347933051037,673.024686737237,796.47831377911,1311.048,0.715863473747505,493.58188000271434,Fw
1222,640.328,0.709504982678627,0.937984365032475,1280.656,2019_yk_425,Yukon,2019,0.709750430037611,0.945779409104888,0.00272706446142479,673.024686737237,796.47831377911,1311.048,0.715863473747505,493.58188000271434,Fw
1223,640.852,0.710646150356345,0.9370533334393,1281.704,2019_yk_425,Yukon,2019,0.709736087140514,0.94840630257306,0.00262689346817246,673.024686737237,796.47831377911,1311.048,0.715863473747505,493.58188000271434,Fw
1224,641.376,0.710768751492914,0.946364161051182,1282.752,2019_yk_425,Yukon,2019,0.709737244987947,0.950880511017988,0.00247420844492818,673.024686737237,796.47831377911,1311.048,0.715863473747505,493.58188000271434,Fw
1225,641.9,0.710082919803572,0.946534160437069,1283.8,2019_yk_425,Yukon,2019,0.70974396644693,0.953181631739531,0.00230112072154298,673.024686737237,796.47831377911,1311.048,0.715863473747505,493.58188000271434,Fw
1226,642.424,0.708607784517514,0.964987660479991,1284.848,2019_yk_425,Yukon,2019,0.709730075824598,0.955880193881868,0.00269856214233644,673.024686737237,796.47831377911,1311.048,0.715863473747505,493.58188000271434,Fw
1227,642.948,0.709443491301174,0.972638095935399,1285.896,2019_yk_425,Yukon,2019,0.709723433245642,0.958179167831217,0.00229897394934908,673.024686737237,796.47831377911,1311.048,0.715863473747505,493.58188000271434,Fw
1228,643.472,0.709187675742094,0.973831370385307,1286.944,2019_yk_425,Yukon,2019,0.709725901548409,0.960587545877498,0.0024083780462808,673.024686737237,796.47831377911,1311.048,0.715863473747505,493.58188000271434,Fw
1229,643.996,0.709776461179752,0.969829141056957,1287.992,2019_yk_425,Yukon,2019,0.709719678380556,0.962669134958497,0.00208158908099987,673.024686737237,796.47831377911,1311.048,0.715863473747505,493.58188000271434,Fw
1230,644.52,0.710657851470903,0.969664503565307,1289.04,2019_yk_425,Yukon,2019,0.709696304421067,0.964820865778744,0.002151730820247,673.024686737237,796.47831377911,1311.048,0.715863473747505,493.58188000271434,Fw
1231,645.044,0.70989834872853,0.97135881033157,1290.088,2019_yk_425,Yukon,2019,0.70971603466773,0.966916080884743,0.00209521510599819,673.024686737237,796.47831377911,1311.048,0.715863473747505,493.58188000271434,Fw
1232,645.568,0.709810824322096,0.978330831610989,1291.136,2019_yk_425,Yukon,2019,0.709706375658155,0.96919919866051,0.00228311777576795,673.024686737237,796.47831377911,1311.048,0.715863473747505,493.58188000271434,Fw
1233,646.092,0.709230841116671,0.979655648657285,1292.184,2019_yk_425,Yukon,2019,0.709697794155018,0.971522376563206,0.00232317790269587,673.024686737237,796.47831377911,1311.048,0.715863473747505,493.58188000271434,Fw
1234,646.616,0.709045376176732,0.97536745200351,1293.232,2019_yk_425,Yukon,2019,0.709692414196614,0.973881341000489,0.00235896443728234,673.024686737237,796.47831377911,1311.048,0.715863473747505,493.58188000271434,Fw
1235,647.14,0.710092235217873,0.987431169687959,1294.28,2019_yk_425,Yukon,2019,0.709658702701231,0.975989879966081,0.00210853896559193,673.024686737237,796.47831377911,1311.048,0.715863473747505,493.58188000271434,Fw
1236,647.664,0.709357770253098,1.00163631416985,1295.328,2019_yk_425,Yukon,2019,0.709697642343713,0.978002333340209,0.00201245337412814,673.024686737237,796.47831377911,1311.048,0.715863473747505,493.58188000271434,Fw
1237,648.188,0.709161306042454,0.992774950709012,1296.376,2019_yk_425,Yukon,2019,0.709692350321389,0.979853263331208,0.00185092999099901,673.024686737237,796.47831377911,1311.048,0.715863473747505,493.58188000271434,Fw
1238,648.712,0.710634318494764,0.99522040514642,1297.424,2019_yk_425,Yukon,2019,0.709682957465346,0.981790362295473,0.00193709896426542,673.024686737237,796.47831377911,1311.048,0.715863473747505,493.58188000271434,Fw
1239,649.236,0.710357012248793,0.99439402955358,1298.472,2019_yk_425,Yukon,2019,0.709722204154317,0.983830409085543,0.00204004679007019,673.024686737237,796.47831377911,1311.048,0.715863473747505,493.58188000271434,Fw
1240,649.76,0.70843529039172,1.01101987672118,1299.52,2019_yk_425,Yukon,2019,0.709737609660735,0.986055354373977,0.00222494528843353,673.024686737237,796.47831377911,1311.048,0.715863473747505,493.58188000271434,Fw
1241,650.284,0.710219393613595,1.01558769071437,1300.568,2019_yk_425,Yukon,2019,0.709728815199362,0.987768043220109,0.00171268884613174,673.024686737237,796.47831377911,1311.048,0.715863473747505,493.58188000271434,Fw
1242,650.808,0.708923749193962,1.00789658866358,1301.616,2019_yk_425,Yukon,2019,0.709700235021702,0.989546717302047,0.0017786740819381,673.024686737237,796.47831377911,1311.048,0.715863473747505,493.58188000271434,Fw
1243,651.332,0.710868143797026,1.00826585860485,1302.664,2019_yk_425,Yukon,2019,0.709696081762867,0.99114169442104,0.00159497711899326,673.024686737237,796.47831377911,1311.048,0.715863473747505,493.58188000271434,Fw
1244,651.856,0.709843609960473,0.999926945880026,1303.712,2019_yk_425,Yukon,2019,0.709693010306621,0.992674487245629,0.00153279282458885,673.024686737237,796.47831377911,1311.048,0.715863473747505,493.58188000271434,Fw
1245,652.38,0.711325819594327,1.00074940223918,1304.76,2019_yk_425,Yukon,2019,0.70968051214182,0.994210850076357,0.001536362830728,673.024686737237,796.47831377911,1311.048,0.715863473747505,493.58188000271434,Fw
1246,652.904,0.709547103378457,1.00601148397249,1305.808,2019_yk_425,Yukon,2019,0.709678685399827,0.99565754720147,0.00144669712511358,673.024686737237,796.47831377911,1311.048,0.715863473747505,493.58188000271434,Fw
1247,653.428,0.709690642362404,1.00176239736049,1306.856,2019_yk_425,Yukon,2019,0.709700434069151,0.997222350728548,0.001564803527078,673.024686737237,796.47831377911,1311.048,0.715863473747505,493.58188000271434,Fw
1248,653.952,0.710515899405555,1.00703496967217,1307.904,2019_yk_425,Yukon,2019,0.709676421055255,0.998825361775047,0.00160301104649896,673.024686737237,796.47831377911,1311.048,0.715863473747505,493.58188000271434,Fw
1249,654.476,0.709413668947487,0.997825078081276,1308.952,2019_yk_425,Yukon,2019,0.709671903145979,0.999996113118067,0.00117075134301925,673.024686737237,796.47831377911,1311.048,0.715863473747505,493.58188000271434,Fw
1250,655,0.709809593280267,0.998219242115146,1310,2019_yk_425,Yukon,2019,0.709670016370204,1.00112413380821,0.00112802069014351,673.024686737237,796.47831377911,1311.048,0.715863473747505,493.58188000271434,Fw
1251,655.524,0.708826128348221,1.00364850268598,1311.048,2019_yk_425,Yukon,2019,0.709677755465727,1.00190995546081,7.858216525951e-4,673.024686737237,796.47831377911,1311.048,0.715863473747505,493.58188000271434,Early Marine
1252,656.048,0.710200791672586,1.00892863201913,1312.096,2019_yk_425,Yukon,2019,0.709676274801096,1.00246007419441,5.5011873360255e-4,673.024686737237,796.47831377911,1311.048,0.715863473747505,493.58188000271434,Early Marine
1253,656.572,0.709888933816871,1.01099807043401,1313.144,2019_yk_425,Yukon,2019,0.709668308267709,1.00303531685067,5.7524265626129e-4,673.024686737237,796.47831377911,1311.048,0.715863473747505,493.58188000271434,Early Marine
1254,657.096,0.709885003269241,1.01287930492441,1314.192,2019_yk_425,Yukon,2019,0.709622865099843,1.00338962916857,3.5431231789995e-4,673.024686737237,796.47831377911,1311.048,0.715863473747505,493.58188000271434,Early Marine
1255,657.62,0.709617242097387,1.00025543788138,1315.24,2019_yk_425,Yukon,2019,0.709608894512127,1.00358175110937,1.9212194080475e-4,673.024686737237,796.47831377911,1311.048,0.715863473747505,493.58188000271434,Early Marine
1256,658.144,0.710334093921914,1.0261417835365,1316.288,2019_yk_425,Yukon,2019,0.709635164201266,1.00361547408364,3.37229742641831e-5,673.024686737237,796.47831377911,1311.048,0.715863473747505,493.58188000271434,Early Marine
1257,658.668,0.710700154402242,1.01271952298833,1317.336,2019_yk_425,Yukon,2019,0.709623065809898,1.00347396919445,-1.4150488918862e-4,673.024686737237,796.47831377911,1311.048,0.715863473747505,493.58188000271434,Early Marine
1258,659.192,0.709640529529016,1.01403367170128,1318.384,2019_yk_425,Yukon,2019,0.709646758352207,1.0032818880733,-1.9208112114776e-4,673.024686737237,796.47831377911,1311.048,0.715863473747505,493.58188000271434,Early Marine
1259,659.716,0.709390851105995,1.01003390613308,1319.432,2019_yk_425,Yukon,2019,0.709636126529957,1.00311987070228,-1.6201737101972e-4,673.024686737237,796.47831377911,1311.048,0.715863473747505,493.58188000271434,Early Marine
1260,660.24,0.708780432122518,1.0146924304212,1320.48,2019_yk_425,Yukon,2019,0.709613664754151,1.00269213819962,-4.2773250266048e-4,673.024686737237,796.47831377911,1311.048,0.715863473747505,493.58188000271434,Early Marine
1261,660.764,0.710094116168607,1.01739570579292,1321.528,2019_yk_425,Yukon,2019,0.709603772541918,1.00258591130835,-1.0622689127504e-4,673.024686737237,796.47831377911,1311.048,0.715863473747505,493.58188000271434,Early Marine
1262,661.288,0.708448872553318,1.03083260441559,1322.576,2019_yk_425,Yukon,2019,0.709589722672569,1.00212632618278,-4.5958512556221e-4,673.024686737237,796.47831377911,1311.048,0.715863473747505,493.58188000271434,Early Marine
1263,661.812,0.708439799188584,1.02303976433325,1323.624,2019_yk_425,Yukon,2019,0.709573843374253,1.00168936803881,-4.3695814397493e-4,673.024686737237,796.47831377911,1311.048,0.715863473747505,493.58188000271434,Early Marine
1264,662.336,0.709598871718148,1.0294071832506,1324.672,2019_yk_425,Yukon,2019,0.709589075266277,1.00120294868062,-4.864193581906e-4,673.024686737237,796.47831377911,1311.048,0.715863473747505,493.58188000271434,Early Marine
1265,662.86,0.708960950403353,1.03002474353036,1325.72,2019_yk_425,Yukon,2019,0.70958384672649,1.0003954265218,-8.0752215881552e-4,673.024686737237,796.47831377911,1311.048,0.715863473747505,493.58188000271434,Early Marine
1266,663.384,0.710431270980146,1.02941365607207,1326.768,2019_yk_425,Yukon,2019,0.70958394270346,0.999449891899662,-9.4553462214086e-4,673.024686737237,796.47831377911,1311.048,0.715863473747505,493.58188000271434,Early Marine
1267,663.908,0.709546245331346,1.01984622729757,1327.816,2019_yk_425,Yukon,2019,0.709603228977188,0.998465142015198,-9.8474988446395e-4,673.024686737237,796.47831377911,1311.048,0.715863473747505,493.58188000271434,Early Marine
1268,664.432,0.708616523468245,1.0277007659222,1328.864,2019_yk_425,Yukon,2019,0.709569001825298,0.997393799513385,-0.00107134250181284,673.024686737237,796.47831377911,1311.048,0.715863473747505,493.58188000271434,Early Marine
1269,664.956,0.710882865080366,1.03846752179641,1329.912,2019_yk_425,Yukon,2019,0.709565839627913,0.996373508761294,-0.00102029075209165,673.024686737237,796.47831377911,1311.048,0.715863473747505,493.58188000271434,Early Marine
1270,665.48,0.709489616357562,1.04327665730942,1330.96,2019_yk_425,Yukon,2019,0.709588986421173,0.995019499928079,-0.0013540088332149,673.024686737237,796.47831377911,1311.048,0.715863473747505,493.58188000271434,Early Marine
1271,666.004,0.708972578994416,1.02948773589524,1332.008,2019_yk_425,Yukon,2019,0.709580077906968,0.993582797302414,-0.00143670262566487,673.024686737237,796.47831377911,1311.048,0.715863473747505,493.58188000271434,Early Marine
1272,666.528,0.709146244710111,1.03298459124145,1333.056,2019_yk_425,Yukon,2019,0.709590431487865,0.992256793261843,-0.00132600404057115,673.024686737237,796.47831377911,1311.048,0.715863473747505,493.58188000271434,Early Marine
1273,667.052,0.710134873974806,1.02608645618741,1334.104,2019_yk_425,Yukon,2019,0.709605329325358,0.990704788374707,-0.00155200488713636,673.024686737237,796.47831377911,1311.048,0.715863473747505,493.58188000271434,Early Marine
1274,667.576,0.709771225773461,1.02042165107792,1335.152,2019_yk_425,Yukon,2019,0.709589256213937,0.989433575905845,-0.00127121246886142,673.024686737237,796.47831377911,1311.048,0.715863473747505,493.58188000271434,Early Marine
1275,668.1,0.708567931638,1.01365379131574,1336.2,2019_yk_425,Yukon,2019,0.709560213572359,0.988207606582807,-0.00122596932303787,673.024686737237,796.47831377911,1311.048,0.715863473747505,493.58188000271434,Early Marine
1276,668.624,0.709348985779545,1.01575508762548,1337.248,2019_yk_425,Yukon,2019,0.70955701152918,0.986773753002207,-0.00143385358060044,673.024686737237,796.47831377911,1311.048,0.715863473747505,493.58188000271434,Early Marine
1277,669.148,0.710196864885641,1.02289532514649,1338.296,2019_yk_425,Yukon,2019,0.709553449427404,0.985460076739148,-0.00131367626305878,673.024686737237,796.47831377911,1311.048,0.715863473747505,493.58188000271434,Early Marine
1278,669.672,0.709317348755289,1.02337503285999,1339.344,2019_yk_425,Yukon,2019,0.709534271749413,0.984074007083504,-0.00138606965564414,673.024686737237,796.47831377911,1311.048,0.715863473747505,493.58188000271434,Early Marine
1279,670.196,0.709558937525821,0.99898225220149,1340.392,2019_yk_425,Yukon,2019,0.709544987137011,0.982932612391028,-0.00114139469247543,673.024686737237,796.47831377911,1311.048,0.715863473747505,493.58188000271434,Early Marine
1280,670.72,0.709697022825259,0.996085657668103,1341.44,2019_yk_425,Yukon,2019,0.709527083619944,0.981678965858958,-0.00125364653207094,673.024686737237,796.47831377911,1311.048,0.715863473747505,493.58188000271434,Early Marine
1281,671.244,0.709323006476448,0.981777716705395,1342.488,2019_yk_425,Yukon,2019,0.709537445314485,0.980728715993521,-9.5024986543668e-4,673.024686737237,796.47831377911,1311.048,0.715863473747505,493.58188000271434,Early Marine
1282,671.768,0.709416142800804,0.970991489048625,1343.536,2019_yk_425,Yukon,2019,0.70953777501002,0.979443086391537,-0.00128562960198353,673.024686737237,796.47831377911,1311.048,0.715863473747505,493.58188000271434,Early Marine
1283,672.292,0.710168158353098,0.971567892814973,1344.584,2019_yk_425,Yukon,2019,0.709517072582748,0.978152767126255,-0.00129031926528222,673.024686737237,796.47831377911,1311.048,0.715863473747505,493.58188000271434,Early Marine
1284,672.816,0.708042161420995,0.967622900125192,1345.632,2019_yk_425,Yukon,2019,0.709514374700439,0.976927495932382,-0.00122527119387317,673.024686737237,796.47831377911,1311.048,0.715863473747505,493.58188000271434,Early Marine
1285,673.34,0.709244684540609,0.958061476885354,1346.68,2019_yk_425,Yukon,2019,0.70952240945844,0.975780529445057,-0.00114696648732537,673.024686737237,796.47831377911,1311.048,0.715863473747505,493.58188000271434,Early Marine
1286,673.864,0.710183965865849,0.96701103893584,1347.728,2019_yk_425,Yukon,2019,0.709501649745922,0.974195355682386,-0.00158517376267064,673.024686737237,796.47831377911,1311.048,0.715863473747505,493.58188000271434,Early Marine
1287,674.388,0.708717587819065,0.964147802584085,1348.776,2019_yk_425,Yukon,2019,0.709482776303009,0.972944662069523,-0.00125069361286267,673.024686737237,796.47831377911,1311.048,0.715863473747505,493.58188000271434,Early Marine
1288,674.912,0.71060922828064,0.96230650311643,1349.824,2019_yk_425,Yukon,2019,0.709486824685264,0.971677580423354,-0.00126708164616929,673.024686737237,796.47831377911,1311.048,0.715863473747505,493.58188000271434,Early Marine
1289,675.436,0.709138551844776,0.96010809879577,1350.872,2019_yk_425,Yukon,2019,0.709500678697168,0.970410299048297,-0.00126728137505672,673.024686737237,796.47831377911,1311.048,0.715863473747505,493.58188000271434,Early Marine
1290,675.96,0.70931014492252,0.944000553405688,1351.92,2019_yk_425,Yukon,2019,0.709497702124294,0.969151202420739,-0.00125909662755808,673.024686737237,796.47831377911,1311.048,0.715863473747505,493.58188000271434,Early Marine
1291,676.484,0.709304815994571,0.964985196855055,1352.968,2019_yk_425,Yukon,2019,0.709491444073011,0.968008639285177,-0.00114256313556238,673.024686737237,796.47831377911,1311.048,0.715863473747505,493.58188000271434,Early Marine
1292,677.008,0.70896783216116,0.950755724077263,1354.016,2019_yk_425,Yukon,2019,0.709508829436146,0.966541603974538,-0.0014670353106383,673.024686737237,796.47831377911,1311.048,0.715863473747505,493.58188000271434,Early Marine
1293,677.532,0.708278083217693,0.953438160018785,1355.064,2019_yk_425,Yukon,2019,0.709530448217143,0.965230209432282,-0.00131139454225682,673.024686737237,796.47831377911,1311.048,0.715863473747505,493.58188000271434,Early Marine
1294,678.056,0.709959289698195,0.946182290512084,1356.112,2019_yk_425,Yukon,2019,0.709530289061108,0.963727286062979,-0.00150292336930269,673.024686737237,796.47831377911,1311.048,0.715863473747505,493.58188000271434,Early Marine
1295,678.58,0.709778522830662,0.938979840159025,1357.16,2019_yk_425,Yukon,2019,0.709541265751852,0.962266315216365,-0.00146097084661423,673.024686737237,796.47831377911,1311.048,0.715863473747505,493.58188000271434,Early Marine
1296,679.104,0.709363528871234,0.944904236841398,1358.208,2019_yk_425,Yukon,2019,0.709508652767685,0.960854295960216,-0.00141201925614842,673.024686737237,796.47831377911,1311.048,0.715863473747505,493.58188000271434,Early Marine
1297,679.628,0.710318482466134,0.933689957641171,1359.256,2019_yk_425,Yukon,2019,0.709503529945347,0.959525309565782,-0.00132898639443391,673.024686737237,796.47831377911,1311.048,0.715863473747505,493.58188000271434,Early Marine
1298,680.152,0.708580689381377,0.930939855037652,1360.304,2019_yk_425,Yukon,2019,0.709501674965244,0.957999354138363,-0.0015259554274194,673.024686737237,796.47831377911,1311.048,0.715863473747505,493.58188000271434,Early Marine
1299,680.676,0.710167280405702,0.933176584428083,1361.352,2019_yk_425,Yukon,2019,0.709475849591325,0.956369413040448,-0.00162994109791459,673.024686737237,796.47831377911,1311.048,0.715863473747505,493.58188000271434,Early Marine
1300,681.2,0.709824097987302,0.929779346728292,1362.4,2019_yk_425,Yukon,2019,0.709478839268902,0.95484632347002,-0.00152308957042868,673.024686737237,796.47831377911,1311.048,0.715863473747505,493.58188000271434,Early Marine
1301,681.724,0.709684882761342,0.92938553317447,1363.448,2019_yk_425,Yukon,2019,0.709502972902977,0.953484405057791,-0.00136191841222832,673.024686737237,796.47831377911,1311.048,0.715863473747505,493.58188000271434,Early Marine
1302,682.248,0.709544964047783,0.928336346229311,1364.496,2019_yk_425,Yukon,2019,0.709494638447625,0.952158216386734,-0.00132618867105783,673.024686737237,796.47831377911,1311.048,0.715863473747505,493.58188000271434,Early Marine
1303,682.772,0.711762014046605,0.915145565376666,1365.544,2019_yk_425,Yukon,2019,0.709497530196329,0.950878535817971,-0.00127968056876226,673.024686737237,796.47831377911,1311.048,0.715863473747505,493.58188000271434,Early Marine
1304,683.296,0.708879223275164,0.92365419774834,1366.592,2019_yk_425,Yukon,2019,0.709491168796493,0.949657930420522,-0.00122060539744961,673.024686737237,796.47831377911,1311.048,0.715863473747505,493.58188000271434,Early Marine
1305,683.82,0.709583261099692,0.92719124285691,1367.64,2019_yk_425,Yukon,2019,0.709517827941159,0.948573942124368,-0.00108398829615419,673.024686737237,796.47831377911,1311.048,0.715863473747505,493.58188000271434,Early Marine
1306,684.344,0.70935498078769,0.919980269136465,1368.688,2019_yk_425,Yukon,2019,0.709519806226036,0.947396396898636,-0.00117754522573199,673.024686737237,796.47831377911,1311.048,0.715863473747505,493.58188000271434,Early Marine
1307,684.868,0.709476916255853,0.922941821576965,1369.736,2019_yk_425,Yukon,2019,0.709514200103928,0.946014639371676,-0.00138175752695946,673.024686737237,796.47831377911,1311.048,0.715863473747505,493.58188000271434,Early Marine
1308,685.392,0.709365238726094,0.923870790333529,1370.784,2019_yk_425,Yukon,2019,0.709531336148988,0.944661051120596,-0.00135358825108045,673.024686737237,796.47831377911,1311.048,0.715863473747505,493.58188000271434,Early Marine
1309,685.916,0.71005659220336,0.929341396532745,1371.832,2019_yk_425,Yukon,2019,0.70953488309844,0.943857258156174,-8.037929644219e-4,673.024686737237,796.47831377911,1311.048,0.715863473747505,493.58188000271434,Early Marine
1310,686.44,0.708735382256261,0.923000450190885,1372.88,2019_yk_425,Yukon,2019,0.709511735305893,0.943046231626697,-8.1102652947684e-4,673.024686737237,796.47831377911,1311.048,0.715863473747505,493.58188000271434,Early Marine
1311,686.964,0.709447830020689,0.946633510759773,1373.928,2019_yk_425,Yukon,2019,0.709495290190034,0.942547161411867,-4.9907021482986e-4,673.024686737237,796.47831377911,1311.048,0.715863473747505,493.58188000271434,Early Marine
1312,687.488,0.710220573404677,0.931790855900123,1374.976,2019_yk_425,Yukon,2019,0.709508847286916,0.942148860052197,-3.9830135966967e-4,673.024686737237,796.47831377911,1311.048,0.715863473747505,493.58188000271434,Early Marine
1313,688.012,0.708646788180539,0.933578914517073,1376.024,2019_yk_425,Yukon,2019,0.709504655979205,0.941723423606018,-4.2543644617931e-4,673.024686737237,796.47831377911,1311.048,0.715863473747505,493.58188000271434,Early Marine
1314,688.536,0.709723130330691,0.939363033292026,1377.072,2019_yk_425,Yukon,2019,0.709516773695672,0.941654410211727,-6.90133942905513e-5,673.024686737237,796.47831377911,1311.048,0.715863473747505,493.58188000271434,Early Marine
1315,689.06,0.710099327577465,0.931437448641847,1378.12,2019_yk_425,Yukon,2019,0.709532476399258,0.941604455793297,-4.99544184306977e-5,673.024686737237,796.47831377911,1311.048,0.715863473747505,493.58188000271434,Early Marine
1316,689.584,0.709088511170861,0.931031357776265,1379.168,2019_yk_425,Yukon,2019,0.709519374396371,0.941440094094203,-1.643616990935e-4,673.024686737237,796.47831377911,1311.048,0.715863473747505,493.58188000271434,Early Marine
1317,690.108,0.709567747827447,0.937677906216576,1380.216,2019_yk_425,Yukon,2019,0.709511244669982,0.941280740294904,-1.5935379929876e-4,673.024686737237,796.47831377911,1311.048,0.715863473747505,493.58188000271434,Early Marine
1318,690.632,0.709883432464303,0.938008772931118,1381.264,2019_yk_425,Yukon,2019,0.709496909394821,0.941017908728494,-2.6283156641093e-4,673.024686737237,796.47831377911,1311.048,0.715863473747505,493.58188000271434,Early Marine
1319,691.156,0.710222091820224,0.933997023629679,1382.312,2019_yk_425,Yukon,2019,0.709503316545522,0.940744305160031,-2.7360356846262e-4,673.024686737237,796.47831377911,1311.048,0.715863473747505,493.58188000271434,Early Marine
1320,691.68,0.708601837750116,0.939146632767714,1383.36,2019_yk_425,Yukon,2019,0.709489036498691,0.940750341409982,6.03624995121343e-6,673.024686737237,796.47831377911,1311.048,0.715863473747505,493.58188000271434,Early Marine
1321,692.204,0.709718633091624,0.948841917659184,1384.408,2019_yk_425,Yukon,2019,0.709477427575615,0.940487183456237,-2.6315795374509e-4,673.024686737237,796.47831377911,1311.048,0.715863473747505,493.58188000271434,Early Marine
1322,692.728,0.709491994341415,0.94281048577729,1385.456,2019_yk_425,Yukon,2019,0.709497209031649,0.940656500703409,1.6931724717161e-4,673.024686737237,796.47831377911,1311.048,0.715863473747505,493.58188000271434,Early Marine
1323,693.252,0.709736926048383,0.94435609179784,1386.504,2019_yk_425,Yukon,2019,0.709515490974853,0.940928298459136,2.7179775572749e-4,673.024686737237,796.47831377911,1311.048,0.715863473747505,493.58188000271434,Early Marine
1324,693.776,0.709589322356062,0.939231781092439,1387.552,2019_yk_425,Yukon,2019,0.709488117859917,0.941407922311929,4.7962385279265e-4,673.024686737237,796.47831377911,1311.048,0.715863473747505,493.58188000271434,Early Marine
1325,694.3,0.709619551848004,0.942366492733505,1388.6,2019_yk_425,Yukon,2019,0.709483853104032,0.941894786416378,4.8686410444964e-4,673.024686737237,796.47831377911,1311.048,0.715863473747505,493.58188000271434,Early Marine
1326,694.824,0.708474491930122,0.944692500703168,1389.648,2019_yk_425,Yukon,2019,0.709481213463791,0.942082497609306,1.877111929277e-4,673.024686737237,796.47831377911,1311.048,0.715863473747505,493.58188000271434,Early Marine
1327,695.348,0.70923887599103,0.940107043631533,1390.696,2019_yk_425,Yukon,2019,0.709445185468021,0.942712527168423,6.3002955911706e-4,673.024686737237,796.47831377911,1311.048,0.715863473747505,493.58188000271434,Early Marine
1328,695.872,0.708505224662105,0.936143440277036,1391.744,2019_yk_425,Yukon,2019,0.709417653841832,0.943313126946808,6.0059977838467e-4,673.024686737237,796.47831377911,1311.048,0.715863473747505,493.58188000271434,Early Marine
1329,696.396,0.709333342645227,0.940671055921532,1392.792,2019_yk_425,Yukon,2019,0.709393174612272,0.94394240607854,6.2927913173227e-4,673.024686737237,796.47831377911,1311.048,0.715863473747505,493.58188000271434,Early Marine
1330,696.92,0.709668997012178,0.951891283083695,1393.84,2019_yk_425,Yukon,2019,0.709395817311611,0.944567351978784,6.2494590024397e-4,673.024686737237,796.47831377911,1311.048,0.715863473747505,493.58188000271434,Early Marine
1331,697.444,0.710420597038898,0.94777263116155,1394.888,2019_yk_425,Yukon,2019,0.709392274610858,0.94517234361843006,6.04991639646e-4,673.024686737237,796.47831377911,1311.048,0.715863473747505,493.58188000271434,Early Marine
1332,697.968,0.708646177388967,0.953413270977985,1395.936,2019_yk_425,Yukon,2019,0.709394420233421,0.945672649761166,5.0030614273577e-4,673.024686737237,796.47831377911,1311.048,0.715863473747505,493.58188000271434,Early Marine
1333,698.492,0.710308378897055,0.949305622061673,1396.984,2019_yk_425,Yukon,2019,0.709360146022141,0.94652029664164,8.4764688047456e-4,673.024686737237,796.47831377911,1311.048,0.715863473747505,493.58188000271434,Early Marine
1334,699.016,0.709389541783333,0.947185327230944,1398.032,2019_yk_425,Yukon,2019,0.709365052345715,0.947152554293324,6.3225765168351e-4,673.024686737237,796.47831377911,1311.048,0.715863473747505,493.58188000271434,Early Marine
1335,699.54,0.710167480317946,0.948614493546491,1399.08,2019_yk_425,Yukon,2019,0.709392088421335,0.947757407713305,6.0485341998084e-4,673.024686737237,796.47831377911,1311.048,0.715863473747505,493.58188000271434,Early Marine
1336,700.064,0.709467682872181,0.94510237408156,1400.128,2019_yk_425,Yukon,2019,0.709373210198122,0.948497660776672,7.4025306336711e-4,673.024686737237,796.47831377911,1311.048,0.715863473747505,493.58188000271434,Early Marine
1337,700.588,0.709860497559139,0.93998987352893,1401.176,2019_yk_425,Yukon,2019,0.709361312278334,0.949097940386327,6.0027960965458e-4,673.024686737237,796.47831377911,1311.048,0.715863473747505,493.58188000271434,Early Marine
1338,701.112,0.710345511458906,0.94215973779516,1402.224,2019_yk_425,Yukon,2019,0.709366220963115,0.949723125246142,6.2518485981588e-4,673.024686737237,796.47831377911,1311.048,0.715863473747505,493.58188000271434,Early Marine
1339,701.636,0.709771754492899,0.95075467433618,1403.272,2019_yk_425,Yukon,2019,0.709357291758412,0.950352800563607,6.2967531746449e-4,673.024686737237,796.47831377911,1311.048,0.715863473747505,493.58188000271434,Early Marine
1340,702.16,0.708308155272443,0.94742406589949,1404.32,2019_yk_425,Yukon,2019,0.709377841787637,0.950924914674434,5.721141108268e-4,673.024686737237,796.47831377911,1311.048,0.715863473747505,493.58188000271434,Early Marine
1341,702.684,0.70833629952495,0.951833503815607,1405.368,2019_yk_425,Yukon,2019,0.709370665080365,0.951223087287759,2.9817261332498e-4,673.024686737237,796.47831377911,1311.048,0.715863473747505,493.58188000271434,Early Marine
1342,703.208,0.710229568613681,0.94709340746844,1406.416,2019_yk_425,Yukon,2019,0.709345105704413,0.951724768079396,5.0168079163737e-4,673.024686737237,796.47831377911,1311.048,0.715863473747505,493.58188000271434,Early Marine
1343,703.732,0.709916679890481,0.946041706044215,1407.464,2019_yk_425,Yukon,2019,0.709372445816931,0.952374378304243,6.4961022484721e-4,673.024686737237,796.47831377911,1311.048,0.715863473747505,493.58188000271434,Early Marine
1344,704.256,0.708769224409022,0.963482096467755,1408.512,2019_yk_425,Yukon,2019,0.709351609216728,0.952837501550419,4.6312324617603e-4,673.024686737237,796.47831377911,1311.048,0.715863473747505,493.58188000271434,Early Marine
1345,704.78,0.710186846755728,0.955064211779516,1409.56,2019_yk_425,Yukon,2019,0.709334520149715,0.953322494426425,4.8499287600589e-4,673.024686737237,796.47831377911,1311.048,0.715863473747505,493.58188000271434,Early Marine
1346,705.304,0.709397845692665,0.957149336990228,1410.608,2019_yk_425,Yukon,2019,0.709364626913623,0.954059611128664,7.3711670223919e-4,673.024686737237,796.47831377911,1311.048,0.715863473747505,493.58188000271434,Early Marine
1347,705.828,0.708229804235693,0.954586574626154,1411.656,2019_yk_425,Yukon,2019,0.709359195324257,0.954701973278303,6.4236214963875e-4,673.024686737237,796.47831377911,1311.048,0.715863473747505,493.58188000271434,Early Marine
1348,706.352,0.709749111771002,0.946536609131778,1412.704,2019_yk_425,Yukon,2019,0.709351012584935,0.95529526064314,5.9328736483665e-4,673.024686737237,796.47831377911,1311.048,0.715863473747505,493.58188000271434,Early Marine
1349,706.876,0.709522980886818,0.943691884688013,1413.752,2019_yk_425,Yukon,2019,0.709347206898732,0.955852311779722,5.5705113658255e-4,673.024686737237,796.47831377911,1311.048,0.715863473747505,493.58188000271434,Early Marine
1350,707.4,0.708453342112695,0.94436272840276,1414.8,2019_yk_425,Yukon,2019,0.709336071241115,0.956434752798611,5.8244101888849e-4,673.024686737237,796.47831377911,1311.048,0.715863473747505,493.58188000271434,Early Marine
1351,707.924,0.70860828061001,0.949195719630349,1415.848,2019_yk_425,Yukon,2019,0.709331027886381,0.956862820696898,4.2806789828753e-4,673.024686737237,796.47831377911,1311.048,0.715863473747505,493.58188000271434,Early Marine
1352,708.448,0.71015471952316,0.960914758907562,1416.896,2019_yk_425,Yukon,2019,0.709358498330329,0.95734363883471,4.808181378112e-4,673.024686737237,796.47831377911,1311.048,0.715863473747505,493.58188000271434,Early Marine
1353,708.972,0.709374999809923,0.96974602536243,1417.944,2019_yk_425,Yukon,2019,0.7093405161515,0.957737640579409,3.9400174469939e-4,673.024686737237,796.47831377911,1311.048,0.715863473747505,493.58188000271434,Early Marine
1354,709.496,0.708316902802041,0.974959721679648,1418.992,2019_yk_425,Yukon,2019,0.709335381074217,0.958154109434393,4.1646885498414e-4,673.024686737237,796.47831377911,1311.048,0.715863473747505,493.58188000271434,Early Marine
1355,710.02,0.709522637477554,0.968191686426,1420.04,2019_yk_425,Yukon,2019,0.709346555684494,0.958665335603116,5.112261687229e-4,673.024686737237,796.47831377911,1311.048,0.715863473747505,493.58188000271434,Early Marine
1356,710.544,0.709205150456805,0.956166908417062,1421.088,2019_yk_425,Yukon,2019,0.709359331515104,0.958983928166411,3.1859256329502e-4,673.024686737237,796.47831377911,1311.048,0.715863473747505,493.58188000271434,Early Marine
1357,711.068,0.708156802719904,0.971491731188194,1422.136,2019_yk_425,Yukon,2019,0.709376020433421,0.959593459951463,6.0953178505218e-4,673.024686737237,796.47831377911,1311.048,0.715863473747505,493.58188000271434,Early Marine
1358,711.592,0.706928791810073,0.96697584174073,1423.184,2019_yk_425,Yukon,2019,0.709383196142784,0.960375485555196,7.8202560373297e-4,673.024686737237,796.47831377911,1311.048,0.715863473747505,493.58188000271434,Early Marine
1359,712.116,0.708698526632081,0.970933332332025,1424.232,2019_yk_425,Yukon,2019,0.709381393849746,0.960984983331621,6.0949777642493e-4,673.024686737237,796.47831377911,1311.048,0.715863473747505,493.58188000271434,Early Marine
1360,712.64,0.709982659947626,0.967276100742928,1425.28,2019_yk_425,Yukon,2019,0.709371847646791,0.961203273885568,2.1829055394695e-4,673.024686737237,796.47831377911,1311.048,0.715863473747505,493.58188000271434,Early Marine
1361,713.164,0.709472320716148,0.965685031553231,1426.328,2019_yk_425,Yukon,2019,0.709347321137974,0.9615240313408,3.2075745523207e-4,673.024686737237,796.47831377911,1311.048,0.715863473747505,493.58188000271434,Early Marine
1362,713.688,0.709673701401615,0.958354714793462,1427.376,2019_yk_425,Yukon,2019,0.709358505953458,0.961778881988735,2.5485064793495e-4,673.024686737237,796.47831377911,1311.048,0.715863473747505,493.58188000271434,Early Marine
1363,714.212,0.709705561369795,0.966004378205137,1428.424,2019_yk_425,Yukon,2019,0.709371047235093,0.962031862661591,2.5298067285539e-4,673.024686737237,796.47831377911,1311.048,0.715863473747505,493.58188000271434,Early Marine
1364,714.736,0.70917360268958,0.961589656849355,1429.472,2019_yk_425,Yukon,2019,0.709355765197169,0.962366925978639,3.3506331704813e-4,673.024686737237,796.47831377911,1311.048,0.715863473747505,493.58188000271434,Early Marine
1365,715.26,0.711205425636907,0.96348244805576,1430.52,2019_yk_425,Yukon,2019,0.709350205163084,0.962889866563492,5.2294058485324e-4,673.024686737237,796.47831377911,1311.048,0.715863473747505,493.58188000271434,Early Marine
1366,715.784,0.708222287394919,0.964395452938486,1431.568,2019_yk_425,Yukon,2019,0.709343002008158,0.963279262336056,3.893957725638e-4,673.024686737237,796.47831377911,1311.048,0.715863473747505,493.58188000271434,Early Marine
1367,716.308,0.708763041068546,0.958958598156237,1432.616,2019_yk_425,Yukon,2019,0.709313412941065,0.963838279509236,5.5901717318007e-4,673.024686737237,796.47831377911,1311.048,0.715863473747505,493.58188000271434,Early Marine
1368,716.832,0.709659759812961,0.961381881922481,1433.664,2019_yk_425,Yukon,2019,0.70930577250392,0.964467290236489,6.2901072725329e-4,673.024686737237,796.47831377911,1311.048,0.715863473747505,493.58188000271434,Early Marine
1369,717.356,0.709520839921196,0.967121915580613,1434.712,2019_yk_425,Yukon,2019,0.709299592889163,0.965137840528104,6.7055029161533e-4,673.024686737237,796.47831377911,1311.048,0.715863473747505,493.58188000271434,Early Marine
1370,717.88,0.70996838400973,0.957327296840488,1435.76,2019_yk_425,Yukon,2019,0.709321469873595,0.965937634295186,7.997937670815e-4,673.024686737237,796.47831377911,1311.048,0.715863473747505,493.58188000271434,Early Marine
1371,718.404,0.709017227584413,0.964523867559275,1436.808,2019_yk_425,Yukon,2019,0.709327924826054,0.966505866805978,5.6823251079163e-4,673.024686737237,796.47831377911,1311.048,0.715863473747505,493.58188000271434,Early Marine
1372,718.928,0.708687010847517,0.96189170339836,1437.856,2019_yk_425,Yukon,2019,0.709313743691649,0.967041776151794,5.3590934581671e-4,673.024686737237,796.47831377911,1311.048,0.715863473747505,493.58188000271434,Early Marine
1373,719.452,0.710287194931639,0.972555528007906,1438.904,2019_yk_425,Yukon,2019,0.709323539575607,0.967494831475598,4.5305532380335e-4,673.024686737237,796.47831377911,1311.048,0.715863473747505,493.58188000271434,Early Marine
1374,719.976,0.708472934318518,0.967150428062592,1439.952,2019_yk_425,Yukon,2019,0.709311140599356,0.967713047572879,2.1821609728123e-4,673.024686737237,796.47831377911,1311.048,0.715863473747505,493.58188000271434,Early Marine
1375,720.5,0.7090739835567,0.9605370212022,1441,2019_yk_425,Yukon,2019,0.70930522455279,0.968153168343357,4.4012077047794e-4,673.024686737237,796.47831377911,1311.048,0.715863473747505,493.58188000271434,Early Marine
1376,721.024,0.710894917005298,0.97525835991061,1442.048,2019_yk_425,Yukon,2019,0.709311613555906,0.968555826157881,4.0265781452408e-4,673.024686737237,796.47831377911,1311.048,0.715863473747505,493.58188000271434,Early Marine
1377,721.548,0.709241852465513,0.976219635194906,1443.096,2019_yk_425,Yukon,2019,0.709323864200862,0.968858860938412,3.0303478053106e-4,673.024686737237,796.47831377911,1311.048,0.715863473747505,493.58188000271434,Early Marine
1378,722.072,0.709392468104999,0.973606014821315,1444.144,2019_yk_425,Yukon,2019,0.709302199403924,0.969427813245484,5.689523070721e-4,673.024686737237,796.47831377911,1311.048,0.715863473747505,493.58188000271434,Early Marine
1379,722.596,0.709993750647998,0.967420091824638,1445.192,2019_yk_425,Yukon,2019,0.709282873687255,0.970018040183132,5.9022693764754e-4,673.024686737237,796.47831377911,1311.048,0.715863473747505,493.58188000271434,Early Marine
1380,723.12,0.707933698293087,0.974093093901023,1446.24,2019_yk_425,Yukon,2019,0.709305435312798,0.970622999716774,6.0495953364214e-4,673.024686737237,796.47831377911,1311.048,0.715863473747505,493.58188000271434,Early Marine
1381,723.644,0.70941603180759,0.974525991556436,1447.288,2019_yk_425,Yukon,2019,0.709316160010544,0.971080812097193,4.5781238041953e-4,673.024686737237,796.47831377911,1311.048,0.715863473747505,493.58188000271434,Early Marine
1382,724.168,0.711140220978314,0.971659574045958,1448.336,2019_yk_425,Yukon,2019,0.709303632913977,0.971407622097172,3.2680999997891e-4,673.024686737237,796.47831377911,1311.048,0.715863473747505,493.58188000271434,Early Marine
1383,724.692,0.708657995318609,0.967996196479802,1449.384,2019_yk_425,Yukon,2019,0.709305713547793,0.971426934732926,1.93126357533879e-5,673.024686737237,796.47831377911,1311.048,0.715863473747505,493.58188000271434,Early Marine
1384,725.216,0.709281217719143,0.964219912391493,1450.432,2019_yk_425,Yukon,2019,0.709333092091443,0.971502388976539,7.54542436129935e-5,673.024686737237,796.47831377911,1311.048,0.715863473747505,493.58188000271434,Early Marine
1385,725.74,0.710290028464583,0.973040062856872,1451.48,2019_yk_425,Yukon,2019,0.70932668875051,0.971640315779208,1.3792680266899e-4,673.024686737237,796.47831377911,1311.048,0.715863473747505,493.58188000271434,Early Marine
1386,726.264,0.709241041766765,0.963808054500875,1452.528,2019_yk_425,Yukon,2019,0.709344746441097,0.971829535374019,1.8921959481166e-4,673.024686737237,796.47831377911,1311.048,0.715863473747505,493.58188000271434,Early Marine
1387,726.788,0.710240211090021,0.97667895073466,1453.576,2019_yk_425,Yukon,2019,0.709363615454194,0.971788012160005,-4.15232140147381e-5,673.024686737237,796.47831377911,1311.048,0.715863473747505,493.58188000271434,Early Marine
1388,727.312,0.708935767223889,0.983064976501015,1454.624,2019_yk_425,Yukon,2019,0.709397323273425,0.971803221862488,1.52097024838094e-5,673.024686737237,796.47831377911,1311.048,0.715863473747505,493.58188000271434,Early Marine
1389,727.836,0.709225205062924,0.977240922507035,1455.672,2019_yk_425,Yukon,2019,0.709396304542392,0.971849365267434,4.61434049457976e-5,673.024686737237,796.47831377911,1311.048,0.715863473747505,493.58188000271434,Early Marine
1390,728.36,0.709096224834904,0.964988716320508,1456.72,2019_yk_425,Yukon,2019,0.709384401950713,0.972055472994569,2.0610772713525e-4,673.024686737237,796.47831377911,1311.048,0.715863473747505,493.58188000271434,Early Marine
1391,728.884,0.708949006509837,0.967018078475469,1457.768,2019_yk_425,Yukon,2019,0.70936413065591,0.972222013680792,1.665406862229e-4,673.024686737237,796.47831377911,1311.048,0.715863473747505,493.58188000271434,Early Marine
1392,729.408,0.709317266318034,0.968704309854085,1458.816,2019_yk_425,Yukon,2019,0.709357737322572,0.972462216717273,2.4020303648086e-4,673.024686737237,796.47831377911,1311.048,0.715863473747505,493.58188000271434,Early Marine
1393,729.932,0.71106085579517,0.964484462432998,1459.864,2019_yk_425,Yukon,2019,0.709341413451389,0.972658061071805,1.9584435453212e-4,673.024686737237,796.47831377911,1311.048,0.715863473747505,493.58188000271434,Early Marine
1394,730.456,0.708472619507887,0.967289126253828,1460.912,2019_yk_425,Yukon,2019,0.709353660873705,0.972810305782412,1.5224471060715e-4,673.024686737237,796.47831377911,1311.048,0.715863473747505,493.58188000271434,Early Marine
1395,730.98,0.709833878272841,0.979990928637685,1461.96,2019_yk_425,Yukon,2019,0.709321323945621,0.972984298581775,1.7399279936258e-4,673.024686737237,796.47831377911,1311.048,0.715863473747505,493.58188000271434,Early Marine
1396,731.504,0.709035493576586,0.96846612043539,1463.008,2019_yk_425,Yukon,2019,0.70932022918095206,0.973270537118092,2.8623853631737e-4,673.024686737237,796.47831377911,1311.048,0.715863473747505,493.58188000271434,Early Marine
1397,732.028,0.708085153533568,0.973530903919728,1464.056,2019_yk_425,Yukon,2019,0.709315468538476,0.973699275247479,4.287381293867e-4,673.024686737237,796.47831377911,1311.048,0.715863473747505,493.58188000271434,Early Marine
1398,732.552,0.709887085230254,0.979900381430354,1465.104,2019_yk_425,Yukon,2019,0.70931730712965,0.974013718089672,3.1444284219306e-4,673.024686737237,796.47831377911,1311.048,0.715863473747505,493.58188000271434,Early Marine
1399,733.076,0.709400977607441,0.990987691833107,1466.152,2019_yk_425,Yukon,2019,0.709315831864827,0.974307977952828,2.9425986315623e-4,673.024686737237,796.47831377911,1311.048,0.715863473747505,493.58188000271434,Early Marine
1400,733.6,0.709620774338383,0.995411691924381,1467.2,2019_yk_425,Yukon,2019,0.709314597460009,0.974912287480126,6.0430952729784e-4,673.024686737237,796.47831377911,1311.048,0.715863473747505,493.58188000271434,Early Marine
1401,734.124,0.708723596672486,0.985927454463101,1468.248,2019_yk_425,Yukon,2019,0.709316685614506,0.975326186989796,4.1389950967019e-4,673.024686737237,796.47831377911,1311.048,0.715863473747505,493.58188000271434,Early Marine
1402,734.648,0.709378700549353,0.979247968217443,1469.296,2019_yk_425,Yukon,2019,0.709328512402894,0.975884503819501,5.5831682970453e-4,673.024686737237,796.47831377911,1311.048,0.715863473747505,493.58188000271434,Early Marine
1403,735.172,0.710504432928006,0.973225025472414,1470.344,2019_yk_425,Yukon,2019,0.709323624826032,0.97614168740015,2.5718358064896e-4,673.024686737237,796.47831377911,1311.048,0.715863473747505,493.58188000271434,Early Marine
1404,735.696,0.708025285833927,0.976575062304628,1471.392,2019_yk_425,Yukon,2019,0.709342025337918,0.976425981893765,2.8429449361533e-4,673.024686737237,796.47831377911,1311.048,0.715863473747505,493.58188000271434,Early Marine
1405,736.22,0.709831883961783,0.981471458008195,1472.44,2019_yk_425,Yukon,2019,0.709362013311435,0.976938800484051,5.1281859028529e-4,673.024686737237,796.47831377911,1311.048,0.715863473747505,493.58188000271434,Early Marine
1406,736.744,0.709781185879609,0.981308805861671,1473.488,2019_yk_425,Yukon,2019,0.709334617056383,0.977328361424474,3.8956094042363e-4,673.024686737237,796.47831377911,1311.048,0.715863473747505,493.58188000271434,Early Marine
1407,737.268,0.708964842933082,0.97276866145802,1474.536,2019_yk_425,Yukon,2019,0.709337635852648,0.977641041545941,3.1268012146712e-4,673.024686737237,796.47831377911,1311.048,0.715863473747505,493.58188000271434,Early Marine
1408,737.792,0.708449223954719,0.980673747556099,1475.584,2019_yk_425,Yukon,2019,0.709344082682551,0.978054938776011,4.1389723006923e-4,673.024686737237,796.47831377911,1311.048,0.715863473747505,493.58188000271434,Early Marine
1409,738.316,0.708363437886675,0.979105500946873,1476.632,2019_yk_425,Yukon,2019,0.709324346395867,0.97860699862134,5.5205984532946e-4,673.024686737237,796.47831377911,1311.048,0.715863473747505,493.58188000271434,Early Marine
1410,738.84,0.709807039645294,0.980660300421285,1477.68,2019_yk_425,Yukon,2019,0.709355540739791,0.979227050995039,6.2005237369855e-4,673.024686737237,796.47831377911,1311.048,0.715863473747505,493.58188000271434,Early Marine
1411,739.364,0.709251762474739,0.976664462455522,1478.728,2019_yk_425,Yukon,2019,0.709336346300896,0.979618220769542,3.9116977450359e-4,673.024686737237,796.47831377911,1311.048,0.715863473747505,493.58188000271434,Early Marine
1412,739.888,0.709403093729142,0.980523358906295,1479.776,2019_yk_425,Yukon,2019,0.709312812697633,0.980078262415267,4.6004164572455e-4,673.024686737237,796.47831377911,1311.048,0.715863473747505,493.58188000271434,Early Marine
1413,740.412,0.709499837838907,0.970904783507641,1480.824,2019_yk_425,Yukon,2019,0.70933166273551,0.980664141558413,5.8587914314589e-4,673.024686737237,796.47831377911,1311.048,0.715863473747505,493.58188000271434,Early Marine
1414,740.936,0.709959615420995,0.979486976296422,1481.872,2019_yk_425,Yukon,2019,0.709344820728713,0.981324958307327,6.6081674891438e-4,673.024686737237,796.47831377911,1311.048,0.715863473747505,493.58188000271434,Early Marine
1415,741.46,0.709138437021568,0.976467294586138,1482.92,2019_yk_425,Yukon,2019,0.709328395716622,0.981912946985371,5.8798867804432e-4,673.024686737237,796.47831377911,1311.048,0.715863473747505,493.58188000271434,Early Marine
1416,741.984,0.710288611892028,0.967520084105768,1483.968,2019_yk_425,Yukon,2019,0.709314524461017,0.982622718027867,7.0977104249547e-4,673.024686737237,796.47831377911,1311.048,0.715863473747505,493.58188000271434,Early Marine
1417,742.508,0.709288943505746,0.969000338347309,1485.016,2019_yk_425,Yukon,2019,0.709301538521705,0.983173412725877,5.5069469801016e-4,673.024686737237,796.47831377911,1311.048,0.715863473747505,493.58188000271434,Early Marine
1418,743.032,0.708951260963934,0.967888423889755,1486.064,2019_yk_425,Yukon,2019,0.709310685484001,0.98348443684067,3.1102411479355e-4,673.024686737237,796.47831377911,1311.048,0.715863473747505,493.58188000271434,Early Marine
1419,743.556,0.708637402770083,0.973701936628772,1487.112,2019_yk_425,Yukon,2019,0.709297667356181,0.983923005933769,4.3856909309858e-4,673.024686737237,796.47831377911,1311.048,0.715863473747505,493.58188000271434,Early Marine
1420,744.08,0.709268504446896,0.979642564371048,1488.16,2019_yk_425,Yukon,2019,0.709281864112863,0.984589963428289,6.6695749451994e-4,673.024686737237,796.47831377911,1311.048,0.715863473747505,493.58188000271434,Early Marine
1421,744.604,0.708256043027959,0.975677472726603,1489.208,2019_yk_425,Yukon,2019,0.709295723895436,0.985284795985466,6.9483255717672e-4,673.024686737237,796.47831377911,1311.048,0.715863473747505,493.58188000271434,Early Marine
1422,745.128,0.709290101401363,0.972766896982314,1490.256,2019_yk_425,Yukon,2019,0.709323905089028,0.985856330245262,5.7153425979594e-4,673.024686737237,796.47831377911,1311.048,0.715863473747505,493.58188000271434,Early Marine
1423,745.652,0.708726129098822,0.977755039477069,1491.304,2019_yk_425,Yukon,2019,0.709299142021566,0.98650335285231,6.4702260704863e-4,673.024686737237,796.47831377911,1311.048,0.715863473747505,493.58188000271434,Early Marine
1424,746.176,0.709908448028543,0.970724339485785,1492.352,2019_yk_425,Yukon,2019,0.709321248376989,0.98724231549524,7.3896264292994e-4,673.024686737237,796.47831377911,1311.048,0.715863473747505,493.58188000271434,Early Marine
1425,746.7,0.709265209951862,0.973922016017513,1493.4,2019_yk_425,Yukon,2019,0.709312057809384,0.987817649743061,5.7533424782108e-4,673.024686737237,796.47831377911,1311.048,0.715863473747505,493.58188000271434,Early Marine
1426,747.224,0.708156601514758,0.981569765117527,1494.448,2019_yk_425,Yukon,2019,0.709321103896259,0.988402102987052,5.8445324399081e-4,673.024686737237,796.47831377911,1311.048,0.715863473747505,493.58188000271434,Early Marine
1427,747.748,0.708477402520003,0.984682885919433,1495.496,2019_yk_425,Yukon,2019,0.70934561181001,0.988872431978278,4.7032899122589e-4,673.024686737237,796.47831377911,1311.048,0.715863473747505,493.58188000271434,Early Marine
1428,748.272,0.709770075283417,0.980248452454068,1496.544,2019_yk_425,Yukon,2019,0.709346355104742,0.989509621858269,6.3718987999128e-4,673.024686737237,796.47831377911,1311.048,0.715863473747505,493.58188000271434,Early Marine
1429,748.796,0.709432324031779,0.984777507369992,1497.592,2019_yk_425,Yukon,2019,0.709342811864642,0.989822992424271,3.1337056600166e-4,673.024686737237,796.47831377911,1311.048,0.715863473747505,493.58188000271434,Early Marine
1430,749.32,0.709894319720637,0.993585868478352,1498.64,2019_yk_425,Yukon,2019,0.709352578603804,0.990113356710106,0.00029036428583517003,673.024686737237,796.47831377911,1311.048,0.715863473747505,493.58188000271434,Early Marine
1431,749.844,0.709142516854276,0.989357838139487,1499.688,2019_yk_425,Yukon,2019,0.709347274608259,0.990367728569561,2.5437185945431e-4,673.024686737237,796.47831377911,1311.048,0.715863473747505,493.58188000271434,Early Marine
1432,750.368,0.709396618150775,0.995390713180635,1500.736,2019_yk_425,Yukon,2019,0.709334463400743,0.990972132851463,6.0440428190256e-4,673.024686737237,796.47831377911,1311.048,0.715863473747505,493.58188000271434,Early Marine
1433,750.892,0.709993940319895,0.987986542846847,1501.784,2019_yk_425,Yukon,2019,0.709322482121043,0.991615753704568,6.4362085310498e-4,673.024686737237,796.47831377911,1311.048,0.715863473747505,493.58188000271434,Early Marine
1434,751.416,0.709576965031723,0.984208097679511,1502.832,2019_yk_425,Yukon,2019,0.70934081851067,0.992254413673031,6.3865996846246e-4,673.024686737237,796.47831377911,1311.048,0.715863473747505,493.58188000271434,Early Marine
1435,751.94,0.710273261967696,0.991306136619313,1503.88,2019_yk_425,Yukon,2019,0.709322923022211,0.99280046836598,5.460546929491e-4,673.024686737237,796.47831377911,1311.048,0.715863473747505,493.58188000271434,Early Marine
1436,752.464,0.709251141702176,0.99863201633603,1504.928,2019_yk_425,Yukon,2019,0.709301750531437,0.993496803011166,6.9633464518625e-4,673.024686737237,796.47831377911,1311.048,0.715863473747505,493.58188000271434,Early Marine
1437,752.988,0.709422980241398,0.99498044248293,1505.976,2019_yk_425,Yukon,2019,0.709311880589492,0.994333967541073,8.3716452990689e-4,673.024686737237,796.47831377911,1311.048,0.715863473747505,493.58188000271434,Early Marine
1438,753.512,0.709779277899185,0.998439848625471,1507.024,2019_yk_425,Yukon,2019,0.709343756584275,0.994884696010306,5.5072846923276e-4,673.024686737237,796.47831377911,1311.048,0.715863473747505,493.58188000271434,Early Marine
1439,754.036,0.708809573446944,1.00054368254441,1508.072,2019_yk_425,Yukon,2019,0.7093681493734,0.995491593962937,6.0689795263102e-4,673.024686737237,796.47831377911,1311.048,0.715863473747505,493.58188000271434,Early Marine
1440,754.56,0.709805358928568,1.01129623632293,1509.12,2019_yk_425,Yukon,2019,0.709352337719024,0.996076650165672,5.8505620273496e-4,673.024686737237,796.47831377911,1311.048,0.715863473747505,493.58188000271434,Early Marine
1441,755.084,0.708264365473903,0.997996178026658,1510.168,2019_yk_425,Yukon,2019,0.709351122916304,0.996822062269508,7.4541210383616e-4,673.024686737237,796.47831377911,1311.048,0.715863473747505,493.58188000271434,Early Marine
1442,755.608,0.709728204782504,0.999262072789425,1511.216,2019_yk_425,Yukon,2019,0.709343036199063,0.997357676120357,5.3561385084932e-4,673.024686737237,796.47831377911,1311.048,0.715863473747505,493.58188000271434,Early Marine
1443,756.132,0.709788997591249,1.00314894506856,1512.264,2019_yk_425,Yukon,2019,0.709327286735242,0.998009024369667,6.513482493099e-4,673.024686737237,796.47831377911,1311.048,0.715863473747505,493.58188000271434,NA
1444,756.656,0.71007069731127,1.00386891732635,1513.312,2019_yk_425,Yukon,2019,0.709291533952691,0.998419500288235,4.1047591856835e-4,673.024686737237,796.47831377911,1311.048,0.715863473747505,493.58188000271434,NA
1445,757.18,0.709304527739155,1.00831938353954,1514.36,2019_yk_425,Yukon,2019,0.709284154956775,0.998916357171078,4.9685688284262e-4,673.024686737237,796.47831377911,1311.048,0.715863473747505,493.58188000271434,NA
1446,757.704,0.708408766430433,1.0063943170506,1515.408,2019_yk_425,Yukon,2019,0.709276086340725,0.999540388441628,6.2403127055021e-4,673.024686737237,796.47831377911,1311.048,0.715863473747505,493.58188000271434,NA
1447,758.228,0.709461054731311,1.00972063261527,1516.456,2019_yk_425,Yukon,2019,0.709296432647032,1.00037704555598,8.3665711435287e-4,673.024686737237,796.47831377911,1311.048,0.715863473747505,493.58188000271434,NA
1448,758.752,0.709484584961664,1.00172642338863,1517.504,2019_yk_425,Yukon,2019,0.709312342275343,1.00118413132345,8.0708576747357e-4,673.024686737237,796.47831377911,1311.048,0.715863473747505,493.58188000271434,NA
1449,759.276,0.708444117393736,1.00355506809295,1518.552,2019_yk_425,Yukon,2019,0.709296645994928,1.00196972257428,7.8559125082899e-4,673.024686737237,796.47831377911,1311.048,0.715863473747505,493.58188000271434,NA
1450,759.8,0.708148030235795,1.0050061659917,1519.6,2019_yk_425,Yukon,2019,0.709295382457476,1.00271200688792,7.4228431363887e-4,673.024686737237,796.47831377911,1311.048,0.715863473747505,493.58188000271434,NA
1451,760.324,0.709780593464226,1.00870803190608,1520.648,2019_yk_425,Yukon,2019,0.70929606031251,1.00332705712963,6.1505024170283e-4,673.024686737237,796.47831377911,1311.048,0.715863473747505,493.58188000271434,NA
1452,760.848,0.711008137933586,1.00299636544184,1521.696,2019_yk_425,Yukon,2019,0.709316923600728,1.00399788519402,6.7082806439167e-4,673.024686737237,796.47831377911,1311.048,0.715863473747505,493.58188000271434,NA
1453,761.372,0.709575071747415,1.00330581885592,1522.744,2019_yk_425,Yukon,2019,0.70934333159639,1.00467286703444,6.7498184042436e-4,673.024686737237,796.47831377911,1311.048,0.715863473747505,493.58188000271434,NA
1454,761.896,0.709799000833287,1.01162688482962,1523.792,2019_yk_425,Yukon,2019,0.709343543976201,1.00568657929378,0.00101371225933722,673.024686737237,796.47831377911,1311.048,0.715863473747505,493.58188000271434,NA
1455,762.42,0.709282444216563,1.01451098350695,1524.84,2019_yk_425,Yukon,2019,0.709347821589116,1.00644837094576,7.617916519822e-4,673.024686737237,796.47831377911,1311.048,0.715863473747505,493.58188000271434,NA
1456,762.944,0.709578258789044,1.00353331507483,1525.888,2019_yk_425,Yukon,2019,0.709356710748299,1.00691390321896,4.6553227319967e-4,673.024686737237,796.47831377911,1311.048,0.715863473747505,493.58188000271434,NA
1457,763.468,0.70955562835867,1.00175064339329,1526.936,2019_yk_425,Yukon,2019,0.709364702682594,1.00753141311307,6.1750989410658e-4,673.024686737237,796.47831377911,1311.048,0.715863473747505,493.58188000271434,NA
1458,763.992,0.709931682914152,1.01813177422983,1527.984,2019_yk_425,Yukon,2019,0.709382258016545,1.00845098951,9.195763969283e-4,673.024686737237,796.47831377911,1311.048,0.715863473747505,493.58188000271434,NA
1459,764.516,0.709188383201449,1.00978992579321,1529.032,2019_yk_425,Yukon,2019,0.709386882695739,1.00903374277129,5.8275326129075e-4,673.024686737237,796.47831377911,1311.048,0.715863473747505,493.58188000271434,NA
1460,765.04,0.710206778688118,1.01283354907449,1530.08,2019_yk_425,Yukon,2019,0.709378307184791,1.00952783220924,4.9408943795525e-4,673.024686737237,796.47831377911,1311.048,0.715863473747505,493.58188000271434,NA
1461,765.564,0.708405356939746,1.00118976603036,1531.128,2019_yk_425,Yukon,2019,0.709370921132315,1.01001785556034,4.9002335109582e-4,673.024686737237,796.47831377911,1311.048,0.715863473747505,493.58188000271434,NA
1462,766.088,0.708610028098426,1.0155122251316,1532.176,2019_yk_425,Yukon,2019,0.709373795762734,1.01028626111598,2.6840555564322e-4,673.024686737237,796.47831377911,1311.048,0.715863473747505,493.58188000271434,NA
1463,766.612,0.709785556146006,1.01184227665871,1533.224,2019_yk_425,Yukon,2019,0.709347575748576,1.01080127806111,5.1501694512823e-4,673.024686737237,796.47831377911,1311.048,0.715863473747505,493.58188000271434,NA
1464,767.136,0.709125469211537,1.01489466041237,1534.272,2019_yk_425,Yukon,2019,0.709359213440479,1.01148599743571,6.8471937459824e-4,673.024686737237,796.47831377911,1311.048,0.715863473747505,493.58188000271434,NA
1465,767.66,0.708758154654237,1.01423473958514,1535.32,2019_yk_425,Yukon,2019,0.709349849961111,1.01194433171116,4.5833427545094e-4,673.024686737237,796.47831377911,1311.048,0.715863473747505,493.58188000271434,NA
1466,768.184,0.708510836433167,1.02308888457285,1536.368,2019_yk_425,Yukon,2019,0.709368001106433,1.01223637640516,2.9204469400623e-4,673.024686737237,796.47831377911,1311.048,0.715863473747505,493.58188000271434,NA
1467,768.708,0.709572646416371,1.02299853325243,1537.416,2019_yk_425,Yukon,2019,0.709390011052635,1.0125809572149,3.4458080973931e-4,673.024686737237,796.47831377911,1311.048,0.715863473747505,493.58188000271434,NA
1468,769.232,0.710361783641684,1.01371745571006,1538.464,2019_yk_425,Yukon,2019,0.709350428267493,1.01310635886127,5.254016463656e-4,673.024686737237,796.47831377911,1311.048,0.715863473747505,493.58188000271434,NA
1469,769.756,0.70982700523421,1.01551937810474,1539.512,2019_yk_425,Yukon,2019,0.709337787246042,1.01348205844631,3.756995850368e-4,673.024686737237,796.47831377911,1311.048,0.715863473747505,493.58188000271434,NA
1470,770.28,0.708858340382701,1.01576367258538,1540.56,2019_yk_425,Yukon,2019,0.709332706550364,1.01368185960382,1.9980115751616e-4,673.024686737237,796.47831377911,1311.048,0.715863473747505,493.58188000271434,NA
1471,770.804,0.709178874311554,1.02138918868569,1541.608,2019_yk_425,Yukon,2019,0.709361353040627,1.01412195830813,4.4009870430694e-4,673.024686737237,796.47831377911,1311.048,0.715863473747505,493.58188000271434,NA
1472,771.328,0.708917890694708,1.01266018995726,1542.656,2019_yk_425,Yukon,2019,0.70934100885476,1.01466018554253,5.3822723440588e-4,673.024686737237,796.47831377911,1311.048,0.715863473747505,493.58188000271434,NA
1473,771.852,0.708554870009644,1.00998567846624,1543.704,2019_yk_425,Yukon,2019,0.709322385538866,1.01498005648617,3.1987094363961e-4,673.024686737237,796.47831377911,1311.048,0.715863473747505,493.58188000271434,NA
1474,772.376,0.707814448467938,1.00411553141052,1544.752,2019_yk_425,Yukon,2019,0.709276619207542,1.01525882038457,2.7876389839209e-4,673.024686737237,796.47831377911,1311.048,0.715863473747505,493.58188000271434,NA
1475,772.9,0.708695697266579,1.0062787075567,1545.8,2019_yk_425,Yukon,2019,0.709282777659203,1.01554292980995,2.8410942538004e-4,673.024686737237,796.47831377911,1311.048,0.715863473747505,493.58188000271434,NA
1476,773.424,0.709804494929072,1.00496196033878,1546.848,2019_yk_425,Yukon,2019,0.709296088280371,1.01588917275315,3.4624294320528e-4,673.024686737237,796.47831377911,1311.048,0.715863473747505,493.58188000271434,NA
1477,773.948,0.710509721884165,1.01919976520848,1547.896,2019_yk_425,Yukon,2019,0.709301177843596,1.0160081457937,1.1897304055241e-4,673.024686737237,796.47831377911,1311.048,0.715863473747505,493.58188000271434,NA
1478,774.472,0.70990583866255,1.01631356993817,1548.944,2019_yk_425,Yukon,2019,0.70930415212744,1.01637131097304,3.6316517933343e-4,673.024686737237,796.47831377911,1311.048,0.715863473747505,493.58188000271434,NA
1479,774.996,0.707695625945215,1.02083741167851,1549.992,2019_yk_425,Yukon,2019,0.709317742962052,1.01666633507597,2.950241029358e-4,673.024686737237,796.47831377911,1311.048,0.715863473747505,493.58188000271434,NA
1480,775.52,0.709192692199771,1.02417962318939,1551.04,2019_yk_425,Yukon,2019,0.709356543104221,1.01691559796451,2.4926288854043e-4,673.024686737237,796.47831377911,1311.048,0.715863473747505,493.58188000271434,NA
1481,776.044,0.708296714330001,1.01258048722877,1552.088,2019_yk_425,Yukon,2019,0.709340707387289,1.01707744372265,1.6184575813116e-4,673.024686737237,796.47831377911,1311.048,0.715863473747505,493.58188000271434,NA
1482,776.568,0.710541898694409,1.01301658084582,1553.136,2019_yk_425,Yukon,2019,0.709316443258935,1.01749958454423,4.2214082158853e-4,673.024686737237,796.47831377911,1311.048,0.715863473747505,493.58188000271434,NA
1483,777.092,0.710310608838606,1.01825394990253,1554.184,2019_yk_425,Yukon,2019,0.709306819546413,1.01787978875608,3.8020421184747e-4,673.024686737237,796.47831377911,1311.048,0.715863473747505,493.58188000271434,NA
1484,777.616,0.709921190817199,1.03154707504602,1555.232,2019_yk_425,Yukon,2019,0.709278950626023,1.01801667032913,1.368815730447e-4,673.024686737237,796.47831377911,1311.048,0.715863473747505,493.58188000271434,NA
1485,778.14,0.709521866726738,1.01962951513644,1556.28,2019_yk_425,Yukon,2019,0.70926438495108,1.01840671349895,3.9004316982826e-4,673.024686737237,796.47831377911,1311.048,0.715863473747505,493.58188000271434,NA
1486,778.664,0.708689951065734,1.00950170150951,1557.328,2019_yk_425,Yukon,2019,0.709270834150775,1.01865197380932,2.4526031037019e-4,673.024686737237,796.47831377911,1311.048,0.715863473747505,493.58188000271434,NA
1487,779.188,0.70895691857769,1.02173347956583,1558.376,2019_yk_425,Yukon,2019,0.709280286870892,1.01905681026303,4.048364537097e-4,673.024686737237,796.47831377911,1311.048,0.715863473747505,493.58188000271434,NA
1488,779.712,0.710823395320504,1.03542303626976,1559.424,2019_yk_425,Yukon,2019,0.709267222877222,1.01923662606439,1.7981580135995e-4,673.024686737237,796.47831377911,1311.048,0.715863473747505,493.58188000271434,NA
1489,780.236,0.709709804783429,1.01974270304745,1560.472,2019_yk_425,Yukon,2019,0.709275256538326,1.01975624070566,5.1961464126382e-4,673.024686737237,796.47831377911,1311.048,0.715863473747505,493.58188000271434,NA
1490,780.76,0.709379789063742,1.02323123475566,1561.52,2019_yk_425,Yukon,2019,0.70925754612261,1.01983281380141,7.65730957557054e-5,673.024686737237,796.47831377911,1311.048,0.715863473747505,493.58188000271434,NA
1491,781.284,0.708699353705722,1.01875923920524,1562.568,2019_yk_425,Yukon,2019,0.709280686533221,1.02016507246221,3.3225866079877e-4,673.024686737237,796.47831377911,1311.048,0.715863473747505,493.58188000271434,NA
1492,781.808,0.709569095975905,1.01149504651922,1563.616,2019_yk_425,Yukon,2019,0.709297627917445,1.02028476214902,1.1968968681164e-4,673.024686737237,796.47831377911,1311.048,0.715863473747505,493.58188000271434,NA
1493,782.332,0.708420739470393,1.01888755955455,1564.664,2019_yk_425,Yukon,2019,0.709292410386485,1.02063660006422,3.5183791519388e-4,673.024686737237,796.47831377911,1311.048,0.715863473747505,493.58188000271434,NA
1494,782.856,0.710275226545912,1.0252912601554,1565.712,2019_yk_425,Yukon,2019,0.709288458166263,1.02091595064996,2.793505857408e-4,673.024686737237,796.47831377911,1311.048,0.715863473747505,493.58188000271434,NA
1495,783.38,0.709711453205637,1.01880619314637,1566.76,2019_yk_425,Yukon,2019,0.709302322186274,1.02127793163334,3.619809833808e-4,673.024686737237,796.47831377911,1311.048,0.715863473747505,493.58188000271434,NA
1496,783.904,0.710340210421488,1.01615469797641,1567.808,2019_yk_425,Yukon,2019,0.709320432177692,1.02136921610438,9.12844710405647e-5,673.024686737237,796.47831377911,1311.048,0.715863473747505,493.58188000271434,NA
1497,784.428,0.710743577013521,1.01565529106728,1568.856,2019_yk_425,Yukon,2019,0.709301774188211,1.02146403113207,9.48150276887105e-5,673.024686737237,796.47831377911,1311.048,0.715863473747505,493.58188000271434,NA
1498,784.952,0.707404310790628,1.02996394740742,1569.904,2019_yk_425,Yukon,2019,0.709275246253377,1.02176080782245,2.9677669038585e-4,673.024686737237,796.47831377911,1311.048,0.715863473747505,493.58188000271434,NA
1499,785.476,0.708051112159887,1.02308565764662,1570.952,2019_yk_425,Yukon,2019,0.709262571421273,1.02196149031515,2.0068249269722e-4,673.024686737237,796.47831377911,1311.048,0.715863473747505,493.58188000271434,NA
1500,786,0.709500517187904,1.0232843057739,1572,2019_yk_425,Yukon,2019,0.709281069891049,1.02235648974274,3.9499942758602e-4,673.024686737237,796.47831377911,1311.048,0.715863473747505,493.58188000271434,NA
1501,786.524,0.709983154889661,1.02440210028508,1573.048,2019_yk_425,Yukon,2019,0.709275670083462,1.02245813291483,1.0164317209104e-4,673.024686737237,796.47831377911,1311.048,0.715863473747505,493.58188000271434,NA
1502,787.048,0.708507553630526,1.03155570685379,1574.096,2019_yk_425,Yukon,2019,0.709288570201164,1.02281326427575,3.5513136091736e-4,673.024686737237,796.47831377911,1311.048,0.715863473747505,493.58188000271434,NA
1503,787.572,0.708671598637616,1.02234120168694,1575.144,2019_yk_425,Yukon,2019,0.70930579705147,1.02322085171625,4.0758744050584e-4,673.024686737237,796.47831377911,1311.048,0.715863473747505,493.58188000271434,NA
1504,788.096,0.707324717431819,1.02059475122988,1576.192,2019_yk_425,Yukon,2019,0.709331190898539,1.02369725116023,4.7639944397603e-4,673.024686737237,796.47831377911,1311.048,0.715863473747505,493.58188000271434,NA
1505,788.62,0.709674034838813,1.02536594906233,1577.24,2019_yk_425,Yukon,2019,0.709350527484643,1.02415307350881,4.558223485791e-4,673.024686737237,796.47831377911,1311.048,0.715863473747505,493.58188000271434,NA
1506,789.144,0.709207403700521,1.02716889364292,1578.288,2019_yk_425,Yukon,2019,0.709350340105777,1.02459540348424,4.4232997543347e-4,673.024686737237,796.47831377911,1311.048,0.715863473747505,493.58188000271434,NA
1507,789.668,0.709766428524807,1.01685901504842,1579.336,2019_yk_425,Yukon,2019,0.709332324564228,1.0247436369841,1.4823349985837e-4,673.024686737237,796.47831377911,1311.048,0.715863473747505,493.58188000271434,NA
1508,790.192,0.709663041992294,1.02351633414864,1580.384,2019_yk_425,Yukon,2019,0.709326061666987,1.0248526867948,1.0904981070547e-4,673.024686737237,796.47831377911,1311.048,0.715863473747505,493.58188000271434,NA
1509,790.716,0.709259567470466,1.0212565142691,1581.432,2019_yk_425,Yukon,2019,0.709353631996818,1.02513554005424,2.8285325943611e-4,673.024686737237,796.47831377911,1311.048,0.715863473747505,493.58188000271434,NA
1510,791.24,0.710476038765938,1.01996193930413,1582.48,2019_yk_425,Yukon,2019,0.709345442490373,1.02524585389263,1.1031383838977e-4,673.024686737237,796.47831377911,1311.048,0.715863473747505,493.58188000271434,NA
1511,791.764,0.708830450448285,1.01841877739393,1583.528,2019_yk_425,Yukon,2019,0.709372389606001,1.02544341309233,1.9755919969499e-4,673.024686737237,796.47831377911,1311.048,0.715863473747505,493.58188000271434,NA
1512,792.288,0.709552290232326,1.02832481473715,1584.576,2019_yk_425,Yukon,2019,0.709352958614016,1.02562058488222,1.7717178989706e-4,673.024686737237,796.47831377911,1311.048,0.715863473747505,493.58188000271434,NA
1513,792.812,0.708997648996092,1.02611807156677,1585.624,2019_yk_425,Yukon,2019,0.709336494265498,1.02586163796433,2.4105308210975e-4,673.024686737237,796.47831377911,1311.048,0.715863473747505,493.58188000271434,NA
1514,793.336,0.708126865609906,1.01983977921231,1586.672,2019_yk_425,Yukon,2019,0.709331863831387,1.02574067708514,-1.2096087919411e-4,673.024686737237,796.47831377911,1311.048,0.715863473747505,493.58188000271434,NA
1515,793.86,0.708408503719966,1.03791357369665,1587.72,2019_yk_425,Yukon,2019,0.709319028347969,1.02590179233929,1.6111525415252e-4,673.024686737237,796.47831377911,1311.048,0.715863473747505,493.58188000271434,NA
1516,794.384,0.709965210770774,1.01824893369704,1588.768,2019_yk_425,Yukon,2019,0.709335491041564,1.0262312969733,3.2950463400638e-4,673.024686737237,796.47831377911,1311.048,0.715863473747505,493.58188000271434,NA
1517,794.908,0.710122791565693,1.02604083061588,1589.816,2019_yk_425,Yukon,2019,0.709343757783898,1.02653297330266,3.0167632936151e-4,673.024686737237,796.47831377911,1311.048,0.715863473747505,493.58188000271434,NA
1518,795.432,0.709147843293965,1.02892072231142,1590.864,2019_yk_425,Yukon,2019,0.709319732533243,1.02636043612883,-1.7253717383236e-4,673.024686737237,796.47831377911,1311.048,0.715863473747505,493.58188000271434,NA
1519,795.956,0.709670402867702,1.04096680426903,1591.912,2019_yk_425,Yukon,2019,0.709325656758789,1.02668080703297,3.2037090414016e-4,673.024686737237,796.47831377911,1311.048,0.715863473747505,493.58188000271434,NA
1520,796.48,0.70914415374514,1.01742793481983,1592.96,2019_yk_425,Yukon,2019,0.709325634176127,1.02669193150529,1.11244723217663e-5,673.024686737237,796.47831377911,1311.048,0.715863473747505,493.58188000271434,NA
1521,797.004,0.70979378157638,1.02112528567828,1594.008,2019_yk_425,Yukon,2019,0.709345114711647,1.02701262536739,3.2069386210165e-4,673.024686737237,796.47831377911,1311.048,0.715863473747505,493.58188000271434,NA
1522,797.528,0.70962651115188,1.02269360634031,1595.056,2019_yk_425,Yukon,2019,0.709346532785408,1.02729343293646,2.8080756906967e-4,673.024686737237,796.47831377911,1311.048,0.715863473747505,493.58188000271434,NA
1523,798.052,0.709472504288409,1.03295255157035,1596.104,2019_yk_425,Yukon,2019,0.709365006806474,1.02758739746322,2.93964526763e-4,673.024686737237,796.47831377911,1311.048,0.715863473747505,493.58188000271434,NA
1524,798.576,0.708888335998244,1.03165569555681,1597.152,2019_yk_425,Yukon,2019,0.709348209513386,1.02781191577326,2.2451831003955e-4,673.024686737237,796.47831377911,1311.048,0.715863473747505,493.58188000271434,NA
1525,799.1,0.709589995854867,1.03595359858799,1598.2,2019_yk_425,Yukon,2019,0.709329221377487,1.02823418066147,4.2226488821239e-4,673.024686737237,796.47831377911,1311.048,0.715863473747505,493.58188000271434,NA
1526,799.624,0.709597435918274,1.02856595283529,1599.248,2019_yk_425,Yukon,2019,0.709313894012942,1.02855703030134,3.2284963986173e-4,673.024686737237,796.47831377911,1311.048,0.715863473747505,493.58188000271434,NA
1527,800.148,0.708453167047483,1.02868743491377,1600.296,2019_yk_425,Yukon,2019,0.709296345366092,1.02899726942448,4.4023912314639e-4,673.024686737237,796.47831377911,1311.048,0.715863473747505,493.58188000271434,NA
1528,800.672,0.708770107551654,1.03152405713321,1601.344,2019_yk_425,Yukon,2019,0.709341316521074,1.02910617700217,1.0890757768322e-4,673.024686737237,796.47831377911,1311.048,0.715863473747505,493.58188000271434,NA
1529,801.196,0.709066515307967,1.02756032766658,1602.392,2019_yk_425,Yukon,2019,0.709374184354408,1.02933930478931,2.3312778714901e-4,673.024686737237,796.47831377911,1311.048,0.715863473747505,493.58188000271434,NA
1530,801.72,0.709968248569256,1.03946363824054,1603.44,2019_yk_425,Yukon,2019,0.709372167265083,1.02972687382341,3.8756903409531e-4,673.024686737237,796.47831377911,1311.048,0.715863473747505,493.58188000271434,NA
1531,802.244,0.708854885856345,1.02748777901115,1604.488,2019_yk_425,Yukon,2019,0.709341469228621,1.02992786620663,2.0099238322468e-4,673.024686737237,796.47831377911,1311.048,0.715863473747505,493.58188000271434,NA
1532,802.768,0.709691897756795,1.03396807161231,1605.536,2019_yk_425,Yukon,2019,0.709366544277245,1.03020180522272,2.7393901608174e-4,673.024686737237,796.47831377911,1311.048,0.715863473747505,493.58188000271434,NA
1533,803.292,0.709588481028043,1.03444092489659,1606.584,2019_yk_425,Yukon,2019,0.709396735632257,1.03057260923696,3.7080401423939e-4,673.024686737237,796.47831377911,1311.048,0.715863473747505,493.58188000271434,NA
1534,803.816,0.709338079292066,1.03269949804909,1607.632,2019_yk_425,Yukon,2019,0.709438923626858,1.03126885567189,6.962464349316e-4,673.024686737237,796.47831377911,1311.048,0.715863473747505,493.58188000271434,NA
1535,804.34,0.709855892432799,1.03362804847144,1608.68,2019_yk_425,Yukon,2019,0.709432396426539,1.03167894458085,4.1008890896665e-4,673.024686737237,796.47831377911,1311.048,0.715863473747505,493.58188000271434,NA
1536,804.864,0.709793252197138,1.03150175886479,1609.728,2019_yk_425,Yukon,2019,0.709459235600332,1.03184269655655,1.6375197569784e-4,673.024686737237,796.47831377911,1311.048,0.715863473747505,493.58188000271434,NA
1537,805.388,0.709428789391243,1.02809377519998,1610.776,2019_yk_425,Yukon,2019,0.709434849544199,1.03232861496502,4.8591840847089e-4,673.024686737237,796.47831377911,1311.048,0.715863473747505,493.58188000271434,NA
1538,805.912,0.709530064828068,1.0228565585805,1611.824,2019_yk_425,Yukon,2019,0.709422521615549,1.0326451982371,3.1658327207528e-4,673.024686737237,796.47831377911,1311.048,0.715863473747505,493.58188000271434,NA
1539,806.436,0.70934984573508,1.03780860724468,1612.872,2019_yk_425,Yukon,2019,0.709430480687366,1.03303293594479,3.8773770768774e-4,673.024686737237,796.47831377911,1311.048,0.715863473747505,493.58188000271434,NA
1540,806.96,0.708701321813092,1.03079845349277,1613.92,2019_yk_425,Yukon,2019,0.709432218208577,1.03325181021087,2.188742660858e-4,673.024686737237,796.47831377911,1311.048,0.715863473747505,493.58188000271434,NA
1541,807.484,0.709913541267667,1.02443403921048,1614.968,2019_yk_425,Yukon,2019,0.709425227852827,1.03362093310295,3.6912289208057e-4,673.024686737237,796.47831377911,1311.048,0.715863473747505,493.58188000271434,NA
1542,808.008,0.709376039175275,1.02364688823964,1616.016,2019_yk_425,Yukon,2019,0.709417510754274,1.03400490254328,3.8396944033025e-4,673.024686737237,796.47831377911,1311.048,0.715863473747505,493.58188000271434,NA
1543,808.532,0.709322747927559,1.03271713482911,1617.064,2019_yk_425,Yukon,2019,0.7094337822972,1.03417740351815,1.7250097486876e-4,673.024686737237,796.47831377911,1311.048,0.715863473747505,493.58188000271434,NA
1544,809.056,0.709643364770558,1.02428942229437,1618.112,2019_yk_425,Yukon,2019,0.70943152230463,1.03456576141401,3.8835789585389e-4,673.024686737237,796.47831377911,1311.048,0.715863473747505,493.58188000271434,NA
1545,809.58,0.708751737721651,1.02929643038559,1619.16,2019_yk_425,Yukon,2019,0.709454108930609,1.03463126717191,6.55057579097562e-5,673.024686737237,796.47831377911,1311.048,0.715863473747505,493.58188000271434,NA
1546,810.104,0.709677712681427,1.02927197954989,1620.208,2019_yk_425,Yukon,2019,0.709431745857434,1.03517216203583,5.4089486392006e-4,673.024686737237,796.47831377911,1311.048,0.715863473747505,493.58188000271434,NA
1547,810.628,0.709452923117718,1.03983405932753,1621.256,2019_yk_425,Yukon,2019,0.709422356074406,1.03547422297958,3.0206094374296e-4,673.024686737237,796.47831377911,1311.048,0.715863473747505,493.58188000271434,NA
1548,811.152,0.70938188028121,1.02507080583981,1622.304,2019_yk_425,Yukon,2019,0.709416328947592,1.03585642765341,3.8220467383554e-4,673.024686737237,796.47831377911,1311.048,0.715863473747505,493.58188000271434,NA
1549,811.676,0.71006525831617,1.03896495729586,1623.352,2019_yk_425,Yukon,2019,0.709401484325365,1.03591978674313,6.33590897158864e-5,673.024686737237,796.47831377911,1311.048,0.715863473747505,493.58188000271434,NA
1550,812.2,0.709378434104026,1.02389870309498,1624.4,2019_yk_425,Yukon,2019,0.709409870386327,1.03649924971815,5.7946297502442e-4,673.024686737237,796.47831377911,1311.048,0.715863473747505,493.58188000271434,NA
1551,812.724,0.709868185836943,1.03800087093133,1625.448,2019_yk_425,Yukon,2019,0.709409154485343,1.03681049146803,3.1124174987962e-4,673.024686737237,796.47831377911,1311.048,0.715863473747505,493.58188000271434,NA
1552,813.248,0.709654180401583,1.0283435006634,1626.496,2019_yk_425,Yukon,2019,0.709411766280708,1.0370440253199,2.3353385186308e-4,673.024686737237,796.47831377911,1311.048,0.715863473747505,493.58188000271434,NA
1553,813.772,0.709529180734321,1.03652543116034,1627.544,2019_yk_425,Yukon,2019,0.709399424066145,1.03710187953174,5.78542118452319e-5,673.024686737237,796.47831377911,1311.048,0.715863473747505,493.58188000271434,NA
1554,814.296,0.709267388960657,1.03876235875777,1628.592,2019_yk_425,Yukon,2019,0.709416289592704,1.03708982702644,-1.20525052982323e-5,673.024686737237,796.47831377911,1311.048,0.715863473747505,493.58188000271434,NA
1555,814.82,0.708572165051703,1.04414208643912,1629.64,2019_yk_425,Yukon,2019,0.709399617499005,1.03708656092733,-3.26609911427411e-6,673.024686737237,796.47831377911,1311.048,0.715863473747505,493.58188000271434,NA
1556,815.344,0.709420568548755,1.0355256763681,1630.688,2019_yk_425,Yukon,2019,0.709375285226354,1.03731785907033,2.3129814300326e-4,673.024686737237,796.47831377911,1311.048,0.715863473747505,493.58188000271434,NA
1557,815.868,0.709690658202517,1.04206963845607,1631.736,2019_yk_425,Yukon,2019,0.709376669774024,1.03756181923392,2.4396016358996e-4,673.024686737237,796.47831377911,1311.048,0.715863473747505,493.58188000271434,NA
1558,816.392,0.710102580089548,1.0364984020684,1632.784,2019_yk_425,Yukon,2019,0.709394748283035,1.03787826494298,3.1644570906186e-4,673.024686737237,796.47831377911,1311.048,0.715863473747505,493.58188000271434,NA
1559,816.916,0.710023182159927,1.03707332487556,1633.832,2019_yk_425,Yukon,2019,0.709409552149491,1.03837937850037,0.00050111355739024005,673.024686737237,796.47831377911,1311.048,0.715863473747505,493.58188000271434,NA
1560,817.44,0.709379491828417,1.04653844781961,1634.88,2019_yk_425,Yukon,2019,0.70939932109219,1.03844341630031,6.40377999359121e-5,673.024686737237,796.47831377911,1311.048,0.715863473747505,493.58188000271434,NA
1561,817.964,0.70814127270194,1.03646164327856,1635.928,2019_yk_425,Yukon,2019,0.709433540129301,1.03884122166635,3.9780536603784e-4,673.024686737237,796.47831377911,1311.048,0.715863473747505,493.58188000271434,NA
1562,818.488,0.710012056547964,1.0479920478187,1636.976,2019_yk_425,Yukon,2019,0.709435655130644,1.0391233163328,2.8209466644857e-4,673.024686737237,796.47831377911,1311.048,0.715863473747505,493.58188000271434,NA
1563,819.012,0.710483079938345,1.04458944254129,1638.024,2019_yk_425,Yukon,2019,0.709418441106582,1.03938702814098,2.6371180818318e-4,673.024686737237,796.47831377911,1311.048,0.715863473747505,493.58188000271434,NA
1564,819.536,0.709855997107873,1.06236953732578,1639.072,2019_yk_425,Yukon,2019,0.709415853979339,1.0396963782711,3.0935013012167e-4,673.024686737237,796.47831377911,1311.048,0.715863473747505,493.58188000271434,NA
1565,820.06,0.70928240281966,1.04997128360033,1640.12,2019_yk_425,Yukon,2019,0.709422325076189,1.0400623092728,3.6593100170212e-4,673.024686737237,796.47831377911,1311.048,0.715863473747505,493.58188000271434,NA
1566,820.584,0.710817754128099,1.0369940121848,1641.168,2019_yk_425,Yukon,2019,0.709430332391643,1.04035024068085,2.879314080455e-4,673.024686737237,796.47831377911,1311.048,0.715863473747505,493.58188000271434,NA
1567,821.108,0.708303265156861,1.04601411955667,1642.216,2019_yk_425,Yukon,2019,0.709441627596033,1.04086334559173,5.1310491088174e-4,673.024686737237,796.47831377911,1311.048,0.715863473747505,493.58188000271434,NA
1568,821.632,0.708923366273287,1.04251133047316,1643.264,2019_yk_425,Yukon,2019,0.709439366864513,1.04141401834747,5.5067275573406e-4,673.024686737237,796.47831377911,1311.048,0.715863473747505,493.58188000271434,NA
1569,822.156,0.70973711177946,1.04452077673036,1644.312,2019_yk_425,Yukon,2019,0.709427865574639,1.04153546651052,1.2144816305159e-4,673.024686737237,796.47831377911,1311.048,0.715863473747505,493.58188000271434,NA
1570,822.68,0.710580290038635,1.03309439526928,1645.36,2019_yk_425,Yukon,2019,0.709446675575349,1.04190332777844,3.6786126792476e-4,673.024686737237,796.47831377911,1311.048,0.715863473747505,493.58188000271434,NA
1571,823.204,0.708411029103256,1.04056615091877,1646.408,2019_yk_425,Yukon,2019,0.709437391972249,1.0424555849986,5.522572201575e-4,673.024686737237,796.47831377911,1311.048,0.715863473747505,493.58188000271434,NA
1572,823.728,0.709089264319179,1.05136298115696,1647.456,2019_yk_425,Yukon,2019,0.70941541542879,1.04312144721038,6.6586221178366e-4,673.024686737237,796.47831377911,1311.048,0.715863473747505,493.58188000271434,NA
1573,824.252,0.709973941571646,1.0364681300589,1648.504,2019_yk_425,Yukon,2019,0.709445579957311,1.04363769642657,5.1624921618342e-4,673.024686737237,796.47831377911,1311.048,0.715863473747505,493.58188000271434,NA
1574,824.776,0.707991266055672,1.04314125296354,1649.552,2019_yk_425,Yukon,2019,0.709477524834176,1.04436952975794,7.3183333137527e-4,673.024686737237,796.47831377911,1311.048,0.715863473747505,493.58188000271434,NA
1575,825.3,0.709763701278708,1.04184391917125,1650.6,2019_yk_425,Yukon,2019,0.709491584989458,1.04479157513153,4.2204537358436e-4,673.024686737237,796.47831377911,1311.048,0.715863473747505,493.58188000271434,NA
1576,825.824,0.70862342638029,1.05070262553223,1651.648,2019_yk_425,Yukon,2019,0.709484412560777,1.04540258994169,6.1101481016434e-4,673.024686737237,796.47831377911,1311.048,0.715863473747505,493.58188000271434,NA
1577,826.348,0.709559404584013,1.04416448724046,1652.696,2019_yk_425,Yukon,2019,0.709490039929185,1.04587908050955,4.7649056785759e-4,673.024686737237,796.47831377911,1311.048,0.715863473747505,493.58188000271434,NA
1578,826.872,0.70878621568512,1.05185300274156,1653.744,2019_yk_425,Yukon,2019,0.709486229009572,1.04675646294017,8.7738243061985e-4,673.024686737237,796.47831377911,1311.048,0.715863473747505,493.58188000271434,NA
1579,827.396,0.708779725534123,1.04476834965198,1654.792,2019_yk_425,Yukon,2019,0.70948975073896,1.0473821358419,6.2567290173376e-4,673.024686737237,796.47831377911,1311.048,0.715863473747505,493.58188000271434,NA
1580,827.92,0.709647317402842,1.0521957133213,1655.84,2019_yk_425,Yukon,2019,0.70948122764761,1.04796079692797,5.7866108607007e-4,673.024686737237,796.47831377911,1311.048,0.715863473747505,493.58188000271434,NA
1581,828.444,0.709750827517345,1.03979979067107,1656.888,2019_yk_425,Yukon,2019,0.709469660269359,1.04835346353417,3.9266660620307e-4,673.024686737237,796.47831377911,1311.048,0.715863473747505,493.58188000271434,NA
1582,828.968,0.70978321887374,1.0367056374521,1657.936,2019_yk_425,Yukon,2019,0.709485140526469,1.04910916846487,7.5570493069854e-4,673.024686737237,796.47831377911,1311.048,0.715863473747505,493.58188000271434,NA
1583,829.492,0.708731971414627,1.03642380428105,1658.984,2019_yk_425,Yukon,2019,0.709482617917638,1.04955169799215,4.4252952728118e-4,673.024686737237,796.47831377911,1311.048,0.715863473747505,493.58188000271434,NA
1584,830.016,0.709900267591824,1.03093254523892,1660.032,2019_yk_425,Yukon,2019,0.709457020947552,1.05012132749131,5.6962949916061e-4,673.024686737237,796.47831377911,1311.048,0.715863473747505,493.58188000271434,NA
1585,830.54,0.708589670232916,1.03575763264112,1661.08,2019_yk_425,Yukon,2019,0.709483529827022,1.05064250910248,5.2118161116743e-4,673.024686737237,796.47831377911,1311.048,0.715863473747505,493.58188000271434,NA
1586,831.064,0.708137499559212,1.04244384141549,1662.128,2019_yk_425,Yukon,2019,0.709480311676696,1.05133862623612,6.9611713363304e-4,673.024686737237,796.47831377911,1311.048,0.715863473747505,493.58188000271434,NA
1587,831.588,0.708536239907715,1.04332504472917,1663.176,2019_yk_425,Yukon,2019,0.709467113739565,1.05179503449271,4.5640825659898e-4,673.024686737237,796.47831377911,1311.048,0.715863473747505,493.58188000271434,NA
1588,832.112,0.70985481809229,1.05051079967691,1664.224,2019_yk_425,Yukon,2019,0.70943666397072,1.05230885273659,5.1381824387308e-4,673.024686737237,796.47831377911,1311.048,0.715863473747505,493.58188000271434,NA
1589,832.636,0.70995474729535,1.05762714111,1665.272,2019_yk_425,Yukon,2019,0.709404988617012,1.0527047352228,3.9588248621158e-4,673.024686737237,796.47831377911,1311.048,0.715863473747505,493.58188000271434,NA
1590,833.16,0.709354385131201,1.04330590623671,1666.32,2019_yk_425,Yukon,2019,0.709411030307785,1.05319561873293,4.9088351013049e-4,673.024686737237,796.47831377911,1311.048,0.715863473747505,493.58188000271434,NA
1591,833.684,0.710908028082997,1.05135610097341,1667.368,2019_yk_425,Yukon,2019,0.709424297200193,1.05392194353312,7.2632480019163e-4,673.024686737237,796.47831377911,1311.048,0.715863473747505,493.58188000271434,NA
1592,834.208,0.709818797837344,1.05089375159922,1668.416,2019_yk_425,Yukon,2019,0.709413806934297,1.05436662070531,4.4467717218643e-4,673.024686737237,796.47831377911,1311.048,0.715863473747505,493.58188000271434,NA
1593,834.732,0.708555639584338,1.05026363338759,1669.464,2019_yk_425,Yukon,2019,0.709397146020487,1.05489795004607,5.3132934076582e-4,673.024686737237,796.47831377911,1311.048,0.715863473747505,493.58188000271434,NA
1594,835.256,0.709182851657465,1.05126050585638,1670.512,2019_yk_425,Yukon,2019,0.70940609481534,1.05518758409733,2.896340512597e-4,673.024686737237,796.47831377911,1311.048,0.715863473747505,493.58188000271434,NA
1595,835.78,0.710244158243788,1.05558390857356,1671.56,2019_yk_425,Yukon,2019,0.709410155738168,1.05573449158824,5.4690749090546e-4,673.024686737237,796.47831377911,1311.048,0.715863473747505,493.58188000271434,NA
1596,836.304,0.710273691124394,1.04877764334753,1672.608,2019_yk_425,Yukon,2019,0.70939066695029,1.05640737791444,6.728863262011e-4,673.024686737237,796.47831377911,1311.048,0.715863473747505,493.58188000271434,NA
1597,836.828,0.710106501654649,1.05888006985287,1673.656,2019_yk_425,Yukon,2019,0.709412846806771,1.05720482545082,7.9744753637678e-4,673.024686737237,796.47831377911,1311.048,0.715863473747505,493.58188000271434,NA
1598,837.352,0.709394420936884,1.05589692392454,1674.704,2019_yk_425,Yukon,2019,0.709415263332858,1.05809848654925,8.9366109842892e-4,673.024686737237,796.47831377911,1311.048,0.715863473747505,493.58188000271434,NA
1599,837.876,0.708659768342609,1.04509549702778,1675.752,2019_yk_425,Yukon,2019,0.709404377337828,1.05911019961329,0.00101171306404857,673.024686737237,796.47831377911,1311.048,0.715863473747505,493.58188000271434,NA
1600,838.4,0.709829921855704,1.05287012956824,1676.8,2019_yk_425,Yukon,2019,0.709387235673816,1.06043146398478,0.00132126437148461,673.024686737237,796.47831377911,1311.048,0.715863473747505,493.58188000271434,NA
1601,838.924,0.709356525081676,1.05756947241993,1677.848,2019_yk_425,Yukon,2019,0.709419231160014,1.06142833972791,9.9687574312756e-4,673.024686737237,796.47831377911,1311.048,0.715863473747505,493.58188000271434,NA
1602,839.448,0.708057446567704,1.06359862094667,1678.896,2019_yk_425,Yukon,2019,0.709418627731923,1.06213286316794,7.0452344003557e-4,673.024686737237,796.47831377911,1311.048,0.715863473747505,493.58188000271434,NA
1603,839.972,0.711132619638825,1.06369208780011,1679.944,2019_yk_425,Yukon,2019,0.709403116682675,1.06328710668789,0.00115424351994542,673.024686737237,796.47831377911,1311.048,0.715863473747505,493.58188000271434,NA
1604,840.496,0.711560057382489,1.06819942217688,1680.992,2019_yk_425,Yukon,2019,0.709421070658787,1.06420948302385,9.2237633596559e-4,673.024686737237,796.47831377911,1311.048,0.715863473747505,493.58188000271434,NA
1605,841.02,0.709595347038571,1.05461915280066,1682.04,2019_yk_425,Yukon,2019,0.709424324692712,1.06538406005677,0.00117457703291479,673.024686737237,796.47831377911,1311.048,0.715863473747505,493.58188000271434,NA
1606,841.544,0.709247366960582,1.06593286815974,1683.088,2019_yk_425,Yukon,2019,0.709429725764013,1.06625999354809,8.7593349131975e-4,673.024686737237,796.47831377911,1311.048,0.715863473747505,493.58188000271434,NA
1607,842.068,0.709790565222181,1.06842349339899,1684.136,2019_yk_425,Yukon,2019,0.709419310868213,1.06725813417047,9.9814062238445e-4,673.024686737237,796.47831377911,1311.048,0.715863473747505,493.58188000271434,NA
1608,842.592,0.709153225104428,1.077713751677,1685.184,2019_yk_425,Yukon,2019,0.709428352614276,1.06822827350344,9.7013933297263e-4,673.024686737237,796.47831377911,1311.048,0.715863473747505,493.58188000271434,NA
1609,843.116,0.710276562079435,1.0765053313999,1686.232,2019_yk_425,Yukon,2019,0.709438838623639,1.0691045420928,8.7626858935419e-4,673.024686737237,796.47831377911,1311.048,0.715863473747505,493.58188000271434,NA
1610,843.64,0.708867048623037,1.05861836825918,1687.28,2019_yk_425,Yukon,2019,0.709433326869365,1.06984541874848,7.4087665567712e-4,673.024686737237,796.47831377911,1311.048,0.715863473747505,493.58188000271434,NA
1611,844.164,0.709174143141882,1.06156086730351,1688.328,2019_yk_425,Yukon,2019,0.709411098838209,1.07071508114363,8.6966239515495e-4,673.024686737237,796.47831377911,1311.048,0.715863473747505,493.58188000271434,NA
1612,844.688,0.710582995828176,1.0736857965053,1689.376,2019_yk_425,Yukon,2019,0.709399207989086,1.0715268027254,8.1172158177378e-4,673.024686737237,796.47831377911,1311.048,0.715863473747505,493.58188000271434,NA
1613,845.212,0.709377824204464,1.06307720279721,1690.424,2019_yk_425,Yukon,2019,0.709396605463377,1.07252198994139,9.9518721598101e-4,673.024686737237,796.47831377911,1311.048,0.715863473747505,493.58188000271434,NA
1614,845.736,0.707731570755496,1.07294012870741,1691.472,2019_yk_425,Yukon,2019,0.70939849899689,1.0735657109705,0.00104372102911698,673.024686737237,796.47831377911,1311.048,0.715863473747505,493.58188000271434,NA
1615,846.26,0.710162697819914,1.07541298310916,1692.52,2019_yk_425,Yukon,2019,0.709392239114361,1.07471422594415,0.00114851497364343,673.024686737237,796.47831377911,1311.048,0.715863473747505,493.58188000271434,NA
1616,846.784,0.70922747952921,1.07729270438608,1693.568,2019_yk_425,Yukon,2019,0.709402707337526,1.07565584269478,9.4161675063708e-4,673.024686737237,796.47831377911,1311.048,0.715863473747505,493.58188000271434,NA
1617,847.308,0.708898781974614,1.069454133852,1694.616,2019_yk_425,Yukon,2019,0.709390654231187,1.07679432861567,0.00113848592089094,673.024686737237,796.47831377911,1311.048,0.715863473747505,493.58188000271434,NA
1618,847.832,0.708275593958861,1.06732749670078,1695.664,2019_yk_425,Yukon,2019,0.709389399445326,1.07758945848703,7.9512987135488e-4,673.024686737237,796.47831377911,1311.048,0.715863473747505,493.58188000271434,NA
1619,848.356,0.708122660937474,1.06082627404826,1696.712,2019_yk_425,Yukon,2019,0.709397423996716,1.07849307178415,9.0361329711852e-4,673.024686737237,796.47831377911,1311.048,0.715863473747505,493.58188000271434,NA
1620,848.88,0.709741993274809,1.07599145842744,1697.76,2019_yk_425,Yukon,2019,0.709401572876569,1.07958760969497,0.0010945379108267,673.024686737237,796.47831377911,1311.048,0.715863473747505,493.58188000271434,NA
1621,849.404,0.708937286246415,1.08004113129006,1698.808,2019_yk_425,Yukon,2019,0.70938219017288,1.08061636073932,0.00102875104434874,673.024686737237,796.47831377911,1311.048,0.715863473747505,493.58188000271434,NA
1622,849.928,0.709382640594162,1.07467267814988,1699.856,2019_yk_425,Yukon,2019,0.709355470822409,1.08163898059615,0.00102261985682306,673.024686737237,796.47831377911,1311.048,0.715863473747505,493.58188000271434,NA
1623,850.452,0.70948342510975,1.07646920298725,1700.904,2019_yk_425,Yukon,2019,0.70936564249355,1.0825526019472,9.1362135105299e-4,673.024686737237,796.47831377911,1311.048,0.715863473747505,493.58188000271434,NA
1624,850.976,0.710392924799053,1.07974758040136,1701.952,2019_yk_425,Yukon,2019,0.709362091776947,1.08335326618682,8.0066423961722e-4,673.024686737237,796.47831377911,1311.048,0.715863473747505,493.58188000271434,NA
1625,851.5,0.709526058189339,1.08278573305465,1703,2019_yk_425,Yukon,2019,0.709349930725702,1.08404828285299,6.95016666171e-4,673.024686737237,796.47831377911,1311.048,0.715863473747505,493.58188000271434,NA
1626,852.024,0.709648426855416,1.07736719175687,1704.048,2019_yk_425,Yukon,2019,0.70935248253817,1.08502503009217,9.7674723918284e-4,673.024686737237,796.47831377911,1311.048,0.715863473747505,493.58188000271434,NA
1627,852.548,0.709634056545752,1.09386097173927,1705.096,2019_yk_425,Yukon,2019,0.709330374582502,1.08573073798514,7.0570789297508e-4,673.024686737237,796.47831377911,1311.048,0.715863473747505,493.58188000271434,NA
1628,853.072,0.709068357838529,1.09613099637889,1706.144,2019_yk_425,Yukon,2019,0.709334138073079,1.086707873783,9.7713579785097e-4,673.024686737237,796.47831377911,1311.048,0.715863473747505,493.58188000271434,NA
1629,853.596,0.709083952077671,1.10522356057328,1707.192,2019_yk_425,Yukon,2019,0.709336065832062,1.08781025603165,0.00110238224865422,673.024686737237,796.47831377911,1311.048,0.715863473747505,493.58188000271434,NA
1630,854.12,0.709551790197915,1.11237025755836,1708.24,2019_yk_425,Yukon,2019,0.709308584506591,1.08868133266754,8.7107663589058e-4,673.024686737237,796.47831377911,1311.048,0.715863473747505,493.58188000271434,NA
1631,854.644,0.710330758275137,1.10037869550641,1709.288,2019_yk_425,Yukon,2019,0.709287940456859,1.08949275049673,8.1141782918492e-4,673.024686737237,796.47831377911,1311.048,0.715863473747505,493.58188000271434,NA
1632,855.168,0.70905305863367,1.0936343875591,1710.336,2019_yk_425,Yukon,2019,0.709296272646482,1.09016139084168,6.6864034495406e-4,673.024686737237,796.47831377911,1311.048,0.715863473747505,493.58188000271434,NA
1633,855.692,0.709043278616761,1.10572274125564,1711.384,2019_yk_425,Yukon,2019,0.709247218189473,1.09080279346451,6.4140262282919e-4,673.024686737237,796.47831377911,1311.048,0.715863473747505,493.58188000271434,NA
1634,856.216,0.70906850462243,1.09848383312147,1712.432,2019_yk_425,Yukon,2019,0.709201126643774,1.09143035771814,6.2756425363574e-4,673.024686737237,796.47831377911,1311.048,0.715863473747505,493.58188000271434,NA
1635,856.74,0.709958943314224,1.11231854114614,1713.48,2019_yk_425,Yukon,2019,0.709207439851861,1.09255936532179,0.00112900760364498,673.024686737237,796.47831377911,1311.048,0.715863473747505,493.58188000271434,NA
1636,857.264,0.708947490658303,1.10325863501142,1714.528,2019_yk_425,Yukon,2019,0.709201343790034,1.09341176553292,8.5240021113319e-4,673.024686737237,796.47831377911,1311.048,0.715863473747505,493.58188000271434,NA
1637,857.788,0.708934510836055,1.10405292458352,1715.576,2019_yk_425,Yukon,2019,0.70920380483714,1.09404538774884,6.3362221591756e-4,673.024686737237,796.47831377911,1311.048,0.715863473747505,493.58188000271434,NA
1638,858.312,0.709328720448897,1.11006136271993,1716.624,2019_yk_425,Yukon,2019,0.709195059766503,1.09464879380761,6.0340605877073e-4,673.024686737237,796.47831377911,1311.048,0.715863473747505,493.58188000271434,NA
1639,858.836,0.709408886095873,1.09734446501323,1717.672,2019_yk_425,Yukon,2019,0.709180759134721,1.09531224025369,6.6344644608284e-4,673.024686737237,796.47831377911,1311.048,0.715863473747505,493.58188000271434,NA
1640,859.36,0.709316612146384,1.09664831266193,1718.72,2019_yk_425,Yukon,2019,0.709181677097998,1.09643715426646,0.00112491401277004,673.024686737237,796.47831377911,1311.048,0.715863473747505,493.58188000271434,NA
1641,859.884,0.708417145647994,1.09197953438035,1719.768,2019_yk_425,Yukon,2019,0.709175928666726,1.09733830948467,9.0115521820766e-4,673.024686737237,796.47831377911,1311.048,0.715863473747505,493.58188000271434,NA
1642,860.408,0.709069767926391,1.08540893235853,1720.816,2019_yk_425,Yukon,2019,0.709156046581888,1.09808887725463,7.5056776995419e-4,673.024686737237,796.47831377911,1311.048,0.715863473747505,493.58188000271434,NA
1643,860.932,0.708575819872077,1.09613503723992,1721.864,2019_yk_425,Yukon,2019,0.70916041082502,1.09892486378103,8.3598652640248e-4,673.024686737237,796.47831377911,1311.048,0.715863473747505,493.58188000271434,NA
1644,861.456,0.710013879602559,1.09355580698594,1722.912,2019_yk_425,Yukon,2019,0.709194260243566,1.09948716335518,5.6229957414966e-4,673.024686737237,796.47831377911,1311.048,0.715863473747505,493.58188000271434,NA
1645,861.98,0.708214077281199,1.10466853105973,1723.96,2019_yk_425,Yukon,2019,0.709170630356661,1.10002685879396,5.3969543877796e-4,673.024686737237,796.47831377911,1311.048,0.715863473747505,493.58188000271434,NA
1646,862.504,0.708765592949144,1.0989408464537,1725.008,2019_yk_425,Yukon,2019,0.709170143293506,1.1004729054361,4.4604664214209e-4,673.024686737237,796.47831377911,1311.048,0.715863473747505,493.58188000271434,NA
1647,863.028,0.707813053527336,1.11163419998262,1726.056,2019_yk_425,Yukon,2019,0.709182297726604,1.10127250279359,7.9959735749457e-4,673.024686737237,796.47831377911,1311.048,0.715863473747505,493.58188000271434,NA
1648,863.552,0.709779530940633,1.0982185919582,1727.104,2019_yk_425,Yukon,2019,0.709204821122817,1.10229169366858,0.00101919087498437,673.024686737237,796.47831377911,1311.048,0.715863473747505,493.58188000271434,NA
1649,864.076,0.710436220378779,1.1118439389371,1728.152,2019_yk_425,Yukon,2019,0.709227833272491,1.10351599218832,0.00122429851974704,673.024686737237,796.47831377911,1311.048,0.715863473747505,493.58188000271434,NA
1650,864.6,0.70960331792237,1.10897818088631,1729.2,2019_yk_425,Yukon,2019,0.709227238349073,1.10441650605395,9.0051386562772e-4,673.024686737237,796.47831377911,1311.048,0.715863473747505,493.58188000271434,NA
1651,865.124,0.709745065861686,1.11308116363433,1730.248,2019_yk_425,Yukon,2019,0.70924877471746,1.10525499719668,8.3849114272682e-4,673.024686737237,796.47831377911,1311.048,0.715863473747505,493.58188000271434,NA
1652,865.648,0.708215636809033,1.1122509430086,1731.296,2019_yk_425,Yukon,2019,0.709253185535227,1.10620833741357,9.5334021689441e-4,673.024686737237,796.47831377911,1311.048,0.715863473747505,493.58188000271434,NA
1653,866.172,0.709165939852811,1.10508091445077,1732.344,2019_yk_425,Yukon,2019,0.70924459023476,1.10686794763272,6.5961021914628e-4,673.024686737237,796.47831377911,1311.048,0.715863473747505,493.58188000271434,NA
1654,866.696,0.708969808661318,1.09930036023342,1733.392,2019_yk_425,Yukon,2019,0.709230184546394,1.10424404396237,-0.00262390367034837,673.024686737237,796.47831377911,1311.048,0.715863473747505,493.58188000271434,NA
1655,867.22,0.709514495169068,1.09728490854382,1734.44,2019_yk_425,Yukon,2019,0.709247602193974,1.09571462863395,-0.00852941532841589,673.024686737237,796.47831377911,1311.048,0.715863473747505,493.58188000271434,NA
1656,867.744,0.710426799872439,1.1073824776985,1735.488,2019_yk_425,Yukon,2019,0.709265293022266,1.08229393529961,-0.0134206933343413,673.024686737237,796.47831377911,1311.048,0.715863473747505,493.58188000271434,NA
1657,868.268,0.70878002431458,1.10122254343137,1736.536,2019_yk_425,Yukon,2019,0.709323920617042,1.06587677105882,-0.016417164240792,673.024686737237,796.47831377911,1311.048,0.715863473747505,493.58188000271434,NA
1658,868.792,0.709620230371537,1.1145250717956,1737.584,2019_yk_425,Yukon,2019,NA,NA,NA,673.024686737237,796.47831377911,1311.048,0.715863473747505,493.58188000271434,NA
1659,869.316,0.708775433881582,1.11123843194703,1738.632,2019_yk_425,Yukon,2019,NA,NA,NA,673.024686737237,796.47831377911,1311.048,0.715863473747505,493.58188000271434,NA
1660,869.84,0.708181042327472,1.10513472772167,1739.68,2019_yk_425,Yukon,2019,NA,NA,NA,673.024686737237,796.47831377911,1311.048,0.715863473747505,493.58188000271434,NA
1661,870.364,0.708117882097749,1.10625454217104,1740.728,2019_yk_425,Yukon,2019,NA,NA,NA,673.024686737237,796.47831377911,1311.048,0.715863473747505,493.58188000271434,NA
1662,870.888,0.708557377945078,1.10371704164391,1741.776,2019_yk_425,Yukon,2019,NA,NA,NA,673.024686737237,796.47831377911,1311.048,0.715863473747505,493.58188000271434,NA
1663,871.412,0.708189352218257,1.10217624516986,1742.824,2019_yk_425,Yukon,2019,NA,NA,NA,673.024686737237,796.47831377911,1311.048,0.715863473747505,493.58188000271434,NA
1664,871.936,0.708794564640575,1.10585327739501,1743.872,2019_yk_425,Yukon,2019,NA,NA,NA,673.024686737237,796.47831377911,1311.048,0.715863473747505,493.58188000271434,NA
1665,872.46,0.709974139523762,1.12235960901936,1744.92,2019_yk_425,Yukon,2019,NA,NA,NA,673.024686737237,796.47831377911,1311.048,0.715863473747505,493.58188000271434,NA
1666,872.984,0.708881603250974,1.11707688082773,1745.968,2019_yk_425,Yukon,2019,NA,NA,NA,673.024686737237,796.47831377911,1311.048,0.715863473747505,493.58188000271434,NA
1667,873.508,0.709938228048521,1.10644082635405,1747.016,2019_yk_425,Yukon,2019,NA,NA,NA,673.024686737237,796.47831377911,1311.048,0.715863473747505,493.58188000271434,NA
1668,874.032,0.708628520866219,1.11391811520324,1748.064,2019_yk_425,Yukon,2019,NA,NA,NA,673.024686737237,796.47831377911,1311.048,0.715863473747505,493.58188000271434,NA
1669,874.556,0.709418524172558,1.11631211816487,1749.112,2019_yk_425,Yukon,2019,NA,NA,NA,673.024686737237,796.47831377911,1311.048,0.715863473747505,493.58188000271434,NA
1670,875.08,0.708922126419602,1.12611320902537,1750.16,2019_yk_425,Yukon,2019,NA,NA,NA,673.024686737237,796.47831377911,1311.048,0.715863473747505,493.58188000271434,NA
1671,875.604,0.708829237265603,1.11563018039596,1751.208,2019_yk_425,Yukon,2019,NA,NA,NA,673.024686737237,796.47831377911,1311.048,0.715863473747505,493.58188000271434,NA
1672,876.128,0.709390070737882,1.11871986270256,1752.256,2019_yk_425,Yukon,2019,NA,NA,NA,673.024686737237,796.47831377911,1311.048,0.715863473747505,493.58188000271434,NA
1673,876.652,0.709639678792376,1.11323639438135,1753.304,2019_yk_425,Yukon,2019,NA,NA,NA,673.024686737237,796.47831377911,1311.048,0.715863473747505,493.58188000271434,NA
1674,877.176,0.709762535868252,1.10667810315639,1754.352,2019_yk_425,Yukon,2019,NA,NA,NA,673.024686737237,796.47831377911,1311.048,0.715863473747505,493.58188000271434,NA
1675,877.7,0.708744904605614,1.10779470943584,1755.4,2019_yk_425,Yukon,2019,NA,NA,NA,673.024686737237,796.47831377911,1311.048,0.715863473747505,493.58188000271434,NA
1676,878.224,0.709198255739907,1.1040555029146,1756.448,2019_yk_425,Yukon,2019,NA,NA,NA,673.024686737237,796.47831377911,1311.048,0.715863473747505,493.58188000271434,NA
1677,878.748,0.709628047960533,1.11742997530168,1757.496,2019_yk_425,Yukon,2019,NA,NA,NA,673.024686737237,796.47831377911,1311.048,0.715863473747505,493.58188000271434,NA
1678,879.272,0.709626997731604,1.12847894919984,1758.544,2019_yk_425,Yukon,2019,NA,NA,NA,673.024686737237,796.47831377911,1311.048,0.715863473747505,493.58188000271434,NA
1679,879.796,0.709503389917938,1.13428418523308,1759.592,2019_yk_425,Yukon,2019,NA,NA,NA,673.024686737237,796.47831377911,1311.048,0.715863473747505,493.58188000271434,NA
1680,880.32,0.709706297869695,1.1300222903651,1760.64,2019_yk_425,Yukon,2019,NA,NA,NA,673.024686737237,796.47831377911,1311.048,0.715863473747505,493.58188000271434,NA
1681,880.844,0.710229468349645,1.13035059985367,1761.688,2019_yk_425,Yukon,2019,NA,NA,NA,673.024686737237,796.47831377911,1311.048,0.715863473747505,493.58188000271434,NA
1682,881.368,0.709647289660173,1.13187309116355,1762.736,2019_yk_425,Yukon,2019,NA,NA,NA,673.024686737237,796.47831377911,1311.048,0.715863473747505,493.58188000271434,NA
1683,881.892,0.70896770708175,1.11604581613602,1763.784,2019_yk_425,Yukon,2019,NA,NA,NA,673.024686737237,796.47831377911,1311.048,0.715863473747505,493.58188000271434,NA
1684,882.416,0.709528583497117,0.922313360180451,1764.832,2019_yk_425,Yukon,2019,NA,NA,NA,673.024686737237,796.47831377911,1311.048,0.715863473747505,493.58188000271434,NA
1685,882.94,0.710571117044093,0.571020813349692,1765.88,2019_yk_425,Yukon,2019,NA,NA,NA,673.024686737237,796.47831377911,1311.048,0.715863473747505,493.58188000271434,NA
1686,883.464,0.710709876552961,0.2721255916964,1766.928,2019_yk_425,Yukon,2019,NA,NA,NA,673.024686737237,796.47831377911,1311.048,0.715863473747505,493.58188000271434,NA
1687,883.988,0.713151712232334,0.108831117291746,1767.976,2019_yk_425,Yukon,2019,NA,NA,NA,673.024686737237,796.47831377911,1311.048,0.715863473747505,493.58188000271434,NA
