Cycle,Time,Iso,Sr88,Microns,Fish_id,Watershed,Year,Iso_MA,Sr88_MA,Sr88_MA_Gradient,natal_microns_start,natal_microns_end,marine_start,natal_origin_iso,Core,Landmark
190,99.56,0.710081791597779,0.207963855176686,199.12,2021_kk_228,Kusko,2021,NA,NA,NA,691.830636777643,872.494638705453,1406.416,0.705570075866613,330.1148056262558,NA
191,100.084,0.706699574110948,0.278369875209749,200.168,2021_kk_228,Kusko,2021,NA,NA,NA,691.830636777643,872.494638705453,1406.416,0.705570075866613,330.1148056262558,NA
192,100.608,0.705067450240482,0.310973729131725,201.216,2021_kk_228,Kusko,2021,NA,NA,NA,691.830636777643,872.494638705453,1406.416,0.705570075866613,330.1148056262558,NA
193,101.132,0.711488617294109,0.337006512304252,202.264,2021_kk_228,Kusko,2021,NA,NA,NA,691.830636777643,872.494638705453,1406.416,0.705570075866613,330.1148056262558,NA
194,101.656,0.706424729445247,0.369377722703323,203.312,2021_kk_228,Kusko,2021,NA,NA,NA,691.830636777643,872.494638705453,1406.416,0.705570075866613,330.1148056262558,NA
195,102.18,0.707450695434515,0.417899527505318,204.36,2021_kk_228,Kusko,2021,NA,NA,NA,691.830636777643,872.494638705453,1406.416,0.705570075866613,330.1148056262558,NA
196,102.704,0.708037380120439,0.47415542564394,205.408,2021_kk_228,Kusko,2021,NA,NA,NA,691.830636777643,872.494638705453,1406.416,0.705570075866613,330.1148056262558,NA
197,103.228,0.705962976490928,0.502022026051637,206.456,2021_kk_228,Kusko,2021,NA,NA,NA,691.830636777643,872.494638705453,1406.416,0.705570075866613,330.1148056262558,NA
198,103.752,0.707327080760149,0.516199392164892,207.504,2021_kk_228,Kusko,2021,NA,NA,NA,691.830636777643,872.494638705453,1406.416,0.705570075866613,330.1148056262558,NA
199,104.276,0.708303768340787,0.533927836561691,208.552,2021_kk_228,Kusko,2021,NA,NA,NA,691.830636777643,872.494638705453,1406.416,0.705570075866613,330.1148056262558,NA
200,104.8,0.707623034424048,0.559187335927463,209.6,2021_kk_228,Kusko,2021,NA,NA,NA,691.830636777643,872.494638705453,1406.416,0.705570075866613,330.1148056262558,NA
201,105.324,0.708722249439166,0.556791791828173,210.648,2021_kk_228,Kusko,2021,NA,NA,NA,691.830636777643,872.494638705453,1406.416,0.705570075866613,330.1148056262558,NA
202,105.848,0.707038983347259,0.533629019764114,211.696,2021_kk_228,Kusko,2021,NA,NA,NA,691.830636777643,872.494638705453,1406.416,0.705570075866613,330.1148056262558,NA
203,106.372,0.710923535598403,0.49697799402546,212.744,2021_kk_228,Kusko,2021,NA,NA,NA,691.830636777643,872.494638705453,1406.416,0.705570075866613,330.1148056262558,NA
204,106.896,0.707857886105249,0.472635513037831,213.792,2021_kk_228,Kusko,2021,NA,NA,NA,691.830636777643,872.494638705453,1406.416,0.705570075866613,330.1148056262558,NA
205,107.42,0.708778735395144,0.460218315838936,214.84,2021_kk_228,Kusko,2021,NA,NA,NA,691.830636777643,872.494638705453,1406.416,0.705570075866613,330.1148056262558,NA
206,107.944,0.708881538167565,0.44535893012594,215.888,2021_kk_228,Kusko,2021,NA,NA,NA,691.830636777643,872.494638705453,1406.416,0.705570075866613,330.1148056262558,NA
207,108.468,0.709461939546679,0.446036766241223,216.936,2021_kk_228,Kusko,2021,NA,NA,NA,691.830636777643,872.494638705453,1406.416,0.705570075866613,330.1148056262558,NA
208,108.992,0.709336583136201,0.462937005634281,217.984,2021_kk_228,Kusko,2021,NA,NA,NA,691.830636777643,872.494638705453,1406.416,0.705570075866613,330.1148056262558,NA
209,109.516,0.706292287134314,0.48624947257146,219.032,2021_kk_228,Kusko,2021,NA,NA,NA,691.830636777643,872.494638705453,1406.416,0.705570075866613,330.1148056262558,NA
210,110.04,0.707779929491214,0.500854947461137,220.08,2021_kk_228,Kusko,2021,NA,NA,NA,691.830636777643,872.494638705453,1406.416,0.705570075866613,330.1148056262558,NA
211,110.564,0.706252021217827,0.521332878558813,221.128,2021_kk_228,Kusko,2021,NA,NA,NA,691.830636777643,872.494638705453,1406.416,0.705570075866613,330.1148056262558,NA
212,111.088,0.707533308241563,0.5538993726812,222.176,2021_kk_228,Kusko,2021,NA,NA,NA,691.830636777643,872.494638705453,1406.416,0.705570075866613,330.1148056262558,NA
213,111.612,0.706283172346898,0.548292762504562,223.224,2021_kk_228,Kusko,2021,NA,NA,NA,691.830636777643,872.494638705453,1406.416,0.705570075866613,330.1148056262558,NA
214,112.136,0.708335402059261,0.560949190962447,224.272,2021_kk_228,Kusko,2021,NA,NA,NA,691.830636777643,872.494638705453,1406.416,0.705570075866613,330.1148056262558,NA
215,112.66,0.708732265710387,0.556325266901149,225.32,2021_kk_228,Kusko,2021,NA,NA,NA,691.830636777643,872.494638705453,1406.416,0.705570075866613,330.1148056262558,NA
216,113.184,0.707777338404706,0.54889955965902,226.368,2021_kk_228,Kusko,2021,NA,NA,NA,691.830636777643,872.494638705453,1406.416,0.705570075866613,330.1148056262558,NA
217,113.708,0.707902467757901,0.54568952475413,227.416,2021_kk_228,Kusko,2021,NA,NA,NA,691.830636777643,872.494638705453,1406.416,0.705570075866613,330.1148056262558,NA
218,114.232,0.709392756901987,0.56953894402224,228.464,2021_kk_228,Kusko,2021,NA,NA,NA,691.830636777643,872.494638705453,1406.416,0.705570075866613,330.1148056262558,NA
219,114.756,0.707297181656906,0.592452501647678,229.512,2021_kk_228,Kusko,2021,0.707946179056275,0.561420430698568,NA,691.830636777643,872.494638705453,1406.416,0.705570075866613,330.1148056262558,NA
220,115.28,0.707378784473387,0.59176124544212,230.56,2021_kk_228,Kusko,2021,0.707915913226257,0.568926340558912,0.0075059098603445,691.830636777643,872.494638705453,1406.416,0.705570075866613,330.1148056262558,NA
221,115.804,0.705028092956915,0.589661119325542,231.608,2021_kk_228,Kusko,2021,0.707966167482043,0.575272412781954,0.00634607222304195,691.830636777643,872.494638705453,1406.416,0.705570075866613,330.1148056262558,NA
222,116.328,0.704263288421383,0.604423378985628,232.656,2021_kk_228,Kusko,2021,0.707990463113157,0.580952801555074,0.00568038877311983,691.830636777643,872.494638705453,1406.416,0.705570075866613,330.1148056262558,NA
223,116.852,0.708247904090872,0.638748250353852,233.704,2021_kk_228,Kusko,2021,0.707925790369885,0.585965572099797,0.00501277054472327,691.830636777643,872.494638705453,1406.416,0.705570075866613,330.1148056262558,NA
224,117.376,0.708699451701159,0.619498781622403,234.752,2021_kk_228,Kusko,2021,0.707956799517358,0.590607148132097,0.00464157603229964,691.830636777643,872.494638705453,1406.416,0.705570075866613,330.1148056262558,NA
225,117.9,0.706819851181457,0.616776740947135,235.8,2021_kk_228,Kusko,2021,0.70795714855333,0.594188902162697,0.00358175403060013,691.830636777643,872.494638705453,1406.416,0.705570075866613,330.1148056262558,NA
226,118.424,0.707232528069027,0.620903600532058,236.848,2021_kk_228,Kusko,2021,0.707989860109271,0.597167247668563,0.0029783455058664,691.830636777643,872.494638705453,1406.416,0.705570075866613,330.1148056262558,NA
227,118.948,0.708708045220597,0.631015053327975,237.896,2021_kk_228,Kusko,2021,0.708055299841547,0.599683774656721,0.00251652698815763,691.830636777643,872.494638705453,1406.416,0.705570075866613,330.1148056262558,NA
228,119.472,0.707679910142316,0.631470680682892,238.944,2021_kk_228,Kusko,2021,0.708103830615144,0.601944422834677,0.0022606481779559,691.830636777643,872.494638705453,1406.416,0.705570075866613,330.1148056262558,NA
229,119.996,0.708931617354516,0.64346606359745,239.992,2021_kk_228,Kusko,2021,0.708123993938878,0.603723008925858,0.00177858609118109,691.830636777643,872.494638705453,1406.416,0.705570075866613,330.1148056262558,NA
230,120.52,0.707588289206667,0.668283706847461,241.04,2021_kk_228,Kusko,2021,0.708133875525737,0.605180603014159,0.00145759408830071,691.830636777643,872.494638705453,1406.416,0.705570075866613,330.1148056262558,NA
231,121.044,0.708160819979133,0.627175240752878,242.088,2021_kk_228,Kusko,2021,0.708098643684281,0.606679069886496,0.00149846687233746,691.830636777643,872.494638705453,1406.416,0.705570075866613,330.1148056262558,NA
232,121.568,0.707993634322539,0.644202667765599,243.136,2021_kk_228,Kusko,2021,0.708141577815678,0.608414428050854,0.00173535816435821,691.830636777643,872.494638705453,1406.416,0.705570075866613,330.1148056262558,NA
233,122.092,0.707349915588333,0.654530685018126,244.184,2021_kk_228,Kusko,2021,0.708074998894875,0.610851855677185,0.00243742762633026,691.830636777643,872.494638705453,1406.416,0.705570075866613,330.1148056262558,NA
234,122.616,0.709525674217188,0.650397663769107,245.232,2021_kk_228,Kusko,2021,0.70807570123181,0.613646919540885,0.00279506386369999,691.830636777643,872.494638705453,1406.416,0.705570075866613,330.1148056262558,NA
235,123.14,0.709214756485543,0.6425158007339,246.28,2021_kk_228,Kusko,2021,0.708080422157123,0.616865193643755,0.00321827410287079,691.830636777643,872.494638705453,1406.416,0.705570075866613,330.1148056262558,NA
236,123.664,0.708703068629243,0.652374984880783,247.328,2021_kk_228,Kusko,2021,0.7080709301714,0.620122163932437,0.00325697028868177,691.830636777643,872.494638705453,1406.416,0.705570075866613,330.1148056262558,NA
237,124.188,0.708831410932394,0.64304524231996,248.376,2021_kk_228,Kusko,2021,0.708065916125736,0.623299992792422,0.00317782885998508,691.830636777643,872.494638705453,1406.416,0.705570075866613,330.1148056262558,NA
238,124.712,0.709209127929843,0.669209735354772,249.424,2021_kk_228,Kusko,2021,0.708062148451266,0.626072791155345,0.00277279836292288,691.830636777643,872.494638705453,1406.416,0.705570075866613,330.1148056262558,NA
239,125.236,0.708006047434154,0.673464420805877,250.472,2021_kk_228,Kusko,2021,0.708094549534618,0.62848531162115,0.00241252046580509,691.830636777643,872.494638705453,1406.416,0.705570075866613,330.1148056262558,NA
240,125.76,0.708834101140237,0.674224221488144,251.52,2021_kk_228,Kusko,2021,0.708107857985042,0.630863527880236,0.00237821625908596,691.830636777643,872.494638705453,1406.416,0.705570075866613,330.1148056262558,NA
241,126.284,0.706836072781398,0.650988819405902,252.568,2021_kk_228,Kusko,2021,0.708176107290731,0.63287140509276,0.0020078772125236,691.830636777643,872.494638705453,1406.416,0.705570075866613,330.1148056262558,NA
242,126.808,0.706354524852728,0.647493697859054,253.616,2021_kk_228,Kusko,2021,0.708169511897201,0.634212172730443,0.00134076763768265,691.830636777643,872.494638705453,1406.416,0.705570075866613,330.1148056262558,NA
243,127.332,0.708198543870658,0.655398536225291,254.664,2021_kk_228,Kusko,2021,0.708224139111387,0.635741483706181,0.00152931097573894,691.830636777643,872.494638705453,1406.416,0.705570075866613,330.1148056262558,NA
244,127.856,0.708092049857756,0.660652688549703,255.712,2021_kk_228,Kusko,2021,0.708204033201233,0.63711821810717,0.0013767344009884,691.830636777643,872.494638705453,1406.416,0.705570075866613,330.1148056262558,NA
245,128.38,0.70802334146976,0.63956438123644,256.76,2021_kk_228,Kusko,2021,0.708221282089736,0.638400282697488,0.00128206459031821,691.830636777643,872.494638705453,1406.416,0.705570075866613,330.1148056262558,NA
246,128.904,0.70890314094667,0.665395866480264,257.808,2021_kk_228,Kusko,2021,0.70824124331122,0.639812631957127,0.00141234925963873,691.830636777643,872.494638705453,1406.416,0.705570075866613,330.1148056262558,NA
247,129.428,0.709126519954724,0.674248339171274,258.856,2021_kk_228,Kusko,2021,0.708237383107524,0.641166859066734,0.00135422710960753,691.830636777643,872.494638705453,1406.416,0.705570075866613,330.1148056262558,NA
248,129.952,0.70766699694232,0.675117501823183,259.904,2021_kk_228,Kusko,2021,0.708214830749311,0.642083269010743,9.164099440091e-4,691.830636777643,872.494638705453,1406.416,0.705570075866613,330.1148056262558,NA
249,130.476,0.708116553305484,0.663063730008816,260.952,2021_kk_228,Kusko,2021,0.708222353902384,0.643031800755862,9.4853174511888e-4,691.830636777643,872.494638705453,1406.416,0.705570075866613,330.1148056262558,NA
250,131,0.708265841796719,0.658318446797357,262,2021_kk_228,Kusko,2021,0.708252865792216,0.643637227709358,6.0542695349563e-4,691.830636777643,872.494638705453,1406.416,0.705570075866613,330.1148056262558,NA
251,131.524,0.709714829458117,0.659134208592267,263.048,2021_kk_228,Kusko,2021,0.708326019128309,0.644584832626423,9.476049170648e-4,691.830636777643,872.494638705453,1406.416,0.705570075866613,330.1148056262558,NA
252,132.048,0.706525188107296,0.651797055518915,264.096,2021_kk_228,Kusko,2021,0.708406118370551,0.6455906159568,0.00100578333037749,691.830636777643,872.494638705453,1406.416,0.705570075866613,330.1148056262558,NA
253,132.572,0.707608252697797,0.63777274498765,265.144,2021_kk_228,Kusko,2021,0.708406363020922,0.646052311273989,4.6169531718909e-4,691.830636777643,872.494638705453,1406.416,0.705570075866613,330.1148056262558,NA
254,133.096,0.708285278293631,0.6478722846413,266.192,2021_kk_228,Kusko,2021,0.70838082870711,0.646711818360643,6.5950708665407e-4,691.830636777643,872.494638705453,1406.416,0.705570075866613,330.1148056262558,NA
255,133.62,0.707471637592821,0.632804769341325,267.24,2021_kk_228,Kusko,2021,0.708409254945083,0.647167180831144,4.5536247050048e-4,691.830636777643,872.494638705453,1406.416,0.705570075866613,330.1148056262558,NA
256,134.144,0.71000007347691,0.652856155995921,268.288,2021_kk_228,Kusko,2021,0.708441335185016,0.648188177849132,0.00102099701798775,691.830636777643,872.494638705453,1406.416,0.705570075866613,330.1148056262558,NA
257,134.668,0.709889360427533,0.653013645341093,269.336,2021_kk_228,Kusko,2021,0.708391704947073,0.64875705039488,5.6887254574811e-4,691.830636777643,872.494638705453,1406.416,0.705570075866613,330.1148056262558,NA
258,135.192,0.710238927175918,0.651838282842248,270.384,2021_kk_228,Kusko,2021,0.70839182705429,0.649398142353182,6.4109195830197e-4,691.830636777643,872.494638705453,1406.416,0.705570075866613,330.1148056262558,NA
259,135.716,0.709513567764862,0.640643002032557,271.432,2021_kk_228,Kusko,2021,0.708375402220606,0.650342109688761,9.4396733557966e-4,691.830636777643,872.494638705453,1406.416,0.705570075866613,330.1148056262558,NA
260,136.24,0.708215929635575,0.646642981225506,272.48,2021_kk_228,Kusko,2021,0.708368306451283,0.650940040214098,5.9793052533652e-4,691.830636777643,872.494638705453,1406.416,0.705570075866613,330.1148056262558,NA
261,136.764,0.70660833895182,0.646699804168419,273.528,2021_kk_228,Kusko,2021,0.708401572298056,0.651823158899106,8.8311868500801e-4,691.830636777643,872.494638705453,1406.416,0.705570075866613,330.1148056262558,NA
262,137.288,0.709615031231094,0.637750509625609,274.576,2021_kk_228,Kusko,2021,0.708428059050414,0.652602128607923,7.7896970881674e-4,691.830636777643,872.494638705453,1406.416,0.705570075866613,330.1148056262558,NA
263,137.812,0.70692880035019,0.643223651605277,275.624,2021_kk_228,Kusko,2021,0.708463328868654,0.653017812050504,4.1568344258136e-4,691.830636777643,872.494638705453,1406.416,0.705570075866613,330.1148056262558,NA
264,138.336,0.707900026321387,0.640339344859826,276.672,2021_kk_228,Kusko,2021,0.708470253734366,0.653490473597468,4.7266154696412e-4,691.830636777643,872.494638705453,1406.416,0.705570075866613,330.1148056262558,NA
265,138.86,0.709061990913909,0.653314762011181,277.72,2021_kk_228,Kusko,2021,0.708461909163488,0.654953381682918,0.00146290808544969,691.830636777643,872.494638705453,1406.416,0.705570075866613,330.1148056262558,NA
266,139.384,0.708312019024191,0.640777147446847,278.768,2021_kk_228,Kusko,2021,0.708444073256522,0.654933534395063,-1.98472878553124e-5,691.830636777643,872.494638705453,1406.416,0.705570075866613,330.1148056262558,NA
267,139.908,0.709161096806809,0.636706497840329,279.816,2021_kk_228,Kusko,2021,0.708449385525237,0.655544706140016,6.1117174495362e-4,691.830636777643,872.494638705453,1406.416,0.705570075866613,330.1148056262558,NA
268,140.432,0.709110522668005,0.629304907409655,280.864,2021_kk_228,Kusko,2021,0.708468125044646,0.655770709908815,2.2600376879855e-4,691.830636777643,872.494638705453,1406.416,0.705570075866613,330.1148056262558,NA
269,140.956,0.708236352135428,0.631000700519764,281.912,2021_kk_228,Kusko,2021,0.708491699800442,0.656155363787899,3.8465387908404e-4,691.830636777643,872.494638705453,1406.416,0.705570075866613,330.1148056262558,NA
270,141.48,0.708578436516682,0.64354792300629,282.96,2021_kk_228,Kusko,2021,0.708483925242273,0.656770689144829,6.1532535693043e-4,691.830636777643,872.494638705453,1406.416,0.705570075866613,330.1148056262558,NA
271,142.004,0.710346979559183,0.641805511310236,284.008,2021_kk_228,Kusko,2021,0.708534211353681,0.657427340437052,6.5665129222236e-4,691.830636777643,872.494638705453,1406.416,0.705570075866613,330.1148056262558,NA
272,142.528,0.707137584629718,0.634345430942157,285.056,2021_kk_228,Kusko,2021,0.708565364854572,0.658395338940522,9.6799850347018e-4,691.830636777643,872.494638705453,1406.416,0.705570075866613,330.1148056262558,NA
273,143.052,0.709560805198084,0.640051421048897,286.104,2021_kk_228,Kusko,2021,0.708565665478773,0.658741552213862,3.4621327334072e-4,691.830636777643,872.494638705453,1406.416,0.705570075866613,330.1148056262558,NA
274,143.576,0.707129047449994,0.64355325502175,287.152,2021_kk_228,Kusko,2021,0.708556097214155,0.659054343322324,3.1279110846194e-4,691.830636777643,872.494638705453,1406.416,0.705570075866613,330.1148056262558,NA
275,144.1,0.709767199020585,0.633249142320243,288.2,2021_kk_228,Kusko,2021,0.708546471727311,0.659541653227911,4.8730990558687e-4,691.830636777643,872.494638705453,1406.416,0.705570075866613,330.1148056262558,NA
276,144.624,0.708975011693747,0.633640515237338,289.248,2021_kk_228,Kusko,2021,0.708544263544008,0.660186163722719,6.4451049480751e-4,691.830636777643,872.494638705453,1406.416,0.705570075866613,330.1148056262558,NA
277,145.148,0.707670855536109,0.626943151330583,290.296,2021_kk_228,Kusko,2021,0.708524314330258,0.660351528177063,1.6536445434445e-4,691.830636777643,872.494638705453,1406.416,0.705570075866613,330.1148056262558,NA
278,145.672,0.708039615409262,0.624523540662787,291.344,2021_kk_228,Kusko,2021,0.708564037139747,0.660685948007488,3.3441983042481e-4,691.830636777643,872.494638705453,1406.416,0.705570075866613,330.1148056262558,NA
279,146.196,0.70774857084126,0.649364406354811,292.392,2021_kk_228,Kusko,2021,0.708577842227444,0.660856946038232,1.7099803074438e-4,691.830636777643,872.494638705453,1406.416,0.705570075866613,330.1148056262558,NA
280,146.72,0.709209497863316,0.628086862651858,293.44,2021_kk_228,Kusko,2021,0.708612708288069,0.661358618541561,5.0167250332866e-4,691.830636777643,872.494638705453,1406.416,0.705570075866613,330.1148056262558,NA
281,147.244,0.709417293122473,0.646517414349428,294.488,2021_kk_228,Kusko,2021,0.708616148486066,0.661847811215621,4.8919267405966e-4,691.830636777643,872.494638705453,1406.416,0.705570075866613,330.1148056262558,NA
282,147.768,0.709069242955914,0.66477037880828,295.536,2021_kk_228,Kusko,2021,0.708652176342234,0.662609003454606,7.6119223898552e-4,691.830636777643,872.494638705453,1406.416,0.705570075866613,330.1148056262558,NA
283,148.292,0.708262583113106,0.666449969385198,296.584,2021_kk_228,Kusko,2021,0.70868997546474,0.663570801102912,9.6179764830572e-4,691.830636777643,872.494638705453,1406.416,0.705570075866613,330.1148056262558,NA
284,148.816,0.707167392872486,0.659069206821649,297.632,2021_kk_228,Kusko,2021,0.708676813102261,0.664658389235997,0.00108758813308507,691.830636777643,872.494638705453,1406.416,0.705570075866613,330.1148056262558,NA
285,149.34,0.708525425459814,0.644098489177166,298.68,2021_kk_228,Kusko,2021,0.708691303318786,0.665900209578839,0.00124182034284215,691.830636777643,872.494638705453,1406.416,0.705570075866613,330.1148056262558,NA
286,149.864,0.709157342464988,0.682163421611317,299.728,2021_kk_228,Kusko,2021,0.708697571179316,0.666418508084699,5.1829850585949e-4,691.830636777643,872.494638705453,1406.416,0.705570075866613,330.1148056262558,NA
287,150.388,0.70573023094404,0.665147406072864,300.776,2021_kk_228,Kusko,2021,0.708672614306032,0.66704095983372,6.2245174902175e-4,691.830636777643,872.494638705453,1406.416,0.705570075866613,330.1148056262558,NA
288,150.912,0.7076872365753,0.669936198181009,301.824,2021_kk_228,Kusko,2021,0.708645276380773,0.667756909694206,7.1594986048506e-4,691.830636777643,872.494638705453,1406.416,0.705570075866613,330.1148056262558,NA
289,151.436,0.7079461273335,0.700104103732228,302.872,2021_kk_228,Kusko,2021,0.708619417000562,0.669406758296505,0.00164984860229911,691.830636777643,872.494638705453,1406.416,0.705570075866613,330.1148056262558,NA
290,151.96,0.707162543047267,0.704159538367652,303.92,2021_kk_228,Kusko,2021,0.708637178517499,0.67118311962682,0.001776361330315,691.830636777643,872.494638705453,1406.416,0.705570075866613,330.1148056262558,NA
291,152.484,0.710156770785522,0.680162361853357,304.968,2021_kk_228,Kusko,2021,0.708671880004508,0.673082547709047,0.00189942808222754,691.830636777643,872.494638705453,1406.416,0.705570075866613,330.1148056262558,NA
292,153.008,0.709582839464053,0.690940850294601,306.016,2021_kk_228,Kusko,2021,0.708646053673396,0.674840338613198,0.00175779090415051,691.830636777643,872.494638705453,1406.416,0.705570075866613,330.1148056262558,NA
293,153.532,0.709466104682703,0.67947169157301,307.064,2021_kk_228,Kusko,2021,0.70866160936235,0.67668895941009,0.0018486207968923,691.830636777643,872.494638705453,1406.416,0.705570075866613,330.1148056262558,NA
294,154.056,0.709941166159892,0.678757356586949,308.112,2021_kk_228,Kusko,2021,0.70867863466157,0.678931034896877,0.00224207548678701,691.830636777643,872.494638705453,1406.416,0.705570075866613,330.1148056262558,NA
295,154.58,0.708714082232855,0.730290285860883,309.16,2021_kk_228,Kusko,2021,0.708699015275186,0.680264000891205,0.00133296599432753,691.830636777643,872.494638705453,1406.416,0.705570075866613,330.1148056262558,NA
296,155.104,0.707632914211288,0.651184147609456,310.208,2021_kk_228,Kusko,2021,0.708735800857567,0.682429319235252,0.00216531834404754,691.830636777643,872.494638705453,1406.416,0.705570075866613,330.1148056262558,NA
297,155.628,0.709150147055337,0.67971554701718,311.256,2021_kk_228,Kusko,2021,0.708738623658801,0.685033699061239,0.00260437982598649,691.830636777643,872.494638705453,1406.416,0.705570075866613,330.1148056262558,NA
298,156.152,0.710333499094371,0.682769961482686,312.304,2021_kk_228,Kusko,2021,0.70872696513739,0.6881347851235,0.00310108606226156,691.830636777643,872.494638705453,1406.416,0.705570075866613,330.1148056262558,NA
299,156.676,0.709420532781907,0.696543653550916,313.352,2021_kk_228,Kusko,2021,0.708738048117854,0.692263115012422,0.00412832988892142,691.830636777643,872.494638705453,1406.416,0.705570075866613,330.1148056262558,NA
300,157.2,0.708367627650097,0.711143742903972,314.4,2021_kk_228,Kusko,2021,0.708736674638739,0.695611455837454,0.00334834082503221,691.830636777643,872.494638705453,1406.416,0.705570075866613,330.1148056262558,NA
301,157.724,0.709853239465862,0.690387896939245,315.448,2021_kk_228,Kusko,2021,0.708689356335155,0.698960177898711,0.00334872206125747,691.830636777643,872.494638705453,1406.416,0.705570075866613,330.1148056262558,NA
302,158.248,0.708223734906219,0.705573608067257,316.496,2021_kk_228,Kusko,2021,0.708701782614543,0.702201917796214,0.00324173989750287,691.830636777643,872.494638705453,1406.416,0.705570075866613,330.1148056262558,NA
303,158.772,0.708216581322685,0.676171332625734,317.544,2021_kk_228,Kusko,2021,0.708688301233836,0.705604118135422,0.00340220033920835,691.830636777643,872.494638705453,1406.416,0.705570075866613,330.1148056262558,NA
304,159.296,0.707517953980684,0.679420155057421,318.592,2021_kk_228,Kusko,2021,0.708713213837636,0.709047073530319,0.00344295539489614,691.830636777643,872.494638705453,1406.416,0.705570075866613,330.1148056262558,NA
305,159.82,0.707445812259136,0.668802975571648,319.64,2021_kk_228,Kusko,2021,0.708682966763758,0.712422601025649,0.0033755274953301,691.830636777643,872.494638705453,1406.416,0.705570075866613,330.1148056262558,NA
306,160.344,0.708770649948456,0.704066496168716,320.688,2021_kk_228,Kusko,2021,0.708661241714366,0.71590300152393,0.00348040049828124,691.830636777643,872.494638705453,1406.416,0.705570075866613,330.1148056262558,NA
307,160.868,0.707929567129716,0.68417020643194,321.736,2021_kk_228,Kusko,2021,0.708681739465551,0.719823815948823,0.00392081442489334,691.830636777643,872.494638705453,1406.416,0.705570075866613,330.1148056262558,NA
308,161.392,0.710050365511702,0.69518269164867,322.784,2021_kk_228,Kusko,2021,0.708675692008337,0.723801167633962,0.00397735168513891,691.830636777643,872.494638705453,1406.416,0.705570075866613,330.1148056262558,NA
309,161.916,0.708944858567303,0.673323611853487,323.832,2021_kk_228,Kusko,2021,0.708675917908538,0.727405192783918,0.00360402514995606,691.830636777643,872.494638705453,1406.416,0.705570075866613,330.1148056262558,NA
310,162.44,0.710357805434195,0.688418796997075,324.88,2021_kk_228,Kusko,2021,0.708672212849369,0.73214299763827,0.00473780485435138,691.830636777643,872.494638705453,1406.416,0.705570075866613,330.1148056262558,NA
311,162.964,0.709921241337969,0.688485769035844,325.928,2021_kk_228,Kusko,2021,0.708670165713386,0.736598588593871,0.004455590955601,691.830636777643,872.494638705453,1406.416,0.705570075866613,330.1148056262558,NA
312,163.488,0.708686859477343,0.697468589858046,326.976,2021_kk_228,Kusko,2021,0.708681359748233,0.740014661071802,0.00341607247793141,691.830636777643,872.494638705453,1406.416,0.705570075866613,330.1148056262558,NA
313,164.012,0.70987620004814,0.695480603885993,328.024,2021_kk_228,Kusko,2021,0.708686245216945,0.744267927272346,0.00425326620054411,691.830636777643,872.494638705453,1406.416,0.705570075866613,330.1148056262558,NA
314,164.536,0.707495536544923,0.7131275726264,329.072,2021_kk_228,Kusko,2021,0.708724486014654,0.74872302926183,0.00445510198948396,691.830636777643,872.494638705453,1406.416,0.705570075866613,330.1148056262558,NA
315,165.06,0.708341050584314,0.707313989911861,330.12,2021_kk_228,Kusko,2021,0.708710146377255,0.753853496884373,0.00513046762254254,691.830636777643,872.494638705453,1406.416,0.705570075866613,330.1148056262558,Core
316,165.584,0.710376145108716,0.683954066347487,331.168,2021_kk_228,Kusko,2021,0.708686867884792,0.758705389105132,0.00485189222075899,691.830636777643,872.494638705453,1406.416,0.705570075866613,330.1148056262558,Core
317,166.108,0.708391948030496,0.690360750282395,332.216,2021_kk_228,Kusko,2021,0.708728882224517,0.764247052169924,0.00554166306479265,691.830636777643,872.494638705453,1406.416,0.705570075866613,330.1148056262558,Core
318,166.632,0.708598651660392,0.69479527447135,333.264,2021_kk_228,Kusko,2021,0.708741112232402,0.769288219196771,0.00504116702684698,691.830636777643,872.494638705453,1406.416,0.705570075866613,330.1148056262558,Core
319,167.156,0.707962004952199,0.7396339181705,334.312,2021_kk_228,Kusko,2021,0.70875434283771,0.774282045316792,0.00499382612002042,691.830636777643,872.494638705453,1406.416,0.705570075866613,330.1148056262558,Core
320,167.68,0.709281620651773,0.753224661044407,335.36,2021_kk_228,Kusko,2021,0.708769414062184,0.778967697692,0.0046856523752079,691.830636777643,872.494638705453,1406.416,0.705570075866613,330.1148056262558,Core
321,168.204,0.708690428172353,0.760665489102075,336.408,2021_kk_228,Kusko,2021,0.708750518435995,0.784501876122371,0.00553417843037141,691.830636777643,872.494638705453,1406.416,0.705570075866613,330.1148056262558,Core
322,168.728,0.708065451364393,0.743217963874637,337.456,2021_kk_228,Kusko,2021,0.708742511609703,0.789387893066,0.00488601694362867,691.830636777643,872.494638705453,1406.416,0.705570075866613,330.1148056262558,Core
323,169.252,0.70786214168743,0.754140899418819,338.504,2021_kk_228,Kusko,2021,0.708731166620434,0.793769024542467,0.00438113147646713,691.830636777643,872.494638705453,1406.416,0.705570075866613,330.1148056262558,Core
324,169.776,0.708921544274569,0.774863874067047,339.552,2021_kk_228,Kusko,2021,0.708708695854185,0.798469051940902,0.00470002739843556,691.830636777643,872.494638705453,1406.416,0.705570075866613,330.1148056262558,Core
325,170.3,0.710284827730887,0.73329272167083,340.6,2021_kk_228,Kusko,2021,0.708688121010443,0.802291097955149,0.00382204601424663,691.830636777643,872.494638705453,1406.416,0.705570075866613,330.1148056262558,Core
326,170.824,0.71051915396703,0.770696248089697,341.648,2021_kk_228,Kusko,2021,0.708700418899715,0.807487354930081,0.00519625697493176,691.830636777643,872.494638705453,1406.416,0.705570075866613,330.1148056262558,Core
327,171.348,0.709330464880884,0.792969287399522,342.696,2021_kk_228,Kusko,2021,0.708699997830954,0.813135732140382,0.00564837721030165,691.830636777643,872.494638705453,1406.416,0.705570075866613,330.1148056262558,Core
328,171.872,0.708411011383312,0.815370071145347,343.744,2021_kk_228,Kusko,2021,0.708658275369735,0.818496886157619,0.00536115401723669,691.830636777643,872.494638705453,1406.416,0.705570075866613,330.1148056262558,Core
329,172.396,0.708901330963265,0.878700493855051,344.792,2021_kk_228,Kusko,2021,0.708619132670765,0.82382887081222,0.0053319846546005,691.830636777643,872.494638705453,1406.416,0.705570075866613,330.1148056262558,Core
330,172.92,0.708496027769822,0.844448372508224,345.84,2021_kk_228,Kusko,2021,0.708604696839091,0.82926480047087,0.00543592965865036,691.830636777643,872.494638705453,1406.416,0.705570075866613,330.1148056262558,Core
331,173.444,0.707507881344134,0.842728834985692,346.888,2021_kk_228,Kusko,2021,0.708593783197972,0.835510682314031,0.00624588184316066,691.830636777643,872.494638705453,1406.416,0.705570075866613,330.1148056262558,Core
332,173.968,0.70788316139296,0.828849824792323,347.936,2021_kk_228,Kusko,2021,0.708579768853906,0.841968509514532,0.0064578272005017,691.830636777643,872.494638705453,1406.416,0.705570075866613,330.1148056262558,Core
333,174.492,0.708751922355702,0.844183441401397,348.984,2021_kk_228,Kusko,2021,0.70858237874743,0.849307228764716,0.0073387192501837,691.830636777643,872.494638705453,1406.416,0.705570075866613,330.1148056262558,Core
334,175.016,0.708623803677956,0.850130578715521,350.032,2021_kk_228,Kusko,2021,0.708604346103742,0.856126656733538,0.00681942796882229,691.830636777643,872.494638705453,1406.416,0.705570075866613,330.1148056262558,Core
335,175.54,0.707952374587917,0.835780792040043,351.08,2021_kk_228,Kusko,2021,0.708627481777857,0.863401371276243,0.00727471454270501,691.830636777643,872.494638705453,1406.416,0.705570075866613,330.1148056262558,Core
336,176.064,0.707671508730216,0.842464545134215,352.128,2021_kk_228,Kusko,2021,0.708622762729858,0.870453587973851,0.00705221669760769,691.830636777643,872.494638705453,1406.416,0.705570075866613,330.1148056262558,Core
337,176.588,0.708900720607223,0.862192016824186,353.176,2021_kk_228,Kusko,2021,0.708619115080759,0.877765106580583,0.00731151860673207,691.830636777643,872.494638705453,1406.416,0.705570075866613,330.1148056262558,Core
338,177.112,0.707676767976428,0.863164641771121,354.224,2021_kk_228,Kusko,2021,0.708597110733358,0.88475186140883,0.00698675482824695,691.830636777643,872.494638705453,1406.416,0.705570075866613,330.1148056262558,Core
339,177.636,0.707762124853325,0.865605915352175,355.272,2021_kk_228,Kusko,2021,0.708608850232286,0.891840548467241,0.00708868705841059,691.830636777643,872.494638705453,1406.416,0.705570075866613,330.1148056262558,Core
340,178.16,0.70898719431317,0.912355153912935,356.32,2021_kk_228,Kusko,2021,0.708564189518506,0.898221555086701,0.00638100661946084,691.830636777643,872.494638705453,1406.416,0.705570075866613,330.1148056262558,Core
341,178.684,0.709294464963471,0.913852871685491,357.368,2021_kk_228,Kusko,2021,0.708548280701746,0.904687919340866,0.00646636425416447,691.830636777643,872.494638705453,1406.416,0.705570075866613,330.1148056262558,Core
342,179.208,0.709740885046771,0.869734727484164,358.416,2021_kk_228,Kusko,2021,0.708592759476049,0.911155955669532,0.00646803632866566,691.830636777643,872.494638705453,1406.416,0.705570075866613,330.1148056262558,Core
343,179.732,0.70855571123582,0.921645941417839,359.464,2021_kk_228,Kusko,2021,0.708572663631883,0.917708442945598,0.00655248727606683,691.830636777643,872.494638705453,1406.416,0.705570075866613,330.1148056262558,Core
344,180.256,0.70946184073502,0.926375326190685,360.512,2021_kk_228,Kusko,2021,0.708596386212853,0.923508182310908,0.0057997393653092,691.830636777643,872.494638705453,1406.416,0.705570075866613,330.1148056262558,Core
345,180.78,0.707665047215889,0.951926546529721,361.56,2021_kk_228,Kusko,2021,0.70860675355987,0.929580226204722,0.00607204389381422,691.830636777643,872.494638705453,1406.416,0.705570075866613,330.1148056262558,Core
346,181.304,0.707760632917218,0.973276954856861,362.608,2021_kk_228,Kusko,2021,0.708587029676369,0.935816111990686,0.00623588578596468,691.830636777643,872.494638705453,1406.416,0.705570075866613,330.1148056262558,Core
347,181.828,0.70825109132753294,0.997647189960418,363.656,2021_kk_228,Kusko,2021,0.70861755784519,0.941924224139184,0.0061081121484976,691.830636777643,872.494638705453,1406.416,0.705570075866613,330.1148056262558,Core
348,182.352,0.708421037048391,0.972406219791829,364.704,2021_kk_228,Kusko,2021,0.708604983232204,0.947490997500451,0.00556677336126687,691.830636777643,872.494638705453,1406.416,0.705570075866613,330.1148056262558,Core
349,182.876,0.708739963651999,0.999733670933451,365.752,2021_kk_228,Kusko,2021,0.708609268232637,0.952092953539731,0.00460195603927982,691.830636777643,872.494638705453,1406.416,0.705570075866613,330.1148056262558,Core
350,183.4,0.708066816515683,0.985298680880124,366.8,2021_kk_228,Kusko,2021,0.708617671293027,0.957080826434296,0.0049878728945657,691.830636777643,872.494638705453,1406.416,0.705570075866613,330.1148056262558,Core
351,183.924,0.709023033214215,1.01221306767564,367.848,2021_kk_228,Kusko,2021,0.708598649880804,0.961604037217384,0.00452321078308715,691.830636777643,872.494638705453,1406.416,0.705570075866613,330.1148056262558,Core
352,184.448,0.709102429886513,0.984101866912327,368.896,2021_kk_228,Kusko,2021,0.708615147766567,0.965995837400026,0.00439180018264196,691.830636777643,872.494638705453,1406.416,0.705570075866613,330.1148056262558,Core
353,184.972,0.708785405326535,0.942339580161035,369.944,2021_kk_228,Kusko,2021,0.708644473257301,0.969739400524665,0.00374356312463942,691.830636777643,872.494638705453,1406.416,0.705570075866613,330.1148056262558,Core
354,185.496,0.70859292018499,0.960759000493086,370.992,2021_kk_228,Kusko,2021,0.708626363057054,0.97294154365236,0.00320214312769485,691.830636777643,872.494638705453,1406.416,0.705570075866613,330.1148056262558,Core
355,186.02,0.707479591608313,0.959613046715684,372.04,2021_kk_228,Kusko,2021,0.708585712724732,0.976460555772248,0.00351901211988792,691.830636777643,872.494638705453,1406.416,0.705570075866613,330.1148056262558,Core
356,186.544,0.708370787567584,0.96295956610536,373.088,2021_kk_228,Kusko,2021,0.708543315777681,0.97906316588264,0.00260261011039209,691.830636777643,872.494638705453,1406.416,0.705570075866613,330.1148056262558,Core
357,187.068,0.709124882929713,1.01861817963527,374.136,2021_kk_228,Kusko,2021,0.708534655995088,0.980848352015049,0.00178518613240897,691.830636777643,872.494638705453,1406.416,0.705570075866613,330.1148056262558,Core
358,187.592,0.70783015142125,1.00443920251688,375.184,2021_kk_228,Kusko,2021,0.708559909490777,0.981752100713412,9.037486983634e-4,691.830636777643,872.494638705453,1406.416,0.705570075866613,330.1148056262558,Core
359,188.116,0.707071970843663,1.01646273282695,376.232,2021_kk_228,Kusko,2021,0.708563515415944,0.981030916057051,-7.2118465636128e-4,691.830636777643,872.494638705453,1406.416,0.705570075866613,330.1148056262558,Core
360,188.64,0.707501477749693,1.03729952242299,377.28,2021_kk_228,Kusko,2021,0.708583396003325,0.980127607903676,-9.0330815337447e-4,691.830636777643,872.494638705453,1406.416,0.705570075866613,330.1148056262558,Core
361,189.164,0.709198420998715,1.06514080752889,378.328,2021_kk_228,Kusko,2021,0.708598392181466,0.979368192602028,-7.5941530164891e-4,691.830636777643,872.494638705453,1406.416,0.705570075866613,330.1148056262558,Core
362,189.688,0.707382874262238,1.09304324009736,379.376,2021_kk_228,Kusko,2021,0.708612172589781,0.978485639213927,-8.8255338810094e-4,691.830636777643,872.494638705453,1406.416,0.705570075866613,330.1148056262558,Core
363,190.212,0.708373174934156,1.11649448763675,380.424,2021_kk_228,Kusko,2021,0.708601821271129,0.976615487378052,-0.0018701518358748,691.830636777643,872.494638705453,1406.416,0.705570075866613,330.1148056262558,Core
364,190.736,0.708835995359372,1.08858583318676,381.472,2021_kk_228,Kusko,2021,0.708620302542407,0.974352105689894,-0.00226338168815732,691.830636777643,872.494638705453,1406.416,0.705570075866613,330.1148056262558,Core
365,191.26,0.708833952706068,1.10528584813395,382.52,2021_kk_228,Kusko,2021,0.708617474276254,0.972338845483788,-0.0020132602061067,691.830636777643,872.494638705453,1406.416,0.705570075866613,330.1148056262558,Core
366,191.784,0.708487507068471,1.12719949802518,383.568,2021_kk_228,Kusko,2021,0.708631262596689,0.970524459116426,-0.00181438636736131,691.830636777643,872.494638705453,1406.416,0.705570075866613,330.1148056262558,Core
367,192.308,0.707710708183795,1.12286132283586,384.616,2021_kk_228,Kusko,2021,0.708649483563036,0.968332030545201,-0.00219242857122504,691.830636777643,872.494638705453,1406.416,0.705570075866613,330.1148056262558,Core
368,192.832,0.708730104667652,1.11438798134348,385.664,2021_kk_228,Kusko,2021,0.708660017539859,0.966098183083366,-0.00223384746183553,691.830636777643,872.494638705453,1406.416,0.705570075866613,330.1148056262558,Core
369,193.356,0.709649228502965,1.09864483535812,386.712,2021_kk_228,Kusko,2021,0.708654630251966,0.963974249370584,-0.00212393371278174,691.830636777643,872.494638705453,1406.416,0.705570075866613,330.1148056262558,Core
370,193.88,0.707678162607426,1.07127919416472,387.76,2021_kk_228,Kusko,2021,0.708642391575726,0.961447824210161,-0.00252642516042312,691.830636777643,872.494638705453,1406.416,0.705570075866613,330.1148056262558,Core
371,194.404,0.70896671233236,1.07646762428571,388.808,2021_kk_228,Kusko,2021,0.708623130474615,0.95858392984984,-0.00286389436032075,691.830636777643,872.494638705453,1406.416,0.705570075866613,330.1148056262558,Core
372,194.928,0.711355585935518,1.08555076957798,389.856,2021_kk_228,Kusko,2021,0.708584449982717,0.956404468485202,-0.00217946136463865,691.830636777643,872.494638705453,1406.416,0.705570075866613,330.1148056262558,Core
373,195.452,0.708670449398192,1.08862984045001,390.904,2021_kk_228,Kusko,2021,0.708600777771665,0.95315386702207,-0.00325060146313172,691.830636777643,872.494638705453,1406.416,0.705570075866613,330.1148056262558,Core
374,195.976,0.708918891403097,1.06111193454495,391.952,2021_kk_228,Kusko,2021,0.708587914187332,0.95008749078036,-0.00306637624170958,691.830636777643,872.494638705453,1406.416,0.705570075866613,330.1148056262558,Core
375,196.5,0.708963091405304,1.07163662354071,393,2021_kk_228,Kusko,2021,0.70859888248312,0.946504843884486,-0.00358264689587462,691.830636777643,872.494638705453,1406.416,0.705570075866613,330.1148056262558,Core
376,197.024,0.709192712098683,1.05810721350537,394.048,2021_kk_228,Kusko,2021,0.708597951608668,0.942459050432764,-0.00404579345172129,691.830636777643,872.494638705453,1406.416,0.705570075866613,330.1148056262558,Core
377,197.548,0.710223638159768,1.05684747919225,395.096,2021_kk_228,Kusko,2021,0.708604251399359,0.938167351716157,-0.00429169871660728,691.830636777643,872.494638705453,1406.416,0.705570075866613,330.1148056262558,Core
378,198.072,0.707844174881223,1.02880167614736,396.144,2021_kk_228,Kusko,2021,0.708619270475982,0.933897719516391,-0.00426963219976606,691.830636777643,872.494638705453,1406.416,0.705570075866613,330.1148056262558,Core
379,198.596,0.708219104978177,1.01575128052729,397.192,2021_kk_228,Kusko,2021,0.70863732784675,0.928797629470968,-0.00510009004542344,691.830636777643,872.494638705453,1406.416,0.705570075866613,330.1148056262558,Core
380,199.12,0.709785804275195,1.05249703471835,398.24,2021_kk_228,Kusko,2021,0.708645455522917,0.924334441240307,-0.00446318823066116,691.830636777643,872.494638705453,1406.416,0.705570075866613,330.1148056262558,Core
381,199.644,0.70754914343897,1.0320581360873,399.288,2021_kk_228,Kusko,2021,0.708637766300824,0.919182832618554,-0.00515160862175201,691.830636777643,872.494638705453,1406.416,0.705570075866613,330.1148056262558,Core
382,200.168,0.709055324510166,1.00672597483315,400.336,2021_kk_228,Kusko,2021,0.708612863995399,0.914146769321616,-0.00503606329693818,691.830636777643,872.494638705453,1406.416,0.705570075866613,330.1148056262558,Core
383,200.692,0.709621671131496,0.978754686897187,401.384,2021_kk_228,Kusko,2021,0.708622916302927,0.909722985363417,-0.00442378395819942,691.830636777643,872.494638705453,1406.416,0.705570075866613,330.1148056262558,Core
384,201.216,0.707834932259741,0.966992461728738,402.432,2021_kk_228,Kusko,2021,0.708611492676268,0.904782492312716,-0.00494049305070099,691.830636777643,872.494638705453,1406.416,0.705570075866613,330.1148056262558,Core
385,201.74,0.707845807791557,0.944433448864107,403.48,2021_kk_228,Kusko,2021,0.70862859534705,0.899936296070077,-0.00484619624263904,691.830636777643,872.494638705453,1406.416,0.705570075866613,330.1148056262558,Core
386,202.264,0.707975337143988,0.926852854713219,404.528,2021_kk_228,Kusko,2021,0.708608357997882,0.894992460485011,-0.00494383558506573,691.830636777643,872.494638705453,1406.416,0.705570075866613,330.1148056262558,Core
387,202.788,0.708810877925298,0.900080455344063,405.576,2021_kk_228,Kusko,2021,0.70859237624796,0.88906983998839,-0.00592262049662096,691.830636777643,872.494638705453,1406.416,0.705570075866613,330.1148056262558,Core
388,203.312,0.709926221124633,0.869594993047147,406.624,2021_kk_228,Kusko,2021,0.708608397551326,0.883266107378025,-0.00580373261036515,691.830636777643,872.494638705453,1406.416,0.705570075866613,330.1148056262558,Core
389,203.836,0.70911768647328,0.835429414473375,407.672,2021_kk_228,Kusko,2021,0.708609917836553,0.87731703857529,-0.00594906880273494,691.830636777643,872.494638705453,1406.416,0.705570075866613,330.1148056262558,Core
390,204.36,0.709688863012724,0.790249883305752,408.72,2021_kk_228,Kusko,2021,0.708643430102791,0.871563010178599,-0.00575402839669126,691.830636777643,872.494638705453,1406.416,0.705570075866613,330.1148056262558,Core
391,204.884,0.70840765203256,0.797163916886761,409.768,2021_kk_228,Kusko,2021,0.708637491357924,0.864684765750058,-0.00687824442854068,691.830636777643,872.494638705453,1406.416,0.705570075866613,330.1148056262558,Core
392,205.408,0.708709985891876,0.775896621506267,410.816,2021_kk_228,Kusko,2021,0.708653758879946,0.857771740833644,-0.00691302491641399,691.830636777643,872.494638705453,1406.416,0.705570075866613,330.1148056262558,Core
393,205.932,0.708130843236543,0.731974331248914,411.864,2021_kk_228,Kusko,2021,0.70865939436026,0.84996468610761,-0.00780705472603427,691.830636777643,872.494638705453,1406.416,0.705570075866613,330.1148056262558,Core
394,206.456,0.709732679954686,0.714327677426085,412.912,2021_kk_228,Kusko,2021,0.708641763693902,0.842468441489676,-0.00749624461793352,691.830636777643,872.494638705453,1406.416,0.705570075866613,330.1148056262558,Core
395,206.98,0.707782678618706,0.714985179673634,413.96,2021_kk_228,Kusko,2021,0.708641310105734,0.834852629109772,-0.00761581237990394,691.830636777643,872.494638705453,1406.416,0.705570075866613,330.1148056262558,Core
396,207.504,0.708498807956324,0.73360136309254,415.008,2021_kk_228,Kusko,2021,0.708629656568986,0.826777936812974,-0.00807469229679858,691.830636777643,872.494638705453,1406.416,0.705570075866613,330.1148056262558,Core
397,208.028,0.709993978588036,0.730646302550682,416.056,2021_kk_228,Kusko,2021,0.708649196252759,0.818799262265014,-0.0079786745479602,691.830636777643,872.494638705453,1406.416,0.705570075866613,330.1148056262558,Core
398,208.552,0.708308806585809,0.729133794060995,417.104,2021_kk_228,Kusko,2021,0.708605872390686,0.811288508320078,-0.0075107539449355,691.830636777643,872.494638705453,1406.416,0.705570075866613,330.1148056262558,Core
399,209.076,0.707438887579749,0.738169892585265,418.152,2021_kk_228,Kusko,2021,0.708589515463579,0.80409504965587,-0.00719345866420862,691.830636777643,872.494638705453,1406.416,0.705570075866613,330.1148056262558,Core
400,209.6,0.708252873738764,0.760769644287551,419.2,2021_kk_228,Kusko,2021,0.708602682617193,0.796841049811655,-0.00725399984421471,691.830636777643,872.494638705453,1406.416,0.705570075866613,330.1148056262558,Core
401,210.124,0.708138798896795,0.742019210066241,420.248,2021_kk_228,Kusko,2021,0.708566479876948,0.789634986463939,-0.00720606334771601,691.830636777643,872.494638705453,1406.416,0.705570075866613,330.1148056262558,Core
402,210.648,0.707420055532913,0.738967045605846,421.296,2021_kk_228,Kusko,2021,0.708523096876113,0.782108573952424,-0.00752641251151487,691.830636777643,872.494638705453,1406.416,0.705570075866613,330.1148056262558,Core
403,211.172,0.70953537857271,0.726609853629931,422.344,2021_kk_228,Kusko,2021,0.708516982335687,0.774664999840332,-0.00744357411209173,691.830636777643,872.494638705453,1406.416,0.705570075866613,330.1148056262558,Core
404,211.696,0.708690025675018,0.742392751688114,423.392,2021_kk_228,Kusko,2021,0.708501028753744,0.768593928066098,-0.00607107177423438,691.830636777643,872.494638705453,1406.416,0.705570075866613,330.1148056262558,Core
405,212.22,0.708323144963169,0.736967732777245,424.44,2021_kk_228,Kusko,2021,0.708491906468492,0.761813524438441,-0.0067804036276572,691.830636777643,872.494638705453,1406.416,0.705570075866613,330.1148056262558,Core
406,212.744,0.707704780450136,0.730529347753578,425.488,2021_kk_228,Kusko,2021,0.70847059487373,0.754931758458087,-0.0068817659803535,691.830636777643,872.494638705453,1406.416,0.705570075866613,330.1148056262558,Core
407,213.268,0.708629078768984,0.740145266963982,426.536,2021_kk_228,Kusko,2021,0.708444169774866,0.747805206370704,-0.00712655208738278,691.830636777643,872.494638705453,1406.416,0.705570075866613,330.1148056262558,Core
408,213.792,0.709322181645742,0.71622828780586,427.584,2021_kk_228,Kusko,2021,0.70844837892021,0.741199379529432,-0.00660582684127231,691.830636777643,872.494638705453,1406.416,0.705570075866613,330.1148056262558,Core
409,214.316,0.709823405898111,0.693728268208045,428.632,2021_kk_228,Kusko,2021,0.708418587237148,0.734779819442542,-0.00641956008689004,691.830636777643,872.494638705453,1406.416,0.705570075866613,330.1148056262558,Core
410,214.84,0.708554477085682,0.717507387040452,429.68,2021_kk_228,Kusko,2021,0.708434010066267,0.727517654154296,-0.00726216528824575,691.830636777643,872.494638705453,1406.416,0.705570075866613,330.1148056262558,Core
411,215.364,0.708561679888651,0.70311655037052,430.728,2021_kk_228,Kusko,2021,0.708473804468392,0.720835750613299,-0.00668190354099707,691.830636777643,872.494638705453,1406.416,0.705570075866613,330.1148056262558,Core
412,215.888,0.70760829156099,0.681938069096038,431.776,2021_kk_228,Kusko,2021,0.708484197863629,0.715221183384082,-0.00561456722921716,691.830636777643,872.494638705453,1406.416,0.705570075866613,330.1148056262558,Core
413,216.412,0.70938854377823,0.676912542669075,432.824,2021_kk_228,Kusko,2021,0.708474588497689,0.709527338651928,-0.00569384473215451,691.830636777643,872.494638705453,1406.416,0.705570075866613,330.1148056262558,Core
414,216.936,0.707907502585428,0.664329417451023,433.872,2021_kk_228,Kusko,2021,0.708502409393566,0.704034508623482,-0.00549283002844503,691.830636777643,872.494638705453,1406.416,0.705570075866613,330.1148056262558,Core
415,217.46,0.708505751855279,0.668841272157338,434.92,2021_kk_228,Kusko,2021,0.708513839473539,0.698621022534818,-0.0054134860886641,691.830636777643,872.494638705453,1406.416,0.705570075866613,330.1148056262558,Core
416,217.984,0.707156546617493,0.666329431001424,435.968,2021_kk_228,Kusko,2021,0.708532434302392,0.693606922486006,-0.0050141000488122,691.830636777643,872.494638705453,1406.416,0.705570075866613,330.1148056262558,Core
417,218.508,0.708165977934376,0.66326094983801,437.016,2021_kk_228,Kusko,2021,0.708486979334947,0.688835394457494,-0.00477152802851222,691.830636777643,872.494638705453,1406.416,0.705570075866613,330.1148056262558,Core
418,219.032,0.708791429623216,0.656215245894976,438.064,2021_kk_228,Kusko,2021,0.708482505782282,0.685018932473701,-0.0038164619837926,691.830636777643,872.494638705453,1406.416,0.705570075866613,330.1148056262558,Core
419,219.556,0.707163187957265,0.659518604662855,439.112,2021_kk_228,Kusko,2021,0.708460607743174,0.681734039539922,-0.00328489293377943,691.830636777643,872.494638705453,1406.416,0.705570075866613,330.1148056262558,Core
420,220.08,0.709512213724011,0.692057818621519,440.16,2021_kk_228,Kusko,2021,0.708427955168046,0.678778659383715,-0.002955380156207,691.830636777643,872.494638705453,1406.416,0.705570075866613,330.1148056262558,Core
421,220.604,0.708842096306667,0.652446141816447,441.208,2021_kk_228,Kusko,2021,0.708437418863856,0.675670505296622,-0.00310815408709275,691.830636777643,872.494638705453,1406.416,0.705570075866613,330.1148056262558,Core
422,221.128,0.708358925583553,0.678261745112517,442.256,2021_kk_228,Kusko,2021,0.708415754859699,0.672862586690248,-0.00280791860637464,691.830636777643,872.494638705453,1406.416,0.705570075866613,330.1148056262558,Core
423,221.652,0.708711303753014,0.648071204074704,443.304,2021_kk_228,Kusko,2021,0.708445066144304,0.670934417334821,-0.00192816935542617,691.830636777643,872.494638705453,1406.416,0.705570075866613,330.1148056262558,Core
424,222.176,0.707778155377866,0.63881115611074,444.352,2021_kk_228,Kusko,2021,0.708397222183394,0.669449527679311,-0.00148488965551064,691.830636777643,872.494638705453,1406.416,0.705570075866613,330.1148056262558,Core
425,222.7,0.708806737416018,0.648337105339718,445.4,2021_kk_228,Kusko,2021,0.708376354427511,0.667720116360022,-0.00172941131928905,691.830636777643,872.494638705453,1406.416,0.705570075866613,330.1148056262558,Core
426,223.224,0.707788294863615,0.642717960217259,446.448,2021_kk_228,Kusko,2021,0.708379693628619,0.665341127016176,-0.00237898934384595,691.830636777643,872.494638705453,1406.416,0.705570075866613,330.1148056262558,Core
427,223.748,0.708883089210155,0.64414084995825,447.496,2021_kk_228,Kusko,2021,0.70836050670831,0.66316717806016,-0.00217394895601553,691.830636777643,872.494638705453,1406.416,0.705570075866613,330.1148056262558,Core
428,224.272,0.706130672943241,0.663742744647351,448.544,2021_kk_228,Kusko,2021,0.708360423018786,0.66104544105785,-0.00212173700231011,691.830636777643,872.494638705453,1406.416,0.705570075866613,330.1148056262558,Core
429,224.796,0.708667812876565,0.667037315505609,449.592,2021_kk_228,Kusko,2021,0.708353795193217,0.658759452488457,-0.00228598856939355,691.830636777643,872.494638705453,1406.416,0.705570075866613,330.1148056262558,Core
430,225.32,0.708468191824289,0.636039203511838,450.64,2021_kk_228,Kusko,2021,0.708368893761442,0.655598415934289,-0.00316103655416755,691.830636777643,872.494638705453,1406.416,0.705570075866613,330.1148056262558,Core
431,225.844,0.706794547917667,0.644103823422749,451.688,2021_kk_228,Kusko,2021,0.70840725306523,0.652944555975646,-0.00265385995864309,691.830636777643,872.494638705453,1406.416,0.705570075866613,330.1148056262558,Core
432,226.368,0.708752605885427,0.633966018887091,452.736,2021_kk_228,Kusko,2021,0.708395018740063,0.65050103846317,-0.00244351751247596,691.830636777643,872.494638705453,1406.416,0.705570075866613,330.1148056262558,Core
433,226.892,0.708303576972624,0.642015393724504,453.784,2021_kk_228,Kusko,2021,0.708363663722839,0.648253618061847,-0.00224742040132309,691.830636777643,872.494638705453,1406.416,0.705570075866613,330.1148056262558,Core
434,227.416,0.707961676486499,0.696847628090891,454.832,2021_kk_228,Kusko,2021,0.708357473780795,0.646277016793535,-0.00197660126831145,691.830636777643,872.494638705453,1406.416,0.705570075866613,330.1148056262558,Core
435,227.94,0.708415754290172,0.664812405881279,455.88,2021_kk_228,Kusko,2021,0.708361362726143,0.643819203859731,-0.00245781293380476,691.830636777643,872.494638705453,1406.416,0.705570075866613,330.1148056262558,Core
436,228.464,0.707914016412966,0.645201254684169,456.928,2021_kk_228,Kusko,2021,0.708357678117153,0.64138959800837,-0.00242960585136043,691.830636777643,872.494638705453,1406.416,0.705570075866613,330.1148056262558,Core
437,228.988,0.70863813222794,0.629254353949283,457.976,2021_kk_228,Kusko,2021,0.708329664832672,0.638812754014811,-0.00257684399355906,691.830636777643,872.494638705453,1406.416,0.705570075866613,330.1148056262558,Core
438,229.512,0.708096723601815,0.63245206567103,459.024,2021_kk_228,Kusko,2021,0.708337504905838,0.636060552441765,-0.0027522015730459,691.830636777643,872.494638705453,1406.416,0.705570075866613,330.1148056262558,Core
439,230.036,0.706431603994487,0.630577675313884,460.072,2021_kk_228,Kusko,2021,0.708312599350823,0.634078534789314,-0.00198201765245121,691.830636777643,872.494638705453,1406.416,0.705570075866613,330.1148056262558,Core
440,230.56,0.710711174022338,0.616767117423602,461.12,2021_kk_228,Kusko,2021,0.708283808324827,0.631382190665219,-0.00269634412409525,691.830636777643,872.494638705453,1406.416,0.705570075866613,330.1148056262558,Core
441,231.084,0.709936807566487,0.631143923627479,462.168,2021_kk_228,Kusko,2021,0.708279360648199,0.629307072307809,-0.00207511835741014,691.830636777643,872.494638705453,1406.416,0.705570075866613,330.1148056262558,Core
442,231.608,0.70967892822436,0.669851941080118,463.216,2021_kk_228,Kusko,2021,0.708291061119295,0.627348932375126,-0.00195813993268268,691.830636777643,872.494638705453,1406.416,0.705570075866613,330.1148056262558,Core
443,232.132,0.709045109175083,0.637124002967917,464.264,2021_kk_228,Kusko,2021,0.708256952938578,0.625694520788464,-0.00165441158666202,691.830636777643,872.494638705453,1406.416,0.705570075866613,330.1148056262558,Core
444,232.656,0.709504186012372,0.637422660022032,465.312,2021_kk_228,Kusko,2021,0.708235548253324,0.624168114889358,-0.00152640589910569,691.830636777643,872.494638705453,1406.416,0.705570075866613,330.1148056262558,Core
445,233.18,0.708531612589915,0.619624283544264,466.36,2021_kk_228,Kusko,2021,0.708224746112484,0.622353963424097,-0.00181415146526132,691.830636777643,872.494638705453,1406.416,0.705570075866613,330.1148056262558,Core
446,233.704,0.709091026875206,0.62600685178448,467.408,2021_kk_228,Kusko,2021,0.708232824096582,0.620578811290038,-0.00177515213405877,691.830636777643,872.494638705453,1406.416,0.705570075866613,330.1148056262558,Core
447,234.228,0.706083579878572,0.613788773633337,468.456,2021_kk_228,Kusko,2021,0.70821964458901,0.618986415137734,-0.00159239615230455,691.830636777643,872.494638705453,1406.416,0.705570075866613,330.1148056262558,Core
448,234.752,0.709657807964762,0.640607274019588,469.504,2021_kk_228,Kusko,2021,0.708242189374435,0.617149365466754,-0.0018370496709792,691.830636777643,872.494638705453,1406.416,0.705570075866613,330.1148056262558,Core
449,235.276,0.707803804126784,0.638335838446611,470.552,2021_kk_228,Kusko,2021,0.708251759202799,0.615477369875791,-0.00167199559096332,691.830636777643,872.494638705453,1406.416,0.705570075866613,330.1148056262558,Core
450,235.8,0.707729708505049,0.612927073933335,471.6,2021_kk_228,Kusko,2021,0.708246531350941,0.613573588558267,-0.00190378131752433,691.830636777643,872.494638705453,1406.416,0.705570075866613,330.1148056262558,Core
451,236.324,0.70897547378117,0.610674671661194,472.648,2021_kk_228,Kusko,2021,0.708223928753718,0.61233775746258,-0.00123583109568726,691.830636777643,872.494638705453,1406.416,0.705570075866613,330.1148056262558,Core
452,236.848,0.707410145642413,0.607421505123791,473.696,2021_kk_228,Kusko,2021,0.708206170631659,0.610659020306704,-0.00167873715587596,691.830636777643,872.494638705453,1406.416,0.705570075866613,330.1148056262558,Core
453,237.372,0.709889520312861,0.616284169923339,474.744,2021_kk_228,Kusko,2021,0.708188050481724,0.609145925229994,-0.00151309507670949,691.830636777643,872.494638705453,1406.416,0.705570075866613,330.1148056262558,Core
454,237.896,0.706862042300077,0.625234298095449,475.792,2021_kk_228,Kusko,2021,0.708181395962785,0.607874102110919,-0.0012718231190747,691.830636777643,872.494638705453,1406.416,0.705570075866613,330.1148056262558,Core
455,238.42,0.706530613265748,0.611220500516292,476.84,2021_kk_228,Kusko,2021,0.70814318301088,0.606682547323153,-0.00119155478776656,691.830636777643,872.494638705453,1406.416,0.705570075866613,330.1148056262558,Core
456,238.944,0.708699160022819,0.590862002461786,477.888,2021_kk_228,Kusko,2021,0.708142119897432,0.605086302134239,-0.00159624518891344,691.830636777643,872.494638705453,1406.416,0.705570075866613,330.1148056262558,Core
457,239.468,0.708842763369493,0.600209365189748,478.936,2021_kk_228,Kusko,2021,0.708119485063637,0.603893629221416,-0.00119267291282299,691.830636777643,872.494638705453,1406.416,0.705570075866613,330.1148056262558,Core
458,239.992,0.70830378521435,0.601829573922389,479.984,2021_kk_228,Kusko,2021,0.708171874161899,0.602320378496429,-0.0015732507249876,691.830636777643,872.494638705453,1406.416,0.705570075866613,330.1148056262558,Core
459,240.516,0.707041218045611,0.601010578421646,481.032,2021_kk_228,Kusko,2021,0.708175372561079,0.600689788390801,-0.00163059010562749,691.830636777643,872.494638705453,1406.416,0.705570075866613,330.1148056262558,Core
460,241.04,0.709158787832288,0.571107451037499,482.08,2021_kk_228,Kusko,2021,0.708155442907017,0.59972125556352,-9.6853282728148e-4,691.830636777643,872.494638705453,1406.416,0.705570075866613,330.1148056262558,Core
461,241.564,0.710440357124031,0.58278761254766,483.128,2021_kk_228,Kusko,2021,0.70813841549074,0.598243393963436,-0.00147786160008434,691.830636777643,872.494638705453,1406.416,0.705570075866613,330.1148056262558,Core
462,242.088,0.706685996022916,0.592355994857285,484.176,2021_kk_228,Kusko,2021,0.708134086883115,0.597016024735769,-0.00122736922766697,691.830636777643,872.494638705453,1406.416,0.705570075866613,330.1148056262558,Core
463,242.612,0.707654077539266,0.591764629550547,485.224,2021_kk_228,Kusko,2021,0.70812063951193,0.595675014085579,-0.00134101065018921,691.830636777643,872.494638705453,1406.416,0.705570075866613,330.1148056262558,Core
464,243.136,0.708318629152352,0.623796675589435,486.272,2021_kk_228,Kusko,2021,0.708092922425228,0.593414913634236,-0.00226010045134306,691.830636777643,872.494638705453,1406.416,0.705570075866613,330.1148056262558,Core
465,243.66,0.708556481684093,0.589498956748956,487.32,2021_kk_228,Kusko,2021,0.708072338395069,0.592109464945494,-0.00130544868874183,691.830636777643,872.494638705453,1406.416,0.705570075866613,330.1148056262558,Core
466,244.184,0.707483703910703,0.584752996671954,488.368,2021_kk_228,Kusko,2021,0.708052887553841,0.590772680609693,-0.00133678433580153,691.830636777643,872.494638705453,1406.416,0.705570075866613,330.1148056262558,Core
467,244.708,0.706948281700114,0.585534627350437,489.416,2021_kk_228,Kusko,2021,0.708028236055845,0.589569451740368,-0.00120322886932522,691.830636777643,872.494638705453,1406.416,0.705570075866613,330.1148056262558,Core
468,245.232,0.709792586035742,0.551096193423106,490.464,2021_kk_228,Kusko,2021,0.708039963780448,0.588201777864638,-0.00136767387572978,691.830636777643,872.494638705453,1406.416,0.705570075866613,330.1148056262558,Core
469,245.756,0.708329072597186,0.574807209060974,491.512,2021_kk_228,Kusko,2021,0.70804533318968,0.587172002575192,-0.00102977528944559,691.830636777643,872.494638705453,1406.416,0.705570075866613,330.1148056262558,Core
470,246.28,0.706827015525904,0.555726739594732,492.56,2021_kk_228,Kusko,2021,0.708001511470663,0.586114220345105,-0.00105778223008712,691.830636777643,872.494638705453,1406.416,0.705570075866613,330.1148056262558,Core
471,246.804,0.70829481929098,0.578609448925913,493.608,2021_kk_228,Kusko,2021,0.707935912944346,0.585229960816793,-8.8425952831239e-4,691.830636777643,872.494638705453,1406.416,0.705570075866613,330.1148056262558,Core
472,247.328,0.708310319826782,0.564449673135077,494.656,2021_kk_228,Kusko,2021,0.707877694486666,0.58350426083608,-0.0017256999807127,691.830636777643,872.494638705453,1406.416,0.705570075866613,330.1148056262558,Core
473,247.852,0.707342052935197,0.577647847469351,495.704,2021_kk_228,Kusko,2021,0.707883977742917,0.582338515988915,-0.00116574484716547,691.830636777643,872.494638705453,1406.416,0.705570075866613,330.1148056262558,Core
474,248.376,0.706623221470197,0.572745063504688,496.752,2021_kk_228,Kusko,2021,0.707814272518295,0.581069743677814,-0.00126877231110045,691.830636777643,872.494638705453,1406.416,0.705570075866613,330.1148056262558,Core
475,248.9,0.70785762340485,0.559992184241662,497.8,2021_kk_228,Kusko,2021,0.707815834443448,0.580039440914269,-0.00103030276354499,691.830636777643,872.494638705453,1406.416,0.705570075866613,330.1148056262558,Core
476,249.424,0.707641225663402,0.559820302957895,498.848,2021_kk_228,Kusko,2021,0.707792989701899,0.578693182069163,-0.00134625884510631,691.830636777643,872.494638705453,1406.416,0.705570075866613,330.1148056262558,Core
477,249.948,0.707375207480074,0.567717180699735,499.896,2021_kk_228,Kusko,2021,0.707815574029568,0.577548730891331,-0.00114445117783157,691.830636777643,872.494638705453,1406.416,0.705570075866613,330.1148056262558,Core
478,250.472,0.71014411674871,0.545992265636225,500.944,2021_kk_228,Kusko,2021,0.707749191855826,0.575897902569195,-0.00165082832213626,691.830636777643,872.494638705453,1406.416,0.705570075866613,330.1148056262558,Core
479,250.996,0.707737377659082,0.559198869205064,501.992,2021_kk_228,Kusko,2021,0.707736450575571,0.574476369665549,-0.00142153290364566,691.830636777643,872.494638705453,1406.416,0.705570075866613,330.1148056262558,Core
480,251.52,0.709198542612525,0.577830939570053,503.04,2021_kk_228,Kusko,2021,0.707702293731591,0.573106963158209,-0.00136940650734052,691.830636777643,872.494638705453,1406.416,0.705570075866613,330.1148056262558,Core
481,252.044,0.707485940473316,0.578296276075212,504.088,2021_kk_228,Kusko,2021,0.707698483057319,0.571899805122512,-0.00120715803569649,691.830636777643,872.494638705453,1406.416,0.705570075866613,330.1148056262558,Core
482,252.568,0.707293438260012,0.577537515759958,505.136,2021_kk_228,Kusko,2021,0.707710720787578,0.570465627600659,-0.00143417752185371,691.830636777643,872.494638705453,1406.416,0.705570075866613,330.1148056262558,Core
483,253.092,0.707624094756904,0.557285499472136,506.184,2021_kk_228,Kusko,2021,0.707657466428344,0.568952138918072,-0.00151348868258716,691.830636777643,872.494638705453,1406.416,0.705570075866613,330.1148056262558,Core
484,253.616,0.707378884241537,0.562501768966256,507.232,2021_kk_228,Kusko,2021,0.707646576548381,0.56695301800631,-0.00199912091176169,691.830636777643,872.494638705453,1406.416,0.705570075866613,330.1148056262558,Core
485,254.14,0.706513960301686,0.576843818073725,508.28,2021_kk_228,Kusko,2021,0.707626812468913,0.565192623893359,-0.00176039411295115,691.830636777643,872.494638705453,1406.416,0.705570075866613,330.1148056262558,Core
486,254.664,0.707724508056763,0.546943248882455,509.328,2021_kk_228,Kusko,2021,0.707597424700677,0.563708442312785,-0.00148418158057373,691.830636777643,872.494638705453,1406.416,0.705570075866613,330.1148056262558,Core
487,255.188,0.707524999182408,0.572580475188874,510.376,2021_kk_228,Kusko,2021,0.707595619980673,0.562204790483716,-0.00150365182906942,691.830636777643,872.494638705453,1406.416,0.705570075866613,330.1148056262558,Core
488,255.712,0.709274018838985,0.569347701148088,511.424,2021_kk_228,Kusko,2021,0.707597542046723,0.560651737734205,-0.00155305274951056,691.830636777643,872.494638705453,1406.416,0.705570075866613,330.1148056262558,Core
489,256.236,0.708877716827395,0.569201909167966,512.472,2021_kk_228,Kusko,2021,0.70760243445585,0.558739769821151,-0.00191196791305437,691.830636777643,872.494638705453,1406.416,0.705570075866613,330.1148056262558,Core
490,256.76,0.707272412580554,0.577927233874944,513.52,2021_kk_228,Kusko,2021,0.707565685033595,0.557335984831724,-0.00140378498942684,691.830636777643,872.494638705453,1406.416,0.705570075866613,330.1148056262558,Core
491,257.284,0.70577290294104,0.555432127417686,514.568,2021_kk_228,Kusko,2021,0.707481894591155,0.55570218511272,-0.0016337997190039,691.830636777643,872.494638705453,1406.416,0.705570075866613,330.1148056262558,Core
492,257.808,0.708492889427894,0.56032386522707,515.616,2021_kk_228,Kusko,2021,0.707501617431942,0.553989944295451,-0.0017122408172684,691.830636777643,872.494638705453,1406.416,0.705570075866613,330.1148056262558,Core
493,258.332,0.707496734701576,0.561554754713155,516.664,2021_kk_228,Kusko,2021,0.707476683669143,0.552218869778056,-0.00177107451739522,691.830636777643,872.494638705453,1406.416,0.705570075866613,330.1148056262558,Core
494,258.856,0.706298651284388,0.56124160101031,517.712,2021_kk_228,Kusko,2021,0.70747290062504,0.549847752714723,-0.00237111706333293,691.830636777643,872.494638705453,1406.416,0.705570075866613,330.1148056262558,Core
495,259.38,0.707180712480594,0.586485484556765,518.76,2021_kk_228,Kusko,2021,0.707426226342652,0.547907895355421,-0.00193985735930224,691.830636777643,872.494638705453,1406.416,0.705570075866613,330.1148056262558,Core
496,259.904,0.706746965939278,0.564994194536081,519.808,2021_kk_228,Kusko,2021,0.707403179838926,0.546186146669499,-0.00172174868592223,691.830636777643,872.494638705453,1406.416,0.705570075866613,330.1148056262558,Core
497,260.428,0.707159042348204,0.557060621789769,520.856,2021_kk_228,Kusko,2021,0.707435653184691,0.544497597702827,-0.0016885489666717,691.830636777643,872.494638705453,1406.416,0.705570075866613,330.1148056262558,Core
498,260.952,0.708800387077966,0.550391633127236,521.904,2021_kk_228,Kusko,2021,0.707355120134078,0.543192183081127,-0.00130541462169975,691.830636777643,872.494638705453,1406.416,0.705570075866613,330.1148056262558,Core
499,261.476,0.706753768548463,0.568791157947151,522.952,2021_kk_228,Kusko,2021,0.707352668089997,0.541387647414644,-0.00180453566648364,691.830636777643,872.494638705453,1406.416,0.705570075866613,330.1148056262558,Core
500,262,0.708081870881309,0.55330018361837,524,2021_kk_228,Kusko,2021,0.707356289377245,0.539972215994396,-0.00141543142024769,691.830636777643,872.494638705453,1406.416,0.705570075866613,330.1148056262558,Core
501,262.524,0.70600089598743,0.578088351928739,525.048,2021_kk_228,Kusko,2021,0.707304016398531,0.538349223147279,-0.00162299284711664,691.830636777643,872.494638705453,1406.416,0.705570075866613,330.1148056262558,Core
502,263.048,0.706185820763583,0.566309942237361,526.096,2021_kk_228,Kusko,2021,0.707298117156382,0.53670167173577,-0.00164755141150963,691.830636777643,872.494638705453,1406.416,0.705570075866613,330.1148056262558,Core
503,263.572,0.709422104550163,0.56717931213799,527.144,2021_kk_228,Kusko,2021,0.707293138673992,0.534873470308895,-0.00182820142687445,691.830636777643,872.494638705453,1406.416,0.705570075866613,330.1148056262558,Core
504,264.096,0.705321872535007,0.561296321356003,528.192,2021_kk_228,Kusko,2021,0.707321129813639,0.533099103247779,-0.00177436706111589,691.830636777643,872.494638705453,1406.416,0.705570075866613,330.1148056262558,Core
505,264.62,0.708625328099089,0.557806117731559,529.24,2021_kk_228,Kusko,2021,0.707296551463721,0.53148945656189,-0.00160964668588914,691.830636777643,872.494638705453,1406.416,0.705570075866613,330.1148056262558,Core
506,265.144,0.707720342382287,0.545231321078104,530.288,2021_kk_228,Kusko,2021,0.707327001188881,0.529730450847264,-0.00175900571462673,691.830636777643,872.494638705453,1406.416,0.705570075866613,330.1148056262558,Core
507,265.668,0.707438639538682,0.54512170296344,531.336,2021_kk_228,Kusko,2021,0.707360066544763,0.528105686680264,-0.00162476416699986,691.830636777643,872.494638705453,1406.416,0.705570075866613,330.1148056262558,Core
508,266.192,0.705674877540267,0.541557574691413,532.384,2021_kk_228,Kusko,2021,0.707301419324016,0.526724150647589,-0.0013815360326751,691.830636777643,872.494638705453,1406.416,0.705570075866613,330.1148056262558,Core
509,266.716,0.707039327311494,0.553043864227876,533.432,2021_kk_228,Kusko,2021,0.707275732843218,0.525133026424167,-0.00159112422342156,691.830636777643,872.494638705453,1406.416,0.705570075866613,330.1148056262558,Core
510,267.24,0.705680297866237,0.530762683492899,534.48,2021_kk_228,Kusko,2021,0.707220926725347,0.523306334163239,-0.00182669226092769,691.830636777643,872.494638705453,1406.416,0.705570075866613,330.1148056262558,Core
511,267.764,0.708746833324843,0.538245189519405,535.528,2021_kk_228,Kusko,2021,0.707236839468615,0.521492199839959,-0.00181413432328026,691.830636777643,872.494638705453,1406.416,0.705570075866613,330.1148056262558,Core
512,268.288,0.708144409457954,0.521370853812574,536.576,2021_kk_228,Kusko,2021,0.707244206846663,0.519594058782441,-0.00189814105751784,691.830636777643,872.494638705453,1406.416,0.705570075866613,330.1148056262558,Core
513,268.812,0.706694258758865,0.525474848968111,537.624,2021_kk_228,Kusko,2021,0.707245917959711,0.517780803168932,-0.00181325561350897,691.830636777643,872.494638705453,1406.416,0.705570075866613,330.1148056262558,Core
514,269.336,0.706208649502238,0.50528704338975,538.672,2021_kk_228,Kusko,2021,0.707285760181217,0.51614452961975,-0.00163627354918205,691.830636777643,872.494638705453,1406.416,0.705570075866613,330.1148056262558,Core
515,269.86,0.705344768497684,0.505596853739223,539.72,2021_kk_228,Kusko,2021,0.70725495088312,0.514146119624719,-0.00199840999503087,691.830636777643,872.494638705453,1406.416,0.705570075866613,330.1148056262558,Core
516,270.384,0.706935893928665,0.501811107627354,540.768,2021_kk_228,Kusko,2021,0.707239994732884,0.512751424657097,-0.00139469496762212,691.830636777643,872.494638705453,1406.416,0.705570075866613,330.1148056262558,Core
517,270.908,0.708734480169266,0.509990255445586,541.816,2021_kk_228,Kusko,2021,0.707247574962138,0.510806566807409,-0.00194485784968812,691.830636777643,872.494638705453,1406.416,0.705570075866613,330.1148056262558,Core
518,271.432,0.708419109177317,0.508646408951756,542.864,2021_kk_228,Kusko,2021,0.707190509698371,0.508839287764229,-0.00196727904317995,691.830636777643,872.494638705453,1406.416,0.705570075866613,330.1148056262558,Core
519,271.956,0.707334762593245,0.486292503638383,543.912,2021_kk_228,Kusko,2021,0.707158635622948,0.507030027718842,-0.00180926004538728,691.830636777643,872.494638705453,1406.416,0.705570075866613,330.1148056262558,Core
520,272.48,0.706953822496985,0.486880351671889,544.96,2021_kk_228,Kusko,2021,0.707144926818595,0.505298505703282,-0.00173152201555959,691.830636777643,872.494638705453,1406.416,0.705570075866613,330.1148056262558,Core
521,273.004,0.70541293057762,0.484759629407428,546.008,2021_kk_228,Kusko,2021,0.707166017325485,0.504166574793956,-0.00113193090932606,691.830636777643,872.494638705453,1406.416,0.705570075866613,330.1148056262558,Core
522,273.528,0.707869366470183,0.489621545821177,547.056,2021_kk_228,Kusko,2021,0.707135569366613,0.502560989778924,-0.00160558501503183,691.830636777643,872.494638705453,1406.416,0.705570075866613,330.1148056262558,Core
523,274.052,0.706158051771325,0.485500158506839,548.104,2021_kk_228,Kusko,2021,0.70711658553595,0.500966319149995,-0.00159467062892971,691.830636777643,872.494638705453,1406.416,0.705570075866613,330.1148056262558,Core
524,274.576,0.708091646506148,0.481529651789456,549.152,2021_kk_228,Kusko,2021,0.707110047522831,0.499608322508533,-0.00135799664146197,691.830636777643,872.494638705453,1406.416,0.705570075866613,330.1148056262558,Core
525,275.1,0.705756024740798,0.473107515190827,550.2,2021_kk_228,Kusko,2021,0.707138977126791,0.497729666060374,-0.00187865644815871,691.830636777643,872.494638705453,1406.416,0.705570075866613,330.1148056262558,Core
526,275.624,0.706100913687185,0.481448075516623,551.248,2021_kk_228,Kusko,2021,0.707145964404477,0.496211986830893,-0.00151767922948054,691.830636777643,872.494638705453,1406.416,0.705570075866613,330.1148056262558,Core
527,276.148,0.708896682446014,0.484221689350133,552.296,2021_kk_228,Kusko,2021,0.707156574281766,0.4948840999048,-0.00132788692609387,691.830636777643,872.494638705453,1406.416,0.705570075866613,330.1148056262558,Core
528,276.672,0.704960602998935,0.472771316121123,553.344,2021_kk_228,Kusko,2021,0.7070916749477,0.493718452814604,-0.00116564709019584,691.830636777643,872.494638705453,1406.416,0.705570075866613,330.1148056262558,Core
529,277.196,0.708181949952345,0.466535069071957,554.392,2021_kk_228,Kusko,2021,0.707050999548903,0.492145777355824,-0.00157267545878009,691.830636777643,872.494638705453,1406.416,0.705570075866613,330.1148056262558,Core
530,277.72,0.707044292760755,0.470800854379865,555.44,2021_kk_228,Kusko,2021,0.707057667033748,0.490709197177741,-0.00143658017808279,691.830636777643,872.494638705453,1406.416,0.705570075866613,330.1148056262558,Core
531,278.244,0.705158440568134,0.48122987809892,556.488,2021_kk_228,Kusko,2021,0.707099655350314,0.488775060231433,-0.00193413694630745,691.830636777643,872.494638705453,1406.416,0.705570075866613,330.1148056262558,Core
532,278.768,0.70795636529785,0.465596588444496,557.536,2021_kk_228,Kusko,2021,0.707126499959107,0.487083349895095,-0.00169171033633836,691.830636777643,872.494638705453,1406.416,0.705570075866613,330.1148056262558,Core
533,279.292,0.707043343991798,0.467955761856888,558.584,2021_kk_228,Kusko,2021,0.707082539674085,0.485457985161228,-0.0016253647338666,691.830636777643,872.494638705453,1406.416,0.705570075866613,330.1148056262558,Core
534,279.816,0.70830268984901,0.466283039837734,559.632,2021_kk_228,Kusko,2021,0.707128463175024,0.483674767390188,-0.00178321777104024,691.830636777643,872.494638705453,1406.416,0.705570075866613,330.1148056262558,Core
535,280.34,0.706382922409799,0.463413383088314,560.68,2021_kk_228,Kusko,2021,0.707069350598075,0.482345541362059,-0.00132922602812879,691.830636777643,872.494638705453,1406.416,0.705570075866613,330.1148056262558,Core
536,280.864,0.709468209172969,0.454279960080292,561.728,2021_kk_228,Kusko,2021,0.707046978018179,0.48112712209388,-0.00121841926817984,691.830636777643,872.494638705453,1406.416,0.705570075866613,330.1148056262558,Core
537,281.388,0.709359128833008,0.470231330679744,562.776,2021_kk_228,Kusko,2021,0.707025585978408,0.47976451376961,-0.00136260832426988,691.830636777643,872.494638705453,1406.416,0.705570075866613,330.1148056262558,Core
538,281.912,0.706625283503937,0.463100103675722,563.824,2021_kk_228,Kusko,2021,0.707090085484737,0.478255797627038,-0.0015087161425722,691.830636777643,872.494638705453,1406.416,0.705570075866613,330.1148056262558,Core
539,282.436,0.706196188811171,0.46373141579977,564.872,2021_kk_228,Kusko,2021,0.707111892544205,0.476484443023212,-0.0017713546038256,691.830636777643,872.494638705453,1406.416,0.705570075866613,330.1148056262558,Core
540,282.96,0.705910175540239,0.468229403914389,565.92,2021_kk_228,Kusko,2021,0.707109968422637,0.475091535645777,-0.00139290737743442,691.830636777643,872.494638705453,1406.416,0.705570075866613,330.1148056262558,Core
541,283.484,0.70844070506941,0.469448216678397,566.968,2021_kk_228,Kusko,2021,0.70710422921318306,0.473694731134071,-0.00139680451170676,691.830636777643,872.494638705453,1406.416,0.705570075866613,330.1148056262558,Core
542,284.008,0.707735480942899,0.463649052308884,568.016,2021_kk_228,Kusko,2021,0.707118483813443,0.472529941776795,-0.00116478935727543,691.830636777643,872.494638705453,1406.416,0.705570075866613,330.1148056262558,Core
543,284.532,0.707726761539775,0.448490162661604,569.064,2021_kk_228,Kusko,2021,0.707169861864546,0.47123048968308,-0.00129945209371501,691.830636777643,872.494638705453,1406.416,0.705570075866613,330.1148056262558,Core
544,285.056,0.709769417531924,0.464325356015334,570.112,2021_kk_228,Kusko,2021,0.707190497128999,0.470306808659895,-9.2368102318546e-4,691.830636777643,872.494638705453,1406.416,0.705570075866613,330.1148056262558,Core
545,285.58,0.70466540241585,0.456939218371866,571.16,2021_kk_228,Kusko,2021,0.707183488202799,0.469680003383545,-6.2680527635e-4,691.830636777643,872.494638705453,1406.416,0.705570075866613,330.1148056262558,Core
546,286.104,0.706827139042611,0.463261550825132,572.208,2021_kk_228,Kusko,2021,0.707193486980683,0.468829894158523,-8.5010922502137e-4,691.830636777643,872.494638705453,1406.416,0.705570075866613,330.1148056262558,Core
547,286.628,0.707979812937654,0.455889004207581,573.256,2021_kk_228,Kusko,2021,0.707170099728133,0.468090145970645,-7.3974818787808e-4,691.830636777643,872.494638705453,1406.416,0.705570075866613,330.1148056262558,Core
548,287.152,0.705850103012931,0.451310958557297,574.304,2021_kk_228,Kusko,2021,0.707174153226154,0.467442297957214,-6.4784801343181e-4,691.830636777643,872.494638705453,1406.416,0.705570075866613,330.1148056262558,Core
549,287.676,0.706965272302042,0.460646306444727,575.352,2021_kk_228,Kusko,2021,0.707169367213432,0.467034674197742,-4.07623759472e-4,691.830636777643,872.494638705453,1406.416,0.705570075866613,330.1148056262558,Core
550,288.2,0.706449884319378,0.474035912941372,576.4,2021_kk_228,Kusko,2021,0.707191338281798,0.466774503378113,-2.6017081962842e-4,691.830636777643,872.494638705453,1406.416,0.705570075866613,330.1148056262558,Core
551,288.724,0.707038333354454,0.487516272858121,577.448,2021_kk_228,Kusko,2021,0.707237641541421,0.46614404029026,-6.3046308785302e-4,691.830636777643,872.494638705453,1406.416,0.705570075866613,330.1148056262558,Core
552,289.248,0.706666011895542,0.463988764325158,578.496,2021_kk_228,Kusko,2021,0.707227214882207,0.465689375341264,-4.5466494899637e-4,691.830636777643,872.494638705453,1406.416,0.705570075866613,330.1148056262558,Core
553,289.772,0.70635770486183,0.46587451697737,579.544,2021_kk_228,Kusko,2021,0.707233563872818,0.465071511686871,-6.1786365439237e-4,691.830636777643,872.494638705453,1406.416,0.705570075866613,330.1148056262558,Core
554,290.296,0.705906370497248,0.479761802522592,580.592,2021_kk_228,Kusko,2021,0.707191024322904,0.464554837300276,-5.1667438659547e-4,691.830636777643,872.494638705453,1406.416,0.705570075866613,330.1148056262558,Core
555,290.82,0.708916488718158,0.473766097667245,581.64,2021_kk_228,Kusko,2021,0.70727589427664,0.464134246539542,-4.2059076073386e-4,691.830636777643,872.494638705453,1406.416,0.705570075866613,330.1148056262558,Core
556,291.344,0.707166202600422,0.473933440767247,582.688,2021_kk_228,Kusko,2021,0.70731395699463,0.46372045856365,-4.137879758917e-4,691.830636777643,872.494638705453,1406.416,0.705570075866613,330.1148056262558,Core
557,291.868,0.707795634985602,0.477387406224136,583.736,2021_kk_228,Kusko,2021,0.70727160706077,0.463313568108029,-4.0689045562109e-4,691.830636777643,872.494638705453,1406.416,0.705570075866613,330.1148056262558,Core
558,292.392,0.704906427034,0.480452807715486,584.784,2021_kk_228,Kusko,2021,0.707322644153793,0.463065434781378,-2.4813332665107e-4,691.830636777643,872.494638705453,1406.416,0.705570075866613,330.1148056262558,Core
559,292.916,0.704313244620607,0.474430630420346,585.832,2021_kk_228,Kusko,2021,0.707295222234462,0.462970304190164,-9.51305912136879e-5,691.830636777643,872.494638705453,1406.416,0.705570075866613,330.1148056262558,Core
560,293.44,0.708481919972018,0.467105372933404,586.88,2021_kk_228,Kusko,2021,0.707290100757933,0.46300000685632,2.97026661550404e-5,691.830636777643,872.494638705453,1406.416,0.705570075866613,330.1148056262558,Core
561,293.964,0.708520194981433,0.462040135150291,587.928,2021_kk_228,Kusko,2021,0.70731292285526,0.462652517366726,-3.4748948959378e-4,691.830636777643,872.494638705453,1406.416,0.705570075866613,330.1148056262558,Core
562,294.488,0.707796497291128,0.464807322057058,588.976,2021_kk_228,Kusko,2021,0.707306109701259,0.462812845203759,1.6032783703345e-4,691.830636777643,872.494638705453,1406.416,0.705570075866613,330.1148056262558,Core
563,295.012,0.706784487448838,0.469657428105996,590.024,2021_kk_228,Kusko,2021,0.707293542851163,0.462954263796184,1.4141859242478e-4,691.830636777643,872.494638705453,1406.416,0.705570075866613,330.1148056262558,Core
564,295.536,0.708077282591364,0.45430325509359,591.072,2021_kk_228,Kusko,2021,0.707273757958319,0.463042186774761,8.79229785766267e-5,691.830636777643,872.494638705453,1406.416,0.705570075866613,330.1148056262558,Core
565,296.06,0.705078573482149,0.47805255604383,592.12,2021_kk_228,Kusko,2021,0.707289729581785,0.463329041439876,2.8685466511568e-4,691.830636777643,872.494638705453,1406.416,0.705570075866613,330.1148056262558,Core
566,296.584,0.706377987588531,0.472126164987313,593.168,2021_kk_228,Kusko,2021,0.707230350614254,0.463771789004202,4.4274756432566e-4,691.830636777643,872.494638705453,1406.416,0.705570075866613,330.1148056262558,Core
567,297.108,0.706155117152387,0.463365203507248,594.216,2021_kk_228,Kusko,2021,0.707179310691922,0.463987675063163,2.158860589615e-4,691.830636777643,872.494638705453,1406.416,0.705570075866613,330.1148056262558,Core
568,297.632,0.709544847920033,0.451034606137081,595.264,2021_kk_228,Kusko,2021,0.707214295774122,0.464288503230383,3.0082816721993e-4,691.830636777643,872.494638705453,1406.416,0.705570075866613,330.1148056262558,Core
569,298.156,0.708347750879545,0.446762587998337,596.312,2021_kk_228,Kusko,2021,0.707218600341357,0.464653838032622,3.6533480223832e-4,691.830636777643,872.494638705453,1406.416,0.705570075866613,330.1148056262558,Core
570,298.68,0.705564850572196,0.447188240846834,597.36,2021_kk_228,Kusko,2021,0.707245832955637,0.464542992283153,-1.1084574946845e-4,691.830636777643,872.494638705453,1406.416,0.705570075866613,330.1148056262558,Core
571,299.204,0.708402480757573,0.454436918816999,598.408,2021_kk_228,Kusko,2021,0.707249352076695,0.464507668837528,-3.53234456249019e-5,691.830636777643,872.494638705453,1406.416,0.705570075866613,330.1148056262558,Core
572,299.728,0.708999685473564,0.45148349237605,599.456,2021_kk_228,Kusko,2021,0.707238764235657,0.464565776192633,5.81073551045308e-5,691.830636777643,872.494638705453,1406.416,0.705570075866613,330.1148056262558,Core
573,300.252,0.709776941825022,0.447507723345208,600.504,2021_kk_228,Kusko,2021,0.707222621026288,0.465188472615848,6.2269642321527e-4,691.830636777643,872.494638705453,1406.416,0.705570075866613,330.1148056262558,Core
574,300.776,0.707446765369437,0.449866181998622,601.552,2021_kk_228,Kusko,2021,0.707162311461038,0.465791931794154,6.0345917830612e-4,691.830636777643,872.494638705453,1406.416,0.705570075866613,330.1148056262558,Core
575,301.3,0.70492423292569,0.467988537158222,602.6,2021_kk_228,Kusko,2021,0.707181609589019,0.466225029996828,4.3309820267395e-4,691.830636777643,872.494638705453,1406.416,0.705570075866613,330.1148056262558,Core
576,301.824,0.70753582060173,0.45080455412607,603.648,2021_kk_228,Kusko,2021,0.707159744803943,0.466633120945433,4.0809094860527e-4,691.830636777643,872.494638705453,1406.416,0.705570075866613,330.1148056262558,Core
577,302.348,0.707331245016275,0.4656053641729,604.696,2021_kk_228,Kusko,2021,0.707177396789336,0.466976058522193,3.4293757675985e-4,691.830636777643,872.494638705453,1406.416,0.705570075866613,330.1148056262558,Core
578,302.872,0.708662319058542,0.469775528145846,605.744,2021_kk_228,Kusko,2021,0.707213964818263,0.467514028136644,5.3796961445062e-4,691.830636777643,872.494638705453,1406.416,0.705570075866613,330.1148056262558,Core
579,303.396,0.707047601829943,0.461835078070064,606.792,2021_kk_228,Kusko,2021,0.707183656250982,0.467871813911752,3.5778577510831e-4,691.830636777643,872.494638705453,1406.416,0.705570075866613,330.1148056262558,Core
580,303.92,0.708272086598911,0.471270102494181,607.84,2021_kk_228,Kusko,2021,0.707158241810452,0.468166506904776,2.9469299302342e-4,691.830636777643,872.494638705453,1406.416,0.705570075866613,330.1148056262558,Core
581,304.444,0.708191126155009,0.446931844136247,608.888,2021_kk_228,Kusko,2021,0.707162444207059,0.468220975815283,5.44689105070884e-5,691.830636777643,872.494638705453,1406.416,0.705570075866613,330.1148056262558,Core
582,304.968,0.707243766917337,0.462341648881394,609.936,2021_kk_228,Kusko,2021,0.707143994965228,0.468818221805783,5.9724599050031e-4,691.830636777643,872.494638705453,1406.416,0.705570075866613,330.1148056262558,Core
583,305.492,0.706538991207975,0.448428339243297,610.984,2021_kk_228,Kusko,2021,0.707127828759383,0.469300298988626,4.8207718284243e-4,691.830636777643,872.494638705453,1406.416,0.705570075866613,330.1148056262558,Core
584,306.016,0.705539273511349,0.450529188593728,612.032,2021_kk_228,Kusko,2021,0.707200510227799,0.46937078990165,7.0490913024579e-5,691.830636777643,872.494638705453,1406.416,0.705570075866613,330.1148056262558,Core
585,306.54,0.710848221964961,0.447872069546795,613.08,2021_kk_228,Kusko,2021,0.707174507176621,0.46982168693449,4.5089703284029e-4,691.830636777643,872.494638705453,1406.416,0.705570075866613,330.1148056262558,Core
586,307.064,0.708384676766588,0.45662079696312,614.128,2021_kk_228,Kusko,2021,0.707204536622048,0.470222048484073,4.0036154958245e-4,691.830636777643,872.494638705453,1406.416,0.705570075866613,330.1148056262558,Core
587,307.588,0.706355686414415,0.459808262012868,615.176,2021_kk_228,Kusko,2021,0.70713915053478,0.470464997128728,2.4294864465551e-4,691.830636777643,872.494638705453,1406.416,0.705570075866613,330.1148056262558,Core
588,308.112,0.708022828580309,0.457883316522058,616.224,2021_kk_228,Kusko,2021,0.707173392065363,0.4708736843964,4.0868726767195e-4,691.830636777643,872.494638705453,1406.416,0.705570075866613,330.1148056262558,Core
589,308.636,0.706536634792481,0.460827233599138,617.272,2021_kk_228,Kusko,2021,0.707250528639373,0.471387621347659,5.1393695125873e-4,691.830636777643,872.494638705453,1406.416,0.705570075866613,330.1148056262558,Core
590,309.16,0.706737004169022,0.472583014349166,618.32,2021_kk_228,Kusko,2021,0.707211676437734,0.471839437977393,4.5181662973414e-4,691.830636777643,872.494638705453,1406.416,0.705570075866613,330.1148056262558,Core
591,309.684,0.706527766407762,0.460380508723292,619.368,2021_kk_228,Kusko,2021,0.707208030726308,0.472544233114176,7.0479513678262e-4,691.830636777643,872.494638705453,1406.416,0.705570075866613,330.1148056262558,Core
592,310.208,0.707547576057747,0.475216258666505,620.416,2021_kk_228,Kusko,2021,0.707219684701711,0.473070005749184,5.2577263500841e-4,691.830636777643,872.494638705453,1406.416,0.705570075866613,330.1148056262558,Core
593,310.732,0.706289332986067,0.476440877402372,621.464,2021_kk_228,Kusko,2021,0.707179620771035,0.473481959640973,4.1195389178844e-4,691.830636777643,872.494638705453,1406.416,0.705570075866613,330.1148056262558,Core
594,311.256,0.707115596278373,0.471558418552332,622.512,2021_kk_228,Kusko,2021,0.707201334328683,0.47432479027128,8.4283063030721e-4,691.830636777643,872.494638705453,1406.416,0.705570075866613,330.1148056262558,Core
595,311.78,0.707341219817755,0.480624662995257,623.56,2021_kk_228,Kusko,2021,0.707223415808741,0.474920637336983,5.9584706570325e-4,691.830636777643,872.494638705453,1406.416,0.705570075866613,330.1148056262558,Core
596,312.304,0.705905471121085,0.480844813939831,624.608,2021_kk_228,Kusko,2021,0.707220442694564,0.475700374056709,7.7973671972547e-4,691.830636777643,872.494638705453,1406.416,0.705570075866613,330.1148056262558,Core
597,312.828,0.70629673349312,0.483184494217436,625.656,2021_kk_228,Kusko,2021,0.707232807856384,0.476233560281606,5.3318622489745e-4,691.830636777643,872.494638705453,1406.416,0.705570075866613,330.1148056262558,Core
598,313.352,0.70872438843591,0.481149793708917,626.704,2021_kk_228,Kusko,2021,0.707165541380383,0.476997727481468,7.6416719986227e-4,691.830636777643,872.494638705453,1406.416,0.705570075866613,330.1148056262558,Core
599,313.876,0.70645446284528,0.485651503934071,627.752,2021_kk_228,Kusko,2021,0.707123918720904,0.477724952268318,7.2722478684961e-4,691.830636777643,872.494638705453,1406.416,0.705570075866613,330.1148056262558,Core
600,314.4,0.707544132397008,0.46157865894628203,628.8,2021_kk_228,Kusko,2021,0.707184343975766,0.478739575046441,0.00101462277812292,691.830636777643,872.494638705453,1406.416,0.705570075866613,330.1148056262558,Core
601,314.924,0.708651852332909,0.467328809940901,629.848,2021_kk_228,Kusko,2021,0.707111516379955,0.479550671234236,8.1109618779523e-4,691.830636777643,872.494638705453,1406.416,0.705570075866613,330.1148056262558,Core
602,315.448,0.70710021048063,0.467135493615156,630.896,2021_kk_228,Kusko,2021,0.70704211624559,0.480337082916386,7.8641168215004e-4,691.830636777643,872.494638705453,1406.416,0.705570075866613,330.1148056262558,Core
603,315.972,0.706758168977603,0.48585194805452,631.944,2021_kk_228,Kusko,2021,0.706967050799242,0.480999481848937,6.6239893255043e-4,691.830636777643,872.494638705453,1406.416,0.705570075866613,330.1148056262558,Core
604,316.496,0.706150843616945,0.5005329067137,632.992,2021_kk_228,Kusko,2021,0.706942886954922,0.481597192255634,5.9771040669703e-4,691.830636777643,872.494638705453,1406.416,0.705570075866613,330.1148056262558,Core
605,317.02,0.70582329009472,0.482925110532303,634.04,2021_kk_228,Kusko,2021,0.706971917357606,0.481977989823454,3.8079756782072e-4,691.830636777643,872.494638705453,1406.416,0.705570075866613,330.1148056262558,Core
606,317.544,0.705515251938033,0.487747007741449,635.088,2021_kk_228,Kusko,2021,0.706959443772556,0.482599467099332,6.2147727587769e-4,691.830636777643,872.494638705453,1406.416,0.705570075866613,330.1148056262558,Core
607,318.068,0.709038932061273,0.476465258813172,636.136,2021_kk_228,Kusko,2021,0.706880225780017,0.482907799184457,3.0833208512542e-4,691.830636777643,872.494638705453,1406.416,0.705570075866613,330.1148056262558,Core
608,318.592,0.708044184748556,0.483589135424337,637.184,2021_kk_228,Kusko,2021,0.70685924378252,0.48306221242076,1.5441323630238e-4,691.830636777643,872.494638705453,1406.416,0.705570075866613,330.1148056262558,Core
609,319.116,0.705146758265176,0.482113452951227,638.232,2021_kk_228,Kusko,2021,0.706819976141751,0.483220048775795,1.5783635503496e-4,691.830636777643,872.494638705453,1406.416,0.705570075866613,330.1148056262558,Core
610,319.64,0.704925017887561,0.491717492522773,639.28,2021_kk_228,Kusko,2021,0.70681813959845,0.483242062617598,2.20138418036142e-5,691.830636777643,872.494638705453,1406.416,0.705570075866613,330.1148056262558,Core
611,320.164,0.707290477150837,0.490784407488549,640.328,2021_kk_228,Kusko,2021,0.706772478686255,0.483598280586843,3.5621796924445e-4,691.830636777643,872.494638705453,1406.416,0.705570075866613,330.1148056262558,Core
612,320.688,0.70555905738571,0.499823523755176,641.376,2021_kk_228,Kusko,2021,0.706767562658362,0.483567865700061,-3.04148867820708e-5,691.830636777643,872.494638705453,1406.416,0.705570075866613,330.1148056262558,Core
613,321.212,0.705387732511122,0.494799147947918,642.424,2021_kk_228,Kusko,2021,0.706746097952205,0.4837954300857,2.275643856397e-4,691.830636777643,872.494638705453,1406.416,0.705570075866613,330.1148056262558,Core
614,321.736,0.710267258602203,0.483991257304066,643.472,2021_kk_228,Kusko,2021,0.70673997639166,0.484321525588727,5.2609550302623e-4,691.830636777643,872.494638705453,1406.416,0.705570075866613,330.1148056262558,Core
615,322.26,0.707356305647497,0.500819919637666,644.52,2021_kk_228,Kusko,2021,0.706691110747744,0.48455907201885,2.375464301228e-4,691.830636777643,872.494638705453,1406.416,0.705570075866613,330.1148056262558,Core
616,322.784,0.708967969326051,0.497955133742195,645.568,2021_kk_228,Kusko,2021,0.706664485491256,0.484886699484259,3.2762746540909e-4,691.830636777643,872.494638705453,1406.416,0.705570075866613,330.1148056262558,Core
617,323.308,0.703872469749511,0.491964324903465,646.616,2021_kk_228,Kusko,2021,0.706662263497771,0.485356053812833,4.6935432857475e-4,691.830636777643,872.494638705453,1406.416,0.705570075866613,330.1148056262558,Core
618,323.832,0.706960918868997,0.504974043775806,647.664,2021_kk_228,Kusko,2021,0.706629059077386,0.486050292371773,6.942385589394e-4,691.830636777643,872.494638705453,1406.416,0.705570075866613,330.1148056262558,Core
619,324.356,0.708941439061187,0.505266847495872,648.712,2021_kk_228,Kusko,2021,0.706584165535416,0.487103982051106,0.00105368967933328,691.830636777643,872.494638705453,1406.416,0.705570075866613,330.1148056262558,Core
620,324.88,0.70615078787366,0.494214370717453,649.76,2021_kk_228,Kusko,2021,0.706594936602967,0.487921867703146,8.1788565203988e-4,691.830636777643,872.494638705453,1406.416,0.705570075866613,330.1148056262558,Core
621,325.404,0.708301452295893,0.504327843357246,650.808,2021_kk_228,Kusko,2021,0.706573241898878,0.489106106826587,0.00118423912344101,691.830636777643,872.494638705453,1406.416,0.705570075866613,330.1148056262558,Core
622,325.928,0.708495735815328,0.496353680157566,651.856,2021_kk_228,Kusko,2021,0.706514844951577,0.490276769558007,0.00117066273141953,691.830636777643,872.494638705453,1406.416,0.705570075866613,330.1148056262558,Core
623,326.452,0.704380651608257,0.494374661613302,652.904,2021_kk_228,Kusko,2021,0.706497130111171,0.491331505989062,0.00105473643105503,691.830636777643,872.494638705453,1406.416,0.705570075866613,330.1148056262558,Core
624,326.976,0.709380096050269,0.504873092912022,653.952,2021_kk_228,Kusko,2021,0.706465418379781,0.492700702684763,0.00136919669570135,691.830636777643,872.494638705453,1406.416,0.705570075866613,330.1148056262558,Core
625,327.5,0.706403462285623,0.513803379986022,655,2021_kk_228,Kusko,2021,0.706441039351748,0.493962450181192,0.00126174749642871,691.830636777643,872.494638705453,1406.416,0.705570075866613,330.1148056262558,Core
626,328.024,0.706199600737904,0.518910368170842,656.048,2021_kk_228,Kusko,2021,0.706447757768535,0.495150802319435,0.00118835213824298,691.830636777643,872.494638705453,1406.416,0.705570075866613,330.1148056262558,Core
627,328.548,0.706897026861564,0.495356377001099,657.096,2021_kk_228,Kusko,2021,0.706429345684308,0.496056750848712,9.059485292775e-4,691.830636777643,872.494638705453,1406.416,0.705570075866613,330.1148056262558,Core
628,329.072,0.70550885936,0.496884638128815,658.144,2021_kk_228,Kusko,2021,0.706385167025767,0.497245449707763,0.00118869885905087,691.830636777643,872.494638705453,1406.416,0.705570075866613,330.1148056262558,Core
629,329.596,0.705850391310758,0.490396075209316,659.192,2021_kk_228,Kusko,2021,0.706384669721366,0.498181128256864,9.3567854910087e-4,691.830636777643,872.494638705453,1406.416,0.705570075866613,330.1148056262558,Core
630,330.12,0.709190365863956,0.50806560753421,660.24,2021_kk_228,Kusko,2021,0.706332126852615,0.499671534473159,0.0014904062162947,691.830636777643,872.494638705453,1406.416,0.705570075866613,330.1148056262558,Core
631,330.644,0.704032825008895,0.503102690084712,661.288,2021_kk_228,Kusko,2021,0.706267383116045,0.500981856793997,0.001310322320838,691.830636777643,872.494638705453,1406.416,0.705570075866613,330.1148056262558,Core
632,331.168,0.704835677411653,0.498668193305053,662.336,2021_kk_228,Kusko,2021,0.706242306867121,0.502440575909434,0.00145871911543749,691.830636777643,872.494638705453,1406.416,0.705570075866613,330.1148056262558,Core
633,331.692,0.705273015044157,0.487251659298233,663.384,2021_kk_228,Kusko,2021,0.706204522015982,0.503489998543124,0.00104942263368968,691.830636777643,872.494638705453,1406.416,0.705570075866613,330.1148056262558,Core
634,332.216,0.705996934710212,0.485728806400445,664.432,2021_kk_228,Kusko,2021,0.706157353283192,0.504505346888762,0.0010153483456381,691.830636777643,872.494638705453,1406.416,0.705570075866613,330.1148056262558,Core
635,332.74,0.706666057086726,0.490836391227466,665.48,2021_kk_228,Kusko,2021,0.706154680483879,0.505869187352487,0.00136384046372484,691.830636777643,872.494638705453,1406.416,0.705570075866613,330.1148056262558,Core
636,333.264,0.706787405498757,0.488093190678729,666.528,2021_kk_228,Kusko,2021,0.706140973643121,0.50743938265991,0.00157019530742308,691.830636777643,872.494638705453,1406.416,0.705570075866613,330.1148056262558,Core
637,333.788,0.702578165463911,0.484105289280428,667.576,2021_kk_228,Kusko,2021,0.706078402983692,0.508990712285135,0.00155132962522486,691.830636777643,872.494638705453,1406.416,0.705570075866613,330.1148056262558,Core
638,334.312,0.707403399208746,0.479040322323989,668.624,2021_kk_228,Kusko,2021,0.706040717814063,0.510243075773868,0.00125236348873303,691.830636777643,872.494638705453,1406.416,0.705570075866613,330.1148056262558,Core
639,334.836,0.704691543383823,0.471305259372161,669.672,2021_kk_228,Kusko,2021,0.706042273767273,0.512068713694314,0.00182563792044665,691.830636777643,872.494638705453,1406.416,0.705570075866613,330.1148056262558,Core
640,335.36,0.70816189400081,0.472590933002397,670.72,2021_kk_228,Kusko,2021,0.706056111258454,0.513388835089578,0.00132012139526339,691.830636777643,872.494638705453,1406.416,0.705570075866613,330.1148056262558,Core
641,335.884,0.705451471423345,0.468304922290916,671.768,2021_kk_228,Kusko,2021,0.706037007443743,0.515038049858694,0.00164921476911584,691.830636777643,872.494638705453,1406.416,0.705570075866613,330.1148056262558,Core
642,336.408,0.706948805243775,0.460516755674472,672.816,2021_kk_228,Kusko,2021,0.706017414662131,0.516282393107829,0.00124434324913592,691.830636777643,872.494638705453,1406.416,0.705570075866613,330.1148056262558,Core
643,336.932,0.705251108838521,0.462082202381681,673.864,2021_kk_228,Kusko,2021,0.705998910157528,0.517473220306371,0.00119082719854158,691.830636777643,872.494638705453,1406.416,0.705570075866613,330.1148056262558,Core
644,337.456,0.705171979878619,0.482094918775299,674.912,2021_kk_228,Kusko,2021,0.705933283690471,0.519120536095613,0.0016473157892416,691.830636777643,872.494638705453,1406.416,0.705570075866613,330.1148056262558,Core
645,337.98,0.707916283330051,0.462124855354162,675.96,2021_kk_228,Kusko,2021,0.705904993029676,0.52066834351084,0.00154780741522709,691.830636777643,872.494638705453,1406.416,0.705570075866613,330.1148056262558,Core
646,338.504,0.70678716137726,0.476278444887666,677.008,2021_kk_228,Kusko,2021,0.705830111514624,0.521918542827602,0.00125019931676185,691.830636777643,872.494638705453,1406.416,0.705570075866613,330.1148056262558,Core
647,339.028,0.70622236680536,0.48796952172735,678.056,2021_kk_228,Kusko,2021,0.705854906372494,0.523205800316917,0.00128725748931557,691.830636777643,872.494638705453,1406.416,0.705570075866613,330.1148056262558,Core
648,339.552,0.706030563357186,0.499537630058425,679.104,2021_kk_228,Kusko,2021,0.705876457335007,0.524044278349068,8.3847803215042e-4,691.830636777643,872.494638705453,1406.416,0.705570075866613,330.1148056262558,Core
649,340.076,0.703843022274281,0.524048614359133,680.152,2021_kk_228,Kusko,2021,0.705801612992192,0.525021835700987,9.7755735191995e-4,691.830636777643,872.494638705453,1406.416,0.705570075866613,330.1148056262558,Core
650,340.6,0.707383268222108,0.521656153471563,681.2,2021_kk_228,Kusko,2021,0.705795838744673,0.526441949171794,0.00142011347080673,691.830636777643,872.494638705453,1406.416,0.705570075866613,330.1148056262558,Core
651,341.124,0.705226084162389,0.531434856129752,682.248,2021_kk_228,Kusko,2021,0.705750278922758,0.527720792808816,0.0012788436370218,691.830636777643,872.494638705453,1406.416,0.705570075866613,330.1148056262558,Core
652,341.648,0.704043759219721,0.545456022551679,683.296,2021_kk_228,Kusko,2021,0.70573731711126,0.528686556072395,9.6576326357855e-4,691.830636777643,872.494638705453,1406.416,0.705570075866613,330.1148056262558,Core
653,342.172,0.705226442561665,0.539725063265672,684.344,2021_kk_228,Kusko,2021,0.705723526688818,0.530157015812971,0.00147045974057647,691.830636777643,872.494638705453,1406.416,0.705570075866613,330.1148056262558,Core
654,342.696,0.705212892394975,0.553710220294414,685.392,2021_kk_228,Kusko,2021,0.705654628113697,0.530722316599184,5.6530078621253e-4,691.830636777643,872.494638705453,1406.416,0.705570075866613,330.1148056262558,Core
655,343.22,0.705878478135796,0.556329512780981,686.44,2021_kk_228,Kusko,2021,0.705632565919136,0.53151292828332,7.9061168413663e-4,691.830636777643,872.494638705453,1406.416,0.705570075866613,330.1148056262558,Core
656,343.744,0.706308576128316,0.552145942234409,687.488,2021_kk_228,Kusko,2021,0.705629362686942,0.53202458082603,5.1165254270946e-4,691.830636777643,872.494638705453,1406.416,0.705570075866613,330.1148056262558,Core
657,344.268,0.705192008439481,0.537541405974086,688.536,2021_kk_228,Kusko,2021,0.705605650509426,0.532839412980775,8.1483215474575e-4,691.830636777643,872.494638705453,1406.416,0.705570075866613,330.1148056262558,Core
658,344.792,0.706073668923437,0.55247172525197,689.584,2021_kk_228,Kusko,2021,0.705608531174721,0.533722574136626,8.8316115585018e-4,691.830636777643,872.494638705453,1406.416,0.705570075866613,330.1148056262558,Core
659,345.316,0.706424624581224,0.541792216880125,690.632,2021_kk_228,Kusko,2021,0.705595484873124,0.534269522640585,5.4694850395897e-4,691.830636777643,872.494638705453,1406.416,0.705570075866613,330.1148056262558,Core
660,345.84,0.704391560271964,0.551003031923962,691.68,2021_kk_228,Kusko,2021,0.705556732770052,0.534970879513257,7.0135687267203e-4,691.830636777643,872.494638705453,1406.416,0.705570075866613,330.1148056262558,Fw
661,346.364,0.704767228138685,0.545948149191182,692.728,2021_kk_228,Kusko,2021,0.705560975573964,0.535833719635511,8.6284012225412e-4,691.830636777643,872.494638705453,1406.416,0.705570075866613,330.1148056262558,Fw
662,346.888,0.705595635545196,0.554658640541405,693.776,2021_kk_228,Kusko,2021,0.705552649240325,0.536393583039054,5.5986340354319e-4,691.830636777643,872.494638705453,1406.416,0.705570075866613,330.1148056262558,Fw
663,347.412,0.704491077909287,0.548817306075904,694.824,2021_kk_228,Kusko,2021,0.705588369968417,0.537189646679254,7.9606364019968e-4,691.830636777643,872.494638705453,1406.416,0.705570075866613,330.1148056262558,Fw
664,347.936,0.70332071964954,0.561453807451986,695.872,2021_kk_228,Kusko,2021,0.705596402661623,0.537691067489401,5.0142081014692e-4,691.830636777643,872.494638705453,1406.416,0.705570075866613,330.1148056262558,Fw
665,348.46,0.705662922135947,0.564755538355793,696.92,2021_kk_228,Kusko,2021,0.705554302747675,0.53822417510367,5.3310761426994e-4,691.830636777643,872.494638705453,1406.416,0.705570075866613,330.1148056262558,Fw
666,348.984,0.704692841492522,0.581958726186834,697.968,2021_kk_228,Kusko,2021,0.705543305852102,0.539332377688598,0.00110820258492705,691.830636777643,872.494638705453,1406.416,0.705570075866613,330.1148056262558,Fw
667,349.508,0.70528469249554,0.569545036326667,699.016,2021_kk_228,Kusko,2021,0.705582708258892,0.540072010414071,7.396327254735e-4,691.830636777643,872.494638705453,1406.416,0.705570075866613,330.1148056262558,Fw
668,350.032,0.705783074570821,0.558730944748312,700.064,2021_kk_228,Kusko,2021,0.70560042286382,0.54075177003084,6.7975961676858e-4,691.830636777643,872.494638705453,1406.416,0.705570075866613,330.1148056262558,Fw
669,350.556,0.705240115457771,0.591651728178031,701.112,2021_kk_228,Kusko,2021,0.705641255026651,0.541870051394956,0.00111828136411596,691.830636777643,872.494638705453,1406.416,0.705570075866613,330.1148056262558,Fw
670,351.08,0.705755267358442,0.570924776238573,702.16,2021_kk_228,Kusko,2021,0.705627888661786,0.542589436463444,7.1938506848823e-4,691.830636777643,872.494638705453,1406.416,0.705570075866613,330.1148056262558,Fw
671,351.604,0.706144248268141,0.589737293635503,703.208,2021_kk_228,Kusko,2021,0.705622642111862,0.543568360409378,9.7892394593368e-4,691.830636777643,872.494638705453,1406.416,0.705570075866613,330.1148056262558,Fw
672,352.128,0.704383490489028,0.574484118703327,704.256,2021_kk_228,Kusko,2021,0.705582188529875,0.544666782397996,0.0010984219886182,691.830636777643,872.494638705453,1406.416,0.705570075866613,330.1148056262558,Fw
673,352.652,0.704277462234929,0.566248779860414,705.304,2021_kk_228,Kusko,2021,0.705614403964662,0.545446976150815,7.8019375281934e-4,691.830636777643,872.494638705453,1406.416,0.705570075866613,330.1148056262558,Fw
674,353.176,0.706329670578774,0.582830204658559,706.352,2021_kk_228,Kusko,2021,0.705630021394035,0.545720584923289,2.7360877247351e-4,691.830636777643,872.494638705453,1406.416,0.705570075866613,330.1148056262558,Fw
675,353.7,0.705658865999831,0.593688364551294,707.4,2021_kk_228,Kusko,2021,0.705558837985071,0.546649253731743,9.2866880845454e-4,691.830636777643,872.494638705453,1406.416,0.705570075866613,330.1148056262558,Fw
676,354.224,0.704475078422917,0.572967092747902,708.448,2021_kk_228,Kusko,2021,0.705525461753695,0.547205100241831,5.5584651008755e-4,691.830636777643,872.494638705453,1406.416,0.705570075866613,330.1148056262558,Fw
677,354.748,0.705360161221689,0.569199774262398,709.496,2021_kk_228,Kusko,2021,0.705509336079926,0.54741447515294,2.093749111095e-4,691.830636777643,872.494638705453,1406.416,0.705570075866613,330.1148056262558,Fw
678,355.272,0.708253976619821,0.555282725704832,710.544,2021_kk_228,Kusko,2021,0.705467366757559,0.547449632729495,3.51575765545897e-5,691.830636777643,872.494638705453,1406.416,0.705570075866613,330.1148056262558,Fw
679,355.796,0.704450778492231,0.563920288611074,711.592,2021_kk_228,Kusko,2021,0.705501090257683,0.547037775619431,-4.1185711006397e-4,691.830636777643,872.494638705453,1406.416,0.705570075866613,330.1148056262558,Fw
680,356.32,0.705804333022549,0.579421178965854,712.64,2021_kk_228,Kusko,2021,0.705455312374432,0.546754469838991,-2.8330578044022e-4,691.830636777643,872.494638705453,1406.416,0.705570075866613,330.1148056262558,Fw
681,356.844,0.705567862981011,0.581058461578559,713.688,2021_kk_228,Kusko,2021,0.705468154064125,0.546356793285799,-3.9767655319145e-4,691.830636777643,872.494638705453,1406.416,0.705570075866613,330.1148056262558,Fw
682,357.368,0.707718027125434,0.554299475972277,714.736,2021_kk_228,Kusko,2021,0.705508457300262,0.545920075266112,-4.3671801968747e-4,691.830636777643,872.494638705453,1406.416,0.705570075866613,330.1148056262558,Fw
683,357.892,0.703553226261701,0.582602246047892,715.784,2021_kk_228,Kusko,2021,0.705545835202628,0.54559083048302,-3.2924478309159e-4,691.830636777643,872.494638705453,1406.416,0.705570075866613,330.1148056262558,Fw
684,358.416,0.705246181543014,0.53879114008477,716.832,2021_kk_228,Kusko,2021,0.70552323672956,0.544852923839994,-7.3790664302586e-4,691.830636777643,872.494638705453,1406.416,0.705570075866613,330.1148056262558,Fw
685,358.94,0.705079730612003,0.561240081034221,717.88,2021_kk_228,Kusko,2021,0.705552355195447,0.5438913931568,-9.6153068319371e-4,691.830636777643,872.494638705453,1406.416,0.705570075866613,330.1148056262558,Fw
686,359.464,0.70600740680624,0.549609520733415,718.928,2021_kk_228,Kusko,2021,0.705549738840588,0.54316721370433,-7.2417945247071e-4,691.830636777643,872.494638705453,1406.416,0.705570075866613,330.1148056262558,Fw
687,359.988,0.705474296210591,0.544246306285841,719.976,2021_kk_228,Kusko,2021,0.705574274052479,0.54271136201822,-4.5585168610984e-4,691.830636777643,872.494638705453,1406.416,0.705570075866613,330.1148056262558,Fw
688,360.512,0.705681699277725,0.549874307479831,721.024,2021_kk_228,Kusko,2021,0.705531945100902,0.542028247431832,-6.8311458638759e-4,691.830636777643,872.494638705453,1406.416,0.705570075866613,330.1148056262558,Fw
689,361.036,0.705067613214951,0.523212985446849,722.072,2021_kk_228,Kusko,2021,0.705519627241752,0.541280415084029,-7.4783234780284e-4,691.830636777643,872.494638705453,1406.416,0.705570075866613,330.1148056262558,Fw
690,361.56,0.706865239679635,0.550147019894536,723.12,2021_kk_228,Kusko,2021,0.705485086448904,0.540385377786544,-8.9503729748541e-4,691.830636777643,872.494638705453,1406.416,0.705570075866613,330.1148056262558,Fw
691,362.084,0.704287393243631,0.55487309741996,724.168,2021_kk_228,Kusko,2021,0.705451403688046,0.539788853021941,-5.9652476460281e-4,691.830636777643,872.494638705453,1406.416,0.705570075866613,330.1148056262558,Fw
692,362.608,0.704336097393287,0.532259997517642,725.216,2021_kk_228,Kusko,2021,0.705445785459727,0.539114491783834,-6.7436123810726e-4,691.830636777643,872.494638705453,1406.416,0.705570075866613,330.1148056262558,Fw
693,363.132,0.707416258729659,0.535015477710211,726.264,2021_kk_228,Kusko,2021,0.705431639281281,0.538584265237221,-5.3022654661294e-4,691.830636777643,872.494638705453,1406.416,0.705570075866613,330.1148056262558,Fw
694,363.656,0.706478896302558,0.51581405500926,727.312,2021_kk_228,Kusko,2021,0.705468115449094,0.537895967054071,-6.8829818315041e-4,691.830636777643,872.494638705453,1406.416,0.705570075866613,330.1148056262558,Fw
695,364.18,0.704140062249863,0.522822848083669,728.36,2021_kk_228,Kusko,2021,0.70546259356911,0.537444114318261,-4.5185273580938e-4,691.830636777643,872.494638705453,1406.416,0.705570075866613,330.1148056262558,Fw
696,364.704,0.706127591764376,0.55458534577435,729.408,2021_kk_228,Kusko,2021,0.705469774406136,0.536734258362829,-7.098559554326e-4,691.830636777643,872.494638705453,1406.416,0.705570075866613,330.1148056262558,Fw
697,365.228,0.704942309871311,0.52848325280883,730.456,2021_kk_228,Kusko,2021,0.705449835260224,0.536269273380738,-4.6498498209102e-4,691.830636777643,872.494638705453,1406.416,0.705570075866613,330.1148056262558,Fw
698,365.752,0.708466275504413,0.519825899330105,731.504,2021_kk_228,Kusko,2021,0.705443155773365,0.535670181428498,-5.990919522395e-4,691.830636777643,872.494638705453,1406.416,0.705570075866613,330.1148056262558,Fw
699,366.276,0.707141473153702,0.538402141219118,732.552,2021_kk_228,Kusko,2021,0.705442468930611,0.534894127412611,-7.7605401588687e-4,691.830636777643,872.494638705453,1406.416,0.705570075866613,330.1148056262558,Fw
700,366.8,0.707359912108932,0.515754037111685,733.6,2021_kk_228,Kusko,2021,0.705462579426133,0.534364713883653,-5.2941352895785e-4,691.830636777643,872.494638705453,1406.416,0.705570075866613,330.1148056262558,Fw
701,367.324,0.705136678427871,0.527040359046943,734.648,2021_kk_228,Kusko,2021,0.705449492960456,0.533328419464769,-0.0010362944188842,691.830636777643,872.494638705453,1406.416,0.705570075866613,330.1148056262558,Fw
702,367.848,0.704521590324583,0.52642207499156,735.696,2021_kk_228,Kusko,2021,0.705524736674055,0.533046136620579,-2.8228284419029e-4,691.830636777643,872.494638705453,1406.416,0.705570075866613,330.1148056262558,Fw
703,368.372,0.707184034925711,0.508893827550842,736.744,2021_kk_228,Kusko,2021,0.70554607611592,0.532491290158697,-5.548464618823e-4,691.830636777643,872.494638705453,1406.416,0.705570075866613,330.1148056262558,Fw
704,368.896,0.706109025641034,0.498511445123715,737.792,2021_kk_228,Kusko,2021,0.705529777327057,0.53188142438222,-6.098657764767e-4,691.830636777643,872.494638705453,1406.416,0.705570075866613,330.1148056262558,Fw
705,369.42,0.703645278792175,0.517844983861428,738.84,2021_kk_228,Kusko,2021,0.705539266827323,0.531154196584753,-7.2722779746636e-4,691.830636777643,872.494638705453,1406.416,0.705570075866613,330.1148056262558,Fw
706,369.944,0.704784587494742,0.509629235492921,739.888,2021_kk_228,Kusko,2021,0.705591798403706,0.530701191786594,-4.5300479815901e-4,691.830636777643,872.494638705453,1406.416,0.705570075866613,330.1148056262558,Fw
707,370.468,0.70525482637919,0.500532016393922,740.936,2021_kk_228,Kusko,2021,0.705638540020416,0.53018629621356,-5.1489557303474e-4,691.830636777643,872.494638705453,1406.416,0.705570075866613,330.1148056262558,Fw
708,370.992,0.703512404015144,0.501647084651704,741.984,2021_kk_228,Kusko,2021,0.705564520018659,0.529755169322448,-4.3112689111124e-4,691.830636777643,872.494638705453,1406.416,0.705570075866613,330.1148056262558,Fw
709,371.516,0.705866432281755,0.499337187755287,743.032,2021_kk_228,Kusko,2021,0.705610664447558,0.529131957838115,-6.2321148433308e-4,691.830636777643,872.494638705453,1406.416,0.705570075866613,330.1148056262558,Fw
710,372.04,0.70463659522706,0.50465780664515,744.08,2021_kk_228,Kusko,2021,0.705599478126605,0.528100691361067,-0.00103126647704865,691.830636777643,872.494638705453,1406.416,0.705570075866613,330.1148056262558,Fw
711,372.564,0.705996585543925,0.507574262938263,745.128,2021_kk_228,Kusko,2021,0.705578500827567,0.527572639400869,-5.28051960198e-4,691.830636777643,872.494638705453,1406.416,0.705570075866613,330.1148056262558,Fw
712,373.088,0.70646195338798,0.519252941370431,746.176,2021_kk_228,Kusko,2021,0.705562706131551,0.527061939209444,-5.1070019142429e-4,691.830636777643,872.494638705453,1406.416,0.705570075866613,330.1148056262558,Fw
713,373.612,0.707469116703611,0.519970376280176,747.224,2021_kk_228,Kusko,2021,0.705597878281254,0.525837188452166,-0.0012247507572789,691.830636777643,872.494638705453,1406.416,0.705570075866613,330.1148056262558,Fw
714,374.136,0.703856984010933,0.509435821712864,748.272,2021_kk_228,Kusko,2021,0.70559250443295,0.525864210010832,2.70215586661848e-5,691.830636777643,872.494638705453,1406.416,0.705570075866613,330.1148056262558,Fw
715,374.66,0.707625586088965,0.498637671789358,749.32,2021_kk_228,Kusko,2021,0.70560772953747,0.525283560177746,-5.8064983308536e-4,691.830636777643,872.494638705453,1406.416,0.705570075866613,330.1148056262558,Fw
716,375.184,0.706151594836798,0.508695175086168,750.368,2021_kk_228,Kusko,2021,0.705609254792375,0.524656992277655,-6.2656790009096e-4,691.830636777643,872.494638705453,1406.416,0.705570075866613,330.1148056262558,Fw
717,375.708,0.706664121152951,0.510190304807488,751.416,2021_kk_228,Kusko,2021,0.705600472686118,0.524093838624711,-5.6315365294445e-4,691.830636777643,872.494638705453,1406.416,0.705570075866613,330.1148056262558,Fw
718,376.232,0.703533931828778,0.511484850068723,752.464,2021_kk_228,Kusko,2021,0.705622100201682,0.523772818762295,-3.2101986241639e-4,691.830636777643,872.494638705453,1406.416,0.705570075866613,330.1148056262558,Fw
719,376.756,0.705685553032215,0.496922276011952,753.512,2021_kk_228,Kusko,2021,0.705651808113264,0.523638746341789,-1.3407242050544e-4,691.830636777643,872.494638705453,1406.416,0.705570075866613,330.1148056262558,Fw
720,377.28,0.702319112701131,0.497300794074839,754.56,2021_kk_228,Kusko,2021,0.705660407366732,0.522984653571356,-6.5409277043315e-4,691.830636777643,872.494638705453,1406.416,0.705570075866613,330.1148056262558,Fw
721,377.804,0.702746262487162,0.510156663315018,755.608,2021_kk_228,Kusko,2021,0.705682132408157,0.522232632707317,-7.5202086403858e-4,691.830636777643,872.494638705453,1406.416,0.705570075866613,330.1148056262558,Fw
722,378.328,0.705258541846088,0.514196966254967,756.656,2021_kk_228,Kusko,2021,0.70569195799178,0.521902000036835,-3.3063267048194e-4,691.830636777643,872.494638705453,1406.416,0.705570075866613,330.1148056262558,Fw
723,378.852,0.703642307202523,0.51700371327913,757.704,2021_kk_228,Kusko,2021,0.705698102095291,0.521365869588387,-5.3613044844846e-4,691.830636777643,872.494638705453,1406.416,0.705570075866613,330.1148056262558,Fw
724,379.376,0.705509289718319,0.520155916462955,758.752,2021_kk_228,Kusko,2021,0.705709177189956,0.521093834743684,-2.720348447025e-4,691.830636777643,872.494638705453,1406.416,0.705570075866613,330.1148056262558,Fw
725,379.9,0.70533160933693,0.537644374207235,759.8,2021_kk_228,Kusko,2021,0.705742228892177,0.520952679619833,-1.4115512385104e-4,691.830636777643,872.494638705453,1406.416,0.705570075866613,330.1148056262558,Fw
726,380.424,0.705123691714059,0.539367368860872,760.848,2021_kk_228,Kusko,2021,0.705691336729132,0.520930573442323,-2.21061775100839e-5,691.830636777643,872.494638705453,1406.416,0.705570075866613,330.1148056262558,Fw
727,380.948,0.704088343740806,0.54164593740121,761.896,2021_kk_228,Kusko,2021,0.70572116175418,0.521192536622087,2.6196317976412e-4,691.830636777643,872.494638705453,1406.416,0.705570075866613,330.1148056262558,Fw
728,381.472,0.705382305359294,0.522785427613936,762.944,2021_kk_228,Kusko,2021,0.705659453469185,0.521127812652648,-6.4723969439906e-5,691.830636777643,872.494638705453,1406.416,0.705570075866613,330.1148056262558,Fw
729,381.996,0.705198904892531,0.54508848722482,763.992,2021_kk_228,Kusko,2021,0.705617052414081,0.520234792877144,-8.9301977550393e-4,691.830636777643,872.494638705453,1406.416,0.705570075866613,330.1148056262558,Fw
730,382.52,0.706961897089755,0.539159964501108,765.04,2021_kk_228,Kusko,2021,0.705620299523254,0.519907711557271,-3.2708131987213e-4,691.830636777643,872.494638705453,1406.416,0.705570075866613,330.1148056262558,Fw
731,383.044,0.705359060327542,0.527559628502448,766.088,2021_kk_228,Kusko,2021,0.705625011381552,0.51959279034033,-3.1492121694143e-4,691.830636777643,872.494638705453,1406.416,0.705570075866613,330.1148056262558,Fw
732,383.568,0.708898113304979,0.557547148051914,767.136,2021_kk_228,Kusko,2021,0.70567408164089,0.519378230914732,-2.1455942559767e-4,691.830636777643,872.494638705453,1406.416,0.705570075866613,330.1148056262558,Fw
733,384.092,0.705557828746809,0.532957992147472,768.184,2021_kk_228,Kusko,2021,0.705635934800632,0.519430039257912,5.18083431794158e-5,691.830636777643,872.494638705453,1406.416,0.705570075866613,330.1148056262558,Fw
734,384.616,0.705351743246975,0.546238258069964,769.232,2021_kk_228,Kusko,2021,0.705609617385379,0.519857813151841,4.2777389392956e-4,691.830636777643,872.494638705453,1406.416,0.705570075866613,330.1148056262558,Fw
735,385.14,0.706228236015815,0.55005469670331,770.28,2021_kk_228,Kusko,2021,0.705634581604356,0.51993281587516,7.50027233182848e-5,691.830636777643,872.494638705453,1406.416,0.705570075866613,330.1148056262558,Fw
736,385.664,0.707626973005918,0.545786804858359,771.328,2021_kk_228,Kusko,2021,0.705646409446495,0.520318349101699,3.8553322653944e-4,691.830636777643,872.494638705453,1406.416,0.705570075866613,330.1148056262558,Fw
737,386.188,0.70816465822423,0.538306039880315,772.376,2021_kk_228,Kusko,2021,0.705651422241692,0.520474488207433,1.5613910573431e-4,691.830636777643,872.494638705453,1406.416,0.705570075866613,330.1148056262558,Fw
738,386.712,0.703812776514455,0.529415112238155,773.424,2021_kk_228,Kusko,2021,0.705699137439826,0.520528972538021,5.44843305876341e-5,691.830636777643,872.494638705453,1406.416,0.705570075866613,330.1148056262558,Fw
739,387.236,0.707219444226169,0.526527599551089,774.472,2021_kk_228,Kusko,2021,0.705698070687487,0.520639282267073,1.1030972905246e-4,691.830636777643,872.494638705453,1406.416,0.705570075866613,330.1148056262558,Fw
740,387.76,0.705133153765362,0.517545190342934,775.52,2021_kk_228,Kusko,2021,0.705702971672018,0.520725968663867,8.66863967933229e-5,691.830636777643,872.494638705453,1406.416,0.705570075866613,330.1148056262558,Fw
741,388.284,0.704309225038703,0.549375343966681,776.568,2021_kk_228,Kusko,2021,0.705686943473539,0.52071299971459994,-1.2968949267278e-5,691.830636777643,872.494638705453,1406.416,0.705570075866613,330.1148056262558,Fw
742,388.808,0.706770345364501,0.523657464486814,777.616,2021_kk_228,Kusko,2021,0.705656805945179,0.520393922299229,-3.1907741537085e-4,691.830636777643,872.494638705453,1406.416,0.705570075866613,330.1148056262558,Fw
743,389.332,0.705663555243852,0.50911720061116,778.664,2021_kk_228,Kusko,2021,0.705631230191973,0.52002835409476,-3.6556820446886e-4,691.830636777643,872.494638705453,1406.416,0.705570075866613,330.1148056262558,Fw
744,389.856,0.704923750644793,0.540412433604742,779.712,2021_kk_228,Kusko,2021,0.705627690840956,0.519806418404549,-2.2193569021034e-4,691.830636777643,872.494638705453,1406.416,0.705570075866613,330.1148056262558,Fw
745,390.38,0.705993236883205,0.526401091049102,780.76,2021_kk_228,Kusko,2021,0.705555724994636,0.519843353209079,3.69348045299311e-5,691.830636777643,872.494638705453,1406.416,0.705570075866613,330.1148056262558,Fw
746,390.904,0.706098922100563,0.512015446727955,781.808,2021_kk_228,Kusko,2021,0.70554751649865,0.519477821798712,-3.6553141036732e-4,691.830636777643,872.494638705453,1406.416,0.705570075866613,330.1148056262558,Fw
747,391.428,0.704947369835119,0.510457087109174,782.856,2021_kk_228,Kusko,2021,0.705533504589481,0.519608690002355,1.3086820364305e-4,691.830636777643,872.494638705453,1406.416,0.705570075866613,330.1148056262558,Fw
748,391.952,0.706979350211618,0.530613115734846,783.904,2021_kk_228,Kusko,2021,0.705586616466661,0.519526560354885,-8.21296474696753e-5,691.830636777643,872.494638705453,1406.416,0.705570075866613,330.1148056262558,Fw
749,392.476,0.706850087909844,0.515168640216521,784.952,2021_kk_228,Kusko,2021,0.705613237423317,0.519506792313687,-1.97680411980761e-5,691.830636777643,872.494638705453,1406.416,0.705570075866613,330.1148056262558,Fw
750,393,0.707381194887734,0.510901453668546,786,2021_kk_228,Kusko,2021,0.705647460301461,0.519813933319784,3.0714100609674e-4,691.830636777643,872.494638705453,1406.416,0.705570075866613,330.1148056262558,Fw
751,393.524,0.70559089572909806,0.509751845577648,787.048,2021_kk_228,Kusko,2021,0.70573758760883,0.519834703863525,2.07705437407224e-5,691.830636777643,872.494638705453,1406.416,0.705570075866613,330.1148056262558,Fw
752,394.048,0.704925632410711,0.51242203728872,788.096,2021_kk_228,Kusko,2021,0.705732555522564,0.519767836858026,-6.68670054987386e-5,691.830636777643,872.494638705453,1406.416,0.705570075866613,330.1148056262558,Fw
753,394.572,0.707784904940301,0.502847650803309,789.144,2021_kk_228,Kusko,2021,0.705727928666157,0.519770115031976,2.27817395015428e-6,691.830636777643,872.494638705453,1406.416,0.705570075866613,330.1148056262558,Fw
754,395.096,0.707143401982427,0.499491964327108,790.192,2021_kk_228,Kusko,2021,0.705711811744065,0.519647551127715,-1.2256390426157e-4,691.830636777643,872.494638705453,1406.416,0.705570075866613,330.1148056262558,Fw
755,395.62,0.706123164383109,0.51435354065261,791.24,2021_kk_228,Kusko,2021,0.705715762117373,0.519221803694387,-4.2574743332801e-4,691.830636777643,872.494638705453,1406.416,0.705570075866613,330.1148056262558,Fw
756,396.144,0.703074061981682,0.553258975123745,792.288,2021_kk_228,Kusko,2021,0.705718388905168,0.518998261138643,-2.2354255574341e-4,691.830636777643,872.494638705453,1406.416,0.705570075866613,330.1148056262558,Fw
757,396.668,0.706731811374212,0.544201043594672,793.336,2021_kk_228,Kusko,2021,0.705787424984382,0.518660338095129,-3.3792304351454e-4,691.830636777643,872.494638705453,1406.416,0.705570075866613,330.1148056262558,Fw
758,397.192,0.704763778404708,0.515942461163716,794.384,2021_kk_228,Kusko,2021,0.705806208489736,0.518663716138398,3.3780432688868e-6,691.830636777643,872.494638705453,1406.416,0.705570075866613,330.1148056262558,Fw
759,397.716,0.704597409847492,0.484820954688881,795.432,2021_kk_228,Kusko,2021,0.705799073113005,0.518291853788388,-3.7186235000907e-4,691.830636777643,872.494638705453,1406.416,0.705570075866613,330.1148056262558,Fw
760,398.24,0.707554738659271,0.496129157919362,796.48,2021_kk_228,Kusko,2021,0.705774073975481,0.518071158668573,-2.2069511981581e-4,691.830636777643,872.494638705453,1406.416,0.705570075866613,330.1148056262558,Fw
761,398.764,0.70541938992579,0.508145086030453,797.528,2021_kk_228,Kusko,2021,0.705785080665267,0.518111341474385,4.01828058121945e-5,691.830636777643,872.494638705453,1406.416,0.705570075866613,330.1148056262558,Fw
762,399.288,0.70746580588482,0.513548509455703,798.576,2021_kk_228,Kusko,2021,0.705734203788647,0.517520906102357,-5.9043537202785e-4,691.830636777643,872.494638705453,1406.416,0.705570075866613,330.1148056262558,Fw
763,399.812,0.704895224510258,0.512002328141606,799.624,2021_kk_228,Kusko,2021,0.70575204440237,0.517374890069429,-1.4601603292785e-4,691.830636777643,872.494638705453,1406.416,0.705570075866613,330.1148056262558,Fw
764,400.336,0.704529980725882,0.524177878759488,800.672,2021_kk_228,Kusko,2021,0.705722233848499,0.516688514121387,-6.8637594804188e-4,691.830636777643,872.494638705453,1406.416,0.705570075866613,330.1148056262558,Fw
765,400.86,0.705143131930774,0.522345147260523,801.72,2021_kk_228,Kusko,2021,0.705681859652413,0.515616892963676,-0.00107162115771087,691.830636777643,872.494638705453,1406.416,0.705570075866613,330.1148056262558,Fw
766,401.384,0.705494258023063,0.532761229085293,802.768,2021_kk_228,Kusko,2021,0.70563302657183,0.515093000255988,-5.2389270768848e-4,691.830636777643,872.494638705453,1406.416,0.705570075866613,330.1148056262558,Fw
767,401.908,0.70555559409102,0.509900362737979,803.816,2021_kk_228,Kusko,2021,0.705600110101798,0.514403073281943,-6.8992697404468e-4,691.830636777643,872.494638705453,1406.416,0.705570075866613,330.1148056262558,Fw
768,402.432,0.706375315903164,0.504916144486962,804.864,2021_kk_228,Kusko,2021,0.705604765031008,0.514004918993417,-3.9815428852618e-4,691.830636777643,872.494638705453,1406.416,0.705570075866613,330.1148056262558,Fw
769,402.956,0.705802427141421,0.50595577149843,805.912,2021_kk_228,Kusko,2021,0.705574890915493,0.513516508127819,-4.8841086559825e-4,691.830636777643,872.494638705453,1406.416,0.705570075866613,330.1148056262558,Fw
770,403.48,0.704930654298914,0.509858990452751,806.96,2021_kk_228,Kusko,2021,0.705556826952334,0.512924184657073,-5.9232347074533e-4,691.830636777643,872.494638705453,1406.416,0.705570075866613,330.1148056262558,Fw
771,404.004,0.705034893635219,0.506796125982229,808.008,2021_kk_228,Kusko,2021,0.705612241398208,0.512093872399589,-8.3031225748475e-4,691.830636777643,872.494638705453,1406.416,0.705570075866613,330.1148056262558,Fw
772,404.528,0.704653701686384,0.500108296448179,809.056,2021_kk_228,Kusko,2021,0.705605445740758,0.511679473771474,-4.1439862811443e-4,691.830636777643,872.494638705453,1406.416,0.705570075866613,330.1148056262558,Fw
773,405.052,0.705934571511259,0.498036284012039,810.104,2021_kk_228,Kusko,2021,0.705590644167689,0.511236272110807,-4.4320166066713e-4,691.830636777643,872.494638705453,1406.416,0.705570075866613,330.1148056262558,Fw
774,405.576,0.703644622949878,0.496119680300248,811.152,2021_kk_228,Kusko,2021,0.705604048405062,0.510091821405572,-0.00114445070523517,691.830636777643,872.494638705453,1406.416,0.705570075866613,330.1148056262558,Fw
775,406.1,0.703307635309762,0.500853760061155,812.2,2021_kk_228,Kusko,2021,0.705574498700897,0.509439463611914,-6.5235779365846e-4,691.830636777643,872.494638705453,1406.416,0.705570075866613,330.1148056262558,Fw
776,406.624,0.705659085077689,0.486763290464127,813.248,2021_kk_228,Kusko,2021,0.705562750944903,0.509152032205041,-2.8743140687248e-4,691.830636777643,872.494638705453,1406.416,0.705570075866613,330.1148056262558,Fw
777,407.148,0.705823406602786,0.518042397026072,814.296,2021_kk_228,Kusko,2021,0.705613701373685,0.508828343768006,-3.2368843703523e-4,691.830636777643,872.494638705453,1406.416,0.705570075866613,330.1148056262558,Fw
778,407.672,0.706720644459594,0.50655707122054106,815.344,2021_kk_228,Kusko,2021,0.705584236079434,0.508427756549531,-4.0058721847446e-4,691.830636777643,872.494638705453,1406.416,0.705570075866613,330.1148056262558,Fw
779,408.196,0.70728281043157,0.495736193540067,816.392,2021_kk_228,Kusko,2021,0.705592989026767,0.507840848392964,-5.8690815656725e-4,691.830636777643,872.494638705453,1406.416,0.705570075866613,330.1148056262558,Fw
780,408.72,0.704372485389756,0.515729254440643,817.44,2021_kk_228,Kusko,2021,0.705565437533399,0.507394668017614,-4.4618037535049e-4,691.830636777643,872.494638705453,1406.416,0.705570075866613,330.1148056262558,Fw
781,409.244,0.70815390092932,0.511402895939462,818.488,2021_kk_228,Kusko,2021,0.705585758066317,0.507145096430767,-2.4957158684613e-4,691.830636777643,872.494638705453,1406.416,0.705570075866613,330.1148056262558,Fw
782,409.768,0.704956616670099,0.510184945925044,819.536,2021_kk_228,Kusko,2021,0.70560146187373,0.506691639629933,-4.5345680083452e-4,691.830636777643,872.494638705453,1406.416,0.705570075866613,330.1148056262558,Fw
783,410.292,0.703364695818121,0.517140403716139,820.584,2021_kk_228,Kusko,2021,0.705545334189386,0.506279133201405,-4.1250642852741e-4,691.830636777643,872.494638705453,1406.416,0.705570075866613,330.1148056262558,Fw
784,410.816,0.704542274392774,0.51280208220726,821.632,2021_kk_228,Kusko,2021,0.705515839940465,0.505964746847739,-3.143863536662e-4,691.830636777643,872.494638705453,1406.416,0.705570075866613,330.1148056262558,Fw
785,411.34,0.705568631735454,0.512099528207551,822.68,2021_kk_228,Kusko,2021,0.70548558020667,0.505376428342918,-5.8831850482177e-4,691.830636777643,872.494638705453,1406.416,0.705570075866613,330.1148056262558,Fw
786,411.864,0.705281298981713,0.525954815516267,823.728,2021_kk_228,Kusko,2021,0.705552090174816,0.50428130670675,-0.00109512163616765,691.830636777643,872.494638705453,1406.416,0.705570075866613,330.1148056262558,Fw
787,412.388,0.708230508493661,0.521370554790341,824.776,2021_kk_228,Kusko,2021,0.705536031294813,0.503443725665486,-8.3758104126374e-4,691.830636777643,872.494638705453,1406.416,0.705570075866613,330.1148056262558,Fw
788,412.912,0.70650931568054,0.522988110210068,825.824,2021_kk_228,Kusko,2021,0.705566161305972,0.502769768888142,-6.7395677734427e-4,691.830636777643,872.494638705453,1406.416,0.705570075866613,330.1148056262558,Fw
789,413.436,0.704770782288675,0.522776746224272,826.872,2021_kk_228,Kusko,2021,0.70555503243139,0.502919742157771,1.4997326962895e-4,691.830636777643,872.494638705453,1406.416,0.705570075866613,330.1148056262558,Fw
790,413.96,0.705461948838321,0.525918257312158,827.92,2021_kk_228,Kusko,2021,0.705492722959361,0.502527106022865,-3.9263613490603e-4,691.830636777643,872.494638705453,1406.416,0.705570075866613,330.1148056262558,Fw
791,414.484,0.70601946171471,0.529970596851184,828.968,2021_kk_228,Kusko,2021,0.70549319823604,0.501836474861152,-6.9063116171308e-4,691.830636777643,872.494638705453,1406.416,0.705570075866613,330.1148056262558,Fw
792,415.008,0.70584550070779,0.522121025730235,830.016,2021_kk_228,Kusko,2021,0.705434302301979,0.501125390422362,-7.1108443878931e-4,691.830636777643,872.494638705453,1406.416,0.705570075866613,330.1148056262558,Fw
793,415.532,0.706628265570135,0.524197030171806,831.064,2021_kk_228,Kusko,2021,0.705486694061693,0.500096390201671,-0.00102900022069141,691.830636777643,872.494638705453,1406.416,0.705570075866613,330.1148056262558,Fw
794,416.056,0.703563110014756,0.505055701187454,832.112,2021_kk_228,Kusko,2021,0.705519431182055,0.498893523655238,-0.00120286654643309,691.830636777643,872.494638705453,1406.416,0.705570075866613,330.1148056262558,Fw
795,416.58,0.703805784250654,0.485757427240658,833.16,2021_kk_228,Kusko,2021,0.705514648474709,0.498136218724339,-7.5730493089892e-4,691.830636777643,872.494638705453,1406.416,0.705570075866613,330.1148056262558,Fw
796,417.104,0.70469698817093,0.514353242397046,834.208,2021_kk_228,Kusko,2021,0.705547272836961,0.497032434753442,-0.0011037839708965,691.830636777643,872.494638705453,1406.416,0.705570075866613,330.1148056262558,Fw
797,417.628,0.706189670022317,0.496910421437639,835.256,2021_kk_228,Kusko,2021,0.705559773542949,0.496423255377154,-6.0917937628812e-4,691.830636777643,872.494638705453,1406.416,0.705570075866613,330.1148056262558,Fw
798,418.152,0.704092072267071,0.505525854926585,836.304,2021_kk_228,Kusko,2021,0.705533690679039,0.49567101022563,-7.5224515152394e-4,691.830636777643,872.494638705453,1406.416,0.705570075866613,330.1148056262558,Fw
799,418.676,0.705426997295233,0.49722294761519,837.352,2021_kk_228,Kusko,2021,0.705541819924357,0.495216865147278,-4.5414507835239e-4,691.830636777643,872.494638705453,1406.416,0.705570075866613,330.1148056262558,Fw
800,419.2,0.704049315975859,0.482005782098213,838.4,2021_kk_228,Kusko,2021,0.705570064651756,0.494804523380028,-4.1234176724985e-4,691.830636777643,872.494638705453,1406.416,0.705570075866613,330.1148056262558,Fw
801,419.724,0.7076340917911,0.499556608517596,839.448,2021_kk_228,Kusko,2021,0.705553074039963,0.494071433284527,-7.3309009550121e-4,691.830636777643,872.494638705453,1406.416,0.705570075866613,330.1148056262558,Fw
802,420.248,0.706362605917532,0.498793546799948,840.496,2021_kk_228,Kusko,2021,0.70554742509613,0.493904465343243,-1.6696794128429e-4,691.830636777643,872.494638705453,1406.416,0.705570075866613,330.1148056262558,Fw
803,420.772,0.704775460859669,0.482525100971126,841.544,2021_kk_228,Kusko,2021,0.705513352769591,0.493304953119652,-5.9951222359028e-4,691.830636777643,872.494638705453,1406.416,0.705570075866613,330.1148056262558,Fw
804,421.296,0.705728004887206,0.471745391290636,842.592,2021_kk_228,Kusko,2021,0.705593641816785,0.49292740342019,-3.775496994624e-4,691.830636777643,872.494638705453,1406.416,0.705570075866613,330.1148056262558,Fw
805,421.82,0.704220254633304,0.487259623429596,843.64,2021_kk_228,Kusko,2021,0.705644474954613,0.492545584317546,-3.8181910264362e-4,691.830636777643,872.494638705453,1406.416,0.705570075866613,330.1148056262558,Fw
806,422.344,0.705394056740919,0.494769562315604,844.688,2021_kk_228,Kusko,2021,0.705662224317576,0.492199296120261,-3.4628819728577e-4,691.830636777643,872.494638705453,1406.416,0.705570075866613,330.1148056262558,Fw
807,422.868,0.708004395562043,0.491035780887059,845.736,2021_kk_228,Kusko,2021,0.705646712476601,0.49127840278702,-9.2089333324024e-4,691.830636777643,872.494638705453,1406.416,0.705570075866613,330.1148056262558,Fw
808,423.392,0.705211432556554,0.506577882626378,846.784,2021_kk_228,Kusko,2021,0.705656630524025,0.490541527781493,-7.3687500552738e-4,691.830636777643,872.494638705453,1406.416,0.705570075866613,330.1148056262558,Fw
809,423.916,0.707375264749842,0.479954150822482,847.832,2021_kk_228,Kusko,2021,0.705608468390599,0.490344968592766,-1.9655918872679e-4,691.830636777643,872.494638705453,1406.416,0.705570075866613,330.1148056262558,Fw
810,424.44,0.705728105285659,0.484130631147516,848.88,2021_kk_228,Kusko,2021,0.705655234358842,0.49000694505338,-3.3802353938589e-4,691.830636777643,872.494638705453,1406.416,0.705570075866613,330.1148056262558,Fw
811,424.964,0.706810127704157,0.494777550366882,849.928,2021_kk_228,Kusko,2021,0.705602767890555,0.489451297242551,-5.5564781082873e-4,691.830636777643,872.494638705453,1406.416,0.705570075866613,330.1148056262558,Fw
812,425.488,0.705867860855478,0.485214629238652,850.976,2021_kk_228,Kusko,2021,0.705610344991553,0.488746506965907,-7.0479027664488e-4,691.830636777643,872.494638705453,1406.416,0.705570075866613,330.1148056262558,Fw
813,426.012,0.70441724387969,0.47809726509166,852.024,2021_kk_228,Kusko,2021,0.705631631477133,0.487902001586887,-8.4450537901936e-4,691.830636777643,872.494638705453,1406.416,0.705570075866613,330.1148056262558,Fw
814,426.536,0.705373747047128,0.480628783107138,853.072,2021_kk_228,Kusko,2021,0.705642935239533,0.487271683252834,-6.303183340528e-4,691.830636777643,872.494638705453,1406.416,0.705570075866613,330.1148056262558,Fw
815,427.06,0.70430758035544,0.479054430363301,854.12,2021_kk_228,Kusko,2021,0.705630819482456,0.487086129596058,-1.855536567763e-4,691.830636777643,872.494638705453,1406.416,0.705570075866613,330.1148056262558,Fw
816,427.584,0.707064660070433,0.487551676953683,855.168,2021_kk_228,Kusko,2021,0.705636786756636,0.486325811018565,-7.6031857749292e-4,691.830636777643,872.494638705453,1406.416,0.705570075866613,330.1148056262558,Fw
817,428.108,0.705768278574047,0.49394618111885,856.216,2021_kk_228,Kusko,2021,0.705592136607461,0.485853975768476,-4.7183525008942e-4,691.830636777643,872.494638705453,1406.416,0.705570075866613,330.1148056262558,Fw
818,428.632,0.706571579074242,0.475505054523057,857.264,2021_kk_228,Kusko,2021,0.705547837357232,0.485249530971507,-6.0444479696891e-4,691.830636777643,872.494638705453,1406.416,0.705570075866613,330.1148056262558,Fw
819,429.156,0.70392967737259,0.493819350866624,858.312,2021_kk_228,Kusko,2021,0.70559124871351,0.484895397740662,-3.541332308446e-4,691.830636777643,872.494638705453,1406.416,0.705570075866613,330.1148056262558,Fw
820,429.68,0.703816170337482,0.472570989824998,859.36,2021_kk_228,Kusko,2021,0.705587159284527,0.484684496599726,-2.1090114093641e-4,691.830636777643,872.494638705453,1406.416,0.705570075866613,330.1148056262558,Fw
821,430.204,0.705447906526581,0.466707216327667,860.408,2021_kk_228,Kusko,2021,0.705564708563832,0.483889618638292,-7.9487796143351e-4,691.830636777643,872.494638705453,1406.416,0.705570075866613,330.1148056262558,Fw
822,430.728,0.703932049841149,0.470883443128342,861.456,2021_kk_228,Kusko,2021,0.705608334333867,0.483722171274523,-1.6744736376955e-4,691.830636777643,872.494638705453,1406.416,0.705570075866613,330.1148056262558,Fw
823,431.252,0.708038730093072,0.45026231490012403,862.504,2021_kk_228,Kusko,2021,0.705585593059156,0.483176284392758,-5.4588688176465e-4,691.830636777643,872.494638705453,1406.416,0.705570075866613,330.1148056262558,Fw
824,431.776,0.706494207947597,0.452005885973501,863.552,2021_kk_228,Kusko,2021,0.70560891124429,0.483119602638253,-5.66817545052389e-5,691.830636777643,872.494638705453,1406.416,0.705570075866613,330.1148056262558,Fw
825,432.3,0.704856169490021,0.47690685140659,864.6,2021_kk_228,Kusko,2021,0.70560579018546,0.483747850146506,6.2824750825307e-4,691.830636777643,872.494638705453,1406.416,0.705570075866613,330.1148056262558,Fw
826,432.824,0.707451719758189,0.466534190831505,865.648,2021_kk_228,Kusko,2021,0.705630778839851,0.483771241513534,2.33913670281694e-5,691.830636777643,872.494638705453,1406.416,0.705570075866613,330.1148056262558,Fw
827,433.348,0.706305636450307,0.47334960016069,866.696,2021_kk_228,Kusko,2021,0.705647270523944,0.484410609754856,6.3936824132182e-4,691.830636777643,872.494638705453,1406.416,0.705570075866613,330.1148056262558,Fw
828,433.872,0.704810344068577,0.459781435395525,867.744,2021_kk_228,Kusko,2021,0.705681106900975,0.484527462034,1.1685227914454e-4,691.830636777643,872.494638705453,1406.416,0.705570075866613,330.1148056262558,Fw
829,434.396,0.706290181860493,0.478707066797285,868.792,2021_kk_228,Kusko,2021,0.705683514901664,0.48494497835271,4.1751631870945e-4,691.830636777643,872.494638705453,1406.416,0.705570075866613,330.1148056262558,Fw
830,434.92,0.70662533794283,0.48511848441776,869.84,2021_kk_228,Kusko,2021,0.705706609687809,0.485657324661254,7.1234630854377e-4,691.830636777643,872.494638705453,1406.416,0.705570075866613,330.1148056262558,Fw
831,435.444,0.704015456927633,0.462810720252157,870.888,2021_kk_228,Kusko,2021,0.705629532055091,0.486308988491204,6.5166382994985e-4,691.830636777643,872.494638705453,1406.416,0.705570075866613,330.1148056262558,Fw
832,435.968,0.704314765056437,0.490090219971121,871.936,2021_kk_228,Kusko,2021,0.705600828543736,0.487141336929147,8.3234843794377e-4,691.830636777643,872.494638705453,1406.416,0.705570075866613,330.1148056262558,Fw
833,436.492,0.703890231918898,0.462065550596622,872.984,2021_kk_228,Kusko,2021,0.705625152788172,0.487952296068287,8.1095913913947e-4,691.830636777643,872.494638705453,1406.416,0.705570075866613,330.1148056262558,Fw
834,437.016,0.708461965781553,0.473466698332505,874.032,2021_kk_228,Kusko,2021,0.705633405925981,0.48905468758192,0.00110239151363362,691.830636777643,872.494638705453,1406.416,0.705570075866613,330.1148056262558,Fw
835,437.54,0.706357623579415,0.477944613902537,875.08,2021_kk_228,Kusko,2021,0.705672755850695,0.490180336835479,0.00112564925355885,691.830636777643,872.494638705453,1406.416,0.705570075866613,330.1148056262558,Fw
836,438.064,0.706724046855462,0.465985998626981,876.128,2021_kk_228,Kusko,2021,0.705674137707482,0.491446210866786,0.00126587403130707,691.830636777643,872.494638705453,1406.416,0.705570075866613,330.1148056262558,Fw
837,438.588,0.704892696144296,0.462788797031655,877.176,2021_kk_228,Kusko,2021,0.705625836766565,0.492691876304441,0.0012456654376542,691.830636777643,872.494638705453,1406.416,0.705570075866613,330.1148056262558,Fw
838,439.112,0.70731572730503,0.462344570888898,878.224,2021_kk_228,Kusko,2021,0.705637062118137,0.493748285398045,0.00105640909360466,691.830636777643,872.494638705453,1406.416,0.705570075866613,330.1148056262558,Fw
839,439.636,0.704393082426043,0.483942642216457,879.272,2021_kk_228,Kusko,2021,0.705606015577784,0.49504671390595,0.00129842850790529,691.830636777643,872.494638705453,1406.416,0.705570075866613,330.1148056262558,Fw
840,440.16,0.707178443484336,0.495447842077489,880.32,2021_kk_228,Kusko,2021,0.705602059755515,0.496388808625924,0.0013420947199736,691.830636777643,872.494638705453,1406.416,0.705570075866613,330.1148056262558,Fw
841,440.684,0.705005912832059,0.478064027289739,881.368,2021_kk_228,Kusko,2021,0.705555737170556,0.497754132676545,0.00136532405062056,691.830636777643,872.494638705453,1406.416,0.705570075866613,330.1148056262558,Fw
842,441.208,0.705411242729992,0.467897529326349,882.416,2021_kk_228,Kusko,2021,0.705540621392065,0.499255177719787,0.00150104504324278,691.830636777643,872.494638705453,1406.416,0.705570075866613,330.1148056262558,Fw
843,441.732,0.704641884952946,0.466470080974977,883.464,2021_kk_228,Kusko,2021,0.705528312914277,0.500764811725443,0.00150963400565529,691.830636777643,872.494638705453,1406.416,0.705570075866613,330.1148056262558,Fw
844,442.256,0.705220500136767,0.474982982164089,884.512,2021_kk_228,Kusko,2021,0.705531690127538,0.502717693448702,0.00195288172325947,691.830636777643,872.494638705453,1406.416,0.705570075866613,330.1148056262558,Fw
845,442.78,0.704841686310778,0.500966308800974,885.56,2021_kk_228,Kusko,2021,0.705525928122894,0.504496334428946,0.00177864098024372,691.830636777643,872.494638705453,1406.416,0.705570075866613,330.1148056262558,Fw
846,443.304,0.70563933543252,0.480335700866691,886.608,2021_kk_228,Kusko,2021,0.705498740342964,0.506279004888011,0.00178267045906477,691.830636777643,872.494638705453,1406.416,0.705570075866613,330.1148056262558,Fw
847,443.828,0.705551499543209,0.493060439784975,887.656,2021_kk_228,Kusko,2021,0.705506504268101,0.507755140556027,0.00147613566801674,691.830636777643,872.494638705453,1406.416,0.705570075866613,330.1148056262558,Fw
848,444.352,0.703851360666771,0.486721422391931,888.704,2021_kk_228,Kusko,2021,0.705472680895868,0.509638911636919,0.00188377108089155,691.830636777643,872.494638705453,1406.416,0.705570075866613,330.1148056262558,Fw
849,444.876,0.707375463665392,0.501528752373597,889.752,2021_kk_228,Kusko,2021,0.705477562754672,0.511105053610274,0.00146614197335493,691.830636777643,872.494638705453,1406.416,0.705570075866613,330.1148056262558,Fw
850,445.4,0.705216583099278,0.513264188855976,890.8,2021_kk_228,Kusko,2021,0.705488417775939,0.512938535135155,0.00183348152488116,691.830636777643,872.494638705453,1406.416,0.705570075866613,330.1148056262558,Fw
851,445.924,0.704672418473052,0.482277919165172,891.848,2021_kk_228,Kusko,2021,0.705519135221857,0.514910464675544,0.00197192954038938,691.830636777643,872.494638705453,1406.416,0.705570075866613,330.1148056262558,Fw
852,446.448,0.708463046909883,0.51207418390406,892.896,2021_kk_228,Kusko,2021,0.705547783421564,0.516813056064897,0.00190259138935234,691.830636777643,872.494638705453,1406.416,0.705570075866613,330.1148056262558,Fw
853,446.972,0.705263789087448,0.491443817265926,893.944,2021_kk_228,Kusko,2021,0.70548343672699,0.519019559008517,0.00220650294362024,691.830636777643,872.494638705453,1406.416,0.705570075866613,330.1148056262558,Fw
854,447.496,0.704962201122839,0.501654795917142,894.992,2021_kk_228,Kusko,2021,0.705478716584229,0.521536400911348,0.0025168419028313,691.830636777643,872.494638705453,1406.416,0.705570075866613,330.1148056262558,Fw
855,448.02,0.703618520720829,0.523452277735839,896.04,2021_kk_228,Kusko,2021,0.705485878882181,0.523616450205043,0.00208004929369443,691.830636777643,872.494638705453,1406.416,0.705570075866613,330.1148056262558,Fw
856,448.544,0.706196307434376,0.515756724418735,897.088,2021_kk_228,Kusko,2021,0.705485101252552,0.525861636387688,0.00224518618264558,691.830636777643,872.494638705453,1406.416,0.705570075866613,330.1148056262558,Fw
857,449.068,0.707179171067899,0.535272515916948,898.136,2021_kk_228,Kusko,2021,0.705469844320753,0.52781910556632206,0.00195746917863315,691.830636777643,872.494638705453,1406.416,0.705570075866613,330.1148056262558,Fw
858,449.592,0.70612225488894,0.51253699167526,899.184,2021_kk_228,Kusko,2021,0.705489446866804,0.529926166010587,0.00210706044426501,691.830636777643,872.494638705453,1406.416,0.705570075866613,330.1148056262558,Fw
859,450.116,0.705571477336599,0.522273926737757,900.232,2021_kk_228,Kusko,2021,0.70544474339983,0.532110209442162,0.00218404343157597,691.830636777643,872.494638705453,1406.416,0.705570075866613,330.1148056262558,Fw
860,450.64,0.70543500314456,0.524746560610837,901.28,2021_kk_228,Kusko,2021,0.705407964429231,0.533755787123733,0.00164557768157025,691.830636777643,872.494638705453,1406.416,0.705570075866613,330.1148056262558,Fw
861,451.164,0.703009433827995,0.538656438314587,902.328,2021_kk_228,Kusko,2021,0.705462974089564,0.536485217871027,0.00272943074729415,691.830636777643,872.494638705453,1406.416,0.705570075866613,330.1148056262558,Fw
862,451.688,0.704640395236232,0.548734453076576,903.376,2021_kk_228,Kusko,2021,0.70547489394054,0.538621773261337,0.00213655539030966,691.830636777643,872.494638705453,1406.416,0.705570075866613,330.1148056262558,Fw
863,452.212,0.706234915525845,0.531182649319491,904.424,2021_kk_228,Kusko,2021,0.70549524023773,0.540500638014021,0.00187886475268428,691.830636777643,872.494638705453,1406.416,0.705570075866613,330.1148056262558,Fw
864,452.736,0.706223193155738,0.537888882108653,905.472,2021_kk_228,Kusko,2021,0.705448076318387,0.542622205114222,0.00212156710020073,691.830636777643,872.494638705453,1406.416,0.705570075866613,330.1148056262558,Fw
865,453.26,0.706581250116162,0.554798578643129,906.52,2021_kk_228,Kusko,2021,0.705437622527618,0.544776727122508,0.00215452200828692,691.830636777643,872.494638705453,1406.416,0.705570075866613,330.1148056262558,Fw
866,453.784,0.705476968148121,0.570722004194027,907.568,2021_kk_228,Kusko,2021,0.705416278589862,0.546798065906971,0.00202133878446253,691.830636777643,872.494638705453,1406.416,0.705570075866613,330.1148056262558,Fw
867,454.308,0.70510633910704,0.56577570714631,908.616,2021_kk_228,Kusko,2021,0.705445824574134,0.549108112982483,0.00231004707551197,691.830636777643,872.494638705453,1406.416,0.705570075866613,330.1148056262558,Fw
868,454.832,0.705884953650861,0.569962428242658,909.664,2021_kk_228,Kusko,2021,0.705429477469871,0.551322295282748,0.00221418230026482,691.830636777643,872.494638705453,1406.416,0.705570075866613,330.1148056262558,Fw
869,455.356,0.705512472328676,0.557859861296799,910.712,2021_kk_228,Kusko,2021,0.70543950136116,0.553703311345309,0.0023810160625608,691.830636777643,872.494638705453,1406.416,0.705570075866613,330.1148056262558,Fw
870,455.88,0.705490755949483,0.564656314345932,911.76,2021_kk_228,Kusko,2021,0.705406666301306,0.55544870986137,0.00174539851606137,691.830636777643,872.494638705453,1406.416,0.705570075866613,330.1148056262558,Fw
871,456.404,0.704030772606609,0.576696993404115,912.808,2021_kk_228,Kusko,2021,0.705400808042391,0.557406754232971,0.00195804437160085,691.830636777643,872.494638705453,1406.416,0.705570075866613,330.1148056262558,Fw
872,456.928,0.704960914146038,0.57527733183322,913.856,2021_kk_228,Kusko,2021,0.705412641426303,0.559316528629483,0.00190977439651252,691.830636777643,872.494638705453,1406.416,0.705570075866613,330.1148056262558,Fw
873,457.452,0.70367873521241,0.568675305430974,914.904,2021_kk_228,Kusko,2021,0.705465682549848,0.561409247829929,0.00209271920044574,691.830636777643,872.494638705453,1406.416,0.705570075866613,330.1148056262558,Fw
874,457.976,0.705576379842771,0.597801686502708,915.952,2021_kk_228,Kusko,2021,0.705475476107562,0.563729068298417,0.00231982046848811,691.830636777643,872.494638705453,1406.416,0.705570075866613,330.1148056262558,Fw
875,458.5,0.703961860076813,0.585772889177927,917,2021_kk_228,Kusko,2021,0.705496181906108,0.565314867676584,0.00158579937816683,691.830636777643,872.494638705453,1406.416,0.705570075866613,330.1148056262558,Fw
876,459.024,0.705433393274667,0.594511904497568,918.048,2021_kk_228,Kusko,2021,0.705472167736946,0.567224434428013,0.00190956675142917,691.830636777643,872.494638705453,1406.416,0.705570075866613,330.1148056262558,Fw
877,459.548,0.706234114082244,0.582514321199856,919.096,2021_kk_228,Kusko,2021,0.705454981382204,0.569355993403599,0.00213155897558603,691.830636777643,872.494638705453,1406.416,0.705570075866613,330.1148056262558,Fw
878,460.072,0.704542176740269,0.588531319376549,920.144,2021_kk_228,Kusko,2021,0.705501107900314,0.57130376654162,0.00194777313802086,691.830636777643,872.494638705453,1406.416,0.705570075866613,330.1148056262558,Fw
879,460.596,0.704222588900807,0.581787869267916,921.192,2021_kk_228,Kusko,2021,0.70548582121951,0.572744601107807,0.0014408345661866,691.830636777643,872.494638705453,1406.416,0.705570075866613,330.1148056262558,Fw
880,461.12,0.704467471613516,0.582579881317866,922.24,2021_kk_228,Kusko,2021,0.705481508097344,0.573784667340773,0.00104006623296637,691.830636777643,872.494638705453,1406.416,0.705570075866613,330.1148056262558,Fw
881,461.644,0.707290953281648,0.585022988751032,923.288,2021_kk_228,Kusko,2021,0.705479665254839,0.575453390084676,0.00166872274390328,691.830636777643,872.494638705453,1406.416,0.705570075866613,330.1148056262558,Fw
882,462.168,0.70565094182356,0.585038926489478,924.336,2021_kk_228,Kusko,2021,0.705415626411886,0.577109694342776,0.00165630425809926,691.830636777643,872.494638705453,1406.416,0.705570075866613,330.1148056262558,Fw
883,462.692,0.704177928418614,0.582652491517343,925.384,2021_kk_228,Kusko,2021,0.705412767760936,0.578947548325465,0.00183785398268921,691.830636777643,872.494638705453,1406.416,0.705570075866613,330.1148056262558,Fw
884,463.216,0.706210999381977,0.603016400143375,926.432,2021_kk_228,Kusko,2021,0.705415245248263,0.580683214882008,0.001735666556543,691.830636777643,872.494638705453,1406.416,0.705570075866613,330.1148056262558,Fw
885,463.74,0.705285907367102,0.601709809028255,927.48,2021_kk_228,Kusko,2021,0.70544116243332,0.581922032699845,0.00123881781783675,691.830636777643,872.494638705453,1406.416,0.705570075866613,330.1148056262558,Fw
886,464.264,0.707405061980486,0.60124536179024,928.528,2021_kk_228,Kusko,2021,0.70543276925308,0.583118112139072,0.00119607943922784,691.830636777643,872.494638705453,1406.416,0.705570075866613,330.1148056262558,Fw
887,464.788,0.705390220542358,0.590797750878684,929.576,2021_kk_228,Kusko,2021,0.705408470028973,0.583979564236752,8.6145209767951e-4,691.830636777643,872.494638705453,1406.416,0.705570075866613,330.1148056262558,Fw
888,465.312,0.705986496831633,0.586205062051426,930.624,2021_kk_228,Kusko,2021,0.705376610245216,0.58504450885458,0.00106494461782858,691.830636777643,872.494638705453,1406.416,0.705570075866613,330.1148056262558,Fw
889,465.836,0.703607973842068,0.609749672691843,931.672,2021_kk_228,Kusko,2021,0.705380871755589,0.58607192297067,0.00102741411608898,691.830636777643,872.494638705453,1406.416,0.705570075866613,330.1148056262558,Fw
890,466.36,0.704418599706858,0.583853145311978,932.72,2021_kk_228,Kusko,2021,0.705419766087558,0.587117926137491,0.00104600316682146,691.830636777643,872.494638705453,1406.416,0.705570075866613,330.1148056262558,Fw
891,466.884,0.707316036547627,0.626576565089804,933.768,2021_kk_228,Kusko,2021,0.705514003143484,0.587502590456425,3.8466431893358e-4,691.830636777643,872.494638705453,1406.416,0.705570075866613,330.1148056262558,Fw
892,467.408,0.705029956115009,0.618283543389699,934.816,2021_kk_228,Kusko,2021,0.705536396987051,0.587906421969649,4.0383151322442e-4,691.830636777643,872.494638705453,1406.416,0.705570075866613,330.1148056262558,Fw
893,467.932,0.705111009750299,0.574797435757683,935.864,2021_kk_228,Kusko,2021,0.705528041045751,0.588336133505525,4.2971153587656e-4,691.830636777643,872.494638705453,1406.416,0.705570075866613,330.1148056262558,Fw
894,468.456,0.705632130620978,0.600760724344543,936.912,2021_kk_228,Kusko,2021,0.705512706727003,0.588873237132504,5.3710362697889e-4,691.830636777643,872.494638705453,1406.416,0.705570075866613,330.1148056262558,Fw
895,468.98,0.705730396133259,0.607215934399755,937.96,2021_kk_228,Kusko,2021,0.70549730590277,0.588997886696966,1.2464956446178e-4,691.830636777643,872.494638705453,1406.416,0.705570075866613,330.1148056262558,Fw
896,469.504,0.705443410590126,0.587266325694729,939.008,2021_kk_228,Kusko,2021,0.705497642118484,0.589069598032578,7.17113356114574e-5,691.830636777643,872.494638705453,1406.416,0.705570075866613,330.1148056262558,Fw
897,470.028,0.706665455200605,0.601391621562376,940.056,2021_kk_228,Kusko,2021,0.705506057159053,0.588794357859579,-2.7524017299873e-4,691.830636777643,872.494638705453,1406.416,0.705570075866613,330.1148056262558,Fw
898,470.552,0.706334901049223,0.595195508904783,941.104,2021_kk_228,Kusko,2021,0.705475101010162,0.588592177770028,-2.0218008955086e-4,691.830636777643,872.494638705453,1406.416,0.705570075866613,330.1148056262558,Fw
899,471.076,0.704994515903398,0.626803605970107,942.152,2021_kk_228,Kusko,2021,0.705479775200455,0.588616963249219,2.47854791908253e-5,691.830636777643,872.494638705453,1406.416,0.705570075866613,330.1148056262558,Fw
900,471.6,0.705208339893107,0.600171753041175,943.2,2021_kk_228,Kusko,2021,0.705459842709398,0.588371564954224,-2.4539829499448e-4,691.830636777643,872.494638705453,1406.416,0.705570075866613,330.1148056262558,Fw
901,472.124,0.704654417297143,0.595546689585786,944.248,2021_kk_228,Kusko,2021,0.705480946373112,0.587851118709835,-5.2044624438973e-4,691.830636777643,872.494638705453,1406.416,0.705570075866613,330.1148056262558,Fw
902,472.648,0.706121245764722,0.582483993117099,945.296,2021_kk_228,Kusko,2021,0.705448166204596,0.587786750195153,-6.4368514681723e-5,691.830636777643,872.494638705453,1406.416,0.705570075866613,330.1148056262558,Fw
903,473.172,0.707824352365599,0.592033233001725,946.344,2021_kk_228,Kusko,2021,0.705485982124262,0.587433705253286,-3.5304494186738e-4,691.830636777643,872.494638705453,1406.416,0.705570075866613,330.1148056262558,Fw
904,473.696,0.705808113599634,0.614172210273368,947.392,2021_kk_228,Kusko,2021,0.705513477766029,0.586732198475787,-7.0150677749891e-4,691.830636777643,872.494638705453,1406.416,0.705570075866613,330.1148056262558,Fw
905,474.22,0.706084034223567,0.596114271490986,948.44,2021_kk_228,Kusko,2021,0.705552991145147,0.586030394539411,-7.0180393637553e-4,691.830636777643,872.494638705453,1406.416,0.705570075866613,330.1148056262558,Fw
906,474.744,0.704198485282757,0.594909705952443,949.488,2021_kk_228,Kusko,2021,0.705566731152903,0.584653277186055,-0.00137711735335622,691.830636777643,872.494638705453,1406.416,0.705570075866613,330.1148056262558,Fw
907,475.268,0.704520318258722,0.620953978320138,950.536,2021_kk_228,Kusko,2021,0.705551754286402,0.583969096645375,-6.8418054067998e-4,691.830636777643,872.494638705453,1406.416,0.705570075866613,330.1148056262558,Fw
908,475.792,0.70661895175336,0.603587810673185,951.584,2021_kk_228,Kusko,2021,0.705540324458092,0.583320319312978,-6.4877733239687e-4,691.830636777643,872.494638705453,1406.416,0.705570075866613,330.1148056262558,Fw
909,476.316,0.706458262817119,0.587978826344789,952.632,2021_kk_228,Kusko,2021,0.705558652542814,0.583094100542482,-2.2621877049566e-4,691.830636777643,872.494638705453,1406.416,0.705570075866613,330.1148056262558,Fw
910,476.84,0.704957795769332,0.575668162833964,953.68,2021_kk_228,Kusko,2021,0.705609225037245,0.582505471598903,-5.8862894357913e-4,691.830636777643,872.494638705453,1406.416,0.705570075866613,330.1148056262558,Fw
911,477.364,0.704561847922774,0.582401283799368,954.728,2021_kk_228,Kusko,2021,0.705565805717007,0.581979485432452,-5.2598616645083e-4,691.830636777643,872.494638705453,1406.416,0.705570075866613,330.1148056262558,Fw
912,477.888,0.704620716332719,0.611452439390019,955.776,2021_kk_228,Kusko,2021,0.705550518197763,0.581707657774428,-2.7182765802469e-4,691.830636777643,872.494638705453,1406.416,0.705570075866613,330.1148056262558,Fw
913,478.412,0.705092270030397,0.60171505622728,956.824,2021_kk_228,Kusko,2021,0.70558527737573,0.580994770454613,-7.1288731981444e-4,691.830636777643,872.494638705453,1406.416,0.705570075866613,330.1148056262558,Fw
914,478.936,0.705110850362455,0.605794789309724,957.872,2021_kk_228,Kusko,2021,0.705577494381991,0.580406556752338,-5.8821370227513e-4,691.830636777643,872.494638705453,1406.416,0.705570075866613,330.1148056262558,Fw
915,479.46,0.705173551824292,0.597781346806038,958.92,2021_kk_228,Kusko,2021,0.705596597219417,0.579519325771901,-8.8723098043686e-4,691.830636777643,872.494638705453,1406.416,0.705570075866613,330.1148056262558,Fw
916,479.984,0.705692716619963,0.587521490772406,959.968,2021_kk_228,Kusko,2021,0.705543490190908,0.578481491173073,-0.00103783459882856,691.830636777643,872.494638705453,1406.416,0.705570075866613,330.1148056262558,Fw
917,480.508,0.705721217621444,0.586959641777715,961.016,2021_kk_228,Kusko,2021,0.705564694575525,0.577870798122058,-6.1069305101435e-4,691.830636777643,872.494638705453,1406.416,0.705570075866613,330.1148056262558,Fw
918,481.032,0.704210667863574,0.57643366874498,962.064,2021_kk_228,Kusko,2021,0.705555068058933,0.577269371647602,-6.014264744566e-4,691.830636777643,872.494638705453,1406.416,0.705570075866613,330.1148056262558,Fw
919,481.556,0.705827167958967,0.58391877370309,963.112,2021_kk_228,Kusko,2021,0.705603317307977,0.576063903569562,-0.00120546807803923,691.830636777643,872.494638705453,1406.416,0.705570075866613,330.1148056262558,Fw
920,482.08,0.707768663062703,0.58750675062012,964.16,2021_kk_228,Kusko,2021,0.705627794737895,0.57510197319391,-9.6193037565262e-4,691.830636777643,872.494638705453,1406.416,0.705570075866613,330.1148056262558,Fw
921,482.604,0.708663657183537,0.561736297450604,965.208,2021_kk_228,Kusko,2021,0.705600142541077,0.573608411985708,-0.00149356120820221,691.830636777643,872.494638705453,1406.416,0.705570075866613,330.1148056262558,Fw
922,483.128,0.705984025850267,0.572964343870038,966.256,2021_kk_228,Kusko,2021,0.705618099022891,0.572465554598067,-0.00114285738764053,691.830636777643,872.494638705453,1406.416,0.705570075866613,330.1148056262558,Fw
923,483.652,0.705733559047846,0.556965341472084,967.304,2021_kk_228,Kusko,2021,0.705614701466127,0.571820719788038,-6.4483481002874e-4,691.830636777643,872.494638705453,1406.416,0.705570075866613,330.1148056262558,Fw
924,484.176,0.70530313403086,0.570115099727381,968.352,2021_kk_228,Kusko,2021,0.705633569424454,0.57070652263843,-0.00111419714960848,691.830636777643,872.494638705453,1406.416,0.705570075866613,330.1148056262558,Fw
925,484.7,0.705657200662177,0.562277552510841,969.4,2021_kk_228,Kusko,2021,0.705650181964618,0.569602377747222,-0.00110414489120758,691.830636777643,872.494638705453,1406.416,0.705570075866613,330.1148056262558,Fw
926,485.224,0.705497141090921,0.575024684330711,970.448,2021_kk_228,Kusko,2021,0.705660836624115,0.568610336231661,-9.9204151556087e-4,691.830636777643,872.494638705453,1406.416,0.705570075866613,330.1148056262558,Fw
927,485.748,0.705611241541227,0.549261296766394,971.496,2021_kk_228,Kusko,2021,0.705642554212276,0.567329426144118,-0.00128091008754383,691.830636777643,872.494638705453,1406.416,0.705570075866613,330.1148056262558,Fw
928,486.272,0.704027584717356,0.557831622869606,972.544,2021_kk_228,Kusko,2021,0.705621027884148,0.56593805859522,-0.00139136754889757,691.830636777643,872.494638705453,1406.416,0.705570075866613,330.1148056262558,Fw
929,486.796,0.705792923746254,0.559346990048248,973.592,2021_kk_228,Kusko,2021,0.705622146118975,0.564065585994776,-0.0018724726004441,691.830636777643,872.494638705453,1406.416,0.705570075866613,330.1148056262558,Fw
930,487.32,0.704294806486119,0.549932416646266,974.64,2021_kk_228,Kusko,2021,0.705629743629796,0.562758044495684,-0.00130754149909185,691.830636777643,872.494638705453,1406.416,0.705570075866613,330.1148056262558,Fw
931,487.844,0.705296992429397,0.545470218740728,975.688,2021_kk_228,Kusko,2021,0.705639543107841,0.561552228219559,-0.00120581627612526,691.830636777643,872.494638705453,1406.416,0.705570075866613,330.1148056262558,Fw
932,488.368,0.702994104035113,0.571415220952318,976.736,2021_kk_228,Kusko,2021,0.705628935797628,0.56047831113501,-0.00107391708454896,691.830636777643,872.494638705453,1406.416,0.705570075866613,330.1148056262558,Fw
933,488.892,0.705947690392326,0.547492608918931,977.784,2021_kk_228,Kusko,2021,0.705589074240064,0.559351084486277,-0.0011272266487331,691.830636777643,872.494638705453,1406.416,0.705570075866613,330.1148056262558,Fw
934,489.416,0.707226118348846,0.555711279852776,978.832,2021_kk_228,Kusko,2021,0.705609985714754,0.55757336601727,-0.00177771846900676,691.830636777643,872.494638705453,1406.416,0.705570075866613,330.1148056262558,Fw
935,489.94,0.706332662823847,0.543664652995391,979.88,2021_kk_228,Kusko,2021,0.705594757767356,0.555983316163813,-0.00159004985345668,691.830636777643,872.494638705453,1406.416,0.705570075866613,330.1148056262558,Fw
936,490.464,0.70625779374007,0.511884863296196,980.928,2021_kk_228,Kusko,2021,0.705569883741013,0.554391676265671,-0.00159163989814237,691.830636777643,872.494638705453,1406.416,0.705570075866613,330.1148056262558,Fw
937,490.988,0.705335502092184,0.541463488759059,981.976,2021_kk_228,Kusko,2021,0.705578376523271,0.55264819234669,-0.00174348391898105,691.830636777643,872.494638705453,1406.416,0.705570075866613,330.1148056262558,Fw
938,491.512,0.703856387041665,0.549604679432735,983.024,2021_kk_228,Kusko,2021,0.705554456280297,0.551446983425532,-0.00120120892115771,691.830636777643,872.494638705453,1406.416,0.705570075866613,330.1148056262558,Fw
939,492.036,0.705322273984097,0.568214743038178,984.072,2021_kk_228,Kusko,2021,0.705555900683039,0.550046262456624,-0.0014007209689082,691.830636777643,872.494638705453,1406.416,0.705570075866613,330.1148056262558,Fw
940,492.56,0.707501821279428,0.547262144703118,985.12,2021_kk_228,Kusko,2021,0.705542408400545,0.548954627413742,-0.00109163504288201,691.830636777643,872.494638705453,1406.416,0.705570075866613,330.1148056262558,Fw
941,493.084,0.704685794067332,0.553463818763987,986.168,2021_kk_228,Kusko,2021,0.705572604878953,0.547768018319603,-0.00118660909413892,691.830636777643,872.494638705453,1406.416,0.705570075866613,330.1148056262558,Fw
942,493.608,0.704733690668944,0.568729267007989,987.216,2021_kk_228,Kusko,2021,0.705582332994537,0.545953283086602,-0.00181473523300135,691.830636777643,872.494638705453,1406.416,0.705570075866613,330.1148056262558,Fw
943,494.132,0.706263479096598,0.539879252328484,988.264,2021_kk_228,Kusko,2021,0.705597559322875,0.544447578779005,-0.00150570430759656,691.830636777643,872.494638705453,1406.416,0.705570075866613,330.1148056262558,Fw
944,494.656,0.705744019757646,0.567723578006864,989.312,2021_kk_228,Kusko,2021,0.705605703987406,0.542909420472937,-0.00153815830606785,691.830636777643,872.494638705453,1406.416,0.705570075866613,330.1148056262558,Fw
945,495.18,0.706432077612699,0.548475950202042,990.36,2021_kk_228,Kusko,2021,0.705623065349386,0.541593190604196,-0.00131622986874091,691.830636777643,872.494638705453,1406.416,0.705570075866613,330.1148056262558,Fw
946,495.704,0.704218640269929,0.538975285860532,991.408,2021_kk_228,Kusko,2021,0.705616446852173,0.540610589155843,-9.8260144835338e-4,691.830636777643,872.494638705453,1406.416,0.705570075866613,330.1148056262558,Fw
947,496.228,0.706662483619374,0.55415616781782,992.456,2021_kk_228,Kusko,2021,0.705597297571513,0.539207683613034,-0.00140290554280953,691.830636777643,872.494638705453,1406.416,0.705570075866613,330.1148056262558,Fw
948,496.752,0.705408905836145,0.550119473584033,993.504,2021_kk_228,Kusko,2021,0.70560921390294,0.538099400404486,-0.0011082832085475,691.830636777643,872.494638705453,1406.416,0.705570075866613,330.1148056262558,Fw
949,497.276,0.706502928784702,0.537421588009487,994.552,2021_kk_228,Kusko,2021,0.70562204885695,0.536959350600594,-0.00114004980389248,691.830636777643,872.494638705453,1406.416,0.705570075866613,330.1148056262558,Fw
950,497.8,0.705887245501918,0.526137322772822,995.6,2021_kk_228,Kusko,2021,0.705586747664359,0.535466670637603,-0.0014926799629903,691.830636777643,872.494638705453,1406.416,0.705570075866613,330.1148056262558,Fw
951,498.324,0.705656904738549,0.536962892597669,996.648,2021_kk_228,Kusko,2021,0.705547904587211,0.534238877213925,-0.00122779342367818,691.830636777643,872.494638705453,1406.416,0.705570075866613,330.1148056262558,Fw
952,498.848,0.70610734502386,0.549712100131269,997.696,2021_kk_228,Kusko,2021,0.705536171634058,0.533591626353545,-6.4725086037986e-4,691.830636777643,872.494638705453,1406.416,0.705570075866613,330.1148056262558,Fw
953,499.372,0.704907156344473,0.536107347155955,998.744,2021_kk_228,Kusko,2021,0.705520206967467,0.532983289715157,-6.0833663838832e-4,691.830636777643,872.494638705453,1406.416,0.705570075866613,330.1148056262558,Fw
954,499.896,0.70676420812058,0.533908895368032,999.792,2021_kk_228,Kusko,2021,0.705545573688557,0.532219764140193,-7.6352557496373e-4,691.830636777643,872.494638705453,1406.416,0.705570075866613,330.1148056262558,Fw
955,500.42,0.706727148543076,0.540967240927302,1000.84,2021_kk_228,Kusko,2021,0.705559762919587,0.53156006531559,-6.5969882460281e-4,691.830636777643,872.494638705453,1406.416,0.705570075866613,330.1148056262558,Fw
956,500.944,0.706082690159984,0.527743834761078,1001.888,2021_kk_228,Kusko,2021,0.705586389706808,0.530571036824441,-9.8902849114945e-4,691.830636777643,872.494638705453,1406.416,0.705570075866613,330.1148056262558,Fw
957,501.468,0.705568510490259,0.524537016309743,1002.936,2021_kk_228,Kusko,2021,0.705564520610356,0.530142593830861,-4.2844299358013e-4,691.830636777643,872.494638705453,1406.416,0.705570075866613,330.1148056262558,Fw
958,501.992,0.705043321361516,0.511713455970927,1003.984,2021_kk_228,Kusko,2021,0.70559595137765,0.529863128475907,-2.7946535495371e-4,691.830636777643,872.494638705453,1406.416,0.705570075866613,330.1148056262558,Fw
959,502.516,0.705061609993,0.51445524994346,1005.032,2021_kk_228,Kusko,2021,0.705582469256829,0.529286778976243,-5.7634949966434e-4,691.830636777643,872.494638705453,1406.416,0.705570075866613,330.1148056262558,Fw
960,503.04,0.705664190542368,0.521719263095665,1006.08,2021_kk_228,Kusko,2021,0.705598608816144,0.529030416183458,-2.5636279278473e-4,691.830636777643,872.494638705453,1406.416,0.705570075866613,330.1148056262558,Fw
961,503.564,0.705242385979889,0.523197713018267,1007.128,2021_kk_228,Kusko,2021,0.705602490499649,0.528944904572915,-8.55116105429321e-5,691.830636777643,872.494638705453,1406.416,0.705570075866613,330.1148056262558,Fw
962,504.088,0.705484807151897,0.518048968044169,1008.176,2021_kk_228,Kusko,2021,0.705651418191762,0.528305628199664,-6.3927637325123e-4,691.830636777643,872.494638705453,1406.416,0.705570075866613,330.1148056262558,Fw
963,504.612,0.705432658911803,0.524399634077732,1009.224,2021_kk_228,Kusko,2021,0.70567628437695,0.528275340152825,-3.0288046838356e-5,691.830636777643,872.494638705453,1406.416,0.705570075866613,330.1148056262558,Fw
964,505.136,0.707062802081035,0.507509102132968,1010.272,2021_kk_228,Kusko,2021,0.705622492160268,0.528045703545432,-2.2963660739383e-4,691.830636777643,872.494638705453,1406.416,0.705570075866613,330.1148056262558,Fw
965,505.66,0.705170357379642,0.500711280283584,1011.32,2021_kk_228,Kusko,2021,0.70557936298445,0.528194264649506,1.4856110407424e-4,691.830636777643,872.494638705453,1406.416,0.705570075866613,330.1148056262558,Fw
966,506.184,0.7027060437022,0.499411312063894,1012.368,2021_kk_228,Kusko,2021,0.705570189187709,0.528966807145277,7.7254249577141e-4,691.830636777643,872.494638705453,1406.416,0.705570075866613,330.1148056262558,Fw
967,506.708,0.705029885194208,0.516344943181282,1013.416,2021_kk_228,Kusko,2021,0.705577456970783,0.528965575867302,-1.23127797557743e-6,691.830636777643,872.494638705453,1406.416,0.705570075866613,330.1148056262558,Fw
968,507.232,0.705183737174914,0.531515275403724,1014.464,2021_kk_228,Kusko,2021,0.705616306611982,0.529069600876923,1.0402500962125e-4,691.830636777643,872.494638705453,1406.416,0.705570075866613,330.1148056262558,Fw
969,507.756,0.706544926981632,0.503935568210294,1015.512,2021_kk_228,Kusko,2021,0.705622041297396,0.5287418756273,-3.2772524962321e-4,691.830636777643,872.494638705453,1406.416,0.705570075866613,330.1148056262558,Fw
970,508.28,0.704148258819692,0.510170060261038,1016.56,2021_kk_228,Kusko,2021,0.70556507960439,0.529042083409618,3.0020778231854e-4,691.830636777643,872.494638705453,1406.416,0.705570075866613,330.1148056262558,Fw
971,508.804,0.706373636627251,0.511204738151032,1017.608,2021_kk_228,Kusko,2021,0.705592243237849,0.529209545345365,1.6746193574679e-4,691.830636777643,872.494638705453,1406.416,0.705570075866613,330.1148056262558,Fw
972,509.328,0.705204403267751,0.50256832540994,1018.656,2021_kk_228,Kusko,2021,0.70560844478957,0.528782926017817,-4.2661932754839e-4,691.830636777643,872.494638705453,1406.416,0.705570075866613,330.1148056262558,Fw
973,509.852,0.706005849730689,0.511372797771489,1019.704,2021_kk_228,Kusko,2021,0.705575966288591,0.528727023816638,-5.59022011784593e-5,691.830636777643,872.494638705453,1406.416,0.705570075866613,330.1148056262558,Fw
974,510.376,0.705599530234336,0.513505290945649,1020.752,2021_kk_228,Kusko,2021,0.70557010368286,0.528072643635501,-6.5438018113761e-4,691.830636777643,872.494638705453,1406.416,0.705570075866613,330.1148056262558,Fw
975,510.9,0.706215233543103,0.518807554681589,1021.8,2021_kk_228,Kusko,2021,0.70553929082427,0.527964244430669,-1.0839920483174e-4,691.830636777643,872.494638705453,1406.416,0.705570075866613,330.1148056262558,Fw
976,511.424,0.705295606787139,0.528565403871203,1022.848,2021_kk_228,Kusko,2021,0.705591645576169,0.527963269906493,-9.74524176133862e-7,691.830636777643,872.494638705453,1406.416,0.705570075866613,330.1148056262558,Fw
977,511.948,0.704572260781847,0.502785309209143,1023.896,2021_kk_228,Kusko,2021,0.705542783887243,0.527896708079495,-6.6561826997269e-5,691.830636777643,872.494638705453,1406.416,0.705570075866613,330.1148056262558,Fw
978,512.472,0.704925647749211,0.509936676232133,1024.944,2021_kk_228,Kusko,2021,0.705566574247773,0.527777583946105,-1.1912413339043e-4,691.830636777643,872.494638705453,1406.416,0.705570075866613,330.1148056262558,Fw
979,512.996,0.7065972651996,0.515515785469537,1025.992,2021_kk_228,Kusko,2021,0.70552184375312,0.52777089197839,-6.69196771507785e-6,691.830636777643,872.494638705453,1406.416,0.705570075866613,330.1148056262558,Fw
980,513.52,0.705650591507218,0.497945952840698,1027.04,2021_kk_228,Kusko,2021,0.705541546386257,0.528016123206504,2.452312281137e-4,691.830636777643,872.494638705453,1406.416,0.705570075866613,330.1148056262558,Fw
981,514.044,0.706333072554648,0.488068692029916,1028.088,2021_kk_228,Kusko,2021,0.705514780359814,0.528031325486735,1.52022802313301e-5,691.830636777643,872.494638705453,1406.416,0.705570075866613,330.1148056262558,Fw
982,514.568,0.70528004866112,0.534129292247247,1029.136,2021_kk_228,Kusko,2021,0.705508726467166,0.52785956055985,-1.7176492688486e-4,691.830636777643,872.494638705453,1406.416,0.705570075866613,330.1148056262558,Fw
983,515.092,0.704775679052385,0.520465143168782,1030.184,2021_kk_228,Kusko,2021,0.705480329784518,0.527730053994623,-1.295065652267e-4,691.830636777643,872.494638705453,1406.416,0.705570075866613,330.1148056262558,Fw
984,515.616,0.706825137296205,0.524303565229559,1031.232,2021_kk_228,Kusko,2021,0.705440820065911,0.527808491684375,7.8437689751687e-5,691.830636777643,872.494638705453,1406.416,0.705570075866613,330.1148056262558,Fw
985,516.14,0.706508554524003,0.522695623034669,1032.28,2021_kk_228,Kusko,2021,0.705441772092145,0.527266591413034,-5.4190027134115e-4,691.830636777643,872.494638705453,1406.416,0.705570075866613,330.1148056262558,Fw
986,516.664,0.707094748324159,0.515682974861743,1033.328,2021_kk_228,Kusko,2021,0.705421796924066,0.527379426691294,1.1283527826044e-4,691.830636777643,872.494638705453,1406.416,0.705570075866613,330.1148056262558,Fw
987,517.188,0.704299095754145,0.523554717151585,1034.376,2021_kk_228,Kusko,2021,0.705425919491992,0.527946600154951,5.6717346365697e-4,691.830636777643,872.494638705453,1406.416,0.705570075866613,330.1148056262558,Fw
988,517.712,0.705913430755017,0.541063701572384,1035.424,2021_kk_228,Kusko,2021,0.705436960585272,0.528399552448024,4.5295229307296e-4,691.830636777643,872.494638705453,1406.416,0.705570075866613,330.1148056262558,Fw
989,518.236,0.704983996496934,0.524766020068387,1036.472,2021_kk_228,Kusko,2021,0.705448102261913,0.528883902708412,4.8435026038784e-4,691.830636777643,872.494638705453,1406.416,0.705570075866613,330.1148056262558,Fw
990,518.76,0.705263180045033,0.534550649079183,1037.52,2021_kk_228,Kusko,2021,0.705471240440544,0.528861506730099,-2.23959783128835e-5,691.830636777643,872.494638705453,1406.416,0.705570075866613,330.1148056262558,Fw
991,519.284,0.705529893439719,0.54033952210815,1038.568,2021_kk_228,Kusko,2021,0.705490776441889,0.528737151854192,-1.2435487590767e-4,691.830636777643,872.494638705453,1406.416,0.705570075866613,330.1148056262558,Fw
992,519.808,0.705929765561881,0.53305863855724,1039.616,2021_kk_228,Kusko,2021,0.705487972261516,0.528628167126805,-1.0898472738651e-4,691.830636777643,872.494638705453,1406.416,0.705570075866613,330.1148056262558,Fw
993,520.332,0.70743966150359,0.545675326108629,1040.664,2021_kk_228,Kusko,2021,0.705479831946807,0.528753704181186,1.2553705438045e-4,691.830636777643,872.494638705453,1406.416,0.705570075866613,330.1148056262558,Fw
994,520.856,0.703998585347956,0.541933083409143,1041.712,2021_kk_228,Kusko,2021,0.705486155849997,0.529018530230866,2.6482604968014e-4,691.830636777643,872.494638705453,1406.416,0.705570075866613,330.1148056262558,Fw
995,521.38,0.70374491227475,0.552578319239847,1042.76,2021_kk_228,Kusko,2021,0.705507745910411,0.529563482388193,5.449521573273e-4,691.830636777643,872.494638705453,1406.416,0.705570075866613,330.1148056262558,Fw
996,521.904,0.705707365935597,0.558237413042486,1043.808,2021_kk_228,Kusko,2021,0.705574010992116,0.529853968524804,2.9048613661131e-4,691.830636777643,872.494638705453,1406.416,0.705570075866613,330.1148056262558,Fw
997,522.428,0.705771569076642,0.541389612080522,1044.856,2021_kk_228,Kusko,2021,0.705568416446879,0.530307205906228,4.5323738142399e-4,691.830636777643,872.494638705453,1406.416,0.705570075866613,330.1148056262558,Fw
998,522.952,0.70618736551362,0.55584618001001,1045.904,2021_kk_228,Kusko,2021,0.705605090211737,0.530284082876373,-2.31230298550766e-5,691.830636777643,872.494638705453,1406.416,0.705570075866613,330.1148056262558,Fw
999,523.476,0.70566635510895,0.548551228060785,1046.952,2021_kk_228,Kusko,2021,0.705582321260474,0.530638877644681,3.5479476830824e-4,691.830636777643,872.494638705453,1406.416,0.705570075866613,330.1148056262558,Fw
1000,524,0.704084119699048,0.565274611642231,1048,2021_kk_228,Kusko,2021,0.705604472475783,0.530721630211705,8.27525670231699e-5,691.830636777643,872.494638705453,1406.416,0.705570075866613,330.1148056262558,Fw
1001,524.524,0.706315612074901,0.563511534908798,1049.048,2021_kk_228,Kusko,2021,0.705592469700586,0.530775541929391,5.39117176863169e-5,691.830636777643,872.494638705453,1406.416,0.705570075866613,330.1148056262558,Fw
1002,525.048,0.705705783772198,0.543132107355082,1050.096,2021_kk_228,Kusko,2021,0.705570495344887,0.531298566250053,5.230243206622e-4,691.830636777643,872.494638705453,1406.416,0.705570075866613,330.1148056262558,Fw
1003,525.572,0.704314769037835,0.536525120257775,1051.144,2021_kk_228,Kusko,2021,0.705560471289214,0.53132997520326,3.14089532065243e-5,691.830636777643,872.494638705453,1406.416,0.705570075866613,330.1148056262558,Fw
1004,526.096,0.705392263413782,0.528460767138608,1052.192,2021_kk_228,Kusko,2021,0.705587537621986,0.531404115215039,7.41400117794111e-5,691.830636777643,872.494638705453,1406.416,0.705570075866613,330.1148056262558,Fw
1005,526.62,0.70458330609728,0.541971997912139,1053.24,2021_kk_228,Kusko,2021,0.705541750703412,0.531313777092145,-9.03381228936073e-5,691.830636777643,872.494638705453,1406.416,0.705570075866613,330.1148056262558,Fw
1006,527.144,0.70735992538386006,0.538916814409961,1054.288,2021_kk_228,Kusko,2021,0.705547090355732,0.53171681901113,4.0304191898421e-4,691.830636777643,872.494638705453,1406.416,0.705570075866613,330.1148056262558,Fw
1007,527.668,0.703730782283847,0.550162458197991,1055.336,2021_kk_228,Kusko,2021,0.705545253686285,0.532312351048213,5.9553203708306e-4,691.830636777643,872.494638705453,1406.416,0.705570075866613,330.1148056262558,Fw
1008,528.192,0.706836327467965,0.542972025580602,1056.384,2021_kk_228,Kusko,2021,0.705566125799614,0.532813226173424,5.0087512521102e-4,691.830636777643,872.494638705453,1406.416,0.705570075866613,330.1148056262558,Fw
1009,528.716,0.703819099105483,0.537020069946584,1057.432,2021_kk_228,Kusko,2021,0.705565965462391,0.533568555212524,7.5532903910002e-4,691.830636777643,872.494638705453,1406.416,0.705570075866613,330.1148056262558,Fw
1010,529.24,0.707069403490164,0.540851196459643,1058.48,2021_kk_228,Kusko,2021,0.705570088078958,0.534527228900096,9.5867368757218e-4,691.830636777643,872.494638705453,1406.416,0.705570075866613,330.1148056262558,Fw
1011,529.764,0.70405094315195,0.537875029411546,1059.528,2021_kk_228,Kusko,2021,0.705560333179813,0.535961639551613,0.0014344106515175,691.830636777643,872.494638705453,1406.416,0.705570075866613,330.1148056262558,Fw
1012,530.288,0.705744111464986,0.539406204518181,1060.576,2021_kk_228,Kusko,2021,0.705617349707283,0.536465949685768,5.0431013415419e-4,691.830636777643,872.494638705453,1406.416,0.705570075866613,330.1148056262558,Fw
1013,530.812,0.70320335538559,0.528336953242347,1061.624,2021_kk_228,Kusko,2021,0.705631834738196,0.537113206444102,6.4725675833454e-4,691.830636777643,872.494638705453,1406.416,0.705570075866613,330.1148056262558,Fw
1014,531.336,0.704393625004183,0.538615156753136,1062.672,2021_kk_228,Kusko,2021,0.705606263348961,0.537598801559435,4.8559511533252e-4,691.830636777643,872.494638705453,1406.416,0.705570075866613,330.1148056262558,Fw
1015,531.86,0.706784270117116,0.508453224646834,1063.72,2021_kk_228,Kusko,2021,0.705570805787496,0.538574264622002,9.7546306256768e-4,691.830636777643,872.494638705453,1406.416,0.705570075866613,330.1148056262558,Fw
1016,532.384,0.704884180075244,0.534513951456706,1064.768,2021_kk_228,Kusko,2021,0.705560263692968,0.540017847311765,0.00144358268976286,691.830636777643,872.494638705453,1406.416,0.705570075866613,330.1148056262558,Fw
1017,532.908,0.70581586456579,0.558567424129163,1065.816,2021_kk_228,Kusko,2021,0.705594555408281,0.540913440311621,8.9559299985597e-4,691.830636777643,872.494638705453,1406.416,0.705570075866613,330.1148056262558,Fw
1018,533.432,0.705705786958327,0.538890593555303,1066.864,2021_kk_228,Kusko,2021,0.705588693327217,0.541672873753541,7.5943344191986e-4,691.830636777643,872.494638705453,1406.416,0.705570075866613,330.1148056262558,Fw
1019,533.956,0.705730110591471,0.543516265566733,1067.912,2021_kk_228,Kusko,2021,0.705599113930936,0.542711516390138,0.00103864263659736,691.830636777643,872.494638705453,1406.416,0.705570075866613,330.1148056262558,Fw
1020,534.48,0.707052481260196,0.520375504396892,1068.96,2021_kk_228,Kusko,2021,0.705622357819529,0.543512886960414,8.0137057027529e-4,691.830636777643,872.494638705453,1406.416,0.705570075866613,330.1148056262558,Fw
1021,535.004,0.706414546060601,0.515736420463805,1070.008,2021_kk_228,Kusko,2021,0.705629495613341,0.544169752658694,6.5686569828005e-4,691.830636777643,872.494638705453,1406.416,0.705570075866613,330.1148056262558,Fw
1022,535.528,0.705316556329537,0.511509884400974,1071.056,2021_kk_228,Kusko,2021,0.705618170541761,0.545258903842805,0.00108915118411124,691.830636777643,872.494638705453,1406.416,0.705570075866613,330.1148056262558,Fw
1023,536.052,0.704944240029247,0.531931857340557,1072.104,2021_kk_228,Kusko,2021,0.705584497068749,0.546205449995443,9.4654615263778e-4,691.830636777643,872.494638705453,1406.416,0.705570075866613,330.1148056262558,Fw
1024,536.576,0.707442236272429,0.523398665113777,1073.152,2021_kk_228,Kusko,2021,0.705605328884608,0.54737377860177,0.00116832860632754,691.830636777643,872.494638705453,1406.416,0.705570075866613,330.1148056262558,Fw
1025,537.1,0.706465761004487,0.533408409723223,1074.2,2021_kk_228,Kusko,2021,0.705661484980167,0.548265162094216,8.9138349244588e-4,691.830636777643,872.494638705453,1406.416,0.705570075866613,330.1148056262558,Fw
1026,537.624,0.706681948604477,0.516840480260572,1075.248,2021_kk_228,Kusko,2021,0.705665822730575,0.549192114094481,9.2695200026449e-4,691.830636777643,872.494638705453,1406.416,0.705570075866613,330.1148056262558,Fw
1027,538.148,0.704694212480017,0.543539186066723,1076.296,2021_kk_228,Kusko,2021,0.705677307311173,0.550676486885594,0.0014843727911128,691.830636777643,872.494638705453,1406.416,0.705570075866613,330.1148056262558,Fw
1028,538.672,0.707384163066371,0.53012789361242,1077.344,2021_kk_228,Kusko,2021,0.7056555190677,0.551735272081657,0.00105878519606384,691.830636777643,872.494638705453,1406.416,0.705570075866613,330.1148056262558,Fw
1029,539.196,0.7051787899059,0.525223254308786,1078.392,2021_kk_228,Kusko,2021,0.705672539257121,0.553155631125078,0.00142035904342108,691.830636777643,872.494638705453,1406.416,0.705570075866613,330.1148056262558,Fw
1030,539.72,0.705477331738232,0.51513521428243,1079.44,2021_kk_228,Kusko,2021,0.705693407419327,0.554353021857061,0.00119739073198255,691.830636777643,872.494638705453,1406.416,0.705570075866613,330.1148056262558,Fw
1031,540.244,0.705653470115385,0.514439441212209,1080.488,2021_kk_228,Kusko,2021,0.705683801256562,0.555378743929044,0.00102572207198326,691.830636777643,872.494638705453,1406.416,0.705570075866613,330.1148056262558,Fw
1032,540.768,0.703885941925863,0.533949784649678,1081.536,2021_kk_228,Kusko,2021,0.705647252812489,0.556717111680081,0.00133836775103691,691.830636777643,872.494638705453,1406.416,0.705570075866613,330.1148056262558,Fw
1033,541.292,0.705404406390273,0.513257334963878,1082.584,2021_kk_228,Kusko,2021,0.705677353211023,0.558675134179739,0.00195802249965737,691.830636777643,872.494638705453,1406.416,0.705570075866613,330.1148056262558,Fw
1034,541.816,0.70722351020065,0.517953691652414,1083.632,2021_kk_228,Kusko,2021,0.705660189673459,0.560660812235744,0.00198567805600502,691.830636777643,872.494638705453,1406.416,0.705570075866613,330.1148056262558,Fw
1035,542.34,0.703468018428682,0.513387267307973,1084.68,2021_kk_228,Kusko,2021,0.705673411498899,0.562452753816613,0.00179194158086904,691.830636777643,872.494638705453,1406.416,0.705570075866613,330.1148056262558,Fw
1036,542.864,0.705615985926328,0.55274791901026,1085.728,2021_kk_228,Kusko,2021,0.705657772622233,0.564303061917824,0.00185030810121167,691.830636777643,872.494638705453,1406.416,0.705570075866613,330.1148056262558,Fw
1037,543.388,0.704462060615027,0.538517231434125,1086.776,2021_kk_228,Kusko,2021,0.705674070815928,0.565697192487275,0.00139413056945059,691.830636777643,872.494638705453,1406.416,0.705570075866613,330.1148056262558,Fw
1038,543.912,0.706177974548964,0.539989183744799,1087.824,2021_kk_228,Kusko,2021,0.705641105744597,0.567402604172857,0.00170541168558214,691.830636777643,872.494638705453,1406.416,0.705570075866613,330.1148056262558,Fw
1039,544.436,0.706587644966216,0.560835527815535,1088.872,2021_kk_228,Kusko,2021,0.705681377953457,0.569104959971113,0.00170235579825595,691.830636777643,872.494638705453,1406.416,0.705570075866613,330.1148056262558,Fw
1040,544.96,0.705897948501257,0.555466374095028,1089.92,2021_kk_228,Kusko,2021,0.705708051532606,0.570825779560946,0.00172081958983283,691.830636777643,872.494638705453,1406.416,0.705570075866613,330.1148056262558,Fw
1041,545.484,0.705747778605963,0.574133331120968,1090.968,2021_kk_228,Kusko,2021,0.705718943689544,0.572495314104061,0.00166953454311558,691.830636777643,872.494638705453,1406.416,0.705570075866613,330.1148056262558,Fw
1042,546.008,0.70870104030931,0.564387900296502,1092.016,2021_kk_228,Kusko,2021,0.705692486362313,0.574324873934838,0.00182955983077637,691.830636777643,872.494638705453,1406.416,0.705570075866613,330.1148056262558,Fw
1043,546.532,0.705644780907126,0.559300548668857,1093.064,2021_kk_228,Kusko,2021,0.705708812121601,0.576358564174017,0.00203369023917932,691.830636777643,872.494638705453,1406.416,0.705570075866613,330.1148056262558,Fw
1044,547.056,0.705290853942115,0.553439272149508,1094.112,2021_kk_228,Kusko,2021,0.705721431342359,0.577941986663485,0.00158342248946786,691.830636777643,872.494638705453,1406.416,0.705570075866613,330.1148056262558,Fw
1045,547.58,0.704381100836095,0.581223406788731,1095.16,2021_kk_228,Kusko,2021,0.705721214402468,0.580001003311881,0.00205901664839636,691.830636777643,872.494638705453,1406.416,0.705570075866613,330.1148056262558,Fw
1046,548.104,0.706462222652493,0.602297936247517,1096.208,2021_kk_228,Kusko,2021,0.705747355613801,0.581883684952697,0.00188268164081618,691.830636777643,872.494638705453,1406.416,0.705570075866613,330.1148056262558,Fw
1047,548.628,0.706356598672931,0.577290297142937,1097.256,2021_kk_228,Kusko,2021,0.705742233552752,0.583443822932078,0.00156013797938059,691.830636777643,872.494638705453,1406.416,0.705570075866613,330.1148056262558,Fw
1048,549.152,0.70556170589115,0.58662970808758,1098.304,2021_kk_228,Kusko,2021,0.705739954809269,0.585037850300061,0.00159402736798253,691.830636777643,872.494638705453,1406.416,0.705570075866613,330.1148056262558,Fw
1049,549.676,0.705609232720081,0.587084578264227,1099.352,2021_kk_228,Kusko,2021,0.705763676213789,0.586535315312779,0.00149746501271808,691.830636777643,872.494638705453,1406.416,0.705570075866613,330.1148056262558,Fw
1050,550.2,0.706657813360627,0.582632883295701,1100.4,2021_kk_228,Kusko,2021,0.705746577081852,0.588795348995552,0.00226003368277328,691.830636777643,872.494638705453,1406.416,0.705570075866613,330.1148056262558,Fw
1051,550.724,0.705958161068477,0.579751464004955,1101.448,2021_kk_228,Kusko,2021,0.705741925711858,0.591036606683803,0.00224125768825123,691.830636777643,872.494638705453,1406.416,0.705570075866613,330.1148056262558,Fw
1052,551.248,0.705250261267065,0.598407709603917,1102.496,2021_kk_228,Kusko,2021,0.705753094592388,0.593201522006669,0.002164915322866,691.830636777643,872.494638705453,1406.416,0.705570075866613,330.1148056262558,Fw
1053,551.772,0.705419253122863,0.602468095266903,1103.544,2021_kk_228,Kusko,2021,0.705768586673781,0.595264242563029,0.00206272055636014,691.830636777643,872.494638705453,1406.416,0.705570075866613,330.1148056262558,Fw
1054,552.296,0.705248494299514,0.612032799788794,1104.592,2021_kk_228,Kusko,2021,0.705706578037353,0.597325630335186,0.00206138777215636,691.830636777643,872.494638705453,1406.416,0.705570075866613,330.1148056262558,Fw
1055,552.82,0.70711427800826,0.606061328786602,1105.64,2021_kk_228,Kusko,2021,0.705703930456206,0.599274455740531,0.00194882540534524,691.830636777643,872.494638705453,1406.416,0.705570075866613,330.1148056262558,Fw
1056,553.344,0.705967630960073,0.613854533058351,1106.688,2021_kk_228,Kusko,2021,0.705666464189866,0.601484978444814,0.0022105227042829,691.830636777643,872.494638705453,1406.416,0.705570075866613,330.1148056262558,Fw
1057,553.868,0.706460643912505,0.630451979547289,1107.736,2021_kk_228,Kusko,2021,0.70569575393353,0.603370181812462,0.00188520336764852,691.830636777643,872.494638705453,1406.416,0.705570075866613,330.1148056262558,Fw
1058,554.392,0.704880070905265,0.619373291773845,1108.784,2021_kk_228,Kusko,2021,0.705689382582459,0.605525383788196,0.00215520197573404,691.830636777643,872.494638705453,1406.416,0.705570075866613,330.1148056262558,Fw
1059,554.916,0.706687566474183,0.633772770666053,1109.832,2021_kk_228,Kusko,2021,0.705689314160131,0.607936199766009,0.00241081597781245,691.830636777643,872.494638705453,1406.416,0.705570075866613,330.1148056262558,Fw
1060,555.44,0.705336209431409,0.63711805556118,1110.88,2021_kk_228,Kusko,2021,0.705676692483623,0.610372235017784,0.00243603525177505,691.830636777643,872.494638705453,1406.416,0.705570075866613,330.1148056262558,Fw
1061,555.964,0.705739242308998,0.625054859227796,1111.928,2021_kk_228,Kusko,2021,0.705662084470506,0.612854295129315,0.00248206011153063,691.830636777643,872.494638705453,1406.416,0.705570075866613,330.1148056262558,Fw
1062,556.488,0.703512877127853,0.623434172417293,1112.976,2021_kk_228,Kusko,2021,0.705712481429169,0.615224331629019,0.00237003649970424,691.830636777643,872.494638705453,1406.416,0.705570075866613,330.1148056262558,Fw
1063,557.012,0.706120792949887,0.654006470237216,1114.024,2021_kk_228,Kusko,2021,0.705735603231223,0.618231535759349,0.00300720413033051,691.830636777643,872.494638705453,1406.416,0.705570075866613,330.1148056262558,Fw
1064,557.536,0.704362451159901,0.647601450498904,1115.072,2021_kk_228,Kusko,2021,0.70569280332353,0.621069958138066,0.00283842237871634,691.830636777643,872.494638705453,1406.416,0.705570075866613,330.1148056262558,Fw
1065,558.06,0.705376615623724,0.649488492764284,1116.12,2021_kk_228,Kusko,2021,0.705721476023657,0.623855005348904,0.00278504721083828,691.830636777643,872.494638705453,1406.416,0.705570075866613,330.1148056262558,Fw
1066,558.584,0.706421592783899,0.649935300482665,1117.168,2021_kk_228,Kusko,2021,0.705708376906645,0.626339865095559,0.00248485974665469,691.830636777643,872.494638705453,1406.416,0.705570075866613,330.1148056262558,Fw
1067,559.108,0.704708673905553,0.633810292365026,1118.216,2021_kk_228,Kusko,2021,0.70569365418148,0.629095864959305,0.00275599986374631,691.830636777643,872.494638705453,1406.416,0.705570075866613,330.1148056262558,Fw
1068,559.632,0.704858423188104,0.645296726715528,1119.264,2021_kk_228,Kusko,2021,0.705692737894943,0.63153193499641,0.00243607003710511,691.830636777643,872.494638705453,1406.416,0.705570075866613,330.1148056262558,Fw
1069,560.156,0.706235431637078,0.639161417841938,1120.312,2021_kk_228,Kusko,2021,0.705679704458778,0.633543569735153,0.00201163473874322,691.830636777643,872.494638705453,1406.416,0.705570075866613,330.1148056262558,Fw
1070,560.68,0.708669818239056,0.64410037184961,1121.36,2021_kk_228,Kusko,2021,0.705674302105231,0.635640178097088,0.00209660836193459,691.830636777643,872.494638705453,1406.416,0.705570075866613,330.1148056262558,Fw
1071,561.204,0.70470447256824,0.63804710199848,1122.408,2021_kk_228,Kusko,2021,0.705672463765419,0.637563801837229,0.00192362374014121,691.830636777643,872.494638705453,1406.416,0.705570075866613,330.1148056262558,Fw
1072,561.728,0.704156671831154,0.649179794364762,1123.456,2021_kk_228,Kusko,2021,0.705634708926579,0.639764286240249,0.00220048440302034,691.830636777643,872.494638705453,1406.416,0.705570075866613,330.1148056262558,Fw
1073,562.252,0.704182900942844,0.650358367593111,1124.504,2021_kk_228,Kusko,2021,0.705633319384388,0.64233840030026,0.00257411406001107,691.830636777643,872.494638705453,1406.416,0.705570075866613,330.1148056262558,Fw
1074,562.776,0.705150778249697,0.633620506121208,1125.552,2021_kk_228,Kusko,2021,0.705638383697091,0.644904477657294,0.00256607735703351,691.830636777643,872.494638705453,1406.416,0.705570075866613,330.1148056262558,Fw
1075,563.3,0.70677125372362,0.631994223550613,1126.6,2021_kk_228,Kusko,2021,0.705642853211405,0.647028098391612,0.00212362073431838,691.830636777643,872.494638705453,1406.416,0.705570075866613,330.1148056262558,Fw
1076,563.824,0.70645265275523,0.64747484990568,1127.648,2021_kk_228,Kusko,2021,0.705642979521258,0.648583647182125,0.00155554879051234,691.830636777643,872.494638705453,1406.416,0.705570075866613,330.1148056262558,Fw
1077,564.348,0.70550854090287,0.65217570289199,1128.696,2021_kk_228,Kusko,2021,0.705612224032967,0.650444858263641,0.00186121108151605,691.830636777643,872.494638705453,1406.416,0.705570075866613,330.1148056262558,Fw
1078,564.872,0.705569062349358,0.634532235634258,1129.744,2021_kk_228,Kusko,2021,0.705614426517008,0.652350683410333,0.00190582514669202,691.830636777643,872.494638705453,1406.416,0.705570075866613,330.1148056262558,Fw
1079,565.396,0.707153394862634,0.63336416632982,1130.792,2021_kk_228,Kusko,2021,0.705600146596951,0.654198539735427,0.00184785632509377,691.830636777643,872.494638705453,1406.416,0.705570075866613,330.1148056262558,Fw
1080,565.92,0.706026533344017,0.655977525363289,1131.84,2021_kk_228,Kusko,2021,0.705605050920264,0.656149848900881,0.00195130916545461,691.830636777643,872.494638705453,1406.416,0.705570075866613,330.1148056262558,Fw
1081,566.444,0.706135463860913,0.65021188175888,1132.888,2021_kk_228,Kusko,2021,0.705604969322174,0.658012762079681,0.00186291317879994,691.830636777643,872.494638705453,1406.416,0.705570075866613,330.1148056262558,Fw
1082,566.968,0.705986689161379,0.641404803772928,1133.936,2021_kk_228,Kusko,2021,0.705599416710393,0.65969264606633,0.00167988398664909,691.830636777643,872.494638705453,1406.416,0.705570075866613,330.1148056262558,Fw
1083,567.492,0.705873764912838,0.655695090722168,1134.984,2021_kk_228,Kusko,2021,0.705610314197576,0.661278698472719,0.00158605240638854,691.830636777643,872.494638705453,1406.416,0.705570075866613,330.1148056262558,Fw
1084,568.016,0.703721718086746,0.647081931443154,1136.032,2021_kk_228,Kusko,2021,0.705624083058644,0.662715037843391,0.00143633937067245,691.830636777643,872.494638705453,1406.416,0.705570075866613,330.1148056262558,Fw
1085,568.54,0.706306906135629,0.65033793404394,1137.08,2021_kk_228,Kusko,2021,0.705598609485614,0.664076386503381,0.00136134865998994,691.830636777643,872.494638705453,1406.416,0.705570075866613,330.1148056262558,Fw
1086,569.064,0.704433972624074,0.649471842517547,1138.128,2021_kk_228,Kusko,2021,0.70562256878182406,0.665811086379801,0.00173469987641961,691.830636777643,872.494638705453,1406.416,0.705570075866613,330.1148056262558,Fw
1087,569.588,0.706451597099886,0.656651388125635,1139.176,2021_kk_228,Kusko,2021,0.705591669206073,0.667279645299284,0.00146855891948305,691.830636777643,872.494638705453,1406.416,0.705570075866613,330.1148056262558,Fw
1088,570.112,0.707001882002096,0.659440012156464,1140.224,2021_kk_228,Kusko,2021,0.705624910655736,0.66841904291088206,0.00113939761159809,691.830636777643,872.494638705453,1406.416,0.705570075866613,330.1148056262558,Fw
1089,570.636,0.705174684566205,0.669872212977535,1141.272,2021_kk_228,Kusko,2021,0.705597799401612,0.669925246387685,0.00150620347680308,691.830636777643,872.494638705453,1406.416,0.705570075866613,330.1148056262558,Fw
1090,571.16,0.70472003114777,0.661297329388927,1142.32,2021_kk_228,Kusko,2021,0.705565424621554,0.671124175325538,0.00119892893785323,691.830636777643,872.494638705453,1406.416,0.705570075866613,330.1148056262558,Fw
1091,571.684,0.704776989328337,0.663363047904046,1143.368,2021_kk_228,Kusko,2021,0.705547600148464,0.672543901116899,0.00141972579136052,691.830636777643,872.494638705453,1406.416,0.705570075866613,330.1148056262558,Fw
1092,572.208,0.706909759445678,0.676151974631933,1144.416,2021_kk_228,Kusko,2021,0.70558806952079,0.674111556782593,0.00156765566569428,691.830636777643,872.494638705453,1406.416,0.705570075866613,330.1148056262558,Fw
1093,572.732,0.706791714513474,0.693689582783707,1145.464,2021_kk_228,Kusko,2021,0.705588536900177,0.675451187333995,0.00133963055140252,691.830636777643,872.494638705453,1406.416,0.705570075866613,330.1148056262558,Fw
1094,573.256,0.704655515739064,0.688259034375401,1146.512,2021_kk_228,Kusko,2021,0.705636766939604,0.676537428317799,0.00108624098380339,691.830636777643,872.494638705453,1406.416,0.705570075866613,330.1148056262558,Fw
1095,573.78,0.70518838043632,0.680490099958269,1147.56,2021_kk_228,Kusko,2021,0.705635279555414,0.677730709530483,0.00119328121268392,691.830636777643,872.494638705453,1406.416,0.705570075866613,330.1148056262558,Fw
1096,574.304,0.704830038905629,0.70183950380954,1148.608,2021_kk_228,Kusko,2021,0.705618155220835,0.678818089721741,0.00108738019125798,691.830636777643,872.494638705453,1406.416,0.705570075866613,330.1148056262558,Fw
1097,574.828,0.703578697105093,0.703877223258902,1149.656,2021_kk_228,Kusko,2021,0.705656807904254,0.680227312594854,0.00140922287311329,691.830636777643,872.494638705453,1406.416,0.705570075866613,330.1148056262558,Fw
1098,575.352,0.706122997356763,0.686153385971105,1150.704,2021_kk_228,Kusko,2021,0.705667014769515,0.681755114007524,0.00152780141267039,691.830636777643,872.494638705453,1406.416,0.705570075866613,330.1148056262558,Fw
1099,575.876,0.705805638796302,0.681533612140132,1151.752,2021_kk_228,Kusko,2021,0.705650215101902,0.683054804052729,0.00129969004520458,691.830636777643,872.494638705453,1406.416,0.705570075866613,330.1148056262558,Fw
1100,576.4,0.705573807288479,0.681262875811099,1152.8,2021_kk_228,Kusko,2021,0.705615834707312,0.684572046328335,0.00151724227560557,691.830636777643,872.494638705453,1406.416,0.705570075866613,330.1148056262558,Fw
1101,576.924,0.705637478217236,0.689550755529441,1153.848,2021_kk_228,Kusko,2021,0.705637781554515,0.686089845024249,0.00151779869591451,691.830636777643,872.494638705453,1406.416,0.705570075866613,330.1148056262558,Fw
1102,577.448,0.706435749978875,0.696416964477729,1154.896,2021_kk_228,Kusko,2021,0.705656307052653,0.687377262385356,0.00128741736110716,691.830636777643,872.494638705453,1406.416,0.705570075866613,330.1148056262558,Fw
1103,577.972,0.705561408375682,0.713747392269517,1155.944,2021_kk_228,Kusko,2021,0.705665454161094,0.688229658277578,8.5239589222152e-4,691.830636777643,872.494638705453,1406.416,0.705570075866613,330.1148056262558,Fw
1104,578.496,0.705594712704319,0.707403913571523,1156.992,2021_kk_228,Kusko,2021,0.705698522651133,0.689656369622125,0.00142671134454764,691.830636777643,872.494638705453,1406.416,0.705570075866613,330.1148056262558,Fw
1105,579.02,0.704649271694948,0.708640650847834,1158.04,2021_kk_228,Kusko,2021,0.705708716268027,0.691305155838831,0.00164878621670583,691.830636777643,872.494638705453,1406.416,0.705570075866613,330.1148056262558,Fw
1106,579.544,0.70646980124362,0.695630863678253,1159.088,2021_kk_228,Kusko,2021,0.705680698956959,0.692307431726757,0.00100227588792623,691.830636777643,872.494638705453,1406.416,0.705570075866613,330.1148056262558,Fw
1107,580.068,0.704511269375488,0.688962962033906,1160.136,2021_kk_228,Kusko,2021,0.705682569759062,0.693663493923146,0.00135606219638884,691.830636777643,872.494638705453,1406.416,0.705570075866613,330.1148056262558,Fw
1108,580.592,0.705693854933648,0.700979216889096,1161.184,2021_kk_228,Kusko,2021,0.705696826238521,0.695135019821632,0.00147152589848543,691.830636777643,872.494638705453,1406.416,0.705570075866613,330.1148056262558,Fw
1109,581.116,0.70475243751662,0.69795595776985,1162.232,2021_kk_228,Kusko,2021,0.705672302560867,0.696577287426783,0.00144226760515143,691.830636777643,872.494638705453,1406.416,0.705570075866613,330.1148056262558,Fw
1110,581.64,0.706952072759397,0.699711433222975,1163.28,2021_kk_228,Kusko,2021,0.705682857142168,0.697477299855598,9.0001242881443e-4,691.830636777643,872.494638705453,1406.416,0.705570075866613,330.1148056262558,Fw
1111,582.164,0.70595326518312,0.691526254732952,1164.328,2021_kk_228,Kusko,2021,0.705681102955608,0.698369904539875,8.9260468427754e-4,691.830636777643,872.494638705453,1406.416,0.705570075866613,330.1148056262558,Fw
1112,582.688,0.704917104560179,0.699200748802856,1165.376,2021_kk_228,Kusko,2021,0.705669707658149,0.699851534381237,0.0014816298413618,691.830636777643,872.494638705453,1406.416,0.705570075866613,330.1148056262558,Fw
1113,583.212,0.706073102353841,0.697631239650214,1166.424,2021_kk_228,Kusko,2021,0.705664106530438,0.700666136986321,8.1460260508403e-4,691.830636777643,872.494638705453,1406.416,0.705570075866613,330.1148056262558,Fw
1114,583.736,0.70607462596358,0.698213162029144,1167.472,2021_kk_228,Kusko,2021,0.705692891687153,0.701371200655886,7.050636695649e-4,691.830636777643,872.494638705453,1406.416,0.705570075866613,330.1148056262558,Fw
1115,584.26,0.70558586362648,0.687742248385996,1168.52,2021_kk_228,Kusko,2021,0.705680796612659,0.702126311949995,7.5511129410899e-4,691.830636777643,872.494638705453,1406.416,0.705570075866613,330.1148056262558,Fw
1116,584.784,0.707405188732704,0.717936525643527,1169.568,2021_kk_228,Kusko,2021,0.705706034436964,0.702788060129585,6.6174817959052e-4,691.830636777643,872.494638705453,1406.416,0.705570075866613,330.1148056262558,Fw
1117,585.308,0.70460666936741,0.718565514716273,1170.616,2021_kk_228,Kusko,2021,0.705697904843731,0.70344612292995,6.5806280036406e-4,691.830636777643,872.494638705453,1406.416,0.705570075866613,330.1148056262558,Fw
1118,585.832,0.706874557885026,0.687737148469726,1171.664,2021_kk_228,Kusko,2021,0.705689415824278,0.703866990708701,4.2086777875138e-4,691.830636777643,872.494638705453,1406.416,0.705570075866613,330.1148056262558,Fw
1119,586.356,0.705060891226789,0.72414497927424,1172.712,2021_kk_228,Kusko,2021,0.705705450766173,0.704033349998008,1.6635928930719e-4,691.830636777643,872.494638705453,1406.416,0.705570075866613,330.1148056262558,Fw
1120,586.88,0.703393722627888,0.709053791832372,1173.76,2021_kk_228,Kusko,2021,0.705744703901572,0.704492189467386,4.5883946937774e-4,691.830636777643,872.494638705453,1406.416,0.705570075866613,330.1148056262558,Fw
1121,587.404,0.704669773923636,0.710238406709422,1174.808,2021_kk_228,Kusko,2021,0.705780293850681,0.704902552595573,4.1036312818698e-4,691.830636777643,872.494638705453,1406.416,0.705570075866613,330.1148056262558,Fw
1122,587.928,0.705941039467401,0.71749351235895,1175.856,2021_kk_228,Kusko,2021,0.705762824262928,0.705136118838925,2.3356624335202e-4,691.830636777643,872.494638705453,1406.416,0.705570075866613,330.1148056262558,Fw
1123,588.452,0.706148835713123,0.734384303321368,1176.904,2021_kk_228,Kusko,2021,0.705744068835008,0.704813600242705,-3.2251859621956e-4,691.830636777643,872.494638705453,1406.416,0.705570075866613,330.1148056262558,Fw
1124,588.976,0.707256253525504,0.712775909527109,1177.952,2021_kk_228,Kusko,2021,0.705768705735292,0.704279983791588,-5.3361645111771e-4,691.830636777643,872.494638705453,1406.416,0.705570075866613,330.1148056262558,Fw
1125,589.5,0.705287372572288,0.721085365525316,1179,2021_kk_228,Kusko,2021,0.705790954800391,0.704369271365318,8.9287573730501e-5,691.830636777643,872.494638705453,1406.416,0.705570075866613,330.1148056262558,Fw
1126,590.024,0.705394132709164,0.715178111958145,1180.048,2021_kk_228,Kusko,2021,0.705798907228888,0.703713339945673,-6.5593141964537e-4,691.830636777643,872.494638705453,1406.416,0.705570075866613,330.1148056262558,Fw
1127,590.548,0.707027834910742,0.718363664751825,1181.096,2021_kk_228,Kusko,2021,0.705846886928609,0.70284047545644,-8.7286448923307e-4,691.830636777643,872.494638705453,1406.416,0.705570075866613,330.1148056262558,Fw
1128,591.072,0.705470835103723,0.736964811475748,1182.144,2021_kk_228,Kusko,2021,0.705820579918865,0.702160154038178,-6.8032141826202e-4,691.830636777643,872.494638705453,1406.416,0.705570075866613,330.1148056262558,Fw
1129,591.596,0.70522745158034,0.717142820554216,1183.192,2021_kk_228,Kusko,2021,0.705820505478475,0.701575420722679,-5.8473331549835e-4,691.830636777643,872.494638705453,1406.416,0.705570075866613,330.1148056262558,Fw
1130,592.12,0.706606994563632,0.735134908385942,1184.24,2021_kk_228,Kusko,2021,0.705834062453878,0.700836867146199,-7.3855357648067e-4,691.830636777643,872.494638705453,1406.416,0.705570075866613,330.1148056262558,Fw
1131,592.644,0.7060212834004,0.729115023753348,1185.288,2021_kk_228,Kusko,2021,0.705836311928356,0.700065710383455,-7.7115676274353e-4,691.830636777643,872.494638705453,1406.416,0.705570075866613,330.1148056262558,Fw
1132,593.168,0.705268201719475,0.726424836031194,1186.336,2021_kk_228,Kusko,2021,0.705818464693409,0.698943592853416,-0.0011221175300391,691.830636777643,872.494638705453,1406.416,0.705570075866613,330.1148056262558,Fw
1133,593.692,0.704731727449268,0.701502121126398,1187.384,2021_kk_228,Kusko,2021,0.70581407055769,0.697123559337315,-0.00182003351610049,691.830636777643,872.494638705453,1406.416,0.705570075866613,330.1148056262558,Fw
1134,594.216,0.70713488765208,0.719223186794066,1188.432,2021_kk_228,Kusko,2021,0.705833124133382,0.695555238704621,-0.00156832063269408,691.830636777643,872.494638705453,1406.416,0.705570075866613,330.1148056262558,Fw
1135,594.74,0.707382870737233,0.730921396552966,1189.48,2021_kk_228,Kusko,2021,0.705865913711465,0.693564896756157,-0.0019903419484647,691.830636777643,872.494638705453,1406.416,0.705570075866613,330.1148056262558,Fw
1136,595.264,0.704771614091153,0.707611403181257,1190.528,2021_kk_228,Kusko,2021,0.705823422780044,0.69203202532654,-0.00153287142961667,691.830636777643,872.494638705453,1406.416,0.705570075866613,330.1148056262558,Fw
1137,595.788,0.70562078902902,0.733539434675314,1191.576,2021_kk_228,Kusko,2021,0.705838801846601,0.690193564797143,-0.0018384605293974,691.830636777643,872.494638705453,1406.416,0.705570075866613,330.1148056262558,Fw
1138,596.312,0.706424451116935,0.72282378954339,1192.624,2021_kk_228,Kusko,2021,0.705876248154504,0.688511287602505,-0.00168227719463732,691.830636777643,872.494638705453,1406.416,0.705570075866613,330.1148056262558,Fw
1139,596.836,0.705681974203392,0.719900222638905,1193.672,2021_kk_228,Kusko,2021,0.705854085180958,0.686805626988851,-0.00170566061365418,691.830636777643,872.494638705453,1406.416,0.705570075866613,330.1148056262558,Fw
1140,597.36,0.706659808222104,0.709978271092151,1194.72,2021_kk_228,Kusko,2021,0.705852527726103,0.684990747357615,-0.00181487963123639,691.830636777643,872.494638705453,1406.416,0.705570075866613,330.1148056262558,Fw
1141,597.884,0.706030212667302,0.703768162815527,1195.768,2021_kk_228,Kusko,2021,0.705833908221445,0.682864944516947,-0.00212580284066799,691.830636777643,872.494638705453,1406.416,0.705570075866613,330.1148056262558,Fw
1142,598.408,0.705302971313825,0.73030259425464,1196.816,2021_kk_228,Kusko,2021,0.705874893074558,0.680654190938414,-0.00221075357853284,691.830636777643,872.494638705453,1406.416,0.705570075866613,330.1148056262558,Fw
1143,598.932,0.705537697250192,0.704571247027209,1197.864,2021_kk_228,Kusko,2021,0.705853870312111,0.67845252076883,-0.00220167016958339,691.830636777643,872.494638705453,1406.416,0.705570075866613,330.1148056262558,Fw
1144,599.456,0.705448827489607,0.689385751617042,1198.912,2021_kk_228,Kusko,2021,0.70585615295326,0.676101642424423,-0.00235087834440761,691.830636777643,872.494638705453,1406.416,0.705570075866613,330.1148056262558,Fw
1145,599.98,0.705581201665978,0.695644611690481,1199.96,2021_kk_228,Kusko,2021,0.705893015905549,0.673659356451225,-0.00244228597319796,691.830636777643,872.494638705453,1406.416,0.705570075866613,330.1148056262558,Fw
1146,600.504,0.705948242082424,0.689176733292979,1201.008,2021_kk_228,Kusko,2021,0.705864386015143,0.670762150804979,-0.00289720564624585,691.830636777643,872.494638705453,1406.416,0.705570075866613,330.1148056262558,Fw
1147,601.028,0.705963821505879,0.696135156147474,1202.056,2021_kk_228,Kusko,2021,0.705888751406569,0.667748891135497,-0.00301325966948174,691.830636777643,872.494638705453,1406.416,0.705570075866613,330.1148056262558,Fw
1148,601.552,0.706492540834902,0.684692078881552,1203.104,2021_kk_228,Kusko,2021,0.705881591232315,0.665420440639368,-0.0023284504961294,691.830636777643,872.494638705453,1406.416,0.705570075866613,330.1148056262558,Fw
1149,602.076,0.706136781079927,0.679853770335963,1204.152,2021_kk_228,Kusko,2021,0.705914942736807,0.662188293593198,-0.00323214704617014,691.830636777643,872.494638705453,1406.416,0.705570075866613,330.1148056262558,Fw
1150,602.6,0.707075219271711,0.688827697551593,1205.2,2021_kk_228,Kusko,2021,0.705941974420802,0.65913227936932,-0.00305601422387802,691.830636777643,872.494638705453,1406.416,0.705570075866613,330.1148056262558,Fw
1151,603.124,0.706912386274867,0.68798483559526,1206.248,2021_kk_228,Kusko,2021,0.705957381997182,0.656243887703053,-0.00288839166626631,691.830636777643,872.494638705453,1406.416,0.705570075866613,330.1148056262558,Fw
1152,603.648,0.705861584180511,0.690165949233059,1207.296,2021_kk_228,Kusko,2021,0.70596674313401,0.653040401684415,-0.00320348601863885,691.830636777643,872.494638705453,1406.416,0.705570075866613,330.1148056262558,Fw
1153,604.172,0.705666388838282,0.674338467010533,1208.344,2021_kk_228,Kusko,2021,0.705957648236684,0.65000939850668,-0.00303100317773497,691.830636777643,872.494638705453,1406.416,0.705570075866613,330.1148056262558,Fw
1154,604.696,0.70613372975608,0.656242047308333,1209.392,2021_kk_228,Kusko,2021,0.70596414144239,0.646741823782489,-0.00326757472419092,691.830636777643,872.494638705453,1406.416,0.705570075866613,330.1148056262558,Fw
1155,605.22,0.706523324342286,0.685847354382104,1210.44,2021_kk_228,Kusko,2021,0.705978619828029,0.643536021338049,-0.00320580244443924,691.830636777643,872.494638705453,1406.416,0.705570075866613,330.1148056262558,Fw
1156,605.744,0.705307184615427,0.662483618630817,1211.488,2021_kk_228,Kusko,2021,0.706001479640945,0.640631853736928,-0.00290416760112178,691.830636777643,872.494638705453,1406.416,0.705570075866613,330.1148056262558,Fw
1157,606.268,0.706457479088359,0.651505353904916,1212.536,2021_kk_228,Kusko,2021,0.705998155580559,0.637576622366527,-0.00305523137040087,691.830636777643,872.494638705453,1406.416,0.705570075866613,330.1148056262558,Fw
1158,606.792,0.704544576772134,0.645334100875383,1213.584,2021_kk_228,Kusko,2021,0.705975344577304,0.634279087321272,-0.0032975350452551,691.830636777643,872.494638705453,1406.416,0.705570075866613,330.1148056262558,Fw
1159,607.316,0.705801172372864,0.646449613210228,1214.632,2021_kk_228,Kusko,2021,0.706028808252737,0.631023877579562,-0.0032552097417099,691.830636777643,872.494638705453,1406.416,0.705570075866613,330.1148056262558,Fw
1160,607.84,0.706387225812675,0.63694966122226,1215.68,2021_kk_228,Kusko,2021,0.706023728200416,0.627732112752511,-0.00329176482705063,691.830636777643,872.494638705453,1406.416,0.705570075866613,330.1148056262558,Fw
1161,608.364,0.705772446685931,0.643281349764828,1216.728,2021_kk_228,Kusko,2021,0.706035303278602,0.62446022036337,-0.00327189238914105,691.830636777643,872.494638705453,1406.416,0.705570075866613,330.1148056262558,Fw
1162,608.888,0.705364915882042,0.629089912675383,1217.776,2021_kk_228,Kusko,2021,0.706033620135508,0.621471744365402,-0.00298847599796803,691.830636777643,872.494638705453,1406.416,0.705570075866613,330.1148056262558,Fw
1163,609.412,0.705297760232526,0.604545381303486,1218.824,2021_kk_228,Kusko,2021,0.70606625815722,0.618724193432249,-0.00274755093315349,691.830636777643,872.494638705453,1406.416,0.705570075866613,330.1148056262558,Fw
1164,609.936,0.706737927245862,0.613304675609879,1219.872,2021_kk_228,Kusko,2021,0.706057657597466,0.615790332028,-0.002933861404249,691.830636777643,872.494638705453,1406.416,0.705570075866613,330.1148056262558,Fw
1165,610.46,0.706616646379948,0.589220133939952,1220.92,2021_kk_228,Kusko,2021,0.70606407626111,0.61281016593682,-0.00298016609118013,691.830636777643,872.494638705453,1406.416,0.705570075866613,330.1148056262558,Fw
1166,610.984,0.703920345358339,0.603658577901247,1221.968,2021_kk_228,Kusko,2021,0.706117269983329,0.610162655214294,-0.00264751072252567,691.830636777643,872.494638705453,1406.416,0.705570075866613,330.1148056262558,Fw
1167,611.508,0.705434013368898,0.578655330270059,1223.016,2021_kk_228,Kusko,2021,0.7061637874225,0.606936817698785,-0.00322583751550864,691.830636777643,872.494638705453,1406.416,0.705570075866613,330.1148056262558,Fw
1168,612.032,0.707940633407857,0.600042585210861,1224.064,2021_kk_228,Kusko,2021,0.706145152149692,0.604301758385885,-0.00263505931290064,691.830636777643,872.494638705453,1406.416,0.705570075866613,330.1148056262558,Fw
1169,612.556,0.703422659103865,0.595616320950597,1225.112,2021_kk_228,Kusko,2021,0.706149912702688,0.60173140441832,-0.00257035396756455,691.830636777643,872.494638705453,1406.416,0.705570075866613,330.1148056262558,Fw
1170,613.08,0.706858625468079,0.590818655348794,1226.16,2021_kk_228,Kusko,2021,0.706158247634015,0.599092476501808,-0.00263892791651221,691.830636777643,872.494638705453,1406.416,0.705570075866613,330.1148056262558,Fw
1171,613.604,0.704836094903621,0.563978084292876,1227.208,2021_kk_228,Kusko,2021,0.706185534594808,0.596934821547582,-0.0021576549542256,691.830636777643,872.494638705453,1406.416,0.705570075866613,330.1148056262558,Fw
1172,614.128,0.707376195746964,0.566555534090884,1228.256,2021_kk_228,Kusko,2021,0.706195626534882,0.5939859631366,-0.00294885841098202,691.830636777643,872.494638705453,1406.416,0.705570075866613,330.1148056262558,Fw
1173,614.652,0.704811736607029,0.56553102947521,1229.304,2021_kk_228,Kusko,2021,0.706226701745437,0.592034094908865,-0.00195186822773485,691.830636777643,872.494638705453,1406.416,0.705570075866613,330.1148056262558,Fw
1174,615.176,0.70621158443252,0.557160461364689,1230.352,2021_kk_228,Kusko,2021,0.706256769314919,0.590106374413022,-0.0019277204958433301,691.830636777643,872.494638705453,1406.416,0.705570075866613,330.1148056262558,Fw
1175,615.7,0.707797640763838,0.541205089994113,1231.4,2021_kk_228,Kusko,2021,0.706289109729857,0.588547704272148,-0.00155867014087407,691.830636777643,872.494638705453,1406.416,0.705570075866613,330.1148056262558,Fw
1176,616.224,0.705687395308314,0.544104186868774,1232.448,2021_kk_228,Kusko,2021,0.706320932662598,0.586822589577691,-0.00172511469445658,691.830636777643,872.494638705453,1406.416,0.705570075866613,330.1148056262558,Fw
1177,616.748,0.706068592852993,0.537769934547369,1233.496,2021_kk_228,Kusko,2021,0.706375164857147,0.585150095064136,-0.00167249451355578,691.830636777643,872.494638705453,1406.416,0.705570075866613,330.1148056262558,Fw
1178,617.272,0.70644494742978,0.54803011870196,1234.544,2021_kk_228,Kusko,2021,0.706391186475245,0.584063452097204,-0.00108664296693151,691.830636777643,872.494638705453,1406.416,0.705570075866613,330.1148056262558,Fw
1179,617.796,0.70706198149632,0.530216156504033,1235.592,2021_kk_228,Kusko,2021,0.706444243138695,0.583316337015731,-7.4711508147318e-4,691.830636777643,872.494638705453,1406.416,0.705570075866613,330.1148056262558,Fw
1180,618.32,0.705015623667562,0.525692938399691,1236.64,2021_kk_228,Kusko,2021,0.706458625383232,0.582410532728329,-9.0580428740161e-4,691.830636777643,872.494638705453,1406.416,0.705570075866613,330.1148056262558,Fw
1181,618.844,0.705594228506473,0.536934906733439,1237.688,2021_kk_228,Kusko,2021,0.706463647203031,0.581271816707424,-0.00113871602090532,691.830636777643,872.494638705453,1406.416,0.705570075866613,330.1148056262558,Fw
1182,619.368,0.706502707677088,0.525284351240625,1238.736,2021_kk_228,Kusko,2021,0.70650413972761394,0.580271799674165,-0.0010000170332588,691.830636777643,872.494638705453,1406.416,0.705570075866613,330.1148056262558,Fw
1183,619.892,0.705603141873543,0.552524112657273,1239.784,2021_kk_228,Kusko,2021,0.706544362751256,0.579529469997525,-7.4232967664056e-4,691.830636777643,872.494638705453,1406.416,0.705570075866613,330.1148056262558,Fw
1184,620.416,0.707645845867873,0.516721426075656,1240.832,2021_kk_228,Kusko,2021,0.706585372145884,0.579332025160964,-1.9744483656059e-4,691.830636777643,872.494638705453,1406.416,0.705570075866613,330.1148056262558,Fw
1185,620.94,0.706156075710612,0.52873721885896,1241.88,2021_kk_228,Kusko,2021,0.70659736523352,0.578916115506143,-4.1590965482096e-4,691.830636777643,872.494638705453,1406.416,0.705570075866613,330.1148056262558,Fw
1186,621.464,0.70676572148414,0.540928055890839,1242.928,2021_kk_228,Kusko,2021,0.706640771585138,0.57912305518296,2.0693967681684e-4,691.830636777643,872.494638705453,1406.416,0.705570075866613,330.1148056262558,Fw
1187,621.988,0.706828391287567,0.535049782527769,1243.976,2021_kk_228,Kusko,2021,0.706677539172002,0.579623722360045,5.006671770853e-4,691.830636777643,872.494638705453,1406.416,0.705570075866613,330.1148056262558,Fw
1188,622.512,0.704102174908403,0.539112708760449,1245.024,2021_kk_228,Kusko,2021,0.706715680516724,0.579851268258644,2.2754589859852e-4,691.830636777643,872.494638705453,1406.416,0.705570075866613,330.1148056262558,Fw
1189,623.036,0.708435272106353,0.521830236051621,1246.072,2021_kk_228,Kusko,2021,0.706791182450105,0.580656981283735,8.0571302509102e-4,691.830636777643,872.494638705453,1406.416,0.705570075866613,330.1148056262558,Fw
1190,623.56,0.706302191424339,0.537629018762904,1247.12,2021_kk_228,Kusko,2021,0.706816832348241,0.58176648029947,0.00110949901573565,691.830636777643,872.494638705453,1406.416,0.705570075866613,330.1148056262558,Fw
1191,624.084,0.706715788091597,0.532801480404887,1248.168,2021_kk_228,Kusko,2021,0.706859294845811,0.582571407929855,8.0492763038442e-4,691.830636777643,872.494638705453,1406.416,0.705570075866613,330.1148056262558,Fw
1192,624.608,0.705167213133802,0.547116276153103,1249.216,2021_kk_228,Kusko,2021,0.706917600568716,0.583991661782587,0.00142025385273259,691.830636777643,872.494638705453,1406.416,0.705570075866613,330.1148056262558,Fw
1193,625.132,0.706690008751984,0.536649065137191,1250.264,2021_kk_228,Kusko,2021,0.706945017703521,0.585423232707471,0.001431570924884,691.830636777643,872.494638705453,1406.416,0.705570075866613,330.1148056262558,Fw
1194,625.656,0.706618854066834,0.54319150253912,1251.312,2021_kk_228,Kusko,2021,0.706968959330609,0.58663732474366,0.00121409203618839,691.830636777643,872.494638705453,1406.416,0.705570075866613,330.1148056262558,Fw
1195,626.18,0.707767990555923,0.552111431082163,1252.36,2021_kk_228,Kusko,2021,0.706990584820635,0.588327462651354,0.00169013790769412,691.830636777643,872.494638705453,1406.416,0.705570075866613,330.1148056262558,Fw
1196,626.704,0.707963237424285,0.548760759829713,1253.408,2021_kk_228,Kusko,2021,0.707021897593503,0.589936778124282,0.00160931547292864,691.830636777643,872.494638705453,1406.416,0.705570075866613,330.1148056262558,Fw
1197,627.228,0.708411835379284,0.539989183744799,1254.456,2021_kk_228,Kusko,2021,0.70708510879998,0.592370418468864,0.00243364034458105,691.830636777643,872.494638705453,1406.416,0.705570075866613,330.1148056262558,Fw
1198,627.752,0.70530633474843,0.564720230769343,1255.504,2021_kk_228,Kusko,2021,0.707092912512039,0.594215223134715,0.00184480466585191,691.830636777643,872.494638705453,1406.416,0.705570075866613,330.1148056262558,Fw
1199,628.276,0.705967607383133,0.565678984585036,1256.552,2021_kk_228,Kusko,2021,0.707175612507764,0.596043455511679,0.00182823237696317,691.830636777643,872.494638705453,1406.416,0.705570075866613,330.1148056262558,Fw
1200,628.8,0.70715990410176,0.551642596101417,1257.6,2021_kk_228,Kusko,2021,0.707168302544632,0.597953136889365,0.00190968137768599,691.830636777643,872.494638705453,1406.416,0.705570075866613,330.1148056262558,Fw
1201,629.324,0.707667430314863,0.574308865561986,1258.648,2021_kk_228,Kusko,2021,0.707234253728876,0.600047488321888,0.00209435143252334,691.830636777643,872.494638705453,1406.416,0.705570075866613,330.1148056262558,Fw
1202,629.848,0.705908487718237,0.553371089595722,1259.696,2021_kk_228,Kusko,2021,0.70725834896032,0.602351072223846,0.00230358390195839,691.830636777643,872.494638705453,1406.416,0.705570075866613,330.1148056262558,Fw
1203,630.372,0.707402209883533,0.58745915336312,1260.744,2021_kk_228,Kusko,2021,0.707283597543206,0.605014358173793,0.00266328594994658,691.830636777643,872.494638705453,1406.416,0.705570075866613,330.1148056262558,Fw
1204,630.896,0.707252881658539,0.573722521866443,1261.792,2021_kk_228,Kusko,2021,0.707315995927203,0.607842461504018,0.00282810333022521,691.830636777643,872.494638705453,1406.416,0.705570075866613,330.1148056262558,Fw
1205,631.42,0.707521626562268,0.602124403238036,1262.84,2021_kk_228,Kusko,2021,0.707327950366708,0.610950490335162,0.00310802883114381,691.830636777643,872.494638705453,1406.416,0.705570075866613,330.1148056262558,Fw
1206,631.944,0.707857618046886,0.585669851625584,1263.888,2021_kk_228,Kusko,2021,0.707358050031456,0.61386275326826,0.0029122629330981,691.830636777643,872.494638705453,1406.416,0.705570075866613,330.1148056262558,Fw
1207,632.468,0.709217753178806,0.59578548533413,1264.936,2021_kk_228,Kusko,2021,0.707408474722313,0.617429406076612,0.00356665280835233,691.830636777643,872.494638705453,1406.416,0.705570075866613,330.1148056262558,Fw
1208,632.992,0.707453837920782,0.619493500865657,1265.984,2021_kk_228,Kusko,2021,0.707456544899091,0.620921498412833,0.00349209233622094,691.830636777643,872.494638705453,1406.416,0.705570075866613,330.1148056262558,Fw
1209,633.516,0.709320180886911,0.635026865447573,1267.032,2021_kk_228,Kusko,2021,0.707520606507339,0.625074711197671,0.00415321278483771,691.830636777643,872.494638705453,1406.416,0.705570075866613,330.1148056262558,Fw
1210,634.04,0.707938153943901,0.6344794403075,1268.08,2021_kk_228,Kusko,2021,0.707565710270961,0.628651638901851,0.00357692770418028,691.830636777643,872.494638705453,1406.416,0.705570075866613,330.1148056262558,Fw
1211,634.564,0.707213695462805,0.619661874340932,1269.128,2021_kk_228,Kusko,2021,0.707630560102444,0.632420589031832,0.0037689501299808,691.830636777643,872.494638705453,1406.416,0.705570075866613,330.1148056262558,Fw
1212,635.088,0.708291135655541,0.63016492723753,1270.176,2021_kk_228,Kusko,2021,0.707659126641969,0.636189824241549,0.00376923520971695,691.830636777643,872.494638705453,1406.416,0.705570075866613,330.1148056262558,Fw
1213,635.612,0.708079770256777,0.6297986864121,1271.224,2021_kk_228,Kusko,2021,0.707736430291113,0.639474436022878,0.00328461178132922,691.830636777643,872.494638705453,1406.416,0.705570075866613,330.1148056262558,Fw
1214,636.136,0.708594293433772,0.644395357114696,1272.272,2021_kk_228,Kusko,2021,0.707750225393656,0.64332353419248,0.00384909816960122,691.830636777643,872.494638705453,1406.416,0.705570075866613,330.1148056262558,Fw
1215,636.66,0.707242909600424,0.66089277509285,1273.32,2021_kk_228,Kusko,2021,0.707798080941641,0.647231272501361,0.00390773830888147,691.830636777643,872.494638705453,1406.416,0.705570075866613,330.1148056262558,Fw
1216,637.184,0.707911565712499,0.674899999239828,1274.368,2021_kk_228,Kusko,2021,0.70783744577421,0.650800962089589,0.00356968958822768,691.830636777643,872.494638705453,1406.416,0.705570075866613,330.1148056262558,Fw
1217,637.708,0.708663534300222,0.681545384530035,1275.416,2021_kk_228,Kusko,2021,0.707862489953144,0.654378775675907,0.00357781358631826,691.830636777643,872.494638705453,1406.416,0.705570075866613,330.1148056262558,Fw
1218,638.232,0.706833057455457,0.658986854791293,1276.464,2021_kk_228,Kusko,2021,0.707937244534728,0.657848542567037,0.00346976689112966,691.830636777643,872.494638705453,1406.416,0.705570075866613,330.1148056262558,Fw
1219,638.756,0.710331288375723,0.694792394715688,1277.512,2021_kk_228,Kusko,2021,0.707928234680024,0.662045664632597,0.00419712206556011,691.830636777643,872.494638705453,1406.416,0.705570075866613,330.1148056262558,Fw
1220,639.28,0.707926219700812,0.703519602166402,1278.56,2021_kk_228,Kusko,2021,0.707964090540092,0.665621717253973,0.00357605262137628,691.830636777643,872.494638705453,1406.416,0.705570075866613,330.1148056262558,Fw
1221,639.804,0.708320196540139,0.691577007587889,1279.608,2021_kk_228,Kusko,2021,0.708002421203647,0.669369840055078,0.00374812280110537,691.830636777643,872.494638705453,1406.416,0.705570075866613,330.1148056262558,Fw
1222,640.328,0.70886325925633,0.714305143839338,1280.656,2021_kk_228,Kusko,2021,0.708051527921481,0.672963261381685,0.00359342132660634,691.830636777643,872.494638705453,1406.416,0.705570075866613,330.1148056262558,Fw
1223,640.852,0.70694278832081,0.690439636796524,1281.704,2021_kk_228,Kusko,2021,0.708093950357244,0.676607097082648,0.00364383570096338,691.830636777643,872.494638705453,1406.416,0.705570075866613,330.1148056262558,Fw
1224,641.376,0.708174424871177,0.686150197781189,1282.752,2021_kk_228,Kusko,2021,0.708147172602815,0.680385472702755,0.00377837562010708,691.830636777643,872.494638705453,1406.416,0.705570075866613,330.1148056262558,Fw
1225,641.9,0.707914175781498,0.690628408401598,1283.8,2021_kk_228,Kusko,2021,0.708148595736862,0.684150162165841,0.00376468946308572,691.830636777643,872.494638705453,1406.416,0.705570075866613,330.1148056262558,Fw
1226,642.424,0.705799111730446,0.70021750627696,1284.848,2021_kk_228,Kusko,2021,0.708155988488391,0.687951282394931,0.00380112022909007,691.830636777643,872.494638705453,1406.416,0.705570075866613,330.1148056262558,Fw
1227,642.948,0.709226685757471,0.724673750944919,1285.896,2021_kk_228,Kusko,2021,0.708193601526176,0.691896145960582,0.00394486356565082,691.830636777643,872.494638705453,1406.416,0.705570075866613,330.1148056262558,Fw
1228,643.472,0.708408856131431,0.710730865161973,1286.944,2021_kk_228,Kusko,2021,0.70824820150338,0.695214846681033,0.00331870072045126,691.830636777643,872.494638705453,1406.416,0.705570075866613,330.1148056262558,Fw
1229,643.996,0.708384658847326,0.70531026356839,1287.992,2021_kk_228,Kusko,2021,0.708309147337242,0.698645032193946,0.00343018551291285,691.830636777643,872.494638705453,1406.416,0.705570075866613,330.1148056262558,Fw
1230,644.52,0.706420027680193,0.705399538009949,1289.04,2021_kk_228,Kusko,2021,0.708337835606487,0.702127447952931,0.00348241575898556,691.830636777643,872.494638705453,1406.416,0.705570075866613,330.1148056262558,Fw
1231,645.044,0.70879316595826,0.689639170244276,1290.088,2021_kk_228,Kusko,2021,0.708346098315971,0.705257181945149,0.00312973399221772,691.830636777643,872.494638705453,1406.416,0.705570075866613,330.1148056262558,Fw
1232,645.568,0.708821909633567,0.704770568208387,1291.136,2021_kk_228,Kusko,2021,0.708405149532563,0.708981836849014,0.00372465490386531,691.830636777643,872.494638705453,1406.416,0.705570075866613,330.1148056262558,Fw
1233,646.092,0.706326651580211,0.725328186472004,1292.184,2021_kk_228,Kusko,2021,0.708412191125593,0.711894301043032,0.00291246419401758,691.830636777643,872.494638705453,1406.416,0.705570075866613,330.1148056262558,Fw
1234,646.616,0.708155487472302,0.726846661178203,1293.232,2021_kk_228,Kusko,2021,0.708451584399459,0.714961131930992,0.00306683088795989,691.830636777643,872.494638705453,1406.416,0.705570075866613,330.1148056262558,Fw
1235,647.14,0.708514907134187,0.727686819862747,1294.28,2021_kk_228,Kusko,2021,0.708478728635362,0.717607714214387,0.00264658228339532,691.830636777643,872.494638705453,1406.416,0.705570075866613,330.1148056262558,Fw
1236,647.664,0.707493375193153,0.718839962854659,1295.328,2021_kk_228,Kusko,2021,0.708488865660472,0.720850397274524,0.00324268306013653,691.830636777643,872.494638705453,1406.416,0.705570075866613,330.1148056262558,Fw
1237,648.188,0.709094074304438,0.75176910304851,1296.376,2021_kk_228,Kusko,2021,0.708489775261888,0.724455137937099,0.00360474066257488,691.830636777643,872.494638705453,1406.416,0.705570075866613,330.1148056262558,Fw
1238,648.712,0.709329158036471,0.757555658875213,1297.424,2021_kk_228,Kusko,2021,0.708507017578745,0.7270843613827,0.0026292234456019,691.830636777643,872.494638705453,1406.416,0.705570075866613,330.1148056262558,Fw
1239,649.236,0.710905677991198,0.779408923594295,1298.472,2021_kk_228,Kusko,2021,0.708486962704157,0.729148934263666,0.00206457288096573,691.830636777643,872.494638705453,1406.416,0.705570075866613,330.1148056262558,Fw
1240,649.76,0.707721849484845,0.740308600650503,1299.52,2021_kk_228,Kusko,2021,0.708500778025827,0.731450538849353,0.00230160458568651,691.830636777643,872.494638705453,1406.416,0.705570075866613,330.1148056262558,Fw
1241,650.284,0.709485218395505,0.763071914532287,1300.568,2021_kk_228,Kusko,2021,0.708544376809936,0.733781263891803,0.00233072504245058,691.830636777643,872.494638705453,1406.416,0.705570075866613,330.1148056262558,Fw
1242,650.808,0.70821670004857,0.751438463823644,1301.616,2021_kk_228,Kusko,2021,0.708568521086566,0.736433735743948,0.00265247185214457,691.830636777643,872.494638705453,1406.416,0.705570075866613,330.1148056262558,Fw
1243,651.332,0.710241360822173,0.749600819537027,1302.664,2021_kk_228,Kusko,2021,0.708586188322922,0.73894893462177,0.00251519887782181,691.830636777643,872.494638705453,1406.416,0.705570075866613,330.1148056262558,Fw
1244,651.856,0.70847355202045,0.747667316251726,1303.712,2021_kk_228,Kusko,2021,0.708604393455402,0.741505515742888,0.00255658112111856,691.830636777643,872.494638705453,1406.416,0.705570075866613,330.1148056262558,Fw
1245,652.38,0.709027408589733,0.763201517391846,1304.76,2021_kk_228,Kusko,2021,0.708647788389091,0.743776684832362,0.00227116908947378,691.830636777643,872.494638705453,1406.416,0.705570075866613,330.1148056262558,Fw
1246,652.904,0.709127611438264,0.755109431184499,1305.808,2021_kk_228,Kusko,2021,0.708657185022611,0.74539381930455,0.00161713447218803,691.830636777643,872.494638705453,1406.416,0.705570075866613,330.1148056262558,Fw
1247,653.428,0.708331042023615,0.749718597706867,1306.856,2021_kk_228,Kusko,2021,0.708662196926103,0.747748994359955,0.00235517505540495,691.830636777643,872.494638705453,1406.416,0.705570075866613,330.1148056262558,Fw
1248,653.952,0.708587449803425,0.747298722228228,1307.904,2021_kk_228,Kusko,2021,0.708702533999816,0.749964947472436,0.00221595311248068,691.830636777643,872.494638705453,1406.416,0.705570075866613,330.1148056262558,Fw
1249,654.476,0.707894680824125,0.773657559985223,1308.952,2021_kk_228,Kusko,2021,0.708661317072888,0.751935449164506,0.00197050169207069,691.830636777643,872.494638705453,1406.416,0.705570075866613,330.1148056262558,Fw
1250,655,0.708453543028396,0.752192176045483,1310,2021_kk_228,Kusko,2021,0.708703263815925,0.75369763558272,0.00176218641821402,691.830636777643,872.494638705453,1406.416,0.705570075866613,330.1148056262558,Fw
1251,655.524,0.709015627904912,0.757688848471213,1311.048,2021_kk_228,Kusko,2021,0.708720532900313,0.755696270403727,0.00199863482100637,691.830636777643,872.494638705453,1406.416,0.705570075866613,330.1148056262558,Fw
1252,656.048,0.708113616203834,0.76272155574948,1312.096,2021_kk_228,Kusko,2021,0.708702010980606,0.757160692866471,0.0014644224627447,691.830636777643,872.494638705453,1406.416,0.705570075866613,330.1148056262558,Fw
1253,656.572,0.709235354897745,0.755279207194999,1313.144,2021_kk_228,Kusko,2021,0.708731621788858,0.759232959355635,0.00207226648916303,691.830636777643,872.494638705453,1406.416,0.705570075866613,330.1148056262558,Fw
1254,657.096,0.709812188801136,0.769894039745552,1314.192,2021_kk_228,Kusko,2021,0.708725059849928,0.762017694250687,0.00278473489505215,691.830636777643,872.494638705453,1406.416,0.705570075866613,330.1148056262558,Fw
1255,657.62,0.707853378598758,0.777992798867308,1315.24,2021_kk_228,Kusko,2021,0.708755501610762,0.764242566923065,0.00222487267237848,691.830636777643,872.494638705453,1406.416,0.705570075866613,330.1148056262558,Fw
1256,658.144,0.708406802515975,0.776827973575121,1316.288,2021_kk_228,Kusko,2021,0.708810809537967,0.766549941302577,0.00230737437951178,691.830636777643,872.494638705453,1406.416,0.705570075866613,330.1148056262558,Fw
1257,658.668,0.710668617646413,0.776680997683844,1317.336,2021_kk_228,Kusko,2021,0.70881357348491,0.76871324783941,0.00216330653683261,691.830636777643,872.494638705453,1406.416,0.705570075866613,330.1148056262558,Fw
1258,659.192,0.70858233338065,0.763842273996418,1318.384,2021_kk_228,Kusko,2021,0.708820951810012,0.771275823470622,0.00256257563121243,691.830636777643,872.494638705453,1406.416,0.705570075866613,330.1148056262558,Fw
1259,659.716,0.709624357414884,0.771490115359803,1319.432,2021_kk_228,Kusko,2021,0.708818347675625,0.773597385400215,0.00232156192959332,691.830636777643,872.494638705453,1406.416,0.705570075866613,330.1148056262558,Fw
1260,660.24,0.708881200256424,0.760587541640558,1320.48,2021_kk_228,Kusko,2021,0.708842013112158,0.775790905375164,0.0021935199749491,691.830636777643,872.494638705453,1406.416,0.705570075866613,330.1148056262558,Fw
1261,660.764,0.7081631928839,0.762092905095048,1321.528,2021_kk_228,Kusko,2021,0.708822249399724,0.778403962057585,0.00261305668242018,691.830636777643,872.494638705453,1406.416,0.705570075866613,330.1148056262558,Fw
1262,661.288,0.709451560713774,0.776850383827638,1322.576,2021_kk_228,Kusko,2021,0.708809562751728,0.781245030081537,0.0028410680239529,691.830636777643,872.494638705453,1406.416,0.705570075866613,330.1148056262558,Fw
1263,661.812,0.707824705465338,0.762207005004178,1323.624,2021_kk_228,Kusko,2021,0.708853234149731,0.783990720574807,0.00274569049326923,691.830636777643,872.494638705453,1406.416,0.705570075866613,330.1148056262558,Fw
1264,662.336,0.709616478090517,0.757732375144037,1324.672,2021_kk_228,Kusko,2021,0.708855751160118,0.786589008601901,0.00259828802709461,691.830636777643,872.494638705453,1406.416,0.705570075866613,330.1148056262558,Fw
1265,662.86,0.709150280716431,0.760919340241755,1325.72,2021_kk_228,Kusko,2021,0.708875469037527,0.789118870802338,0.00252986220043705,691.830636777643,872.494638705453,1406.416,0.705570075866613,330.1148056262558,Fw
1266,663.384,0.708465839553493,0.780230835233774,1326.768,2021_kk_228,Kusko,2021,0.708932744135576,0.791972926997865,0.0028540561955267,691.830636777643,872.494638705453,1406.416,0.705570075866613,330.1148056262558,Fw
1267,663.908,0.709272329263771,0.812069925088616,1327.816,2021_kk_228,Kusko,2021,0.708940467583368,0.794531799113558,0.00255887211569272,691.830636777643,872.494638705453,1406.416,0.705570075866613,330.1148056262558,Fw
1268,664.432,0.70848837693216,0.777246907601771,1328.864,2021_kk_228,Kusko,2021,0.708932962608301,0.796759361207893,0.00222756209433528,691.830636777643,872.494638705453,1406.416,0.705570075866613,330.1148056262558,Fw
1269,664.956,0.708116888411686,0.758901238305523,1329.912,2021_kk_228,Kusko,2021,0.708911199009777,0.798780038708117,0.00202067750022417,691.830636777643,872.494638705453,1406.416,0.705570075866613,330.1148056262558,Fw
1270,665.48,0.708767073244067,0.77257571544869,1330.96,2021_kk_228,Kusko,2021,0.708922353516399,0.801352960828653,0.00257292212053573,691.830636777643,872.494638705453,1406.416,0.705570075866613,330.1148056262558,Fw
1271,666.004,0.709829622509352,0.759505376887972,1332.008,2021_kk_228,Kusko,2021,0.708901882978877,0.803683242301018,0.00233028147236469,691.830636777643,872.494638705453,1406.416,0.705570075866613,330.1148056262558,Fw
1272,666.528,0.709739792253321,0.789313238366205,1333.056,2021_kk_228,Kusko,2021,0.708929802451848,0.806121231223103,0.00243798892208558,691.830636777643,872.494638705453,1406.416,0.705570075866613,330.1148056262558,Fw
1273,667.052,0.709139804438141,0.78071061908141,1334.104,2021_kk_228,Kusko,2021,0.708881773462358,0.808398550458669,0.00227731923556618,691.830636777643,872.494638705453,1406.416,0.705570075866613,330.1148056262558,Fw
1274,667.576,0.709686601382607,0.797790224381804,1335.152,2021_kk_228,Kusko,2021,0.708899505054471,0.810634123656492,0.00223557319782275,691.830636777643,872.494638705453,1406.416,0.705570075866613,330.1148056262558,Fw
1275,668.1,0.709846605621766,0.797162920461276,1336.2,2021_kk_228,Kusko,2021,0.708884433102056,0.81193199901789,0.00129787536139736,691.830636777643,872.494638705453,1406.416,0.705570075866613,330.1148056262558,Fw
1276,668.624,0.708475363723656,0.771928067571115,1337.248,2021_kk_228,Kusko,2021,0.708864304575853,0.813402205662333,0.00147020664444308,691.830636777643,872.494638705453,1406.416,0.705570075866613,330.1148056262558,Fw
1277,669.148,0.708964248509763,0.822855887854326,1338.296,2021_kk_228,Kusko,2021,0.708887789077447,0.815043086323206,0.00164088066087342,691.830636777643,872.494638705453,1406.416,0.705570075866613,330.1148056262558,Fw
1278,669.672,0.709253281878212,0.791944041540141,1339.344,2021_kk_228,Kusko,2021,0.708896464094651,0.817082896828927,0.002039810505721,691.830636777643,872.494638705453,1406.416,0.705570075866613,330.1148056262558,Fw
1279,670.196,0.707858272760059,0.81302249623993,1340.392,2021_kk_228,Kusko,2021,0.708922145812455,0.818792603266565,0.00170970643763813,691.830636777643,872.494638705453,1406.416,0.705570075866613,330.1148056262558,Fw
1280,670.72,0.710443024283038,0.809250787259244,1341.44,2021_kk_228,Kusko,2021,0.708927379084847,0.820487841230353,0.00169523796378745,691.830636777643,872.494638705453,1406.416,0.705570075866613,330.1148056262558,Fw
1281,671.244,0.709356341603418,0.81149509684827,1342.488,2021_kk_228,Kusko,2021,0.708926689789894,0.821980033838187,0.0014921926078344,691.830636777643,872.494638705453,1406.416,0.705570075866613,330.1148056262558,Fw
1282,671.768,0.707751944073911,0.802170491604024,1343.536,2021_kk_228,Kusko,2021,0.708933823782356,0.823497054380599,0.00151702054241176,691.830636777643,872.494638705453,1406.416,0.705570075866613,330.1148056262558,Fw
1283,672.292,0.70871943681591,0.814775626146304,1344.584,2021_kk_228,Kusko,2021,0.708934278047059,0.824707915395962,0.00121086101536316,691.830636777643,872.494638705453,1406.416,0.705570075866613,330.1148056262558,Fw
1284,672.816,0.707780708535376,0.853234291484316,1345.632,2021_kk_228,Kusko,2021,0.708939675313724,0.825867795551918,0.00115988015595569,691.830636777643,872.494638705453,1406.416,0.705570075866613,330.1148056262558,Fw
1285,673.34,0.709740681431557,0.824120768744315,1346.68,2021_kk_228,Kusko,2021,0.708972740194281,0.827492212841559,0.00162441728964102,691.830636777643,872.494638705453,1406.416,0.705570075866613,330.1148056262558,Fw
1286,673.864,0.709117587362715,0.838659969047668,1347.728,2021_kk_228,Kusko,2021,0.708982481253179,0.828553985440486,0.0010617725989277,691.830636777643,872.494638705453,1406.416,0.705570075866613,330.1148056262558,Fw
1287,674.388,0.709392522574053,0.854472143154875,1348.776,2021_kk_228,Kusko,2021,0.708970772552615,0.830127114103324,0.00157312866283799,691.830636777643,872.494638705453,1406.416,0.705570075866613,330.1148056262558,Fw
1288,674.912,0.708851555637561,0.864485403034716,1349.824,2021_kk_228,Kusko,2021,0.708967590259537,0.832494485706051,0.00236737160272693,691.830636777643,872.494638705453,1406.416,0.705570075866613,330.1148056262558,Fw
1289,675.436,0.708228410784142,0.844603979343991,1350.872,2021_kk_228,Kusko,2021,0.708964712272746,0.834709996874643,0.00221551116859142,691.830636777643,872.494638705453,1406.416,0.705570075866613,330.1148056262558,Fw
1290,675.96,0.707839953872145,0.837010736506899,1351.92,2021_kk_228,Kusko,2021,0.708969488477408,0.837065095005873,0.00235509813123036,691.830636777643,872.494638705453,1406.416,0.705570075866613,330.1148056262558,Fw
1291,676.484,0.707607343212252,0.846422571189485,1352.968,2021_kk_228,Kusko,2021,0.708986320709185,0.839985661714951,0.00292056670907814,691.830636777643,872.494638705453,1406.416,0.705570075866613,330.1148056262558,Fw
1292,677.008,0.70806071075378,0.875234649645564,1354.016,2021_kk_228,Kusko,2021,0.708980078860964,0.842981864441924,0.0029962027269731,691.830636777643,872.494638705453,1406.416,0.705570075866613,330.1148056262558,Fw
1293,677.532,0.708946935460373,0.890069616068156,1355.064,2021_kk_228,Kusko,2021,0.708991756678442,0.846639512148203,0.00365764770627841,691.830636777643,872.494638705453,1406.416,0.705570075866613,330.1148056262558,Fw
1294,678.056,0.708306508095535,0.882743942803882,1356.112,2021_kk_228,Kusko,2021,0.708999998564667,0.850536351022439,0.0038968388742362,691.830636777643,872.494638705453,1406.416,0.705570075866613,330.1148056262558,Fw
1295,678.58,0.709697979778722,0.879478551888963,1357.16,2021_kk_228,Kusko,2021,0.708985026449562,0.854508160902163,0.00397180987972434,691.830636777643,872.494638705453,1406.416,0.705570075866613,330.1148056262558,Fw
1296,679.104,0.710929881076125,0.890083334586267,1358.208,2021_kk_228,Kusko,2021,0.70897451509355,0.858508102890618,0.00399994198845455,691.830636777643,872.494638705453,1406.416,0.705570075866613,330.1148056262558,Fw
1297,679.628,0.709557481171948,0.905301429990071,1359.256,2021_kk_228,Kusko,2021,0.708964782901673,0.862203854814818,0.00369575192420002,691.830636777643,872.494638705453,1406.416,0.705570075866613,330.1148056262558,Fw
1298,680.152,0.708878859532453,0.891209384535331,1360.304,2021_kk_228,Kusko,2021,0.708959953756248,0.866962695100938,0.00475884028612006,691.830636777643,872.494638705453,1406.416,0.705570075866613,330.1148056262558,Fw
1299,680.676,0.709599862079722,0.900649573607753,1361.352,2021_kk_228,Kusko,2021,0.708969562643563,0.872425449594009,0.00546275449307076,691.830636777643,872.494638705453,1406.416,0.705570075866613,330.1148056262558,Fw
1300,681.2,0.708391119882193,0.89468392788264,1362.4,2021_kk_228,Kusko,2021,0.708967281496603,0.877284917922292,0.00485946832828377,691.830636777643,872.494638705453,1406.416,0.705570075866613,330.1148056262558,Fw
1301,681.724,0.708256986144186,0.902888802874169,1363.448,2021_kk_228,Kusko,2021,0.708942780652435,0.882101948099656,0.00481703017736401,691.830636777643,872.494638705453,1406.416,0.705570075866613,330.1148056262558,Fw
1302,682.248,0.709891868426842,0.897717799148773,1364.496,2021_kk_228,Kusko,2021,0.708926837776896,0.886731107293311,0.00462915919365481,691.830636777643,872.494638705453,1406.416,0.705570075866613,330.1148056262558,Fw
1303,682.772,0.707359621452758,0.886239973671003,1365.544,2021_kk_228,Kusko,2021,0.708944330018512,0.891291317692371,0.00456021039905985,691.830636777643,872.494638705453,1406.416,0.705570075866613,330.1148056262558,Fw
1304,683.296,0.709537447547221,0.881801708121093,1366.592,2021_kk_228,Kusko,2021,0.708930189913218,0.895909390077202,0.00461807238483147,691.830636777643,872.494638705453,1406.416,0.705570075866613,330.1148056262558,Fw
1305,683.82,0.708123091444868,0.841074039075683,1367.64,2021_kk_228,Kusko,2021,0.708901102718134,0.90037504539819,0.00446565532098764,691.830636777643,872.494638705453,1406.416,0.705570075866613,330.1148056262558,Fw
1306,684.344,0.707919899866061,0.843321829851083,1368.688,2021_kk_228,Kusko,2021,0.70890720214121306,0.90546869065539,0.0050936452571998,691.830636777643,872.494638705453,1406.416,0.705570075866613,330.1148056262558,Fw
1307,684.868,0.709740112119242,0.848171437359275,1369.736,2021_kk_228,Kusko,2021,0.708902755463282,0.909457283388919,0.00398859273352925,691.830636777643,872.494638705453,1406.416,0.705570075866613,330.1148056262558,Fw
1308,685.392,0.70910795083566,0.869687352571484,1370.784,2021_kk_228,Kusko,2021,0.708881734496676,0.914346576075651,0.00488929268673199,691.830636777643,872.494638705453,1406.416,0.705570075866613,330.1148056262558,Fw
1309,685.916,0.709435583892384,0.876239946243508,1371.832,2021_kk_228,Kusko,2021,0.708885226329047,0.918747665251635,0.0044010891759837,691.830636777643,872.494638705453,1406.416,0.705570075866613,330.1148056262558,Fw
1310,686.44,0.708767539371919,0.85390645387273,1372.88,2021_kk_228,Kusko,2021,0.708859010260715,0.922972216392613,0.00422455114097819,691.830636777643,872.494638705453,1406.416,0.705570075866613,330.1148056262558,Fw
1311,686.964,0.708974270207745,0.847220404941277,1373.928,2021_kk_228,Kusko,2021,0.70885661378456,0.927359834916891,0.00438761852427783,691.830636777643,872.494638705453,1406.416,0.705570075866613,330.1148056262558,Fw
1312,687.488,0.708541655751515,0.853742788294185,1374.976,2021_kk_228,Kusko,2021,0.708866334071074,0.931654176870906,0.00429434195401523,691.830636777643,872.494638705453,1406.416,0.705570075866613,330.1148056262558,Fw
1313,688.012,0.709262610779942,0.827930868116789,1376.024,2021_kk_228,Kusko,2021,0.708859080087639,0.93561332104145,0.00395914417054366,691.830636777643,872.494638705453,1406.416,0.705570075866613,330.1148056262558,Fw
1314,688.536,0.71013602480102,0.839486849102889,1377.072,2021_kk_228,Kusko,2021,0.708890326728285,0.938655566078756,0.00304224503730632,691.830636777643,872.494638705453,1406.416,0.705570075866613,330.1148056262558,Fw
1315,689.06,0.709837271432182,0.87545783624577,1378.12,2021_kk_228,Kusko,2021,0.708889527358135,0.942428983802063,0.0037734177233073,691.830636777643,872.494638705453,1406.416,0.705570075866613,330.1148056262558,Fw
1316,689.584,0.708991266049886,0.840534329510787,1379.168,2021_kk_228,Kusko,2021,0.70886477926631,0.945668830014402,0.00323984621233853,691.830636777643,872.494638705453,1406.416,0.705570075866613,330.1148056262558,Fw
1317,690.108,0.709966095612569,0.871068717454116,1380.216,2021_kk_228,Kusko,2021,0.708848349494111,0.948572571653306,0.00290374163890383,691.830636777643,872.494638705453,1406.416,0.705570075866613,330.1148056262558,Fw
1318,690.632,0.708391395795956,0.905884570160031,1381.264,2021_kk_228,Kusko,2021,0.708858561850564,0.951353266015902,0.00278069436259609,691.830636777643,872.494638705453,1406.416,0.705570075866613,330.1148056262558,Fw
1319,691.156,0.70945167820741994,0.90442078547529,1382.312,2021_kk_228,Kusko,2021,0.708874056821459,0.954706541429331,0.00335327541342889,691.830636777643,872.494638705453,1406.416,0.705570075866613,330.1148056262558,Fw
1320,691.68,0.709167772536153,0.901893429514385,1383.36,2021_kk_228,Kusko,2021,0.708902540180598,0.958072260518326,0.00336571908899475,691.830636777643,872.494638705453,1406.416,0.705570075866613,330.1148056262558,Fw
1321,692.204,0.709173126790501,0.937326907639731,1384.408,2021_kk_228,Kusko,2021,0.708926778953411,0.961696015360836,0.00362375484251032,691.830636777643,872.494638705453,1406.416,0.705570075866613,330.1148056262558,Fw
1322,692.728,0.709077049820518,0.956622547446027,1385.456,2021_kk_228,Kusko,2021,0.708938068627223,0.964406528464131,0.00271051310329495,691.830636777643,872.494638705453,1406.416,0.705570075866613,330.1148056262558,Fw
1323,693.252,0.708525374514016,0.98166586738088,1386.504,2021_kk_228,Kusko,2021,0.708952482610124,0.966801889531413,0.002395361067282,691.830636777643,872.494638705453,1406.416,0.705570075866613,330.1148056262558,Fw
1324,693.776,0.710110991264023,0.991542707598206,1387.552,2021_kk_228,Kusko,2021,0.708967442796739,0.969462811923052,0.00266092239163895,691.830636777643,872.494638705453,1406.416,0.705570075866613,330.1148056262558,Fw
1325,694.3,0.708251953810143,0.999227933025213,1388.6,2021_kk_228,Kusko,2021,0.708963291934731,0.972041573738827,0.00257876181577554,691.830636777643,872.494638705453,1406.416,0.705570075866613,330.1148056262558,Fw
1326,694.824,0.707835158192806,1.02022735454105,1389.648,2021_kk_228,Kusko,2021,0.708900562421656,0.974259474515187,0.0022179007763593,691.830636777643,872.494638705453,1406.416,0.705570075866613,330.1148056262558,Fw
1327,695.348,0.708688397751106,1.03381504054062,1390.696,2021_kk_228,Kusko,2021,0.708871460650986,0.976614553277564,0.00235507876237784,691.830636777643,872.494638705453,1406.416,0.705570075866613,330.1148056262558,Fw
1328,695.872,0.708198628206649,1.06277732476898,1391.744,2021_kk_228,Kusko,2021,0.70886990048312,0.97870421024836,0.00208965697079522,691.830636777643,872.494638705453,1406.416,0.705570075866613,330.1148056262558,Fw
1329,696.396,0.708693421650624,1.08666650788977,1392.792,2021_kk_228,Kusko,2021,0.708848664397996,0.980573651787256,0.0018694415388959,691.830636777643,872.494638705453,1406.416,0.705570075866613,330.1148056262558,Fw
1330,696.92,0.70863020442648,1.06414381514571,1393.84,2021_kk_228,Kusko,2021,0.708861533447917,0.982493202950252,0.00191955116299669,691.830636777643,872.494638705453,1406.416,0.705570075866613,330.1148056262558,Fw
1331,697.444,0.70835957185922,1.04852718752981,1394.888,2021_kk_228,Kusko,2021,0.708871280676857,0.984516656467105,0.00202345351685296,691.830636777643,872.494638705453,1406.416,0.705570075866613,330.1148056262558,Fw
1332,697.968,0.708783219721007,1.06706278998549,1395.936,2021_kk_228,Kusko,2021,0.708872583712738,0.9864170216239,0.0019003651567947,691.830636777643,872.494638705453,1406.416,0.705570075866613,330.1148056262558,Fw
1333,698.492,0.710189338935121,1.054323243025,1396.984,2021_kk_228,Kusko,2021,0.708902418761194,0.988596785923448,0.00217976429954769,691.830636777643,872.494638705453,1406.416,0.705570075866613,330.1148056262558,Fw
1334,699.016,0.708838195064936,1.07487456747169,1398.032,2021_kk_228,Kusko,2021,0.708901655929634,0.990401859434736,0.00180507351128834,691.830636777643,872.494638705453,1406.416,0.705570075866613,330.1148056262558,Fw
1335,699.54,0.708101373916752,1.06510223972053,1399.08,2021_kk_228,Kusko,2021,0.70891495367657,0.992863293939161,0.00246143450442471,691.830636777643,872.494638705453,1406.416,0.705570075866613,330.1148056262558,Fw
1336,700.064,0.708841329108401,1.07754678300311,1400.128,2021_kk_228,Kusko,2021,0.708920617162677,0.994797528145818,0.00193423420665784,691.830636777643,872.494638705453,1406.416,0.705570075866613,330.1148056262558,Fw
1337,700.588,0.708697447833883,1.06217145186608,1401.176,2021_kk_228,Kusko,2021,0.708920729142904,0.996529046358272,0.00173151821245365,691.830636777643,872.494638705453,1406.416,0.705570075866613,330.1148056262558,Fw
1338,701.112,0.707992023881863,1.08530160274406,1402.224,2021_kk_228,Kusko,2021,0.708913274795215,0.997884319358378,0.00135527300010618,691.830636777643,872.494638705453,1406.416,0.705570075866613,330.1148056262558,Fw
1339,701.636,0.708067782702326,1.07708784679895,1403.272,2021_kk_228,Kusko,2021,0.708934424502804,0.998979356999746,0.00109503764136787,691.830636777643,872.494638705453,1406.416,0.705570075866613,330.1148056262558,Fw
1340,702.16,0.708870060183108,1.06272385571793,1404.32,2021_kk_228,Kusko,2021,0.708939620761644,1.0004581765737,0.00147881957395291,691.830636777643,872.494638705453,1406.416,0.705570075866613,330.1148056262558,Fw
1341,702.684,0.709212553034097,1.07475220830495,1405.368,2021_kk_228,Kusko,2021,0.708936073471731,1.00168726239663,0.00122908582293069,691.830636777643,872.494638705453,1406.416,0.705570075866613,330.1148056262558,Fw
1342,703.208,0.708335161264785,1.05983100884494,1406.416,2021_kk_228,Kusko,2021,0.70893700626713,1.0025019743980501,8.1471200142058e-4,691.830636777643,872.494638705453,1406.416,0.705570075866613,330.1148056262558,Early Marine
1343,703.732,0.708284197809783,1.05232427637892,1407.464,2021_kk_228,Kusko,2021,0.708927504916055,1.00361937648412,0.00111740208606492,691.830636777643,872.494638705453,1406.416,0.705570075866613,330.1148056262558,Early Marine
1344,704.256,0.709655506974135,1.03576899372269,1408.512,2021_kk_228,Kusko,2021,0.708900991790024,1.00445196455942,8.3258807530795e-4,691.830636777643,872.494638705453,1406.416,0.705570075866613,330.1148056262558,Early Marine
1345,704.78,0.70969271922255,1.05052583214275,1409.56,2021_kk_228,Kusko,2021,0.708901446555223,1.00452805288865,7.6088329228563e-5,691.830636777643,872.494638705453,1406.416,0.705570075866613,330.1148056262558,Early Marine
1346,705.304,0.707632701853275,1.03305074178798,1410.608,2021_kk_228,Kusko,2021,0.708897375482756,1.00565267233145,0.00112461944279696,691.830636777643,872.494638705453,1406.416,0.705570075866613,330.1148056262558,Early Marine
1347,705.828,0.708406736242059,1.0286966414891,1411.656,2021_kk_228,Kusko,2021,0.70884740570547,1.00642266411661,7.6999178516534e-4,691.830636777643,872.494638705453,1406.416,0.705570075866613,330.1148056262558,Early Marine
1348,706.352,0.709464297024787,1.03132706479049,1412.704,2021_kk_228,Kusko,2021,0.708873742967195,1.00616642776099,-2.5623635562199e-4,691.830636777643,872.494638705453,1406.416,0.705570075866613,330.1148056262558,Early Marine
1349,706.876,0.709158109037823,1.04580050414972,1413.752,2021_kk_228,Kusko,2021,0.708853707812561,1.00595179876196,-2.146289990359e-4,691.830636777643,872.494638705453,1406.416,0.705570075866613,330.1148056262558,Early Marine
1350,707.4,0.709548955420498,1.03895388184659,1414.8,2021_kk_228,Kusko,2021,0.708824568380908,1.00546498954526,-4.8680921669919e-4,691.830636777643,872.494638705453,1406.416,0.705570075866613,330.1148056262558,Early Marine
1351,707.924,0.709061669581011,1.0638478617401,1415.848,2021_kk_228,Kusko,2021,0.708826165276231,1.00508928627957,-3.757032656888e-4,691.830636777643,872.494638705453,1406.416,0.705570075866613,330.1148056262558,Early Marine
1352,708.448,0.708738091182468,1.03786543584326,1416.896,2021_kk_228,Kusko,2021,0.708839525683419,1.00408582863149,-0.00100345764807752,691.830636777643,872.494638705453,1406.416,0.705570075866613,330.1148056262558,Early Marine
1353,708.972,0.709811774434474,1.03379128010508,1417.944,2021_kk_228,Kusko,2021,0.708844911756208,1.00231239017826,-0.00177343845322819,691.830636777643,872.494638705453,1406.416,0.705570075866613,330.1148056262558,Early Marine
1354,709.496,0.709204119292403,1.04239928630222,1418.992,2021_kk_228,Kusko,2021,0.708820778853409,1.0006135137389,-0.00169887643936661,691.830636777643,872.494638705453,1406.416,0.705570075866613,330.1148056262558,Early Marine
1355,710.02,0.709448928058257,1.03420426083549,1420.04,2021_kk_228,Kusko,2021,0.708803604585115,0.998391437682068,-0.00222207605682834,691.830636777643,872.494638705453,1406.416,0.705570075866613,330.1148056262558,Early Marine
1356,710.544,0.707166110291662,1.02315738116783,1421.088,2021_kk_228,Kusko,2021,0.708833531645813,0.996115316662647,-0.00227612101942087,691.830636777643,872.494638705453,1406.416,0.705570075866613,330.1148056262558,Early Marine
1357,711.068,0.707811374931749,1.04660615573274,1422.136,2021_kk_228,Kusko,2021,0.708835362459053,0.993566757148975,-0.00254855951367117,691.830636777643,872.494638705453,1406.416,0.705570075866613,330.1148056262558,Early Marine
1358,711.592,0.70878524946049,1.01658880278304,1423.184,2021_kk_228,Kusko,2021,0.708859214404358,0.990434699726244,-0.0031320574227317,691.830636777643,872.494638705453,1406.416,0.705570075866613,330.1148056262558,Early Marine
1359,712.116,0.708325696972284,1.01281606594151,1424.232,2021_kk_228,Kusko,2021,0.708883411666774,0.98701085190655,-0.00342384781969363,691.830636777643,872.494638705453,1406.416,0.705570075866613,330.1148056262558,Early Marine
1360,712.64,0.709163262877425,1.00985699766244,1425.28,2021_kk_228,Kusko,2021,0.708913101603906,0.983753744390741,-0.00325710751580877,691.830636777643,872.494638705453,1406.416,0.705570075866613,330.1148056262558,Early Marine
1361,713.164,0.708841819880574,1.02429601388535,1426.328,2021_kk_228,Kusko,2021,0.708929393109321,0.981034285795624,-0.00271945859511746,691.830636777643,872.494638705453,1406.416,0.705570075866613,330.1148056262558,Early Marine
1362,713.688,0.709970050579713,1.01173970855645,1427.376,2021_kk_228,Kusko,2021,0.708923102462224,0.978127340212454,-0.00290694558317017,691.830636777643,872.494638705453,1406.416,0.705570075866613,330.1148056262558,Early Marine
1363,714.212,0.709149724360118,1.01702583164386,1428.424,2021_kk_228,Kusko,2021,0.70886905840402,0.975371763911469,-0.00275557630098477,691.830636777643,872.494638705453,1406.416,0.705570075866613,330.1148056262558,Early Marine
1364,714.736,0.709491677653625,0.9901061187984,1429.472,2021_kk_228,Kusko,2021,0.708863721482779,0.972192217440302,-0.00317954647116703,691.830636777643,872.494638705453,1406.416,0.705570075866613,330.1148056262558,Early Marine
1365,715.26,0.708920956261011,0.98876010934116,1430.52,2021_kk_228,Kusko,2021,0.708862106045664,0.96918907348742,-0.0030031439528817,691.830636777643,872.494638705453,1406.416,0.705570075866613,330.1148056262558,Early Marine
1366,715.784,0.708259709032488,0.959375882250556,1431.568,2021_kk_228,Kusko,2021,0.708857859379525,0.965764336042122,-0.00342473744529803,691.830636777643,872.494638705453,1406.416,0.705570075866613,330.1148056262558,Early Marine
1367,716.308,0.709746830932861,0.952062530106491,1432.616,2021_kk_228,Kusko,2021,0.708850723626155,0.963147945208775,-0.00261639083334708,691.830636777643,872.494638705453,1406.416,0.705570075866613,330.1148056262558,Early Marine
1368,716.832,0.708660689974346,0.951003732577854,1433.664,2021_kk_228,Kusko,2021,0.708864806799074,0.959937105193779,-0.00321084001499605,691.830636777643,872.494638705453,1406.416,0.705570075866613,330.1148056262558,Early Marine
1369,717.356,0.710704566347718,0.941942204725586,1434.712,2021_kk_228,Kusko,2021,0.708881245106398,0.9569167940031,-0.00302031119067914,691.830636777643,872.494638705453,1406.416,0.705570075866613,330.1148056262558,Early Marine
1370,717.88,0.709079314902294,0.942635628309902,1435.76,2021_kk_228,Kusko,2021,0.708870633841865,0.953929305697089,-0.00298748830601081,691.830636777643,872.494638705453,1406.416,0.705570075866613,330.1148056262558,Early Marine
1371,718.404,0.708761432812983,0.920965554317125,1436.808,2021_kk_228,Kusko,2021,0.708869485249862,0.950819406115851,-0.00310989958123775,691.830636777643,872.494638705453,1406.416,0.705570075866613,330.1148056262558,Early Marine
1372,718.928,0.708597623475451,0.902625508379422,1437.856,2021_kk_228,Kusko,2021,0.708867530122674,0.948071725665183,-0.00274768045066787,691.830636777643,872.494638705453,1406.416,0.705570075866613,330.1148056262558,Early Marine
1373,719.452,0.708692529715429,0.894974993280685,1438.904,2021_kk_228,Kusko,2021,0.708851257589183,0.945372563408321,-0.00269916225686229,691.830636777643,872.494638705453,1406.416,0.705570075866613,330.1148056262558,Early Marine
1374,719.976,0.708545237239153,0.889442133621366,1439.952,2021_kk_228,Kusko,2021,0.708849312933326,0.942827757338308,-0.00254480607001362,691.830636777643,872.494638705453,1406.416,0.705570075866613,330.1148056262558,Early Marine
1375,720.5,0.709864557344156,0.880023135999485,1441,2021_kk_228,Kusko,2021,0.708848531604762,0.940147828875813,-0.00267992846249421,691.830636777643,872.494638705453,1406.416,0.705570075866613,330.1148056262558,Early Marine
1376,721.024,0.708747001701866,0.908011496078597,1442.048,2021_kk_228,Kusko,2021,0.708881858377885,0.937909548716234,-0.00223828015957928,691.830636777643,872.494638705453,1406.416,0.705570075866613,330.1148056262558,Early Marine
1377,721.548,0.706967908975415,0.917268224564036,1443.096,2021_kk_228,Kusko,2021,0.708883302015532,0.93610552634778,-0.00180402236845367,691.830636777643,872.494638705453,1406.416,0.705570075866613,330.1148056262558,Early Marine
1378,722.072,0.709971631499432,0.890510388822707,1444.144,2021_kk_228,Kusko,2021,0.708883122479486,0.933666358468364,-0.00243916787941623,691.830636777643,872.494638705453,1406.416,0.705570075866613,330.1148056262558,Early Marine
1379,722.596,0.70824956892939,0.891543045533141,1445.192,2021_kk_228,Kusko,2021,0.708890649977975,0.930907095414199,-0.00275926305416518,691.830636777643,872.494638705453,1406.416,0.705570075866613,330.1148056262558,Early Marine
1380,723.12,0.707419406636986,0.872684876512424,1446.24,2021_kk_228,Kusko,2021,0.708851702087796,0.928200433040249,-0.00270666237394979,691.830636777643,872.494638705453,1406.416,0.705570075866613,330.1148056262558,Early Marine
1381,723.644,0.709268940509844,0.914784711698403,1447.288,2021_kk_228,Kusko,2021,0.708844279534609,0.924973460099714,-0.00322697294053531,691.830636777643,872.494638705453,1406.416,0.705570075866613,330.1148056262558,Early Marine
1382,724.168,0.709878674251829,0.896415088561382,1448.336,2021_kk_228,Kusko,2021,0.708873026733253,0.922704946747628,-0.00226851335208622,691.830636777643,872.494638705453,1406.416,0.705570075866613,330.1148056262558,Early Marine
1383,724.692,0.708848538881357,0.875259560187185,1449.384,2021_kk_228,Kusko,2021,0.708863073374276,0.920568644488116,-0.00213630225951178,691.830636777643,872.494638705453,1406.416,0.705570075866613,330.1148056262558,Early Marine
1384,725.216,0.708663017096093,0.889610121236218,1450.432,2021_kk_228,Kusko,2021,0.708861406639562,0.918008256958147,-0.00256038752996846,691.830636777643,872.494638705453,1406.416,0.705570075866613,330.1148056262558,Early Marine
1385,725.74,0.707221497712495,0.865903369615502,1451.48,2021_kk_228,Kusko,2021,0.708845920313665,0.915353025653534,-0.00265523130461331,691.830636777643,872.494638705453,1406.416,0.705570075866613,330.1148056262558,Early Marine
1386,726.264,0.709630781834648,0.883660093375799,1452.528,2021_kk_228,Kusko,2021,0.708912081928157,0.912946555287434,-0.00240647036610064,691.830636777643,872.494638705453,1406.416,0.705570075866613,330.1148056262558,Early Marine
1387,726.788,0.708798246545522,0.880901469720346,1453.576,2021_kk_228,Kusko,2021,0.708934595029871,0.910216385128004,-0.00273017015943,691.830636777643,872.494638705453,1406.416,0.705570075866613,330.1148056262558,Early Marine
1388,727.312,0.709629744924989,0.874853879405077,1454.624,2021_kk_228,Kusko,2021,0.708934803150546,0.9081134715885,-0.00210291353950398,691.830636777643,872.494638705453,1406.416,0.705570075866613,330.1148056262558,Early Marine
1389,727.836,0.71014525739556,0.881235638708152,1455.672,2021_kk_228,Kusko,2021,0.708916745670613,0.905684039293416,-0.00242943229508319,691.830636777643,872.494638705453,1406.416,0.705570075866613,330.1148056262558,Early Marine
1390,728.36,0.710411600654372,0.868717364197191,1456.72,2021_kk_228,Kusko,2021,0.708915552172714,0.903270560508615,-0.00241347878480114,691.830636777643,872.494638705453,1406.416,0.705570075866613,330.1148056262558,Early Marine
1391,728.884,0.709337062184124,0.885359671822759,1457.768,2021_kk_228,Kusko,2021,0.708902172259123,0.900691426336406,-0.00257913417220967,691.830636777643,872.494638705453,1406.416,0.705570075866613,330.1148056262558,Early Marine
1392,729.408,0.708405780895182,0.89264605499528,1458.816,2021_kk_228,Kusko,2021,0.708895644316929,0.89882683390028,-0.00186459243612591,691.830636777643,872.494638705453,1406.416,0.705570075866613,330.1148056262558,Early Marine
1393,729.932,0.706946695442908,0.88898866496592,1459.864,2021_kk_228,Kusko,2021,0.708896611607979,0.896524662817809,-0.00230217108247044,691.830636777643,872.494638705453,1406.416,0.705570075866613,330.1148056262558,Early Marine
1394,730.456,0.708517979790449,0.88410177920167,1460.912,2021_kk_228,Kusko,2021,0.708902823321129,0.894738269857372,-0.00178639296043714,691.830636777643,872.494638705453,1406.416,0.705570075866613,330.1148056262558,Early Marine
1395,730.98,0.708004447689856,0.884913602547621,1461.96,2021_kk_228,Kusko,2021,0.708888898594285,0.89297286764092,-0.00176540221645183,691.830636777643,872.494638705453,1406.416,0.705570075866613,330.1148056262558,Early Marine
1396,731.504,0.708586529140089,0.872062536285224,1463.008,2021_kk_228,Kusko,2021,0.7088995444078,0.891498305038734,-0.00147456260218626,691.830636777643,872.494638705453,1406.416,0.705570075866613,330.1148056262558,Early Marine
1397,732.028,0.70826930263166,0.905188001865259,1464.056,2021_kk_228,Kusko,2021,0.708888082552834,0.890539927715421,-9.5837732331249e-4,691.830636777643,872.494638705453,1406.416,0.705570075866613,330.1148056262558,Early Marine
1398,732.552,0.708837014257016,0.892651201844298,1465.104,2021_kk_228,Kusko,2021,0.708901641440872,0.889288111417665,-0.00125181629775695,691.830636777643,872.494638705453,1406.416,0.705570075866613,330.1148056262558,Early Marine
1399,733.076,0.709054081141765,0.895869175358203,1466.152,2021_kk_228,Kusko,2021,0.708857567663711,0.888001007419342,-0.00128710399832266,691.830636777643,872.494638705453,1406.416,0.705570075866613,330.1148056262558,Early Marine
1400,733.6,0.708233384311159,0.883474557357285,1467.2,2021_kk_228,Kusko,2021,0.708858131910748,0.886841080071814,-0.00115992734752834,691.830636777643,872.494638705453,1406.416,0.705570075866613,330.1148056262558,Early Marine
1401,734.124,0.709143637513889,0.888158233430685,1468.248,2021_kk_228,Kusko,2021,0.708874196569167,0.885813480591044,-0.00102759948076958,691.830636777643,872.494638705453,1406.416,0.705570075866613,330.1148056262558,Early Marine
1402,734.648,0.708217853633493,0.89497018180487,1469.296,2021_kk_228,Kusko,2021,0.708869274061112,0.88503865791921,-7.7482267183404e-4,691.830636777643,872.494638705453,1406.416,0.705570075866613,330.1148056262558,Early Marine
1403,735.172,0.707307845800356,0.890374540967185,1470.344,2021_kk_228,Kusko,2021,0.708873348447814,0.884530452743931,-5.0820517527883e-4,691.830636777643,872.494638705453,1406.416,0.705570075866613,330.1148056262558,Early Marine
1404,735.696,0.709538827622723,0.88308062952188,1471.392,2021_kk_228,Kusko,2021,0.708875729409221,0.883663262869638,-8.6718987429346e-4,691.830636777643,872.494638705453,1406.416,0.705570075866613,330.1148056262558,Early Marine
1405,736.22,0.709645839508661,0.8897301243931,1472.44,2021_kk_228,Kusko,2021,0.70886505729292,0.88334081752738,-3.2244534225733e-4,691.830636777643,872.494638705453,1406.416,0.705570075866613,330.1148056262558,Early Marine
1406,736.744,0.709632308240666,0.898753932213227,1473.488,2021_kk_228,Kusko,2021,0.70885274199502,0.882242929541435,-0.00109788798594534,691.830636777643,872.494638705453,1406.416,0.705570075866613,330.1148056262558,Early Marine
1407,737.268,0.708493354500886,0.920455299381882,1474.536,2021_kk_228,Kusko,2021,0.708888718480735,0.880783938223807,-0.00145899131762783,691.830636777643,872.494638705453,1406.416,0.705570075866613,330.1148056262558,Early Marine
1408,737.792,0.709453524862057,0.884976992025514,1475.584,2021_kk_228,Kusko,2021,0.70886722520013,0.88006412158013,-7.1981664367759e-4,691.830636777643,872.494638705453,1406.416,0.705570075866613,330.1148056262558,Early Marine
1409,738.316,0.709609758947139,0.880244720899815,1476.632,2021_kk_228,Kusko,2021,0.708898022425649,0.879115406507548,-9.4871507258098e-4,691.830636777643,872.494638705453,1406.416,0.705570075866613,330.1148056262558,Early Marine
1410,738.84,0.707212082009765,0.876554139409606,1477.68,2021_kk_228,Kusko,2021,0.708926340991494,0.878273945998961,-8.4146050858746e-4,691.830636777643,872.494638705453,1406.416,0.705570075866613,330.1148056262558,Early Marine
1411,739.364,0.708616316389785,0.870229485307984,1478.728,2021_kk_228,Kusko,2021,0.708917562151916,0.876780500172145,-0.00149344582681643,691.830636777643,872.494638705453,1406.416,0.705570075866613,330.1148056262558,Early Marine
1412,739.888,0.710462923101084,0.901754634718089,1479.776,2021_kk_228,Kusko,2021,0.708889685446535,0.875512371642236,-0.00126812852990876,691.830636777643,872.494638705453,1406.416,0.705570075866613,330.1148056262558,Early Marine
1413,740.412,0.709214572895872,0.905613144534375,1480.824,2021_kk_228,Kusko,2021,0.708883643567285,0.873936214926285,-0.00157615671595068,691.830636777643,872.494638705453,1406.416,0.705570075866613,330.1148056262558,Early Marine
1414,740.936,0.70910411520958,0.888776034504112,1481.872,2021_kk_228,Kusko,2021,0.708895404544773,0.872630927263803,-0.00130528766248239,691.830636777643,872.494638705453,1406.416,0.705570075866613,330.1148056262558,Early Marine
1415,741.46,0.70851974850445,0.874890382558691,1482.92,2021_kk_228,Kusko,2021,0.708924988739096,0.871666543076146,-9.6438418765698e-4,691.830636777643,872.494638705453,1406.416,0.705570075866613,330.1148056262558,Early Marine
1416,741.984,0.711135807161163,0.878769159201788,1483.968,2021_kk_228,Kusko,2021,0.708901407814899,0.870223572857233,-0.00144297021891315,691.830636777643,872.494638705453,1406.416,0.705570075866613,330.1148056262558,Early Marine
1417,742.508,0.70916216103457,0.882795946166941,1485.016,2021_kk_228,Kusko,2021,0.708925616892246,0.868888663558542,-0.00133490929869029,691.830636777643,872.494638705453,1406.416,0.705570075866613,330.1148056262558,Early Marine
1418,743.032,0.708797736701014,0.8904139904128,1486.064,2021_kk_228,Kusko,2021,0.708897964950661,0.867937077055782,-9.5158650276061e-4,691.830636777643,872.494638705453,1406.416,0.705570075866613,330.1148056262558,Early Marine
1419,743.556,0.707242248176275,0.867050128236529,1487.112,2021_kk_228,Kusko,2021,0.708859560144472,0.86690604602898,-0.0010310310268018,691.830636777643,872.494638705453,1406.416,0.705570075866613,330.1148056262558,Early Marine
1420,744.08,0.709091653003515,0.8650482705743748,1488.16,2021_kk_228,Kusko,2021,0.708818578611585,0.865513198984765,-0.00139284704421494,691.830636777643,872.494638705453,1406.416,0.705570075866613,330.1148056262558,Early Marine
1421,744.604,0.708039025065133,0.869547963552759,1489.208,2021_kk_228,Kusko,2021,0.708826068065762,0.864346700069868,-0.00116649891489651,691.830636777643,872.494638705453,1406.416,0.705570075866613,330.1148056262558,Early Marine
1422,745.128,0.709578374048014,0.899864162388903,1490.256,2021_kk_228,Kusko,2021,0.708817287523801,0.862962383115621,-0.00138431695424723,691.830636777643,872.494638705453,1406.416,0.705570075866613,330.1148056262558,Early Marine
1423,745.652,0.709207761823166,0.878895566695641,1491.304,2021_kk_228,Kusko,2021,0.708869413121578,0.861409246655294,-0.00155313646032751,691.830636777643,872.494638705453,1406.416,0.705570075866613,330.1148056262558,Early Marine
1424,746.176,0.709864380442577,0.882922541172172,1492.352,2021_kk_228,Kusko,2021,0.7089115619745,0.859644353660253,-0.00176489299504101,691.830636777643,872.494638705453,1406.416,0.705570075866613,330.1148056262558,Early Marine
1425,746.7,0.708085472650382,0.882835976354052,1493.4,2021_kk_228,Kusko,2021,0.708946103396474,0.85861166133975,-0.00103269232050263,691.830636777643,872.494638705453,1406.416,0.705570075866613,330.1148056262558,Early Marine
1426,747.224,0.708898457843418,0.870902126119378,1494.448,2021_kk_228,Kusko,2021,0.708943195736061,0.857443104253846,-0.0011685570859038,691.830636777643,872.494638705453,1406.416,0.705570075866613,330.1148056262558,Early Marine
1427,747.748,0.709059119634887,0.89455989070774,1495.496,2021_kk_228,Kusko,2021,0.708978348682432,0.855727575240154,-0.00171552901369276,691.830636777643,872.494638705453,1406.416,0.705570075866613,330.1148056262558,Early Marine
1428,748.272,0.709474223256647,0.875894754712433,1496.544,2021_kk_228,Kusko,2021,0.708961088295828,0.85426062695042,-0.0014669482897337,691.830636777643,872.494638705453,1406.416,0.705570075866613,330.1148056262558,Early Marine
1429,748.796,0.708060139718035,0.864715964826222,1497.592,2021_kk_228,Kusko,2021,0.708977180175805,0.852697868609097,-0.00156275834132302,691.830636777643,872.494638705453,1406.416,0.705570075866613,330.1148056262558,Early Marine
1430,749.32,0.709113169724482,0.873039987458208,1498.64,2021_kk_228,Kusko,2021,0.708969610479801,0.851672092350497,-0.00102577625859968,691.830636777643,872.494638705453,1406.416,0.705570075866613,330.1148056262558,Early Marine
1431,749.844,0.709725312318173,0.859309585470951,1499.688,2021_kk_228,Kusko,2021,0.708961144348962,0.850384001779866,-0.00128809057063095,691.830636777643,872.494638705453,1406.416,0.705570075866613,330.1148056262558,Early Marine
1432,750.368,0.708302272992125,0.856136148069375,1500.736,2021_kk_228,Kusko,2021,0.708985032831692,0.848701014222768,-0.00168298755709861,691.830636777643,872.494638705453,1406.416,0.705570075866613,330.1148056262558,Early Marine
1433,750.892,0.708936992917543,0.864482682763959,1501.784,2021_kk_228,Kusko,2021,0.70903975689056,0.8471731509937,-0.00152786322906717,691.830636777643,872.494638705453,1406.416,0.705570075866613,330.1148056262558,Early Marine
1434,751.416,0.708688094923606,0.837410741163756,1502.832,2021_kk_228,Kusko,2021,0.709029118103099,0.846371714217159,-8.0143677654187e-4,691.830636777643,872.494638705453,1406.416,0.705570075866613,330.1148056262558,Early Marine
1435,751.94,0.709224230366107,0.860676415464045,1503.88,2021_kk_228,Kusko,2021,0.709025242557341,0.844646388812137,-0.0017253254050219,691.830636777643,872.494638705453,1406.416,0.705570075866613,330.1148056262558,Early Marine
1436,752.464,0.70800808382785,0.84213821692187,1504.928,2021_kk_228,Kusko,2021,0.708990956375781,0.842731373830117,-0.00191501498201974,691.830636777643,872.494638705453,1406.416,0.705570075866613,330.1148056262558,Early Marine
1437,752.988,0.709126498118305,0.829728745506367,1505.976,2021_kk_228,Kusko,2021,0.709021687711675,0.840590789745697,-0.00214058408442019,691.830636777643,872.494638705453,1406.416,0.705570075866613,330.1148056262558,Early Marine
1438,753.512,0.708682034663105,0.847321390202048,1507.024,2021_kk_228,Kusko,2021,0.709006618247729,0.838982874749618,-0.00160791499607849,691.830636777643,872.494638705453,1406.416,0.705570075866613,330.1148056262558,Early Marine
1439,754.036,0.710097402460565,0.834620141178288,1508.072,2021_kk_228,Kusko,2021,0.709017745896026,0.837831808460866,-0.00115106628875195,691.830636777643,872.494638705453,1406.416,0.705570075866613,330.1148056262558,Early Marine
1440,754.56,0.709118520587682,0.822197245997178,1509.12,2021_kk_228,Kusko,2021,0.709038513480798,0.836629548244328,-0.00120226021653791,691.830636777643,872.494638705453,1406.416,0.705570075866613,330.1148056262558,Early Marine
1441,755.084,0.708742210135186,0.82517796208942,1510.168,2021_kk_228,Kusko,2021,0.709038939630441,0.835368219444558,-0.0012613287997707,691.830636777643,872.494638705453,1406.416,0.705570075866613,330.1148056262558,Early Marine
1442,755.608,0.708206071928947,0.820327376766855,1511.216,2021_kk_228,Kusko,2021,0.709008229596177,0.83386226964027,-0.00150594980428731,691.830636777643,872.494638705453,1406.416,0.705570075866613,330.1148056262558,Early Marine
1443,756.132,0.708486026126335,0.780690157230145,1512.264,2021_kk_228,Kusko,2021,0.709031898713695,0.832059521554776,-0.00180274808549419,691.830636777643,872.494638705453,1406.416,0.705570075866613,330.1148056262558,Early Marine
1444,756.656,0.709368675745385,0.811292861487276,1513.312,2021_kk_228,Kusko,2021,0.709033174097157,0.830517257717827,-0.00154226383694933,691.830636777643,872.494638705453,1406.416,0.705570075866613,330.1148056262558,Early Marine
1445,757.18,0.70899654937192,0.808040318356082,1514.36,2021_kk_228,Kusko,2021,0.709035992558998,0.828992977670515,-0.00152428004731164,691.830636777643,872.494638705453,1406.416,0.705570075866613,330.1148056262558,Early Marine
1446,757.704,0.708215926382818,0.797081880241008,1515.408,2021_kk_228,Kusko,2021,0.709016278947913,0.827575495374068,-0.00141748229644745,691.830636777643,872.494638705453,1406.416,0.705570075866613,330.1148056262558,Early Marine
1447,758.228,0.710250791186326,0.80080691179893,1516.456,2021_kk_228,Kusko,2021,0.70900324072887,0.826158893733503,-0.00141660164056434,691.830636777643,872.494638705453,1406.416,0.705570075866613,330.1148056262558,Early Marine
1448,758.752,0.707970628429874,0.817758689239436,1517.504,2021_kk_228,Kusko,2021,0.709007291617686,0.824891250944341,-0.00126764278916258,691.830636777643,872.494638705453,1406.416,0.705570075866613,330.1148056262558,Early Marine
1449,759.276,0.707840969024219,0.819373777100041,1518.552,2021_kk_228,Kusko,2021,0.709042494136564,0.82373788156517,-0.00115336937917054,691.830636777643,872.494638705453,1406.416,0.705570075866613,330.1148056262558,Early Marine
1450,759.8,0.707952708681152,0.785146541544299,1519.6,2021_kk_228,Kusko,2021,0.709027234645305,0.823180862207389,-5.5701935778096e-4,691.830636777643,872.494638705453,1406.416,0.705570075866613,330.1148056262558,Early Marine
1451,760.324,0.709786429434751,0.815369736928967,1520.648,2021_kk_228,Kusko,2021,0.709043083321722,0.822096170718398,-0.00108469148899093,691.830636777643,872.494638705453,1406.416,0.705570075866613,330.1148056262558,Early Marine
1452,760.848,0.70787894837751,0.809587037740446,1521.696,2021_kk_228,Kusko,2021,0.709022046617192,0.82045003357843,-0.00164613713996808,691.830636777643,872.494638705453,1406.416,0.705570075866613,330.1148056262558,Early Marine
1453,761.372,0.710074231309582,0.795800477346266,1522.744,2021_kk_228,Kusko,2021,0.709000986807047,0.81921403877005,-0.00123599480838077,691.830636777643,872.494638705453,1406.416,0.705570075866613,330.1148056262558,Early Marine
1454,761.896,0.711046910965713,0.778208199499211,1523.792,2021_kk_228,Kusko,2021,0.708969945649825,0.81784158760295,-0.00137245116709939,691.830636777643,872.494638705453,1406.416,0.705570075866613,330.1148056262558,Early Marine
1455,762.42,0.710076933008307,0.822952063317457,1524.84,2021_kk_228,Kusko,2021,0.708991384363793,0.81644817933742,-0.00139340826553003,691.830636777643,872.494638705453,1406.416,0.705570075866613,330.1148056262558,Early Marine
1456,762.944,0.708412069515327,0.801949111131,1525.888,2021_kk_228,Kusko,2021,0.708985028234739,0.815126203544949,-0.0013219757924714,691.830636777643,872.494638705453,1406.416,0.705570075866613,330.1148056262558,Early Marine
1457,763.468,0.710378479413934,0.802256261043693,1526.936,2021_kk_228,Kusko,2021,0.708979324548579,0.813665493606934,-0.00146070993801473,691.830636777643,872.494638705453,1406.416,0.705570075866613,330.1148056262558,Early Marine
1458,763.992,0.707801391060789,0.804634304460277,1527.984,2021_kk_228,Kusko,2021,0.708979330972327,0.812426873751451,-0.00123861985548324,691.830636777643,872.494638705453,1406.416,0.705570075866613,330.1148056262558,Early Marine
1459,764.516,0.710019593940329,0.802103674878828,1529.032,2021_kk_228,Kusko,2021,0.708998199768563,0.811315952655139,-0.0011109210963115,691.830636777643,872.494638705453,1406.416,0.705570075866613,330.1148056262558,Early Marine
1460,765.04,0.707779202550936,0.821927981841305,1530.08,2021_kk_228,Kusko,2021,0.708979112420702,0.810162563275195,-0.00115338937994458,691.830636777643,872.494638705453,1406.416,0.705570075866613,330.1148056262558,Early Marine
1461,765.564,0.708635669663567,0.81087279919283,1531.128,2021_kk_228,Kusko,2021,0.708981311621867,0.809281381859389,-8.8118141580528e-4,691.830636777643,872.494638705453,1406.416,0.705570075866613,330.1148056262558,Early Marine
1462,766.088,0.709651162597259,0.793990928378961,1532.176,2021_kk_228,Kusko,2021,0.70898912902814,0.808394224134184,-8.8715772520509e-4,691.830636777643,872.494638705453,1406.416,0.705570075866613,330.1148056262558,Early Marine
1463,766.612,0.710591289332465,0.798702747223151,1533.224,2021_kk_228,Kusko,2021,0.708989418298877,0.807248105001188,-0.00114611913299656,691.830636777643,872.494638705453,1406.416,0.705570075866613,330.1148056262558,Early Marine
1464,767.136,0.708900500375038,0.834994422929372,1534.272,2021_kk_228,Kusko,2021,0.709009904811496,0.806641167426814,-6.0693757437357e-4,691.830636777643,872.494638705453,1406.416,0.705570075866613,330.1148056262558,Early Marine
1465,767.66,0.709413306763209,0.786210600091784,1535.32,2021_kk_228,Kusko,2021,0.708978153719321,0.805500532372375,-0.00114063505443929,691.830636777643,872.494638705453,1406.416,0.705570075866613,330.1148056262558,Early Marine
1466,768.184,0.707575137347061,0.783853033292039,1536.368,2021_kk_228,Kusko,2021,0.708975494007236,0.804655669451164,-8.4486292121122e-4,691.830636777643,872.494638705453,1406.416,0.705570075866613,330.1148056262558,Early Marine
1467,768.708,0.710337234654542,0.792020254316675,1537.416,2021_kk_228,Kusko,2021,0.70897159141928,0.803783235927121,-8.7243352404264e-4,691.830636777643,872.494638705453,1406.416,0.705570075866613,330.1148056262558,Early Marine
1468,769.232,0.708549357025262,0.788502092260803,1538.464,2021_kk_228,Kusko,2021,0.708982942809123,0.802736487612594,-0.00104674831452656,691.830636777643,872.494638705453,1406.416,0.705570075866613,330.1148056262558,Early Marine
1469,769.756,0.710277417844968,0.8111807435747,1539.512,2021_kk_228,Kusko,2021,0.708966992598313,0.802171786495371,-5.6470111722362e-4,691.830636777643,872.494638705453,1406.416,0.705570075866613,330.1148056262558,Early Marine
1470,770.28,0.708458137096098,0.804418526417332,1540.56,2021_kk_228,Kusko,2021,0.708996669067144,0.801590372157058,-5.8141433831238e-4,691.830636777643,872.494638705453,1406.416,0.705570075866613,330.1148056262558,Early Marine
1471,770.804,0.708641885368332,0.794549757321743,1541.608,2021_kk_228,Kusko,2021,0.70900678261897,0.800711529649758,-8.7884250730008e-4,691.830636777643,872.494638705453,1406.416,0.705570075866613,330.1148056262558,Early Marine
1472,771.328,0.708620321045262,0.811397646460845,1542.656,2021_kk_228,Kusko,2021,0.7090656206967,0.800109097013078,-6.0243263668036e-4,691.830636777643,872.494638705453,1406.416,0.705570075866613,330.1148056262558,Early Marine
1473,771.852,0.710634719946962,0.797448259404726,1543.704,2021_kk_228,Kusko,2021,0.709077361902031,0.800532007702098,4.2291068901967e-4,691.830636777643,872.494638705453,1406.416,0.705570075866613,330.1148056262558,Early Marine
1474,772.376,0.709180638217313,0.796240204287152,1544.752,2021_kk_228,Kusko,2021,0.709094864255772,0.800428670183333,-1.0333751876512e-4,691.830636777643,872.494638705453,1406.416,0.705570075866613,330.1148056262558,Early Marine
1475,772.9,0.708688856214916,0.783433579719988,1545.8,2021_kk_228,Kusko,2021,0.709135899515493,0.800115608349093,-3.130618342394e-4,691.830636777643,872.494638705453,1406.416,0.705570075866613,330.1148056262558,Early Marine
1476,773.424,0.709952990496023,0.793720221414933,1546.848,2021_kk_228,Kusko,2021,0.709151270885986,0.800134964638929,1.93562898358479e-5,691.830636777643,872.494638705453,1406.416,0.705570075866613,330.1148056262558,Early Marine
1477,773.948,0.708379867891976,0.797799847733084,1547.896,2021_kk_228,Kusko,2021,0.709124116195668,0.799947830567,-1.8713407192905e-4,691.830636777643,872.494638705453,1406.416,0.705570075866613,330.1148056262558,Early Marine
1478,774.472,0.709040790030008,0.814355423063046,1548.944,2021_kk_228,Kusko,2021,0.709124880570655,0.799741732839702,-2.0609772729784e-4,691.830636777643,872.494638705453,1406.416,0.705570075866613,330.1148056262558,Early Marine
1479,774.996,0.709354399308934,0.797847965486288,1549.992,2021_kk_228,Kusko,2021,0.709131337037993,0.799467170429306,-2.7456241039636e-4,691.830636777643,872.494638705453,1406.416,0.705570075866613,330.1148056262558,Early Marine
1480,775.52,0.708176083527988,0.831627109107518,1551.04,2021_kk_228,Kusko,2021,0.709145011697399,0.799582604930245,1.1543450093953e-4,691.830636777643,872.494638705453,1406.416,0.705570075866613,330.1148056262558,Early Marine
1481,776.044,0.70898994565019,0.804466474213307,1552.088,2021_kk_228,Kusko,2021,0.709125547777402,0.799350509146252,-2.3209578399274e-4,691.830636777643,872.494638705453,1406.416,0.705570075866613,330.1148056262558,Early Marine
1482,776.568,0.708316171776218,0.801095933990819,1553.136,2021_kk_228,Kusko,2021,0.709163091471649,0.799256932257862,-9.3576888390845e-5,691.830636777643,872.494638705453,1406.416,0.705570075866613,330.1148056262558,Early Marine
1483,777.092,0.707944173214461,0.804735878192797,1554.184,2021_kk_228,Kusko,2021,0.709147151569916,0.799324620498275,6.7688240413255e-5,691.830636777643,872.494638705453,1406.416,0.705570075866613,330.1148056262558,Early Marine
1484,777.616,0.708001911009209,0.800575471146202,1555.232,2021_kk_228,Kusko,2021,0.709111324004332,0.799710621131124,3.8600063284921e-4,691.830636777643,872.494638705453,1406.416,0.705570075866613,330.1148056262558,Early Marine
1485,778.14,0.709371795488497,0.79923148042225,1556.28,2021_kk_228,Kusko,2021,0.709097004548188,0.799165220758443,-5.4540037268124e-4,691.830636777643,872.494638705453,1406.416,0.705570075866613,330.1148056262558,Early Marine
1486,778.664,0.708517090100165,0.791583578571097,1557.328,2021_kk_228,Kusko,2021,0.709107143211922,0.799108148516855,-5.70722415882408e-5,691.830636777643,872.494638705453,1406.416,0.705570075866613,330.1148056262558,Early Marine
1487,779.188,0.708716898465277,0.806917294426862,1558.376,2021_kk_228,Kusko,2021,0.709081920034584,0.799029061640443,-7.90868764112274e-5,691.830636777643,872.494638705453,1406.416,0.705570075866613,330.1148056262558,Early Marine
1488,779.712,0.709474608681558,0.801577563383436,1559.424,2021_kk_228,Kusko,2021,0.709093727927392,0.79898480698876,-4.42546516831177e-5,691.830636777643,872.494638705453,1406.416,0.705570075866613,330.1148056262558,Early Marine
1489,780.236,0.709192267492166,0.798060699047531,1560.472,2021_kk_228,Kusko,2021,0.709076889419317,0.798878608956122,-1.0619803263878e-4,691.830636777643,872.494638705453,1406.416,0.705570075866613,330.1148056262558,Early Marine
1490,780.76,0.707967928852867,0.803836624661527,1561.52,2021_kk_228,Kusko,2021,0.70907716177284,0.798739778810729,-1.3883014539262e-4,691.830636777643,872.494638705453,1406.416,0.705570075866613,330.1148056262558,Early Marine
1491,781.284,0.709857264388022,0.806438700522638,1562.568,2021_kk_228,Kusko,2021,0.709073087313748,0.798359625632232,-3.8015317849715e-4,691.830636777643,872.494638705453,1406.416,0.705570075866613,330.1148056262558,Early Marine
1492,781.808,0.708771317368512,0.802906684557065,1563.616,2021_kk_228,Kusko,2021,0.709054220432194,0.798185832918832,-1.7379271339945e-4,691.830636777643,872.494638705453,1406.416,0.705570075866613,330.1148056262558,Early Marine
1493,782.332,0.708954349161792,0.795715534784168,1564.664,2021_kk_228,Kusko,2021,0.709015128282152,0.798116550116758,-6.92828020745218e-5,691.830636777643,872.494638705453,1406.416,0.705570075866613,330.1148056262558,Early Marine
1494,782.856,0.709917285680736,0.800994486701337,1565.712,2021_kk_228,Kusko,2021,0.709001093983123,0.79753097269761,-5.8557741914822e-4,691.830636777643,872.494638705453,1406.416,0.705570075866613,330.1148056262558,Early Marine
1495,783.38,0.70731916483562,0.792238312197696,1566.76,2021_kk_228,Kusko,2021,0.708979735244885,0.797849267879695,3.1829518208514e-4,691.830636777643,872.494638705453,1406.416,0.705570075866613,330.1148056262558,Early Marine
1496,783.904,0.70784850110274,0.791446441649198,1567.808,2021_kk_228,Kusko,2021,0.709000256435293,0.798103228032184,2.5396015248935e-4,691.830636777643,872.494638705453,1406.416,0.705570075866613,330.1148056262558,Early Marine
1497,784.428,0.708892342840936,0.777382734063805,1568.856,2021_kk_228,Kusko,2021,0.708982309319369,0.798285056578397,1.818285462134e-4,691.830636777643,872.494638705453,1406.416,0.705570075866613,330.1148056262558,Early Marine
1498,784.952,0.709363118053666,0.784516491330452,1569.904,2021_kk_228,Kusko,2021,0.708986327800465,0.798383143748371,9.80871699737262e-5,691.830636777643,872.494638705453,1406.416,0.705570075866613,330.1148056262558,Early Marine
1499,785.476,0.709140389812006,0.800738074144868,1570.952,2021_kk_228,Kusko,2021,0.708958736457044,0.798006903954528,-3.762397938436e-4,691.830636777643,872.494638705453,1406.416,0.705570075866613,330.1148056262558,Early Marine
1500,786,0.710899108717504,0.787312385698441,1572,2021_kk_228,Kusko,2021,0.708960006836666,0.798470675585277,4.6377163074917e-4,691.830636777643,872.494638705453,1406.416,0.705570075866613,330.1148056262558,Early Marine
1501,786.524,0.709349023244768,0.772447411651417,1573.048,2021_kk_228,Kusko,2021,0.708964080733585,0.798564100493314,9.34249080375427e-5,691.830636777643,872.494638705453,1406.416,0.705570075866613,330.1148056262558,Early Marine
1502,787.048,0.711736356592762,0.784181418566032,1574.096,2021_kk_228,Kusko,2021,0.708972777412432,0.798537940186762,-2.61603065521143e-5,691.830636777643,872.494638705453,1406.416,0.705570075866613,330.1148056262558,Early Marine
1503,787.572,0.709190498446166,0.806064798571326,1575.144,2021_kk_228,Kusko,2021,0.70895508537502006,0.798464617071851,-7.33231149111502e-5,691.830636777643,872.494638705453,1406.416,0.705570075866613,330.1148056262558,Early Marine
1504,788.096,0.710418816969865,0.805092610361362,1576.192,2021_kk_228,Kusko,2021,0.708934430142546,0.798385549123353,-7.90679484977685e-5,691.830636777643,872.494638705453,1406.416,0.705570075866613,330.1148056262558,Early Marine
1505,788.62,0.711458664955162,0.789256608301714,1577.24,2021_kk_228,Kusko,2021,0.708954696005463,0.79830680779934,-7.87413240130874e-5,691.830636777643,872.494638705453,1406.416,0.705570075866613,330.1148056262558,Early Marine
1506,789.144,0.709138208612377,0.798243257631164,1578.288,2021_kk_228,Kusko,2021,0.708938692563698,0.798333571773342,2.67639740021419e-5,691.830636777643,872.494638705453,1406.416,0.705570075866613,330.1148056262558,Early Marine
1507,789.668,0.708621509767268,0.789578867483185,1579.336,2021_kk_228,Kusko,2021,0.708959367694117,0.798310449016906,-2.31227564363445e-5,691.830636777643,872.494638705453,1406.416,0.705570075866613,330.1148056262558,Early Marine
1508,790.192,0.708016490929119,0.805392825601559,1580.384,2021_kk_228,Kusko,2021,0.708965702528977,0.798023049289978,-2.873997269277e-4,691.830636777643,872.494638705453,1406.416,0.705570075866613,330.1148056262558,Early Marine
1509,790.716,0.708228357064503,0.802900032476259,1581.432,2021_kk_228,Kusko,2021,0.708981868200289,0.797919885118207,-1.0316417177125e-4,691.830636777643,872.494638705453,1406.416,0.705570075866613,330.1148056262558,Early Marine
1510,791.24,0.708773188245498,0.792072611600675,1582.48,2021_kk_228,Kusko,2021,0.708969040056281,0.797278108349786,-6.4177676842125e-4,691.830636777643,872.494638705453,1406.416,0.705570075866613,330.1148056262558,Early Marine
1511,791.764,0.70861859423489,0.8014439898894,1583.528,2021_kk_228,Kusko,2021,0.70896159513574,0.796839865649649,-4.3824270013637e-4,691.830636777643,872.494638705453,1406.416,0.705570075866613,330.1148056262558,Early Marine
1512,792.288,0.710131570032379,0.803972424436997,1584.576,2021_kk_228,Kusko,2021,0.708968238637769,0.796615773453086,-2.240921965636e-4,691.830636777643,872.494638705453,1406.416,0.705570075866613,330.1148056262558,Early Marine
1513,792.812,0.709117837205565,0.79986177177106,1585.624,2021_kk_228,Kusko,2021,0.708982932288311,0.796207938932902,-4.0783452018422e-4,691.830636777643,872.494638705453,1406.416,0.705570075866613,330.1148056262558,Early Marine
1514,793.336,0.708897257030673,0.801368237470164,1586.672,2021_kk_228,Kusko,2021,0.708988422498016,0.795906466712264,-3.0147222063714e-4,691.830636777643,872.494638705453,1406.416,0.705570075866613,330.1148056262558,Early Marine
1515,793.86,0.709217765639687,0.790228040956581,1587.72,2021_kk_228,Kusko,2021,0.709004981491737,0.795404004595707,-5.0246211655768e-4,691.830636777643,872.494638705453,1406.416,0.705570075866613,330.1148056262558,Early Marine
1516,794.384,0.709020389339339,0.798524776635708,1588.768,2021_kk_228,Kusko,2021,0.709022212357105,0.795136787129493,-2.6721746621338e-4,691.830636777643,872.494638705453,1406.416,0.705570075866613,330.1148056262558,Early Marine
1517,794.908,0.708865088773701,0.797511048459021,1589.816,2021_kk_228,Kusko,2021,0.7090395235705,0.79471181638099,-4.2497074850356e-4,691.830636777643,872.494638705453,1406.416,0.705570075866613,330.1148056262558,Early Marine
1518,795.432,0.708509864629256,0.801979025359287,1590.864,2021_kk_228,Kusko,2021,0.709028572723874,0.794440297122385,-2.7151925860524e-4,691.830636777643,872.494638705453,1406.416,0.705570075866613,330.1148056262558,Early Marine
1519,795.956,0.709009283455816,0.795731792920506,1591.912,2021_kk_228,Kusko,2021,0.709038626314696,0.794040614340872,-3.996827815127e-4,691.830636777643,872.494638705453,1406.416,0.705570075866613,330.1148056262558,Early Marine
1520,796.48,0.707795543762323,0.813598173117749,1592.96,2021_kk_228,Kusko,2021,0.709060440209015,0.793860542128234,-1.8007221263793e-4,691.830636777643,872.494638705453,1406.416,0.705570075866613,330.1148056262558,Early Marine
1521,797.004,0.708391202118058,0.78806360848300006,1594.008,2021_kk_228,Kusko,2021,0.70905256924379,0.793510335257722,-3.5020687051168e-4,691.830636777643,872.494638705453,1406.416,0.705570075866613,330.1148056262558,Early Marine
1522,797.528,0.708519149703983,0.78356336557499,1595.056,2021_kk_228,Kusko,2021,0.709043844210746,0.79320042277033,-3.0991248739253e-4,691.830636777643,872.494638705453,1406.416,0.705570075866613,330.1148056262558,Early Marine
1523,798.052,0.708245760329949,0.79454577909868,1596.104,2021_kk_228,Kusko,2021,0.709049627160446,0.792975927016025,-2.2449575430494e-4,691.830636777643,872.494638705453,1406.416,0.705570075866613,330.1148056262558,Early Marine
1524,798.576,0.7080584424333,0.799859777780477,1597.152,2021_kk_228,Kusko,2021,0.709042985713753,0.79280140678182,-1.7452023420494e-4,691.830636777643,872.494638705453,1406.416,0.705570075866613,330.1148056262558,Early Marine
1525,799.1,0.708131782468961,0.805308311016895,1598.2,2021_kk_228,Kusko,2021,0.70909521201104,0.792794447986825,-6.95879499468255e-6,691.830636777643,872.494638705453,1406.416,0.705570075866613,330.1148056262558,Early Marine
1526,799.624,0.708806408771515,0.799090642441397,1599.248,2021_kk_228,Kusko,2021,0.709105062130965,0.793014817385729,2.203693989039e-4,691.830636777643,872.494638705453,1406.416,0.705570075866613,330.1148056262558,Early Marine
1527,800.148,0.709260407699135,0.80292996708948,1600.296,2021_kk_228,Kusko,2021,0.709141404819723,0.793331946660854,3.1712927512472e-4,691.830636777643,872.494638705453,1406.416,0.705570075866613,330.1148056262558,Early Marine
1528,800.672,0.708790465891,0.794387322459229,1601.344,2021_kk_228,Kusko,2021,0.709125086226775,0.793812402554591,4.8045589373713e-4,691.830636777643,872.494638705453,1406.416,0.705570075866613,330.1148056262558,Early Marine
1529,801.196,0.708621937239707,0.788606355944079,1602.392,2021_kk_228,Kusko,2021,0.709109855085392,0.793885988661662,7.35861070707555e-5,691.830636777643,872.494638705453,1406.416,0.705570075866613,330.1148056262558,Early Marine
1530,801.72,0.708534359873433,0.832244824262283,1603.44,2021_kk_228,Kusko,2021,0.709088338464943,0.794033679258558,1.4769059689678e-4,691.830636777643,872.494638705453,1406.416,0.705570075866613,330.1148056262558,Early Marine
1531,802.244,0.708886319183457,0.800155251803998,1604.488,2021_kk_228,Kusko,2021,0.709078326354724,0.794698951944133,6.6527268557481e-4,691.830636777643,872.494638705453,1406.416,0.705570075866613,330.1148056262558,Early Marine
1532,802.768,0.709142121776058,0.809828028067715,1605.536,2021_kk_228,Kusko,2021,0.709028096677396,0.795110956501995,4.1200455786161e-4,691.830636777643,872.494638705453,1406.416,0.705570075866613,330.1148056262558,Early Marine
1533,803.292,0.709573197702279,0.793048872510056,1606.584,2021_kk_228,Kusko,2021,0.709050777801965,0.795161002077586,5.00455755916285e-5,691.830636777643,872.494638705453,1406.416,0.705570075866613,330.1148056262558,Early Marine
1534,803.816,0.707941324268878,0.791496127377286,1607.632,2021_kk_228,Kusko,2021,0.709031097346479,0.795194883609376,3.38815317898478e-5,691.830636777643,872.494638705453,1406.416,0.705570075866613,330.1148056262558,NA
1535,804.34,0.709904807989917,0.7787091002792,1608.68,2021_kk_228,Kusko,2021,0.708973973198757,0.795587828894101,3.9294528472511e-4,691.830636777643,872.494638705453,1406.416,0.705570075866613,330.1148056262558,NA
1536,804.864,0.708992783990145,0.795326059855059,1609.728,2021_kk_228,Kusko,2021,0.708979981784388,0.795828681685859,2.4085279175789e-4,691.830636777643,872.494638705453,1406.416,0.705570075866613,330.1148056262558,NA
1537,805.388,0.709620375717128,0.796412482346907,1610.776,2021_kk_228,Kusko,2021,0.708973642904077,0.796405625769123,5.7694408326403e-4,691.830636777643,872.494638705453,1406.416,0.705570075866613,330.1148056262558,NA
1538,805.912,0.709420880121552,0.797111439447381,1611.824,2021_kk_228,Kusko,2021,0.708968425867368,0.796748225128404,3.4259935928104e-4,691.830636777643,872.494638705453,1406.416,0.705570075866613,330.1148056262558,NA
1539,806.436,0.710324339587672,0.791658115180017,1612.872,2021_kk_228,Kusko,2021,0.708980921128989,0.797311951213635,5.6372608523103e-4,691.830636777643,872.494638705453,1406.416,0.705570075866613,330.1148056262558,NA
1540,806.96,0.707406394887513,0.793120503002237,1613.92,2021_kk_228,Kusko,2021,0.708995537604957,0.798039596811032,7.2764559739702e-4,691.830636777643,872.494638705453,1406.416,0.705570075866613,330.1148056262558,NA
1541,807.484,0.708543250417707,0.778171912205127,1614.968,2021_kk_228,Kusko,2021,0.709027231017493,0.798562067509284,5.2247069825195e-4,691.830636777643,872.494638705453,1406.416,0.705570075866613,330.1148056262558,NA
1542,808.008,0.708714781897968,0.787650402197008,1616.016,2021_kk_228,Kusko,2021,0.70900364464143,0.79905137332595,4.8930581666539e-4,691.830636777643,872.494638705453,1406.416,0.705570075866613,330.1148056262558,NA
1543,808.532,0.708825792247007,0.78026580698174,1617.064,2021_kk_228,Kusko,2021,0.70898770952855406,0.799458392798238,4.0701947228816e-4,691.830636777643,872.494638705453,1406.416,0.705570075866613,330.1148056262558,NA
1544,809.056,0.708331323591522,0.782487137907978,1618.112,2021_kk_228,Kusko,2021,0.708998513673811,0.800008721304965,5.5032850672709e-4,691.830636777643,872.494638705453,1406.416,0.705570075866613,330.1148056262558,NA
1545,809.58,0.710365335111705,0.769083753428787,1619.16,2021_kk_228,Kusko,2021,0.709009089038221,0.800533398234846,5.2467692988089e-4,691.830636777643,872.494638705453,1406.416,0.705570075866613,330.1148056262558,NA
1546,810.104,0.70955094202227,0.775550530598292,1620.208,2021_kk_228,Kusko,2021,0.708982815534805,0.801068956706253,5.3555847140751e-4,691.830636777643,872.494638705453,1406.416,0.705570075866613,330.1148056262558,NA
1547,810.628,0.709755571268957,0.781419049516654,1621.256,2021_kk_228,Kusko,2021,0.708982529259228,0.801742641386352,6.7368468009876e-4,691.830636777643,872.494638705453,1406.416,0.705570075866613,330.1148056262558,NA
1548,811.152,0.708817557884023,0.785286407867118,1622.304,2021_kk_228,Kusko,2021,0.708984157533505,0.802119990505953,3.7734911960107e-4,691.830636777643,872.494638705453,1406.416,0.705570075866613,330.1148056262558,NA
1549,811.676,0.709795482941465,0.774079732156767,1623.352,2021_kk_228,Kusko,2021,0.708989845718847,0.802666196976138,5.4620647018444e-4,691.830636777643,872.494638705453,1406.416,0.705570075866613,330.1148056262558,NA
1550,812.2,0.709276762512048,0.793032291903254,1624.4,2021_kk_228,Kusko,2021,0.709020661263238,0.803020265338429,3.5406836229146e-4,691.830636777643,872.494638705453,1406.416,0.705570075866613,330.1148056262558,NA
1551,812.724,0.709385006474496,0.785426288291945,1625.448,2021_kk_228,Kusko,2021,0.709029872899914,0.803874371031016,8.5410569258714e-4,691.830636777643,872.494638705453,1406.416,0.705570075866613,330.1148056262558,NA
1552,813.248,0.708247815385867,0.784311935313513,1626.496,2021_kk_228,Kusko,2021,0.709042113571625,0.804992969456009,0.0011185984249924,691.830636777643,872.494638705453,1406.416,0.705570075866613,330.1148056262558,NA
1553,813.772,0.709301326143783,0.782245789525871,1627.544,2021_kk_228,Kusko,2021,0.709043865837717,0.806255193117903,0.00126222366189466,691.830636777643,872.494638705453,1406.416,0.705570075866613,330.1148056262558,NA
1554,814.296,0.709518798879156,0.790523272649045,1628.592,2021_kk_228,Kusko,2021,0.709062659219599,0.807316956273869,0.00106176315596562,691.830636777643,872.494638705453,1406.416,0.705570075866613,330.1148056262558,NA
1555,814.82,0.710452742672863,0.791820784498013,1629.64,2021_kk_228,Kusko,2021,0.709083184840707,0.808400025735914,0.00108306946204528,691.830636777643,872.494638705453,1406.416,0.705570075866613,330.1148056262558,NA
1556,815.344,0.708439508298259,0.804668605583436,1630.688,2021_kk_228,Kusko,2021,0.709078792319401,0.809342402277016,9.4237654110129e-4,691.830636777643,872.494638705453,1406.416,0.705570075866613,330.1148056262558,NA
1557,815.868,0.711072904166395,0.796410490571289,1631.736,2021_kk_228,Kusko,2021,0.709043060205766,0.810436412450724,0.00109401017370836,691.830636777643,872.494638705453,1406.416,0.705570075866613,330.1148056262558,NA
1558,816.392,0.708384002476801,0.813343844954673,1632.784,2021_kk_228,Kusko,2021,0.709034312172501,0.811710659936647,0.00127424748592331,691.830636777643,872.494638705453,1406.416,0.705570075866613,330.1148056262558,NA
1559,816.916,0.708226521328988,0.805153240569113,1633.832,2021_kk_228,Kusko,2021,0.709047476785398,0.812824561562358,0.00111390162571123,691.830636777643,872.494638705453,1406.416,0.705570075866613,330.1148056262558,NA
1560,817.44,0.70960811149061,0.796173821512257,1634.88,2021_kk_228,Kusko,2021,0.709063980846571,0.813295269197177,4.7070763481837e-4,691.830636777643,872.494638705453,1406.416,0.705570075866613,330.1148056262558,NA
1561,817.964,0.708748296631587,0.812363772785903,1635.928,2021_kk_228,Kusko,2021,0.70908993456628,0.814119354438993,8.2408524181565e-4,691.830636777643,872.494638705453,1406.416,0.705570075866613,330.1148056262558,NA
1562,818.488,0.70872257595308,0.808901692037726,1636.976,2021_kk_228,Kusko,2021,0.70907761671903,0.814959012864783,8.3965842579014e-4,691.830636777643,872.494638705453,1406.416,0.705570075866613,330.1148056262558,NA
1563,819.012,0.710551365920348,0.809067533106827,1638.024,2021_kk_228,Kusko,2021,0.709046313585154,0.816149128662426,0.00119011579764361,691.830636777643,872.494638705453,1406.416,0.705570075866613,330.1148056262558,NA
1564,819.536,0.709237989640678,0.807125502268755,1639.072,2021_kk_228,Kusko,2021,0.709075989628718,0.817211993583611,0.00106286492118435,691.830636777643,872.494638705453,1406.416,0.705570075866613,330.1148056262558,NA
1565,820.06,0.70803121609183,0.812833325385224,1640.12,2021_kk_228,Kusko,2021,0.709067818906653,0.818663002072779,0.00145100848916824,691.830636777643,872.494638705453,1406.416,0.705570075866613,330.1148056262558,NA
1566,820.584,0.709498723750257,0.812694425136634,1641.168,2021_kk_228,Kusko,2021,0.709076914522519,0.819934199715688,0.00127119764290906,691.830636777643,872.494638705453,1406.416,0.705570075866613,330.1148056262558,NA
1567,821.108,0.708241176948581,0.824195512479025,1642.216,2021_kk_228,Kusko,2021,0.709043276015613,0.821040774376195,0.00110657466050712,691.830636777643,872.494638705453,1406.416,0.705570075866613,330.1148056262558,NA
1568,821.632,0.707703468726611,0.825948787158424,1643.264,2021_kk_228,Kusko,2021,0.709047284214757,0.82261890909742,0.00157813472122492,691.830636777643,872.494638705453,1406.416,0.705570075866613,330.1148056262558,NA
1569,822.156,0.708978072761727,0.836723597590122,1644.312,2021_kk_228,Kusko,2021,0.709019248397563,0.824103954830093,0.00148504573267283,691.830636777643,872.494638705453,1406.416,0.705570075866613,330.1148056262558,NA
1570,822.68,0.709650176803628,0.835731347444492,1645.36,2021_kk_228,Kusko,2021,0.709034367155738,0.825431926490139,0.00132797166004572,691.830636777643,872.494638705453,1406.416,0.705570075866613,330.1148056262558,NA
1571,823.204,0.710520198987048,0.832792231784516,1646.408,2021_kk_228,Kusko,2021,0.709034039808948,0.827012191117316,0.00158026462717753,691.830636777643,872.494638705453,1406.416,0.705570075866613,330.1148056262558,NA
1572,823.728,0.708716387468602,0.833330773436919,1647.456,2021_kk_228,Kusko,2021,0.709018602058043,0.828428579664877,0.00141638854756077,691.830636777643,872.494638705453,1406.416,0.705570075866613,330.1148056262558,NA
1573,824.252,0.708161730432977,0.824282940108354,1648.504,2021_kk_228,Kusko,2021,0.709014518879276,0.830299496008952,0.00187091634407555,691.830636777643,872.494638705453,1406.416,0.705570075866613,330.1148056262558,NA
1574,824.776,0.709545505746096,0.834387947873796,1649.552,2021_kk_228,Kusko,2021,0.70901817985927,0.831996623637582,0.00169712762862984,691.830636777643,872.494638705453,1406.416,0.705570075866613,330.1148056262558,NA
1575,825.3,0.709852287504304,0.821708656749436,1650.6,2021_kk_228,Kusko,2021,0.708962476766767,0.833941921722934,0.00194529808535204,691.830636777643,872.494638705453,1406.416,0.705570075866613,330.1148056262558,NA
1576,825.824,0.707443979134359,0.830658284920159,1651.648,2021_kk_228,Kusko,2021,0.708933707492848,0.83577459005395,0.00183266833101625,691.830636777643,872.494638705453,1406.416,0.705570075866613,330.1148056262558,NA
1577,826.348,0.708847912239059,0.837932129264941,1652.696,2021_kk_228,Kusko,2021,0.708916198803368,0.837366893014749,0.0015923029607986,691.830636777643,872.494638705453,1406.416,0.705570075866613,330.1148056262558,NA
1578,826.872,0.708607561085892,0.824619972535354,1653.744,2021_kk_228,Kusko,2021,0.708923117840525,0.838997817631633,0.00163092461688386,691.830636777643,872.494638705453,1406.416,0.705570075866613,330.1148056262558,NA
1579,827.396,0.709350574576377,0.82850418113158,1654.792,2021_kk_228,Kusko,2021,0.708908861675666,0.840945036459973,0.00194721882833992,691.830636777643,872.494638705453,1406.416,0.705570075866613,330.1148056262558,NA
1580,827.92,0.709644476425767,0.834842274855235,1655.84,2021_kk_228,Kusko,2021,0.708911215481801,0.843167652057693,0.00222261559771963,691.830636777643,872.494638705453,1406.416,0.705570075866613,330.1148056262558,NA
1581,828.444,0.708943900318578,0.839309950038228,1656.888,2021_kk_228,Kusko,2021,0.708906942981029,0.845102784645583,0.00193513258789002,691.830636777643,872.494638705453,1406.416,0.705570075866613,330.1148056262558,NA
1582,828.968,0.709253590006655,0.850679271074535,1657.936,2021_kk_228,Kusko,2021,0.708946172464617,0.84707157637518,0.00196879172959741,691.830636777643,872.494638705453,1406.416,0.705570075866613,330.1148056262558,NA
1583,829.492,0.708350896295471,0.870279198812359,1658.984,2021_kk_228,Kusko,2021,0.708942864594268,0.848959052939197,0.00188747656401678,691.830636777643,872.494638705453,1406.416,0.705570075866613,330.1148056262558,NA
1584,830.016,0.709186045346202,0.86356556713842,1660.032,2021_kk_228,Kusko,2021,0.708962346034207,0.850779311894339,0.00182025895514248,691.830636777643,872.494638705453,1406.416,0.705570075866613,330.1148056262558,NA
1585,830.54,0.709363319735489,0.870292478739617,1661.08,2021_kk_228,Kusko,2021,0.708929937591499,0.852520989857666,0.00174167796332725,691.830636777643,872.494638705453,1406.416,0.705570075866613,330.1148056262558,NA
1586,831.064,0.708542857493126,0.85563323490747,1662.128,2021_kk_228,Kusko,2021,0.708937619824556,0.854218255129768,0.00169726527210112,691.830636777643,872.494638705453,1406.416,0.705570075866613,330.1148056262558,NA
1587,831.588,0.707116480881034,0.868570577511984,1663.176,2021_kk_228,Kusko,2021,0.708881216541747,0.855973612042355,0.0017553569125871,691.830636777643,872.494638705453,1406.416,0.705570075866613,330.1148056262558,NA
1588,832.112,0.708265583895092,0.870842171614624,1664.224,2021_kk_228,Kusko,2021,0.708908011600286,0.85743555656556,0.00146194452320558,691.830636777643,872.494638705453,1406.416,0.705570075866613,330.1148056262558,NA
1589,832.636,0.709411814013571,0.855440453486754,1665.272,2021_kk_228,Kusko,2021,0.708903398886874,0.859118626184388,0.00168306961882769,691.830636777643,872.494638705453,1406.416,0.705570075866613,330.1148056262558,NA
1590,833.16,0.709524603543783,0.860487282351383,1666.32,2021_kk_228,Kusko,2021,0.70890008215115,0.86096507535399,0.00184644916960164,691.830636777643,872.494638705453,1406.416,0.705570075866613,330.1148056262558,NA
1591,833.684,0.71044354236603,0.849600366312938,1667.368,2021_kk_228,Kusko,2021,0.708910235191013,0.862175895340664,0.00121081998667472,691.830636777643,872.494638705453,1406.416,0.705570075866613,330.1148056262558,NA
1592,834.208,0.708403050941042,0.860207533615119,1668.416,2021_kk_228,Kusko,2021,0.708914142768716,0.863594343017153,0.0014184476764888,691.830636777643,872.494638705453,1406.416,0.705570075866613,330.1148056262558,NA
1593,834.732,0.7076950096697,0.864455820368678,1669.464,2021_kk_228,Kusko,2021,0.708889151231493,0.86533726610343,0.00174292308627744,691.830636777643,872.494638705453,1406.416,0.705570075866613,330.1148056262558,NA
1594,835.256,0.709721886882722,0.855268022648349,1670.512,2021_kk_228,Kusko,2021,0.708914760329537,0.866904312659697,0.00156704655626616,691.830636777643,872.494638705453,1406.416,0.705570075866613,330.1148056262558,NA
1595,835.78,0.709414564666003,0.865769609629294,1671.56,2021_kk_228,Kusko,2021,0.708945658242315,0.868442298952698,0.0015379862930015,691.830636777643,872.494638705453,1406.416,0.705570075866613,330.1148056262558,NA
1596,836.304,0.709538520942142,0.871597918429601,1672.608,2021_kk_228,Kusko,2021,0.708937465162223,0.869903521256349,0.00146122230365064,691.830636777643,872.494638705453,1406.416,0.705570075866613,330.1148056262558,NA
1597,836.828,0.707602065302712,0.86280696197733,1673.656,2021_kk_228,Kusko,2021,0.708946098881088,0.871097543548535,0.00119402229218579,691.830636777643,872.494638705453,1406.416,0.705570075866613,330.1148056262558,NA
1598,837.352,0.709661372070203,0.891799522720879,1674.704,2021_kk_228,Kusko,2021,0.708964608072595,0.872434216213109,0.00133667266457438,691.830636777643,872.494638705453,1406.416,0.705570075866613,330.1148056262558,NA
1599,837.876,0.708642190556045,0.880760859140383,1675.752,2021_kk_228,Kusko,2021,0.708961025090095,0.873541634453108,0.00110741823999849,691.830636777643,872.494638705453,1406.416,0.705570075866613,330.1148056262558,NA
1600,838.4,0.708313520377984,0.872798802604988,1676.8,2021_kk_228,Kusko,2021,0.708954111584959,0.874620198300353,0.00107856384724503,691.830636777643,872.494638705453,1406.416,0.705570075866613,330.1148056262558,NA
1601,838.924,0.708523609610341,0.872987789835779,1677.848,2021_kk_228,Kusko,2021,0.708912400966875,0.875734459467482,0.00111426116712965,691.830636777643,872.494638705453,1406.416,0.705570075866613,330.1148056262558,NA
1602,839.448,0.707788516843685,0.872633715050652,1678.896,2021_kk_228,Kusko,2021,0.708914706508617,0.877047484059188,0.00131302459170546,691.830636777643,872.494638705453,1406.416,0.705570075866613,330.1148056262558,NA
1603,839.972,0.708580801520974,0.89252078762627,1679.944,2021_kk_228,Kusko,2021,0.708943625231771,0.878399625373051,0.00135214131386385,691.830636777643,872.494638705453,1406.416,0.705570075866613,330.1148056262558,NA
1604,840.496,0.708550982391124,0.884314795625769,1680.992,2021_kk_228,Kusko,2021,0.708946243240152,0.879378790136146,9.7916476309478e-4,691.830636777643,872.494638705453,1406.416,0.705570075866613,330.1148056262558,NA
1605,841.02,0.707023149561544,0.885801638549912,1682.04,2021_kk_228,Kusko,2021,0.7089450051717,0.88053107258421,0.00115228244806376,691.830636777643,872.494638705453,1406.416,0.705570075866613,330.1148056262558,NA
1606,841.544,0.707824785587118,0.885510630459265,1683.088,2021_kk_228,Kusko,2021,0.708971582260141,0.881632116110552,0.00110104352634233,691.830636777643,872.494638705453,1406.416,0.705570075866613,330.1148056262558,NA
1607,842.068,0.708705049900206,0.876957227164573,1684.136,2021_kk_228,Kusko,2021,0.708986633095784,0.882749100223645,0.00111698411309302,691.830636777643,872.494638705453,1406.416,0.705570075866613,330.1148056262558,NA
1608,842.592,0.709232700113412,0.883141884880156,1685.184,2021_kk_228,Kusko,2021,0.708993835920358,0.884017040269043,0.00126794004539721,691.830636777643,872.494638705453,1406.416,0.705570075866613,330.1148056262558,NA
1609,843.116,0.708940113049949,0.890912861857164,1686.232,2021_kk_228,Kusko,2021,0.709006130226607,0.885215810301959,0.00119877003291624,691.830636777643,872.494638705453,1406.416,0.705570075866613,330.1148056262558,NA
1610,843.64,0.709417990880165,0.926389227766433,1687.28,2021_kk_228,Kusko,2021,0.708991567318038,0.886029754423886,8.1394412192681e-4,691.830636777643,872.494638705453,1406.416,0.705570075866613,330.1148056262558,NA
1611,844.164,0.709128656428149,0.901534243565348,1688.328,2021_kk_228,Kusko,2021,0.70896779476425,0.886971938200082,9.4218377619648e-4,691.830636777643,872.494638705453,1406.416,0.705570075866613,330.1148056262558,NA
1612,844.688,0.710601584401164,0.902439439089355,1689.376,2021_kk_228,Kusko,2021,0.70895481330466,0.887620934272381,6.4899607229929e-4,691.830636777643,872.494638705453,1406.416,0.705570075866613,330.1148056262558,NA
1613,845.212,0.709102853922837,0.895494383366881,1690.424,2021_kk_228,Kusko,2021,0.708948726416137,0.888091802632391,4.7086836000942e-4,691.830636777643,872.494638705453,1406.416,0.705570075866613,330.1148056262558,NA
1614,845.736,0.710687685275467,0.899738809957595,1691.472,2021_kk_228,Kusko,2021,0.708929614586302,0.888744524689315,6.5272205692412e-4,691.830636777643,872.494638705453,1406.416,0.705570075866613,330.1148056262558,NA
1615,846.26,0.70850823611042,0.896321462297646,1692.52,2021_kk_228,Kusko,2021,0.708919763752962,0.889076132902891,3.3160821357625e-4,691.830636777643,872.494638705453,1406.416,0.705570075866613,330.1148056262558,NA
1616,846.784,0.708900442281666,0.9065045219095,1693.568,2021_kk_228,Kusko,2021,0.708924832856118,0.889836237703053,7.6010480016131e-4,691.830636777643,872.494638705453,1406.416,0.705570075866613,330.1148056262558,NA
1617,847.308,0.707688707197824,0.901731905326511,1694.616,2021_kk_228,Kusko,2021,0.708956936698704,0.890392026137458,5.5578843440562e-4,691.830636777643,872.494638705453,1406.416,0.705570075866613,330.1148056262558,NA
1618,847.832,0.709991705989175,0.901060516347008,1695.664,2021_kk_228,Kusko,2021,0.708979507339179,0.890951095425142,5.5906928768423e-4,691.830636777643,872.494638705453,1406.416,0.705570075866613,330.1148056262558,NA
1619,848.356,0.70794975852424,0.906137417698776,1696.712,2021_kk_228,Kusko,2021,0.708973523032963,0.891626231471342,6.751360461995e-4,691.830636777643,872.494638705453,1406.416,0.705570075866613,330.1148056262558,NA
1620,848.88,0.709409107347188,0.906960771688355,1697.76,2021_kk_228,Kusko,2021,0.708959438985398,0.892419043403466,7.928119321241e-4,691.830636777643,872.494638705453,1406.416,0.705570075866613,330.1148056262558,NA
1621,849.404,0.709357479023368,0.885012971986389,1698.808,2021_kk_228,Kusko,2021,0.708948537088909,0.893381068464865,9.6202506139919e-4,691.830636777643,872.494638705453,1406.416,0.705570075866613,330.1148056262558,NA
1622,849.928,0.708957030615276,0.894008552627051,1699.856,2021_kk_228,Kusko,2021,0.708948985010034,0.894123659305341,7.4259084047623e-4,691.830636777643,872.494638705453,1406.416,0.705570075866613,330.1148056262558,NA
1623,850.452,0.709051873686952,0.913642918283474,1700.904,2021_kk_228,Kusko,2021,0.708980413537316,0.894962018421913,8.3835911657159e-4,691.830636777643,872.494638705453,1406.416,0.705570075866613,330.1148056262558,NA
1624,850.976,0.710774535523344,0.901148295644728,1701.952,2021_kk_228,Kusko,2021,0.708974699964644,0.896037875784452,0.00107585736253857,691.830636777643,872.494638705453,1406.416,0.705570075866613,330.1148056262558,NA
1625,851.5,0.709885090858482,0.90511250296531,1703,2021_kk_228,Kusko,2021,0.708954574173878,0.89697020015632,9.3232437186829e-4,691.830636777643,872.494638705453,1406.416,0.705570075866613,330.1148056262558,NA
1626,852.024,0.709007138944723,0.900367763355678,1704.048,2021_kk_228,Kusko,2021,0.708937501819899,0.897567383265108,5.9718310878831e-4,691.830636777643,872.494638705453,1406.416,0.705570075866613,330.1148056262558,NA
1627,852.548,0.708759200080479,0.895836850010174,1705.096,2021_kk_228,Kusko,2021,0.708936219624818,0.898246204146729,6.7882088162074e-4,691.830636777643,872.494638705453,1406.416,0.705570075866613,330.1148056262558,NA
1628,853.072,0.708814020217024,0.906149147032886,1706.144,2021_kk_228,Kusko,2021,0.708929251574084,0.898565445371675,3.1924122494619e-4,691.830636777643,872.494638705453,1406.416,0.705570075866613,330.1148056262558,NA
1629,853.596,0.708763093811746,0.903168691990031,1707.192,2021_kk_228,Kusko,2021,0.708912596313351,0.898982587314486,4.1714194281128e-4,691.830636777643,872.494638705453,1406.416,0.705570075866613,330.1148056262558,NA
1630,854.12,0.709235366495455,0.900445178279197,1708.24,2021_kk_228,Kusko,2021,0.708923628826746,0.899821240978901,8.3865366441449e-4,691.830636777643,872.494638705453,1406.416,0.705570075866613,330.1148056262558,NA
1631,854.644,0.708017561902043,0.899647901812295,1709.288,2021_kk_228,Kusko,2021,0.708924696309584,0.900198579952195,3.7733897329417e-4,691.830636777643,872.494638705453,1406.416,0.705570075866613,330.1148056262558,NA
1632,855.168,0.708854719973111,0.912112248939245,1710.336,2021_kk_228,Kusko,2021,0.70894812433473,0.900536339730775,3.3775977857952e-4,691.830636777643,872.494638705453,1406.416,0.705570075866613,330.1148056262558,NA
1633,855.692,0.709896853822247,0.905411418940193,1711.384,2021_kk_228,Kusko,2021,0.708949286072498,0.900716643201377,1.8030347060216e-4,691.830636777643,872.494638705453,1406.416,0.705570075866613,330.1148056262558,NA
1634,856.216,0.709702586248909,0.893137833659486,1712.432,2021_kk_228,Kusko,2021,0.708955940194862,0.900980024199033,2.6338099765665e-4,691.830636777643,872.494638705453,1406.416,0.705570075866613,330.1148056262558,NA
1635,856.74,0.70977800339722,0.890845603633258,1713.48,2021_kk_228,Kusko,2021,0.708995711233187,0.901223767794005,2.4374359497147e-4,691.830636777643,872.494638705453,1406.416,0.705570075866613,330.1148056262558,NA
1636,857.264,0.709038604440815,0.896720896500699,1714.528,2021_kk_228,Kusko,2021,0.709023474457763,0.901350229980141,1.2646218613632e-4,691.830636777643,872.494638705453,1406.416,0.705570075866613,330.1148056262558,NA
1637,857.788,0.709750962377623,0.904951176050523,1715.576,2021_kk_228,Kusko,2021,0.709001280445607,0.901655120342573,3.0489036243208e-4,691.830636777643,872.494638705453,1406.416,0.705570075866613,330.1148056262558,NA
1638,858.312,0.70903973056034,0.900696375259183,1716.624,2021_kk_228,Kusko,2021,0.709015288516378,0.901645654238503,-9.46610407082105e-6,691.830636777643,872.494638705453,1406.416,0.705570075866613,330.1148056262558,NA
1639,858.836,0.710088232951312,0.900430383106555,1717.672,2021_kk_228,Kusko,2021,0.70901418037742,0.90145630720546,-1.8934703304285e-4,691.830636777643,872.494638705453,1406.416,0.705570075866613,330.1148056262558,NA
1640,859.36,0.708770701911625,0.883678922170847,1718.72,2021_kk_228,Kusko,2021,0.70900126197776,0.90082553243283,-6.3077477262973e-4,691.830636777643,872.494638705453,1406.416,0.705570075866613,330.1148056262558,NA
1641,859.884,0.707517547091336,0.895840976610018,1719.768,2021_kk_228,Kusko,2021,0.709010183873476,0.900783054156778,-4.24782760521936e-5,691.830636777643,872.494638705453,1406.416,0.705570075866613,330.1148056262558,NA
1642,860.408,0.708474702431207,0.889619035412488,1720.816,2021_kk_228,Kusko,2021,0.708980806579902,0.900450377227836,-3.3267692894212e-4,691.830636777643,872.494638705453,1406.416,0.705570075866613,330.1148056262558,NA
1643,860.932,0.70798568298413,0.89853130041293106,1721.864,2021_kk_228,Kusko,2021,0.708969095479491,0.900471626682924,2.12494550888565e-5,691.830636777643,872.494638705453,1406.416,0.705570075866613,330.1148056262558,NA
1644,861.456,0.708039335556078,0.902728890553863,1722.912,2021_kk_228,Kusko,2021,0.708929212066897,0.900140900875681,-3.3072580724347e-4,691.830636777643,872.494638705453,1406.416,0.705570075866613,330.1148056262558,NA
1645,861.98,0.708772269735076,0.89018897155419,1723.96,2021_kk_228,Kusko,2021,0.708930263486576,0.899894950693645,-2.4595018203588e-4,691.830636777643,872.494638705453,1406.416,0.705570075866613,330.1148056262558,NA
1646,862.504,0.708847003682497,0.90123952291715,1725.008,2021_kk_228,Kusko,2021,0.708931262239173,0.899388418345679,-5.065323479666e-4,691.830636777643,872.494638705453,1406.416,0.705570075866613,330.1148056262558,NA
1647,863.028,0.709042711436182,0.901917883576322,1726.056,2021_kk_228,Kusko,2021,0.708949105183204,0.899146796581616,-2.416217640625e-4,691.830636777643,872.494638705453,1406.416,0.705570075866613,330.1148056262558,NA
1648,863.552,0.70961982232363,0.904386328875676,1727.104,2021_kk_228,Kusko,2021,0.708953737546776,0.898736444352752,-4.1035222886387e-4,691.830636777643,872.494638705453,1406.416,0.705570075866613,330.1148056262558,NA
1649,864.076,0.709052755640567,0.895948616258722,1728.152,2021_kk_228,Kusko,2021,0.708959469590139,0.898049901777015,-6.8654257573685e-4,691.830636777643,872.494638705453,1406.416,0.705570075866613,330.1148056262558,NA
1650,864.6,0.708679560689897,0.908055998278827,1729.2,2021_kk_228,Kusko,2021,0.708949852587038,0.897560758822528,-4.8914295448776e-4,691.830636777643,872.494638705453,1406.416,0.705570075866613,330.1148056262558,NA
1651,865.124,0.709789428576696,0.90732186999689,1730.248,2021_kk_228,Kusko,2021,0.708944547041926,0.897321359953041,-2.3939886948609e-4,691.830636777643,872.494638705453,1406.416,0.705570075866613,330.1148056262558,NA
1652,865.648,0.708429926208562,0.904762984043695,1731.296,2021_kk_228,Kusko,2021,0.708959943066904,0.897083739590828,-2.3762036221342e-4,691.830636777643,872.494638705453,1406.416,0.705570075866613,330.1148056262558,NA
1653,866.172,0.70958072130659,0.91475736736298,1732.344,2021_kk_228,Kusko,2021,0.708980022211502,0.896283548255648,-8.0019133518005e-4,691.830636777643,872.494638705453,1406.416,0.705570075866613,330.1148056262558,NA
1654,866.696,0.709379072522385,0.919819464400666,1733.392,2021_kk_228,Kusko,2021,0.708981499097022,0.89559809063965,-6.8545761599792e-4,691.830636777643,872.494638705453,1406.416,0.705570075866613,330.1148056262558,NA
1655,867.22,0.708207017220047,0.921709071941391,1734.44,2021_kk_228,Kusko,2021,0.708978371708844,0.894657793799178,-9.4029684047236e-4,691.830636777643,872.494638705453,1406.416,0.705570075866613,330.1148056262558,NA
1656,867.744,0.708514179703414,0.907428904956892,1735.488,2021_kk_228,Kusko,2021,0.708995708758243,0.89367574173832,-9.820520608581e-4,691.830636777643,872.494638705453,1406.416,0.705570075866613,330.1148056262558,NA
1657,868.268,0.707525133597851,0.903536214874577,1736.536,2021_kk_228,Kusko,2021,0.70901146561568,0.892866452724057,-8.092890142628e-4,691.830636777643,872.494638705453,1406.416,0.705570075866613,330.1148056262558,NA
1658,868.792,0.709243289026157,0.910953996217652,1737.584,2021_kk_228,Kusko,2021,0.709025644926676,0.891697134035898,-0.00116931868815906,691.830636777643,872.494638705453,1406.416,0.705570075866613,330.1148056262558,NA
1659,869.316,0.707642874912067,0.90578937570906,1738.632,2021_kk_228,Kusko,2021,0.709031204487474,0.890399456234075,-0.0012976778018231,691.830636777643,872.494638705453,1406.416,0.705570075866613,330.1148056262558,NA
1660,869.84,0.708975471181721,0.923118022469861,1739.68,2021_kk_228,Kusko,2021,0.709024987755076,0.889194965436844,-0.00120449079723106,691.830636777643,872.494638705453,1406.416,0.705570075866613,330.1148056262558,NA
1661,870.364,0.708587658580578,0.895628128233427,1740.728,2021_kk_228,Kusko,2021,0.709054689218893,0.888131034976782,-0.00106393046006126,691.830636777643,872.494638705453,1406.416,0.705570075866613,330.1148056262558,NA
1662,870.888,0.709194198352484,0.892899301765426,1741.776,2021_kk_228,Kusko,2021,0.709068673678912,0.886869699865416,-0.00126133511136584,691.830636777643,872.494638705453,1406.416,0.705570075866613,330.1148056262558,NA
1663,871.412,0.708650505787009,0.903338995862397,1742.824,2021_kk_228,Kusko,2021,0.709057669410808,0.885513335282092,-0.001356364583324,691.830636777643,872.494638705453,1406.416,0.705570075866613,330.1148056262558,NA
1664,871.936,0.708950229733013,0.900117655485177,1743.872,2021_kk_228,Kusko,2021,0.709055604349266,0.884326783481446,-0.00118655180064664,691.830636777643,872.494638705453,1406.416,0.705570075866613,330.1148056262558,NA
1665,872.46,0.709409411861023,0.900426254248203,1744.92,2021_kk_228,Kusko,2021,0.709037990076448,0.883193588042352,-0.00113319543909329,691.830636777643,872.494638705453,1406.416,0.705570075866613,330.1148056262558,NA
1666,872.984,0.709490579061652,0.893098361627443,1745.968,2021_kk_228,Kusko,2021,0.709044875319895,0.881870704004973,-0.00132288403737957,691.830636777643,872.494638705453,1406.416,0.705570075866613,330.1148056262558,NA
1667,873.508,0.70737340917087,0.895250648910494,1747.016,2021_kk_228,Kusko,2021,0.709049303390514,0.880547497662246,-0.00132320634272698,691.830636777643,872.494638705453,1406.416,0.705570075866613,330.1148056262558,NA
1668,874.032,0.710073184359642,0.882573918635907,1748.064,2021_kk_228,Kusko,2021,0.709069985158748,0.87905165016365,-0.00149584749859644,691.830636777643,872.494638705453,1406.416,0.705570075866613,330.1148056262558,NA
1669,874.556,0.708873624712475,0.879552039874595,1749.112,2021_kk_228,Kusko,2021,0.709056217086087,0.877539127597727,-0.00151252256592294,691.830636777643,872.494638705453,1406.416,0.705570075866613,330.1148056262558,NA
1670,875.08,0.708642886900608,0.888542741408648,1750.16,2021_kk_228,Kusko,2021,0.709068907665182,0.876253561054199,-0.00128556654352718,691.830636777643,872.494638705453,1406.416,0.705570075866613,330.1148056262558,NA
1671,875.604,0.709663970171109,0.898985547002215,1751.208,2021_kk_228,Kusko,2021,0.70909233357127,0.874742504050648,-0.00151105700355159,691.830636777643,872.494638705453,1406.416,0.705570075866613,330.1148056262558,NA
1672,876.128,0.708838946786677,0.882478823352825,1752.256,2021_kk_228,Kusko,2021,0.709093161086337,0.873313773516064,-0.00142873053458425,691.830636777643,872.494638705453,1406.416,0.705570075866613,330.1148056262558,NA
1673,876.652,0.708400187898213,0.896769350672219,1753.304,2021_kk_228,Kusko,2021,0.709097173939294,0.871599701851762,-0.00171407166430193,691.830636777643,872.494638705453,1406.416,0.705570075866613,330.1148056262558,NA
1674,877.176,0.70829468051984,0.879895261522987,1754.352,2021_kk_228,Kusko,2021,0.709093822502647,0.870117789586822,-0.00148191226493999,691.830636777643,872.494638705453,1406.416,0.705570075866613,330.1148056262558,NA
1675,877.7,0.708571321291134,0.88156445137549,1755.4,2021_kk_228,Kusko,2021,0.709092484400647,0.868777684950671,-0.00134010463615097,691.830636777643,872.494638705453,1406.416,0.705570075866613,330.1148056262558,NA
1676,878.224,0.708960367437511,0.876112581031502,1756.448,2021_kk_228,Kusko,2021,0.709087087239752,0.867164911798044,-0.0016127731526262,691.830636777643,872.494638705453,1406.416,0.705570075866613,330.1148056262558,NA
1677,878.748,0.708759283839683,0.887234599482759,1757.496,2021_kk_228,Kusko,2021,0.709090844259941,0.865444698265376,-0.0017202135326686,691.830636777643,872.494638705453,1406.416,0.705570075866613,330.1148056262558,NA
1678,879.272,0.710269647803501,0.876439382615182,1758.544,2021_kk_228,Kusko,2021,0.709091752790718,0.863885778042801,-0.00155892022257476,691.830636777643,872.494638705453,1406.416,0.705570075866613,330.1148056262558,NA
1679,879.796,0.708293681125972,0.864944863154559,1759.592,2021_kk_228,Kusko,2021,0.709101398300782,0.86268191793334,-0.00120386010946116,691.830636777643,872.494638705453,1406.416,0.705570075866613,330.1148056262558,NA
1680,880.32,0.708832087161173,0.877612194419097,1760.64,2021_kk_228,Kusko,2021,0.709130781334713,0.86088509571757,-0.00179682221576993,691.830636777643,872.494638705453,1406.416,0.705570075866613,330.1148056262558,NA
1681,880.844,0.709039146316616,0.870649039817219,1761.688,2021_kk_228,Kusko,2021,0.709116452089724,0.859587343750354,-0.00129775196721593,691.830636777643,872.494638705453,1406.416,0.705570075866613,330.1148056262558,NA
1682,881.368,0.709880792113988,0.879751330894247,1762.736,2021_kk_228,Kusko,2021,0.709147736368391,0.858238947083709,-0.00134839666664466,691.830636777643,872.494638705453,1406.416,0.705570075866613,330.1148056262558,NA
1683,881.892,0.710256622362807,0.865631438172676,1763.784,2021_kk_228,Kusko,2021,0.709124804981029,0.856584642371285,-0.00165430471242456,691.830636777643,872.494638705453,1406.416,0.705570075866613,330.1148056262558,NA
1684,882.416,0.71086314865453,0.860020838684853,1764.832,2021_kk_228,Kusko,2021,0.709130591338093,0.854742219835218,-0.00184242253606648,691.830636777643,872.494638705453,1406.416,0.705570075866613,330.1148056262558,NA
1685,882.94,0.7096974475678,0.848694692536964,1765.88,2021_kk_228,Kusko,2021,0.709141809587387,0.852902911842293,-0.00183930799292531,691.830636777643,872.494638705453,1406.416,0.705570075866613,330.1148056262558,NA
1686,883.464,0.710047361908687,0.841444639704197,1766.928,2021_kk_228,Kusko,2021,0.709165735876175,0.851312120908618,-0.00159079093367487,691.830636777643,872.494638705453,1406.416,0.705570075866613,330.1148056262558,NA
1687,883.988,0.70970461152667,0.847279509154402,1767.976,2021_kk_228,Kusko,2021,0.709203130349862,0.849729186445848,-0.00158293446277058,691.830636777643,872.494638705453,1406.416,0.705570075866613,330.1148056262558,NA
1688,884.512,0.709664778876798,0.835990025743347,1769.024,2021_kk_228,Kusko,2021,0.709212283134394,0.848075832714232,-0.00165335373161601,691.830636777643,872.494638705453,1406.416,0.705570075866613,330.1148056262558,NA
1689,885.036,0.709096667459645,0.825308023880644,1770.072,2021_kk_228,Kusko,2021,0.709233675402825,0.846408680185462,-0.00166715252877003,691.830636777643,872.494638705453,1406.416,0.705570075866613,330.1148056262558,NA
1690,885.56,0.708862362551556,0.828175730445338,1771.12,2021_kk_228,Kusko,2021,0.70924312265934,0.844593821723846,-0.00181485846161555,691.830636777643,872.494638705453,1406.416,0.705570075866613,330.1148056262558,NA
1691,886.084,0.709799649731058,0.835812074208616,1772.168,2021_kk_228,Kusko,2021,0.70923048487804,0.843109673435636,-0.00148414828821009,691.830636777643,872.494638705453,1406.416,0.705570075866613,330.1148056262558,NA
1692,886.608,0.709693787574271,0.836432142257295,1773.216,2021_kk_228,Kusko,2021,0.709267355462251,0.841744828072404,-0.00136484536323167,691.830636777643,872.494638705453,1406.416,0.705570075866613,330.1148056262558,NA
1693,887.132,0.709236597735993,0.824029543940745,1774.264,2021_kk_228,Kusko,2021,0.709267978415,0.840106061400826,-0.00163876667157836,691.830636777643,872.494638705453,1406.416,0.705570075866613,330.1148056262558,NA
1694,887.656,0.709578682556382,0.82194472562069,1775.312,2021_kk_228,Kusko,2021,0.709278197984955,0.838505760180651,-0.00160030122017496,691.830636777643,872.494638705453,1406.416,0.705570075866613,330.1148056262558,NA
1695,888.18,0.708721147028148,0.822853877287661,1776.36,2021_kk_228,Kusko,2021,0.709273605672018,0.83680643940129,-0.00169932077936041,691.830636777643,872.494638705453,1406.416,0.705570075866613,330.1148056262558,NA
1696,888.704,0.709451719047679,0.817347854257926,1777.408,2021_kk_228,Kusko,2021,0.709263650263705,0.835364603752572,-0.00144183564871825,691.830636777643,872.494638705453,1406.416,0.705570075866613,330.1148056262558,NA
1697,889.228,0.710016646614746,0.825558795486905,1778.456,2021_kk_228,Kusko,2021,0.709309939265808,0.833708859589911,-0.00165574416266123,691.830636777643,872.494638705453,1406.416,0.705570075866613,330.1148056262558,NA
1698,889.752,0.710280636654363,0.810945525343394,1779.504,2021_kk_228,Kusko,2021,0.70928232825246,0.832518000152373,-0.00119085943753761,691.830636777643,872.494638705453,1406.416,0.705570075866613,330.1148056262558,NA
1699,890.276,0.709262148591649,0.809679029151178,1780.552,2021_kk_228,Kusko,2021,0.709300246230628,0.831305727825394,-0.00121227232697918,691.830636777643,872.494638705453,1406.416,0.705570075866613,330.1148056262558,NA
1700,890.8,0.709532136657327,0.806544929559218,1781.6,2021_kk_228,Kusko,2021,0.709306487631286,0.829828376338274,-0.00147735148712058,691.830636777643,872.494638705453,1406.416,0.705570075866613,330.1148056262558,NA
1701,891.324,0.708923101456632,0.805177556396917,1782.648,2021_kk_228,Kusko,2021,0.709283918452058,0.828233598567115,-0.00159477777115902,691.830636777643,872.494638705453,1406.416,0.705570075866613,330.1148056262558,NA
1702,891.848,0.708524353335207,0.80389520333743,1783.696,2021_kk_228,Kusko,2021,0.709277497545507,0.826903965133642,-0.00132963343347259,691.830636777643,872.494638705453,1406.416,0.705570075866613,330.1148056262558,NA
1703,892.372,0.708226454161532,0.79568700055481,1784.744,2021_kk_228,Kusko,2021,0.709304792853202,0.825304003642021,-0.00159996149162134,691.830636777643,872.494638705453,1406.416,0.705570075866613,330.1148056262558,NA
1704,892.896,0.707838249357282,0.81381415465747,1785.792,2021_kk_228,Kusko,2021,0.709314424539564,0.824184936144548,-0.00111906749747304,691.830636777643,872.494638705453,1406.416,0.705570075866613,330.1148056262558,NA
1705,893.42,0.708691983615075,0.809782693385133,1786.84,2021_kk_228,Kusko,2021,0.70930098879387,0.823074233498962,-0.00111070264558588,691.830636777643,872.494638705453,1406.416,0.705570075866613,330.1148056262558,NA
1706,893.944,0.70852317402879506,0.804473133759576,1787.888,2021_kk_228,Kusko,2021,0.709303995531318,0.822208245524273,-8.6598797468917e-4,691.830636777643,872.494638705453,1406.416,0.705570075866613,330.1148056262558,NA
1707,894.468,0.709268132647533,0.798705071616204,1788.936,2021_kk_228,Kusko,2021,0.70930027162222,0.820966800053332,-0.00124144547094085,691.830636777643,872.494638705453,1406.416,0.705570075866613,330.1148056262558,NA
1708,894.992,0.709674334170217,0.810851115521191,1789.984,2021_kk_228,Kusko,2021,0.709288903108352,0.819722476036696,-0.00124432401663532,691.830636777643,872.494638705453,1406.416,0.705570075866613,330.1148056262558,NA
1709,895.516,0.709631486244432,0.823717009691054,1791.032,2021_kk_228,Kusko,2021,0.709312766455527,0.818730862689199,-9.9161334749775e-4,691.830636777643,872.494638705453,1406.416,0.705570075866613,330.1148056262558,NA
1710,896.04,0.710442542725731,0.800246665332628,1792.08,2021_kk_228,Kusko,2021,0.709294621080918,0.817710651135374,-0.00102021155382426,691.830636777643,872.494638705453,1406.416,0.705570075866613,330.1148056262558,NA
1711,896.564,0.708929673877384,0.829456751963939,1793.128,2021_kk_228,Kusko,2021,0.709286616931816,0.816782751854572,-9.2789928080239e-4,691.830636777643,872.494638705453,1406.416,0.705570075866613,330.1148056262558,NA
1712,897.088,0.710306982928591,0.823859184045017,1794.176,2021_kk_228,Kusko,2021,0.709280153499341,0.815733108900113,-0.00104964295445886,691.830636777643,872.494638705453,1406.416,0.705570075866613,330.1148056262558,NA
1713,897.612,0.708204838064865,0.815499084617505,1795.224,2021_kk_228,Kusko,2021,0.709280583358252,0.814989910067194,-7.4319883291895e-4,691.830636777643,872.494638705453,1406.416,0.705570075866613,330.1148056262558,NA
1714,898.136,0.709726253946238,0.809274112236677,1796.272,2021_kk_228,Kusko,2021,0.709264648121351,0.814260975847179,-7.2893422001529e-4,691.830636777643,872.494638705453,1406.416,0.705570075866613,330.1148056262558,NA
1715,898.66,0.708880112177674,0.811350592365873,1797.32,2021_kk_228,Kusko,2021,0.709236255498925,0.813653557064272,-6.0741878290693e-4,691.830636777643,872.494638705453,1406.416,0.705570075866613,330.1148056262558,NA
1716,899.184,0.70994975703072,0.811981448936398,1798.368,2021_kk_228,Kusko,2021,0.709218907944281,0.813471807482987,-1.8174958128469e-4,691.830636777643,872.494638705453,1406.416,0.705570075866613,330.1148056262558,NA
1717,899.708,0.709768802019062,0.808560147108346,1799.416,2021_kk_228,Kusko,2021,0.709203662496888,0.813049237377999,-4.2257010498814e-4,691.830636777643,872.494638705453,1406.416,0.705570075866613,330.1148056262558,NA
1718,900.232,0.709792456098033,0.811752772320687,1800.464,2021_kk_228,Kusko,2021,0.709200819061189,0.812764909384876,-2.8432799312316e-4,691.830636777643,872.494638705453,1406.416,0.705570075866613,330.1148056262558,NA
1719,900.756,0.708926411017975,0.805760223982857,1801.512,2021_kk_228,Kusko,2021,0.709197637043496,0.813137749696269,3.7284031139284e-4,691.830636777643,872.494638705453,1406.416,0.705570075866613,330.1148056262558,NA
1720,901.28,0.709542306572568,0.814226514772933,1802.56,2021_kk_228,Kusko,2021,0.709201747588455,0.813278026426908,1.4027673063921e-4,691.830636777643,872.494638705453,1406.416,0.705570075866613,330.1148056262558,NA
1721,901.804,0.707829391702608,0.806579230940819,1803.608,2021_kk_228,Kusko,2021,0.709192593951913,0.813120190292676,-1.5783613423181e-4,691.830636777643,872.494638705453,1406.416,0.705570075866613,330.1148056262558,NA
1722,902.328,0.711406433405153,0.811008579971529,1804.656,2021_kk_228,Kusko,2021,0.709179827401638,0.813157360061669,3.71697689930395e-5,691.830636777643,872.494638705453,1406.416,0.705570075866613,330.1148056262558,NA
1723,902.852,0.708687882951972,0.805012995567694,1805.704,2021_kk_228,Kusko,2021,0.709187155738947,0.813498332050948,3.4097198927896e-4,691.830636777643,872.494638705453,1406.416,0.705570075866613,330.1148056262558,NA
1724,903.376,0.709563403930278,0.804099582274681,1806.752,2021_kk_228,Kusko,2021,0.709161085652555,0.814009310159297,5.109781083491e-4,691.830636777643,872.494638705453,1406.416,0.705570075866613,330.1148056262558,NA
1725,903.9,0.709133873084823,0.798467007486577,1807.8,2021_kk_228,Kusko,2021,0.709163918790402,0.81447848905101,4.6917889171249e-4,691.830636777643,872.494638705453,1406.416,0.705570075866613,330.1148056262558,NA
1726,904.424,0.708893254562868,0.806588222704349,1808.848,2021_kk_228,Kusko,2021,0.709161398450708,0.814754606981735,2.7611793072523e-4,691.830636777643,872.494638705453,1406.416,0.705570075866613,330.1148056262558,NA
1727,904.948,0.710150749297051,0.795905999150812,1809.896,2021_kk_228,Kusko,2021,0.709121357152588,0.815014262110622,2.5965512888726e-4,691.830636777643,872.494638705453,1406.416,0.705570075866613,330.1148056262558,NA
1728,905.472,0.708416523558724,0.811122352383656,1810.944,2021_kk_228,Kusko,2021,0.709089405587613,0.815655876518378,6.4161440775523e-4,691.830636777643,872.494638705453,1406.416,0.705570075866613,330.1148056262558,NA
1729,905.996,0.709948703402598,0.806815700255837,1811.992,2021_kk_228,Kusko,2021,0.70908053876589,0.816285506642067,6.2963012368988e-4,691.830636777643,872.494638705453,1406.416,0.705570075866613,330.1148056262558,NA
1730,906.52,0.709017370940067,0.799901652181417,1813.04,2021_kk_228,Kusko,2021,0.709075999316853,0.817292288082,0.00100678143993294,691.830636777643,872.494638705453,1406.416,0.705570075866613,330.1148056262558,NA
1731,907.044,0.70830981941741,0.803298880732669,1814.088,2021_kk_228,Kusko,2021,0.709079195605177,0.818113361673678,8.2107359167793e-4,691.830636777643,872.494638705453,1406.416,0.705570075866613,330.1148056262558,NA
1732,907.568,0.708453692393623,0.802700817344472,1815.136,2021_kk_228,Kusko,2021,0.709122012679904,0.819022808998027,9.0944732434827e-4,691.830636777643,872.494638705453,1406.416,0.705570075866613,330.1148056262558,NA
1733,908.092,0.710037906359918,0.800771661174937,1816.184,2021_kk_228,Kusko,2021,0.709143783472328,0.820257909172202,0.00123510017417561,691.830636777643,872.494638705453,1406.416,0.705570075866613,330.1148056262558,NA
1734,908.616,0.708872581701572,0.812751211674608,1817.232,2021_kk_228,Kusko,2021,0.709166183455531,0.820986674830112,7.2876565791024e-4,691.830636777643,872.494638705453,1406.416,0.705570075866613,330.1148056262558,NA
1735,909.14,0.70776517654951,0.814922292640335,1818.28,2021_kk_228,Kusko,2021,0.709186445417711,0.821879539234066,8.9286440395386e-4,691.830636777643,872.494638705453,1406.416,0.705570075866613,330.1148056262558,NA
1736,909.664,0.709140771684364,0.824153302550151,1819.328,2021_kk_228,Kusko,2021,0.709203450629086,0.823565085381678,0.00168554614761196,691.830636777643,872.494638705453,1406.416,0.705570075866613,330.1148056262558,NA
1737,910.188,0.708535849293829,0.812747871226309,1820.376,2021_kk_228,Kusko,2021,0.70920614443571,0.824752596712985,0.00118751133130635,691.830636777643,872.494638705453,1406.416,0.705570075866613,330.1148056262558,NA
1738,910.712,0.709587536971404,0.801779941617066,1821.424,2021_kk_228,Kusko,2021,0.709205656393035,0.826057333949285,0.00130473723630031,691.830636777643,872.494638705453,1406.416,0.705570075866613,330.1148056262558,NA
1739,911.236,0.709725481956483,0.805448062304696,1822.472,2021_kk_228,Kusko,2021,0.709186959533445,0.826762345067264,7.0501111797927e-4,691.830636777643,872.494638705453,1406.416,0.705570075866613,330.1148056262558,NA
1740,911.76,0.707743364684633,0.81639950118964,1823.52,2021_kk_228,Kusko,2021,0.709194422677413,0.828111211075004,0.00134886600773998,691.830636777643,872.494638705453,1406.416,0.705570075866613,330.1148056262558,NA
1741,912.284,0.70855889737046,0.814975082969082,1824.568,2021_kk_228,Kusko,2021,0.709212403496921,0.828959934387979,8.4872331297436e-4,691.830636777643,872.494638705453,1406.416,0.705570075866613,330.1148056262558,NA
1742,912.808,0.709492986165516,0.816772753626713,1825.616,2021_kk_228,Kusko,2021,0.709177120632404,0.83009809997688,0.0011381655889009,691.830636777643,872.494638705453,1406.416,0.705570075866613,330.1148056262558,NA
1743,913.332,0.710282413897419,0.82103950819754,1826.664,2021_kk_228,Kusko,2021,0.709179335975495,0.831437813555989,0.00133971357910934,691.830636777643,872.494638705453,1406.416,0.705570075866613,330.1148056262558,NA
1744,913.856,0.709907034440522,0.816284785483939,1827.712,2021_kk_228,Kusko,2021,0.709173253716031,0.832806227544654,0.00136841398866505,691.830636777643,872.494638705453,1406.416,0.705570075866613,330.1148056262558,NA
1745,914.38,0.707993890222222,0.81224956556254,1828.76,2021_kk_228,Kusko,2021,0.709175633355594,0.83409322076676,0.00128699322210601,691.830636777643,872.494638705453,1406.416,0.705570075866613,330.1148056262558,NA
1746,914.904,0.709006508630049,0.830539664827121,1829.808,2021_kk_228,Kusko,2021,0.70917517774788,0.835639464801624,0.0015462440348637,691.830636777643,872.494638705453,1406.416,0.705570075866613,330.1148056262558,NA
1747,915.428,0.708789884683083,0.821925302855112,1830.856,2021_kk_228,Kusko,2021,0.709163882370495,0.83737231321938,0.00173284841775678,691.830636777643,872.494638705453,1406.416,0.705570075866613,330.1148056262558,NA
1748,915.952,0.709494172734885,0.818930346155954,1831.904,2021_kk_228,Kusko,2021,0.709149447681858,0.838842971698331,0.001470658478951,691.830636777643,872.494638705453,1406.416,0.705570075866613,330.1148056262558,NA
1749,916.476,0.708905746398022,0.847678442564217,1832.952,2021_kk_228,Kusko,2021,0.709158864226735,0.840676536832291,0.00183356513396005,691.830636777643,872.494638705453,1406.416,0.705570075866613,330.1148056262558,NA
1750,917,0.709108995249146,0.836592334283697,1834,2021_kk_228,Kusko,2021,0.709157158939656,0.842111438724417,0.00143490189212558,691.830636777643,872.494638705453,1406.416,0.705570075866613,330.1148056262558,NA
1751,917.524,0.709250431538512,0.826341906154708,1835.048,2021_kk_228,Kusko,2021,0.709180872342792,0.844005584221914,0.00189414549749689,691.830636777643,872.494638705453,1406.416,0.705570075866613,330.1148056262558,NA
1752,918.048,0.708927794557748,0.838662328396876,1836.096,2021_kk_228,Kusko,2021,0.709155406041257,0.845671513996981,0.00166592977506741,691.830636777643,872.494638705453,1406.416,0.705570075866613,330.1148056262558,NA
1753,918.572,0.709676297974563,0.844487863297486,1837.144,2021_kk_228,Kusko,2021,0.709177471598837,0.847541955473883,0.00187044147690174,691.830636777643,872.494638705453,1406.416,0.705570075866613,330.1148056262558,NA
1754,919.096,0.708014477372864,0.852603412121632,1838.192,2021_kk_228,Kusko,2021,0.709137077566979,0.849167955551183,0.00162600007729985,691.830636777643,872.494638705453,1406.416,0.705570075866613,330.1148056262558,NA
1755,919.62,0.708891135298941,0.851004610790407,1839.24,2021_kk_228,Kusko,2021,0.709164217201068,0.851183136014541,0.00201518046335858,691.830636777643,872.494638705453,1406.416,0.705570075866613,330.1148056262558,NA
1756,920.144,0.709300498666058,0.833914930101446,1840.288,2021_kk_228,Kusko,2021,0.709174670253539,0.852986456982365,0.00180332096782321,691.830636777643,872.494638705453,1406.416,0.705570075866613,330.1148056262558,NA
1757,920.668,0.707614168727527,0.841138103220135,1841.336,2021_kk_228,Kusko,2021,0.709175696700523,0.85524585276503,0.00225939578266521,691.830636777643,872.494638705453,1406.416,0.705570075866613,330.1148056262558,NA
1758,921.192,0.708363542755849,0.849442389808708,1842.384,2021_kk_228,Kusko,2021,0.70919624238845,0.856812332292412,0.0015664795273822,691.830636777643,872.494638705453,1406.416,0.705570075866613,330.1148056262558,NA
1759,921.716,0.708730139288288,0.847456836572566,1843.432,2021_kk_228,Kusko,2021,0.709185957700141,0.858274277366303,0.00146194507389052,691.830636777643,872.494638705453,1406.416,0.705570075866613,330.1148056262558,NA
1760,922.24,0.7092597697151,0.866951815955194,1844.48,2021_kk_228,Kusko,2021,0.70920670502219,0.860308321073058,0.00203404370675531,691.830636777643,872.494638705453,1406.416,0.705570075866613,330.1148056262558,NA
1761,922.764,0.7091148787561,0.854441971897594,1845.528,2021_kk_228,Kusko,2021,0.7092256801218,0.862200937591187,0.00189261651812933,691.830636777643,872.494638705453,1406.416,0.705570075866613,330.1148056262558,NA
1762,923.288,0.711093377818841,0.858462042798328,1846.576,2021_kk_228,Kusko,2021,0.709232848062758,0.864272458770826,0.00207152117963905,691.830636777643,872.494638705453,1406.416,0.705570075866613,330.1148056262558,NA
1763,923.812,0.709532701706919,0.869793011005342,1847.624,2021_kk_228,Kusko,2021,0.709229726023187,0.866241260081048,0.00196880131022148,691.830636777643,872.494638705453,1406.416,0.705570075866613,330.1148056262558,NA
1764,924.336,0.709182248349502,0.857540094132082,1848.672,2021_kk_228,Kusko,2021,0.709238288859359,0.867944928052423,0.00170366797137511,691.830636777643,872.494638705453,1406.416,0.705570075866613,330.1148056262558,NA
1765,924.86,0.70990770134588,0.863354557622369,1849.72,2021_kk_228,Kusko,2021,0.709237834995363,0.869313347453187,0.00136841940076415,691.830636777643,872.494638705453,1406.416,0.705570075866613,330.1148056262558,NA
1766,925.384,0.709543486711278,0.90560590261629,1850.768,2021_kk_228,Kusko,2021,0.709239095551701,0.870957471761242,0.00164412430805472,691.830636777643,872.494638705453,1406.416,0.705570075866613,330.1148056262558,NA
1767,925.908,0.709429761044983,0.869955751494583,1851.816,2021_kk_228,Kusko,2021,0.709251486985434,0.872712489469824,0.00175501770858266,691.830636777643,872.494638705453,1406.416,0.705570075866613,330.1148056262558,NA
1768,926.432,0.709645051609696,0.889135349699209,1852.864,2021_kk_228,Kusko,2021,0.709228694340145,0.874867082443832,0.00215459297400766,691.830636777643,872.494638705453,1406.416,0.705570075866613,330.1148056262558,NA
1769,926.956,0.708509674669013,0.86601767676981,1853.912,2021_kk_228,Kusko,2021,0.709197948346409,0.877013786241179,0.00214670379734649,691.830636777643,872.494638705453,1406.416,0.705570075866613,330.1148056262558,NA
1770,927.48,0.710890331363841,0.881178625797026,1854.96,2021_kk_228,Kusko,2021,0.709228598819059,0.878995886727378,0.00198210048619962,691.830636777643,872.494638705453,1406.416,0.705570075866613,330.1148056262558,NA
1771,928.004,0.710008523047853,0.880380150742402,1856.008,2021_kk_228,Kusko,2021,0.709234188145423,0.880731072942266,0.00173518621488788,691.830636777643,872.494638705453,1406.416,0.705570075866613,330.1148056262558,NA
1772,928.528,0.708190011057548,0.892149119379071,1857.056,2021_kk_228,Kusko,2021,0.709241029347507,0.882715226373551,0.00198415343128489,691.830636777643,872.494638705453,1406.416,0.705570075866613,330.1148056262558,NA
1773,929.052,0.708337758650357,0.89588189936407,1858.104,2021_kk_228,Kusko,2021,0.709222306038855,0.885144593939938,0.00242936756638668,691.830636777643,872.494638705453,1406.416,0.705570075866613,330.1148056262558,NA
1774,929.576,0.709361318378374,0.89137895155658,1859.152,2021_kk_228,Kusko,2021,0.709218762690035,0.886924263663503,0.00177966972356558,691.830636777643,872.494638705453,1406.416,0.705570075866613,330.1148056262558,NA
1775,930.1,0.709022890551456,0.888570185692225,1860.2,2021_kk_228,Kusko,2021,0.709254626050377,0.889055216209826,0.00213095254632267,691.830636777643,872.494638705453,1406.416,0.705570075866613,330.1148056262558,NA
1776,930.624,0.709922420567886,0.90475609102822,1861.248,2021_kk_228,Kusko,2021,0.709258816676683,0.890687040245081,0.00163182403525541,691.830636777643,872.494638705453,1406.416,0.705570075866613,330.1148056262558,NA
1777,931.148,0.709091079375955,0.912531052173756,1862.296,2021_kk_228,Kusko,2021,0.7092626000511,0.892418278028701,0.0017312377836195,691.830636777643,872.494638705453,1406.416,0.705570075866613,330.1148056262558,NA
1778,931.672,0.708926374779796,0.899992281057743,1863.344,2021_kk_228,Kusko,2021,0.709263426839128,0.894135032280234,0.00171675425153339,691.830636777643,872.494638705453,1406.416,0.705570075866613,330.1148056262558,NA
1779,932.196,0.70949140371061,0.915774132020462,1864.392,2021_kk_228,Kusko,2021,0.709278588131668,0.89545162309875,0.00131659081851609,691.830636777643,872.494638705453,1406.416,0.705570075866613,330.1148056262558,NA
1780,932.72,0.709439989347859,0.90032062830046,1865.44,2021_kk_228,Kusko,2021,0.709268186749991,0.896724457885112,0.00127283478636153,691.830636777643,872.494638705453,1406.416,0.705570075866613,330.1148056262558,NA
1781,933.244,0.709252195890752,0.920227960790631,1866.488,2021_kk_228,Kusko,2021,0.709278348080174,0.898157136623743,0.00143267873863129,691.830636777643,872.494638705453,1406.416,0.705570075866613,330.1148056262558,NA
1782,933.768,0.70987845531307,0.910964366475578,1867.536,2021_kk_228,Kusko,2021,0.709323606497796,0.899608596024583,0.00145145940083968,691.830636777643,872.494638705453,1406.416,0.705570075866613,330.1148056262558,NA
1783,934.292,0.710011816406764,0.917239484181798,1868.584,2021_kk_228,Kusko,2021,0.709332214253038,0.901048562121665,0.00143996609708186,691.830636777643,872.494638705453,1406.416,0.705570075866613,330.1148056262558,NA
1784,934.816,0.707139762018751,0.901659586912672,1869.632,2021_kk_228,Kusko,2021,0.709355163659436,0.902332245211193,0.00128368308952864,691.830636777643,872.494638705453,1406.416,0.705570075866613,330.1148056262558,NA
1785,935.34,0.710762251130201,0.919377835288092,1870.68,2021_kk_228,Kusko,2021,0.709360572110896,0.903807917334823,0.0014756721236302,691.830636777643,872.494638705453,1406.416,0.705570075866613,330.1148056262558,NA
1786,935.864,0.70952043771115,0.914787480773741,1871.728,2021_kk_228,Kusko,2021,0.709373602288546,0.90521056070892,0.00140264337409679,691.830636777643,872.494638705453,1406.416,0.705570075866613,330.1148056262558,NA
1787,936.388,0.71021233611609,0.931469746110725,1872.776,2021_kk_228,Kusko,2021,0.70939433795337,0.906739851781781,0.00152929107286071,691.830636777643,872.494638705453,1406.416,0.705570075866613,330.1148056262558,NA
1788,936.912,0.709649264834338,0.905111124026592,1873.824,2021_kk_228,Kusko,2021,0.709415802216166,0.907923174998839,0.00118332321705772,691.830636777643,872.494638705453,1406.416,0.705570075866613,330.1148056262558,NA
1789,937.436,0.709331622104027,0.89453240468927,1874.872,2021_kk_228,Kusko,2021,0.709417797671309,0.909053291727747,0.00113011672890817,691.830636777643,872.494638705453,1406.416,0.705570075866613,330.1148056262558,NA
1790,937.96,0.710262210263039,0.921944274586732,1875.92,2021_kk_228,Kusko,2021,0.709409168040498,0.909769470231782,7.1617850403527e-4,691.830636777643,872.494638705453,1406.416,0.705570075866613,330.1148056262558,NA
1791,938.484,0.709448325393973,0.916855871820432,1876.968,2021_kk_228,Kusko,2021,0.709392938483924,0.910843962805844,0.00107449257406178,691.830636777643,872.494638705453,1406.416,0.705570075866613,330.1148056262558,NA
1792,939.008,0.708883768851136,0.926992088122816,1878.016,2021_kk_228,Kusko,2021,0.709375291901436,0.911784093145545,9.401303397013e-4,691.830636777643,872.494638705453,1406.416,0.705570075866613,330.1148056262558,NA
1793,939.532,0.709850583985645,0.918899739788227,1879.064,2021_kk_228,Kusko,2021,0.709378715625711,0.912009038458827,2.2494531328209e-4,691.830636777643,872.494638705453,1406.416,0.705570075866613,330.1148056262558,NA
1794,940.056,0.70938635187189,0.914971289957112,1880.112,2021_kk_228,Kusko,2021,0.709401604362529,0.91246572045447,4.5668199564263e-4,691.830636777643,872.494638705453,1406.416,0.705570075866613,330.1148056262558,NA
1795,940.58,0.707737944709767,0.897027456686186,1881.16,2021_kk_228,Kusko,2021,0.70939040178272,0.912747154780176,2.8143432570593e-4,691.830636777643,872.494638705453,1406.416,0.705570075866613,330.1148056262558,NA
1796,941.104,0.709216405064642,0.922800761033427,1882.208,2021_kk_228,Kusko,2021,0.709393936262362,0.912203752690692,-5.4340208948433e-4,691.830636777643,872.494638705453,1406.416,0.705570075866613,330.1148056262558,NA
1797,941.628,0.70927933531778,0.918048933741273,1883.256,2021_kk_228,Kusko,2021,0.709374868292344,0.912200637017885,-3.11567280641967e-6,691.830636777643,872.494638705453,1406.416,0.705570075866613,330.1148056262558,NA
1798,942.152,0.708219978254109,0.931055520057531,1884.304,2021_kk_228,Kusko,2021,0.709370639918642,0.911944118162308,-2.5651885557698e-4,691.830636777643,872.494638705453,1406.416,0.705570075866613,330.1148056262558,NA
1799,942.676,0.707880722332312,0.934250290145481,1885.352,2021_kk_228,Kusko,2021,0.709388963689557,0.912040286377986,9.61682156778165e-5,691.830636777643,872.494638705453,1406.416,0.705570075866613,330.1148056262558,NA
1800,943.2,0.709582393043621,0.935325530361624,1886.4,2021_kk_228,Kusko,2021,0.709341239155303,0.912320026034366,2.7973965638017e-4,691.830636777643,872.494638705453,1406.416,0.705570075866613,330.1148056262558,NA
1801,943.724,0.708894256952285,0.919086255862352,1887.448,2021_kk_228,Kusko,2021,0.709308719231545,0.912298842158264,-2.1183876102171e-5,691.830636777643,872.494638705453,1406.416,0.705570075866613,330.1148056262558,NA
1802,944.248,0.709903458290567,0.935821959503813,1888.496,2021_kk_228,Kusko,2021,0.709318827954254,0.912333942981508,3.51008232440941e-5,691.830636777643,872.494638705453,1406.416,0.705570075866613,330.1148056262558,NA
1803,944.772,0.709159015378331,0.96680156218074,1889.544,2021_kk_228,Kusko,2021,0.709325982323378,0.911941153139455,-3.9278984205304e-4,691.830636777643,872.494638705453,1406.416,0.705570075866613,330.1148056262558,NA
1804,945.296,0.709694433511295,0.923064968897873,1890.592,2021_kk_228,Kusko,2021,0.709314792615973,0.911721722256264,-2.1943088319131e-4,691.830636777643,872.494638705453,1406.416,0.705570075866613,330.1148056262558,NA
1805,945.82,0.71014569184278,0.940106718341901,1891.64,2021_kk_228,Kusko,2021,0.709308528735408,0.91177290643179,5.11841755261866e-5,691.830636777643,872.494638705453,1406.416,0.705570075866613,330.1148056262558,NA
1806,946.344,0.709257946208374,0.928449106942443,1892.688,2021_kk_228,Kusko,2021,0.709297071958854,0.911525851264731,-2.4705516705858e-4,691.830636777643,872.494638705453,1406.416,0.705570075866613,330.1148056262558,NA
1807,946.868,0.70901688714809,0.925799569872283,1893.736,2021_kk_228,Kusko,2021,0.709299743385769,0.911058291898657,-4.6755936607401e-4,691.830636777643,872.494638705453,1406.416,0.705570075866613,330.1148056262558,NA
1808,947.392,0.709543780016558,0.921935601247959,1894.784,2021_kk_228,Kusko,2021,0.709307968300738,0.910986450000873,-7.18418977845303e-5,691.830636777643,872.494638705453,1406.416,0.705570075866613,330.1148056262558,NA
1809,947.916,0.709815423950433,0.926673891675181,1895.832,2021_kk_228,Kusko,2021,0.709309762769818,0.910619918445823,-3.6653155504995e-4,691.830636777643,872.494638705453,1406.416,0.705570075866613,330.1148056262558,NA
1810,948.44,0.70848491234853594,0.912962421465394,1896.88,2021_kk_228,Kusko,2021,0.709306340219888,0.911205992408388,5.8607396256549e-4,691.830636777643,872.494638705453,1406.416,0.705570075866613,330.1148056262558,NA
1811,948.964,0.709860111349503,0.912302630472586,1897.928,2021_kk_228,Kusko,2021,0.709303502548419,0.910998762718387,-2.0722969000164e-4,691.830636777643,872.494638705453,1406.416,0.705570075866613,330.1148056262558,NA
1812,949.488,0.711643299615048,0.925749892447252,1898.976,2021_kk_228,Kusko,2021,0.709292818353866,0.911006720348919,7.95763053262899e-6,691.830636777643,872.494638705453,1406.416,0.705570075866613,330.1148056262558,NA
1813,950.012,0.710192763289084,0.930885829122398,1900.024,2021_kk_228,Kusko,2021,0.709284528606889,0.910754339810706,-2.5238053821286e-4,691.830636777643,872.494638705453,1406.416,0.705570075866613,330.1148056262558,NA
1814,950.536,0.709391441756727,0.929624397493352,1901.072,2021_kk_228,Kusko,2021,0.70930987373901,0.910817284115304,6.29443045980782e-5,691.830636777643,872.494638705453,1406.416,0.705570075866613,330.1148056262558,NA
1815,951.06,0.709215642386538,0.939544938208219,1902.12,2021_kk_228,Kusko,2021,0.709309852840437,0.910619384096093,-1.9790001921182e-4,691.830636777643,872.494638705453,1406.416,0.705570075866613,330.1148056262558,NA
1816,951.584,0.71008230932506,0.918073532547254,1903.168,2021_kk_228,Kusko,2021,0.709289832256651,0.910370047969119,-2.4933612697342e-4,691.830636777643,872.494638705453,1406.416,0.705570075866613,330.1148056262558,NA
1817,952.108,0.70885830861701,0.932895567591778,1904.216,2021_kk_228,Kusko,2021,0.709286411814789,0.910078964450576,-2.9108351854312e-4,691.830636777643,872.494638705453,1406.416,0.705570075866613,330.1148056262558,NA
1818,952.632,0.709651398523575,0.920441782832174,1905.264,2021_kk_228,Kusko,2021,0.709276702257506,0.909987882052172,-9.10823984046072e-5,691.830636777643,872.494638705453,1406.416,0.705570075866613,330.1148056262558,NA
1819,953.156,0.708849866596887,0.915263840307062,1906.312,2021_kk_228,Kusko,2021,0.709286508117178,0.910112276481773,1.2439442960121e-4,691.830636777643,872.494638705453,1406.416,0.705570075866613,330.1148056262558,NA
1820,953.68,0.708741991866443,0.909922526197313,1907.36,2021_kk_228,Kusko,2021,0.709256685027833,0.909896368984509,-2.1590749726385e-4,691.830636777643,872.494638705453,1406.416,0.705570075866613,330.1148056262558,NA
1821,954.204,0.708141105361653,0.918911526341296,1908.408,2021_kk_228,Kusko,2021,0.709247753444831,0.909789703878758,-1.0666510575119e-4,691.830636777643,872.494638705453,1406.416,0.705570075866613,330.1148056262558,NA
1822,954.728,0.710034582869529,0.914869863180402,1909.456,2021_kk_228,Kusko,2021,0.709242482331041,0.90950660444727,-2.8309943148796e-4,691.830636777643,872.494638705453,1406.416,0.705570075866613,330.1148056262558,NA
1823,955.252,0.709738125163458,0.883289729802272,1910.504,2021_kk_228,Kusko,2021,0.709190787833234,0.90950215025093,-4.45419633920974e-6,691.830636777643,872.494638705453,1406.416,0.705570075866613,330.1148056262558,NA
1824,955.776,0.710555572558568,0.884941013870633,1911.552,2021_kk_228,Kusko,2021,0.709195466414753,0.909647033327659,1.4488307672855e-4,691.830636777643,872.494638705453,1406.416,0.705570075866613,330.1148056262558,NA
1825,956.3,0.709235546557375,0.88024061716473,1912.6,2021_kk_228,Kusko,2021,0.70921564733592,0.90971627050957,6.92371819113191e-5,691.830636777643,872.494638705453,1406.416,0.705570075866613,330.1148056262558,NA
1826,956.824,0.709755555489799,0.87300177724723,1913.648,2021_kk_228,Kusko,2021,0.709230649270062,0.909212818177412,-5.0345233215853e-4,691.830636777643,872.494638705453,1406.416,0.705570075866613,330.1148056262558,NA
1827,957.348,0.708285682843854,0.869768811126199,1914.696,2021_kk_228,Kusko,2021,0.709217779089449,0.909147213862502,-6.56043149100949e-5,691.830636777643,872.494638705453,1406.416,0.705570075866613,330.1148056262558,NA
1828,957.872,0.709391349187571,0.873744218364591,1915.744,2021_kk_228,Kusko,2021,0.709242904237772,0.908769805693126,-3.7740816937603e-4,691.830636777643,872.494638705453,1406.416,0.705570075866613,330.1148056262558,NA
1829,958.396,0.709609100923911,0.871787769710484,1916.792,2021_kk_228,Kusko,2021,0.709257985981307,0.908252014620016,-5.1779107311e-4,691.830636777643,872.494638705453,1406.416,0.705570075866613,330.1148056262558,NA
1830,958.92,0.70802685930861,0.89796300517983,1917.84,2021_kk_228,Kusko,2021,0.7092783768535,0.907656825065036,-5.9518955498016e-4,691.830636777643,872.494638705453,1406.416,0.705570075866613,330.1148056262558,NA
1831,959.444,0.708057327622426,0.879109118176272,1918.888,2021_kk_228,Kusko,2021,0.709294461512117,0.90730796971078,-3.4885535425499e-4,691.830636777643,872.494638705453,1406.416,0.705570075866613,330.1148056262558,NA
1832,959.968,0.708796534420086,0.894255168773718,1919.936,2021_kk_228,Kusko,2021,0.709309068675846,0.906884264403238,-4.2370530754254e-4,691.830636777643,872.494638705453,1406.416,0.705570075866613,330.1148056262558,NA
1833,960.492,0.708767020797764,0.872314508840889,1920.984,2021_kk_228,Kusko,2021,0.709291600153315,0.905836359775689,-0.00104790462754878,691.830636777643,872.494638705453,1406.416,0.705570075866613,330.1148056262558,NA
1834,961.016,0.708689935934084,0.8782130985651,1922.032,2021_kk_228,Kusko,2021,0.709302067017305,0.905813067745939,-2.32920297501549e-5,691.830636777643,872.494638705453,1406.416,0.705570075866613,330.1148056262558,NA
1835,961.54,0.70864705771754,0.891641236223801,1923.08,2021_kk_228,Kusko,2021,0.709288131163344,0.905050443981301,-7.6262376463798e-4,691.830636777643,872.494638705453,1406.416,0.705570075866613,330.1148056262558,NA
1836,962.064,0.709235013974633,0.889932781004707,1924.128,2021_kk_228,Kusko,2021,0.709301548149765,0.904424124985908,-6.2631899539267e-4,691.830636777643,872.494638705453,1406.416,0.705570075866613,330.1148056262558,NA
1837,962.588,0.709251364990884,0.884477490209316,1925.176,2021_kk_228,Kusko,2021,0.709301846740468,0.903945993305278,-4.7813168063082e-4,691.830636777643,872.494638705453,1406.416,0.705570075866613,330.1148056262558,NA
1838,963.112,0.70941986967795,0.895681767190669,1926.224,2021_kk_228,Kusko,2021,0.709293093979637,0.903344559533563,-6.0143377171439e-4,691.830636777643,872.494638705453,1406.416,0.705570075866613,330.1148056262558,NA
1839,963.636,0.709599071855422,0.893782238717468,1927.272,2021_kk_228,Kusko,2021,0.709290623450535,0.902831222104678,-5.1333742888515e-4,691.830636777643,872.494638705453,1406.416,0.705570075866613,330.1148056262558,NA
1840,964.16,0.709234636352017,0.935485066054388,1928.32,2021_kk_228,Kusko,2021,0.709308485596363,0.902745711351836,-8.55107528421328e-5,691.830636777643,872.494638705453,1406.416,0.705570075866613,330.1148056262558,NA
1841,964.684,0.709081935602625,0.90779417939053,1929.368,2021_kk_228,Kusko,2021,0.709289862524135,0.902764487365936,1.87760141000526e-5,691.830636777643,872.494638705453,1406.416,0.705570075866613,330.1148056262558,NA
1842,965.208,0.709237403639903,0.911441824307539,1930.416,2021_kk_228,Kusko,2021,0.709254908647698,0.902625948524637,-1.3853884129866e-4,691.830636777643,872.494638705453,1406.416,0.705570075866613,330.1148056262558,NA
1843,965.732,0.709514431588104,0.902096651889026,1931.464,2021_kk_228,Kusko,2021,0.709270213406948,0.902408010542546,-2.1793798209102e-4,691.830636777643,872.494638705453,1406.416,0.705570075866613,330.1148056262558,NA
1844,966.256,0.708660469946061,0.905436245188551,1932.512,2021_kk_228,Kusko,2021,0.709259125801993,0.902234804593177,-0.00017320594936920001,691.830636777643,872.494638705453,1406.416,0.705570075866613,330.1148056262558,NA
1845,966.78,0.710760997215809,0.907503834135388,1933.56,2021_kk_228,Kusko,2021,0.709236048787967,0.901817352204513,-4.1745238866419e-4,691.830636777643,872.494638705453,1406.416,0.705570075866613,330.1148056262558,NA
1846,967.304,0.708319202683959,0.899827313155338,1934.608,2021_kk_228,Kusko,2021,0.709188961933935,0.901866893183007,4.95409784937451e-5,691.830636777643,872.494638705453,1406.416,0.705570075866613,330.1148056262558,NA
1847,967.828,0.710007109604368,0.914004734998136,1935.656,2021_kk_228,Kusko,2021,0.709185908007223,0.901477596560486,-3.8929662252085e-4,691.830636777643,872.494638705453,1406.416,0.705570075866613,330.1148056262558,NA
1848,968.352,0.709066691397402,0.899646180122319,1936.704,2021_kk_228,Kusko,2021,0.709173840487038,0.901439043872016,-3.85526884695286e-5,691.830636777643,872.494638705453,1406.416,0.705570075866613,330.1148056262558,NA
1849,968.876,0.709919973684345,0.90199607046534,1937.752,2021_kk_228,Kusko,2021,0.709190747314322,0.901523945095487,8.49012234704905e-5,691.830636777643,872.494638705453,1406.416,0.705570075866613,330.1148056262558,NA
1850,969.4,0.70847282490233,0.908989824750898,1938.8,2021_kk_228,Kusko,2021,0.709217908840684,0.901732282592369,2.0833749688198e-4,691.830636777643,872.494638705453,1406.416,0.705570075866613,330.1148056262558,NA
1851,969.924,0.70891243041384,0.910455965475362,1939.848,2021_kk_228,Kusko,2021,0.709237071171454,0.901989613173014,2.5733058064525e-4,691.830636777643,872.494638705453,1406.416,0.705570075866613,330.1148056262558,NA
1852,970.448,0.708567502023755,0.910006122233543,1940.896,2021_kk_228,Kusko,2021,0.709232641209898,0.902537209445294,5.4759627227973e-4,691.830636777643,872.494638705453,1406.416,0.705570075866613,330.1148056262558,NA
1853,970.972,0.706748914117206,0.918632488007879,1941.944,2021_kk_228,Kusko,2021,0.709235154460899,0.90351699889704,9.7978945174614e-4,691.830636777643,872.494638705453,1406.416,0.705570075866613,330.1148056262558,NA
1854,971.496,0.709667066763047,0.923664274560826,1942.992,2021_kk_228,Kusko,2021,0.709202170423158,0.90457794651359,0.00106094761654996,691.830636777643,872.494638705453,1406.416,0.705570075866613,330.1148056262558,NA
1855,972.02,0.708948799979792,0.901181687600868,1944.04,2021_kk_228,Kusko,2021,0.709190212839057,0.905601950390683,0.00102400387709367,691.830636777643,872.494638705453,1406.416,0.705570075866613,330.1148056262558,NA
1856,972.544,0.710116521113152,0.892593621103914,1945.088,2021_kk_228,Kusko,2021,0.709175166894089,0.906651601643611,0.001049651252928,691.830636777643,872.494638705453,1406.416,0.705570075866613,330.1148056262558,NA
1857,973.068,0.708507124481005,0.914112674846672,1946.136,2021_kk_228,Kusko,2021,0.709177202449751,0.907714551045469,0.00106294940185747,691.830636777643,872.494638705453,1406.416,0.705570075866613,330.1148056262558,NA
1858,973.592,0.709727487153492,0.908411029894968,1947.184,2021_kk_228,Kusko,2021,0.70917815510742,0.908669188812988,9.5463776751902e-4,691.830636777643,872.494638705453,1406.416,0.705570075866613,330.1148056262558,NA
1859,974.116,0.708785626944413,0.903182825758877,1948.232,2021_kk_228,Kusko,2021,0.70918451645975,0.909568406990647,8.9921817765947e-4,691.830636777643,872.494638705453,1406.416,0.705570075866613,330.1148056262558,NA
1860,974.64,0.710805845375218,0.899614157062817,1949.28,2021_kk_228,Kusko,2021,0.709219683360675,0.910469434866733,9.0102787608603e-4,691.830636777643,872.494638705453,1406.416,0.705570075866613,330.1148056262558,NA
1861,975.164,0.709859336469306,0.898154934607055,1950.328,2021_kk_228,Kusko,2021,0.709227152559599,0.911401470166487,9.3203529975394e-4,691.830636777643,872.494638705453,1406.416,0.705570075866613,330.1148056262558,NA
1862,975.688,0.710779888114304,0.910399641051258,1951.376,2021_kk_228,Kusko,2021,0.709232521993043,0.912219877222665,8.184070561773e-4,691.830636777643,872.494638705453,1406.416,0.705570075866613,330.1148056262558,NA
1863,976.212,0.708110904026454,0.903927284527813,1952.424,2021_kk_228,Kusko,2021,0.709229617403497,0.913437111692927,0.00121723447026212,691.830636777643,872.494638705453,1406.416,0.705570075866613,330.1148056262558,NA
1864,976.736,0.710322445350718,0.921667447112866,1953.472,2021_kk_228,Kusko,2021,0.709235181126297,0.91428845373223,8.5134203930303e-4,691.830636777643,872.494638705453,1406.416,0.705570075866613,330.1148056262558,NA
1865,977.26,0.70930954060509,0.89434929246362,1954.52,2021_kk_228,Kusko,2021,0.709242684732238,0.914991798044041,7.0334431181118e-4,691.830636777643,872.494638705453,1406.416,0.705570075866613,330.1148056262558,NA
1866,977.784,0.710062965393656,0.890869967218881,1955.568,2021_kk_228,Kusko,2021,0.709242428059311,0.916184952557246,0.00119315451320534,691.830636777643,872.494638705453,1406.416,0.705570075866613,330.1148056262558,NA
1867,978.308,0.709034802590262,0.897111669034429,1956.616,2021_kk_228,Kusko,2021,0.709243996166825,0.917325516214488,0.00114056365724147,691.830636777643,872.494638705453,1406.416,0.705570075866613,330.1148056262558,NA
1868,978.832,0.709018614366702,0.885849574945098,1957.664,2021_kk_228,Kusko,2021,0.70922404259695,0.91808305063565,7.5753442116244e-4,691.830636777643,872.494638705453,1406.416,0.705570075866613,330.1148056262558,NA
1869,979.356,0.70966719220432,0.895873645942071,1958.712,2021_kk_228,Kusko,2021,0.709202974477932,0.918941376119085,8.5832548343478e-4,691.830636777643,872.494638705453,1406.416,0.705570075866613,330.1148056262558,NA
1870,979.88,0.70955664109821,0.90783177629487,1959.76,2021_kk_228,Kusko,2021,0.709202714570414,0.918857831293495,-8.35448255900317e-5,691.830636777643,872.494638705453,1406.416,0.705570075866613,330.1148056262558,NA
1871,980.404,0.708742727015812,0.91342919131859,1960.808,2021_kk_228,Kusko,2021,0.709185569609042,0.919243202098148,3.8537080465317e-4,691.830636777643,872.494638705453,1406.416,0.705570075866613,330.1148056262558,NA
1872,980.928,0.709546067028822,0.917437561969334,1961.856,2021_kk_228,Kusko,2021,0.709176135619492,0.919757943613889,5.1474151574082e-4,691.830636777643,872.494638705453,1406.416,0.705570075866613,330.1148056262558,NA
1873,981.452,0.711111048844099,0.917809550196936,1962.904,2021_kk_228,Kusko,2021,0.709167823992123,0.920461377964352,7.0343435046338e-4,691.830636777643,872.494638705453,1406.416,0.705570075866613,330.1148056262558,NA
1874,981.976,0.708726185459386,0.919232040531195,1963.952,2021_kk_228,Kusko,2021,0.709170186849444,0.921272986077629,8.1160811327651e-4,691.830636777643,872.494638705453,1406.416,0.705570075866613,330.1148056262558,NA
1875,982.5,0.707831021544998,0.914497794888376,1965,2021_kk_228,Kusko,2021,0.70914238289407,0.921817274894517,5.4428881688772e-4,691.830636777643,872.494638705453,1406.416,0.705570075866613,330.1148056262558,NA
1876,983.024,0.707257098083119,0.921045991256874,1966.048,2021_kk_228,Kusko,2021,0.709158308490563,0.922453652942185,6.3637804766869e-4,691.830636777643,872.494638705453,1406.416,0.705570075866613,330.1148056262558,NA
1877,983.548,0.708675073014293,0.909537770240522,1967.096,2021_kk_228,Kusko,2021,0.709159418258162,0.922948560217955,4.949072757695e-4,691.830636777643,872.494638705453,1406.416,0.705570075866613,330.1148056262558,NA
1878,984.072,0.708927347312474,0.918128621523998,1968.144,2021_kk_228,Kusko,2021,0.709150804957128,0.923632542604928,6.8398238697264e-4,691.830636777643,872.494638705453,1406.416,0.705570075866613,330.1148056262558,NA
1879,984.596,0.709864276233927,0.920357913715294,1969.192,2021_kk_228,Kusko,2021,0.70914887114511,0.924191667931508,5.5912532658042e-4,691.830636777643,872.494638705453,1406.416,0.705570075866613,330.1148056262558,NA
1880,985.12,0.710371683448167,0.922422776010238,1970.24,2021_kk_228,Kusko,2021,0.709164899083687,0.924671295761333,4.7962782982458e-4,691.830636777643,872.494638705453,1406.416,0.705570075866613,330.1148056262558,NA
1881,985.644,0.709290845207872,0.934351361180009,1971.288,2021_kk_228,Kusko,2021,0.709176627972784,0.925287127300311,6.1583153897848e-4,691.830636777643,872.494638705453,1406.416,0.705570075866613,330.1148056262558,NA
1882,986.168,0.709768785176153,0.947725639517183,1972.336,2021_kk_228,Kusko,2021,0.709190706418493,0.926040705739179,7.5357843886769e-4,691.830636777643,872.494638705453,1406.416,0.705570075866613,330.1148056262558,NA
1883,986.692,0.709888920223525,0.942077096907044,1973.384,2021_kk_228,Kusko,2021,0.709219639294915,0.92635119236469,3.1048662551114e-4,691.830636777643,872.494638705453,1406.416,0.705570075866613,330.1148056262558,NA
1884,987.216,0.708576530294097,0.948597870863635,1974.432,2021_kk_228,Kusko,2021,0.709246121381204,0.926475272357999,1.2407999330954e-4,691.830636777643,872.494638705453,1406.416,0.705570075866613,330.1148056262558,NA
1885,987.74,0.708518091511339,0.941680849790347,1975.48,2021_kk_228,Kusko,2021,0.709257602604499,0.9268560824207,3.8081006270074e-4,691.830636777643,872.494638705453,1406.416,0.705570075866613,330.1148056262558,NA
1886,988.264,0.708852798791738,0.935980852422914,1976.528,2021_kk_228,Kusko,2021,0.709240662550223,0.927466131959612,6.1004953891152e-4,691.830636777643,872.494638705453,1406.416,0.705570075866613,330.1148056262558,NA
1887,988.788,0.708407816183585,0.933545775237649,1977.576,2021_kk_228,Kusko,2021,0.709250782750265,0.92806471397541,5.9858201579821e-4,691.830636777643,872.494638705453,1406.416,0.705570075866613,330.1148056262558,NA
1888,989.312,0.709448508647685,0.931022484415734,1978.624,2021_kk_228,Kusko,2021,0.709236332645131,0.928341545243629,2.7683126821875e-4,691.830636777643,872.494638705453,1406.416,0.705570075866613,330.1148056262558,NA
1889,989.836,0.7099907820637,0.925740860370055,1979.672,2021_kk_228,Kusko,2021,0.709258191643761,0.928716730880079,3.7518563645e-4,691.830636777643,872.494638705453,1406.416,0.705570075866613,330.1148056262558,NA
1890,990.36,0.71013687336414,0.952024677744994,1980.72,2021_kk_228,Kusko,2021,0.709233940314725,0.92930584894855806,5.8911806847961e-4,691.830636777643,872.494638705453,1406.416,0.705570075866613,330.1148056262558,NA
1891,990.884,0.708505479557814,0.935031236161513,1981.768,2021_kk_228,Kusko,2021,0.709214753671493,0.929794276362124,4.8842741356536e-4,691.830636777643,872.494638705453,1406.416,0.705570075866613,330.1148056262558,NA
1892,991.408,0.709118700426766,0.943359592144354,1982.816,2021_kk_228,Kusko,2021,0.709199176499617,0.929874273003774,7.99966416500375e-5,691.830636777643,872.494638705453,1406.416,0.705570075866613,330.1148056262558,NA
1893,991.932,0.708592745424988,0.945348577056619,1983.864,2021_kk_228,Kusko,2021,0.709219884065212,0.930072164393129,1.978913893551e-4,691.830636777643,872.494638705453,1406.416,0.705570075866613,330.1148056262558,NA
1894,992.456,0.709023759302083,0.929293620923285,1984.912,2021_kk_228,Kusko,2021,0.709183311569397,0.930062806526993,-9.35786613620593e-6,691.830636777643,872.494638705453,1406.416,0.705570075866613,330.1148056262558,NA
1895,992.98,0.709097274074006,0.933841894932471,1985.96,2021_kk_228,Kusko,2021,0.709180442008152,0.930409778093733,3.4697156674035e-4,691.830636777643,872.494638705453,1406.416,0.705570075866613,330.1148056262558,NA
1896,993.504,0.709219613599014,0.961522051797019,1987.008,2021_kk_228,Kusko,2021,0.709149109141875,0.931050821520741,6.4104342700788e-4,691.830636777643,872.494638705453,1406.416,0.705570075866613,330.1148056262558,NA
1897,994.028,0.709345451441718,0.952911309643808,1988.056,2021_kk_228,Kusko,2021,0.709162917498113,0.931748375217844,6.97553697103e-4,691.830636777643,872.494638705453,1406.416,0.705570075866613,330.1148056262558,NA
1898,994.552,0.708222655485424,0.941133832460421,1989.104,2021_kk_228,Kusko,2021,0.709140237925876,0.932438962870991,6.9058765314733e-4,691.830636777643,872.494638705453,1406.416,0.705570075866613,330.1148056262558,NA
1899,995.076,0.708334984714391,0.945281767723556,1990.152,2021_kk_228,Kusko,2021,0.709146715719395,0.932827735105348,3.887722343564e-4,691.830636777643,872.494638705453,1406.416,0.705570075866613,330.1148056262558,NA
1900,995.6,0.709219041900916,0.930472376518981,1991.2,2021_kk_228,Kusko,2021,0.709140448433535,0.933125513497636,2.9777839228872e-4,691.830636777643,872.494638705453,1406.416,0.705570075866613,330.1148056262558,NA
1901,996.124,0.70805323792028,0.930916427669726,1992.248,2021_kk_228,Kusko,2021,0.709139869425721,0.933218393786508,9.28802888715552e-5,691.830636777643,872.494638705453,1406.416,0.705570075866613,330.1148056262558,NA
1902,996.648,0.708671364266928,0.942326315251981,1993.296,2021_kk_228,Kusko,2021,0.709127260973198,0.933314085317118,9.56915306106199e-5,691.830636777643,872.494638705453,1406.416,0.705570075866613,330.1148056262558,NA
1903,997.172,0.709015733945968,0.94430271291683,1994.344,2021_kk_228,Kusko,2021,0.709097714220795,0.932956730261045,-3.5735505607381e-4,691.830636777643,872.494638705453,1406.416,0.705570075866613,330.1148056262558,NA
1904,997.696,0.708802241385332,0.954132731985142,1995.392,2021_kk_228,Kusko,2021,0.709123915760682,0.933039274671831,8.2544410786145e-5,691.830636777643,872.494638705453,1406.416,0.705570075866613,330.1148056262558,NA
1905,998.22,0.709092759893315,0.94016116314865,1996.44,2021_kk_228,Kusko,2021,0.709155537865699,0.933219255102583,1.7998043075195e-4,691.830636777643,872.494638705453,1406.416,0.705570075866613,330.1148056262558,NA
1906,998.744,0.709274738473554,0.938009996015462,1997.488,2021_kk_228,Kusko,2021,0.70917857273409,0.933418175645386,1.9892054280312e-4,691.830636777643,872.494638705453,1406.416,0.705570075866613,330.1148056262558,NA
1907,999.268,0.710073695660288,0.943699171544303,1998.536,2021_kk_228,Kusko,2021,0.709200007037346,0.933899864565384,4.8168891999778e-4,691.830636777643,872.494638705453,1406.416,0.705570075866613,330.1148056262558,NA
1908,999.792,0.708549893335419,0.940685123340679,1999.584,2021_kk_228,Kusko,2021,0.709221447897528,0.933836732366,-6.31321993840306e-5,691.830636777643,872.494638705453,1406.416,0.705570075866613,330.1148056262558,NA
1909,1000.316,0.709803944963229,0.935543590060166,2000.632,2021_kk_228,Kusko,2021,0.709183990309827,0.933881797940073,4.50655740735773e-5,691.830636777643,872.494638705453,1406.416,0.705570075866613,330.1148056262558,NA
1910,1000.84,0.709434501216923,0.937767494540374,2001.68,2021_kk_228,Kusko,2021,0.709152196597856,0.934098718998778,2.1692105870463e-4,691.830636777643,872.494638705453,1406.416,0.705570075866613,330.1148056262558,NA
1911,1001.364,0.709616163759684,0.947405857814069,2002.728,2021_kk_228,Kusko,2021,0.709135108117737,0.933614450045213,-4.8426895356457e-4,691.830636777643,872.494638705453,1406.416,0.705570075866613,330.1148056262558,NA
1912,1001.888,0.709412208766279,0.955220828565606,2003.776,2021_kk_228,Kusko,2021,0.70911144258854,0.933323305094547,-2.9114495066628e-4,691.830636777643,872.494638705453,1406.416,0.705570075866613,330.1148056262558,NA
1913,1002.412,0.708484886702555,0.937261685538551,2004.824,2021_kk_228,Kusko,2021,0.709095721820081,0.932391910049742,-9.3139504480532e-4,691.830636777643,872.494638705453,1406.416,0.705570075866613,330.1148056262558,NA
1914,1002.936,0.711255991940396,0.931109074159402,2005.872,2021_kk_228,Kusko,2021,0.70911168752814,0.931744241100104,-6.4766894963774e-4,691.830636777643,872.494638705453,1406.416,0.705570075866613,330.1148056262558,NA
1915,1003.46,0.709637673377475,0.924030291362911,2006.92,2021_kk_228,Kusko,2021,0.709117124168438,0.930971177853211,-7.7306324689319e-4,691.830636777643,872.494638705453,1406.416,0.705570075866613,330.1148056262558,NA
1916,1003.984,0.709100117856609,0.92919659343860606,2007.968,2021_kk_228,Kusko,2021,0.709118779508838,0.93024174805622994,-7.2942979698109e-4,691.830636777643,872.494638705453,1406.416,0.705570075866613,330.1148056262558,NA
1917,1004.508,0.709114336483516,0.950027595794569,2009.016,2021_kk_228,Kusko,2021,0.70912996329837,0.929709318686143,-5.324293700869e-4,691.830636777643,872.494638705453,1406.416,0.705570075866613,330.1148056262558,NA
1918,1005.032,0.708860480845453,0.925020905988086,2010.064,2021_kk_228,Kusko,2021,0.709137109351687,0.929166967459588,-5.4235122655466e-4,691.830636777643,872.494638705453,1406.416,0.705570075866613,330.1148056262558,NA
1919,1005.556,0.710097166862174,0.925693963945884,2011.112,2021_kk_228,Kusko,2021,0.709138538177662,0.92857463034097,-5.923371186185e-4,691.830636777643,872.494638705453,1406.416,0.705570075866613,330.1148056262558,NA
1920,1006.08,0.709350765633059,0.934961241171586,2012.16,2021_kk_228,Kusko,2021,0.70910914957507,0.927395701621297,-0.00117892871967273,691.830636777643,872.494638705453,1406.416,0.705570075866613,330.1148056262558,NA
1921,1006.604,0.708708137875429,0.92746057942098,2013.208,2021_kk_228,Kusko,2021,0.709132394086581,0.926629690577319,-7.6601104397811e-4,691.830636777643,872.494638705453,1406.416,0.705570075866613,330.1148056262558,NA
1922,1007.128,0.709845257801751,0.915199439550258,2014.256,2021_kk_228,Kusko,2021,0.709126783139836,0.925978970449945,-6.5072012737388e-4,691.830636777643,872.494638705453,1406.416,0.705570075866613,330.1148056262558,NA
1923,1007.652,0.709353357962099,0.915800767889121,2015.304,2021_kk_228,Kusko,2021,0.709139662004817,0.925148330804147,-8.306396457981e-4,691.830636777643,872.494638705453,1406.416,0.705570075866613,330.1148056262558,NA
1924,1008.176,0.708128095601849,0.921105975144698,2016.352,2021_kk_228,Kusko,2021,0.709153386165416,0.924387920359258,-7.604104448885e-4,691.830636777643,872.494638705453,1406.416,0.705570075866613,330.1148056262558,NA
1925,1008.7,0.709137366930372,0.915167586468044,2017.4,2021_kk_228,Kusko,2021,0.709154778597261,0.923797827771051,-5.9009258820763e-4,691.830636777643,872.494638705453,1406.416,0.705570075866613,330.1148056262558,NA
1926,1009.224,0.708182993417042,0.929332572839352,2018.448,2021_kk_228,Kusko,2021,0.709145646063542,0.922711581281183,-0.0010862464898671,691.830636777643,872.494638705453,1406.416,0.705570075866613,330.1148056262558,NA
1927,1009.748,0.70986330396457,0.93896489086061,2019.496,2021_kk_228,Kusko,2021,0.709155227054647,0.92177191883413,-9.3966244705379e-4,691.830636777643,872.494638705453,1406.416,0.705570075866613,330.1148056262558,NA
1928,1010.272,0.707657840032481,0.927284834133936,2020.544,2021_kk_228,Kusko,2021,0.709174002200935,0.921352434041514,-4.1948479261555e-4,691.830636777643,872.494638705453,1406.416,0.705570075866613,330.1148056262558,NA
1929,1010.796,0.710055859815437,0.919199980003459,2021.592,2021_kk_228,Kusko,2021,0.709180951039919,0.920569652834265,-7.8278120724906e-4,691.830636777643,872.494638705453,1406.416,0.705570075866613,330.1148056262558,NA
1930,1011.32,0.709180603946595,0.92569847983219,2022.64,2021_kk_228,Kusko,2021,0.709203367798245,0.919814511462498,-7.5514137176746e-4,691.830636777643,872.494638705453,1406.416,0.705570075866613,330.1148056262558,NA
1931,1011.844,0.708707986546972,0.919002008650887,2023.688,2021_kk_228,Kusko,2021,0.709214631342313,0.919202362662978,-6.1214879952009e-4,691.830636777643,872.494638705453,1406.416,0.705570075866613,330.1148056262558,NA
1932,1012.368,0.708789559877441,0.923179053805968,2024.736,2021_kk_228,Kusko,2021,0.709222878356396,0.918374141015334,-8.282216476434e-4,691.830636777643,872.494638705453,1406.416,0.705570075866613,330.1148056262558,NA
1933,1012.892,0.709338243699961,0.896368246832505,2025.784,2021_kk_228,Kusko,2021,0.709249186394388,0.917683420921193,-6.9072009414117e-4,691.830636777643,872.494638705453,1406.416,0.705570075866613,330.1148056262558,NA
1934,1013.416,0.710298277852576,0.924184705178367,2026.832,2021_kk_228,Kusko,2021,0.709264093102454,0.916861711932529,-8.2170898866385e-4,691.830636777643,872.494638705453,1406.416,0.705570075866613,330.1148056262558,NA
1935,1013.94,0.709728347846021,0.925296620733495,2027.88,2021_kk_228,Kusko,2021,0.709238018814295,0.916178383111074,-6.8332882145494e-4,691.830636777643,872.494638705453,1406.416,0.705570075866613,330.1148056262558,NA
1936,1014.464,0.708639190186582,0.932981223825061,2028.928,2021_kk_228,Kusko,2021,0.70923379795546,0.915838839820138,-3.3954329093577e-4,691.830636777643,872.494638705453,1406.416,0.705570075866613,330.1148056262558,NA
1937,1014.988,0.709961131209632,0.938439105440388,2029.976,2021_kk_228,Kusko,2021,0.709240068103082,0.915186721288667,-6.5211853147129e-4,691.830636777643,872.494638705453,1406.416,0.705570075866613,330.1148056262558,NA
1938,1015.512,0.710213798923393,0.91434068956095,2031.024,2021_kk_228,Kusko,2021,0.709255829846034,0.914753109488027,-4.3361180063994e-4,691.830636777643,872.494638705453,1406.416,0.705570075866613,330.1148056262558,NA
1939,1016.036,0.707616820971909,0.923061848159711,2032.072,2021_kk_228,Kusko,2021,0.709255749101445,0.914351909030021,-4.0120045800595e-4,691.830636777643,872.494638705453,1406.416,0.705570075866613,330.1148056262558,NA
1940,1016.56,0.708464060729909,0.935438039532516,2033.12,2021_kk_228,Kusko,2021,0.709241627115495,0.913688896404451,-6.6301262557033e-4,691.830636777643,872.494638705453,1406.416,0.705570075866613,330.1148056262558,NA
1941,1017.084,0.708265536400684,0.905295223966134,2034.168,2021_kk_228,Kusko,2021,0.709230103728058,0.912838544763941,-8.5035164051017e-4,691.830636777643,872.494638705453,1406.416,0.705570075866613,330.1148056262558,NA
1942,1017.608,0.70834885342438,0.930256942477207,2035.216,2021_kk_228,Kusko,2021,0.709221407543803,0.911741576134463,-0.00109696862947795,691.830636777643,872.494638705453,1406.416,0.705570075866613,330.1148056262558,NA
1943,1018.132,0.708945674115979,0.886193394218722,2036.264,2021_kk_228,Kusko,2021,0.709214254679196,0.910985287016776,-7.5628911768699e-4,691.830636777643,872.494638705453,1406.416,0.705570075866613,330.1148056262558,NA
1944,1018.656,0.709534472777647,0.909737733885368,2037.312,2021_kk_228,Kusko,2021,0.709185637552785,0.910218735458753,-7.6655155802307e-4,691.830636777643,872.494638705453,1406.416,0.705570075866613,330.1148056262558,NA
1945,1019.18,0.708844289929188,0.895297054976751,2038.36,2021_kk_228,Kusko,2021,0.709174669431419,0.910421245384545,2.0250992579229e-4,691.830636777643,872.494638705453,1406.416,0.705570075866613,330.1148056262558,NA
1946,1019.704,0.708952119215705,0.892215064604052,2039.408,2021_kk_228,Kusko,2021,0.709170854212923,0.910146931059867,-0.00027431432467794003,691.830636777643,872.494638705453,1406.416,0.705570075866613,330.1148056262558,NA
1947,1020.228,0.709078843555541,0.901600013032434,2040.456,2021_kk_228,Kusko,2021,0.709175004053647,0.909024521905332,-0.00112240915453476,691.830636777643,872.494638705453,1406.416,0.705570075866613,330.1148056262558,NA
1948,1020.752,0.709877271846716,0.898481410822452,2041.504,2021_kk_228,Kusko,2021,0.70916037858252,0.908558136274502,-4.6638563082979e-4,691.830636777643,872.494638705453,1406.416,0.705570075866613,330.1148056262558,NA
1949,1021.276,0.710076511622207,0.890200633252948,2042.552,2021_kk_228,Kusko,2021,0.709140247215868,0.907937451292802,-6.2068498170042e-4,691.830636777643,872.494638705453,1406.416,0.705570075866613,330.1148056262558,NA
1950,1021.8,0.708373557208624,0.88128895456463,2043.6,2021_kk_228,Kusko,2021,0.709148354447215,0.907344465559589,-5.9298573321275e-4,691.830636777643,872.494638705453,1406.416,0.705570075866613,330.1148056262558,NA
1951,1022.324,0.709900150248472,0.889070573522829,2044.648,2021_kk_228,Kusko,2021,0.709173398058116,0.906526298171111,-8.1816738847839e-4,691.830636777643,872.494638705453,1406.416,0.705570075866613,330.1148056262558,NA
1952,1022.848,0.708782043622062,0.90431638450192,2045.696,2021_kk_228,Kusko,2021,0.709170435609243,0.90603359009479,-4.9270807632084e-4,691.830636777643,872.494638705453,1406.416,0.705570075866613,330.1148056262558,NA
1953,1023.372,0.709365477323861,0.895510198308734,2046.744,2021_kk_228,Kusko,2021,0.70915905562719606,0.905551547223604,-4.8204287118625e-4,691.830636777643,872.494638705453,1406.416,0.705570075866613,330.1148056262558,NA
1954,1023.896,0.709847208937977,0.883668994229974,2047.792,2021_kk_228,Kusko,2021,0.709177557315224,0.905225127880619,-3.2641934298471e-4,691.830636777643,872.494638705453,1406.416,0.705570075866613,330.1148056262558,NA
1955,1024.42,0.709180819984732,0.898436339640011,2048.84,2021_kk_228,Kusko,2021,0.709175716301073,0.904805599460698,-4.1952841992132e-4,691.830636777643,872.494638705453,1406.416,0.705570075866613,330.1148056262558,NA
1956,1024.944,0.708671661575841,0.896347262404995,2049.888,2021_kk_228,Kusko,2021,0.709197442876431,0.904146438729232,-6.5916073146576e-4,691.830636777643,872.494638705453,1406.416,0.705570075866613,330.1148056262558,NA
1957,1025.468,0.709920310908038,0.896531562820572,2050.936,2021_kk_228,Kusko,2021,0.709179792732196,0.903300461355519,-8.4597737371339e-4,691.830636777643,872.494638705453,1406.416,0.705570075866613,330.1148056262558,NA
1958,1025.992,0.709349164262702,0.915964744903486,2051.984,2021_kk_228,Kusko,2021,0.709214540401446,0.902723205557052,-5.7725579846701e-4,691.830636777643,872.494638705453,1406.416,0.705570075866613,330.1148056262558,NA
1959,1026.516,0.708751915053412,0.898314895288613,2053.032,2021_kk_228,Kusko,2021,0.709190868677478,0.902432960649063,-2.9024490798845e-4,691.830636777643,872.494638705453,1406.416,0.705570075866613,330.1148056262558,NA
1960,1027.04,0.710564047400525,0.885163894212936,2054.08,2021_kk_228,Kusko,2021,0.709172133708473,0.90177453113916,-6.5842950990258e-4,691.830636777643,872.494638705453,1406.416,0.705570075866613,330.1148056262558,NA
1961,1027.564,0.708729050564371,0.894187499698525,2055.128,2021_kk_228,Kusko,2021,0.709181787504297,0.901450837880006,-3.236932591546e-4,691.830636777643,872.494638705453,1406.416,0.705570075866613,330.1148056262558,NA
1962,1028.088,0.709166185111847,0.892633016393375,2056.176,2021_kk_228,Kusko,2021,0.709186948176607,0.901313591787911,-1.3724609209508e-4,691.830636777643,872.494638705453,1406.416,0.705570075866613,330.1148056262558,NA
1963,1028.612,0.71059421622551,0.902859507268357,2057.224,2021_kk_228,Kusko,2021,0.709170389927934,0.901160753122905,-1.5283866500615e-4,691.830636777643,872.494638705453,1406.416,0.705570075866613,330.1148056262558,NA
1964,1029.136,0.709696643869298,0.904830192665311,2058.272,2021_kk_228,Kusko,2021,0.709134739193443,0.900648557406717,-5.1219571618743e-4,691.830636777643,872.494638705453,1406.416,0.705570075866613,330.1148056262558,NA
1965,1029.66,0.707528302603754,0.899161433861354,2059.32,2021_kk_228,Kusko,2021,0.709130229575219,0.900197743941912,-4.5081346480502e-4,691.830636777643,872.494638705453,1406.416,0.705570075866613,330.1148056262558,NA
1966,1030.184,0.709021486943498,0.917637398559316,2060.368,2021_kk_228,Kusko,2021,0.709150630373514,0.899650167065124,-5.4757687678841e-4,691.830636777643,872.494638705453,1406.416,0.705570075866613,330.1148056262558,NA
1967,1030.708,0.710449904517617,0.904572059656029,2061.416,2021_kk_228,Kusko,2021,0.7091320387522,0.899164282670586,-4.8588439453778e-4,691.830636777643,872.494638705453,1406.416,0.705570075866613,330.1148056262558,NA
1968,1031.232,0.709495597912534,0.91466841530228,2062.464,2021_kk_228,Kusko,2021,0.70908772952979,0.898489407698815,-6.7487497177098e-4,691.830636777643,872.494638705453,1406.416,0.705570075866613,330.1148056262558,NA
1969,1031.756,0.709799100287892,0.911471562579806,2063.512,2021_kk_228,Kusko,2021,0.709082056214953,0.897832312393016,-6.5709530579938e-4,691.830636777643,872.494638705453,1406.416,0.705570075866613,330.1148056262558,NA
1970,1032.28,0.7085871820599,0.897986737006149,2064.56,2021_kk_228,Kusko,2021,0.709076548999789,0.897001598199388,-8.3071419362756e-4,691.830636777643,872.494638705453,1406.416,0.705570075866613,330.1148056262558,NA
1971,1032.804,0.708924760513475,0.896384759383463,2065.608,2021_kk_228,Kusko,2021,0.709117972401266,0.896950074228121,-5.15239712666204e-5,691.830636777643,872.494638705453,1406.416,0.705570075866613,330.1148056262558,NA
1972,1033.328,0.708890437710988,0.889402710796937,2066.656,2021_kk_228,Kusko,2021,0.709137058647786,0.89670683193786,-2.4324229026107e-4,691.830636777643,872.494638705453,1406.416,0.705570075866613,330.1148056262558,NA
1973,1033.852,0.708055714826076,0.891884338477333,2067.704,2021_kk_228,Kusko,2021,0.709125927626148,0.897148045149746,4.4121321188561e-4,691.830636777643,872.494638705453,1406.416,0.705570075866613,330.1148056262558,NA
1974,1034.376,0.709538964355769,0.885115980678016,2068.752,2021_kk_228,Kusko,2021,0.709129040101768,0.8972837763119,1.3573116215437e-4,691.830636777643,872.494638705453,1406.416,0.705570075866613,330.1148056262558,NA
1975,1034.9,0.708979586095513,0.936180886910449,2069.8,2021_kk_228,Kusko,2021,0.709144597532293,0.897445212615161,1.6143630326037e-4,691.830636777643,872.494638705453,1406.416,0.705570075866613,330.1148056262558,NA
1976,1035.424,0.70887120474685394,0.912737733957929,2070.848,2021_kk_228,Kusko,2021,0.709133097084418,0.897895151909326,4.4993929416492e-4,691.830636777643,872.494638705453,1406.416,0.705570075866613,330.1148056262558,NA
1977,1035.948,0.709363326926965,0.882683046522485,2071.896,2021_kk_228,Kusko,2021,0.709137770457251,0.897818306774684,-7.68451346415677e-5,691.830636777643,872.494638705453,1406.416,0.705570075866613,330.1148056262558,NA
1978,1036.472,0.707982952577807,0.897037768138299,2072.944,2021_kk_228,Kusko,2021,0.709125573347936,0.897841834784606,2.35280099220025e-5,691.830636777643,872.494638705453,1406.416,0.705570075866613,330.1148056262558,NA
1979,1036.996,0.708889284863074,0.888452865043857,2073.992,2021_kk_228,Kusko,2021,0.709104804652814,0.897974847921984,1.330131373779e-4,691.830636777643,872.494638705453,1406.416,0.705570075866613,330.1148056262558,NA
1980,1037.52,0.709837199513839,0.89938209717882,2075.04,2021_kk_228,Kusko,2021,0.709112365796482,0.898178107804506,2.032598825219e-4,691.830636777643,872.494638705453,1406.416,0.705570075866613,330.1148056262558,NA
1981,1038.044,0.710210754529489,0.878370536112278,2076.088,2021_kk_228,Kusko,2021,0.709092220221108,0.899412739178547,0.00123463137404101,691.830636777643,872.494638705453,1406.416,0.705570075866613,330.1148056262558,NA
1982,1038.568,0.709667510869375,0.885636954971004,2077.136,2021_kk_228,Kusko,2021,0.709105460757844,0.899344304696121,-6.84344824263272e-5,691.830636777643,872.494638705453,1406.416,0.705570075866613,330.1148056262558,NA
1983,1039.092,0.70867055903933,0.886878195617946,2078.184,2021_kk_228,Kusko,2021,0.709096662004009,0.899484468749914,1.401640537938e-4,691.830636777643,872.494638705453,1406.416,0.705570075866613,330.1148056262558,NA
1984,1039.616,0.709238196883483,0.901520814565615,2079.232,2021_kk_228,Kusko,2021,0.709079150684058,0.899693422636919,2.0895388700414e-4,691.830636777643,872.494638705453,1406.416,0.705570075866613,330.1148056262558,NA
1985,1040.14,0.709026906081347,0.889995881272767,2080.28,2021_kk_228,Kusko,2021,0.70907108644682,0.899667959252856,-2.54633840620633e-5,691.830636777643,872.494638705453,1406.416,0.705570075866613,330.1148056262558,NA
1986,1040.664,0.709486587938488,0.889782928951405,2081.328,2021_kk_228,Kusko,2021,0.70909579429432,0.89982596012571,1.5800087285367e-4,691.830636777643,872.494638705453,1406.416,0.705570075866613,330.1148056262558,NA
1987,1041.188,0.70880429531049,0.888206248437805,2082.376,2021_kk_228,Kusko,2021,0.709043847923586,0.900276720867507,4.5076074179684e-4,691.830636777643,872.494638705453,1406.416,0.705570075866613,330.1148056262558,NA
1988,1041.712,0.709742700187492,0.892649486225916,2083.424,2021_kk_228,Kusko,2021,0.709053791531493,0.900390376760269,1.1365589276168e-4,691.830636777643,872.494638705453,1406.416,0.705570075866613,330.1148056262558,NA
1989,1042.236,0.708635556377336,0.901785285524149,2084.472,2021_kk_228,Kusko,2021,0.709038070213161,0.900809496017072,4.1911925680293e-4,691.830636777643,872.494638705453,1406.416,0.705570075866613,330.1148056262558,NA
1990,1042.76,0.708056505806285,0.886192709238035,2085.52,2021_kk_228,Kusko,2021,0.709007499075661,0.901460114697005,6.506186799331e-4,691.830636777643,872.494638705453,1406.416,0.705570075866613,330.1148056262558,NA
1991,1043.284,0.709287214296424,0.899580413101613,2086.568,2021_kk_228,Kusko,2021,0.709014235064889,0.901718749927244,2.5863523023939e-4,691.830636777643,872.494638705453,1406.416,0.705570075866613,330.1148056262558,NA
1992,1043.808,0.709099200216067,0.914944288280264,2087.616,2021_kk_228,Kusko,2021,0.709026279676851,0.902084616421748,3.6586649450409e-4,691.830636777643,872.494638705453,1406.416,0.705570075866613,330.1148056262558,NA
1993,1044.332,0.708344748779529,0.887197926932133,2088.664,2021_kk_228,Kusko,2021,0.709015453389786,0.902466771308885,3.8215488713666e-4,691.830636777643,872.494638705453,1406.416,0.705570075866613,330.1148056262558,NA
1994,1044.856,0.708159233783172,0.893452962207124,2089.712,2021_kk_228,Kusko,2021,0.708989595473448,0.902480826352143,1.4055043257688e-5,691.830636777643,872.494638705453,1406.416,0.705570075866613,330.1148056262558,NA
1995,1045.38,0.709457770752522,0.898247812845186,2090.76,2021_kk_228,Kusko,2021,0.709010780761349,0.902455424685719,-2.5401666423841e-5,691.830636777643,872.494638705453,1406.416,0.705570075866613,330.1148056262558,NA
1996,1045.904,0.709863238084309,0.90012661121775694,2091.808,2021_kk_228,Kusko,2021,0.708992407158741,0.901997807990329,-4.5761669538946e-4,691.830636777643,872.494638705453,1406.416,0.705570075866613,330.1148056262558,NA
1997,1046.428,0.708845633930793,0.909286041768121,2092.856,2021_kk_228,Kusko,2021,0.708974428644662,0.90179177792933,-2.0603006099972e-4,691.830636777643,872.494638705453,1406.416,0.705570075866613,330.1148056262558,NA
1998,1046.952,0.707555245578806,0.873848191254692,2093.904,2021_kk_228,Kusko,2021,0.708948173083584,0.901496730832968,-2.9504709636152e-4,691.830636777643,872.494638705453,1406.416,0.705570075866613,330.1148056262558,NA
1999,1047.476,0.707276422081703,0.88363612981175,2094.952,2021_kk_228,Kusko,2021,0.708963508159803,0.901059387720726,-4.3734311224186e-4,691.830636777643,872.494638705453,1406.416,0.705570075866613,330.1148056262558,NA
2000,1048,0.708133627820036,0.885595187914864,2096,2021_kk_228,Kusko,2021,0.708981583834085,0.901079683142015,2.02954212891182e-5,691.830636777643,872.494638705453,1406.416,0.705570075866613,330.1148056262558,NA
2001,1048.524,0.710750940489294,0.902203785690141,2097.048,2021_kk_228,Kusko,2021,0.70896570266517,0.9010391123394,-4.0570802614992e-5,691.830636777643,872.494638705453,1406.416,0.705570075866613,330.1148056262558,NA
2002,1049.048,0.709494028215613,0.915662405061538,2098.096,2021_kk_228,Kusko,2021,0.708976761255534,0.901074887578942,3.5775239541902e-5,691.830636777643,872.494638705453,1406.416,0.705570075866613,330.1148056262558,NA
2003,1049.572,0.708277812817705,0.912666186931858,2099.144,2021_kk_228,Kusko,2021,0.70900701232857,0.900929231351445,-1.456562274974e-4,691.830636777643,872.494638705453,1406.416,0.705570075866613,330.1148056262558,NA
2004,1050.096,0.709721221314838,0.917881603614632,2100.192,2021_kk_228,Kusko,2021,0.708994963361764,0.900854924143882,-7.43072075622964e-5,691.830636777643,872.494638705453,1406.416,0.705570075866613,330.1148056262558,NA
2005,1050.62,0.709777735760664,0.904983233172375,2101.24,2021_kk_228,Kusko,2021,0.709025264556,0.900319766588285,-5.3515755559763e-4,691.830636777643,872.494638705453,1406.416,0.705570075866613,330.1148056262558,NA
2006,1051.144,0.708262092343229,0.919211422253948,2102.288,2021_kk_228,Kusko,2021,0.709005240142752,0.900033649509859,-2.8611707842618e-4,691.830636777643,872.494638705453,1406.416,0.705570075866613,330.1148056262558,NA
2007,1051.668,0.70935924592552,0.89698930495394,2103.336,2021_kk_228,Kusko,2021,0.709010214628108,0.900310658811942,2.7700930208296e-4,691.830636777643,872.494638705453,1406.416,0.705570075866613,330.1148056262558,NA
2008,1052.192,0.709145445287806,0.899893091417775,2104.384,2021_kk_228,Kusko,2021,0.709047371633057,0.90040668258721,9.60237752688498e-5,691.830636777643,872.494638705453,1406.416,0.705570075866613,330.1148056262558,NA
2009,1052.716,0.708830389914915,0.898181421495616,2105.432,2021_kk_228,Kusko,2021,0.709076103868796,0.90074490941906,3.3822683184958e-4,691.830636777643,872.494638705453,1406.416,0.705570075866613,330.1148056262558,NA
2010,1053.24,0.708827225828652,0.893484547515949,2106.48,2021_kk_228,Kusko,2021,0.709040133200265,0.900861206903837,1.1629748477648e-4,691.830636777643,872.494638705453,1406.416,0.705570075866613,330.1148056262558,NA
2011,1053.764,0.708691415726082,0.963148455965285,2107.528,2021_kk_228,Kusko,2021,0.709021509970295,0.901430018928449,5.6881202461234e-4,691.830636777643,872.494638705453,1406.416,0.705570075866613,330.1148056262558,NA
2012,1054.288,0.709576475826223,0.900210315556343,2108.576,2021_kk_228,Kusko,2021,0.709009542752696,0.902047072622768,6.1705369431908e-4,691.830636777643,872.494638705453,1406.416,0.705570075866613,330.1148056262558,NA
2013,1054.812,0.708837552093742,0.903920041536356,2109.624,2021_kk_228,Kusko,2021,0.709007386491503,0.902595631869063,5.4855924629504e-4,691.830636777643,872.494638705453,1406.416,0.705570075866613,330.1148056262558,NA
2014,1055.336,0.7087965297409,0.896206227450227,2110.672,2021_kk_228,Kusko,2021,0.709015758423868,0.903085176271288,4.8954440222504e-4,691.830636777643,872.494638705453,1406.416,0.705570075866613,330.1148056262558,NA
2015,1055.86,0.708696965750456,0.896908536596288,2111.72,2021_kk_228,Kusko,2021,0.709036422678068,0.90364672665149,5.6155038020189e-4,691.830636777643,872.494638705453,1406.416,0.705570075866613,330.1148056262558,NA
2016,1056.384,0.710154132425875,0.90582731477621,2112.768,2021_kk_228,Kusko,2021,0.709034061936264,0.904118369523363,4.7164287187329e-4,691.830636777643,872.494638705453,1406.416,0.705570075866613,330.1148056262558,NA
2017,1056.908,0.706803528663977,0.92357720732838,2113.816,2021_kk_228,Kusko,2021,0.709027248360648,0.904303216445995,1.8484692263198e-4,691.830636777643,872.494638705453,1406.416,0.705570075866613,330.1148056262558,NA
2018,1057.432,0.709945780737119,0.922784098469193,2114.864,2021_kk_228,Kusko,2021,0.709006671724812,0.904534093449664,2.3087700366863e-4,691.830636777643,872.494638705453,1406.416,0.705570075866613,330.1148056262558,NA
2019,1057.956,0.707808635953492,0.923462050696791,2115.912,2021_kk_228,Kusko,2021,0.709027714885394,0.904306015649881,-2.2807779978317e-4,691.830636777643,872.494638705453,1406.416,0.705570075866613,330.1148056262558,NA
2020,1058.48,0.708729779150515,0.924201015008928,2116.96,2021_kk_228,Kusko,2021,0.709036882861792,0.904513201475416,2.0718582553569e-4,691.830636777643,872.494638705453,1406.416,0.705570075866613,330.1148056262558,NA
2021,1059.004,0.709133209918059,0.909705613512883,2118.008,2021_kk_228,Kusko,2021,0.709006498407878,0.904314087964011,-0.00019911351140522001,691.830636777643,872.494638705453,1406.416,0.705570075866613,330.1148056262558,NA
2022,1059.528,0.709888861829544,0.914585006063625,2119.056,2021_kk_228,Kusko,2021,0.708996615362286,0.903864138648369,-4.4994931564179e-4,691.830636777643,872.494638705453,1406.416,0.705570075866613,330.1148056262558,NA
2023,1060.052,0.709944639001612,0.92578880049655,2120.104,2021_kk_228,Kusko,2021,0.709022090642183,0.904034077298817,1.6993865044812e-4,691.830636777643,872.494638705453,1406.416,0.705570075866613,330.1148056262558,NA
2024,1060.576,0.708145168889043,0.905673495260774,2121.152,2021_kk_228,Kusko,2021,0.709026874388794,0.904259552634541,2.2547533572325e-4,691.830636777643,872.494638705453,1406.416,0.705570075866613,330.1148056262558,NA
2025,1061.1,0.70879941987779,0.897637333875923,2122.2,2021_kk_228,Kusko,2021,0.709040269043938,0.904468522559957,2.0896992541674e-4,691.830636777643,872.494638705453,1406.416,0.705570075866613,330.1148056262558,NA
2026,1061.624,0.707919070787027,0.89018039683595,2123.248,2021_kk_228,Kusko,2021,0.709036866128902,0.904278785881653,-1.8973667830424e-4,691.830636777643,872.494638705453,1406.416,0.705570075866613,330.1148056262558,NA
2027,1062.148,0.709371193672911,0.892210255996045,2124.296,2021_kk_228,Kusko,2021,0.709057021833858,0.90389331477978,-3.8547110187348e-4,691.830636777643,872.494638705453,1406.416,0.705570075866613,330.1148056262558,NA
2028,1062.672,0.707920264247853,0.89696558952059,2125.344,2021_kk_228,Kusko,2021,0.709090005044622,0.903927105537899,3.37907581194896e-5,691.830636777643,872.494638705453,1406.416,0.705570075866613,330.1148056262558,NA
2029,1063.196,0.710719204861007,0.885230975845289,2126.392,2021_kk_228,Kusko,2021,0.709125582603087,0.903833153334068,-9.3952203831349e-5,691.830636777643,872.494638705453,1406.416,0.705570075866613,330.1148056262558,NA
2030,1063.72,0.709671722516811,0.899204462283498,2127.44,2021_kk_228,Kusko,2021,0.709140410086742,0.903635807616677,-1.9734571739094e-4,691.830636777643,872.494638705453,1406.416,0.705570075866613,330.1148056262558,NA
2031,1064.244,0.707971890378615,0.893950511226559,2128.488,2021_kk_228,Kusko,2021,0.709105136633763,0.903105132973532,-5.3067464314526e-4,691.830636777643,872.494638705453,1406.416,0.705570075866613,330.1148056262558,NA
2032,1064.768,0.709553953132819,0.891549225169457,2129.536,2021_kk_228,Kusko,2021,0.709102988210283,0.902211315236941,-8.9381773659047e-4,691.830636777643,872.494638705453,1406.416,0.705570075866613,330.1148056262558,NA
2033,1065.292,0.709870779208227,0.883144964827484,2130.584,2021_kk_228,Kusko,2021,0.709126124411728,0.901533099026652,-6.7821621028929e-4,691.830636777643,872.494638705453,1406.416,0.705570075866613,330.1148056262558,NA
2034,1065.816,0.708816026347405,0.880657548224281,2131.632,2021_kk_228,Kusko,2021,0.709122697855313,0.900945931850611,-5.8716717604079e-4,691.830636777643,872.494638705453,1406.416,0.705570075866613,330.1148056262558,NA
2035,1066.34,0.710797657749679,0.904071433574591,2132.68,2021_kk_228,Kusko,2021,0.709124173169121,0.900171985784506,-7.7394606610492e-4,691.830636777643,872.494638705453,1406.416,0.705570075866613,330.1148056262558,NA
2036,1066.864,0.70766973995198,0.895570709252359,2133.728,2021_kk_228,Kusko,2021,0.709153521198907,0.899292648324635,-8.7933745987167e-4,691.830636777643,872.494638705453,1406.416,0.705570075866613,330.1148056262558,NA
2037,1067.388,0.709661796048304,0.899303604647464,2134.776,2021_kk_228,Kusko,2021,0.709136705401775,0.898894806562739,-3.9784176189572e-4,691.830636777643,872.494638705453,1406.416,0.705570075866613,330.1148056262558,NA
2038,1067.912,0.710212372874793,0.902799194654431,2135.824,2021_kk_228,Kusko,2021,0.709106258852428,0.898121044106735,-7.7376245600335e-4,691.830636777643,872.494638705453,1406.416,0.705570075866613,330.1148056262558,NA
2039,1068.436,0.710613219007391,0.908746474954826,2136.872,2021_kk_228,Kusko,2021,0.709127553510958,0.897317213137858,-8.0383096887781e-4,691.830636777643,872.494638705453,1406.416,0.705570075866613,330.1148056262558,NA
2040,1068.96,0.707678959401972,0.9063599462654092,2137.92,2021_kk_228,Kusko,2021,0.709151659172088,0.896359711229654,-9.5750190820387e-4,691.830636777643,872.494638705453,1406.416,0.705570075866613,330.1148056262558,NA
2041,1069.484,0.709093360731303,0.912499257589021,2138.968,2021_kk_228,Kusko,2021,0.709176281807447,0.89405530407189,-0.00230440715776326,691.830636777643,872.494638705453,1406.416,0.705570075866613,330.1148056262558,NA
2042,1070.008,0.70894947781339,0.922660176630154,2140.016,2021_kk_228,Kusko,2021,0.709191324606339,0.893130011488129,-9.2529258376128e-4,691.830636777643,872.494638705453,1406.416,0.705570075866613,330.1148056262558,NA
2043,1070.532,0.708541183367757,0.919791750395642,2141.064,2021_kk_228,Kusko,2021,0.709173447531865,0.892457805050612,-6.7220643751719e-4,691.830636777643,872.494638705453,1406.416,0.705570075866613,330.1148056262558,NA
2044,1071.056,0.709740512825411,0.930893478699117,2142.112,2021_kk_228,Kusko,2021,0.709174945035522,0.891247874399034,-0.00120993065157782,691.830636777643,872.494638705453,1406.416,0.705570075866613,330.1148056262558,NA
2045,1071.58,0.71026676133332,0.923688904084883,2143.16,2021_kk_228,Kusko,2021,0.70917728448975,0.890137011526874,-0.00111086287216011,691.830636777643,872.494638705453,1406.416,0.705570075866613,330.1148056262558,NA
2046,1072.104,0.709344943430254,0.918081501263802,2144.208,2021_kk_228,Kusko,2021,0.709155847195566,0.889030354803478,-0.00110665672339627,691.830636777643,872.494638705453,1406.416,0.705570075866613,330.1148056262558,NA
2047,1072.628,0.70839548077356,0.899297063795722,2145.256,2021_kk_228,Kusko,2021,0.709179033590268,0.887503781165045,-0.00152657363843323,691.830636777643,872.494638705453,1406.416,0.705570075866613,330.1148056262558,NA
2048,1073.152,0.708508102037324,0.906502106446036,2146.304,2021_kk_228,Kusko,2021,0.70916774445127,0.886096410024094,-0.00140737114095013,691.830636777643,872.494638705453,1406.416,0.705570075866613,330.1148056262558,NA
2049,1073.676,0.70989814601227,0.888100617537154,2147.352,2021_kk_228,Kusko,2021,0.709205434509942,0.8847889060305,-0.00130750399359447,691.830636777643,872.494638705453,1406.416,0.705570075866613,330.1148056262558,NA
2050,1074.2,0.708606584390134,0.898623858770186,2148.4,2021_kk_228,Kusko,2021,0.70920414036331,0.883086867164286,-0.00170203886621412,691.830636777643,872.494638705453,1406.416,0.705570075866613,330.1148056262558,NA
2051,1074.724,0.707464147061596,0.887633602417301,2149.448,2021_kk_228,Kusko,2021,0.709193157803602,0.881700155975946,-0.00138671118834033,691.830636777643,872.494638705453,1406.416,0.705570075866613,330.1148056262558,NA
2052,1075.248,0.708506217480555,0.887947329341752,2150.496,2021_kk_228,Kusko,2021,0.709187439549427,0.880183118877898,-0.00151703709804774,691.830636777643,872.494638705453,1406.416,0.705570075866613,330.1148056262558,NA
2053,1075.772,0.709873265573339,0.89739424595902,2151.544,2021_kk_228,Kusko,2021,0.709188021351627,0.878621762497344,-0.00156135638055355,691.830636777643,872.494638705453,1406.416,0.705570075866613,330.1148056262558,NA
2054,1076.296,0.708446258579811,0.906981482350523,2152.592,2021_kk_228,Kusko,2021,0.709218069932266,0.877244669413305,-0.00137709308403955,691.830636777643,872.494638705453,1406.416,0.705570075866613,330.1148056262558,NA
2055,1076.82,0.710261450061194,0.910786008370186,2153.64,2021_kk_228,Kusko,2021,0.709230107061562,0.87605523256896,-0.00118943684434436,691.830636777643,872.494638705453,1406.416,0.705570075866613,330.1148056262558,NA
2056,1077.344,0.709659063182128,0.888742410519506,2154.688,2021_kk_228,Kusko,2021,0.709248124374405,0.874865523389095,-0.00118970917986516,691.830636777643,872.494638705453,1406.416,0.705570075866613,330.1148056262558,NA
2057,1077.868,0.710054976228177,0.886157775655714,2155.736,2021_kk_228,Kusko,2021,0.709215233635002,0.873508737106572,-0.00135678628252334,691.830636777643,872.494638705453,1406.416,0.705570075866613,330.1148056262558,NA
2058,1078.392,0.709534238224621,0.87587563674186,2156.784,2021_kk_228,Kusko,2021,0.709233163020431,0.871930503178278,-0.00157823392829348,691.830636777643,872.494638705453,1406.416,0.705570075866613,330.1148056262558,NA
2059,1078.916,0.70941107558958,0.877998997581871,2157.832,2021_kk_228,Kusko,2021,0.709206337620545,0.870807569921079,-0.0011229332571997,691.830636777643,872.494638705453,1406.416,0.705570075866613,330.1148056262558,NA
2060,1079.44,0.709023276839375,0.873754444871404,2158.88,2021_kk_228,Kusko,2021,0.709182432741299,0.869501959501276,-0.00130561041980226,691.830636777643,872.494638705453,1406.416,0.705570075866613,330.1148056262558,NA
2061,1079.964,0.708634533310523,0.870363307101428,2159.928,2021_kk_228,Kusko,2021,0.709204011193585,0.868170688390896,-0.00133127111038045,691.830636777643,872.494638705453,1406.416,0.705570075866613,330.1148056262558,NA
2062,1080.488,0.7093651228068,0.862033340866106,2160.976,2021_kk_228,Kusko,2021,0.709181702311778,0.866975754215785,-0.00119493417511052,691.830636777643,872.494638705453,1406.416,0.705570075866613,330.1148056262558,NA
2063,1081.012,0.709665984904446,0.871973214314503,2162.024,2021_kk_228,Kusko,2021,0.709154869404291,0.866113766338199,-8.6198787758606e-4,691.830636777643,872.494638705453,1406.416,0.705570075866613,330.1148056262558,NA
2064,1081.536,0.70951562792994,0.88265157305219,2163.072,2021_kk_228,Kusko,2021,0.709171353715345,0.864816316618948,-0.00129744971925094,691.830636777643,872.494638705453,1406.416,0.705570075866613,330.1148056262558,NA
2065,1082.06,0.709866254589152,0.858546469206077,2164.12,2021_kk_228,Kusko,2021,0.709157583710268,0.863488590959472,-0.0013277256594767,691.830636777643,872.494638705453,1406.416,0.705570075866613,330.1148056262558,NA
2066,1082.584,0.71002297413035,0.866451174661652,2165.168,2021_kk_228,Kusko,2021,0.709193727631315,0.862541056086853,-9.4753487261867e-4,691.830636777643,872.494638705453,1406.416,0.705570075866613,330.1148056262558,NA
2067,1083.108,0.708350298097626,0.873118799240198,2166.216,2021_kk_228,Kusko,2021,0.709189340665068,0.861309997830024,-0.00123105825682945,691.830636777643,872.494638705453,1406.416,0.705570075866613,330.1148056262558,NA
2068,1083.632,0.707318652326948,0.853467344057574,2167.264,2021_kk_228,Kusko,2021,0.709185379867617,0.859840048786802,-0.00146994904322173,691.830636777643,872.494638705453,1406.416,0.705570075866613,330.1148056262558,NA
2069,1084.156,0.710108069426731,0.84995156336295,2168.312,2021_kk_228,Kusko,2021,0.709165797427938,0.858256074133196,-0.00158397465360594,691.830636777643,872.494638705453,1406.416,0.705570075866613,330.1148056262558,NA
2070,1084.68,0.71027356549643,0.836034433023718,2169.36,2021_kk_228,Kusko,2021,0.709170678234057,0.856671706144782,-0.00158436798841421,691.830636777643,872.494638705453,1406.416,0.705570075866613,330.1148056262558,NA
2071,1085.204,0.710168773847628,0.824884026499488,2170.408,2021_kk_228,Kusko,2021,0.70915390762086,0.855253822443855,-0.00141788370092644,691.830636777643,872.494638705453,1406.416,0.705570075866613,330.1148056262558,NA
2072,1085.728,0.710479043759772,0.844692760530668,2171.456,2021_kk_228,Kusko,2021,0.709162081330849,0.853695597556049,-0.0015582248878061,691.830636777643,872.494638705453,1406.416,0.705570075866613,330.1148056262558,NA
2073,1086.252,0.70776492762527,0.863587655285327,2172.504,2021_kk_228,Kusko,2021,0.709169922352045,0.852047590691282,-0.00164800686476674,691.830636777643,872.494638705453,1406.416,0.705570075866613,330.1148056262558,NA
2074,1086.776,0.708886379960321,0.823610388355555,2173.552,2021_kk_228,Kusko,2021,0.709156502493768,0.850266687210179,-0.00178090348110327,691.830636777643,872.494638705453,1406.416,0.705570075866613,330.1148056262558,NA
2075,1087.3,0.708837333004164,0.830256764266683,2174.6,2021_kk_228,Kusko,2021,0.709117471325504,0.848854167562087,-0.00141251964809186,691.830636777643,872.494638705453,1406.416,0.705570075866613,330.1148056262558,NA
2076,1087.824,0.708867894774817,0.839427911372439,2175.648,2021_kk_228,Kusko,2021,0.709121481161439,0.847787430131632,-0.00106673743045549,691.830636777643,872.494638705453,1406.416,0.705570075866613,330.1148056262558,NA
2077,1088.348,0.708194712346123,0.831982789022385,2176.696,2021_kk_228,Kusko,2021,0.709124451777604,0.846921557326938,-8.6587280469374e-4,691.830636777643,872.494638705453,1406.416,0.705570075866613,330.1148056262558,NA
2078,1088.872,0.709268432397231,0.838341830012182,2177.744,2021_kk_228,Kusko,2021,0.709148081586758,0.846069965143574,-8.5159218336439e-4,691.830636777643,872.494638705453,1406.416,0.705570075866613,330.1148056262558,NA
2079,1089.396,0.710070039473786,0.845011811081124,2178.792,2021_kk_228,Kusko,2021,0.709148978630703,0.845596793191374,-4.7317195219986e-4,691.830636777643,872.494638705453,1406.416,0.705570075866613,330.1148056262558,NA
2080,1089.92,0.708652130352614,0.822078683036085,2179.84,2021_kk_228,Kusko,2021,0.709173489924892,0.844813483999319,-7.8330919205471e-4,691.830636777643,872.494638705453,1406.416,0.705570075866613,330.1148056262558,NA
2081,1090.444,0.708474256335563,0.826502942212467,2180.888,2021_kk_228,Kusko,2021,0.709192212230649,0.844049531392196,-7.639526071228e-4,691.830636777643,872.494638705453,1406.416,0.705570075866613,330.1148056262558,NA
2082,1090.968,0.709545766579029,0.823562780180757,2181.936,2021_kk_228,Kusko,2021,0.70921058793446,0.843458592807801,-5.9093858439551e-4,691.830636777643,872.494638705453,1406.416,0.705570075866613,330.1148056262558,NA
2083,1091.492,0.709979547133648,0.832107417663338,2182.984,2021_kk_228,Kusko,2021,0.70918220335371,0.842627563758796,-8.3102904900478e-4,691.830636777643,872.494638705453,1406.416,0.705570075866613,330.1148056262558,NA
2084,1092.016,0.709948083727387,0.823047910218399,2184.032,2021_kk_228,Kusko,2021,0.709168119250133,0.841690869479671,-9.3669427912501e-4,691.830636777643,872.494638705453,1406.416,0.705570075866613,330.1148056262558,NA
2085,1092.54,0.709521647635509,0.826271123215262,2185.08,2021_kk_228,Kusko,2021,0.709152042927442,0.840633818252186,-0.00105705122748523,691.830636777643,872.494638705453,1406.416,0.705570075866613,330.1148056262558,NA
2086,1093.064,0.709000109557607,0.81879784604404,2186.128,2021_kk_228,Kusko,2021,0.709144295404869,0.840028313709656,-6.0550454252972e-4,691.830636777643,872.494638705453,1406.416,0.705570075866613,330.1148056262558,NA
2087,1093.588,0.707397749308736,0.810803079044645,2187.176,2021_kk_228,Kusko,2021,0.709102295035305,0.839442529082875,-5.8578462678093e-4,691.830636777643,872.494638705453,1406.416,0.705570075866613,330.1148056262558,NA
2088,1094.112,0.708996027373596,0.802271553822982,2188.224,2021_kk_228,Kusko,2021,0.709093345823915,0.839187595781389,-2.5493330148607e-4,691.830636777643,872.494638705453,1406.416,0.705570075866613,330.1148056262558,NA
2089,1094.636,0.709109680867885,0.817854980413306,2189.272,2021_kk_228,Kusko,2021,0.709081213355391,0.838777351631214,-4.1024415017487e-4,691.830636777643,872.494638705453,1406.416,0.705570075866613,330.1148056262558,NA
2090,1095.16,0.708237429762058,0.820867837095363,2190.32,2021_kk_228,Kusko,2021,0.709089961440748,0.838333597890276,-4.4375374093852e-4,691.830636777643,872.494638705453,1406.416,0.705570075866613,330.1148056262558,NA
2091,1095.684,0.709266597515754,0.814074244603734,2191.368,2021_kk_228,Kusko,2021,0.709100346992868,0.838240609176413,-9.29887138629848e-5,691.830636777643,872.494638705453,1406.416,0.705570075866613,330.1148056262558,NA
2092,1096.208,0.708215420224385,0.819853174662828,2192.416,2021_kk_228,Kusko,2021,0.7090892512024,0.837957783683832,-2.8282549258063e-4,691.830636777643,872.494638705453,1406.416,0.705570075866613,330.1148056262558,NA
2093,1096.732,0.708260804759002,0.831425692172319,2193.464,2021_kk_228,Kusko,2021,0.709081264811901,0.83734916372193,-6.0861996190186e-4,691.830636777643,872.494638705453,1406.416,0.705570075866613,330.1148056262558,NA
2094,1097.256,0.709805085010635,0.802810565069219,2194.512,2021_kk_228,Kusko,2021,0.709101684651147,0.83658618273833,-7.6298098359972e-4,691.830636777643,872.494638705453,1406.416,0.705570075866613,330.1148056262558,NA
2095,1097.78,0.709971457445092,0.824407894005989,2195.56,2021_kk_228,Kusko,2021,0.709110561397,0.836311800835245,-2.7438190308504e-4,691.830636777643,872.494638705453,1406.416,0.705570075866613,330.1148056262558,NA
2096,1098.304,0.709838375214816,0.838718616895241,2196.608,2021_kk_228,Kusko,2021,0.709085046116727,0.836120684324358,-1.9111651088688e-4,691.830636777643,872.494638705453,1406.416,0.705570075866613,330.1148056262558,NA
2097,1098.828,0.709398578073472,0.825440109237694,2197.656,2021_kk_228,Kusko,2021,0.709102227768594,0.83575399712873,-3.6668719562904e-4,691.830636777643,872.494638705453,1406.416,0.705570075866613,330.1148056262558,NA
2098,1099.352,0.709974725027704,0.814602252061121,2198.704,2021_kk_228,Kusko,2021,0.709146452507224,0.835720612597639,-3.33845310906966e-5,691.830636777643,872.494638705453,1406.416,0.705570075866613,330.1148056262558,NA
2099,1099.876,0.709438272626668,0.81370799573847,2199.752,2021_kk_228,Kusko,2021,0.70915401249667,0.835971674452086,2.5106185444734e-4,691.830636777643,872.494638705453,1406.416,0.705570075866613,330.1148056262558,NA
2100,1100.4,0.707971807769133,0.811297866960554,2200.8,2021_kk_228,Kusko,2021,0.709140369536163,0.836356139177764,3.8446472567799e-4,691.830636777643,872.494638705453,1406.416,0.705570075866613,330.1148056262558,NA
2101,1100.924,0.708087123939481,0.827426235533437,2201.848,2021_kk_228,Kusko,2021,0.709117766113308,0.836770812910439,4.1467373267478e-4,691.830636777643,872.494638705453,1406.416,0.705570075866613,330.1148056262558,NA
2102,1101.448,0.709439900412707,0.829166683361783,2202.896,2021_kk_228,Kusko,2021,0.709105639082194,0.837122893541791,3.5208063135183e-4,691.830636777643,872.494638705453,1406.416,0.705570075866613,330.1148056262558,NA
2103,1101.972,0.709011644639536,0.820911338509633,2203.944,2021_kk_228,Kusko,2021,0.709128724815689,0.837447035020831,3.2414147904058e-4,691.830636777643,872.494638705453,1406.416,0.705570075866613,330.1148056262558,NA
2104,1102.496,0.708935321328803,0.824039269832922,2204.992,2021_kk_228,Kusko,2021,0.709165243940277,0.838365983469106,9.1894844827467e-4,691.830636777643,872.494638705453,1406.416,0.705570075866613,330.1148056262558,NA
2105,1103.02,0.707924891237478,0.838937725199371,2206.04,2021_kk_228,Kusko,2021,0.709139027132481,0.839143299595883,7.7731612677689e-4,691.830636777643,872.494638705453,1406.416,0.705570075866613,330.1148056262558,NA
2106,1103.544,0.709585533586352,0.85407725543647794,2207.088,2021_kk_228,Kusko,2021,0.709155004263001,0.839905480415401,7.6218081951795e-4,691.830636777643,872.494638705453,1406.416,0.705570075866613,330.1148056262558,NA
2107,1104.068,0.708573717743418,0.847344695514094,2208.136,2021_kk_228,Kusko,2021,0.709180558149478,0.840641950091291,7.3646967589013e-4,691.830636777643,872.494638705453,1406.416,0.705570075866613,330.1148056262558,NA
2108,1104.592,0.709925890586565,0.855406575444171,2209.184,2021_kk_228,Kusko,2021,0.709163608339498,0.841463936747163,8.2198665587196e-4,691.830636777643,872.494638705453,1406.416,0.705570075866613,330.1148056262558,NA
2109,1105.116,0.709951968648985,0.859710300405163,2210.232,2021_kk_228,Kusko,2021,0.709151744183897,0.841918259949606,4.5432320244354e-4,691.830636777643,872.494638705453,1406.416,0.705570075866613,330.1148056262558,NA
2110,1105.64,0.71007726204148,0.851625307246908,2211.28,2021_kk_228,Kusko,2021,0.709184691050638,0.842735186398817,8.1692644921049e-4,691.830636777643,872.494638705453,1406.416,0.705570075866613,330.1148056262558,NA
2111,1106.164,0.708587485407012,0.841796445989934,2212.328,2021_kk_228,Kusko,2021,0.709207471700442,0.843482560537195,0.00074737413837811005,691.830636777643,872.494638705453,1406.416,0.705570075866613,330.1148056262558,NA
2112,1106.688,0.709608759709233,0.852491014278018,2213.376,2021_kk_228,Kusko,2021,0.709223601857997,0.844203653198763,7.2109266156805e-4,691.830636777643,872.494638705453,1406.416,0.705570075866613,330.1148056262558,NA
2113,1107.212,0.708170190728308,0.847532503018737,2214.424,2021_kk_228,Kusko,2021,0.709220633367185,0.844939394537438,7.3574133867515e-4,691.830636777643,872.494638705453,1406.416,0.705570075866613,330.1148056262558,NA
2114,1107.736,0.707601212365183,0.850779825603028,2215.472,2021_kk_228,Kusko,2021,0.709208595005048,0.845692867366121,7.5347282868276e-4,691.830636777643,872.494638705453,1406.416,0.705570075866613,330.1148056262558,NA
2115,1108.26,0.709296870699753,0.847362934721067,2216.52,2021_kk_228,Kusko,2021,0.709198138690593,0.846413023465109,7.2015609898834e-4,691.830636777643,872.494638705453,1406.416,0.705570075866613,330.1148056262558,NA
2116,1108.784,0.709194211827755,0.852412137967728,2217.568,2021_kk_228,Kusko,2021,0.709202737460349,0.846980845626115,5.6782216100581e-4,691.830636777643,872.494638705453,1406.416,0.705570075866613,330.1148056262558,NA
2117,1109.308,0.707534954054338,0.851010698048854,2218.616,2021_kk_228,Kusko,2021,0.709243255372963,0.847875596363882,8.9475073776701e-4,691.830636777643,872.494638705453,1406.416,0.705570075866613,330.1148056262558,NA
2118,1109.832,0.708997285541247,0.860579638652698,2219.664,2021_kk_228,Kusko,2021,0.709246637972118,0.849115523758502,0.00123992739461987,691.830636777643,872.494638705453,1406.416,0.705570075866613,330.1148056262558,NA
2119,1110.356,0.708683127478114,0.853384348571385,2220.712,2021_kk_228,Kusko,2021,0.709250248854622,0.850297186786548,0.00118166302804545,691.830636777643,872.494638705453,1406.416,0.705570075866613,330.1148056262558,NA
2120,1110.88,0.709548161960783,0.847129220415087,2221.76,2021_kk_228,Kusko,2021,0.709245411168211,0.851193076773409,8.9588998686107e-4,691.830636777643,872.494638705453,1406.416,0.705570075866613,330.1148056262558,NA
2121,1111.404,0.709257666437742,0.864783984269651,2222.808,2021_kk_228,Kusko,2021,0.709236010846841,0.852053582798689,8.6050602528065e-4,691.830636777643,872.494638705453,1406.416,0.705570075866613,330.1148056262558,NA
2122,1111.928,0.70869937537871,0.845063811311268,2223.856,2021_kk_228,Kusko,2021,0.709264171996089,0.852669967427441,6.1638462875179e-4,691.830636777643,872.494638705453,1406.416,0.705570075866613,330.1148056262558,NA
2123,1112.452,0.709186801474504,0.835456016600394,2224.904,2021_kk_228,Kusko,2021,0.709292614230208,0.853283770834262,6.1380340682093e-4,691.830636777643,872.494638705453,1406.416,0.705570075866613,330.1148056262558,NA
2124,1112.976,0.710740818284667,0.836872714036204,2225.952,2021_kk_228,Kusko,2021,0.709287265760633,0.85456587762996306,0.00128210679570118,691.830636777643,872.494638705453,1406.416,0.705570075866613,330.1148056262558,NA
2125,1113.5,0.710398859340377,0.842083555020969,2227,2021_kk_228,Kusko,2021,0.709269591593755,0.85550075512247,9.3487749250664e-4,691.830636777643,872.494638705453,1406.416,0.705570075866613,330.1148056262558,NA
2126,1114.024,0.708492057313968,0.854984184008444,2228.048,2021_kk_228,Kusko,2021,0.70927355701106,0.856361029717588,8.6027459511839e-4,691.830636777643,872.494638705453,1406.416,0.705570075866613,330.1148056262558,NA
2127,1114.548,0.709381197209612,0.851117567502453,2229.096,2021_kk_228,Kusko,2021,0.709254536317268,0.85757324159368,0.00121221187609188,691.830636777643,872.494638705453,1406.416,0.705570075866613,330.1148056262558,NA
2128,1115.072,0.709972136644744,0.851464272192132,2230.144,2021_kk_228,Kusko,2021,0.709242427498242,0.858992574502971,0.00141933290929097,691.830636777643,872.494638705453,1406.416,0.705570075866613,330.1148056262558,NA
2129,1115.596,0.710561668793538,0.86501527462979,2231.192,2021_kk_228,Kusko,2021,0.709242669574671,0.86073816797818,0.00174559347520853,691.830636777643,872.494638705453,1406.416,0.705570075866613,330.1148056262558,NA
2130,1116.12,0.709454987865966,0.859102316564395,2232.24,2021_kk_228,Kusko,2021,0.709240734474344,0.862439555601809,0.00170138762362892,691.830636777643,872.494638705453,1406.416,0.705570075866613,330.1148056262558,NA
2131,1116.644,0.708812568476317,0.849764450459977,2233.288,2021_kk_228,Kusko,2021,0.709259360307911,0.863469514660039,0.00102995905823022,691.830636777643,872.494638705453,1406.416,0.705570075866613,330.1148056262558,NA
2132,1117.168,0.709751421892944,0.86581759841178,2234.336,2021_kk_228,Kusko,2021,0.70924825886253,0.864535580364718,0.00106606570467893,691.830636777643,872.494638705453,1406.416,0.705570075866613,330.1148056262558,NA
2133,1117.692,0.709150071635,0.883036144027764,2235.384,2021_kk_228,Kusko,2021,0.709270466187531,0.866001035263065,0.00146545489834782,691.830636777643,872.494638705453,1406.416,0.705570075866613,330.1148056262558,NA
2134,1118.216,0.711077527435578,0.878747295252033,2236.432,2021_kk_228,Kusko,2021,0.709279031502887,0.867504023211264,0.00150298794819814,691.830636777643,872.494638705453,1406.416,0.705570075866613,330.1148056262558,NA
2135,1118.74,0.707264324536394,0.8768957318733,2237.48,2021_kk_228,Kusko,2021,0.70930062095050594,0.86878307917917,0.00127905596790645,691.830636777643,872.494638705453,1406.416,0.705570075866613,330.1148056262558,NA
2136,1119.264,0.709826522606027,0.885158760543509,2238.528,2021_kk_228,Kusko,2021,0.709302725271042,0.869727349471159,9.4427029198862e-4,691.830636777643,872.494638705453,1406.416,0.705570075866613,330.1148056262558,NA
2137,1119.788,0.709727945534745,0.876170969575798,2239.576,2021_kk_228,Kusko,2021,0.709330127121905,0.87088574791537,0.00115839844421128,691.830636777643,872.494638705453,1406.416,0.705570075866613,330.1148056262558,NA
2138,1120.312,0.70825144379846,0.887661029364498,2240.624,2021_kk_228,Kusko,2021,0.709296244268484,0.87212927544437,0.00124352752899981,691.830636777643,872.494638705453,1406.416,0.705570075866613,330.1148056262558,NA
2139,1120.836,0.709358190137707,0.872271203227734,2241.672,2021_kk_228,Kusko,2021,0.709275068629531,0.873217918636845,0.00108864319247481,691.830636777643,872.494638705453,1406.416,0.705570075866613,330.1148056262558,NA
2140,1121.36,0.710628942357065,0.87109426998871,2242.72,2021_kk_228,Kusko,2021,0.709270843376111,0.874332619706667,0.00111470106982281,691.830636777643,872.494638705453,1406.416,0.705570075866613,330.1148056262558,NA
2141,1121.884,0.7098410953238,0.871345390515153,2243.768,2021_kk_228,Kusko,2021,0.709292011475775,0.875588607109618,0.00125598740295096,691.830636777643,872.494638705453,1406.416,0.705570075866613,330.1148056262558,NA
2142,1122.408,0.710513576032329,0.866828339874845,2244.816,2021_kk_228,Kusko,2021,0.709284166206901,0.876624124168148,0.00103551705852978,691.830636777643,872.494638705453,1406.416,0.705570075866613,330.1148056262558,NA
2143,1122.932,0.709801437684913,0.876251897983852,2245.864,2021_kk_228,Kusko,2021,0.709329088978727,0.877832336741244,0.00120821257309578,691.830636777643,872.494638705453,1406.416,0.705570075866613,330.1148056262558,NA
2144,1123.456,0.709225781999195,0.86825627993936,2246.912,2021_kk_228,Kusko,2021,0.709350283195392,0.879056636307067,0.00122429956582315,691.830636777643,872.494638705453,1406.416,0.705570075866613,330.1148056262558,NA
2145,1123.98,0.708894268768169,0.869480489154567,2247.96,2021_kk_228,Kusko,2021,0.709314133439635,0.880405622201589,0.00134898589452215,691.830636777643,872.494638705453,1406.416,0.705570075866613,330.1148056262558,NA
2146,1124.504,0.709276035743002,0.852867175704385,2249.008,2021_kk_228,Kusko,2021,0.70931841187561,0.881668792346352,0.00126317014476252,691.830636777643,872.494638705453,1406.416,0.705570075866613,330.1148056262558,NA
2147,1125.028,0.709828824065569,0.86448812331066,2250.056,2021_kk_228,Kusko,2021,0.709326221263705,0.883240571472665,0.00157177912631357,691.830636777643,872.494638705453,1406.416,0.705570075866613,330.1148056262558,NA
2148,1125.552,0.709198983322873,0.876667197500172,2251.104,2021_kk_228,Kusko,2021,0.709333650567915,0.8843916073377,0.00115103586503418,691.830636777643,872.494638705453,1406.416,0.705570075866613,330.1148056262558,NA
2149,1126.076,0.709326333818165,0.888754762096031,2252.152,2021_kk_228,Kusko,2021,0.709344622327886,0.885612757909736,0.00122115057203609,691.830636777643,872.494638705453,1406.416,0.705570075866613,330.1148056262558,NA
2150,1126.6,0.707947168577367,0.874621236307027,2253.2,2021_kk_228,Kusko,2021,0.709321916336036,0.887084954737611,0.00147219682787547,691.830636777643,872.494638705453,1406.416,0.705570075866613,330.1148056262558,NA
2151,1127.124,0.708702578233557,0.865704606120573,2254.248,2021_kk_228,Kusko,2021,0.70931490982492,0.887883613589365,7.98658851754e-4,691.830636777643,872.494638705453,1406.416,0.705570075866613,330.1148056262558,NA
2152,1127.648,0.709905089179256,0.856836252387932,2255.296,2021_kk_228,Kusko,2021,0.709321960724766,0.889283433013872,0.0013998194245074,691.830636777643,872.494638705453,1406.416,0.705570075866613,330.1148056262558,NA
2153,1128.172,0.709967338806129,0.868253896581583,2256.344,2021_kk_228,Kusko,2021,0.709318879464118,0.890940797162431,0.0016573641485581,691.830636777643,872.494638705453,1406.416,0.705570075866613,330.1148056262558,NA
2154,1128.696,0.709484176836154,0.879736972811289,2257.392,2021_kk_228,Kusko,2021,0.70927002852892,0.892404523531418,0.00146372636898695,691.830636777643,872.494638705453,1406.416,0.705570075866613,330.1148056262558,NA
2155,1129.22,0.708911007432412,0.88050054355638,2258.44,2021_kk_228,Kusko,2021,0.709247873682693,0.893875802699161,0.00147127916774359,691.830636777643,872.494638705453,1406.416,0.705570075866613,330.1148056262558,NA
2156,1129.744,0.710076300253103,0.890335092602347,2259.488,2021_kk_228,Kusko,2021,0.709256417603855,0.895207836675458,0.00133203397629644,691.830636777643,872.494638705453,1406.416,0.705570075866613,330.1148056262558,NA
2157,1130.268,0.708257336445965,0.898172821803202,2260.536,2021_kk_228,Kusko,2021,0.709245858731267,0.896658504052229,0.00145066737677102,691.830636777643,872.494638705453,1406.416,0.705570075866613,330.1148056262558,NA
2158,1130.792,0.709248195886177,0.899762226618583,2261.584,2021_kk_228,Kusko,2021,0.709251712980468,0.898652316457492,0.00199381240526342,691.830636777643,872.494638705453,1406.416,0.705570075866613,330.1148056262558,NA
2159,1131.316,0.709452797212395,0.918443604250979,2262.632,2021_kk_228,Kusko,2021,0.70920923929852,0.899837544529545,0.00118522807205268,691.830636777643,872.494638705453,1406.416,0.705570075866613,330.1148056262558,NA
2160,1131.84,0.70785570174949,0.913381124378292,2263.68,2021_kk_228,Kusko,2021,0.709209620089473,0.900991986226477,0.00115444169693235,691.830636777643,872.494638705453,1406.416,0.705570075866613,330.1148056262558,NA
2161,1132.364,0.70920467395351,0.889223779027246,2264.728,2021_kk_228,Kusko,2021,0.709212558826715,0.902547713761096,0.00155572753461919,691.830636777643,872.494638705453,1406.416,0.705570075866613,330.1148056262558,NA
2162,1132.888,0.708773813689835,0.893130625642521,2265.776,2021_kk_228,Kusko,2021,0.709207371044165,0.90385510574688,0.001307391985784,691.830636777643,872.494638705453,1406.416,0.705570075866613,330.1148056262558,NA
2163,1133.412,0.710344084139594,0.9088386324105,2266.824,2021_kk_228,Kusko,2021,0.709206519757715,0.904988698610398,0.001133592863518,691.830636777643,872.494638705453,1406.416,0.705570075866613,330.1148056262558,NA
2164,1133.936,0.709449240250171,0.914218546724813,2267.872,2021_kk_228,Kusko,2021,0.709183740036601,0.906235584153341,0.0012468855429425,691.830636777643,872.494638705453,1406.416,0.705570075866613,330.1148056262558,NA
2165,1134.46,0.709220258094608,0.915681083273758,2268.92,2021_kk_228,Kusko,2021,0.709240706291001,0.907398622569437,0.00116303841609622,691.830636777643,872.494638705453,1406.416,0.705570075866613,330.1148056262558,NA
2166,1134.984,0.709711792818496,0.910733472955795,2269.968,2021_kk_228,Kusko,2021,0.70925014043838,0.908697940761325,0.00129931819188822,691.830636777643,872.494638705453,1406.416,0.705570075866613,330.1148056262558,NA
2167,1135.508,0.710217828795201,0.91684860216677,2271.016,2021_kk_228,Kusko,2021,0.709230867306448,0.909905831886709,0.00120789112538411,691.830636777643,872.494638705453,1406.416,0.705570075866613,330.1148056262558,NA
2168,1136.032,0.70789291938133,0.930018227184153,2272.064,2021_kk_228,Kusko,2021,0.709228110789748,0.910745353549083,8.3952166237377e-4,691.830636777643,872.494638705453,1406.416,0.705570075866613,330.1148056262558,NA
2169,1136.556,0.708681430311778,0.925028891953652,2273.112,2021_kk_228,Kusko,2021,0.709231510862926,0.912165464056126,0.00142011050704338,691.830636777643,872.494638705453,1406.416,0.705570075866613,330.1148056262558,NA
2170,1137.08,0.709823746836306,0.918507371436278,2274.16,2021_kk_228,Kusko,2021,0.709215849161679,0.913227220781172,0.00106175672504583,691.830636777643,872.494638705453,1406.416,0.705570075866613,330.1148056262558,NA
2171,1137.604,0.709857571386874,0.917155690166994,2275.208,2021_kk_228,Kusko,2021,0.70921548476582,0.914378821711298,0.0011516009301259,691.830636777643,872.494638705453,1406.416,0.705570075866613,330.1148056262558,NA
2172,1138.128,0.709138043576775,0.914622037789809,2276.256,2021_kk_228,Kusko,2021,0.709183565218672,0.915901099478114,0.00152227776681568,691.830636777643,872.494638705453,1406.416,0.705570075866613,330.1148056262558,NA
2173,1138.652,0.710865557037877,0.920025257404478,2277.304,2021_kk_228,Kusko,2021,0.709192306739881,0.917225715493698,0.00132461601558409,691.830636777643,872.494638705453,1406.416,0.705570075866613,330.1148056262558,NA
2174,1139.176,0.708872865365057,0.924237799552415,2278.352,2021_kk_228,Kusko,2021,0.709204927339096,0.918556276488377,0.00133056099467932,691.830636777643,872.494638705453,1406.416,0.705570075866613,330.1148056262558,NA
2175,1139.7,0.707127885354364,0.928302088392398,2279.4,2021_kk_228,Kusko,2021,0.709204029834188,0.9199386145664,0.00138233807802246,691.830636777643,872.494638705453,1406.416,0.705570075866613,330.1148056262558,NA
2176,1140.224,0.709450917986251,0.92820234665348,2280.448,2021_kk_228,Kusko,2021,0.709212130276118,0.921489963806652,0.00155134924025246,691.830636777643,872.494638705453,1406.416,0.705570075866613,330.1148056262558,NA
2177,1140.748,0.708003517340053,0.945317445627668,2281.496,2021_kk_228,Kusko,2021,0.709204978036123,0.923091085178615,0.00160112137196267,691.830636777643,872.494638705453,1406.416,0.705570075866613,330.1148056262558,NA
2178,1141.272,0.709443043793847,0.929641790554751,2282.544,2021_kk_228,Kusko,2021,0.709212403372497,0.924268931751632,0.00117784657301701,691.830636777643,872.494638705453,1406.416,0.705570075866613,330.1148056262558,NA
2179,1141.796,0.709341433076368,0.926653382893554,2283.592,2021_kk_228,Kusko,2021,0.709201397563231,0.925413977101313,0.00114504534968141,691.830636777643,872.494638705453,1406.416,0.705570075866613,330.1148056262558,NA
2180,1142.32,0.708185802449761,0.93546103008761206,2284.64,2021_kk_228,Kusko,2021,0.709212566522847,0.926678462740866,0.0012644856395525,691.830636777643,872.494638705453,1406.416,0.705570075866613,330.1148056262558,NA
2181,1142.844,0.708837275770776,0.912703515374892,2285.688,2021_kk_228,Kusko,2021,0.709231876866577,0.928255734981696,0.00157727224083071,691.830636777643,872.494638705453,1406.416,0.705570075866613,330.1148056262558,NA
2182,1143.368,0.709122429369485,0.929052976781708,2286.736,2021_kk_228,Kusko,2021,0.709233024488239,0.929724889687112,0.00146915470541564,691.830636777643,872.494638705453,1406.416,0.705570075866613,330.1148056262558,NA
2183,1143.892,0.709001925835649,0.934897865513881,2287.784,2021_kk_228,Kusko,2021,0.709185206780939,0.931277069186607,0.00155217949949538,691.830636777643,872.494638705453,1406.416,0.705570075866613,330.1148056262558,NA
2184,1144.416,0.707809762172744,0.924696296175418,2288.832,2021_kk_228,Kusko,2021,0.709158345126149,0.932678291118926,0.00140122193231829,691.830636777643,872.494638705453,1406.416,0.705570075866613,330.1148056262558,NA
2185,1144.94,0.709069568566772,0.930360305085584,2289.88,2021_kk_228,Kusko,2021,0.709150386816169,0.934228828347199,0.00155053722827359,691.830636777643,872.494638705453,1406.416,0.705570075866613,330.1148056262558,NA
2186,1145.464,0.709004692583709,0.934906222586238,2290.928,2021_kk_228,Kusko,2021,0.709141813692624,0.93586710532313,0.00163827697593044,691.830636777643,872.494638705453,1406.416,0.705570075866613,330.1148056262558,NA
2187,1145.988,0.708747664854297,0.938157610108714,2291.976,2021_kk_228,Kusko,2021,0.709164727915928,0.937124586758679,0.00125748143554938,691.830636777643,872.494638705453,1406.416,0.705570075866613,330.1148056262558,NA
2188,1146.512,0.710323391596792,0.971093016507939,2293.024,2021_kk_228,Kusko,2021,0.709155169089212,0.938440007800546,0.00131542104186699,691.830636777643,872.494638705453,1406.416,0.705570075866613,330.1148056262558,NA
2189,1147.036,0.708013247876698,0.936128958952952,2294.072,2021_kk_228,Kusko,2021,0.709156732122692,0.939385842685968,9.4583488542188e-4,691.830636777643,872.494638705453,1406.416,0.705570075866613,330.1148056262558,NA
2190,1147.56,0.709477835323115,0.928368818380336,2295.12,2021_kk_228,Kusko,2021,0.709163646665173,0.940482087525397,0.00109624483942861,691.830636777643,872.494638705453,1406.416,0.705570075866613,330.1148056262558,NA
2191,1148.084,0.70898889271084,0.94310810253713,2296.168,2021_kk_228,Kusko,2021,0.709174988724322,0.941999111185258,0.00151702365986162,691.830636777643,872.494638705453,1406.416,0.705570075866613,330.1148056262558,NA
2192,1148.608,0.709440154939977,0.944261117558821,2297.216,2021_kk_228,Kusko,2021,0.709190638424949,0.943390388743288,0.00139127755802959,691.830636777643,872.494638705453,1406.416,0.705570075866613,330.1148056262558,NA
2193,1149.132,0.709098994447988,0.951051715838842,2298.264,2021_kk_228,Kusko,2021,0.709175519987462,0.944677299036534,0.00128691029324646,691.830636777643,872.494638705453,1406.416,0.705570075866613,330.1148056262558,NA
2194,1149.656,0.709710744168731,0.953560427828575,2299.312,2021_kk_228,Kusko,2021,0.709161748094294,0.945823427038473,0.00114612800193858,691.830636777643,872.494638705453,1406.416,0.705570075866613,330.1148056262558,NA
2195,1150.18,0.710682299800413,0.946678036839078,2300.36,2021_kk_228,Kusko,2021,0.70915944629791,0.946867080268581,0.00104365323010858,691.830636777643,872.494638705453,1406.416,0.705570075866613,330.1148056262558,NA
2196,1150.704,0.71039257144871,0.963117852056804,2301.408,2021_kk_228,Kusko,2021,0.709149868220046,0.948217113050996,0.0013500327824143,691.830636777643,872.494638705453,1406.416,0.705570075866613,330.1148056262558,NA
2197,1151.228,0.708571557618846,0.948644437098841,2302.456,2021_kk_228,Kusko,2021,0.709138548856167,0.949629530791795,0.00141241774079925,691.830636777643,872.494638705453,1406.416,0.705570075866613,330.1148056262558,NA
2198,1151.752,0.708086052796459,0.938032329106922,2303.504,2021_kk_228,Kusko,2021,0.709161983343077,0.951070260614569,0.00144072982277399,691.830636777643,872.494638705453,1406.416,0.705570075866613,330.1148056262558,NA
2199,1152.276,0.709562194528415,0.957477833650339,2304.552,2021_kk_228,Kusko,2021,0.709163159567704,0.952138927720589,0.00106866710601949,691.830636777643,872.494638705453,1406.416,0.705570075866613,330.1148056262558,NA
2200,1152.8,0.709689240282202,0.934799673491464,2305.6,2021_kk_228,Kusko,2021,0.709154654183391,0.953006737533997,8.6780981340828e-4,691.830636777643,872.494638705453,1406.416,0.705570075866613,330.1148056262558,NA
2201,1153.324,0.709819231572269,0.940441446322707,2306.648,2021_kk_228,Kusko,2021,0.709133053746809,0.954149193219479,0.00114245568548255,691.830636777643,872.494638705453,1406.416,0.705570075866613,330.1148056262558,NA
2202,1153.848,0.708598403203453,0.958165005883779,2307.696,2021_kk_228,Kusko,2021,0.709131954453602,0.955180520679406,0.00103132745992651,691.830636777643,872.494638705453,1406.416,0.705570075866613,330.1148056262558,NA
2203,1154.372,0.710325928957461,0.955728858918902,2308.744,2021_kk_228,Kusko,2021,0.709100596913924,0.956031220809842,8.5070013043664e-4,691.830636777643,872.494638705453,1406.416,0.705570075866613,330.1148056262558,NA
2204,1154.896,0.709983017952097,0.948089939620116,2309.792,2021_kk_228,Kusko,2021,0.70910723307283,0.956630326729041,5.9910591919876e-4,691.830636777643,872.494638705453,1406.416,0.705570075866613,330.1148056262558,NA
2205,1155.42,0.708840418473656,0.952420773835919,2310.84,2021_kk_228,Kusko,2021,0.709135175063235,0.957514190692243,8.8386396320194e-4,691.830636777643,872.494638705453,1406.416,0.705570075866613,330.1148056262558,NA
2206,1155.944,0.709762062258795,0.945948130119538,2311.888,2021_kk_228,Kusko,2021,0.709118398165474,0.958402624593018,8.8843390077486e-4,691.830636777643,872.494638705453,1406.416,0.705570075866613,330.1148056262558,NA
2207,1156.468,0.709399689665898,0.960555405628411,2312.936,2021_kk_228,Kusko,2021,0.709128581704858,0.95885086198549,4.4823739247246e-4,691.830636777643,872.494638705453,1406.416,0.705570075866613,330.1148056262558,NA
2208,1156.992,0.709644503505294,0.947337991881196,2313.984,2021_kk_228,Kusko,2021,0.709124751252762,0.959795331148901,9.4446916341073e-4,691.830636777643,872.494638705453,1406.416,0.705570075866613,330.1148056262558,NA
2209,1157.516,0.708665985262218,0.957457483076916,2315.032,2021_kk_228,Kusko,2021,0.709128337935959,0.960903979956124,0.00110864880722261,691.830636777643,872.494638705453,1406.416,0.705570075866613,330.1148056262558,NA
2210,1158.04,0.708617306154353,0.950490374680177,2316.08,2021_kk_228,Kusko,2021,0.709138293102402,0.961399998253848,4.9601829772394e-4,691.830636777643,872.494638705453,1406.416,0.705570075866613,330.1148056262558,NA
2211,1158.564,0.709861198857341,0.960340940570414,2317.128,2021_kk_228,Kusko,2021,0.709134467659532,0.962451130170999,0.00105113191715078,691.830636777643,872.494638705453,1406.416,0.705570075866613,330.1148056262558,NA
2212,1159.088,0.709973946478953,0.944985534712871,2318.176,2021_kk_228,Kusko,2021,0.709139416602063,0.963376632186782,9.2550201578389e-4,691.830636777643,872.494638705453,1406.416,0.705570075866613,330.1148056262558,NA
2213,1159.612,0.707098276368127,0.961384666551304,2319.224,2021_kk_228,Kusko,2021,0.709157800973779,0.963790408417234,4.1377623045113e-4,691.830636777643,872.494638705453,1406.416,0.705570075866613,330.1148056262558,NA
2214,1160.136,0.707872477548797,0.963810288750391,2320.272,2021_kk_228,Kusko,2021,0.709180612664762,0.964266662048431,4.7625363119707e-4,691.830636777643,872.494638705453,1406.416,0.705570075866613,330.1148056262558,NA
2215,1160.66,0.708433508833606,0.973532777252789,2321.32,2021_kk_228,Kusko,2021,0.709177968976373,0.964917946640195,6.5128459176444e-4,691.830636777643,872.494638705453,1406.416,0.705570075866613,330.1148056262558,NA
2216,1161.184,0.7095619128404,0.988631711158178,2322.368,2021_kk_228,Kusko,2021,0.709181052662752,0.965029401412635,1.1145477243979e-4,691.830636777643,872.494638705453,1406.416,0.705570075866613,330.1148056262558,NA
2217,1161.708,0.709632189844219,0.973621707936162,2323.416,2021_kk_228,Kusko,2021,0.709203304789772,0.965440844642941,4.1144323030595e-4,691.830636777643,872.494638705453,1406.416,0.705570075866613,330.1148056262558,NA
2218,1162.232,0.70867466628317,0.978687489130604,2324.464,2021_kk_228,Kusko,2021,0.709178080502644,0.965092023599111,-3.4882104383027e-4,691.830636777643,872.494638705453,1406.416,0.705570075866613,330.1148056262558,NA
2219,1162.756,0.70954657922124,0.97519369737629,2325.512,2021_kk_228,Kusko,2021,0.709183500547329,0.965513356117843,4.213325187321e-4,691.830636777643,872.494638705453,1406.416,0.705570075866613,330.1148056262558,NA
2220,1163.28,0.708270574298319,0.97915581474401,2326.56,2021_kk_228,Kusko,2021,0.709187403245873,0.966038245783603,5.2488966575992e-4,691.830636777643,872.494638705453,1406.416,0.705570075866613,330.1148056262558,NA
2221,1163.804,0.709885197502441,0.980245198618946,2327.608,2021_kk_228,Kusko,2021,0.709179162025454,0.965837937403205,-2.0030838039719e-4,691.830636777643,872.494638705453,1406.416,0.705570075866613,330.1148056262558,NA
2222,1164.328,0.709712795727493,0.976607279124293,2328.656,2021_kk_228,Kusko,2021,0.709185685228482,0.965639297994459,-1.9863940874631e-4,691.830636777643,872.494638705453,1406.416,0.705570075866613,330.1148056262558,NA
2223,1164.852,0.709436977890362,0.986053250005286,2329.704,2021_kk_228,Kusko,2021,0.709199605476747,0.965538393144652,-1.0090484980707e-4,691.830636777643,872.494638705453,1406.416,0.705570075866613,330.1148056262558,NA
2224,1165.376,0.70862292666008,0.982986226841128,2330.752,2021_kk_228,Kusko,2021,0.709186539078431,0.965296691890757,-2.4170125389477e-4,691.830636777643,872.494638705453,1406.416,0.705570075866613,330.1148056262558,NA
2225,1165.9,0.709082150311571,0.978300277080267,2331.8,2021_kk_228,Kusko,2021,0.709152030638595,0.965202978856624,-9.37130341334136e-5,691.830636777643,872.494638705453,1406.416,0.705570075866613,330.1148056262558,NA
2226,1166.424,0.709137108146675,0.991735439900654,2332.848,2021_kk_228,Kusko,2021,0.709139029506657,0.964743535557202,-4.5944329942182e-4,691.830636777643,872.494638705453,1406.416,0.705570075866613,330.1148056262558,NA
2227,1166.948,0.70953866696243,1.00159366661473,2333.896,2021_kk_228,Kusko,2021,0.709171513335349,0.96514639294576,4.0285738855772e-4,691.830636777643,872.494638705453,1406.416,0.705570075866613,330.1148056262558,NA
2228,1167.472,0.70929898859592,1.01646201655059,2334.944,2021_kk_228,Kusko,2021,0.709205055519418,0.965083637771673,-6.27551740867149e-5,691.830636777643,872.494638705453,1406.416,0.705570075866613,330.1148056262558,NA
2229,1167.996,0.708752003789407,0.989148918314824,2335.992,2021_kk_228,Kusko,2021,0.709183897263678,0.965054377071497,-2.92607001761702e-5,691.830636777643,872.494638705453,1406.416,0.705570075866613,330.1148056262558,NA
2230,1168.52,0.709313423777531,0.970575960240774,2337.04,2021_kk_228,Kusko,2021,0.709177419285757,0.965249150622284,1.9477355078678e-4,691.830636777643,872.494638705453,1406.416,0.705570075866613,330.1148056262558,NA
2231,1169.044,0.708561545191945,0.985703031295949,2338.088,2021_kk_228,Kusko,2021,0.709164908746208,0.965461459249674,2.1230862739041e-4,691.830636777643,872.494638705453,1406.416,0.705570075866613,330.1148056262558,NA
2232,1169.568,0.70907208598437,0.9765016853854,2339.136,2021_kk_228,Kusko,2021,0.709166359684588,0.965305362512579,-1.5609673709515e-4,691.830636777643,872.494638705453,1406.416,0.705570075866613,330.1148056262558,NA
2233,1170.092,0.708984104657224,0.971067265230674,2340.184,2021_kk_228,Kusko,2021,0.709150672475578,0.965322808949335,1.74464367559413e-5,691.830636777643,872.494638705453,1406.416,0.705570075866613,330.1148056262558,NA
2234,1170.616,0.709271034899412,0.960184154704342,2341.232,2021_kk_228,Kusko,2021,0.709126007718831,0.965861741464687,5.3893251535253e-4,691.830636777643,872.494638705453,1406.416,0.705570075866613,330.1148056262558,NA
2235,1171.14,0.70880440477866,0.981333926184507,2342.28,2021_kk_228,Kusko,2021,0.709130824099671,0.965906421318722,4.46798540345572e-5,691.830636777643,872.494638705453,1406.416,0.705570075866613,330.1148056262558,NA
2236,1171.664,0.708444304120577,0.981508380699972,2343.328,2021_kk_228,Kusko,2021,0.709096584242988,0.966252065025971,3.4564370724943e-4,691.830636777643,872.494638705453,1406.416,0.705570075866613,330.1148056262558,NA
2237,1172.188,0.708614529703086,0.972211689176013,2344.376,2021_kk_228,Kusko,2021,0.709075050182265,0.966326062018978,7.39969930068085e-5,691.830636777643,872.494638705453,1406.416,0.705570075866613,330.1148056262558,NA
2238,1172.712,0.709213216668099,0.986309940359395,2345.424,2021_kk_228,Kusko,2021,0.709065003626479,0.96677055363643,4.4449161745197e-4,691.830636777643,872.494638705453,1406.416,0.705570075866613,330.1148056262558,NA
2239,1173.236,0.709556634068193,0.993172311326912,2346.472,2021_kk_228,Kusko,2021,0.709070857637634,0.966828773344326,5.8219707895546e-5,691.830636777643,872.494638705453,1406.416,0.705570075866613,330.1148056262558,NA
2240,1173.76,0.708783112436308,0.965222127951047,2347.52,2021_kk_228,Kusko,2021,0.709092101571907,0.967075668815279,2.4689547095346e-4,691.830636777643,872.494638705453,1406.416,0.705570075866613,330.1148056262558,NA
2241,1174.284,0.708607749198591,0.97577143040394,2348.568,2021_kk_228,Kusko,2021,0.709091744573492,0.96717069958203,9.5030766751214e-5,691.830636777643,872.494638705453,1406.416,0.705570075866613,330.1148056262558,NA
2242,1174.808,0.709419365921333,0.984583097728739,2349.616,2021_kk_228,Kusko,2021,0.709071261800467,0.967719098721457,5.4839913942661e-4,691.830636777643,872.494638705453,1406.416,0.705570075866613,330.1148056262558,NA
2243,1175.332,0.710104988138632,0.959724439340951,2350.664,2021_kk_228,Kusko,2021,0.70910890710953,0.967820330001164,1.0123127970651e-4,691.830636777643,872.494638705453,1406.416,0.705570075866613,330.1148056262558,NA
2244,1175.856,0.709178463631745,0.953271514047245,2351.712,2021_kk_228,Kusko,2021,0.709138956765004,0.967747149311674,-7.31806894893605e-5,691.830636777643,872.494638705453,1406.416,0.705570075866613,330.1148056262558,NA
2245,1176.38,0.708910947263426,0.96943738059145,2352.76,2021_kk_228,Kusko,2021,0.709155056535334,0.967593514543975,-1.5363476769958e-4,691.830636777643,872.494638705453,1406.416,0.705570075866613,330.1148056262558,NA
2246,1176.904,0.709189713766445,0.94159350893262606,2353.808,2021_kk_228,Kusko,2021,0.70916717064262,0.967451629712827,-1.4188483114752e-4,691.830636777643,872.494638705453,1406.416,0.705570075866613,330.1148056262558,NA
2247,1177.428,0.710082792475516,0.962844203927065,2354.856,2021_kk_228,Kusko,2021,0.709178178011516,0.967578456504749,1.2682679192233e-4,691.830636777643,872.494638705453,1406.416,0.705570075866613,330.1148056262558,NA
2248,1177.952,0.708809934369052,0.950163753878125,2355.904,2021_kk_228,Kusko,2021,0.709187735180467,0.967712672636208,1.342161314588e-4,691.830636777643,872.494638705453,1406.416,0.705570075866613,330.1148056262558,NA
2249,1178.476,0.708338450557809,0.961408910076881,2356.952,2021_kk_228,Kusko,2021,0.709172043032732,0.967785695989782,7.30233535742864e-5,691.830636777643,872.494638705453,1406.416,0.705570075866613,330.1148056262558,NA
2250,1179,0.709711997235784,0.959862198325934,2358,2021_kk_228,Kusko,2021,0.709179914723595,0.968014946240433,2.2925025065045e-4,691.830636777643,872.494638705453,1406.416,0.705570075866613,330.1148056262558,NA
2251,1179.524,0.708494419485715,0.931089599713293,2359.048,2021_kk_228,Kusko,2021,0.709149064970823,0.967814082420119,-2.0086382031414e-4,691.830636777643,872.494638705453,1406.416,0.705570075866613,330.1148056262558,NA
2252,1180.048,0.709831547121607,0.932342753034044,2360.096,2021_kk_228,Kusko,2021,0.709149826174395,0.967699159418951,-1.1492300116777e-4,691.830636777643,872.494638705453,1406.416,0.705570075866613,330.1148056262558,NA
2253,1180.572,0.709934209343898,0.944997424850416,2361.144,2021_kk_228,Kusko,2021,0.709146190507161,0.967760684336271,6.15249173196997e-5,691.830636777643,872.494638705453,1406.416,0.705570075866613,330.1148056262558,NA
2254,1181.096,0.708926760269792,0.939058352594886,2362.192,2021_kk_228,Kusko,2021,0.70913130418351,0.967850289497942,8.96051616713356e-5,691.830636777643,872.494638705453,1406.416,0.705570075866613,330.1148056262558,NA
2255,1181.62,0.708611793410225,0.941055254791072,2363.24,2021_kk_228,Kusko,2021,0.709131561574456,0.968124818902003,2.7452940406136e-4,691.830636777643,872.494638705453,1406.416,0.705570075866613,330.1148056262558,NA
2256,1182.144,0.709612503532489,0.935551254091491,2364.288,2021_kk_228,Kusko,2021,0.709123079954775,0.968466130577179,3.4131167517526e-4,691.830636777643,872.494638705453,1406.416,0.705570075866613,330.1148056262558,NA
2257,1182.668,0.710520587340336,0.972815880412305,2365.336,2021_kk_228,Kusko,2021,0.709111503627232,0.968184811105758,-2.8131947142062e-4,691.830636777643,872.494638705453,1406.416,0.705570075866613,330.1148056262558,NA
2258,1183.192,0.710098583840625,0.934267018661717,2366.384,2021_kk_228,Kusko,2021,0.709108976019657,0.967836617938603,-3.4819316715484e-4,691.830636777643,872.494638705453,1406.416,0.705570075866613,330.1148056262558,NA
2259,1183.716,0.708292699184015,0.955722191639772,2367.432,2021_kk_228,Kusko,2021,0.70911347297127,0.968872560033146,0.00103594209454283,691.830636777643,872.494638705453,1406.416,0.705570075866613,330.1148056262558,NA
2260,1184.24,0.709300561606903,0.946486086538666,2368.48,2021_kk_228,Kusko,2021,0.709117368277851,0.969111301736107,2.3874170296067e-4,691.830636777643,872.494638705453,1406.416,0.705570075866613,330.1148056262558,NA
2261,1184.764,0.709068599199365,0.953179963966137,2369.528,2021_kk_228,Kusko,2021,0.709114907955293,0.969069180468036,-4.21212680706828e-5,691.830636777643,872.494638705453,1406.416,0.705570075866613,330.1148056262558,NA
2262,1185.288,0.708685459506271,0.948799201658067,2370.576,2021_kk_228,Kusko,2021,0.709127705117529,0.969305242235616,2.3606176758006e-4,691.830636777643,872.494638705453,1406.416,0.705570075866613,330.1148056262558,NA
2263,1185.812,0.709384696416806,0.95677564512425906,2371.624,2021_kk_228,Kusko,2021,0.709131530781576,0.969280297496407,-2.49447392086655e-5,691.830636777643,872.494638705453,1406.416,0.705570075866613,330.1148056262558,NA
2264,1186.336,0.708503132547308,0.980425890541266,2372.672,2021_kk_228,Kusko,2021,0.70912808914198,0.969710580540412,4.302830440046e-4,691.830636777643,872.494638705453,1406.416,0.705570075866613,330.1148056262558,NA
2265,1186.86,0.709129401324042,0.955101565077986,2373.72,2021_kk_228,Kusko,2021,0.70914826077841,0.970059585117498,3.4900457708608e-4,691.830636777643,872.494638705453,1406.416,0.705570075866613,330.1148056262558,NA
2266,1187.384,0.707707670857825,0.966686752554505,2374.768,2021_kk_228,Kusko,2021,0.709160802852692,0.969993485637715,-6.60994797827552e-5,691.830636777643,872.494638705453,1406.416,0.705570075866613,330.1148056262558,NA
2267,1187.908,0.708107646022536,0.964995225208816,2375.816,2021_kk_228,Kusko,2021,0.709162904862608,0.97020511279197,2.116271542546e-4,691.830636777643,872.494638705453,1406.416,0.705570075866613,330.1148056262558,NA
2268,1188.432,0.709041710158142,0.974007488928316,2376.864,2021_kk_228,Kusko,2021,0.709165680921313,0.969930323229325,-2.7478956264537e-4,691.830636777643,872.494638705453,1406.416,0.705570075866613,330.1148056262558,NA
2269,1188.956,0.709017225931498,0.960950665550648,2377.912,2021_kk_228,Kusko,2021,0.70916874125122,0.969741445589868,-1.8887763945674e-4,691.830636777643,872.494638705453,1406.416,0.705570075866613,330.1148056262558,NA
2270,1189.48,0.70989194221074,0.96530410293738,2378.96,2021_kk_228,Kusko,2021,0.709150384289391,0.969885597397505,1.4415180763749e-4,691.830636777643,872.494638705453,1406.416,0.705570075866613,330.1148056262558,NA
2271,1190.004,0.709839778952425,0.966042786575488,2380.008,2021_kk_228,Kusko,2021,0.709167060040991,0.969886846188184,1.24879067908701e-6,691.830636777643,872.494638705453,1406.416,0.705570075866613,330.1148056262558,NA
2272,1190.528,0.708744980097465,0.97788948307847,2381.056,2021_kk_228,Kusko,2021,0.709178794415285,0.96957827515139,-3.0857103679471e-4,691.830636777643,872.494638705453,1406.416,0.705570075866613,330.1148056262558,NA
2273,1191.052,0.7093569949119,0.967458543333692,2382.104,2021_kk_228,Kusko,2021,0.70916509677764,0.969614654834445,3.63796830552543e-5,691.830636777643,872.494638705453,1406.416,0.705570075866613,330.1148056262558,NA
2274,1191.576,0.709675456877258,0.959419447381031,2383.152,2021_kk_228,Kusko,2021,0.709166136904334,0.969786172108856,1.7151727441066e-4,691.830636777643,872.494638705453,1406.416,0.705570075866613,330.1148056262558,NA
2275,1192.1,0.70939949505341,0.964314691190813,2384.2,2021_kk_228,Kusko,2021,0.709172469990899,0.969739917454727,-4.62546541282194e-5,691.830636777643,872.494638705453,1406.416,0.705570075866613,330.1148056262558,NA
2276,1192.624,0.710288759277518,0.980118621289328,2385.248,2021_kk_228,Kusko,2021,0.709188298174429,0.970362854642494,6.2293718776662e-4,691.830636777643,872.494638705453,1406.416,0.705570075866613,330.1148056262558,NA
2277,1193.148,0.710292631978007,0.981231315451496,2386.296,2021_kk_228,Kusko,2021,0.709161650715101,0.970677197897819,3.1434325532453e-4,691.830636777643,872.494638705453,1406.416,0.705570075866613,330.1148056262558,NA
2278,1193.672,0.709248096420226,0.986740457018136,2387.344,2021_kk_228,Kusko,2021,0.709163567705509,0.971401422325272,7.2422442745334e-4,691.830636777643,872.494638705453,1406.416,0.705570075866613,330.1148056262558,NA
2279,1194.196,0.708605050357127,0.979575098590752,2388.392,2021_kk_228,Kusko,2021,0.709199913482387,0.971863117165872,4.6169484059988e-4,691.830636777643,872.494638705453,1406.416,0.705570075866613,330.1148056262558,NA
2280,1194.72,0.70874287575011,0.992910829783034,2389.44,2021_kk_228,Kusko,2021,0.709212788526359,0.972664271738233,8.0115457236085e-4,691.830636777643,872.494638705453,1406.416,0.705570075866613,330.1148056262558,NA
2281,1195.244,0.708034212336136,0.968193369400099,2390.488,2021_kk_228,Kusko,2021,0.709216890251827,0.973595037453643,9.3076571540995e-4,691.830636777643,872.494638705453,1406.416,0.705570075866613,330.1148056262558,NA
2282,1195.768,0.709758467941834,0.96971189905423,2391.536,2021_kk_228,Kusko,2021,0.709187377844433,0.974944160278403,0.00134912282475996,691.830636777643,872.494638705453,1406.416,0.705570075866613,330.1148056262558,NA
2283,1196.292,0.709218837856294,0.989744745044466,2392.584,2021_kk_228,Kusko,2021,0.709181656607869,0.975784170796431,8.4001051802884e-4,691.830636777643,872.494638705453,1406.416,0.705570075866613,330.1148056262558,NA
2284,1196.816,0.707729747241032,0.988362536541408,2393.632,2021_kk_228,Kusko,2021,0.70916830622481,0.976732206062603,9.4803526617148e-4,691.830636777643,872.494638705453,1406.416,0.705570075866613,330.1148056262558,NA
2285,1197.34,0.709097593768283,0.994772041323953,2394.68,2021_kk_228,Kusko,2021,0.709192749308244,0.977601676418128,8.6947035552509e-4,691.830636777643,872.494638705453,1406.416,0.705570075866613,330.1148056262558,NA
2286,1197.864,0.708628210965851,1.01221414041117,2395.728,2021_kk_228,Kusko,2021,0.70920025878472,0.978505534253507,9.0385783537894e-4,691.830636777643,872.494638705453,1406.416,0.705570075866613,330.1148056262558,NA
2287,1198.388,0.708844087309842,0.984714498329493,2396.776,2021_kk_228,Kusko,2021,0.709168543796162,0.978765194843229,2.596605897216e-4,691.830636777643,872.494638705453,1406.416,0.705570075866613,330.1148056262558,NA
2288,1198.912,0.709147332141442,0.995570426521296,2397.824,2021_kk_228,Kusko,2021,0.709153216655106,0.979966033390241,0.00120083854701292,691.830636777643,872.494638705453,1406.416,0.705570075866613,330.1148056262558,NA
2289,1199.436,0.709021820886128,1.0513054439874,2398.872,2021_kk_228,Kusko,2021,0.709165814485782,0.980971160296708,0.00100512690646615,691.830636777643,872.494638705453,1406.416,0.705570075866613,330.1148056262558,NA
2290,1199.96,0.709547142172451,0.984900462418415,2399.92,2021_kk_228,Kusko,2021,0.70916011100279,0.981815061647981,8.4390135127299e-4,691.830636777643,872.494638705453,1406.416,0.705570075866613,330.1148056262558,NA
2291,1200.484,0.708413925838417,0.983175755211705,2400.968,2021_kk_228,Kusko,2021,0.709165480661733,0.982401189630614,5.8612798263302e-4,691.830636777643,872.494638705453,1406.416,0.705570075866613,330.1148056262558,NA
2292,1201.008,0.709839915718553,0.990665391440201,2402.016,2021_kk_228,Kusko,2021,0.709179590637374,0.983081485799137,6.8029616852305e-4,691.830636777643,872.494638705453,1406.416,0.705570075866613,330.1148056262558,NA
2293,1201.532,0.70921364450007,0.969570580878156,2403.064,2021_kk_228,Kusko,2021,0.709178543318999,0.98361314732912,5.3166152998374e-4,691.830636777643,872.494638705453,1406.416,0.705570075866613,330.1148056262558,NA
2294,1202.056,0.709064536523655,0.98600113734462,2404.112,2021_kk_228,Kusko,2021,0.709177365983137,0.983696398007513,8.32506783923215e-5,691.830636777643,872.494638705453,1406.416,0.705570075866613,330.1148056262558,NA
2295,1202.58,0.71001470296446,1.00227420080967,2405.16,2021_kk_228,Kusko,2021,0.709176500508145,0.984175374939298,4.7897693178489e-4,691.830636777643,872.494638705453,1406.416,0.705570075866613,330.1148056262558,NA
2296,1203.104,0.709196828577498,0.977542411913009,2406.208,2021_kk_228,Kusko,2021,0.709188885837594,0.984619157886993,4.4378294769553e-4,691.830636777643,872.494638705453,1406.416,0.705570075866613,330.1148056262558,NA
2297,1203.628,0.708740650298048,0.984909318431292,2407.256,2021_kk_228,Kusko,2021,0.709204271388938,0.984826387092515,2.0722920552185e-4,691.830636777643,872.494638705453,1406.416,0.705570075866613,330.1148056262558,NA
2298,1204.152,0.709379780190363,0.96982256660067,2408.304,2021_kk_228,Kusko,2021,0.709190256601334,0.98487984317785,5.3456085334691e-5,691.830636777643,872.494638705453,1406.416,0.705570075866613,330.1148056262558,NA
2299,1204.676,0.709740253862648,0.981839652959505,2409.352,2021_kk_228,Kusko,2021,0.709199609997184,0.985216350329156,3.3650715130673e-4,691.830636777643,872.494638705453,1406.416,0.705570075866613,330.1148056262558,NA
2300,1205.2,0.707681694726514,0.973871236409297,2410.4,2021_kk_228,Kusko,2021,0.709193127101024,0.985785715458401,5.6936512924488e-4,691.830636777643,872.494638705453,1406.416,0.705570075866613,330.1148056262558,NA
2301,1205.724,0.709608294294618,0.97584635784468,2411.448,2021_kk_228,Kusko,2021,0.7091818354726,0.985889071815641,1.033563572399e-4,691.830636777643,872.494638705453,1406.416,0.705570075866613,330.1148056262558,NA
2302,1206.248,0.710123428378972,0.966068835521061,2412.496,2021_kk_228,Kusko,2021,0.709211110853717,0.986036150615777,1.4707880013575e-4,691.830636777643,872.494638705453,1406.416,0.705570075866613,330.1148056262558,NA
2303,1206.772,0.709283129879957,0.96190722032427,2413.544,2021_kk_228,Kusko,2021,0.709233289267543,0.986012501868412,-2.36487473647129e-5,691.830636777643,872.494638705453,1406.416,0.705570075866613,330.1148056262558,NA
2304,1207.296,0.709240871233372,0.963562550511883,2414.592,2021_kk_228,Kusko,2021,0.70922884840507,0.98628927046012,2.7676859170777e-4,691.830636777643,872.494638705453,1406.416,0.705570075866613,330.1148056262558,NA
2305,1207.82,0.709290932457309,0.966662101343754,2415.64,2021_kk_228,Kusko,2021,0.709206435693376,0.98645032289118,1.6105243106023e-4,691.830636777643,872.494638705453,1406.416,0.705570075866613,330.1148056262558,NA
2306,1208.344,0.710139404778275,0.978969740198629,2416.688,2021_kk_228,Kusko,2021,0.70917302199309,0.986238428995683,-2.1189389549702e-4,691.830636777643,872.494638705453,1406.416,0.705570075866613,330.1148056262558,NA
2307,1208.868,0.708483944915788,0.98170479924653,2417.736,2021_kk_228,Kusko,2021,0.709143336804907,0.985924692159551,-3.1373683613267e-4,691.830636777643,872.494638705453,1406.416,0.705570075866613,330.1148056262558,NA
2308,1209.392,0.708924953793544,0.993617219525328,2418.784,2021_kk_228,Kusko,2021,0.709133836021784,0.985666129854186,-2.5856230536502e-4,691.830636777643,872.494638705453,1406.416,0.705570075866613,330.1148056262558,NA
2309,1209.916,0.71051919717051,0.989110600512867,2419.832,2021_kk_228,Kusko,2021,0.709135659182741,0.985686888038895,2.07581847098126e-5,691.830636777643,872.494638705453,1406.416,0.705570075866613,330.1148056262558,NA
2310,1210.44,0.710484499874093,1.00793147266759,2420.88,2021_kk_228,Kusko,2021,0.709151750730621,0.985426684071407,-2.6020396748793e-4,691.830636777643,872.494638705453,1406.416,0.705570075866613,330.1148056262558,NA
2311,1210.964,0.7087405230138,0.986935542637884,2421.928,2021_kk_228,Kusko,2021,0.709160012541618,0.985799921470473,3.7323739906547e-4,691.830636777643,872.494638705453,1406.416,0.705570075866613,330.1148056262558,NA
2312,1211.488,0.708060802677971,1.01329012251964,2422.976,2021_kk_228,Kusko,2021,0.709158235522105,0.986129401358835,3.2947988836251e-4,691.830636777643,872.494638705453,1406.416,0.705570075866613,330.1148056262558,NA
2313,1212.012,0.709590935150035,0.995398055932144,2424.024,2021_kk_228,Kusko,2021,0.709137893420463,0.98627748641256,1.480850537241e-4,691.830636777643,872.494638705453,1406.416,0.705570075866613,330.1148056262558,NA
2314,1212.536,0.708125737286278,0.995940468565178,2425.072,2021_kk_228,Kusko,2021,0.709158708575069,0.98616896636651,-1.0852004604977e-4,691.830636777643,872.494638705453,1406.416,0.705570075866613,330.1148056262558,NA
2315,1213.06,0.710078378416237,0.993223476122576,2426.12,2021_kk_228,Kusko,2021,0.709135904963772,0.985854398361443,-3.1456800506712e-4,691.830636777643,872.494638705453,1406.416,0.705570075866613,330.1148056262558,NA
2316,1213.584,0.710063072121047,0.989782724214227,2427.168,2021_kk_228,Kusko,2021,0.709132734012272,0.985715450301121,-1.3894806032155e-4,691.830636777643,872.494638705453,1406.416,0.705570075866613,330.1148056262558,NA
2317,1214.108,0.708617688026868,0.988395515795599,2428.216,2021_kk_228,Kusko,2021,0.709124164731926,0.985741645062391,2.61947612700819e-5,691.830636777643,872.494638705453,1406.416,0.705570075866613,330.1148056262558,NA
2318,1214.632,0.709178955377268,1.00631733148249,2429.264,2021_kk_228,Kusko,2021,0.709128435926138,0.985645041377665,-9.66036847266372e-5,691.830636777643,872.494638705453,1406.416,0.705570075866613,330.1148056262558,NA
2319,1215.156,0.709048569024571,1.01602980602774,2430.312,2021_kk_228,Kusko,2021,0.709131373686455,0.984699836342503,-9.452050351616e-4,691.830636777643,872.494638705453,1406.416,0.705570075866613,330.1148056262558,NA
2320,1215.68,0.708958352627412,0.997120167615046,2431.36,2021_kk_228,Kusko,2021,0.709131166152537,0.98464004612942,-5.97902130834438e-5,691.830636777643,872.494638705453,1406.416,0.705570075866613,330.1148056262558,NA
2321,1216.204,0.709390778735952,0.988347642924116,2432.408,2021_kk_228,Kusko,2021,0.709107746280079,0.984750150447796,1.1010431837699e-4,691.830636777643,872.494638705453,1406.416,0.705570075866613,330.1148056262558,NA
2322,1216.728,0.70953205804472,0.989616971769448,2433.456,2021_kk_228,Kusko,2021,0.70908386984934,0.984602635953993,-1.4751449380368e-4,691.830636777643,872.494638705453,1406.416,0.705570075866613,330.1148056262558,NA
2323,1217.252,0.709321857314299,0.988675336923287,2434.504,2021_kk_228,Kusko,2021,0.70909893147926,0.984591273750596,-1.13622033964811e-5,691.830636777643,872.494638705453,1406.416,0.705570075866613,330.1148056262558,NA
2324,1217.776,0.708432492395553,0.985420931244802,2435.552,2021_kk_228,Kusko,2021,0.709091268440426,0.984307477920542,-2.8379583005466e-4,691.830636777643,872.494638705453,1406.416,0.705570075866613,330.1148056262558,NA
2325,1218.3,0.709077472824564,0.983840180985079,2436.6,2021_kk_228,Kusko,2021,0.709083525950055,0.983585831647439,-7.21646273103e-4,691.830636777643,872.494638705453,1406.416,0.705570075866613,330.1148056262558,NA
2326,1218.824,0.708450790624767,0.993313729416242,2437.648,2021_kk_228,Kusko,2021,0.709091497028207,0.983136802531795,-4.4902911564404e-4,691.830636777643,872.494638705453,1406.416,0.705570075866613,330.1148056262558,NA
2327,1219.348,0.709030779103152,0.977428977540128,2438.696,2021_kk_228,Kusko,2021,0.709120196810554,0.982433783151578,-7.0301938021633e-4,691.830636777643,872.494638705453,1406.416,0.705570075866613,330.1148056262558,NA
2328,1219.872,0.708200822901884,0.97721485404839,2439.744,2021_kk_228,Kusko,2021,0.709107421754511,0.981747266997916,-6.865161536621e-4,691.830636777643,872.494638705453,1406.416,0.705570075866613,330.1148056262558,NA
2329,1220.396,0.709578429682534,0.981141094629053,2440.792,2021_kk_228,Kusko,2021,0.709109183915708,0.981219049484683,-5.2821751323317e-4,691.830636777643,872.494638705453,1406.416,0.705570075866613,330.1148056262558,NA
2330,1220.92,0.709502968441134,0.999466010692076,2441.84,2021_kk_228,Kusko,2021,0.709143138067106,0.980580998567042,-6.3805091764113e-4,691.830636777643,872.494638705453,1406.416,0.705570075866613,330.1148056262558,NA
2331,1221.444,0.70916228124697,0.972244168009884,2442.888,2021_kk_228,Kusko,2021,0.709158978025932,0.980183281297112,-3.9771726993009e-4,691.830636777643,872.494638705453,1406.416,0.705570075866613,330.1148056262558,NA
2332,1221.968,0.710501502964518,0.986714211086622,2443.936,2021_kk_228,Kusko,2021,0.709144448250855,0.97988817756179,-2.9510373532126e-4,691.830636777643,872.494638705453,1406.416,0.705570075866613,330.1148056262558,NA
2333,1222.492,0.710687699741445,0.966039618491804,2444.984,2021_kk_228,Kusko,2021,0.709126970860844,0.979439675703593,-4.4850185819722e-4,691.830636777643,872.494638705453,1406.416,0.705570075866613,330.1148056262558,NA
2334,1223.016,0.709409005128845,0.976025562883498,2446.032,2021_kk_228,Kusko,2021,0.70914371601329,0.97909242996919,-3.4724573440336e-4,691.830636777643,872.494638705453,1406.416,0.705570075866613,330.1148056262558,NA
2335,1223.54,0.708054732351787,0.973977837054423,2447.08,2021_kk_228,Kusko,2021,0.709149881197496,0.979044794180398,-4.76357887917445e-5,691.830636777643,872.494638705453,1406.416,0.705570075866613,330.1148056262558,NA
2336,1224.064,0.708283937260366,0.967404987559505,2448.128,2021_kk_228,Kusko,2021,0.709132513301247,0.978444283008337,-6.005111720615e-4,691.830636777643,872.494638705453,1406.416,0.705570075866613,330.1148056262558,NA
2337,1224.588,0.708511520687013,0.96240710528354,2449.176,2021_kk_228,Kusko,2021,0.709162431376948,0.977858056143543,-5.8622686479392e-4,691.830636777643,872.494638705453,1406.416,0.705570075866613,330.1148056262558,NA
2338,1225.112,0.708678049432831,0.97122671869623,2450.224,2021_kk_228,Kusko,2021,0.709188796767184,0.977205269081519,-6.5278706202331e-4,691.830636777643,872.494638705453,1406.416,0.705570075866613,330.1148056262558,NA
2339,1225.636,0.708714440014588,0.980820589673342,2451.272,2021_kk_228,Kusko,2021,0.709178912239217,0.976434917095383,-7.7035198613606e-4,691.830636777643,872.494638705453,1406.416,0.705570075866613,330.1148056262558,NA
2340,1226.16,0.709708368622894,0.977298591733758,2452.32,2021_kk_228,Kusko,2021,0.709151937482607,0.975032585707676,-0.00140233138770718,691.830636777643,872.494638705453,1406.416,0.705570075866613,330.1148056262558,NA
2341,1226.684,0.70852992099595,0.990587613344026,2453.368,2021_kk_228,Kusko,2021,0.709151568378383,0.974548899764347,-4.8368594332881e-4,691.830636777643,872.494638705453,1406.416,0.705570075866613,330.1148056262558,NA
2342,1227.208,0.709651846771049,0.989480692355982,2454.416,2021_kk_228,Kusko,2021,0.709178591190298,0.97313652230807,-0.00141237745627787,691.830636777643,872.494638705453,1406.416,0.705570075866613,330.1148056262558,NA
2343,1227.732,0.707998311757794,0.998629848267918,2455.464,2021_kk_228,Kusko,2021,0.709149729315275,0.972072644824935,-0.00106387748313463,691.830636777643,872.494638705453,1406.416,0.705570075866613,330.1148056262558,NA
2344,1228.256,0.708978656517393,0.981851333778423,2456.512,2021_kk_228,Kusko,2021,0.709148706460895,0.971101472954322,-9.7117187061268e-4,691.830636777643,872.494638705453,1406.416,0.705570075866613,330.1148056262558,NA
2345,1228.78,0.707729377090422,0.975897961019926,2457.56,2021_kk_228,Kusko,2021,0.709130072933695,0.969648768008,-0.0014527049463221,691.830636777643,872.494638705453,1406.416,0.705570075866613,330.1148056262558,NA
2346,1229.304,0.708437953875897,1.00387725679188,2458.608,2021_kk_228,Kusko,2021,0.709110226141186,0.968343115158766,-0.00130565284923445,691.830636777643,872.494638705453,1406.416,0.705570075866613,330.1148056262558,NA
2347,1229.828,0.708329930489032,0.986286184005695,2459.656,2021_kk_228,Kusko,2021,0.709094409300089,0.966856591863023,-0.00148652329574273,691.830636777643,872.494638705453,1406.416,0.705570075866613,330.1148056262558,NA
2348,1230.352,0.709403603794161,0.989774205437705,2460.704,2021_kk_228,Kusko,2021,0.70908154439177,0.965116893828738,-0.00173969803428509,691.830636777643,872.494638705453,1406.416,0.705570075866613,330.1148056262558,NA
2349,1230.876,0.709198086505187,0.994593141877694,2461.752,2021_kk_228,Kusko,2021,0.709076021775228,0.962988959280305,-0.00212793454843296,691.830636777643,872.494638705453,1406.416,0.705570075866613,330.1148056262558,NA
2350,1231.4,0.709534690137349,0.981313049633414,2462.8,2021_kk_228,Kusko,2021,0.709072265697275,0.961069680393356,-0.00191927888694909,691.830636777643,872.494638705453,1406.416,0.705570075866613,330.1148056262558,NA
2351,1231.924,0.707008733490962,0.989782014314322,2463.848,2021_kk_228,Kusko,2021,0.709056016748639,0.959465908005329,-0.00160377238802645,691.830636777643,872.494638705453,1406.416,0.705570075866613,330.1148056262558,NA
2352,1232.448,0.708407329874181,0.981814521811981,2464.896,2021_kk_228,Kusko,2021,0.709053059032099,0.95801530941445,-0.00145059859087882,691.830636777643,872.494638705453,1406.416,0.705570075866613,330.1148056262558,NA
2353,1232.972,0.710117342295313,0.968888848674367,2465.944,2021_kk_228,Kusko,2021,0.709045704140008,0.956501482591294,-0.00151382682315637,691.830636777643,872.494638705453,1406.416,0.705570075866613,330.1148056262558,NA
2354,1233.496,0.708604754193601,0.968973387541338,2466.992,2021_kk_228,Kusko,2021,0.709058508088198,0.955005474552293,-0.00149600803900107,691.830636777643,872.494638705453,1406.416,0.705570075866613,330.1148056262558,NA
2355,1234.02,0.709550153542168,0.958975424423484,2468.04,2021_kk_228,Kusko,2021,0.709053060215871,0.953383251654418,-0.0016222228978755,691.830636777643,872.494638705453,1406.416,0.705570075866613,330.1148056262558,NA
2356,1234.544,0.70967509326662,0.95060066497437,2469.088,2021_kk_228,Kusko,2021,0.709074643042142,0.951976443693296,-0.00140680796112114,691.830636777643,872.494638705453,1406.416,0.705570075866613,330.1148056262558,NA
2357,1235.068,0.710462637238866,0.942728155618311,2470.136,2021_kk_228,Kusko,2021,0.709060639938667,0.950952483805419,-0.00102395988787762,691.830636777643,872.494638705453,1406.416,0.705570075866613,330.1148056262558,NA
2358,1235.592,0.70861327682782,0.928631597380946,2471.184,2021_kk_228,Kusko,2021,0.70907338804512,0.949664321582299,-0.00128816222311989,691.830636777643,872.494638705453,1406.416,0.705570075866613,330.1148056262558,NA
2359,1236.116,0.709845983534418,0.950146602165516,2472.232,2021_kk_228,Kusko,2021,0.709084298803834,0.948298929058113,-0.00136539252418566,691.830636777643,872.494638705453,1406.416,0.705570075866613,330.1148056262558,NA
2360,1236.64,0.709718943810423,0.935588181350823,2473.28,2021_kk_228,Kusko,2021,0.709047903913041,0.94677950000083,-0.00151942905728353,691.830636777643,872.494638705453,1406.416,0.705570075866613,330.1148056262558,NA
2361,1237.164,0.710558691824189,0.951983321648875,2474.328,2021_kk_228,Kusko,2021,0.709055563840152,0.946129360280414,-6.5013972041594e-4,691.830636777643,872.494638705453,1406.416,0.705570075866613,330.1148056262558,NA
2362,1237.688,0.709251641874356,0.94836261140179,2475.376,2021_kk_228,Kusko,2021,0.70900585751645,0.945220402439638,-9.0895784077593e-4,691.830636777643,872.494638705453,1406.416,0.705570075866613,330.1148056262558,NA
2363,1238.212,0.708234486479306,0.934997108832435,2476.424,2021_kk_228,Kusko,2021,0.708972181946843,0.944595962097393,-6.2444034224451e-4,691.830636777643,872.494638705453,1406.416,0.705570075866613,330.1148056262558,NA
2364,1238.736,0.710245580380087,0.94272780644768,2477.472,2021_kk_228,Kusko,2021,0.708977652780257,0.943617896654552,-9.780654428414e-4,691.830636777643,872.494638705453,1406.416,0.705570075866613,330.1148056262558,NA
2365,1239.26,0.709660843509687,0.963803954016251,2478.52,2021_kk_228,Kusko,2021,0.709006548964607,0.942765009029721,-8.528876248306e-4,691.830636777643,872.494638705453,1406.416,0.705570075866613,330.1148056262558,NA
2366,1239.784,0.709097331003323,0.942939069874936,2479.568,2021_kk_228,Kusko,2021,0.709034263433538,0.941947166638631,-8.1784239109039e-4,691.830636777643,872.494638705453,1406.416,0.705570075866613,330.1148056262558,NA
2367,1240.308,0.710279029457872,0.946531187358892,2480.616,2021_kk_228,Kusko,2021,0.709047217237905,0.941277984920485,-6.6918171814545e-4,691.830636777643,872.494638705453,1406.416,0.705570075866613,330.1148056262558,NA
2368,1240.832,0.710506877207706,0.954449995803928,2481.664,2021_kk_228,Kusko,2021,0.709051090750473,0.940274655196746,-0.00100332972373984,691.830636777643,872.494638705453,1406.416,0.705570075866613,330.1148056262558,NA
2369,1241.356,0.709926125492501,0.942889481344701,2482.712,2021_kk_228,Kusko,2021,0.709068849227487,0.939003708521068,-0.00127094667567762,691.830636777643,872.494638705453,1406.416,0.705570075866613,330.1148056262558,NA
2370,1241.88,0.708866014477501,0.92379158940516,2483.76,2021_kk_228,Kusko,2021,0.709055697741111,0.937845291554531,-0.00115841696653707,691.830636777643,872.494638705453,1406.416,0.705570075866613,330.1148056262558,NA
2371,1242.404,0.708718376760332,0.957914386038162,2484.808,2021_kk_228,Kusko,2021,0.709072404916315,0.936987731883324,-8.575596712067e-4,691.830636777643,872.494638705453,1406.416,0.705570075866613,330.1148056262558,NA
2372,1242.928,0.709682171392863,0.928547475142968,2485.856,2021_kk_228,Kusko,2021,0.709053370677276,0.936634188777127,-3.5354310619761e-4,691.830636777643,872.494638705453,1406.416,0.705570075866613,330.1148056262558,NA
2373,1243.452,0.707859222648659,0.93156540694406,2486.904,2021_kk_228,Kusko,2021,0.709071658742608,0.935351961930867,-0.00128222684625978,691.830636777643,872.494638705453,1406.416,0.705570075866613,330.1148056262558,NA
2374,1243.976,0.708064366023492,0.937670156328418,2487.952,2021_kk_228,Kusko,2021,0.709079380437544,0.934817360770624,-5.3460116024273e-4,691.830636777643,872.494638705453,1406.416,0.705570075866613,330.1148056262558,NA
2375,1244.5,0.708960366784239,0.906061179343252,2489,2021_kk_228,Kusko,2021,0.709125272073771,0.934053226274507,-7.64134496117e-4,691.830636777643,872.494638705453,1406.416,0.705570075866613,330.1148056262558,NA
2376,1245.024,0.708872264570511,0.911443553260163,2490.048,2021_kk_228,Kusko,2021,0.709139107008644,0.933010942825938,-0.00104228344856905,691.830636777643,872.494638705453,1406.416,0.705570075866613,330.1148056262558,NA
2377,1245.548,0.707668677561041,0.899204118051034,2491.096,2021_kk_228,Kusko,2021,0.709162495769135,0.932412858061201,-5.9808476473666e-4,691.830636777643,872.494638705453,1406.416,0.705570075866613,330.1148056262558,NA
2378,1246.072,0.708407060878129,0.901935449425389,2492.144,2021_kk_228,Kusko,2021,0.709158696439284,0.931509008665507,-9.038493956941e-4,691.830636777643,872.494638705453,1406.416,0.705570075866613,330.1148056262558,NA
2379,1246.596,0.708717212032062,0.888353733121758,2493.192,2021_kk_228,Kusko,2021,0.709149448827949,0.930678077345504,-8.3093132000311e-4,691.830636777643,872.494638705453,1406.416,0.705570075866613,330.1148056262558,NA
2380,1247.12,0.708732987950218,0.881963434398095,2494.24,2021_kk_228,Kusko,2021,0.709137830453567,0.929972681550481,-7.0539579502326e-4,691.830636777643,872.494638705453,1406.416,0.705570075866613,330.1148056262558,NA
2381,1247.644,0.708415841817754,0.892121299642528,2495.288,2021_kk_228,Kusko,2021,0.709178402040678,0.9291746467046,-7.9803484588092e-4,691.830636777643,872.494638705453,1406.416,0.705570075866613,330.1148056262558,NA
2382,1248.168,0.709354595052365,0.902581056316717,2496.336,2021_kk_228,Kusko,2021,0.709193891884544,0.928551092810046,-6.2355389455404e-4,691.830636777643,872.494638705453,1406.416,0.705570075866613,330.1148056262558,NA
2383,1248.692,0.70888056378882,0.897845727533904,2497.384,2021_kk_228,Kusko,2021,0.709179339499285,0.927937577129454,-6.135156805922e-4,691.830636777643,872.494638705453,1406.416,0.705570075866613,330.1148056262558,NA
2384,1249.216,0.709200729286956,0.895660448904739,2498.432,2021_kk_228,Kusko,2021,0.709188881354051,0.927841661677,-9.59154524532435e-5,691.830636777643,872.494638705453,1406.416,0.705570075866613,330.1148056262558,NA
2385,1249.74,0.708750600484936,0.886506807112547,2499.48,2021_kk_228,Kusko,2021,0.709148891769865,0.927222093679196,-6.1956799780438e-4,691.830636777643,872.494638705453,1406.416,0.705570075866613,330.1148056262558,NA
2386,1250.264,0.709745760201011,0.908905251748973,2500.528,2021_kk_228,Kusko,2021,0.709107559536735,0.926397204784773,-8.2488889442278e-4,691.830636777643,872.494638705453,1406.416,0.705570075866613,330.1148056262558,NA
2387,1250.788,0.708190592894636,0.915991384267474,2501.576,2021_kk_228,Kusko,2021,0.709099270872784,0.925465052938175,-9.3215184659811e-4,691.830636777643,872.494638705453,1406.416,0.705570075866613,330.1148056262558,NA
2388,1251.312,0.708965709289103,0.899925120661191,2502.624,2021_kk_228,Kusko,2021,0.709108821465554,0.924946785567982,-5.1826737019278e-4,691.830636777643,872.494638705453,1406.416,0.705570075866613,330.1148056262558,NA
2389,1251.836,0.710233075205343,0.899217543177914,2503.672,2021_kk_228,Kusko,2021,0.709112508851912,0.924114227065976,-8.3255850200614e-4,691.830636777643,872.494638705453,1406.416,0.705570075866613,330.1148056262558,NA
2390,1252.36,0.707319274993597,0.908300267255065,2504.72,2021_kk_228,Kusko,2021,0.70910235513127,0.923184176968721,-9.3005009725499e-4,691.830636777643,872.494638705453,1406.416,0.705570075866613,330.1148056262558,NA
2391,1252.884,0.709621876873605,0.933235784784924,2505.768,2021_kk_228,Kusko,2021,0.709053883733549,0.922079779367757,-0.00110439760096426,691.830636777643,872.494638705453,1406.416,0.705570075866613,330.1148056262558,NA
2392,1253.408,0.707519123542412,0.93217674064007,2506.816,2021_kk_228,Kusko,2021,0.7090484416556,0.921237109105764,-8.4267026199291e-4,691.830636777643,872.494638705453,1406.416,0.705570075866613,330.1148056262558,NA
2393,1253.932,0.708667165565002,0.928573197957134,2507.864,2021_kk_228,Kusko,2021,0.709062854681264,0.920379820482033,-8.5728862373146e-4,691.830636777643,872.494638705453,1406.416,0.705570075866613,330.1148056262558,NA
2394,1254.456,0.709737255133683,0.917341636313018,2508.912,2021_kk_228,Kusko,2021,0.709044437931888,0.919342186380265,-0.00103763410176749,691.830636777643,872.494638705453,1406.416,0.705570075866613,330.1148056262558,NA
2395,1254.98,0.709788503412785,0.922804579564586,2509.96,2021_kk_228,Kusko,2021,0.709036266593241,0.918007493821881,-0.00133469255838436,691.830636777643,872.494638705453,1406.416,0.705570075866613,330.1148056262558,NA
2396,1255.504,0.709946805396267,0.918334444094078,2511.008,2021_kk_228,Kusko,2021,0.709048026116551,0.916813947788901,-0.00119354603297983,691.830636777643,872.494638705453,1406.416,0.705570075866613,330.1148056262558,NA
2397,1256.028,0.709288748948991,0.92225620219481,2512.056,2021_kk_228,Kusko,2021,0.709032576069911,0.915700437395412,-0.0011135103934885,691.830636777643,872.494638705453,1406.416,0.705570075866613,330.1148056262558,NA
2398,1256.552,0.7089104601869,0.911026935271843,2513.104,2021_kk_228,Kusko,2021,0.709005850337576,0.914194936017282,-0.00150550137813055,691.830636777643,872.494638705453,1406.416,0.705570075866613,330.1148056262558,NA
2399,1257.076,0.709779948635446,0.904563789132686,2514.152,2021_kk_228,Kusko,2021,0.708995535192759,0.912947139803182,-0.00124779621409998,691.830636777643,872.494638705453,1406.416,0.705570075866613,330.1148056262558,NA
2400,1257.6,0.708919279440355,0.907793573741529,2515.2,2021_kk_228,Kusko,2021,0.709021577370758,0.911403785811289,-0.00154335399189265,691.830636777643,872.494638705453,1406.416,0.705570075866613,330.1148056262558,NA
2401,1258.124,0.70953235150817,0.939134033071622,2516.248,2021_kk_228,Kusko,2021,0.709018350719256,0.906161793910735,-0.00524199190055463,691.830636777643,872.494638705453,1406.416,0.705570075866613,330.1148056262558,NA
2402,1258.648,0.708509792428727,0.968268105984121,2517.296,2021_kk_228,Kusko,2021,0.708995233190311,0.897260380406561,-0.00890141350417328,691.830636777643,872.494638705453,1406.416,0.705570075866613,330.1148056262558,NA
2403,1259.172,0.709095595677725,0.921696237492332,2518.344,2021_kk_228,Kusko,2021,0.709014451075851,0.885614835827373,-0.0116455445791886,691.830636777643,872.494638705453,1406.416,0.705570075866613,330.1148056262558,NA
2404,1259.696,0.709441958213537,0.949775264163852,2519.392,2021_kk_228,Kusko,2021,NA,NA,NA,691.830636777643,872.494638705453,1406.416,0.705570075866613,330.1148056262558,NA
2405,1260.22,0.710482875264057,0.930049891252906,2520.44,2021_kk_228,Kusko,2021,NA,NA,NA,691.830636777643,872.494638705453,1406.416,0.705570075866613,330.1148056262558,NA
2406,1260.744,0.709268049968258,0.94134024987774,2521.488,2021_kk_228,Kusko,2021,NA,NA,NA,691.830636777643,872.494638705453,1406.416,0.705570075866613,330.1148056262558,NA
2407,1261.268,0.709733256118494,0.950401098121492,2522.536,2021_kk_228,Kusko,2021,NA,NA,NA,691.830636777643,872.494638705453,1406.416,0.705570075866613,330.1148056262558,NA
2408,1261.792,0.709175644003105,0.93554324169606,2523.584,2021_kk_228,Kusko,2021,NA,NA,NA,691.830636777643,872.494638705453,1406.416,0.705570075866613,330.1148056262558,NA
2409,1262.316,0.708643229825043,0.944737262677509,2524.632,2021_kk_228,Kusko,2021,NA,NA,NA,691.830636777643,872.494638705453,1406.416,0.705570075866613,330.1148056262558,NA
2410,1262.84,0.708837587674448,0.938989301932022,2525.68,2021_kk_228,Kusko,2021,NA,NA,NA,691.830636777643,872.494638705453,1406.416,0.705570075866613,330.1148056262558,NA
2411,1263.364,0.709443028717644,0.941899923561465,2526.728,2021_kk_228,Kusko,2021,NA,NA,NA,691.830636777643,872.494638705453,1406.416,0.705570075866613,330.1148056262558,NA
2412,1263.888,0.709336720506098,0.94440128813874,2527.776,2021_kk_228,Kusko,2021,NA,NA,NA,691.830636777643,872.494638705453,1406.416,0.705570075866613,330.1148056262558,NA
2413,1264.412,0.709244199179787,0.932077907838835,2528.824,2021_kk_228,Kusko,2021,NA,NA,NA,691.830636777643,872.494638705453,1406.416,0.705570075866613,330.1148056262558,NA
2414,1264.936,0.70917726547958,0.963218460394145,2529.872,2021_kk_228,Kusko,2021,NA,NA,NA,691.830636777643,872.494638705453,1406.416,0.705570075866613,330.1148056262558,NA
2415,1265.46,0.707150778491024,0.921801344555216,2530.92,2021_kk_228,Kusko,2021,NA,NA,NA,691.830636777643,872.494638705453,1406.416,0.705570075866613,330.1148056262558,NA
2416,1265.984,0.70719515927877,0.901107331309004,2531.968,2021_kk_228,Kusko,2021,NA,NA,NA,691.830636777643,872.494638705453,1406.416,0.705570075866613,330.1148056262558,NA
2417,1266.508,0.709965317401849,0.886799044822425,2533.016,2021_kk_228,Kusko,2021,NA,NA,NA,691.830636777643,872.494638705453,1406.416,0.705570075866613,330.1148056262558,NA
2418,1267.032,0.709186312394004,0.897535555169378,2534.064,2021_kk_228,Kusko,2021,NA,NA,NA,691.830636777643,872.494638705453,1406.416,0.705570075866613,330.1148056262558,NA
2419,1267.556,0.71006722671592,0.900193092045151,2535.112,2021_kk_228,Kusko,2021,NA,NA,NA,691.830636777643,872.494638705453,1406.416,0.705570075866613,330.1148056262558,NA
2420,1268.08,0.709109720571869,0.879785175515521,2536.16,2021_kk_228,Kusko,2021,NA,NA,NA,691.830636777643,872.494638705453,1406.416,0.705570075866613,330.1148056262558,NA
2421,1268.604,0.707650407960936,0.885719465591025,2537.208,2021_kk_228,Kusko,2021,NA,NA,NA,691.830636777643,872.494638705453,1406.416,0.705570075866613,330.1148056262558,NA
2422,1269.128,0.708925117197451,0.897802395682212,2538.256,2021_kk_228,Kusko,2021,NA,NA,NA,691.830636777643,872.494638705453,1406.416,0.705570075866613,330.1148056262558,NA
2423,1269.652,0.709099268019109,0.883559791408549,2539.304,2021_kk_228,Kusko,2021,NA,NA,NA,691.830636777643,872.494638705453,1406.416,0.705570075866613,330.1148056262558,NA
2424,1270.176,0.709140575417538,0.880469760341634,2540.352,2021_kk_228,Kusko,2021,NA,NA,NA,691.830636777643,872.494638705453,1406.416,0.705570075866613,330.1148056262558,NA
2425,1270.7,0.709170563190891,0.88372240051319,2541.4,2021_kk_228,Kusko,2021,NA,NA,NA,691.830636777643,872.494638705453,1406.416,0.705570075866613,330.1148056262558,NA
2426,1271.224,0.709802902401901,0.871326307896142,2542.448,2021_kk_228,Kusko,2021,NA,NA,NA,691.830636777643,872.494638705453,1406.416,0.705570075866613,330.1148056262558,NA
2427,1271.748,0.70935202665948,0.879720563749584,2543.496,2021_kk_228,Kusko,2021,NA,NA,NA,691.830636777643,872.494638705453,1406.416,0.705570075866613,330.1148056262558,NA
2428,1272.272,0.708903333267571,0.864119913116093,2544.544,2021_kk_228,Kusko,2021,NA,NA,NA,691.830636777643,872.494638705453,1406.416,0.705570075866613,330.1148056262558,NA
2429,1272.796,0.709307216803497,0.868021708498706,2545.592,2021_kk_228,Kusko,2021,NA,NA,NA,691.830636777643,872.494638705453,1406.416,0.705570075866613,330.1148056262558,NA
2430,1273.32,0.710428545157472,0.831190349891599,2546.64,2021_kk_228,Kusko,2021,NA,NA,NA,691.830636777643,872.494638705453,1406.416,0.705570075866613,330.1148056262558,NA
2431,1273.844,0.708524777670178,0.643394872004883,2547.688,2021_kk_228,Kusko,2021,NA,NA,NA,691.830636777643,872.494638705453,1406.416,0.705570075866613,330.1148056262558,NA
2432,1274.368,0.70829511965618,0.394462664892576,2548.736,2021_kk_228,Kusko,2021,NA,NA,NA,691.830636777643,872.494638705453,1406.416,0.705570075866613,330.1148056262558,NA
2433,1274.892,0.709012295781085,0.232832732192744,2549.784,2021_kk_228,Kusko,2021,NA,NA,NA,691.830636777643,872.494638705453,1406.416,0.705570075866613,330.1148056262558,NA
