Cycle,Time,Iso,Sr88,Microns,Fish_id,Watershed,Year,Iso_MA,Sr88_MA,Sr88_MA_Gradient,natal_microns_start,natal_microns_end,marine_start,natal_origin_iso,Core
26,13.624,0.708808467069248,0.338588418627694,27.248,2014_nk_186,Nush,2014,NA,NA,NA,355.592789721178,490.803169549272,928.528,0.705953654550315,70.70724220882285
27,14.148,0.707717405668593,0.782297271111211,28.296,2014_nk_186,Nush,2014,NA,NA,NA,355.592789721178,490.803169549272,928.528,0.705953654550315,70.70724220882285
28,14.672,0.70662832533366,0.958223067749828,29.344,2014_nk_186,Nush,2014,NA,NA,NA,355.592789721178,490.803169549272,928.528,0.705953654550315,70.70724220882285
29,15.196,0.708692649850981,1.03524596646795,30.392,2014_nk_186,Nush,2014,NA,NA,NA,355.592789721178,490.803169549272,928.528,0.705953654550315,70.70724220882285
30,15.72,0.707646394782285,1.05197916632989,31.44,2014_nk_186,Nush,2014,NA,NA,NA,355.592789721178,490.803169549272,928.528,0.705953654550315,70.70724220882285
31,16.244,0.707497447374696,1.01114342717983,32.488,2014_nk_186,Nush,2014,NA,NA,NA,355.592789721178,490.803169549272,928.528,0.705953654550315,70.70724220882285
32,16.768,0.708908087808294,1.0005140838408,33.536,2014_nk_186,Nush,2014,NA,NA,NA,355.592789721178,490.803169549272,928.528,0.705953654550315,70.70724220882285
33,17.292,0.708040930662096,0.986819246763195,34.584,2014_nk_186,Nush,2014,NA,NA,NA,355.592789721178,490.803169549272,928.528,0.705953654550315,70.70724220882285
34,17.816,0.709429700702335,0.976961560372195,35.632,2014_nk_186,Nush,2014,NA,NA,NA,355.592789721178,490.803169549272,928.528,0.705953654550315,70.70724220882285
35,18.34,0.70841532140828,0.983972024480301,36.68,2014_nk_186,Nush,2014,NA,NA,NA,355.592789721178,490.803169549272,928.528,0.705953654550315,70.70724220882285
36,18.864,0.707651198882175,1.02138937731778,37.728,2014_nk_186,Nush,2014,NA,NA,NA,355.592789721178,490.803169549272,928.528,0.705953654550315,70.70724220882285
37,19.388,0.708670764387704,1.01530880635167,38.776,2014_nk_186,Nush,2014,NA,NA,NA,355.592789721178,490.803169549272,928.528,0.705953654550315,70.70724220882285
38,19.912,0.70727753451279,0.980746713456652,39.824,2014_nk_186,Nush,2014,NA,NA,NA,355.592789721178,490.803169549272,928.528,0.705953654550315,70.70724220882285
39,20.436,0.707531039020513,0.943395461266979,40.872,2014_nk_186,Nush,2014,NA,NA,NA,355.592789721178,490.803169549272,928.528,0.705953654550315,70.70724220882285
40,20.96,0.708789643042598,0.916588263810221,41.92,2014_nk_186,Nush,2014,NA,NA,NA,355.592789721178,490.803169549272,928.528,0.705953654550315,70.70724220882285
41,21.484,0.707741479823609,0.935161507991801,42.968,2014_nk_186,Nush,2014,NA,NA,NA,355.592789721178,490.803169549272,928.528,0.705953654550315,70.70724220882285
42,22.008,0.708004178466667,0.944403999864119,44.016,2014_nk_186,Nush,2014,NA,NA,NA,355.592789721178,490.803169549272,928.528,0.705953654550315,70.70724220882285
43,22.532,0.708853801516284,0.942227025240462,45.064,2014_nk_186,Nush,2014,NA,NA,NA,355.592789721178,490.803169549272,928.528,0.705953654550315,70.70724220882285
44,23.056,0.705878694610173,0.941898744949894,46.112,2014_nk_186,Nush,2014,NA,NA,NA,355.592789721178,490.803169549272,928.528,0.705953654550315,70.70724220882285
45,23.58,0.707497581711799,0.927882088704839,47.16,2014_nk_186,Nush,2014,NA,NA,NA,355.592789721178,490.803169549272,928.528,0.705953654550315,70.70724220882285
46,24.104,0.707129382497121,0.924020452757985,48.208,2014_nk_186,Nush,2014,NA,NA,NA,355.592789721178,490.803169549272,928.528,0.705953654550315,70.70724220882285
47,24.628,0.707379288008093,0.939458310782157,49.256,2014_nk_186,Nush,2014,NA,NA,NA,355.592789721178,490.803169549272,928.528,0.705953654550315,70.70724220882285
48,25.152,0.706993868897943,0.959637707744733,50.304,2014_nk_186,Nush,2014,NA,NA,NA,355.592789721178,490.803169549272,928.528,0.705953654550315,70.70724220882285
49,25.676,0.70763408949299,0.977460764119846,51.352,2014_nk_186,Nush,2014,NA,NA,NA,355.592789721178,490.803169549272,928.528,0.705953654550315,70.70724220882285
50,26.2,0.707581352176716,0.984419156669417,52.4,2014_nk_186,Nush,2014,NA,NA,NA,355.592789721178,490.803169549272,928.528,0.705953654550315,70.70724220882285
51,26.724,0.708067149232468,0.995643468702368,53.448,2014_nk_186,Nush,2014,NA,NA,NA,355.592789721178,490.803169549272,928.528,0.705953654550315,70.70724220882285
52,27.248,0.708425051845568,1.00358025940371,54.496,2014_nk_186,Nush,2014,NA,NA,NA,355.592789721178,490.803169549272,928.528,0.705953654550315,70.70724220882285
53,27.772,0.70763514816027,0.995444302891596,55.544,2014_nk_186,Nush,2014,NA,NA,NA,355.592789721178,490.803169549272,928.528,0.705953654550315,70.70724220882285
54,28.296,0.706704069342276,1.000804062819,56.592,2014_nk_186,Nush,2014,NA,NA,NA,355.592789721178,490.803169549272,928.528,0.705953654550315,70.70724220882285
55,28.82,0.707971384216764,1.00291594064797,57.64,2014_nk_186,Nush,2014,0.707795351625007,0.978296153016354,NA,355.592789721178,490.803169549272,928.528,0.705953654550315,70.70724220882285
56,29.344,0.70681407155029,1.00198646097679,58.688,2014_nk_186,Nush,2014,0.707785718727833,0.989395971536372,0.011099818520018,355.592789721178,490.803169549272,928.528,0.705953654550315,70.70724220882285
57,29.868,0.707222387907199,1.00172283341443,59.736,2014_nk_186,Nush,2014,0.707767623289012,0.992967526704971,0.00357155516859908,355.592789721178,490.803169549272,928.528,0.705953654550315,70.70724220882285
58,30.392,0.706910427415039,1.01619289624556,60.784,2014_nk_186,Nush,2014,0.707788404209112,0.993491624216262,5.2409751129112e-4,355.592789721178,490.803169549272,928.528,0.705953654550315,70.70724220882285
59,30.916,0.707095092046444,1.0159620923146,61.832,2014_nk_186,Nush,2014,0.7077766576085,0.992645160383945,-8.4646383231734e-4,355.592789721178,490.803169549272,928.528,0.705953654550315,70.70724220882285
60,31.44,0.70806898904931,1.01669291408405,62.88,2014_nk_186,Nush,2014,0.70777430900716,0.991367428247166,-0.00127773213677873,355.592789721178,490.803169549272,928.528,0.705953654550315,70.70724220882285
61,31.964,0.707467280765087,1.02600063892995,63.928,2014_nk_186,Nush,2014,0.707760122300306,0.99105782436255,-3.096038846162e-4,355.592789721178,490.803169549272,928.528,0.705953654550315,70.70724220882285
62,32.488,0.707736019356811,1.04198013282587,64.976,2014_nk_186,Nush,2014,0.707747207315785,0.990882055713909,-1.757686486411e-4,355.592789721178,490.803169549272,928.528,0.705953654550315,70.70724220882285
63,33.012,0.707464299663515,1.0324336395275,66.024,2014_nk_186,Nush,2014,0.707730964102585,0.991207517043763,3.25461329854e-4,355.592789721178,490.803169549272,928.528,0.705953654550315,70.70724220882285
64,33.536,0.707582213417415,1.02227980841232,67.072,2014_nk_186,Nush,2014,0.707703906382838,0.991439444029254,2.3192698549157e-4,355.592789721178,490.803169549272,928.528,0.705953654550315,70.70724220882285
65,34.06,0.707408983287655,1.0051083789261,68.12,2014_nk_186,Nush,2014,0.707715201661382,0.991469014868747,2.95708394926208e-5,355.592789721178,490.803169549272,928.528,0.705953654550315,70.70724220882285
66,34.584,0.707882726602069,0.996343249322338,69.168,2014_nk_186,Nush,2014,0.707695569324683,0.990952953527038,-5.1606134170856e-4,355.592789721178,490.803169549272,928.528,0.705953654550315,70.70724220882285
67,35.108,0.708020375344399,1.00032770564533,70.216,2014_nk_186,Nush,2014,0.707660061248751,0.990576349388787,-3.7660413825157e-4,355.592789721178,490.803169549272,928.528,0.705953654550315,70.70724220882285
68,35.632,0.708329864359984,0.998310393577298,71.264,2014_nk_186,Nush,2014,0.707684585134263,0.990717658303254,1.4130891446706e-4,355.592789721178,490.803169549272,928.528,0.705953654550315,70.70724220882285
69,36.156,0.706969289741535,0.991922290307652,72.312,2014_nk_186,Nush,2014,0.707692918809009,0.991087393486081,3.6973518282745e-4,355.592789721178,490.803169549272,928.528,0.705953654550315,70.70724220882285
70,36.68,0.709240036964524,1.01122888724134,73.36,2014_nk_186,Nush,2014,0.707689295198993,0.992177326325528,0.00108993283944647,355.592789721178,490.803169549272,928.528,0.705953654550315,70.70724220882285
71,37.204,0.706816399003345,1.01177537460029,74.408,2014_nk_186,Nush,2014,0.707664040411475,0.992881482974029,7.0415664850076e-4,355.592789721178,490.803169549272,928.528,0.705953654550315,70.70724220882285
72,37.728,0.706239654817129,1.02040090558981,75.456,2014_nk_186,Nush,2014,0.707676313180755,0.993343012834056,4.6152986002756e-4,355.592789721178,490.803169549272,928.528,0.705953654550315,70.70724220882285
73,38.252,0.707290278082707,1.0048809000511,76.504,2014_nk_186,Nush,2014,0.707648794769099,0.993819303864971,4.7629103091451e-4,355.592789721178,490.803169549272,928.528,0.705953654550315,70.70724220882285
74,38.776,0.708086227598448,1.00280685368876,77.552,2014_nk_186,Nush,2014,0.7076577676327,0.994023092333456,2.0378846848556e-4,355.592789721178,490.803169549272,928.528,0.705953654550315,70.70724220882285
75,39.3,0.707147960215199,0.994503603821119,78.6,2014_nk_186,Nush,2014,0.707659969812693,0.9946353026251,6.1221029164315e-4,355.592789721178,490.803169549272,928.528,0.705953654550315,70.70724220882285
76,39.824,0.706819052429708,1.00975064987593,79.648,2014_nk_186,Nush,2014,0.707661040434558,0.99513682879555,5.0152617045051e-4,355.592789721178,490.803169549272,928.528,0.705953654550315,70.70724220882285
77,40.348,0.709102838100229,1.00186924784978,80.696,2014_nk_186,Nush,2014,0.707681867087035,0.995521461070025,3.8463227447549e-4,355.592789721178,490.803169549272,928.528,0.705953654550315,70.70724220882285
78,40.872,0.709697561629063,0.989361420772578,81.744,2014_nk_186,Nush,2014,0.707672652208654,0.995471247894528,-5.02131754978041e-5,355.592789721178,490.803169549272,928.528,0.705953654550315,70.70724220882285
79,41.396,0.708652918025196,0.995832345123226,82.792,2014_nk_186,Nush,2014,0.707677377067577,0.995193454102871,-2.7779379165648e-4,355.592789721178,490.803169549272,928.528,0.705953654550315,70.70724220882285
80,41.92,0.708723455560575,0.997424563223398,83.84,2014_nk_186,Nush,2014,0.707678651823481,0.994964528078144,-2.2892602472679e-4,355.592789721178,490.803169549272,928.528,0.705953654550315,70.70724220882285
81,42.444,0.707748285647248,0.998811173487847,84.888,2014_nk_186,Nush,2014,0.707656295145286,0.994405628765855,-5.5889931228925e-4,355.592789721178,490.803169549272,928.528,0.705953654550315,70.70724220882285
82,42.968,0.707060072500062,1.01362057849133,85.936,2014_nk_186,Nush,2014,0.707665048759997,0.993676952104088,-7.2867666176668e-4,355.592789721178,490.803169549272,928.528,0.705953654550315,70.70724220882285
83,43.492,0.708695728332434,1.00542754940509,86.984,2014_nk_186,Nush,2014,0.707653472212426,0.993226437892596,-4.5051421149222e-4,355.592789721178,490.803169549272,928.528,0.705953654550315,70.70724220882285
84,44.016,0.708129429624055,1.00071898046634,88.032,2014_nk_186,Nush,2014,0.707655017223193,0.992400283989995,-8.2615390260143e-4,355.592789721178,490.803169549272,928.528,0.705953654550315,70.70724220882285
85,44.54,0.708097747958766,0.993962064367421,89.08,2014_nk_186,Nush,2014,0.707654977741875,0.991501373672743,-8.9891031725164e-4,355.592789721178,490.803169549272,928.528,0.705953654550315,70.70724220882285
86,45.064,0.7082304932388,1.00457752982877,90.128,2014_nk_186,Nush,2014,0.707687957753987,0.990839853437961,-6.6152023478216e-4,355.592789721178,490.803169549272,928.528,0.705953654550315,70.70724220882285
87,45.588,0.706631679339297,0.99659058122715,91.176,2014_nk_186,Nush,2014,0.707702137447397,0.990564218987809,-2.7563445015244e-4,355.592789721178,490.803169549272,928.528,0.705953654550315,70.70724220882285
88,46.112,0.707875180539692,0.989668918427302,92.224,2014_nk_186,Nush,2014,0.707712174863774,0.989689648971133,-8.7457001667534e-4,355.592789721178,490.803169549272,928.528,0.705953654550315,70.70724220882285
89,46.636,0.707987853814222,0.984458136528904,93.272,2014_nk_186,Nush,2014,0.707740673139981,0.988524446888251,-0.00116520208288218,355.592789721178,490.803169549272,928.528,0.705953654550315,70.70724220882285
90,47.16,0.707505478701921,0.975315238123166,94.32,2014_nk_186,Nush,2014,0.707750143825121,0.987419000694451,-0.0011054461937996,355.592789721178,490.803169549272,928.528,0.705953654550315,70.70724220882285
91,47.684,0.706646244963433,0.99256719410286,95.368,2014_nk_186,Nush,2014,0.707747512826798,0.986226890740489,-0.00119210995396279,355.592789721178,490.803169549272,928.528,0.705953654550315,70.70724220882285
92,48.208,0.708133188737015,0.989967964922327,96.416,2014_nk_186,Nush,2014,0.707749671779992,0.984513150230294,-0.00171374051019491,355.592789721178,490.803169549272,928.528,0.705953654550315,70.70724220882285
93,48.732,0.707066337870119,1.00634692655443,97.464,2014_nk_186,Nush,2014,0.707742657914,0.982770114483708,-0.00174303574658607,355.592789721178,490.803169549272,928.528,0.705953654550315,70.70724220882285
94,49.256,0.707806237517491,0.990877179501694,98.512,2014_nk_186,Nush,2014,0.70775958753216,0.981020628749891,-0.00174948573381617,355.592789721178,490.803169549272,928.528,0.705953654550315,70.70724220882285
95,49.78,0.709093038120954,0.985746274849856,99.56,2014_nk_186,Nush,2014,0.707737745772712,0.979700686214281,-0.0013199425356103,355.592789721178,490.803169549272,928.528,0.705953654550315,70.70724220882285
96,50.304,0.706473258680238,0.990425696815265,100.608,2014_nk_186,Nush,2014,0.70775799053478206,0.978312180321052,-0.00138850589322959,355.592789721178,490.803169549272,928.528,0.705953654550315,70.70724220882285
97,50.828,0.706540279831769,0.992712558056578,101.656,2014_nk_186,Nush,2014,0.707769922087443,0.976840950140653,-0.00147123018039885,355.592789721178,490.803169549272,928.528,0.705953654550315,70.70724220882285
98,51.352,0.708748967643514,0.989225248324678,102.704,2014_nk_186,Nush,2014,0.707728281521529,0.975428236656242,-0.00141271348441063,355.592789721178,490.803169549272,928.528,0.705953654550315,70.70724220882285
99,51.876,0.708031059505253,0.965579572236628,103.752,2014_nk_186,Nush,2014,0.707730891567558,0.974083560688824,-0.00134467596741772,355.592789721178,490.803169549272,928.528,0.705953654550315,70.70724220882285
100,52.4,0.708572226441669,0.981984234177009,104.8,2014_nk_186,Nush,2014,0.707698713097605,0.972347968031572,-0.00173559265725287,355.592789721178,490.803169549272,928.528,0.705953654550315,70.70724220882285
101,52.924,0.706226192572498,0.977410906901845,105.848,2014_nk_186,Nush,2014,0.707710687813026,0.970552032577055,-0.00179593545451628,355.592789721178,490.803169549272,928.528,0.705953654550315,70.70724220882285
102,53.448,0.708740544623469,0.972095791465776,106.896,2014_nk_186,Nush,2014,0.707748397308575,0.968639767963343,-0.00191226461371274,355.592789721178,490.803169549272,928.528,0.705953654550315,70.70724220882285
103,53.972,0.70720269681695,0.970804487095338,107.944,2014_nk_186,Nush,2014,0.707749928735499,0.96689354168428,-0.00174622627906229,355.592789721178,490.803169549272,928.528,0.705953654550315,70.70724220882285
104,54.496,0.706417066426185,0.954126053059029,108.992,2014_nk_186,Nush,2014,0.707714404126752,0.965484222719915,-0.00140931896436558,355.592789721178,490.803169549272,928.528,0.705953654550315,70.70724220882285
105,55.02,0.707629712511399,0.964614706203429,110.04,2014_nk_186,Nush,2014,0.707714418540978,0.963978241302766,-0.00150598141714897,355.592789721178,490.803169549272,928.528,0.705953654550315,70.70724220882285
106,55.544,0.707193619809058,0.954112022985011,111.088,2014_nk_186,Nush,2014,0.707724933407146,0.961815291796038,-0.00216294950672791,355.592789721178,490.803169549272,928.528,0.705953654550315,70.70724220882285
107,56.068,0.708628887156704,0.962536247250692,112.136,2014_nk_186,Nush,2014,0.707722902001168,0.959942075334945,-0.00187321646109273,355.592789721178,490.803169549272,928.528,0.705953654550315,70.70724220882285
108,56.592,0.706440976195093,0.956624917214864,113.184,2014_nk_186,Nush,2014,0.707674879315514,0.95829950484973,-0.0016425704852151,355.592789721178,490.803169549272,928.528,0.705953654550315,70.70724220882285
109,57.116,0.70791758102837,0.96079313662046,114.232,2014_nk_186,Nush,2014,0.707631093720174,0.956467907275481,-0.00183159757424856,355.592789721178,490.803169549272,928.528,0.705953654550315,70.70724220882285
110,57.64,0.707657837530944,0.970683595185812,115.28,2014_nk_186,Nush,2014,0.707587390760671,0.95469058533182,-0.00177732194366187,355.592789721178,490.803169549272,928.528,0.705953654550315,70.70724220882285
111,58.164,0.706725748540754,0.962109509965013,116.328,2014_nk_186,Nush,2014,0.707607634104658,0.952911244432542,-0.00177934089927767,355.592789721178,490.803169549272,928.528,0.705953654550315,70.70724220882285
112,58.688,0.708950268728212,0.959859659697711,117.376,2014_nk_186,Nush,2014,0.707603934649223,0.950944913350072,-0.00196633108246935,355.592789721178,490.803169549272,928.528,0.705953654550315,70.70724220882285
113,59.212,0.706940555306059,0.968413450202061,118.424,2014_nk_186,Nush,2014,0.707573846957591,0.949050592553403,-0.00189432079666985,355.592789721178,490.803169549272,928.528,0.705953654550315,70.70724220882285
114,59.736,0.706796769988238,0.95123482866292,119.472,2014_nk_186,Nush,2014,0.707563180212249,0.947488101041001,-0.00156249151240206,355.592789721178,490.803169549272,928.528,0.705953654550315,70.70724220882285
115,60.26,0.707969015337713,0.948981321612862,120.52,2014_nk_186,Nush,2014,0.707569946710312,0.946009882170228,-0.00147821887077282,355.592789721178,490.803169549272,928.528,0.705953654550315,70.70724220882285
116,60.784,0.708792872277033,0.962295246889865,121.568,2014_nk_186,Nush,2014,0.7075513396809,0.94413577381139,-0.00187410835883828,355.592789721178,490.803169549272,928.528,0.705953654550315,70.70724220882285
117,61.308,0.70807316951179,0.985184766405291,122.616,2014_nk_186,Nush,2014,0.707566274357001,0.942698360305346,-0.00143741350604376,355.592789721178,490.803169549272,928.528,0.705953654550315,70.70724220882285
118,61.832,0.70751267239765,0.96371869524504,123.664,2014_nk_186,Nush,2014,0.707561460708735,0.94156739829708,-0.0011309620082659,355.592789721178,490.803169549272,928.528,0.705953654550315,70.70724220882285
119,62.356,0.708804988618868,0.946049967341674,124.712,2014_nk_186,Nush,2014,0.707576233327782,0.940767698387599,-7.9969990948047e-4,355.592789721178,490.803169549272,928.528,0.705953654550315,70.70724220882285
120,62.88,0.70863723015773,0.950366142456077,125.76,2014_nk_186,Nush,2014,0.707588293883258,0.939975262798768,-7.9243558883124e-4,355.592789721178,490.803169549272,928.528,0.705953654550315,70.70724220882285
121,63.404,0.707309420865707,0.954474041692182,126.808,2014_nk_186,Nush,2014,0.70760703434254,0.938901315243753,-0.00107394755501544,355.592789721178,490.803169549272,928.528,0.705953654550315,70.70724220882285
122,63.928,0.707865556548408,0.939155702214178,127.856,2014_nk_186,Nush,2014,0.707595367004037,0.937683613828771,-0.00121770141498123,355.592789721178,490.803169549272,928.528,0.705953654550315,70.70724220882285
123,64.452,0.707043467704034,0.927851494732333,128.904,2014_nk_186,Nush,2014,0.707630309308682,0.936142085103388,-0.00154152872538327,355.592789721178,490.803169549272,928.528,0.705953654550315,70.70724220882285
124,64.976,0.708597990506991,0.917310664383349,129.952,2014_nk_186,Nush,2014,0.707638596246663,0.935039454776405,-0.00110263032698277,355.592789721178,490.803169549272,928.528,0.705953654550315,70.70724220882285
125,65.5,0.70609847772076,0.925911826789485,131,2014_nk_186,Nush,2014,0.707584965639392,0.933855383680029,-0.00118407109637675,355.592789721178,490.803169549272,928.528,0.705953654550315,70.70724220882285
126,66.024,0.709097412326307,0.913032895728567,132.048,2014_nk_186,Nush,2014,0.707608601364063,0.932678990823077,-0.00117639285695204,355.592789721178,490.803169549272,928.528,0.705953654550315,70.70724220882285
127,66.548,0.708736268504051,0.912053894821388,133.096,2014_nk_186,Nush,2014,0.707644290130925,0.93150896965851,-0.0011700211645671,355.592789721178,490.803169549272,928.528,0.705953654550315,70.70724220882285
128,67.072,0.705831430405113,0.91354758451266,134.144,2014_nk_186,Nush,2014,0.70760657997143,0.93017079143541,-0.00133817822309945,355.592789721178,490.803169549272,928.528,0.705953654550315,70.70724220882285
129,67.596,0.707125892503322,0.911241732262594,135.192,2014_nk_186,Nush,2014,0.707599368493345,0.929139679450657,-0.00103111198475325,355.592789721178,490.803169549272,928.528,0.705953654550315,70.70724220882285
130,68.12,0.707309328767316,0.907093327806166,136.24,2014_nk_186,Nush,2014,0.70756790410945,0.927905248554021,-0.00123443089663533,355.592789721178,490.803169549272,928.528,0.705953654550315,70.70724220882285
131,68.644,0.707534881928632,0.904019247329313,137.288,2014_nk_186,Nush,2014,0.70760545294455,0.926798761150612,-0.00110648740340946,355.592789721178,490.803169549272,928.528,0.705953654550315,70.70724220882285
132,69.168,0.708502224550031,0.905665028767048,138.336,2014_nk_186,Nush,2014,0.707568464672763,0.925639708945063,-0.00115905220554857,355.592789721178,490.803169549272,928.528,0.705953654550315,70.70724220882285
133,69.692,0.707382163698165,0.900107323307359,139.384,2014_nk_186,Nush,2014,0.707558571040087,0.924503739526268,-0.00113596941879557,355.592789721178,490.803169549272,928.528,0.705953654550315,70.70724220882285
134,70.216,0.705954751073632,0.918247715826822,140.432,2014_nk_186,Nush,2014,0.707577768693544,0.923715393854646,-7.88345671622e-4,355.592789721178,490.803169549272,928.528,0.705953654550315,70.70724220882285
135,70.74,0.707148825068761,0.904144718792186,141.48,2014_nk_186,Nush,2014,0.70756771485871806,0.922580497521317,-0.00113489633332886,355.592789721178,490.803169549272,928.528,0.705953654550315,70.70724220882285
136,71.264,0.707449944399754,0.87997367947225,142.528,2014_nk_186,Nush,2014,0.707556557986542,0.92189009209557,-6.9040542574738e-4,355.592789721178,490.803169549272,928.528,0.705953654550315,70.70724220882285
137,71.788,0.708980953741585,0.88947626018421,143.576,2014_nk_186,Nush,2014,0.707541947384484,0.921208544982656,-6.8154711291368e-4,355.592789721178,490.803169549272,928.528,0.705953654550315,70.70724220882285
138,72.312,0.706816200489805,0.89080719165967,144.624,2014_nk_186,Nush,2014,0.707563396983484,0.920675537930246,-5.330070524101e-4,355.592789721178,490.803169549272,928.528,0.705953654550315,70.70724220882285
139,72.836,0.70602578230479,0.885936490668312,145.672,2014_nk_186,Nush,2014,0.70752436222029,0.920062700371874,-6.1283755837138e-4,355.592789721178,490.803169549272,928.528,0.705953654550315,70.70724220882285
140,73.36,0.706101277990376,0.890785246603688,146.72,2014_nk_186,Nush,2014,0.707494856955385,0.919116609074119,-9.4609129775558e-4,355.592789721178,490.803169549272,928.528,0.705953654550315,70.70724220882285
141,73.884,0.708962886286505,0.892050719531187,147.768,2014_nk_186,Nush,2014,0.707483171868144,0.918366298418699,-7.5031065541997e-4,355.592789721178,490.803169549272,928.528,0.705953654550315,70.70724220882285
142,74.408,0.706838105173978,0.895640713543166,148.816,2014_nk_186,Nush,2014,0.707477894493402,0.917517581213379,-8.4871720531987e-4,355.592789721178,490.803169549272,928.528,0.705953654550315,70.70724220882285
143,74.932,0.706890466834462,0.8917683016049,149.864,2014_nk_186,Nush,2014,0.707483252962302,0.916645350361424,-8.7223085195464e-4,355.592789721178,490.803169549272,928.528,0.705953654550315,70.70724220882285
144,75.456,0.707489424903551,0.906969489722219,150.912,2014_nk_186,Nush,2014,0.707483645001831,0.915972119927086,-6.7323043433875e-4,355.592789721178,490.803169549272,928.528,0.705953654550315,70.70724220882285
145,75.98,0.708503737842562,0.905268932121048,151.96,2014_nk_186,Nush,2014,0.70746505305455,0.915275723096508,-6.9639683057798e-4,355.592789721178,490.803169549272,928.528,0.705953654550315,70.70724220882285
146,76.504,0.707114071474058,0.892131028298483,153.008,2014_nk_186,Nush,2014,0.707464364094943,0.914349551468978,-9.2617162752928e-4,355.592789721178,490.803169549272,928.528,0.705953654550315,70.70724220882285
147,77.028,0.70752775990535,0.910345770864521,154.056,2014_nk_186,Nush,2014,0.707465427664497,0.913387033247558,-9.6251822142023e-4,355.592789721178,490.803169549272,928.528,0.705953654550315,70.70724220882285
148,77.552,0.707586361643743,0.92181119793135,155.104,2014_nk_186,Nush,2014,0.707478808658971,0.912502025510036,-8.8500773752175e-4,355.592789721178,490.803169549272,928.528,0.705953654550315,70.70724220882285
149,78.076,0.708874210957055,0.936476141960075,156.152,2014_nk_186,Nush,2014,0.707462044438459,0.912031343681334,-4.7068182870213e-4,355.592789721178,490.803169549272,928.528,0.705953654550315,70.70724220882285
150,78.6,0.708229112030449,0.927769102793293,157.2,2014_nk_186,Nush,2014,0.707450691588779,0.911445388098303,-5.8595558303165e-4,355.592789721178,490.803169549272,928.528,0.705953654550315,70.70724220882285
151,79.124,0.707770672520369,0.928130340801932,158.248,2014_nk_186,Nush,2014,0.707454921420402,0.910648805419108,-7.965826791948e-4,355.592789721178,490.803169549272,928.528,0.705953654550315,70.70724220882285
152,79.648,0.707433148426845,0.916905880023452,159.296,2014_nk_186,Nush,2014,0.707441496010406,0.910143150895026,-5.0565452408146e-4,355.592789721178,490.803169549272,928.528,0.705953654550315,70.70724220882285
153,80.172,0.709162876148816,0.913855203031433,160.344,2014_nk_186,Nush,2014,0.707452595918982,0.909891095354968,-2.5205554005847e-4,355.592789721178,490.803169549272,928.528,0.705953654550315,70.70724220882285
154,80.696,0.708303453796332,0.92471935988273,161.392,2014_nk_186,Nush,2014,0.707441426965677,0.909498890035438,-3.9220531952965e-4,355.592789721178,490.803169549272,928.528,0.705953654550315,70.70724220882285
155,81.22,0.705875201684689,0.914702009067242,162.44,2014_nk_186,Nush,2014,0.70745638303659,0.909245746638289,-2.531433971491e-4,355.592789721178,490.803169549272,928.528,0.705953654550315,70.70724220882285
156,81.744,0.707891402160525,0.919842125398147,163.488,2014_nk_186,Nush,2014,0.707400237300025,0.909192169415168,-5.35772231210485e-5,355.592789721178,490.803169549272,928.528,0.705953654550315,70.70724220882285
157,82.268,0.708681605843466,0.922511288182553,164.536,2014_nk_186,Nush,2014,0.707370910500162,0.908961356411275,-2.3081300389304e-4,355.592789721178,490.803169549272,928.528,0.705953654550315,70.70724220882285
158,82.792,0.706486358073828,0.90893455493871,165.584,2014_nk_186,Nush,2014,0.707430291932277,0.908624511407169,-3.368450041058e-4,355.592789721178,490.803169549272,928.528,0.705953654550315,70.70724220882285
159,83.316,0.707598370820153,0.903712853151433,166.632,2014_nk_186,Nush,2014,0.707430345637007,0.908259775489112,-3.6473591805685e-4,355.592789721178,490.803169549272,928.528,0.705953654550315,70.70724220882285
160,83.84,0.706684363407971,0.907918380378893,167.68,2014_nk_186,Nush,2014,0.707441621841159,0.908164927763098,-9.48477260144243e-5,355.592789721178,490.803169549272,928.528,0.705953654550315,70.70724220882285
161,84.364,0.708479122678496,0.911021662697271,168.728,2014_nk_186,Nush,2014,0.70746364995527,0.908029792763448,-1.351349996499e-4,355.592789721178,490.803169549272,928.528,0.705953654550315,70.70724220882285
162,84.888,0.706521248316286,0.902552659132862,169.776,2014_nk_186,Nush,2014,0.707427509039369,0.907948233121681,-8.15596417665931e-5,355.592789721178,490.803169549272,928.528,0.705953654550315,70.70724220882285
163,85.412,0.706609078856355,0.902646321967601,170.824,2014_nk_186,Nush,2014,0.70741558341379,0.908004730082489,5.64969608076726e-5,355.592789721178,490.803169549272,928.528,0.705953654550315,70.70724220882285
164,85.936,0.707568925633617,0.906825312761704,171.872,2014_nk_186,Nush,2014,0.707429809299592,0.907784030364093,-2.2069971839633e-4,355.592789721178,490.803169549272,928.528,0.705953654550315,70.70724220882285
165,86.46,0.707026482421815,0.8965209262037,172.92,2014_nk_186,Nush,2014,0.707405936980304,0.907986141876217,2.0211151212445e-4,355.592789721178,490.803169549272,928.528,0.705953654550315,70.70724220882285
166,86.984,0.706524207478532,0.912687697440168,173.968,2014_nk_186,Nush,2014,0.707415468673056,0.908435226963427,4.4908508720953e-4,355.592789721178,490.803169549272,928.528,0.705953654550315,70.70724220882285
167,87.508,0.707752251033201,0.921643420475872,175.016,2014_nk_186,Nush,2014,0.707386294508675,0.908878494773529,4.4326781010206e-4,355.592789721178,490.803169549272,928.528,0.705953654550315,70.70724220882285
168,88.032,0.707727952135076,0.924644494070263,176.064,2014_nk_186,Nush,2014,0.707417632846199,0.909019285434846,1.4079066131744e-4,355.592789721178,490.803169549272,928.528,0.705953654550315,70.70724220882285
169,88.556,0.705575495236726,0.92402288311818,177.112,2014_nk_186,Nush,2014,0.707421673284288,0.909073759759185,5.44743243392487e-5,355.592789721178,490.803169549272,928.528,0.705953654550315,70.70724220882285
170,89.08,0.705887521636689,0.913918117320477,178.16,2014_nk_186,Nush,2014,0.707438429364812,0.909113751036323,3.99912771374966e-5,355.592789721178,490.803169549272,928.528,0.705953654550315,70.70724220882285
171,89.604,0.706024643306271,0.917090870639814,179.208,2014_nk_186,Nush,2014,0.707406868683842,0.908975327138249,-1.3842389807394e-4,355.592789721178,490.803169549272,928.528,0.705953654550315,70.70724220882285
172,90.128,0.708633626243712,0.908936627378514,180.256,2014_nk_186,Nush,2014,0.707416598755393,0.90899521227054,1.98851322912308e-5,355.592789721178,490.803169549272,928.528,0.705953654550315,70.70724220882285
173,90.652,0.70726206344004,0.916079599084786,181.304,2014_nk_186,Nush,2014,0.707459520806351,0.909069289093522,7.40768229814392e-5,355.592789721178,490.803169549272,928.528,0.705953654550315,70.70724220882285
174,91.176,0.706820292359961,0.910841002602593,182.352,2014_nk_186,Nush,2014,0.70745693351417,0.908792312694527,-2.7697639899426e-4,355.592789721178,490.803169549272,928.528,0.705953654550315,70.70724220882285
175,91.7,0.706853498500889,0.90719751177818,183.4,2014_nk_186,Nush,2014,0.707429890734362,0.908505655519484,-2.8665717504361e-4,355.592789721178,490.803169549272,928.528,0.705953654550315,70.70724220882285
176,92.224,0.708751534700599,0.906724949238113,184.448,2014_nk_186,Nush,2014,0.707442058679385,0.90858393797388,7.8282454396672e-5,355.592789721178,490.803169549272,928.528,0.705953654550315,70.70724220882285
177,92.748,0.708136983685017,0.927433673120082,185.496,2014_nk_186,Nush,2014,0.707427737571958,0.908234957960693,-3.4898001318794e-4,355.592789721178,490.803169549272,928.528,0.705953654550315,70.70724220882285
178,93.272,0.708315532066091,0.910618230993731,186.544,2014_nk_186,Nush,2014,0.707417570622399,0.907690091523424,-5.4486643726858e-4,355.592789721178,490.803169549272,928.528,0.705953654550315,70.70724220882285
179,93.796,0.707799135388131,0.917809057619546,187.592,2014_nk_186,Nush,2014,0.707393541922048,0.906717670482132,-9.7242104129213e-4,355.592789721178,490.803169549272,928.528,0.705953654550315,70.70724220882285
180,94.32,0.707956059176984,0.915208807474179,188.64,2014_nk_186,Nush,2014,0.707394314485986,0.906217206394472,-5.0046408766002e-4,355.592789721178,490.803169549272,928.528,0.705953654550315,70.70724220882285
181,94.844,0.70756321076308,0.906679080940493,189.688,2014_nk_186,Nush,2014,0.707375570371076,0.905600074943757,-6.1713145071518e-4,355.592789721178,490.803169549272,928.528,0.705953654550315,70.70724220882285
182,95.368,0.707060031948613,0.908816430769289,190.736,2014_nk_186,Nush,2014,0.707384752323813,0.90514747732748,-4.5259761627691e-4,355.592789721178,490.803169549272,928.528,0.705953654550315,70.70724220882285
183,95.892,0.707709462218643,0.912728162328821,191.784,2014_nk_186,Nush,2014,0.707340795421211,0.904650292882107,-4.9718444537316e-4,355.592789721178,490.803169549272,928.528,0.705953654550315,70.70724220882285
184,96.416,0.707927853308653,0.89377834521157,192.832,2014_nk_186,Nush,2014,0.707329569397011,0.904078240447261,-5.720524348457e-4,355.592789721178,490.803169549272,928.528,0.705953654550315,70.70724220882285
185,96.94,0.706995841975575,0.910723222960541,193.88,2014_nk_186,Nush,2014,0.707331409586096,0.903780798395687,-2.9744205157356e-4,355.592789721178,490.803169549272,928.528,0.705953654550315,70.70724220882285
186,97.464,0.705728668132412,0.909818262341307,194.928,2014_nk_186,Nush,2014,0.707329497072094,0.903209115339563,-5.7168305612431e-4,355.592789721178,490.803169549272,928.528,0.705953654550315,70.70724220882285
187,97.988,0.706976660512264,0.898205114587798,195.976,2014_nk_186,Nush,2014,0.707293638950167,0.90255977112801,-6.4934421155349e-4,355.592789721178,490.803169549272,928.528,0.705953654550315,70.70724220882285
188,98.512,0.709394316331969,0.893336884266312,197.024,2014_nk_186,Nush,2014,0.70729647891629,0.90209664696396,-4.631241640497e-4,355.592789721178,490.803169549272,928.528,0.705953654550315,70.70724220882285
189,99.036,0.70712911478715,0.88935757717918,198.072,2014_nk_186,Nush,2014,0.707292188591838,0.901796085967557,-3.0056099640241e-4,355.592789721178,490.803169549272,928.528,0.705953654550315,70.70724220882285
190,99.56,0.707985901016444,0.901402464245304,199.12,2014_nk_186,Nush,2014,0.707295791733315,0.901426032365496,-3.7005360206088e-4,355.592789721178,490.803169549272,928.528,0.705953654550315,70.70724220882285
191,100.084,0.708856568775277,0.895911147350313,200.168,2014_nk_186,Nush,2014,0.707260926895715,0.901062369044816,-3.6366332068071e-4,355.592789721178,490.803169549272,928.528,0.705953654550315,70.70724220882285
192,100.608,0.706333769595994,0.900771450261054,201.216,2014_nk_186,Nush,2014,0.707277256502709,0.90082723805688,-2.3513098793548e-4,355.592789721178,490.803169549272,928.528,0.705953654550315,70.70724220882285
193,101.132,0.706666626163421,0.903497140955819,202.264,2014_nk_186,Nush,2014,0.707275142208997,0.900335863610471,-4.9137444640923e-4,355.592789721178,490.803169549272,928.528,0.705953654550315,70.70724220882285
194,101.656,0.706808304221715,0.905005732723037,203.312,2014_nk_186,Nush,2014,0.707254464122311,0.899842314980048,-4.9354863042339e-4,355.592789721178,490.803169549272,928.528,0.705953654550315,70.70724220882285
195,102.18,0.705716485911491,0.916271409519656,204.36,2014_nk_186,Nush,2014,0.707247582266552,0.899611019887718,-2.3129509232988e-4,355.592789721178,490.803169549272,928.528,0.705953654550315,70.70724220882285
196,102.704,0.70802184596487,0.906918784704822,205.408,2014_nk_186,Nush,2014,0.707244698192503,0.899121691033142,-4.8932885457597e-4,355.592789721178,490.803169549272,928.528,0.705953654550315,70.70724220882285
197,103.228,0.707230503878726,0.916072328790332,206.456,2014_nk_186,Nush,2014,0.707252876356937,0.898314527934546,-8.071630985954e-4,355.592789721178,490.803169549272,928.528,0.705953654550315,70.70724220882285
198,103.752,0.708696500741286,0.899254631338718,207.504,2014_nk_186,Nush,2014,0.707265429906719,0.897390710589403,-9.2381734514313e-4,355.592789721178,490.803169549272,928.528,0.705953654550315,70.70724220882285
199,104.276,0.706268208590093,0.889204950128669,208.552,2014_nk_186,Nush,2014,0.707290676776968,0.896517445906437,-8.7326468296644e-4,355.592789721178,490.803169549272,928.528,0.705953654550315,70.70724220882285
200,104.8,0.707106642821841,0.893184723231937,209.6,2014_nk_186,Nush,2014,0.707323432487965,0.896075848940611,-4.4159696582613e-4,355.592789721178,490.803169549272,928.528,0.705953654550315,70.70724220882285
201,105.324,0.707069245428285,0.88374528564675,210.648,2014_nk_186,Nush,2014,0.707327228736465,0.895566736335338,-5.0911260527275e-4,355.592789721178,490.803169549272,928.528,0.705953654550315,70.70724220882285
202,105.848,0.707421909467062,0.89683382148064,211.696,2014_nk_186,Nush,2014,0.707300038646277,0.895462104528595,-1.0463180674291e-4,355.592789721178,490.803169549272,928.528,0.705953654550315,70.70724220882285
203,106.372,0.709465789891921,0.896212910983787,212.744,2014_nk_186,Nush,2014,0.707264319087491,0.895003809869179,-4.5829465941604e-4,355.592789721178,490.803169549272,928.528,0.705953654550315,70.70724220882285
204,106.896,0.707334187372727,0.89035090578256,213.792,2014_nk_186,Nush,2014,0.707264993024839,0.894779207612371,-2.2460225680809e-4,355.592789721178,490.803169549272,928.528,0.705953654550315,70.70724220882285
205,107.42,0.706881171054029,0.888069501618435,214.84,2014_nk_186,Nush,2014,0.707260808611195,0.894147154984306,-6.3205262806531e-4,355.592789721178,490.803169549272,928.528,0.705953654550315,70.70724220882285
206,107.944,0.70784414817549,0.896827975562283,215.888,2014_nk_186,Nush,2014,0.70723428611391,0.893651756593213,-4.9539839109225e-4,355.592789721178,490.803169549272,928.528,0.705953654550315,70.70724220882285
207,108.468,0.706668493459726,0.889406970073243,216.936,2014_nk_186,Nush,2014,0.70721306196195,0.892871453296584,-7.8030329662948e-4,355.592789721178,490.803169549272,928.528,0.705953654550315,70.70724220882285
208,108.992,0.706976344670185,0.88911921169523,217.984,2014_nk_186,Nush,2014,0.70718688426512,0.892495658275006,-3.7579502157791e-4,355.592789721178,490.803169549272,928.528,0.705953654550315,70.70724220882285
209,109.516,0.707432488935963,0.878130879482545,219.032,2014_nk_186,Nush,2014,0.707192931905554,0.891881793436063,-6.1386483894287e-4,355.592789721178,490.803169549272,928.528,0.705953654550315,70.70724220882285
210,110.04,0.708275465866739,0.897741257533699,220.08,2014_nk_186,Nush,2014,0.707181344076722,0.89166026584146,-2.2152759460247e-4,355.592789721178,490.803169549272,928.528,0.705953654550315,70.70724220882285
211,110.564,0.706646025625798,0.891102453759019,221.128,2014_nk_186,Nush,2014,0.707171366131375,0.891186319020002,-4.7394682145851e-4,355.592789721178,490.803169549272,928.528,0.705953654550315,70.70724220882285
212,111.088,0.707984065591034,0.889750023046833,222.176,2014_nk_186,Nush,2014,0.707175853010637,0.890557776306817,-6.2854271318468e-4,355.592789721178,490.803169549272,928.528,0.705953654550315,70.70724220882285
213,111.612,0.706525461992742,0.884024136309043,223.224,2014_nk_186,Nush,2014,0.70716549408103,0.889763535533571,-7.9424077324674e-4,355.592789721178,490.803169549272,928.528,0.705953654550315,70.70724220882285
214,112.136,0.70762989234432,0.890396213791988,224.272,2014_nk_186,Nush,2014,0.707138075715763,0.889252971068635,-5.1056446493591e-4,355.592789721178,490.803169549272,928.528,0.705953654550315,70.70724220882285
215,112.66,0.705985613029777,0.896855485972833,225.32,2014_nk_186,Nush,2014,0.707106378981832,0.888353963855441,-8.9900721319391e-4,355.592789721178,490.803169549272,928.528,0.705953654550315,70.70724220882285
216,113.184,0.707776651320424,0.885541142030689,226.368,2014_nk_186,Nush,2014,0.707126941025568,0.887517650668338,-8.3631318710275e-4,355.592789721178,490.803169549272,928.528,0.705953654550315,70.70724220882285
217,113.708,0.706530118527829,0.883550635489338,227.416,2014_nk_186,Nush,2014,0.707110074889143,0.886867885276054,-6.4976539228356e-4,355.592789721178,490.803169549272,928.528,0.705953654550315,70.70724220882285
218,114.232,0.70665675604122,0.881147105095728,228.464,2014_nk_186,Nush,2014,0.70707306353851,0.886210302050388,-6.5758322566655e-4,355.592789721178,490.803169549272,928.528,0.705953654550315,70.70724220882285
219,114.756,0.707340951353002,0.885679193367291,229.512,2014_nk_186,Nush,2014,0.707055405422925,0.885552261704643,-6.5804034574512e-4,355.592789721178,490.803169549272,928.528,0.705953654550315,70.70724220882285
220,115.28,0.706900551896625,0.885715164255245,230.56,2014_nk_186,Nush,2014,0.707030064436934,0.884578505205499,-9.737564991441e-4,355.592789721178,490.803169549272,928.528,0.705953654550315,70.70724220882285
221,115.804,0.706387232422472,0.88920186345643,231.608,2014_nk_186,Nush,2014,0.707023179481997,0.884016689417141,-5.6181578835745e-4,355.592789721178,490.803169549272,928.528,0.705953654550315,70.70724220882285
222,116.328,0.707501024735928,0.888444799856731,232.656,2014_nk_186,Nush,2014,0.707013857369783,0.883170767834905,-8.4592158223573e-4,355.592789721178,490.803169549272,928.528,0.705953654550315,70.70724220882285
223,116.852,0.706482221233665,0.87316385518305,233.704,2014_nk_186,Nush,2014,0.70702495384102,0.882211199654373,-9.5956818053222e-4,355.592789721178,490.803169549272,928.528,0.705953654550315,70.70724220882285
224,117.376,0.706328240432443,0.877212394936299,234.752,2014_nk_186,Nush,2014,0.707000350654087,0.881140224943938,-0.00107097471043549,355.592789721178,490.803169549272,928.528,0.705953654550315,70.70724220882285
225,117.9,0.70661357107629,0.882643220663899,235.8,2014_nk_186,Nush,2014,0.707019446746304,0.880144213411455,-9.9601153248274e-4,355.592789721178,490.803169549272,928.528,0.705953654550315,70.70724220882285
226,118.424,0.706351163035577,0.883327966165616,236.848,2014_nk_186,Nush,2014,0.707004406075902,0.879206839752849,-9.3737365860591e-4,355.592789721178,490.803169549272,928.528,0.705953654550315,70.70724220882285
227,118.948,0.70824294089922,0.873213634560145,237.896,2014_nk_186,Nush,2014,0.707005772572897,0.877917711231978,-0.00128912852087126,355.592789721178,490.803169549272,928.528,0.705953654550315,70.70724220882285
228,119.472,0.708481165121988,0.869215453361675,238.944,2014_nk_186,Nush,2014,0.706974376919879,0.877053341689884,-8.6436954209367e-4,355.592789721178,490.803169549272,928.528,0.705953654550315,70.70724220882285
229,119.996,0.707090307451712,0.871627002140197,239.992,2014_nk_186,Nush,2014,0.707003862646434,0.876469252196183,-5.8408949370114e-4,355.592789721178,490.803169549272,928.528,0.705953654550315,70.70724220882285
230,120.52,0.707852864296463,0.887422299370912,241.04,2014_nk_186,Nush,2014,0.707008404437028,0.875869274840082,-5.9997735610128e-4,355.592789721178,490.803169549272,928.528,0.705953654550315,70.70724220882285
231,121.044,0.706252418216312,0.886544114323445,242.088,2014_nk_186,Nush,2014,0.706999298532209,0.875182040798927,-6.8723404115433e-4,355.592789721178,490.803169549272,928.528,0.705953654550315,70.70724220882285
232,121.568,0.707002220832418,0.902658718973935,243.136,2014_nk_186,Nush,2014,0.706990727902068,0.874118060270035,-0.00106398052889278,355.592789721178,490.803169549272,928.528,0.705953654550315,70.70724220882285
233,122.092,0.705118889912904,0.888581919519828,244.184,2014_nk_186,Nush,2014,0.706970136097034,0.873115391327506,-0.00100266894252865,355.592789721178,490.803169549272,928.528,0.705953654550315,70.70724220882285
234,122.616,0.706860728600795,0.897364867194101,245.232,2014_nk_186,Nush,2014,0.706955827163005,0.872006792564402,-0.00110859876310387,355.592789721178,490.803169549272,928.528,0.705953654550315,70.70724220882285
235,123.14,0.706602433682262,0.869274354094269,246.28,2014_nk_186,Nush,2014,0.706968382984703,0.871186937712199,-8.1985485220292e-4,355.592789721178,490.803169549272,928.528,0.705953654550315,70.70724220882285
236,123.664,0.707160184863494,0.877001045772576,247.328,2014_nk_186,Nush,2014,0.706932394200478,0.870219216424485,-9.6772128771383e-4,355.592789721178,490.803169549272,928.528,0.705953654550315,70.70724220882285
237,124.188,0.706863534567409,0.880615475322313,248.376,2014_nk_186,Nush,2014,0.706919107501372,0.869283961567431,-9.3525485705425e-4,355.592789721178,490.803169549272,928.528,0.705953654550315,70.70724220882285
238,124.712,0.706744870256335,0.888070529699052,249.424,2014_nk_186,Nush,2014,0.706920462892388,0.868295861007819,-9.8810055961229e-4,355.592789721178,490.803169549272,928.528,0.705953654550315,70.70724220882285
239,125.236,0.708161993814148,0.880977167282974,250.472,2014_nk_186,Nush,2014,0.706926315286613,0.86756125150496,-7.346095028593e-4,355.592789721178,490.803169549272,928.528,0.705953654550315,70.70724220882285
240,125.76,0.707260789447036,0.90191715179803,251.52,2014_nk_186,Nush,2014,0.706872825991211,0.866190166906057,-0.00137108459890223,355.592789721178,490.803169549272,928.528,0.705953654550315,70.70724220882285
241,126.284,0.706964534042294,0.878242271652977,252.568,2014_nk_186,Nush,2014,0.706867931540847,0.865127400969881,-0.00106276593617605,355.592789721178,490.803169549272,928.528,0.705953654550315,70.70724220882285
242,126.808,0.707329244704324,0.871103867978214,253.616,2014_nk_186,Nush,2014,0.706850018660258,0.864307321045993,-8.2007992388788e-4,355.592789721178,490.803169549272,928.528,0.705953654550315,70.70724220882285
243,127.332,0.707087926442215,0.865073715934021,254.664,2014_nk_186,Nush,2014,0.706861217650567,0.863500152627501,-8.0716841849271e-4,355.592789721178,490.803169549272,928.528,0.705953654550315,70.70724220882285
244,127.856,0.706282751392626,0.863144477315414,255.712,2014_nk_186,Nush,2014,0.706862373823752,0.862310020537441,-0.00119013209005958,355.592789721178,490.803169549272,928.528,0.705953654550315,70.70724220882285
245,128.38,0.70509403793972,0.856782790168907,256.76,2014_nk_186,Nush,2014,0.706869844707406,0.861145925890123,-0.00116409464731793,355.592789721178,490.803169549272,928.528,0.705953654550315,70.70724220882285
246,128.904,0.706962390756598,0.859639471115142,257.808,2014_nk_186,Nush,2014,0.706863086304155,0.860275219246808,-8.7070664331456e-4,355.592789721178,490.803169549272,928.528,0.705953654550315,70.70724220882285
247,129.428,0.705964692326769,0.859219191050786,258.856,2014_nk_186,Nush,2014,0.706860433444498,0.859531156031914,-7.4406321489484e-4,355.592789721178,490.803169549272,928.528,0.705953654550315,70.70724220882285
248,129.952,0.707173635293968,0.853881890726312,259.904,2014_nk_186,Nush,2014,0.706828127355944,0.858650223888426,-8.8093214348794e-4,355.592789721178,490.803169549272,928.528,0.705953654550315,70.70724220882285
249,130.476,0.70606962785204,0.849875156434475,260.952,2014_nk_186,Nush,2014,0.706822580208385,0.857238023301945,-0.00141220058648095,355.592789721178,490.803169549272,928.528,0.705953654550315,70.70724220882285
250,131,0.706465441856987,0.842977074296656,262,2014_nk_186,Nush,2014,0.70685438694156,0.855814331054815,-0.00142369224713002,355.592789721178,490.803169549272,928.528,0.705953654550315,70.70724220882285
251,131.524,0.708443471479056,0.862202200048863,263.048,2014_nk_186,Nush,2014,0.706865504947534,0.854505046356107,-0.00130928469870806,355.592789721178,490.803169549272,928.528,0.705953654550315,70.70724220882285
252,132.048,0.705774442863171,0.850016155326913,264.096,2014_nk_186,Nush,2014,0.70688452532955,0.852968852100828,-0.00153619425527862,355.592789721178,490.803169549272,928.528,0.705953654550315,70.70724220882285
253,132.572,0.707332414437616,0.845923050123886,265.144,2014_nk_186,Nush,2014,0.706861347818237,0.851723497487318,-0.00124535461350961,355.592789721178,490.803169549272,928.528,0.705953654550315,70.70724220882285
254,133.096,0.70533211300578,0.840747250096906,266.192,2014_nk_186,Nush,2014,0.706862460909549,0.850452426824241,-0.00127107066307763,355.592789721178,490.803169549272,928.528,0.705953654550315,70.70724220882285
255,133.62,0.706862251444511,0.856510717570693,267.24,2014_nk_186,Nush,2014,0.706866878117081,0.849221691953733,-0.00123073487050762,355.592789721178,490.803169549272,928.528,0.705953654550315,70.70724220882285
256,134.144,0.707119405740713,0.850676365188473,268.288,2014_nk_186,Nush,2014,0.706854819547181,0.847937896913648,-0.00128379504008524,355.592789721178,490.803169549272,928.528,0.705953654550315,70.70724220882285
257,134.668,0.707312493698453,0.838724617538055,269.336,2014_nk_186,Nush,2014,0.706833815975165,0.846753919201635,-0.00118397771201262,355.592789721178,490.803169549272,928.528,0.705953654550315,70.70724220882285
258,135.192,0.706812761560182,0.847392458813104,270.384,2014_nk_186,Nush,2014,0.70680473583846,0.845478514689619,-0.00127540451201658,355.592789721178,490.803169549272,928.528,0.705953654550315,70.70724220882285
259,135.716,0.708037352183384,0.854159580506601,271.432,2014_nk_186,Nush,2014,0.706798873400594,0.844504818540612,-9.7369614900655e-4,355.592789721178,490.803169549272,928.528,0.705953654550315,70.70724220882285
260,136.24,0.707379150257492,0.857186081865858,272.48,2014_nk_186,Nush,2014,0.706790504140736,0.843029902087133,-0.00147491645347941,355.592789721178,490.803169549272,928.528,0.705953654550315,70.70724220882285
261,136.764,0.706522891139147,0.842511243177488,273.528,2014_nk_186,Nush,2014,0.706811687769614,0.841582685637377,-0.00144721644975587,355.592789721178,490.803169549272,928.528,0.705953654550315,70.70724220882285
262,137.288,0.706907671658616,0.832994989747071,274.576,2014_nk_186,Nush,2014,0.706773597067702,0.83979871179894106,-0.00178397383843554,355.592789721178,490.803169549272,928.528,0.705953654550315,70.70724220882285
263,137.812,0.708230281589901,0.836052774432073,275.624,2014_nk_186,Nush,2014,0.706794954957152,0.838142517526202,-0.00165619427273944,355.592789721178,490.803169549272,928.528,0.705953654550315,70.70724220882285
264,138.336,0.706475651330956,0.823834979996325,276.672,2014_nk_186,Nush,2014,0.706798183820545,0.83666038452683,-0.00148213299937183,355.592789721178,490.803169549272,928.528,0.705953654550315,70.70724220882285
265,138.86,0.707634520355896,0.83887821048626,277.72,2014_nk_186,Nush,2014,0.706813163505144,0.835784480925328,-8.7590360150258e-4,355.592789721178,490.803169549272,928.528,0.705953654550315,70.70724220882285
266,139.384,0.705684821122018,0.838764698299454,278.768,2014_nk_186,Nush,2014,0.706771105458897,0.834514839198089,-0.00126964172723898,355.592789721178,490.803169549272,928.528,0.705953654550315,70.70724220882285
267,139.908,0.705871291513351,0.833291678649987,279.816,2014_nk_186,Nush,2014,0.706757618480682,0.833290397526423,-0.00122444167166513,355.592789721178,490.803169549272,928.528,0.705953654550315,70.70724220882285
268,140.432,0.707057668131164,0.829833178118493,280.864,2014_nk_186,Nush,2014,0.706744032864513,0.831971946213183,-0.0013184513132406,355.592789721178,490.803169549272,928.528,0.705953654550315,70.70724220882285
269,140.956,0.707783632589441,0.83405430931099,281.912,2014_nk_186,Nush,2014,0.706727433807121,0.830354368562992,-0.0016175776501911,355.592789721178,490.803169549272,928.528,0.705953654550315,70.70724220882285
270,141.48,0.705066108142639,0.815476181599567,282.96,2014_nk_186,Nush,2014,0.706714313689405,0.828483145823104,-0.00187122273988793,355.592789721178,490.803169549272,928.528,0.705953654550315,70.70724220882285
271,142.004,0.706352358603955,0.827336497588456,284.008,2014_nk_186,Nush,2014,0.70672514979838,0.826900845147601,-0.00158230067550313,355.592789721178,490.803169549272,928.528,0.705953654550315,70.70724220882285
272,142.528,0.706909292755675,0.840545227613558,285.056,2014_nk_186,Nush,2014,0.706723072970603,0.825476662108033,-0.00142418303956782,355.592789721178,490.803169549272,928.528,0.705953654550315,70.70724220882285
273,143.052,0.707197401411316,0.835594031199483,286.104,2014_nk_186,Nush,2014,0.70673037703152,0.824206189296468,-0.00127047281156478,355.592789721178,490.803169549272,928.528,0.705953654550315,70.70724220882285
274,143.576,0.707699262735426,0.818988288388411,287.152,2014_nk_186,Nush,2014,0.706687953243755,0.823044984393406,-0.00116120490306248,355.592789721178,490.803169549272,928.528,0.705953654550315,70.70724220882285
275,144.1,0.706433866048974,0.827009807133759,288.2,2014_nk_186,Nush,2014,0.706698976806092,0.822169835581111,-8.7514881229411e-4,355.592789721178,490.803169549272,928.528,0.705953654550315,70.70724220882285
276,144.624,0.707371147125371,0.83329874343181,289.248,2014_nk_186,Nush,2014,0.706682780807159,0.82132966340984,-8.4017217127163e-4,355.592789721178,490.803169549272,928.528,0.705953654550315,70.70724220882285
277,145.148,0.706370946948387,0.838906842595651,290.296,2014_nk_186,Nush,2014,0.706664322437375,0.820626405110807,-7.0325829903261e-4,355.592789721178,490.803169549272,928.528,0.705953654550315,70.70724220882285
278,145.672,0.704718390727984,0.82829117648645,291.344,2014_nk_186,Nush,2014,0.70663559049178,0.820025568771579,-6.0083633922847e-4,355.592789721178,490.803169549272,928.528,0.705953654550315,70.70724220882285
279,146.196,0.707008122499487,0.800947158178432,292.392,2014_nk_186,Nush,2014,0.706639108054409,0.819469954561816,-5.5561420976246e-4,355.592789721178,490.803169549272,928.528,0.705953654550315,70.70724220882285
280,146.72,0.708808955887153,0.800293629427443,293.44,2014_nk_186,Nush,2014,0.706621422601093,0.81907585421968,-3.9410034213593e-4,355.592789721178,490.803169549272,928.528,0.705953654550315,70.70724220882285
281,147.244,0.70705431278088,0.810644781533949,294.488,2014_nk_186,Nush,2014,0.706611113052342,0.818137354501183,-9.3849971849779e-4,355.592789721178,490.803169549272,928.528,0.705953654550315,70.70724220882285
282,147.768,0.708642247656912,0.796273144540009,295.536,2014_nk_186,Nush,2014,0.706589219575222,0.817231630897617,-9.0572360356544e-4,355.592789721178,490.803169549272,928.528,0.705953654550315,70.70724220882285
283,148.292,0.705091570554882,0.798442578372471,296.584,2014_nk_186,Nush,2014,0.706574226068083,0.816426558149838,-8.0507274777896e-4,355.592789721178,490.803169549272,928.528,0.705953654550315,70.70724220882285
284,148.816,0.706395025911146,0.800948155151639,297.632,2014_nk_186,Nush,2014,0.706584696006837,0.815753958821895,-6.7259932794272e-4,355.592789721178,490.803169549272,928.528,0.705953654550315,70.70724220882285
285,149.34,0.706878603528212,0.808799128433437,298.68,2014_nk_186,Nush,2014,0.706572710688627,0.814551226114528,-0.00120273270736748,355.592789721178,490.803169549272,928.528,0.705953654550315,70.70724220882285
286,149.864,0.70562764884159,0.806300263760504,299.728,2014_nk_186,Nush,2014,0.706581148278492,0.81332857010809,-0.00122265600643845,355.592789721178,490.803169549272,928.528,0.705953654550315,70.70724220882285
287,150.388,0.706982726578276,0.802174971839386,300.776,2014_nk_186,Nush,2014,0.706574092282536,0.812485155988846,-8.4341411924371e-4,355.592789721178,490.803169549272,928.528,0.705953654550315,70.70724220882285
288,150.912,0.706736356919653,0.792691182640682,301.824,2014_nk_186,Nush,2014,0.706566861357254,0.811595496303045,-8.8965968580034e-4,355.592789721178,490.803169549272,928.528,0.705953654550315,70.70724220882285
289,151.436,0.706738561179777,0.813205233199805,302.872,2014_nk_186,Nush,2014,0.706519830198009,0.810100314081398,-0.00149518222164724,355.592789721178,490.803169549272,928.528,0.705953654550315,70.70724220882285
290,151.96,0.707350708704983,0.798927312162146,303.92,2014_nk_186,Nush,2014,0.706472684886225,0.808497982624598,-0.00160233145679978,355.592789721178,490.803169549272,928.528,0.705953654550315,70.70724220882285
291,152.484,0.707523435948942,0.799711127338095,304.968,2014_nk_186,Nush,2014,0.706504738687002,0.806986264307827,-0.00151171831677177,355.592789721178,490.803169549272,928.528,0.705953654550315,70.70724220882285
292,153.008,0.704716778717718,0.795620288667799,306.016,2014_nk_186,Nush,2014,0.706477418802773,0.805549690234975,-0.00143657407285169,355.592789721178,490.803169549272,928.528,0.705953654550315,70.70724220882285
293,153.532,0.706400363279919,0.789210263155458,307.064,2014_nk_186,Nush,2014,0.706488695100618,0.804032939873095,-0.00151675036188026,355.592789721178,490.803169549272,928.528,0.705953654550315,70.70724220882285
294,154.056,0.707054460404362,0.808436887231797,308.112,2014_nk_186,Nush,2014,0.706487267523764,0.802804825252163,-0.00122811462093131,355.592789721178,490.803169549272,928.528,0.705953654550315,70.70724220882285
295,154.58,0.707501214758206,0.816720138004111,309.16,2014_nk_186,Nush,2014,0.706484583193347,0.801301180783697,-0.00150364446846663,355.592789721178,490.803169549272,928.528,0.705953654550315,70.70724220882285
296,155.104,0.704636702088664,0.800822542138236,310.208,2014_nk_186,Nush,2014,0.706471284418288,0.799696072287751,-0.00160510849594553,355.592789721178,490.803169549272,928.528,0.705953654550315,70.70724220882285
297,155.628,0.706054315874525,0.807148975022406,311.256,2014_nk_186,Nush,2014,0.7064678767609,0.798572093735193,-0.00112397855255775,355.592789721178,490.803169549272,928.528,0.705953654550315,70.70724220882285
298,156.152,0.705929733286178,0.808963450904618,312.304,2014_nk_186,Nush,2014,0.706448840402561,0.797587514717385,-9.8457901780801e-4,355.592789721178,490.803169549272,928.528,0.705953654550315,70.70724220882285
299,156.676,0.707166050370643,0.783922508271508,313.352,2014_nk_186,Nush,2014,0.706417980865704,0.796827389483045,-7.6012523434076e-4,355.592789721178,490.803169549272,928.528,0.705953654550315,70.70724220882285
300,157.2,0.706473582384098,0.789643787404756,314.4,2014_nk_186,Nush,2014,0.706436288407297,0.796416822172448,-4.1056731059641e-4,355.592789721178,490.803169549272,928.528,0.705953654550315,70.70724220882285
301,157.724,0.707614700580797,0.78330423112279,315.448,2014_nk_186,Nush,2014,0.706476946234447,0.795615105349706,-8.0171682274199e-4,355.592789721178,490.803169549272,928.528,0.705953654550315,70.70724220882285
302,158.248,0.707204635037653,0.785652885604143,316.496,2014_nk_186,Nush,2014,0.706481988406671,0.794669498419925,-9.4560692978107e-4,355.592789721178,490.803169549272,928.528,0.705953654550315,70.70724220882285
303,158.772,0.707526170097262,0.78884534724013,317.544,2014_nk_186,Nush,2014,0.70646482859805,0.7939401036731,-7.2939474682498e-4,355.592789721178,490.803169549272,928.528,0.705953654550315,70.70724220882285
304,159.296,0.703737324126701,0.793472183131667,318.592,2014_nk_186,Nush,2014,0.70640529415621,0.793322111396651,-6.1799227644898e-4,355.592789721178,490.803169549272,928.528,0.705953654550315,70.70724220882285
305,159.82,0.705755451679968,0.804273861431264,319.64,2014_nk_186,Nush,2014,0.706410085006928,0.792804975341064,-5.1713605558734e-4,355.592789721178,490.803169549272,928.528,0.705953654550315,70.70724220882285
306,160.344,0.705990630820612,0.809229140838844,320.688,2014_nk_186,Nush,2014,0.70641797966064,0.791967416918943,-8.3755842212118e-4,355.592789721178,490.803169549272,928.528,0.705953654550315,70.70724220882285
307,160.868,0.704857190139747,0.817023693108824,321.736,2014_nk_186,Nush,2014,0.7063990242929,0.790943522063334,-0.00102389485560872,355.592789721178,490.803169549272,928.528,0.705953654550315,70.70724220882285
308,161.392,0.705449718558252,0.817831710372607,322.784,2014_nk_186,Nush,2014,0.706430042476192,0.790140307849424,-8.0321421390983e-4,355.592789721178,490.803169549272,928.528,0.705953654550315,70.70724220882285
309,161.916,0.706280681609794,0.816538303848727,323.832,2014_nk_186,Nush,2014,0.706429294377657,0.789751880314937,-3.884275344872e-4,355.592789721178,490.803169549272,928.528,0.705953654550315,70.70724220882285
310,162.44,0.705404314657977,0.8193310537685,324.88,2014_nk_186,Nush,2014,0.706356015816153,0.789203880190315,-5.4800012462175e-4,355.592789721178,490.803169549272,928.528,0.705953654550315,70.70724220882285
311,162.964,0.707824898554012,0.805892216938995,325.928,2014_nk_186,Nush,2014,0.706347471597112,0.788338263701489,-8.6561648882643e-4,355.592789721178,490.803169549272,928.528,0.705953654550315,70.70724220882285
312,163.488,0.704460834235983,0.795672739112987,326.976,2014_nk_186,Nush,2014,0.706295780357172,0.787903640299781,-4.3462340170741e-4,355.592789721178,490.803169549272,928.528,0.705953654550315,70.70724220882285
313,164.012,0.706432804009272,0.797618685257145,328.024,2014_nk_186,Nush,2014,0.706317820055357,0.787079229670243,-8.2441062953875e-4,355.592789721178,490.803169549272,928.528,0.705953654550315,70.70724220882285
314,164.536,0.705960309331011,0.800391290420337,329.072,2014_nk_186,Nush,2014,0.706304945998752,0.78622811611473,-8.5111355551248e-4,355.592789721178,490.803169549272,928.528,0.705953654550315,70.70724220882285
315,165.06,0.706143132351945,0.784346755128647,330.12,2014_nk_186,Nush,2014,0.706294912380265,0.785257163222996,-9.7095289173365e-4,355.592789721178,490.803169549272,928.528,0.705953654550315,70.70724220882285
316,165.584,0.707625661132589,0.777317004802165,331.168,2014_nk_186,Nush,2014,0.706298741176047,0.784042472489619,-0.00121469073337777,355.592789721178,490.803169549272,928.528,0.705953654550315,70.70724220882285
317,166.108,0.706889133941086,0.788119770383432,332.216,2014_nk_186,Nush,2014,0.706268312625507,0.782390798516812,-0.0016516739728063,355.592789721178,490.803169549272,928.528,0.705953654550315,70.70724220882285
318,166.632,0.706378906043296,0.794012877665085,333.264,2014_nk_186,Nush,2014,0.706239902734244,0.780762559215718,-0.00162823930109468,355.592789721178,490.803169549272,928.528,0.705953654550315,70.70724220882285
319,167.156,0.705215482628672,0.764448647207766,334.312,2014_nk_186,Nush,2014,0.706209652357009,0.778833181772266,-0.00192937744345167,355.592789721178,490.803169549272,928.528,0.705953654550315,70.70724220882285
320,167.68,0.704550431550462,0.761046194457873,335.36,2014_nk_186,Nush,2014,0.706193271042372,0.77716779998147,-0.00166538179079589,355.592789721178,490.803169549272,928.528,0.705953654550315,70.70724220882285
321,168.204,0.708446119185744,0.751808144171176,336.408,2014_nk_186,Nush,2014,0.706170930941883,0.775494607004462,-0.0016731929770083,355.592789721178,490.803169549272,928.528,0.705953654550315,70.70724220882285
322,168.728,0.705268478604881,0.746800545375977,337.456,2014_nk_186,Nush,2014,0.706212636188348,0.773812199801007,-0.00168240720345481,355.592789721178,490.803169549272,928.528,0.705953654550315,70.70724220882285
323,169.252,0.708906859460585,0.745047752719253,338.504,2014_nk_186,Nush,2014,0.706209511843507,0.772318890404927,-0.00149330939608017,355.592789721178,490.803169549272,928.528,0.705953654550315,70.70724220882285
324,169.776,0.706389996719739,0.750148102740445,339.552,2014_nk_186,Nush,2014,0.706176454665034,0.770680353226523,-0.00163853717840401,355.592789721178,490.803169549272,928.528,0.705953654550315,70.70724220882285
325,170.3,0.707473460530873,0.748659542378268,340.6,2014_nk_186,Nush,2014,0.706130209603026,0.768876389942067,-0.00180396328445609,355.592789721178,490.803169549272,928.528,0.705953654550315,70.70724220882285
326,170.824,0.704886894618455,0.742458188542718,341.648,2014_nk_186,Nush,2014,0.706144514614346,0.767199807607748,-0.00167658233431878,355.592789721178,490.803169549272,928.528,0.705953654550315,70.70724220882285
327,171.348,0.705666832070076,0.765852965496522,342.696,2014_nk_186,Nush,2014,0.706149882944117,0.765538957710464,-0.00166084989728443,355.592789721178,490.803169549272,928.528,0.705953654550315,70.70724220882285
328,171.872,0.705915486630849,0.770758437050015,343.744,2014_nk_186,Nush,2014,0.706148370103373,0.764081811456155,-0.00145714625430848,355.592789721178,490.803169549272,928.528,0.705953654550315,70.70724220882285
329,172.396,0.70593206037799,0.788446795250543,344.792,2014_nk_186,Nush,2014,0.706141761983394,0.762931281351171,-0.00115053010498445,355.592789721178,490.803169549272,928.528,0.705953654550315,70.70724220882285
330,172.92,0.706164560638247,0.790842142963785,345.84,2014_nk_186,Nush,2014,0.706150631614195,0.761809140269146,-0.00112214108202413,355.592789721178,490.803169549272,928.528,0.705953654550315,70.70724220882285
331,173.444,0.70879182823296,0.77923348822394,346.888,2014_nk_186,Nush,2014,0.706122659048101,0.76086012757608,-9.4901269306624e-4,355.592789721178,490.803169549272,928.528,0.705953654550315,70.70724220882285
332,173.968,0.707211823089115,0.78380881182669,347.936,2014_nk_186,Nush,2014,0.706104577249253,0.759844789439054,-0.00101533813702637,355.592789721178,490.803169549272,928.528,0.705953654550315,70.70724220882285
333,174.492,0.70616781289406,0.791830346389983,348.984,2014_nk_186,Nush,2014,0.706080714094586,0.758706811620424,-0.00113797781862979,355.592789721178,490.803169549272,928.528,0.705953654550315,70.70724220882285
334,175.016,0.704127196225016,0.781908751801468,350.032,2014_nk_186,Nush,2014,0.706133095056957,0.757482461479292,-0.00122435014113187,355.592789721178,490.803169549272,928.528,0.705953654550315,70.70724220882285
335,175.54,0.70672131709206,0.795981643798522,351.08,2014_nk_186,Nush,2014,0.706148984218984,0.756217766155335,-0.00126469532395768,355.592789721178,490.803169549272,928.528,0.705953654550315,70.70724220882285
336,176.064,0.707844826348088,0.783045238104534,352.128,2014_nk_186,Nush,2014,0.70614228382078,0.75501825383574,-0.00119951231959492,355.592789721178,490.803169549272,928.528,0.705953654550315,70.70724220882285
337,176.588,0.70523362488398,0.77747315125913,353.176,2014_nk_186,Nush,2014,0.706147950197898,0.753704608203494,-0.00131364563224579,355.592789721178,490.803169549272,928.528,0.705953654550315,70.70724220882285
338,177.112,0.706579481725486,0.780098323651864,354.224,2014_nk_186,Nush,2014,0.706161048640044,0.7526078996064,-0.00109670859709399,355.592789721178,490.803169549272,928.528,0.705953654550315,70.70724220882285
339,177.636,0.706963236587424,0.777641506109201,355.272,2014_nk_186,Nush,2014,0.706150031987075,0.751362884217739,-0.00124501538866129,355.592789721178,490.803169549272,928.528,0.705953654550315,70.70724220882285
340,178.16,0.704412242196862,0.767413621950133,356.32,2014_nk_186,Nush,2014,0.706167547227664,0.749960665815392,-0.00140221840234611,355.592789721178,490.803169549272,928.528,0.705953654550315,70.70724220882285
341,178.684,0.706541659638455,0.758707792204367,357.368,2014_nk_186,Nush,2014,0.706140196341185,0.748862820575271,-0.00109784524012113,355.592789721178,490.803169549272,928.528,0.705953654550315,70.70724220882285
342,179.208,0.705540773260498,0.770195740437561,358.416,2014_nk_186,Nush,2014,0.706172046524637,0.74791805797826,-9.4476259701137e-4,355.592789721178,490.803169549272,928.528,0.705953654550315,70.70724220882285
343,179.732,0.706413952446003,0.748977940600149,359.464,2014_nk_186,Nush,2014,0.706166946088066,0.747143238942897,-7.7481903536325e-4,355.592789721178,490.803169549272,928.528,0.705953654550315,70.70724220882285
344,180.256,0.705622582514815,0.749881341820888,360.512,2014_nk_186,Nush,2014,0.706191679232268,0.746440689086578,-7.025498563189e-4,355.592789721178,490.803169549272,928.528,0.705953654550315,70.70724220882285
345,180.78,0.706276586418996,0.750541954929423,361.56,2014_nk_186,Nush,2014,0.706211019259794,0.746087373818278,-3.533152682994e-4,355.592789721178,490.803169549272,928.528,0.705953654550315,70.70724220882285
346,181.304,0.705857376588539,0.733418819757835,362.608,2014_nk_186,Nush,2014,0.706187973504512,0.745751373072838,-3.3600074544071e-4,355.592789721178,490.803169549272,928.528,0.705953654550315,70.70724220882285
347,181.828,0.705157013545857,0.703074533471002,363.656,2014_nk_186,Nush,2014,0.706159620795481,0.745261298874588,-4.9007419824964e-4,355.592789721178,490.803169549272,928.528,0.705953654550315,70.70724220882285
348,182.352,0.705031763443895,0.694996824575003,364.704,2014_nk_186,Nush,2014,0.706155525145252,0.744518559188277,-7.4273968631077e-4,355.592789721178,490.803169549272,928.528,0.705953654550315,70.70724220882285
349,182.876,0.704923538545642,0.69744258659271,365.752,2014_nk_186,Nush,2014,0.706173409748908,0.74406096036752,-4.5759882075724e-4,355.592789721178,490.803169549272,928.528,0.705953654550315,70.70724220882285
350,183.4,0.706367829826796,0.699004404714388,366.8,2014_nk_186,Nush,2014,0.706194960749834,0.743673236717602,-3.8772364991801e-4,355.592789721178,490.803169549272,928.528,0.705953654550315,70.70724220882285
351,183.924,0.706183029919556,0.699319548717599,367.848,2014_nk_186,Nush,2014,0.706156087931897,0.743956305585485,2.8306886788254e-4,355.592789721178,490.803169549272,928.528,0.705953654550315,70.70724220882285
352,184.448,0.707219093505628,0.694675856460508,368.896,2014_nk_186,Nush,2014,0.706159112350543,0.74413611447323,1.7980888774504e-4,355.592789721178,490.803169549272,928.528,0.705953654550315,70.70724220882285
353,184.972,0.706212902589484,0.699611699390648,369.944,2014_nk_186,Nush,2014,0.706098636256579,0.7442771226432,1.4100816997009e-4,355.592789721178,490.803169549272,928.528,0.705953654550315,70.70724220882285
354,185.496,0.705071029695973,0.710124656527558,370.992,2014_nk_186,Nush,2014,0.706104748358941,0.744514666578769,2.3754393556962e-4,355.592789721178,490.803169549272,928.528,0.705953654550315,70.70724220882285
355,186.02,0.704726511037737,0.708482340936745,372.04,2014_nk_186,Nush,2014,0.706061158361733,0.744525716213464,1.10496346947819e-5,355.592789721178,490.803169549272,928.528,0.705953654550315,70.70724220882285
356,186.544,0.70549500276787,0.700227602079114,373.088,2014_nk_186,Nush,2014,0.70609312149899806,0.744681059080136,1.5534286667229e-4,355.592789721178,490.803169549272,928.528,0.705953654550315,70.70724220882285
357,187.068,0.706376415660785,0.707497981185341,374.136,2014_nk_186,Nush,2014,0.706082830664764,0.744456993226174,-2.2406585396272e-4,355.592789721178,490.803169549272,928.528,0.705953654550315,70.70724220882285
358,187.592,0.705838962841512,0.721534675646107,375.184,2014_nk_186,Nush,2014,0.706058956574686,0.744231382095216,-2.2561113095742e-4,355.592789721178,490.803169549272,928.528,0.705953654550315,70.70724220882285
359,188.116,0.70676956317189,0.71489070197244,376.232,2014_nk_186,Nush,2014,0.706029862274453,0.743682140238087,-5.4924185712912e-4,355.592789721178,490.803169549272,928.528,0.705953654550315,70.70724220882285
360,188.64,0.707005760232181,0.722315322483307,377.28,2014_nk_186,Nush,2014,0.706008927238859,0.743212483334197,-4.6965690388978e-4,355.592789721178,490.803169549272,928.528,0.705953654550315,70.70724220882285
361,189.164,0.705936346615144,0.726363469538819,378.328,2014_nk_186,Nush,2014,0.705995047796785,0.742700819179208,-5.1166415498926e-4,355.592789721178,490.803169549272,928.528,0.705953654550315,70.70724220882285
362,189.688,0.706119727106758,0.724732597382563,379.376,2014_nk_186,Nush,2014,0.705967159549754,0.742021899711322,-6.78919467886e-4,355.592789721178,490.803169549272,928.528,0.705953654550315,70.70724220882285
363,190.212,0.706094380817286,0.720566678122342,380.424,2014_nk_186,Nush,2014,0.705951546316945,0.741405730222436,-6.1616948888643e-4,355.592789721178,490.803169549272,928.528,0.705953654550315,70.70724220882285
364,190.736,0.706880181868957,0.720011174663757,381.472,2014_nk_186,Nush,2014,0.70597324650856,0.740989845667993,-4.1588455444274e-4,355.592789721178,490.803169549272,928.528,0.705953654550315,70.70724220882285
365,191.26,0.70670880140157,0.728392141993799,382.52,2014_nk_186,Nush,2014,0.705960104293598,0.740303578414478,-6.8626725351472e-4,355.592789721178,490.803169549272,928.528,0.705953654550315,70.70724220882285
366,191.784,0.70558860692838,0.737258401663146,383.568,2014_nk_186,Nush,2014,0.705933910419729,0.739614247705529,-6.8933070894949e-4,355.592789721178,490.803169549272,928.528,0.705953654550315,70.70724220882285
367,192.308,0.705197172766842,0.738204955174078,384.616,2014_nk_186,Nush,2014,0.705949971262017,0.739100920350779,-5.1332735474929e-4,355.592789721178,490.803169549272,928.528,0.705953654550315,70.70724220882285
368,192.832,0.706235625086996,0.752029194546966,385.664,2014_nk_186,Nush,2014,0.705935729288178,0.738478518724367,-6.2240162641213e-4,355.592789721178,490.803169549272,928.528,0.705953654550315,70.70724220882285
369,193.356,0.705619682431634,0.741837380529049,386.712,2014_nk_186,Nush,2014,0.705914252605926,0.737859960307425,-6.1855841694258e-4,355.592789721178,490.803169549272,928.528,0.705953654550315,70.70724220882285
370,193.88,0.7064552290933,0.735197949627742,387.76,2014_nk_186,Nush,2014,0.705945642149774,0.737416121144552,-4.4383916287282e-4,355.592789721178,490.803169549272,928.528,0.705953654550315,70.70724220882285
371,194.404,0.706183845365307,0.740021502531729,388.808,2014_nk_186,Nush,2014,0.705910855743552,0.736904496689463,-5.1162445508901e-4,355.592789721178,490.803169549272,928.528,0.705953654550315,70.70724220882285
372,194.928,0.706371845243104,0.738986983292298,389.856,2014_nk_186,Nush,2014,0.705917103507274,0.736098365854419,-8.061308350441e-4,355.592789721178,490.803169549272,928.528,0.705953654550315,70.70724220882285
373,195.452,0.706126777815014,0.751129543135353,390.904,2014_nk_186,Nush,2014,0.705947021091883,0.735632606075634,-4.6575977878493e-4,355.592789721178,490.803169549272,928.528,0.705953654550315,70.70724220882285
374,195.976,0.70744429798312,0.758238299041203,391.952,2014_nk_186,Nush,2014,0.70593687478827,0.735172467051159,-4.6013902447505e-4,355.592789721178,490.803169549272,928.528,0.705953654550315,70.70724220882285
375,196.5,0.707303534003503,0.763147839030678,393,2014_nk_186,Nush,2014,0.705919195828383,0.734559577656271,-6.1288939488801e-4,355.592789721178,490.803169549272,928.528,0.705953654550315,70.70724220882285
376,197.024,0.706242915815675,0.757156960075728,394.048,2014_nk_186,Nush,2014,0.705943502226138,0.734194894932908,-3.646827233622e-4,355.592789721178,490.803169549272,928.528,0.705953654550315,70.70724220882285
377,197.548,0.705187971399221,0.758715318488446,395.096,2014_nk_186,Nush,2014,0.705930031368829,0.734307172805618,1.1227787270995e-4,355.592789721178,490.803169549272,928.528,0.705953654550315,70.70724220882285
378,198.072,0.706133167029548,0.749448496486437,396.144,2014_nk_186,Nush,2014,0.705947260559697,0.734688520638775,3.8134783315702e-4,355.592789721178,490.803169549272,928.528,0.705953654550315,70.70724220882285
379,198.596,0.706288558848051,0.736992717962334,397.192,2014_nk_186,Nush,2014,0.705957888393893,0.735117496130465,4.2897549168952e-4,355.592789721178,490.803169549272,928.528,0.705953654550315,70.70724220882285
380,199.12,0.705843491606003,0.737782775462792,398.24,2014_nk_186,Nush,2014,0.705951264570788,0.735409451828309,2.9195569784401e-4,355.592789721178,490.803169549272,928.528,0.705953654550315,70.70724220882285
381,199.644,0.70611375010956,0.768792276244126,399.288,2014_nk_186,Nush,2014,0.705944552050876,0.735701213387704,2.9176155939458e-4,355.592789721178,490.803169549272,928.528,0.705953654550315,70.70724220882285
382,200.168,0.705449943723613,0.757589078640677,400.336,2014_nk_186,Nush,2014,0.705940708966933,0.736033407610287,3.3219422258301e-4,355.592789721178,490.803169549272,928.528,0.705953654550315,70.70724220882285
383,200.692,0.705278293822749,0.75350824291746,401.384,2014_nk_186,Nush,2014,0.705934287039773,0.736163833407012,1.3042579672561e-4,355.592789721178,490.803169549272,928.528,0.705953654550315,70.70724220882285
384,201.216,0.706756722861447,0.764400738874616,402.432,2014_nk_186,Nush,2014,0.705944520420399,0.735998091891924,-1.6574151508852e-4,355.592789721178,490.803169549272,928.528,0.705953654550315,70.70724220882285
385,201.74,0.704858060698391,0.749322520459951,403.48,2014_nk_186,Nush,2014,0.705978325012438,0.735674148277089,-3.2394361483467e-4,355.592789721178,490.803169549272,928.528,0.705953654550315,70.70724220882285
386,202.264,0.706804682854362,0.751778760543058,404.528,2014_nk_186,Nush,2014,0.705991235376032,0.735314588356181,-3.5955992090785e-4,355.592789721178,490.803169549272,928.528,0.705953654550315,70.70724220882285
387,202.788,0.70504938201605,0.752409014258759,405.576,2014_nk_186,Nush,2014,0.705989927064553,0.734829107230923,-4.854811252577e-4,355.592789721178,490.803169549272,928.528,0.705953654550315,70.70724220882285
388,203.312,0.704483041226153,0.757221769192567,406.624,2014_nk_186,Nush,2014,0.706003239217454,0.734227275184736,-6.0183204618713e-4,355.592789721178,490.803169549272,928.528,0.705953654550315,70.70724220882285
389,203.836,0.704186402363985,0.755492283822798,407.672,2014_nk_186,Nush,2014,0.705982205789615,0.733833318084553,-3.9395710018352e-4,355.592789721178,490.803169549272,928.528,0.705953654550315,70.70724220882285
390,204.36,0.704908458502617,0.762662728730397,408.72,2014_nk_186,Nush,2014,0.705930219845581,0.733377594144075,-4.5572394047732e-4,355.592789721178,490.803169549272,928.528,0.705953654550315,70.70724220882285
391,204.884,0.707959061708552,0.748533638924589,409.768,2014_nk_186,Nush,2014,0.7059587923672,0.732680526548937,-6.9706759513854e-4,355.592789721178,490.803169549272,928.528,0.705953654550315,70.70724220882285
392,205.408,0.705538528267255,0.743073643753529,410.816,2014_nk_186,Nush,2014,0.705937620901021,0.731990588565983,-6.8993798295347e-4,355.592789721178,490.803169549272,928.528,0.705953654550315,70.70724220882285
393,205.932,0.705231018925487,0.754860177056797,411.864,2014_nk_186,Nush,2014,0.705910889362743,0.731300357193004,-6.9023137297963e-4,355.592789721178,490.803169549272,928.528,0.705953654550315,70.70724220882285
394,206.456,0.705429207721913,0.756955678534903,412.912,2014_nk_186,Nush,2014,0.705910382094556,0.730430308819628,-8.7004837337567e-4,355.592789721178,490.803169549272,928.528,0.705953654550315,70.70724220882285
395,206.98,0.705932784194384,0.754805608587637,413.96,2014_nk_186,Nush,2014,0.705913376261524,0.729518375984954,-0.00091193283467393995,355.592789721178,490.803169549272,928.528,0.705953654550315,70.70724220882285
396,207.504,0.706273193915942,0.741685395567563,415.008,2014_nk_186,Nush,2014,0.705919538967455,0.72842015720733,-0.00109821877762417,355.592789721178,490.803169549272,928.528,0.705953654550315,70.70724220882285
397,208.028,0.706197275421276,0.746673509974174,416.056,2014_nk_186,Nush,2014,0.705940707380774,0.727228371554483,-0.00119178565284694,355.592789721178,490.803169549272,928.528,0.705953654550315,70.70724220882285
398,208.552,0.705724963295119,0.742754226067132,417.104,2014_nk_186,Nush,2014,0.705932151578324,0.725857668310292,-0.00137070324419108,355.592789721178,490.803169549272,928.528,0.705953654550315,70.70724220882285
399,209.076,0.705674635652307,0.740528001092642,418.152,2014_nk_186,Nush,2014,0.705956289783663,0.724584410748056,-0.00127325756223595,355.592789721178,490.803169549272,928.528,0.705953654550315,70.70724220882285
400,209.6,0.706295614827741,0.740783272177765,419.2,2014_nk_186,Nush,2014,0.705958931908766,0.723249433158508,-0.00133497758954826,355.592789721178,490.803169549272,928.528,0.705953654550315,70.70724220882285
401,210.124,0.704454475265103,0.728010324899031,420.248,2014_nk_186,Nush,2014,0.705945975276203,0.721861468921313,-0.00138796423719523,355.592789721178,490.803169549272,928.528,0.705953654550315,70.70724220882285
402,210.648,0.705915639083866,0.721827890334909,421.296,2014_nk_186,Nush,2014,0.705950277592848,0.720575767657778,-0.00128570126353433,355.592789721178,490.803169549272,928.528,0.705953654550315,70.70724220882285
403,211.172,0.708209007522516,0.72103235387306,422.344,2014_nk_186,Nush,2014,0.705920961799652,0.719150187074595,-0.00142558058318343,355.592789721178,490.803169549272,928.528,0.705953654550315,70.70724220882285
404,211.696,0.705013804298019,0.722273000352384,423.392,2014_nk_186,Nush,2014,0.705907094364572,0.717517405865708,-0.00163278120888644,355.592789721178,490.803169549272,928.528,0.705953654550315,70.70724220882285
405,212.22,0.705215848825815,0.713768591236147,424.44,2014_nk_186,Nush,2014,0.705866951585798,0.71561958611807,-0.00189781974763836,355.592789721178,490.803169549272,928.528,0.705953654550315,70.70724220882285
406,212.744,0.707315760453818,0.711537856356102,425.488,2014_nk_186,Nush,2014,0.705885680199545,0.713846685233146,-0.00177290088492432,355.592789721178,490.803169549272,928.528,0.705953654550315,70.70724220882285
407,213.268,0.70434876210731,0.709811205833601,426.536,2014_nk_186,Nush,2014,0.705887435013997,0.711909749404407,-0.00193693582873844,355.592789721178,490.803169549272,928.528,0.705953654550315,70.70724220882285
408,213.792,0.706065514895996,0.717877694564422,427.584,2014_nk_186,Nush,2014,0.705905658676747,0.710163169734792,-0.00174657966961522,355.592789721178,490.803169549272,928.528,0.705953654550315,70.70724220882285
409,214.316,0.705561208597365,0.72318111609408,428.632,2014_nk_186,Nush,2014,0.70589326465809,0.708618516087124,-0.00154465364766765,355.592789721178,490.803169549272,928.528,0.705953654550315,70.70724220882285
410,214.84,0.705970400440517,0.716521746585033,429.68,2014_nk_186,Nush,2014,0.705898864001249,0.707010664668308,-0.00160785141881592,355.592789721178,490.803169549272,928.528,0.705953654550315,70.70724220882285
411,215.364,0.705780278724866,0.716825242281274,430.728,2014_nk_186,Nush,2014,0.705875451261074,0.704951752462058,-0.00205891220625054,355.592789721178,490.803169549272,928.528,0.705953654550315,70.70724220882285
412,215.888,0.70698850846904,0.714607509815488,431.776,2014_nk_186,Nush,2014,0.705886044619045,0.702971447373373,-0.00198030508868485,355.592789721178,490.803169549272,928.528,0.705953654550315,70.70724220882285
413,216.412,0.705827586959886,0.70743724719418,432.824,2014_nk_186,Nush,2014,0.705886096713453,0.701076446508345,-0.00189500086502792,355.592789721178,490.803169549272,928.528,0.705953654550315,70.70724220882285
414,216.936,0.705685032533528,0.700180165622245,433.872,2014_nk_186,Nush,2014,0.705884251242909,0.698954916143308,-0.00212153036503715,355.592789721178,490.803169549272,928.528,0.705953654550315,70.70724220882285
415,217.46,0.706754786560072,0.689045724046661,434.92,2014_nk_186,Nush,2014,0.705890836517017,0.697162307401633,-0.00179260874167542,355.592789721178,490.803169549272,928.528,0.705953654550315,70.70724220882285
416,217.984,0.706269624583536,0.67865400682465,435.968,2014_nk_186,Nush,2014,0.705888447982805,0.695337119407109,-0.00182518799452325,355.592789721178,490.803169549272,928.528,0.705953654550315,70.70724220882285
417,218.508,0.706297916972023,0.678369113669871,437.016,2014_nk_186,Nush,2014,0.70593965572768,0.693497712668029,-0.0018394067390799,355.592789721178,490.803169549272,928.528,0.705953654550315,70.70724220882285
418,219.032,0.706637692015589,0.685424752874879,438.064,2014_nk_186,Nush,2014,0.705968231692965,0.691591846995053,-0.00190586567297646,355.592789721178,490.803169549272,928.528,0.705953654550315,70.70724220882285
419,219.556,0.705507557501546,0.691253275961424,439.112,2014_nk_186,Nush,2014,0.705994748189111,0.68960323896385,-0.00198860803120315,355.592789721178,490.803169549272,928.528,0.705953654550315,70.70724220882285
420,220.08,0.703886603590122,0.69497188605467,440.16,2014_nk_186,Nush,2014,0.706025403532932,0.687575391662267,-0.00202784730158256,355.592789721178,490.803169549272,928.528,0.705953654550315,70.70724220882285
421,220.604,0.707650697912291,0.684539413830511,441.208,2014_nk_186,Nush,2014,0.705996704965516,0.685743573693158,-0.00183181796910958,355.592789721178,490.803169549272,928.528,0.705953654550315,70.70724220882285
422,221.128,0.704849439136028,0.683336318405354,442.256,2014_nk_186,Nush,2014,0.706014686552127,0.683968094770674,-0.0017754789224832,355.592789721178,490.803169549272,928.528,0.705953654550315,70.70724220882285
423,221.652,0.70449048852061,0.679152795743564,443.304,2014_nk_186,Nush,2014,0.70602260486047,0.681969513044574,-0.00199858172610057,355.592789721178,490.803169549272,928.528,0.705953654550315,70.70724220882285
424,222.176,0.7068497457777,0.667808272261216,444.352,2014_nk_186,Nush,2014,0.70605725315614,0.679980803808388,-0.00198870923618566,355.592789721178,490.803169549272,928.528,0.705953654550315,70.70724220882285
425,222.7,0.706888451419685,0.673676171913362,445.4,2014_nk_186,Nush,2014,0.706053402164027,0.678083313467748,-0.00189749034064024,355.592789721178,490.803169549272,928.528,0.705953654550315,70.70724220882285
426,223.224,0.705958369284213,0.671365275005696,446.448,2014_nk_186,Nush,2014,0.706033996260057,0.676477421947936,-0.00160589151981205,355.592789721178,490.803169549272,928.528,0.705953654550315,70.70724220882285
427,223.748,0.706467277566018,0.666697816003262,447.496,2014_nk_186,Nush,2014,0.706034562038548,0.674628753466381,-0.00184866848155507,355.592789721178,490.803169549272,928.528,0.705953654550315,70.70724220882285
428,224.272,0.705722276939964,0.6697869998955,448.544,2014_nk_186,Nush,2014,0.70603692798173,0.672723844656546,-0.00190490880983452,355.592789721178,490.803169549272,928.528,0.705953654550315,70.70724220882285
429,224.796,0.707067974751975,0.665441926794889,449.592,2014_nk_186,Nush,2014,0.706013508033288,0.670749534748226,-0.00197430990831993,355.592789721178,490.803169549272,928.528,0.705953654550315,70.70724220882285
430,225.32,0.706613756599485,0.655099294254849,450.64,2014_nk_186,Nush,2014,0.706049074508613,0.668891456733815,-0.0018580780144114,355.592789721178,490.803169549272,928.528,0.705953654550315,70.70724220882285
431,225.844,0.705406447411532,0.65674364830001,451.688,2014_nk_186,Nush,2014,0.706063542363419,0.667295881058136,-0.00159557567567903,355.592789721178,490.803169549272,928.528,0.705953654550315,70.70724220882285
432,226.368,0.706629984241795,0.66184490748024,452.736,2014_nk_186,Nush,2014,0.70606219991288,0.665759644988013,-0.00153623607012277,355.592789721178,490.803169549272,928.528,0.705953654550315,70.70724220882285
433,226.892,0.704367830223299,0.665594708144345,453.784,2014_nk_186,Nush,2014,0.706025403426338,0.664199852882322,-0.00155979210569102,355.592789721178,490.803169549272,928.528,0.705953654550315,70.70724220882285
434,227.416,0.706612251878308,0.660271426508019,454.832,2014_nk_186,Nush,2014,0.706021732249125,0.662590714811646,-0.00160913807067653,355.592789721178,490.803169549272,928.528,0.705953654550315,70.70724220882285
435,227.94,0.704894967277049,0.649278654172376,455.88,2014_nk_186,Nush,2014,0.706016898372674,0.661191217268087,-0.00139949754355861,355.592789721178,490.803169549272,928.528,0.705953654550315,70.70724220882285
436,228.464,0.707366632640501,0.650782906980273,456.928,2014_nk_186,Nush,2014,0.705979685630543,0.660154328598692,-0.00103688866939478,355.592789721178,490.803169549272,928.528,0.705953654550315,70.70724220882285
437,228.988,0.705293260266344,0.642499168764139,457.976,2014_nk_186,Nush,2014,0.706019300949417,0.65911675543374,-0.00103757316495201,355.592789721178,490.803169549272,928.528,0.705953654550315,70.70724220882285
438,229.512,0.70722658679455,0.644653716309528,459.024,2014_nk_186,Nush,2014,0.706005530889249,0.657628930860707,-0.00148782457303287,355.592789721178,490.803169549272,928.528,0.705953654550315,70.70724220882285
439,230.036,0.705544917728636,0.644313499102274,460.072,2014_nk_186,Nush,2014,0.705987999398696,0.656027642315386,-0.00160128854532138,355.592789721178,490.803169549272,928.528,0.705953654550315,70.70724220882285
440,230.56,0.706179452195532,0.641311690333839,461.12,2014_nk_186,Nush,2014,0.705984957665472,0.654656146670676,-0.00137149564470962,355.592789721178,490.803169549272,928.528,0.705953654550315,70.70724220882285
441,231.084,0.704708985699029,0.645257543869089,462.168,2014_nk_186,Nush,2014,0.706003231964903,0.653150786670185,-0.00150536000049117,355.592789721178,490.803169549272,928.528,0.705953654550315,70.70724220882285
442,231.608,0.706085545201905,0.638770773319588,463.216,2014_nk_186,Nush,2014,0.705959178031236,0.651459964242596,-0.00169082242758889,355.592789721178,490.803169549272,928.528,0.705953654550315,70.70724220882285
443,232.132,0.7052814194872,0.639808191015788,464.264,2014_nk_186,Nush,2014,0.705963147176695,0.649881694424311,-0.00157826981828568,355.592789721178,490.803169549272,928.528,0.705953654550315,70.70724220882285
444,232.656,0.706645994628817,0.637108916972391,465.312,2014_nk_186,Nush,2014,0.705958149888646,0.648367201014064,-0.00151449341024656,355.592789721178,490.803169549272,928.528,0.705953654550315,70.70724220882285
445,233.18,0.705253177144885,0.641765995959426,466.36,2014_nk_186,Nush,2014,0.705970282732824,0.647070428012127,-0.00129677300193709,355.592789721178,490.803169549272,928.528,0.705953654550315,70.70724220882285
446,233.704,0.706661370801632,0.642267480871661,467.408,2014_nk_186,Nush,2014,0.706001918365467,0.645841758146501,-0.00122866986562631,355.592789721178,490.803169549272,928.528,0.705953654550315,70.70724220882285
447,234.228,0.70812184670854,0.642044609913962,468.456,2014_nk_186,Nush,2014,0.705986233735167,0.644867921726843,-9.7383641965753e-4,355.592789721178,490.803169549272,928.528,0.705953654550315,70.70724220882285
448,234.752,0.706197599143238,0.642869828813983,469.504,2014_nk_186,Nush,2014,0.705979986268634,0.643779615867876,-0.00108830585896746,355.592789721178,490.803169549272,928.528,0.705953654550315,70.70724220882285
449,235.276,0.705777392132761,0.636175801950608,470.552,2014_nk_186,Nush,2014,0.705962207110969,0.642610585683595,-0.00116903018428105,355.592789721178,490.803169549272,928.528,0.705953654550315,70.70724220882285
450,235.8,0.706747779131886,0.640991890635438,471.6,2014_nk_186,Nush,2014,0.705968981599941,0.641635896270593,-9.7468941300149e-4,355.592789721178,490.803169549272,928.528,0.705953654550315,70.70724220882285
451,236.324,0.706237147663623,0.638624560778017,472.648,2014_nk_186,Nush,2014,0.705937885161857,0.640788098449444,-8.4779782114918e-4,355.592789721178,490.803169549272,928.528,0.705953654550315,70.70724220882285
452,236.848,0.706617423463901,0.636544908404538,473.696,2014_nk_186,Nush,2014,0.705972716158981,0.639862482308917,-9.2561614052655e-4,355.592789721178,490.803169549272,928.528,0.705953654550315,70.70724220882285
453,237.372,0.705706117426053,0.634945273490762,474.744,2014_nk_186,Nush,2014,0.705956407602188,0.638920349923734,-9.4213238518381e-4,355.592789721178,490.803169549272,928.528,0.705953654550315,70.70724220882285
454,237.896,0.707508105462131,0.637633124363765,475.792,2014_nk_186,Nush,2014,0.705960013372997,0.637918909374841,-0.00100144054889217,355.592789721178,490.803169549272,928.528,0.705953654550315,70.70724220882285
455,238.42,0.705701724667551,0.640956188149213,476.84,2014_nk_186,Nush,2014,0.7059121007951,0.636737844478613,-0.00118106489622871,355.592789721178,490.803169549272,928.528,0.705953654550315,70.70724220882285
456,238.944,0.705108839677789,0.64533190437884,477.888,2014_nk_186,Nush,2014,0.705920438500847,0.635683859666096,-0.00105398481251695,355.592789721178,490.803169549272,928.528,0.705953654550315,70.70724220882285
457,239.468,0.706231222130707,0.635753401080867,478.936,2014_nk_186,Nush,2014,0.705903749422995,0.634657118152787,-0.00102674151330873,355.592789721178,490.803169549272,928.528,0.705953654550315,70.70724220882285
458,239.992,0.705866919886079,0.628459697477061,479.984,2014_nk_186,Nush,2014,0.705947617393557,0.633488571462645,-0.00116854669014177,355.592789721178,490.803169549272,928.528,0.705953654550315,70.70724220882285
459,240.516,0.704269438745775,0.622069406593445,481.032,2014_nk_186,Nush,2014,0.705929716811059,0.632269587848779,-0.00121898361386641,355.592789721178,490.803169549272,928.528,0.705953654550315,70.70724220882285
460,241.04,0.708429603347255,0.629298591313083,482.08,2014_nk_186,Nush,2014,0.705916491807149,0.631265364457004,-0.00100422339177442,355.592789721178,490.803169549272,928.528,0.705953654550315,70.70724220882285
461,241.564,0.705322546553441,0.63227578435829,483.128,2014_nk_186,Nush,2014,0.705936212791502,0.630070393759155,-0.00119497069784991,355.592789721178,490.803169549272,928.528,0.705953654550315,70.70724220882285
462,242.088,0.705835092051511,0.629653726127542,484.176,2014_nk_186,Nush,2014,0.705905711248598,0.628706585394839,-0.0013638083643156,355.592789721178,490.803169549272,928.528,0.705953654550315,70.70724220882285
463,242.612,0.706001218330011,0.627444827531593,485.224,2014_nk_186,Nush,2014,0.705939840995863,0.627265499605106,-0.00144108578973245,355.592789721178,490.803169549272,928.528,0.705953654550315,70.70724220882285
464,243.136,0.704793533665225,0.625724716111793,486.272,2014_nk_186,Nush,2014,0.705942046654557,0.625883094972507,-0.0013824046325992,355.592789721178,490.803169549272,928.528,0.705953654550315,70.70724220882285
465,243.66,0.7049258162388,0.629798738622631,487.32,2014_nk_186,Nush,2014,0.705971631208719,0.624588106619558,-0.00129498835294939,355.592789721178,490.803169549272,928.528,0.705953654550315,70.70724220882285
466,244.184,0.705082995925927,0.649324536192418,488.368,2014_nk_186,Nush,2014,0.705908363904968,0.62323356927363,-0.00135453734592772,355.592789721178,490.803169549272,928.528,0.705953654550315,70.70724220882285
467,244.708,0.706725681239758,0.647556815936479,489.416,2014_nk_186,Nush,2014,0.705915189891357,0.62204691812969,-0.00118665114393968,355.592789721178,490.803169549272,928.528,0.705953654550315,70.70724220882285
468,245.232,0.705239311285904,0.628608220182448,490.464,2014_nk_186,Nush,2014,0.705923411813615,0.620785657871529,-0.00126126025816176,355.592789721178,490.803169549272,928.528,0.705953654550315,70.70724220882285
469,245.756,0.704509319164179,0.627103803374794,491.512,2014_nk_186,Nush,2014,0.705937205230148,0.619378140253733,-0.00140751761779556,355.592789721178,490.803169549272,928.528,0.705953654550315,70.70724220882285
470,246.28,0.705787896447066,0.634232007902457,492.56,2014_nk_186,Nush,2014,0.705985466857027,0.617983506334866,-0.0013946339188669601,355.592789721178,490.803169549272,928.528,0.705953654550315,70.70724220882285
471,246.804,0.706876736690729,0.626503642251807,493.608,2014_nk_186,Nush,2014,0.70601809164579,0.616509728535548,-0.00147377779931857,355.592789721178,490.803169549272,928.528,0.705953654550315,70.70724220882285
472,247.328,0.704345272449036,0.613158164160154,494.656,2014_nk_186,Nush,2014,0.705998584473823,0.615246736857183,-0.00126299167836497,355.592789721178,490.803169549272,928.528,0.705953654550315,70.70724220882285
473,247.852,0.706065735687398,0.612741058097035,495.704,2014_nk_186,Nush,2014,0.705981720590142,0.613825477353355,-0.00142125950382721,355.592789721178,490.803169549272,928.528,0.705953654550315,70.70724220882285
474,248.376,0.70538519525058,0.609310561007452,496.752,2014_nk_186,Nush,2014,0.705975331203755,0.612450498473423,-0.00137497887993254,355.592789721178,490.803169549272,928.528,0.705953654550315,70.70724220882285
475,248.9,0.707482757210774,0.611239343930436,497.8,2014_nk_186,Nush,2014,0.705989140802186,0.610793950854302,-0.00165654761912126,355.592789721178,490.803169549272,928.528,0.705953654550315,70.70724220882285
476,249.424,0.708167762542134,0.604933814887071,498.848,2014_nk_186,Nush,2014,0.705949316746962,0.609295322782701,-0.00149862807160017,355.592789721178,490.803169549272,928.528,0.705953654550315,70.70724220882285
477,249.948,0.705356839154033,0.619938928490419,499.896,2014_nk_186,Nush,2014,0.705938619701555,0.607708092607591,-0.0015872301751102,355.592789721178,490.803169549272,928.528,0.705953654550315,70.70724220882285
478,250.472,0.706262844023615,0.620126401336835,500.944,2014_nk_186,Nush,2014,0.705956660253694,0.606237027832463,-0.00147106477512871,355.592789721178,490.803169549272,928.528,0.705953654550315,70.70724220882285
479,250.996,0.704440808041606,0.62111146490456,501.992,2014_nk_186,Nush,2014,0.705973175673018,0.604943909060058,-0.00129311877240479,355.592789721178,490.803169549272,928.528,0.705953654550315,70.70724220882285
480,251.52,0.704293072928474,0.636490521274583,503.04,2014_nk_186,Nush,2014,0.705970607391586,0.603539664734273,-0.00140424432578456,355.592789721178,490.803169549272,928.528,0.705953654550315,70.70724220882285
481,252.044,0.705784911627241,0.633671544561552,504.088,2014_nk_186,Nush,2014,0.706015531562216,0.602249482319505,-0.00129018241476819,355.592789721178,490.803169549272,928.528,0.705953654550315,70.70724220882285
482,252.568,0.706939298963465,0.627799349973768,505.136,2014_nk_186,Nush,2014,0.706029271712245,0.600929756460412,-0.00131972585909346,355.592789721178,490.803169549272,928.528,0.705953654550315,70.70724220882285
483,253.092,0.703511975113016,0.622624852632539,506.184,2014_nk_186,Nush,2014,0.706034803620558,0.599629728943977,-0.00130002751643443,355.592789721178,490.803169549272,928.528,0.705953654550315,70.70724220882285
484,253.616,0.707066092026264,0.607721839327688,507.232,2014_nk_186,Nush,2014,0.70602188441779,0.598363835494541,-0.00126589344943628,355.592789721178,490.803169549272,928.528,0.705953654550315,70.70724220882285
485,254.14,0.704013696745856,0.602812278139638,508.28,2014_nk_186,Nush,2014,0.706014650831477,0.596927507979408,-0.00143632751513323,355.592789721178,490.803169549272,928.528,0.705953654550315,70.70724220882285
486,254.664,0.706458631629003,0.608126186254682,509.328,2014_nk_186,Nush,2014,0.70606179805998,0.595578251071717,-0.00134925690769017,355.592789721178,490.803169549272,928.528,0.705953654550315,70.70724220882285
487,255.188,0.705465932894893,0.605093325204736,510.376,2014_nk_186,Nush,2014,0.70604566838472,0.594438986109935,-0.00113926496178285,355.592789721178,490.803169549272,928.528,0.705953654550315,70.70724220882285
488,255.712,0.708354355173728,0.599674198486993,511.424,2014_nk_186,Nush,2014,0.706073626144421,0.59343485169426,-0.00100413441567493,355.592789721178,490.803169549272,928.528,0.705953654550315,70.70724220882285
489,256.236,0.705993939802044,0.592302909962908,512.472,2014_nk_186,Nush,2014,0.706039649734588,0.592389412672105,-0.00104543902215426,355.592789721178,490.803169549272,928.528,0.705953654550315,70.70724220882285
490,256.76,0.705820256364922,0.594845890748383,513.52,2014_nk_186,Nush,2014,0.706042287919646,0.591170345459899,-0.0012190672122061,355.592789721178,490.803169549272,928.528,0.705953654550315,70.70724220882285
491,257.284,0.706589706472685,0.585045406429013,514.568,2014_nk_186,Nush,2014,0.706035969124695,0.589920286064099,-0.00125005939580058,355.592789721178,490.803169549272,928.528,0.705953654550315,70.70724220882285
492,257.808,0.704799891667559,0.580016405621302,515.616,2014_nk_186,Nush,2014,0.706073468203847,0.588650985044911,-0.00126930101918765,355.592789721178,490.803169549272,928.528,0.705953654550315,70.70724220882285
493,258.332,0.706415615059242,0.579129560760397,516.664,2014_nk_186,Nush,2014,0.706100826373859,0.587394676413928,-0.00125630863098303,355.592789721178,490.803169549272,928.528,0.705953654550315,70.70724220882285
494,258.856,0.706744591399904,0.577327148552065,517.712,2014_nk_186,Nush,2014,0.706120726842964,0.58628682258846,-0.00110785382546841,355.592789721178,490.803169549272,928.528,0.705953654550315,70.70724220882285
495,259.38,0.706670040526758,0.571579352995416,518.76,2014_nk_186,Nush,2014,0.70612823584584,0.5851953676686,-0.00109145491985962,355.592789721178,490.803169549272,928.528,0.705953654550315,70.70724220882285
496,259.904,0.70357059441545,0.569510666224611,519.808,2014_nk_186,Nush,2014,0.706129298292906,0.58366344644191,-0.00153192122668955,355.592789721178,490.803169549272,928.528,0.705953654550315,70.70724220882285
497,260.428,0.705702819449667,0.571300100127758,520.856,2014_nk_186,Nush,2014,0.706166324010217,0.582188202286014,-0.00147524415589684,355.592789721178,490.803169549272,928.528,0.705953654550315,70.70724220882285
498,260.952,0.707719902130048,0.568978100819817,521.904,2014_nk_186,Nush,2014,0.706192896096566,0.58105377696629,-0.00113442531972385,355.592789721178,490.803169549272,928.528,0.705953654550315,70.70724220882285
499,261.476,0.706372522720647,0.55986244203454,522.952,2014_nk_186,Nush,2014,0.706196351458647,0.579850575179824,-0.00120320178646549,355.592789721178,490.803169549272,928.528,0.705953654550315,70.70724220882285
500,262,0.709075149808247,0.557633655201822,524,2014_nk_186,Nush,2014,0.706196654129597,0.578586580620621,-0.00126399455920334,355.592789721178,490.803169549272,928.528,0.705953654550315,70.70724220882285
501,262.524,0.70666647302478,0.556830875909974,525.048,2014_nk_186,Nush,2014,0.706190231907243,0.577501546517776,-0.00108503410284477,355.592789721178,490.803169549272,928.528,0.705953654550315,70.70724220882285
502,263.048,0.704915114883896,0.562991272617689,526.096,2014_nk_186,Nush,2014,0.70619836547128,0.576648749019508,-8.5279749826816e-4,355.592789721178,490.803169549272,928.528,0.705953654550315,70.70724220882285
503,263.572,0.704269586466383,0.554532620786151,527.144,2014_nk_186,Nush,2014,0.706207998060103,0.575800087833294,-8.4866118621385e-4,355.592789721178,490.803169549272,928.528,0.705953654550315,70.70724220882285
504,264.096,0.706262631445596,0.55461018417644,528.192,2014_nk_186,Nush,2014,0.706207401460781,0.575020843442111,-7.7924439118359e-4,355.592789721178,490.803169549272,928.528,0.705953654550315,70.70724220882285
505,264.62,0.706081753050707,0.542373138812154,529.24,2014_nk_186,Nush,2014,0.706198740664876,0.574200132627465,-8.207108146454e-4,355.592789721178,490.803169549272,928.528,0.705953654550315,70.70724220882285
506,265.144,0.704271927488224,0.552349796575652,530.288,2014_nk_186,Nush,2014,0.706182505743186,0.573538929608775,-6.6120301869032e-4,355.592789721178,490.803169549272,928.528,0.705953654550315,70.70724220882285
507,265.668,0.707480023984133,0.54681079940735,531.336,2014_nk_186,Nush,2014,0.70620139724896,0.572556414392541,-9.8251521623338e-4,355.592789721178,490.803169549272,928.528,0.705953654550315,70.70724220882285
508,266.192,0.707280032271569,0.554605942306263,532.384,2014_nk_186,Nush,2014,0.706205302975679,0.571788526373836,-7.678880187053e-4,355.592789721178,490.803169549272,928.528,0.705953654550315,70.70724220882285
509,266.716,0.706768317292184,0.558588675606314,533.432,2014_nk_186,Nush,2014,0.706260588249615,0.570996404707559,-7.9212166627717e-4,355.592789721178,490.803169549272,928.528,0.705953654550315,70.70724220882285
510,267.24,0.706593682245969,0.556737231088365,534.48,2014_nk_186,Nush,2014,0.706277035167884,0.57001710029692,-9.793044106392e-4,355.592789721178,490.803169549272,928.528,0.705953654550315,70.70724220882285
511,267.764,0.708932597901409,0.561213615891921,535.528,2014_nk_186,Nush,2014,0.706279315420233,0.569132174341238,-8.8492595568223e-4,355.592789721178,490.803169549272,928.528,0.705953654550315,70.70724220882285
512,268.288,0.707441832465666,0.557361356858935,536.576,2014_nk_186,Nush,2014,0.7062294939052,0.568394316397672,-7.3785794356517e-4,355.592789721178,490.803169549272,928.528,0.705953654550315,70.70724220882285
513,268.812,0.706038031924842,0.556943622504695,537.624,2014_nk_186,Nush,2014,0.706248101050695,0.567819271116065,-5.7504528160778e-4,355.592789721178,490.803169549272,928.528,0.705953654550315,70.70724220882285
514,269.336,0.706732953296049,0.561679517397593,538.672,2014_nk_186,Nush,2014,0.706227056968744,0.567518820202674,-3.0045091339048e-4,355.592789721178,490.803169549272,928.528,0.705953654550315,70.70724220882285
515,269.86,0.705267709488718,0.554776537241218,539.72,2014_nk_186,Nush,2014,0.706249926820388,0.567072150851005,-4.4666935166892e-4,355.592789721178,490.803169549272,928.528,0.705953654550315,70.70724220882285
516,270.384,0.707937673388025,0.564376489917428,540.768,2014_nk_186,Nush,2014,0.706236884710821,0.566461994127603,-6.1015672340214e-4,355.592789721178,490.803169549272,928.528,0.705953654550315,70.70724220882285
517,270.908,0.70526344161506,0.567397503373891,541.816,2014_nk_186,Nush,2014,0.706246799080712,0.565994201540221,-4.6779258738216e-4,355.592789721178,490.803169549272,928.528,0.705953654550315,70.70724220882285
518,271.432,0.707544385468157,0.568211632536566,542.864,2014_nk_186,Nush,2014,0.706225020851432,0.565763531429231,-2.3067011098942e-4,355.592789721178,490.803169549272,928.528,0.705953654550315,70.70724220882285
519,271.956,0.702230854155814,0.559343065264192,543.912,2014_nk_186,Nush,2014,0.706250122534303,0.56554628186173606,-2.1724956749502e-4,355.592789721178,490.803169549272,928.528,0.705953654550315,70.70724220882285
520,272.48,0.708587894450701,0.556154558580721,544.96,2014_nk_186,Nush,2014,0.706254650961001,0.56526570314279,-2.805787189466e-4,355.592789721178,490.803169549272,928.528,0.705953654550315,70.70724220882285
521,273.004,0.704943418856399,0.557272220610258,546.008,2014_nk_186,Nush,2014,0.706240472123792,0.565043934740448,-2.21768402342e-4,355.592789721178,490.803169549272,928.528,0.705953654550315,70.70724220882285
522,273.528,0.708085036800644,0.553495664976278,547.056,2014_nk_186,Nush,2014,0.706269488938446,0.564875315679986,-1.6861906046206e-4,355.592789721178,490.803169549272,928.528,0.705953654550315,70.70724220882285
523,274.052,0.707642708530691,0.552066309672613,548.104,2014_nk_186,Nush,2014,0.70624388511107,0.564766801442047,-1.0851423793845e-4,355.592789721178,490.803169549272,928.528,0.705953654550315,70.70724220882285
524,274.576,0.705987561811566,0.559253486583688,549.152,2014_nk_186,Nush,2014,0.706187874962318,0.564651021797546,-1.1577964450093e-4,355.592789721178,490.803169549272,928.528,0.705953654550315,70.70724220882285
525,275.1,0.705376356411342,0.564311443431048,550.2,2014_nk_186,Nush,2014,0.706181491246637,0.564483169270294,-1.6785252725226e-4,355.592789721178,490.803169549272,928.528,0.705953654550315,70.70724220882285
526,275.624,0.705146742749871,0.557409262591044,551.248,2014_nk_186,Nush,2014,0.706241056604891,0.564165424084773,-3.1774518552096e-4,355.592789721178,490.803169549272,928.528,0.705953654550315,70.70724220882285
527,276.148,0.708947224278443,0.559042166582669,552.296,2014_nk_186,Nush,2014,0.70626343459861,0.56370863338948,-4.567906952928e-4,355.592789721178,490.803169549272,928.528,0.705953654550315,70.70724220882285
528,276.672,0.706833636466828,0.56054270099902,553.344,2014_nk_186,Nush,2014,0.706283886217425,0.563347979523065,-3.6065386641537e-4,355.592789721178,490.803169549272,928.528,0.705953654550315,70.70724220882285
529,277.196,0.704716640889046,0.554911696186865,554.392,2014_nk_186,Nush,2014,0.706322155559741,0.563139585684019,-2.0839383904613e-4,355.592789721178,490.803169549272,928.528,0.705953654550315,70.70724220882285
530,277.72,0.70580605670407,0.558392334350253,555.44,2014_nk_186,Nush,2014,0.706253884283971,0.562942051021969,-1.9753466204952e-4,355.592789721178,490.803169549272,928.528,0.705953654550315,70.70724220882285
531,278.244,0.706491403349481,0.561401596081121,556.488,2014_nk_186,Nush,2014,0.706294785598911,0.562887831528644,-5.42194933248474e-5,355.592789721178,490.803169549272,928.528,0.705953654550315,70.70724220882285
532,278.768,0.704833286291257,0.561990314264066,557.536,2014_nk_186,Nush,2014,0.70630330455534,0.562704941263386,-1.828902652583e-4,355.592789721178,490.803169549272,928.528,0.705953654550315,70.70724220882285
533,279.292,0.706643691016759,0.56182138692421,558.584,2014_nk_186,Nush,2014,0.706329760060967,0.562669454446739,-3.54868166471123e-5,355.592789721178,490.803169549272,928.528,0.705953654550315,70.70724220882285
534,279.816,0.705349399291281,0.562555897536434,559.632,2014_nk_186,Nush,2014,0.706323316743793,0.562712209907249,4.27554605099134e-5,355.592789721178,490.803169549272,928.528,0.705953654550315,70.70724220882285
535,280.34,0.706963109456465,0.56199669505171,560.68,2014_nk_186,Nush,2014,0.706292597072952,0.562887345595886,1.7513568863758e-4,355.592789721178,490.803169549272,928.528,0.705953654550315,70.70724220882285
536,280.864,0.707193667240737,0.565261633765652,561.728,2014_nk_186,Nush,2014,0.70634228679137,0.562931493623963,4.41480280762852e-5,355.592789721178,490.803169549272,928.528,0.705953654550315,70.70724220882285
537,281.388,0.706490329500465,0.560988015516414,562.776,2014_nk_186,Nush,2014,0.706292880346325,0.562883119495981,-4.83741279813099e-5,355.592789721178,490.803169549272,928.528,0.705953654550315,70.70724220882285
538,281.912,0.70649718762679,0.574053120214518,563.824,2014_nk_186,Nush,2014,0.70629975836208,0.562554690753221,-3.2842874276084e-4,355.592789721178,490.803169549272,928.528,0.705953654550315,70.70724220882285
539,282.436,0.707757924477763,0.573584164927928,564.872,2014_nk_186,Nush,2014,0.706264648984149,0.562244695074106,-3.0999567911482e-4,355.592789721178,490.803169549272,928.528,0.705953654550315,70.70724220882285
540,282.96,0.70527988802462,0.577732256636236,565.92,2014_nk_186,Nush,2014,0.706246155475506,0.561920907062763,-3.2378801134325e-4,355.592789721178,490.803169549272,928.528,0.705953654550315,70.70724220882285
541,283.484,0.705921726768135,0.58057598722061,566.968,2014_nk_186,Nush,2014,0.706215099504619,0.561521353328103,-3.9955373465994e-4,355.592789721178,490.803169549272,928.528,0.705953654550315,70.70724220882285
542,284.008,0.703950008061535,0.583527873359863,568.016,2014_nk_186,Nush,2014,0.706169137134277,0.561370594596558,-1.5075873154457e-4,355.592789721178,490.803169549272,928.528,0.705953654550315,70.70724220882285
543,284.532,0.704628403842713,0.588122135736072,569.064,2014_nk_186,Nush,2014,0.706153323690078,0.561235302151523,-1.3529244503551e-4,355.592789721178,490.803169549272,928.528,0.705953654550315,70.70724220882285
544,285.056,0.705803447109202,0.589694784524265,570.112,2014_nk_186,Nush,2014,0.706162995311332,0.560891848899938,-3.4345325158435e-4,355.592789721178,490.803169549272,928.528,0.705953654550315,70.70724220882285
545,285.58,0.705385887844481,0.576012117039494,571.16,2014_nk_186,Nush,2014,0.70613925924622,0.560657022801882,-2.3482609805591e-4,355.592789721178,490.803169549272,928.528,0.705953654550315,70.70724220882285
546,286.104,0.705676105054951,0.571516782850553,572.208,2014_nk_186,Nush,2014,0.706143655942258,0.560306292219427,-3.5073058245505e-4,355.592789721178,490.803169549272,928.528,0.705953654550315,70.70724220882285
547,286.628,0.70606079508836,0.577025769961808,573.256,2014_nk_186,Nush,2014,0.706133157356768,0.559947108200669,-3.5918401875867e-4,355.592789721178,490.803169549272,928.528,0.705953654550315,70.70724220882285
548,287.152,0.707047661416967,0.585833991827624,574.304,2014_nk_186,Nush,2014,0.706105325267245,0.55963189724445,-3.1521095621833e-4,355.592789721178,490.803169549272,928.528,0.705953654550315,70.70724220882285
549,287.676,0.707500040774268,0.579267935913206,575.352,2014_nk_186,Nush,2014,0.70614372870869,0.559390824441719,-2.4107280273166e-4,355.592789721178,490.803169549272,928.528,0.705953654550315,70.70724220882285
550,288.2,0.706091961966832,0.57801116761159,576.4,2014_nk_186,Nush,2014,0.706128278784497,0.559110502662876,-2.8032177884274e-4,355.592789721178,490.803169549272,928.528,0.705953654550315,70.70724220882285
551,288.724,0.705738976240156,0.571739302288495,577.448,2014_nk_186,Nush,2014,0.706152990234306,0.55887292332357,-2.3757933930612e-4,355.592789721178,490.803169549272,928.528,0.705953654550315,70.70724220882285
552,289.248,0.706540900546765,0.569899261993579,578.496,2014_nk_186,Nush,2014,0.706124924361037,0.558555381549208,-3.1754177436205e-4,355.592789721178,490.803169549272,928.528,0.705953654550315,70.70724220882285
553,289.772,0.704879385416693,0.572618706484089,579.544,2014_nk_186,Nush,2014,0.706102392827956,0.558282272953032,-2.7310859617601e-4,355.592789721178,490.803169549272,928.528,0.705953654550315,70.70724220882285
554,290.296,0.703383982474779,0.57038036988201,580.592,2014_nk_186,Nush,2014,0.70611011639019,0.557875989413812,-4.0628353921934e-4,355.592789721178,490.803169549272,928.528,0.705953654550315,70.70724220882285
555,290.82,0.706287017585914,0.561508201360274,581.64,2014_nk_186,Nush,2014,0.706107559072688,0.557391769153915,-4.8422025989713e-4,355.592789721178,490.803169549272,928.528,0.705953654550315,70.70724220882285
556,291.344,0.707144515910685,0.55044595509335,582.688,2014_nk_186,Nush,2014,0.706130453296096,0.556827411846822,-5.6435730709303e-4,355.592789721178,490.803169549272,928.528,0.705953654550315,70.70724220882285
557,291.868,0.70704549907282,0.543892658410193,583.736,2014_nk_186,Nush,2014,0.70605561897778,0.556430341451668,-3.9707039515379e-4,355.592789721178,490.803169549272,928.528,0.705953654550315,70.70724220882285
558,292.392,0.708946999258911,0.547338868834892,584.784,2014_nk_186,Nush,2014,0.706065462937693,0.555940328315874,-4.9001313579466e-4,355.592789721178,490.803169549272,928.528,0.705953654550315,70.70724220882285
559,292.916,0.708668683259623,0.547358811691778,585.832,2014_nk_186,Nush,2014,0.70608454180742,0.555493110569659,-4.4721774621447e-4,355.592789721178,490.803169549272,928.528,0.705953654550315,70.70724220882285
560,293.44,0.704978873262073,0.545781575478851,586.88,2014_nk_186,Nush,2014,0.706093431440392,0.554983100418703,-5.1001015095597e-4,355.592789721178,490.803169549272,928.528,0.705953654550315,70.70724220882285
561,293.964,0.709120551921163,0.55357770631048,587.928,2014_nk_186,Nush,2014,0.706097808571517,0.554373932697668,-6.0916772103503e-4,355.592789721178,490.803169549272,928.528,0.705953654550315,70.70724220882285
562,294.488,0.705426252269658,0.552017856702196,588.976,2014_nk_186,Nush,2014,0.706080865489982,0.553820869678204,-5.5306301946433e-4,355.592789721178,490.803169549272,928.528,0.705953654550315,70.70724220882285
563,295.012,0.705856916803944,0.552403411787318,590.024,2014_nk_186,Nush,2014,0.706073058479178,0.553168121781344,-6.527478968602e-4,355.592789721178,490.803169549272,928.528,0.705953654550315,70.70724220882285
564,295.536,0.705876032415177,0.557175511807038,591.072,2014_nk_186,Nush,2014,0.706083218784649,0.552404853221074,-7.6326856026987e-4,355.592789721178,490.803169549272,928.528,0.705953654550315,70.70724220882285
565,296.06,0.704238572800259,0.55288128013041,592.12,2014_nk_186,Nush,2014,0.706093053814846,0.551756196048903,-6.4865717217033e-4,355.592789721178,490.803169549272,928.528,0.705953654550315,70.70724220882285
566,296.584,0.707253310593266,0.554998678260233,593.168,2014_nk_186,Nush,2014,0.706103874256015,0.551000565503181,-7.5563054572269e-4,355.592789721178,490.803169549272,928.528,0.705953654550315,70.70724220882285
567,297.108,0.704515637281476,0.543908351728466,594.216,2014_nk_186,Nush,2014,0.706092551857524,0.550413166959941,-5.8739854324008e-4,355.592789721178,490.803169549272,928.528,0.705953654550315,70.70724220882285
568,297.632,0.707692713216888,0.534900217740614,595.264,2014_nk_186,Nush,2014,0.706045487608661,0.549545760122067,-8.6740683787356e-4,355.592789721178,490.803169549272,928.528,0.705953654550315,70.70724220882285
569,298.156,0.704661754616279,0.539988934859422,596.312,2014_nk_186,Nush,2014,0.706022505348897,0.548685440948938,-8.60319173129e-4,355.592789721178,490.803169549272,928.528,0.705953654550315,70.70724220882285
570,298.68,0.70548407172739,0.537309950407767,597.36,2014_nk_186,Nush,2014,0.706022741284157,0.547800761224009,-8.8467972492878e-4,355.592789721178,490.803169549272,928.528,0.705953654550315,70.70724220882285
571,299.204,0.707069239648213,0.537240391812332,598.408,2014_nk_186,Nush,2014,0.705999154115983,0.546757121416459,-0.00104363980755029,355.592789721178,490.803169549272,928.528,0.705953654550315,70.70724220882285
572,299.728,0.704684090245117,0.548315832966254,599.456,2014_nk_186,Nush,2014,0.706046545470685,0.545810472094868,-9.4664932159083e-4,355.592789721178,490.803169549272,928.528,0.705953654550315,70.70724220882285
573,300.252,0.705089225272916,0.548826075802567,600.504,2014_nk_186,Nush,2014,0.706069399479158,0.544844027274756,-9.6644482011232e-4,355.592789721178,490.803169549272,928.528,0.705953654550315,70.70724220882285
574,300.776,0.707313250571272,0.541072322302531,601.552,2014_nk_186,Nush,2014,0.706066509673059,0.543912764734353,-9.3126254040287e-4,355.592789721178,490.803169549272,928.528,0.705953654550315,70.70724220882285
575,301.3,0.703843545582048,0.540686971357866,602.6,2014_nk_186,Nush,2014,0.706130398119135,0.543179728624863,-7.3303610949027e-4,355.592789721178,490.803169549272,928.528,0.705953654550315,70.70724220882285
576,301.824,0.708201475150292,0.54333265497012,603.648,2014_nk_186,Nush,2014,0.706119372264027,0.542457048749687,-7.2267987517538e-4,355.592789721178,490.803169549272,928.528,0.705953654550315,70.70724220882285
577,302.348,0.704633526485642,0.545846462248374,604.696,2014_nk_186,Nush,2014,0.706092428437899,0.541607090522187,-8.4995822749978e-4,355.592789721178,490.803169549272,928.528,0.705953654550315,70.70724220882285
578,302.872,0.705874460096775,0.549298975163463,605.744,2014_nk_186,Nush,2014,0.706088106640589,0.540636687027726,-9.7040349446098e-4,355.592789721178,490.803169549272,928.528,0.705953654550315,70.70724220882285
579,303.396,0.704535060642543,0.544878697100293,606.792,2014_nk_186,Nush,2014,0.706029963640315,0.539717854640052,-9.1883238767465e-4,355.592789721178,490.803169549272,928.528,0.705953654550315,70.70724220882285
580,303.92,0.707660898999071,0.539335251850157,607.84,2014_nk_186,Nush,2014,0.706049374250688,0.538904583615576,-8.1327102447537e-4,355.592789721178,490.803169549272,928.528,0.705953654550315,70.70724220882285
581,304.444,0.706426105844967,0.543017460251885,608.888,2014_nk_186,Nush,2014,0.706049301250736,0.538054945189005,-8.4963842657126e-4,355.592789721178,490.803169549272,928.528,0.705953654550315,70.70724220882285
582,304.968,0.706401084404485,0.534443158514553,609.936,2014_nk_186,Nush,2014,0.706032059020757,0.537278297605516,-7.766475834896e-4,355.592789721178,490.803169549272,928.528,0.705953654550315,70.70724220882285
583,305.492,0.706290816545866,0.535679793902055,610.984,2014_nk_186,Nush,2014,0.706030698117327,0.536645634102189,-6.3266350332635e-4,355.592789721178,490.803169549272,928.528,0.705953654550315,70.70724220882285
584,306.016,0.70645097554556,0.534876474230529,612.032,2014_nk_186,Nush,2014,0.706079445240337,0.535949157067972,-6.964770342176e-4,355.592789721178,490.803169549272,928.528,0.705953654550315,70.70724220882285
585,306.54,0.705222917361219,0.535258227837225,613.08,2014_nk_186,Nush,2014,0.70607360850726,0.535431166273488,-5.1799079448389e-4,355.592789721178,490.803169549272,928.528,0.705953654550315,70.70724220882285
586,307.064,0.706520396154381,0.52354782416546,614.128,2014_nk_186,Nush,2014,0.706092260924137,0.535230298349856,-2.0086792363205e-4,355.592789721178,490.803169549272,928.528,0.705953654550315,70.70724220882285
587,307.588,0.704457165179477,0.535217942873441,615.176,2014_nk_186,Nush,2014,0.706050410635082,0.535110621580084,-1.1967676977175e-4,355.592789721178,490.803169549272,928.528,0.705953654550315,70.70724220882285
588,308.112,0.707424274061639,0.531141912851336,616.224,2014_nk_186,Nush,2014,0.706021259436985,0.534701466622998,-4.091549570856e-4,355.592789721178,490.803169549272,928.528,0.705953654550315,70.70724220882285
589,308.636,0.705861373072659,0.528078631413999,617.272,2014_nk_186,Nush,2014,0.705936197742864,0.534341236463196,-3.6023015980279e-4,355.592789721178,490.803169549272,928.528,0.705953654550315,70.70724220882285
590,309.16,0.706339434682402,0.527791725292894,618.32,2014_nk_186,Nush,2014,0.705953823103851,0.533994329383274,-3.4690707992124e-4,355.592789721178,490.803169549272,928.528,0.705953654550315,70.70724220882285
591,309.684,0.706754031216951,0.524851532819016,619.368,2014_nk_186,Nush,2014,0.705865110860733,0.533247391791085,-7.4693759218902e-4,355.592789721178,490.803169549272,928.528,0.705953654550315,70.70724220882285
592,310.208,0.703816701399124,0.528806533096208,620.416,2014_nk_186,Nush,2014,0.705851591892701,0.532588885286329,-6.5850650475596e-4,355.592789721178,490.803169549272,928.528,0.705953654550315,70.70724220882285
593,310.732,0.706175270368543,0.522656513112598,621.464,2014_nk_186,Nush,2014,0.705845301493488,0.532075534115663,-5.1335117066586e-4,355.592789721178,490.803169549272,928.528,0.705953654550315,70.70724220882285
594,311.256,0.705959017619577,0.516759783920243,622.512,2014_nk_186,Nush,2014,0.705846958324112,0.531361999690217,-7.1353442544597e-4,355.592789721178,490.803169549272,928.528,0.705953654550315,70.70724220882285
595,311.78,0.707553211268244,0.52307726472149,623.56,2014_nk_186,Nush,2014,0.705893323895475,0.530672509827173,-6.8948986304451e-4,355.592789721178,490.803169549272,928.528,0.705953654550315,70.70724220882285
596,312.304,0.707842893710878,0.51992380102229,624.608,2014_nk_186,Nush,2014,0.705887940088976,0.529957784461602,-7.1472536557049e-4,355.592789721178,490.803169549272,928.528,0.705953654550315,70.70724220882285
597,312.828,0.705810985591008,0.525744102922013,625.656,2014_nk_186,Nush,2014,0.705914153957714,0.529667078127012,-2.9070633459071e-4,355.592789721178,490.803169549272,928.528,0.705953654550315,70.70724220882285
598,313.352,0.703673332695037,0.522008709942102,626.704,2014_nk_186,Nush,2014,0.705873874835966,0.52928955105602,-3.7752707099225e-4,355.592789721178,490.803169549272,928.528,0.705953654550315,70.70724220882285
599,313.876,0.706378988891913,0.521965014540182,627.752,2014_nk_186,Nush,2014,0.705928923927733,0.528845290448002,-4.4426060801738e-4,355.592789721178,490.803169549272,928.528,0.705953654550315,70.70724220882285
600,314.4,0.705294044140211,0.52465147314051,628.8,2014_nk_186,Nush,2014,0.705947729588817,0.528543782062066,-3.0150838593567e-4,355.592789721178,490.803169549272,928.528,0.705953654550315,70.70724220882285
601,314.924,0.704506496677675,0.517957598767589,629.848,2014_nk_186,Nush,2014,0.705952521359608,0.528149748192575,-3.9403386949143e-4,355.592789721178,490.803169549272,928.528,0.705953654550315,70.70724220882285
602,315.448,0.706793489343648,0.526728914064414,630.896,2014_nk_186,Nush,2014,0.705986606353085,0.527586197528052,-5.6355066452329e-4,355.592789721178,490.803169549272,928.528,0.705953654550315,70.70724220882285
603,315.972,0.70599964435112,0.530135446529332,631.944,2014_nk_186,Nush,2014,0.705991945810454,0.52695148620362,-6.347113244316e-4,355.592789721178,490.803169549272,928.528,0.705953654550315,70.70724220882285
604,316.496,0.705630058743236,0.533819032100094,632.992,2014_nk_186,Nush,2014,0.705916575626052,0.526467769774318,-4.83716429302e-4,355.592789721178,490.803169549272,928.528,0.705953654550315,70.70724220882285
605,317.02,0.709219194609035,0.532029950470083,634.04,2014_nk_186,Nush,2014,0.70592117757201,0.526025439356734,-4.4233041758379e-4,355.592789721178,490.803169549272,928.528,0.705953654550315,70.70724220882285
606,317.544,0.705014553748482,0.528155990340024,635.088,2014_nk_186,Nush,2014,0.705895449897812,0.52543252567224,-5.9291368449443e-4,355.592789721178,490.803169549272,928.528,0.705953654550315,70.70724220882285
607,318.068,0.704444165520694,0.526028276311819,636.136,2014_nk_186,Nush,2014,0.705915489048144,0.524992694257121,-4.3983141511894e-4,355.592789721178,490.803169549272,928.528,0.705953654550315,70.70724220882285
608,318.592,0.70678835357839,0.527609782159969,637.184,2014_nk_186,Nush,2014,0.705941635651782,0.524545005738224,-4.4768851889687e-4,355.592789721178,490.803169549272,928.528,0.705953654550315,70.70724220882285
609,319.116,0.704011460757821,0.524137992652722,638.232,2014_nk_186,Nush,2014,0.705980401909919,0.524126531308716,-4.1847442950826e-4,355.592789721178,490.803169549272,928.528,0.705953654550315,70.70724220882285
610,319.64,0.707256598589213,0.529214906143072,639.28,2014_nk_186,Nush,2014,0.705943361586281,0.523830165028391,-2.9636628032436e-4,355.592789721178,490.803169549272,928.528,0.705953654550315,70.70724220882285
611,320.164,0.705734596243032,0.520760996694214,640.328,2014_nk_186,Nush,2014,0.70596641384364,0.523374928643925,-4.5523638446598e-4,355.592789721178,490.803169549272,928.528,0.705953654550315,70.70724220882285
612,320.688,0.705506366748026,0.523300406984202,641.376,2014_nk_186,Nush,2014,0.705977675248609,0.522953579847406,-4.2134879651911e-4,355.592789721178,490.803169549272,928.528,0.705953654550315,70.70724220882285
613,321.212,0.70479773121084,0.534658896284507,642.424,2014_nk_186,Nush,2014,0.705943244038308,0.522601927930829,-3.5165191657715e-4,355.592789721178,490.803169549272,928.528,0.705953654550315,70.70724220882285
614,321.736,0.706308809855424,0.528591747828955,643.472,2014_nk_186,Nush,2014,0.705930841005912,0.522261715073795,-3.4021285703433e-4,355.592789721178,490.803169549272,928.528,0.705953654550315,70.70724220882285
615,322.26,0.705936813601248,0.530428753691235,644.52,2014_nk_186,Nush,2014,0.705922144217616,0.521828304477065,-4.3341059673029e-4,355.592789721178,490.803169549272,928.528,0.705953654550315,70.70724220882285
616,322.784,0.70826366092333,0.538393879675429,645.568,2014_nk_186,Nush,2014,0.705922847716609,0.521624902476015,-2.0340200104929e-4,355.592789721178,490.803169549272,928.528,0.705953654550315,70.70724220882285
617,323.308,0.704534481729494,0.53671205222388,646.616,2014_nk_186,Nush,2014,0.705916952527322,0.52121479354698,-4.1010892903492e-4,355.592789721178,490.803169549272,928.528,0.705953654550315,70.70724220882285
618,323.832,0.707197927373094,0.522789571409759,647.664,2014_nk_186,Nush,2014,0.705863188112952,0.52095754757089,-2.5724597609022e-4,355.592789721178,490.803169549272,928.528,0.705953654550315,70.70724220882285
619,324.356,0.703564981612382,0.525745002103608,648.712,2014_nk_186,Nush,2014,0.705851901063916,0.520777901519571,-1.796460513187e-4,355.592789721178,490.803169549272,928.528,0.705953654550315,70.70724220882285
620,324.88,0.706036394921297,0.524967150683575,649.76,2014_nk_186,Nush,2014,0.705867642489125,0.520561467924514,-2.164335950574e-4,355.592789721178,490.803169549272,928.528,0.705953654550315,70.70724220882285
621,325.404,0.703797817334061,0.508761450779137,650.808,2014_nk_186,Nush,2014,0.705829418313316,0.520377225190305,-1.8424273420891e-4,355.592789721178,490.803169549272,928.528,0.705953654550315,70.70724220882285
622,325.928,0.704615114187735,0.512507466416837,651.856,2014_nk_186,Nush,2014,0.70586571178635,0.520060044635547,-3.1718055475804e-4,355.592789721178,490.803169549272,928.528,0.705953654550315,70.70724220882285
623,326.452,0.705479492851173,0.521602341547371,652.904,2014_nk_186,Nush,2014,0.705891519977114,0.519854660599246,-2.0538403630066e-4,355.592789721178,490.803169549272,928.528,0.705953654550315,70.70724220882285
624,326.976,0.705975442252607,0.514363446280272,653.952,2014_nk_186,Nush,2014,0.705858156897245,0.519821834016132,-3.28265831138763e-5,355.592789721178,490.803169549272,928.528,0.705953654550315,70.70724220882285
625,327.5,0.707020507082055,0.511511888347743,655,2014_nk_186,Nush,2014,0.705850124533777,0.519613101478494,-2.0873253763809e-4,355.592789721178,490.803169549272,928.528,0.705953654550315,70.70724220882285
626,328.024,0.706930282203308,0.512115156326001,656.048,2014_nk_186,Nush,2014,0.705825194006149,0.519627468348607,1.43668701121369e-5,355.592789721178,490.803169549272,928.528,0.705953654550315,70.70724220882285
627,328.548,0.706088469405764,0.526465971653024,657.096,2014_nk_186,Nush,2014,0.705837402983183,0.519392601779737,-2.3486656886939e-4,355.592789721178,490.803169549272,928.528,0.705953654550315,70.70724220882285
628,329.072,0.705275965912,0.512248593481079,658.144,2014_nk_186,Nush,2014,0.705882666482123,0.519150891444331,-2.4171033540598e-4,355.592789721178,490.803169549272,928.528,0.705953654550315,70.70724220882285
629,329.596,0.707964700122311,0.513333298378379,659.192,2014_nk_186,Nush,2014,0.70590404305892,0.518906631569416,-2.4425987491516e-4,355.592789721178,490.803169549272,928.528,0.705953654550315,70.70724220882285
630,330.12,0.706612411392452,0.51921944725163,660.24,2014_nk_186,Nush,2014,0.705917041499639,0.518714984477487,-1.9164709192909e-4,355.592789721178,490.803169549272,928.528,0.705953654550315,70.70724220882285
631,330.644,0.707356745895652,0.513598359642844,661.288,2014_nk_186,Nush,2014,0.705919122621666,0.518656668333239,-5.83161442482272e-5,355.592789721178,490.803169549272,928.528,0.705953654550315,70.70724220882285
632,331.168,0.706729189853731,0.514502793094857,662.336,2014_nk_186,Nush,2014,0.705928102172716,0.518382830124839,-2.7383820839965e-4,355.592789721178,490.803169549272,928.528,0.705953654550315,70.70724220882285
633,331.692,0.705409592715046,0.510743396336664,663.384,2014_nk_186,Nush,2014,0.70593090327159,0.518124578762716,-2.5825136212331e-4,355.592789721178,490.803169549272,928.528,0.705953654550315,70.70724220882285
634,332.216,0.702791039507143,0.512049336544412,664.432,2014_nk_186,Nush,2014,0.705949858722103,0.51778342811928,-3.411506434352e-4,355.592789721178,490.803169549272,928.528,0.705953654550315,70.70724220882285
635,332.74,0.70411966233959,0.514147146302836,665.48,2014_nk_186,Nush,2014,0.705881754537681,0.517434433438512,-3.4899468076832e-4,355.592789721178,490.803169549272,928.528,0.705953654550315,70.70724220882285
636,333.264,0.706657814698379,0.507757833900455,666.528,2014_nk_186,Nush,2014,0.705902007265745,0.517029728278822,-4.0470515969026e-4,355.592789721178,490.803169549272,928.528,0.705953654550315,70.70724220882285
637,333.788,0.705835875505564,0.519456577341241,667.576,2014_nk_186,Nush,2014,0.705968492642054,0.516576250263668,-4.5347801515394e-4,355.592789721178,490.803169549272,928.528,0.705953654550315,70.70724220882285
638,334.312,0.707443256315075,0.522437664029649,668.624,2014_nk_186,Nush,2014,0.705972471109873,0.516142013472961,-4.3423679070664e-4,355.592789721178,490.803169549272,928.528,0.705953654550315,70.70724220882285
639,334.836,0.706861036130717,0.519770231329799,669.672,2014_nk_186,Nush,2014,0.706005444283745,0.515700516700933,-4.414967720282e-4,355.592789721178,490.803169549272,928.528,0.705953654550315,70.70724220882285
640,335.36,0.7054384795808,0.521553275030692,670.72,2014_nk_186,Nush,2014,0.706030439598573,0.51518270475325,-5.178119476833e-4,355.592789721178,490.803169549272,928.528,0.705953654550315,70.70724220882285
641,335.884,0.707809241286495,0.515703277183926,671.768,2014_nk_186,Nush,2014,0.706038468293732,0.514774445313865,-4.0825943938449e-4,355.592789721178,490.803169549272,928.528,0.705953654550315,70.70724220882285
642,336.408,0.707076768702659,0.509162230723401,672.816,2014_nk_186,Nush,2014,0.706030135077336,0.514343951503812,-4.3049381005289e-4,355.592789721178,490.803169549272,928.528,0.705953654550315,70.70724220882285
643,336.932,0.704224943927798,0.514580678907429,673.864,2014_nk_186,Nush,2014,0.706059085633472,0.513663354559425,-6.805969443876e-4,355.592789721178,490.803169549272,928.528,0.705953654550315,70.70724220882285
644,337.456,0.70570679360178,0.514463702808469,674.912,2014_nk_186,Nush,2014,0.706060632238138,0.513047438061703,-6.1591649772152e-4,355.592789721178,490.803169549272,928.528,0.705953654550315,70.70724220882285
645,337.98,0.704701110063456,0.509253592033403,675.96,2014_nk_186,Nush,2014,0.706049862124229,0.512544686112904,-5.02751948799e-4,355.592789721178,490.803169549272,928.528,0.705953654550315,70.70724220882285
646,338.504,0.706562606093998,0.511343704102505,677.008,2014_nk_186,Nush,2014,0.706042320872672,0.511827604135543,-7.1708197736131e-4,355.592789721178,490.803169549272,928.528,0.705953654550315,70.70724220882285
647,339.028,0.704103453822244,0.510611407131346,678.056,2014_nk_186,Nush,2014,0.706083848277229,0.510835714174842,-9.9188996070065e-4,355.592789721178,490.803169549272,928.528,0.705953654550315,70.70724220882285
648,339.552,0.70419840919943,0.51570715428592,679.104,2014_nk_186,Nush,2014,0.70607157517421,0.510305174792944,-5.3053938189862e-4,355.592789721178,490.803169549272,928.528,0.705953654550315,70.70724220882285
649,340.076,0.705184150130531,0.517299868334875,680.152,2014_nk_186,Nush,2014,0.706099912705883,0.509692382039952,-6.1279275299175e-4,355.592789721178,490.803169549272,928.528,0.705953654550315,70.70724220882285
650,340.6,0.707283920194953,0.514805709589455,681.2,2014_nk_186,Nush,2014,0.706117011973843,0.509099719086532,-5.9266295341964e-4,355.592789721178,490.803169549272,928.528,0.705953654550315,70.70724220882285
651,341.124,0.704460580668414,0.513796968766481,682.248,2014_nk_186,Nush,2014,0.706155498407671,0.508779905905033,-3.1981318149887e-4,355.592789721178,490.803169549272,928.528,0.705953654550315,70.70724220882285
652,341.648,0.705994309781116,0.509775699810724,683.296,2014_nk_186,Nush,2014,0.706197501791253,0.50841152219884,-3.6838370619374e-4,355.592789721178,490.803169549272,928.528,0.705953654550315,70.70724220882285
653,342.172,0.7077237618144,0.510333470934555,684.344,2014_nk_186,Nush,2014,0.706194490693922,0.50795845385689,-4.5306834194991e-4,355.592789721178,490.803169549272,928.528,0.705953654550315,70.70724220882285
654,342.696,0.70395723282745,0.51479018893341,685.392,2014_nk_186,Nush,2014,0.70620201547597,0.507662886385952,-2.9556747093817e-4,355.592789721178,490.803169549272,928.528,0.705953654550315,70.70724220882285
655,343.22,0.70707126946017,0.51055331246321,686.44,2014_nk_186,Nush,2014,0.70619623166139,0.507351700598138,-3.1118578781386e-4,355.592789721178,490.803169549272,928.528,0.705953654550315,70.70724220882285
656,343.744,0.706347062053174,0.520785813229014,687.488,2014_nk_186,Nush,2014,0.706150846044471,0.506893117370076,-4.5858322806124e-4,355.592789721178,490.803169549272,928.528,0.705953654550315,70.70724220882285
657,344.268,0.706543524213039,0.511652108789848,688.536,2014_nk_186,Nush,2014,0.706140858510415,0.506055122618092,-8.3799475198442e-4,355.592789721178,490.803169549272,928.528,0.705953654550315,70.70724220882285
658,344.792,0.706389142631446,0.50750608981775,689.584,2014_nk_186,Nush,2014,0.706165146219407,0.505330738775944,-7.2438384214756e-4,355.592789721178,490.803169549272,928.528,0.705953654550315,70.70724220882285
659,345.316,0.707661583499762,0.507309422045269,690.632,2014_nk_186,Nush,2014,0.706111087537332,0.504528739549322,-8.0199922662249e-4,355.592789721178,490.803169549272,928.528,0.705953654550315,70.70724220882285
660,345.84,0.706073950583356,0.513152647624766,691.68,2014_nk_186,Nush,2014,0.706112606317741,0.503624776784491,-9.0396276483095e-4,355.592789721178,490.803169549272,928.528,0.705953654550315,70.70724220882285
661,346.364,0.704631363999257,0.514458630112695,692.728,2014_nk_186,Nush,2014,0.706086132627435,0.502895490390884,-7.2928639360681e-4,355.592789721178,490.803169549272,928.528,0.705953654550315,70.70724220882285
662,346.888,0.70733226240665,0.510298621560437,693.776,2014_nk_186,Nush,2014,0.706077113247231,0.502167651686356,-7.2783870452797e-4,355.592789721178,490.803169549272,928.528,0.705953654550315,70.70724220882285
663,347.412,0.706167710283571,0.514640364801934,694.824,2014_nk_186,Nush,2014,0.706054904426804,0.501486299295048,-6.8135239130851e-4,355.592789721178,490.803169549272,928.528,0.705953654550315,70.70724220882285
664,347.936,0.706767385774015,0.513349993493979,695.872,2014_nk_186,Nush,2014,0.706103085063695,0.500698377693793,-7.8792160125462e-4,355.592789721178,490.803169549272,928.528,0.705953654550315,70.70724220882285
665,348.46,0.705132943543729,0.511090269623986,696.92,2014_nk_186,Nush,2014,0.706156885834349,0.49993847033205,-7.5990736174352e-4,355.592789721178,490.803169549272,928.528,0.705953654550315,70.70724220882285
666,348.984,0.706229717432293,0.50387368075861,697.968,2014_nk_186,Nush,2014,0.706136345590123,0.499283963017397,-6.545073146521e-4,355.592789721178,490.803169549272,928.528,0.705953654550315,70.70724220882285
667,349.508,0.708433288099279,0.49881959540258197,699.016,2014_nk_186,Nush,2014,0.706119633106213,0.4984344375974,-8.4952541999799e-4,355.592789721178,490.803169549272,928.528,0.705953654550315,70.70724220882285
668,350.032,0.707027061647533,0.501555574717568,700.064,2014_nk_186,Nush,2014,0.706091821594088,0.497518814310659,-9.1562328674044e-4,355.592789721178,490.803169549272,928.528,0.705953654550315,70.70724220882285
669,350.556,0.705989851190094,0.497648186331026,701.112,2014_nk_186,Nush,2014,0.70605789101537,0.496826861467422,-6.9195284323658e-4,355.592789721178,490.803169549272,928.528,0.705953654550315,70.70724220882285
670,351.08,0.70875631747892,0.498146189282074,702.16,2014_nk_186,Nush,2014,0.706054575398181,0.496001895852516,-8.2496561490619e-4,355.592789721178,490.803169549272,928.528,0.705953654550315,70.70724220882285
671,351.604,0.706216317952572,0.496265430331142,703.208,2014_nk_186,Nush,2014,0.706070262647788,0.49531324157433,-6.8865427818642e-4,355.592789721178,490.803169549272,928.528,0.705953654550315,70.70724220882285
672,352.128,0.705006373764246,0.497470778381027,704.256,2014_nk_186,Nush,2014,0.706055897535957,0.494711183295686,-6.020582786439e-4,355.592789721178,490.803169549272,928.528,0.705953654550315,70.70724220882285
673,352.652,0.706534764579037,0.493823079621254,705.304,2014_nk_186,Nush,2014,0.706093823484954,0.494213588846689,-4.9759444899732e-4,355.592789721178,490.803169549272,928.528,0.705953654550315,70.70724220882285
674,353.176,0.70640160613539,0.491636757965661,706.352,2014_nk_186,Nush,2014,0.706103807448734,0.49359416350881,-6.1942533787856e-4,355.592789721178,490.803169549272,928.528,0.705953654550315,70.70724220882285
675,353.7,0.705290606766689,0.500263636763299,707.4,2014_nk_186,Nush,2014,0.706134963243171,0.49300703493708,-5.8712857173054e-4,355.592789721178,490.803169549272,928.528,0.705953654550315,70.70724220882285
676,354.224,0.707811185829904,0.495368961033744,708.448,2014_nk_186,Nush,2014,0.70613781992193,0.492269289185448,-7.3774575163099e-4,355.592789721178,490.803169549272,928.528,0.705953654550315,70.70724220882285
677,354.748,0.707026126002909,0.477198654581841,709.496,2014_nk_186,Nush,2014,0.706161904853718,0.491723167639267,-5.46121546181e-4,355.592789721178,490.803169549272,928.528,0.705953654550315,70.70724220882285
678,355.272,0.706461541191953,0.490957208495843,710.544,2014_nk_186,Nush,2014,0.706242625719008,0.491152676749526,-5.7049088974198e-4,355.592789721178,490.803169549272,928.528,0.705953654550315,70.70724220882285
679,355.796,0.705265233512805,0.488977436924102,711.592,2014_nk_186,Nush,2014,0.70628416193607,0.490469771468255,-6.8290528127007e-4,355.592789721178,490.803169549272,928.528,0.705953654550315,70.70724220882285
680,356.32,0.707062350998859,0.489407373478398,712.64,2014_nk_186,Nush,2014,0.706271218124443,0.489660182068838,-8.0958939941744e-4,355.592789721178,490.803169549272,928.528,0.705953654550315,70.70724220882285
681,356.844,0.706107003363746,0.489572659889199,713.688,2014_nk_186,Nush,2014,0.706293316400032,0.488863668500436,-7.9651356840226e-4,355.592789721178,490.803169549272,928.528,0.705953654550315,70.70724220882285
682,357.368,0.707135317202689,0.490404444045214,714.736,2014_nk_186,Nush,2014,0.706278583549076,0.488087417201002,-7.7625129943326e-4,355.592789721178,490.803169549272,928.528,0.705953654550315,70.70724220882285
683,357.892,0.705298827011286,0.494418241030377,715.784,2014_nk_186,Nush,2014,0.70632005950594,0.487392779609061,-6.9463759194166e-4,355.592789721178,490.803169549272,928.528,0.705953654550315,70.70724220882285
684,358.416,0.706426929175473,0.496629398023981,716.832,2014_nk_186,Nush,2014,0.706363033640866,0.486762657984681,-6.301216243798e-4,355.592789721178,490.803169549272,928.528,0.705953654550315,70.70724220882285
685,358.94,0.706673478207298,0.492840741078914,717.88,2014_nk_186,Nush,2014,0.706284952269466,0.486148105329986,-6.1455265469451e-4,355.592789721178,490.803169549272,928.528,0.705953654550315,70.70724220882285
686,359.464,0.70420714518814,0.484600162642324,718.928,2014_nk_186,Nush,2014,0.706256303563596,0.485544264843173,-6.038404868135e-4,355.592789721178,490.803169549272,928.528,0.705953654550315,70.70724220882285
687,359.988,0.705489217362427,0.476186286533962,719.976,2014_nk_186,Nush,2014,0.706239171889565,0.485183625168325,-3.6063967484784e-4,355.592789721178,490.803169549272,928.528,0.705953654550315,70.70724220882285
688,360.512,0.706733228451523,0.46878556295222,721.024,2014_nk_186,Nush,2014,0.706277885863147,0.48491791918242,-2.6570598590508e-4,355.592789721178,490.803169549272,928.528,0.705953654550315,70.70724220882285
689,361.036,0.704721179197772,0.465213344781034,722.072,2014_nk_186,Nush,2014,0.706269063507866,0.484678897290916,-2.3902189150398e-4,355.592789721178,490.803169549272,928.528,0.705953654550315,70.70724220882285
690,361.56,0.706703538216994,0.464981681361771,723.12,2014_nk_186,Nush,2014,0.706263504771505,0.484289479250227,-3.8941804068864e-4,355.592789721178,490.803169549272,928.528,0.705953654550315,70.70724220882285
691,362.084,0.705768324477314,0.469841176026437,724.168,2014_nk_186,Nush,2014,0.706304199564974,0.483777679048653,-5.1180020157404e-4,355.592789721178,490.803169549272,928.528,0.705953654550315,70.70724220882285
692,362.608,0.706188027041471,0.470832470823178,725.216,2014_nk_186,Nush,2014,0.706276605789789,0.483602754835626,-1.7492421302772e-4,355.592789721178,490.803169549272,928.528,0.705953654550315,70.70724220882285
693,363.132,0.704077063489421,0.469862252858155,726.264,2014_nk_186,Nush,2014,0.706253898539859,0.483578600435561,-2.41544000648131e-5,355.592789721178,490.803169549272,928.528,0.705953654550315,70.70724220882285
694,363.656,0.705681877720625,0.464774040469132,727.312,2014_nk_186,Nush,2014,0.706257553636824,0.48340403682738,-1.7456360818118e-4,355.592789721178,490.803169549272,928.528,0.705953654550315,70.70724220882285
695,364.18,0.707347708578844,0.468552704598224,728.36,2014_nk_186,Nush,2014,0.706270966938132,0.483280644445176,-1.233923822036e-4,355.592789721178,490.803169549272,928.528,0.705953654550315,70.70724220882285
696,364.704,0.705425400044836,0.468487395021328,729.408,2014_nk_186,Nush,2014,0.706278399956755,0.483182341841265,-9.83026039113044e-5,355.592789721178,490.803169549272,928.528,0.705953654550315,70.70724220882285
697,365.228,0.704833126470917,0.46848505214136,730.456,2014_nk_186,Nush,2014,0.706246733419133,0.483325140538195,1.4279869693001e-4,355.592789721178,490.803169549272,928.528,0.705953654550315,70.70724220882285
698,365.752,0.705774565587605,0.467500266825223,731.504,2014_nk_186,Nush,2014,0.706204081420391,0.483351635589136,2.64950509410999e-5,355.592789721178,490.803169549272,928.528,0.705953654550315,70.70724220882285
699,366.276,0.704825201407606,0.478253060735605,732.552,2014_nk_186,Nush,2014,0.706214632386817,0.483325966482354,-2.56691067819781e-5,355.592789721178,490.803169549272,928.528,0.705953654550315,70.70724220882285
700,366.8,0.705239542549492,0.472055338136318,733.6,2014_nk_186,Nush,2014,0.706179654303002,0.483298654523812,-2.73119585418868e-5,355.592789721178,490.803169549272,928.528,0.705953654550315,70.70724220882285
701,367.324,0.708750476262909,0.474384020492742,734.648,2014_nk_186,Nush,2014,0.706168783401245,0.483315372730586,1.67182067736249e-5,355.592789721178,490.803169549272,928.528,0.705953654550315,70.70724220882285
702,367.848,0.706214861992797,0.473038734004767,735.696,2014_nk_186,Nush,2014,0.706196962234225,0.483362167343647,4.67946130613961e-5,355.592789721178,490.803169549272,928.528,0.705953654550315,70.70724220882285
703,368.372,0.706500500867642,0.484725011967588,736.744,2014_nk_186,Nush,2014,0.706214466909981,0.483496096223612,0.00013392887996543001,355.592789721178,490.803169549272,928.528,0.705953654550315,70.70724220882285
704,368.896,0.706305831428561,0.477298182535759,737.792,2014_nk_186,Nush,2014,0.706210095386265,0.483681999327126,1.8590310351351e-4,355.592789721178,490.803169549272,928.528,0.705953654550315,70.70724220882285
705,369.42,0.706570457729694,0.474025877729571,738.84,2014_nk_186,Nush,2014,0.706246673975985,0.483923098723099,2.4109939597344e-4,355.592789721178,490.803169549272,928.528,0.705953654550315,70.70724220882285
706,369.944,0.706734006819501,0.467078959004648,739.888,2014_nk_186,Nush,2014,0.706247038257806,0.484217044402737,2.9394567963714e-4,355.592789721178,490.803169549272,928.528,0.705953654550315,70.70724220882285
707,370.468,0.705548549729546,0.477844114360485,740.936,2014_nk_186,Nush,2014,0.706204181992887,0.48480382151254803,5.8677710981114e-4,355.592789721178,490.803169549272,928.528,0.705953654550315,70.70724220882285
708,370.992,0.70904166111681,0.4814777009014,741.984,2014_nk_186,Nush,2014,0.706164653092786,0.485200072815039,3.9625130249137e-4,355.592789721178,490.803169549272,928.528,0.705953654550315,70.70724220882285
709,371.516,0.707676323154261,0.47632555145867,743.032,2014_nk_186,Nush,2014,0.706180595355584,0.485560490021543,3.6041720650381e-4,355.592789721178,490.803169549272,928.528,0.705953654550315,70.70724220882285
710,372.04,0.70650729149732,0.466230345624408,744.08,2014_nk_186,Nush,2014,0.706153910159322,0.485864027480335,3.0353745879191e-4,355.592789721178,490.803169549272,928.528,0.705953654550315,70.70724220882285
711,372.564,0.70578647720376,0.466006154662344,745.128,2014_nk_186,Nush,2014,0.706178239843154,0.485969976668113,1.0594918777789e-4,355.592789721178,490.803169549272,928.528,0.705953654550315,70.70724220882285
712,373.088,0.705110338723792,0.463200621844727,746.176,2014_nk_186,Nush,2014,0.706221016645378,0.486003978225133,3.40015570207686e-5,355.592789721178,490.803169549272,928.528,0.705953654550315,70.70724220882285
713,373.612,0.710212319226228,0.468655215418057,747.224,2014_nk_186,Nush,2014,0.706255916830444,0.485993349116532,-1.06291086013344e-5,355.592789721178,490.803169549272,928.528,0.705953654550315,70.70724220882285
714,374.136,0.706535680923002,0.476982891470621,748.272,2014_nk_186,Nush,2014,0.706265864219268,0.48596200053976,-3.13485767723942e-5,355.592789721178,490.803169549272,928.528,0.705953654550315,70.70724220882285
715,374.66,0.702386387176152,0.473680153181538,749.32,2014_nk_186,Nush,2014,0.706286737442067,0.486045150970471,8.31504307108877e-5,355.592789721178,490.803169549272,928.528,0.705953654550315,70.70724220882285
716,375.184,0.70462813970101,0.484555384020203,750.368,2014_nk_186,Nush,2014,0.706379676643848,0.486450392697004,4.0524172653327e-4,355.592789721178,490.803169549272,928.528,0.705953654550315,70.70724220882285
717,375.708,0.705515623771136,0.490013728298979,751.416,2014_nk_186,Nush,2014,0.706361281730366,0.487138829455643,6.8843675863911e-4,355.592789721178,490.803169549272,928.528,0.705953654550315,70.70724220882285
718,376.232,0.708711981046396,0.491563730663443,752.464,2014_nk_186,Nush,2014,0.706390965889506,0.487819284282971,6.8045482732753e-4,355.592789721178,490.803169549272,928.528,0.705953654550315,70.70724220882285
719,376.756,0.707132242182911,0.492968108555032,753.512,2014_nk_186,Nush,2014,0.70643089654273,0.488578530657313,7.592463743421e-4,355.592789721178,490.803169549272,928.528,0.705953654550315,70.70724220882285
720,377.28,0.705740426401661,0.489787565183446,754.56,2014_nk_186,Nush,2014,0.706407109193713,0.489304207530226,7.2567687291291e-4,355.592789721178,490.803169549272,928.528,0.705953654550315,70.70724220882285
721,377.804,0.707073051607429,0.48375061801825,755.608,2014_nk_186,Nush,2014,0.706438126564507,0.490053656219781,7.4944868955556e-4,355.592789721178,490.803169549272,928.528,0.705953654550315,70.70724220882285
722,378.328,0.705676635895525,0.499803168778774,756.656,2014_nk_186,Nush,2014,0.706440444834597,0.490648227930014,5.9457171023286e-4,355.592789721178,490.803169549272,928.528,0.705953654550315,70.70724220882285
723,378.852,0.704805275287763,0.513191100798046,757.704,2014_nk_186,Nush,2014,0.706412383280368,0.491257111260352,6.088833303382e-4,355.592789721178,490.803169549272,928.528,0.705953654550315,70.70724220882285
724,379.376,0.706986691591934,0.502876177003105,758.752,2014_nk_186,Nush,2014,0.706429014491192,0.492011491178204,7.5437991785148e-4,355.592789721178,490.803169549272,928.528,0.705953654550315,70.70724220882285
725,379.9,0.705937741622182,0.503686726691771,759.8,2014_nk_186,Nush,2014,0.706392764668661,0.492760572369541,7.4908119133743e-4,355.592789721178,490.803169549272,928.528,0.705953654550315,70.70724220882285
726,380.424,0.706675698549666,0.497975524523933,760.848,2014_nk_186,Nush,2014,0.706365114249746,0.493570754403761,8.1018203422023e-4,355.592789721178,490.803169549272,928.528,0.705953654550315,70.70724220882285
727,380.948,0.706533295841996,0.507387517218383,761.896,2014_nk_186,Nush,2014,0.706387598434502,0.494231162341223,6.6040793746197e-4,355.592789721178,490.803169549272,928.528,0.705953654550315,70.70724220882285
728,381.472,0.704467941723003,0.503145277774034,762.944,2014_nk_186,Nush,2014,0.706370883468385,0.495006154317177,7.7499197595376e-4,355.592789721178,490.803169549272,928.528,0.705953654550315,70.70724220882285
729,381.996,0.70662290917564,0.496108039924108,763.992,2014_nk_186,Nush,2014,0.706419791071368,0.495529918998108,5.2376468093046e-4,355.592789721178,490.803169549272,928.528,0.705953654550315,70.70724220882285
730,382.52,0.706657632450041,0.496507471769563,765.04,2014_nk_186,Nush,2014,0.706457581343183,0.496056668662182,5.2674966407489e-4,355.592789721178,490.803169549272,928.528,0.705953654550315,70.70724220882285
731,383.044,0.70556406384713,0.497268522737559,766.088,2014_nk_186,Nush,2014,0.706427428995753,0.496774735017519,7.1806635533683e-4,355.592789721178,490.803169549272,928.528,0.705953654550315,70.70724220882285
732,383.568,0.706697103743067,0.50027845516471,767.136,2014_nk_186,Nush,2014,0.706423030667512,0.497599654993293,8.2491997577322e-4,355.592789721178,490.803169549272,928.528,0.705953654550315,70.70724220882285
733,384.092,0.707585045124402,0.501858812419179,768.184,2014_nk_186,Nush,2014,0.706427939859271,0.498308352688782,7.0869769548997e-4,355.592789721178,490.803169549272,928.528,0.705953654550315,70.70724220882285
734,384.616,0.706139314712395,0.502790944176475,769.232,2014_nk_186,Nush,2014,0.706399066430819,0.499114725686255,8.0637299747271e-4,355.592789721178,490.803169549272,928.528,0.705953654550315,70.70724220882285
735,385.14,0.707485322149875,0.514729600521703,770.28,2014_nk_186,Nush,2014,0.706381481211993,0.500131752683965,0.00101702699770972,355.592789721178,490.803169549272,928.528,0.705953654550315,70.70724220882285
736,385.664,0.70783304273918,0.513005701811973,771.328,2014_nk_186,Nush,2014,0.706388531027509,0.501213012901674,0.00108126021770916,355.592789721178,490.803169549272,928.528,0.705953654550315,70.70724220882285
737,386.188,0.704454750107767,0.512405281170508,772.376,2014_nk_186,Nush,2014,0.706375835828437,0.502118653044734,9.0564014306038e-4,355.592789721178,490.803169549272,928.528,0.705953654550315,70.70724220882285
738,386.712,0.704089807185919,0.514732286645326,773.424,2014_nk_186,Nush,2014,0.706330902733654,0.502910912255071,7.9225921033687e-4,355.592789721178,490.803169549272,928.528,0.705953654550315,70.70724220882285
739,387.236,0.706221769280665,0.510602469314333,774.472,2014_nk_186,Nush,2014,0.706328687285222,0.503761818363953,8.5090610888116e-4,355.592789721178,490.803169549272,928.528,0.705953654550315,70.70724220882285
740,387.76,0.705461239223166,0.507619621005912,775.52,2014_nk_186,Nush,2014,0.706324626261202,0.504778535774597,0.00101671741064469,355.592789721178,490.803169549272,928.528,0.705953654550315,70.70724220882285
741,388.284,0.707566784393663,0.495929611155873,776.568,2014_nk_186,Nush,2014,0.70632011575543,0.505888424669642,0.00110988889504482,355.592789721178,490.803169549272,928.528,0.705953654550315,70.70724220882285
742,388.808,0.709701925336132,0.49244453746646,777.616,2014_nk_186,Nush,2014,0.706336018320446,0.50695480851595,0.00106638384630842,355.592789721178,490.803169549272,928.528,0.705953654550315,70.70724220882285
743,389.332,0.707392838115214,0.493780494514297,778.664,2014_nk_186,Nush,2014,0.706226682408147,0.507850573906546,8.9576539059588e-4,355.592789721178,490.803169549272,928.528,0.705953654550315,70.70724220882285
744,389.856,0.707023772504897,0.494748483417634,779.712,2014_nk_186,Nush,2014,0.706199436085878,0.50868124677027,8.306728637234e-4,355.592789721178,490.803169549272,928.528,0.705953654550315,70.70724220882285
745,390.38,0.707925871575269,0.497829766921567,780.76,2014_nk_186,Nush,2014,0.70626013246266806,0.509627331725556,9.4608495528625e-4,355.592789721178,490.803169549272,928.528,0.705953654550315,70.70724220882285
746,390.904,0.709783497294988,0.508914666234319,781.808,2014_nk_186,Nush,2014,0.70631596810947594,0.510400012833237,7.7268110768147e-4,355.592789721178,490.803169549272,928.528,0.705953654550315,70.70724220882285
747,391.428,0.704385522553506,0.517492492052312,782.856,2014_nk_186,Nush,2014,0.7063404686661,0.511190637148562,7.9062431532461e-4,355.592789721178,490.803169549272,928.528,0.705953654550315,70.70724220882285
748,391.952,0.708514277999942,0.50961285259187,783.904,2014_nk_186,Nush,2014,0.706332962558248,0.512028118333909,8.3748118534698e-4,355.592789721178,490.803169549272,928.528,0.705953654550315,70.70724220882285
749,392.476,0.707117018391173,0.510768127241563,784.952,2014_nk_186,Nush,2014,0.706297638474805,0.512922929361994,8.9481102808497e-4,355.592789721178,490.803169549272,928.528,0.705953654550315,70.70724220882285
750,393,0.705276297275987,0.508522293736543,786,2014_nk_186,Nush,2014,0.706331002180576,0.514073737307335,0.00115080794534084,355.592789721178,490.803169549272,928.528,0.705953654550315,70.70724220882285
751,393.524,0.707629366724958,0.51480809739977,787.048,2014_nk_186,Nush,2014,0.706316983514299,0.515282234263105,0.0012084969557703,355.592789721178,490.803169549272,928.528,0.705953654550315,70.70724220882285
752,394.048,0.706327123246869,0.506506773437152,788.096,2014_nk_186,Nush,2014,0.706310700386306,0.516261112614831,9.7887835172538e-4,355.592789721178,490.803169549272,928.528,0.705953654550315,70.70724220882285
753,394.572,0.702393370235668,0.506395252678447,789.144,2014_nk_186,Nush,2014,0.706385483726362,0.517113898472371,8.5278585754045e-4,355.592789721178,490.803169549272,928.528,0.705953654550315,70.70724220882285
754,395.096,0.706679750370083,0.51003683554022206,790.192,2014_nk_186,Nush,2014,0.706391595643455,0.518304349502327,0.00119045102995552,355.592789721178,490.803169549272,928.528,0.705953654550315,70.70724220882285
755,395.62,0.705172719226984,0.513497576078472,791.24,2014_nk_186,Nush,2014,0.706402276990732,0.519433151488241,0.00112880198591436,355.592789721178,490.803169549272,928.528,0.705953654550315,70.70724220882285
756,396.144,0.703766374909922,0.517098317074538,792.288,2014_nk_186,Nush,2014,0.706391945744285,0.520711241767264,0.00127809027902281,355.592789721178,490.803169549272,928.528,0.705953654550315,70.70724220882285
757,396.668,0.706182177556284,0.50810952838908,793.336,2014_nk_186,Nush,2014,0.706366669148693,0.521797630124816,0.00108638835755237,355.592789721178,490.803169549272,928.528,0.705953654550315,70.70724220882285
758,397.192,0.704771667620579,0.513999785382451,794.384,2014_nk_186,Nush,2014,0.706401972698845,0.52321095472119294,0.00141332459637655,355.592789721178,490.803169549272,928.528,0.705953654550315,70.70724220882285
759,397.716,0.707759657586618,0.509678941591433,795.432,2014_nk_186,Nush,2014,0.706406410008068,0.524716801109067,0.00150584638787454,355.592789721178,490.803169549272,928.528,0.705953654550315,70.70724220882285
760,398.24,0.707506958858395,0.503660317980809,796.48,2014_nk_186,Nush,2014,0.706434687852437,0.526272714345117,0.00155591323604998,355.592789721178,490.803169549272,928.528,0.705953654550315,70.70724220882285
761,398.764,0.7069413354171,0.517468001812952,797.528,2014_nk_186,Nush,2014,0.706457722020874,0.527785171449601,0.00151245710448356,355.592789721178,490.803169549272,928.528,0.705953654550315,70.70724220882285
762,399.288,0.705950962298323,0.522533932551161,798.576,2014_nk_186,Nush,2014,0.70649316716481,0.529447815995714,0.00166264454611342,355.592789721178,490.803169549272,928.528,0.705953654550315,70.70724220882285
763,399.812,0.70679505237318,0.527246873696985,799.624,2014_nk_186,Nush,2014,0.706490326969909,0.531091189785832,0.00164337379011792,355.592789721178,490.803169549272,928.528,0.705953654550315,70.70724220882285
764,400.336,0.704573425721422,0.525680562384123,800.672,2014_nk_186,Nush,2014,0.706496915445735,0.532689977051294,0.0015987872654617,355.592789721178,490.803169549272,928.528,0.705953654550315,70.70724220882285
765,400.86,0.705515344600118,0.535047497592155,801.72,2014_nk_186,Nush,2014,0.706486896050496,0.534179367051252,0.00148938999995818,355.592789721178,490.803169549272,928.528,0.705953654550315,70.70724220882285
766,401.384,0.707156995750462,0.531954572067199,802.768,2014_nk_186,Nush,2014,0.706488015583778,0.535905923103562,0.00172655605230987,355.592789721178,490.803169549272,928.528,0.705953654550315,70.70724220882285
767,401.908,0.704786837785228,0.532182522944111,803.816,2014_nk_186,Nush,2014,0.706548244877894,0.537737965387704,0.00183204228414224,355.592789721178,490.803169549272,928.528,0.705953654550315,70.70724220882285
768,402.432,0.706345675429829,0.529013253521616,804.864,2014_nk_186,Nush,2014,0.706607222747063,0.539883681886336,0.00214571649863149,355.592789721178,490.803169549272,928.528,0.705953654550315,70.70724220882285
769,402.956,0.707543396248394,0.527379917991537,805.912,2014_nk_186,Nush,2014,0.706607683205223,0.542509928385043,0.00262624649870702,355.592789721178,490.803169549272,928.528,0.705953654550315,70.70724220882285
770,403.48,0.706263630056112,0.527233390263086,806.96,2014_nk_186,Nush,2014,0.706635692407088,0.545449211067068,0.00293928268202548,355.592789721178,490.803169549272,928.528,0.705953654550315,70.70724220882285
771,404.004,0.705515846857456,0.532599488365038,808.008,2014_nk_186,Nush,2014,0.706618099355227,0.548839742705102,0.00339053163803416,355.592789721178,490.803169549272,928.528,0.705953654550315,70.70724220882285
772,404.528,0.706064492624701,0.527183652623232,809.056,2014_nk_186,Nush,2014,0.706577741734798,0.552756280917534,0.00391653821243165,355.592789721178,490.803169549272,928.528,0.705953654550315,70.70724220882285
773,405.052,0.7036521644883,0.522401138853806,810.104,2014_nk_186,Nush,2014,0.706567975110667,0.557106383628496,0.0043501027109617,355.592789721178,490.803169549272,928.528,0.705953654550315,70.70724220882285
774,405.576,0.704900901586903,0.526823263294024,811.152,2014_nk_186,Nush,2014,0.70657303045109,0.561675917008683,0.00456953338018773,355.592789721178,490.803169549272,928.528,0.705953654550315,70.70724220882285
775,406.1,0.706028169783496,0.530445250498717,812.2,2014_nk_186,Nush,2014,0.706583862765367,0.566687038507202,0.00501112149851923,355.592789721178,490.803169549272,928.528,0.705953654550315,70.70724220882285
776,406.624,0.707978278509488,0.530916250481086,813.248,2014_nk_186,Nush,2014,0.706540102475141,0.571623052103264,0.00493601359606166,355.592789721178,490.803169549272,928.528,0.705953654550315,70.70724220882285
777,407.148,0.706985657168573,0.537451187218461,814.296,2014_nk_186,Nush,2014,0.706608231758336,0.57686736077265,0.00524430866938597,355.592789721178,490.803169549272,928.528,0.705953654550315,70.70724220882285
778,407.672,0.708261614575336,0.541812601784261,815.344,2014_nk_186,Nush,2014,0.706605696876416,0.582534984504983,0.00566762373233276,355.592789721178,490.803169549272,928.528,0.705953654550315,70.70724220882285
779,408.196,0.705012797176323,0.546656770240132,816.392,2014_nk_186,Nush,2014,0.706637577168154,0.588794872771772,0.00625988826678903,355.592789721178,490.803169549272,928.528,0.705953654550315,70.70724220882285
780,408.72,0.707742248747892,0.558836041903897,817.44,2014_nk_186,Nush,2014,0.706680309613931,0.595343225873207,0.00654835310143553,355.592789721178,490.803169549272,928.528,0.705953654550315,70.70724220882285
781,409.244,0.706231931630844,0.556260435364465,818.488,2014_nk_186,Nush,2014,0.70668429787015,0.602179405431143,0.00683617955793536,355.592789721178,490.803169549272,928.528,0.705953654550315,70.70724220882285
782,409.768,0.705299648215934,0.558535869882299,819.536,2014_nk_186,Nush,2014,0.706702798861629,0.609769777074634,0.0075903716434913,355.592789721178,490.803169549272,928.528,0.705953654550315,70.70724220882285
783,410.292,0.709292275691104,0.564358252250476,820.584,2014_nk_186,Nush,2014,0.706786657549092,0.61751695198712,0.00774717491248555,355.592789721178,490.803169549272,928.528,0.705953654550315,70.70724220882285
784,410.816,0.707353406617493,0.574303238800436,821.632,2014_nk_186,Nush,2014,0.706800644183367,0.625700612901856,0.0081836609147361,355.592789721178,490.803169549272,928.528,0.705953654550315,70.70724220882285
785,411.34,0.706578622458818,0.571414845846633,822.68,2014_nk_186,Nush,2014,0.70683809015563,0.634194256436253,0.00849364353439741,355.592789721178,490.803169549272,928.528,0.705953654550315,70.70724220882285
786,411.864,0.706055823762848,0.574660941265303,823.728,2014_nk_186,Nush,2014,0.706901568550028,0.643021752270007,0.00882749583375386,355.592789721178,490.803169549272,928.528,0.705953654550315,70.70724220882285
787,412.388,0.705016700106461,0.572570818671527,824.776,2014_nk_186,Nush,2014,0.706941834805042,0.652558808746605,0.0095370564765983,355.592789721178,490.803169549272,928.528,0.705953654550315,70.70724220882285
788,412.912,0.70658615473213,0.587944753556621,825.824,2014_nk_186,Nush,2014,0.707000048858947,0.662287077302023,0.00972826855541742,355.592789721178,490.803169549272,928.528,0.705953654550315,70.70724220882285
789,413.436,0.706889147729023,0.586458823196586,826.872,2014_nk_186,Nush,2014,0.707026046917226,0.672521086497415,0.0102340091953926,355.592789721178,490.803169549272,928.528,0.705953654550315,70.70724220882285
790,413.96,0.708354303112206,0.589862265932563,827.92,2014_nk_186,Nush,2014,0.707047569203702,0.683264602025175,0.0107435155277597,355.592789721178,490.803169549272,928.528,0.705953654550315,70.70724220882285
791,414.484,0.706946113953353,0.588015949006572,828.968,2014_nk_186,Nush,2014,0.707079716372405,0.693987566769793,0.010722964744618,355.592789721178,490.803169549272,928.528,0.705953654550315,70.70724220882285
792,415.008,0.708823812379198,0.600037127931513,830.016,2014_nk_186,Nush,2014,0.70713032754867,0.705175887737074,0.0111883209672807,355.592789721178,490.803169549272,928.528,0.705953654550315,70.70724220882285
793,415.532,0.707414633430347,0.60046123982626,831.064,2014_nk_186,Nush,2014,0.707149582658149,0.716557923389758,0.0113820356526841,355.592789721178,490.803169549272,928.528,0.705953654550315,70.70724220882285
794,416.056,0.706534623261936,0.598718180104175,832.112,2014_nk_186,Nush,2014,0.707233646930722,0.728467781850176,0.0119098584604186,355.592789721178,490.803169549272,928.528,0.705953654550315,70.70724220882285
795,416.58,0.706884158435584,0.604093000519197,833.16,2014_nk_186,Nush,2014,0.707279030417113,0.740541108871681,0.0120733270215048,355.592789721178,490.803169549272,928.528,0.705953654550315,70.70724220882285
796,417.104,0.707900214736111,0.616599064950567,834.208,2014_nk_186,Nush,2014,0.70729531302022,0.752862544382312,0.012321435510631,355.592789721178,490.803169549272,928.528,0.705953654550315,70.70724220882285
797,417.628,0.708068507754679,0.62232781821904,835.256,2014_nk_186,Nush,2014,0.707367917443586,0.766113948371084,0.0132514039887721,355.592789721178,490.803169549272,928.528,0.705953654550315,70.70724220882285
798,418.152,0.70762847933609,0.643475276563218,836.304,2014_nk_186,Nush,2014,0.7074079626625,0.779709931026713,0.0135959826556282,355.592789721178,490.803169549272,928.528,0.705953654550315,70.70724220882285
799,418.676,0.706249396770261,0.668177259236753,837.352,2014_nk_186,Nush,2014,0.707433550473581,0.793358714062635,0.0136487830359224,355.592789721178,490.803169549272,928.528,0.705953654550315,70.70724220882285
800,419.2,0.707141791335087,0.683976581927445,838.4,2014_nk_186,Nush,2014,0.707470863139933,0.807291387461179,0.0139326733985443,355.592789721178,490.803169549272,928.528,0.705953654550315,70.70724220882285
801,419.724,0.706511201281983,0.699361509437918,839.448,2014_nk_186,Nush,2014,0.707516737707972,0.821342478218663,0.0140510907574833,355.592789721178,490.803169549272,928.528,0.705953654550315,70.70724220882285
802,420.248,0.707280468110375,0.727436830212361,840.496,2014_nk_186,Nush,2014,0.707569392097631,0.836068728023686,0.0147262498050236,355.592789721178,490.803169549272,928.528,0.705953654550315,70.70724220882285
803,420.772,0.706806840667342,0.754786657171998,841.544,2014_nk_186,Nush,2014,0.70765159244454,0.850790228781799,0.0147215007581131,355.592789721178,490.803169549272,928.528,0.705953654550315,70.70724220882285
804,421.296,0.70732709293028,0.768920486228895,842.592,2014_nk_186,Nush,2014,0.707728385516103,0.865813276478628,0.0150230476968283,355.592789721178,490.803169549272,928.528,0.705953654550315,70.70724220882285
805,421.82,0.708575810431936,0.798497056832724,843.64,2014_nk_186,Nush,2014,0.707749375361971,0.881383795242918,0.0155705187642904,355.592789721178,490.803169549272,928.528,0.705953654550315,70.70724220882285
806,422.344,0.707157879881386,0.805075481998016,844.688,2014_nk_186,Nush,2014,0.707754988462748,0.897447310866544,0.0160635156236264,355.592789721178,490.803169549272,928.528,0.705953654550315,70.70724220882285
807,422.868,0.708473279545238,0.832151012215469,845.736,2014_nk_186,Nush,2014,0.707791346417239,0.9137367401881,0.0162894293215561,355.592789721178,490.803169549272,928.528,0.705953654550315,70.70724220882285
808,423.392,0.708362185084696,0.84967027653184,846.784,2014_nk_186,Nush,2014,0.707787898012872,0.93069094437537,0.0169542041872692,355.592789721178,490.803169549272,928.528,0.705953654550315,70.70724220882285
809,423.916,0.709029835895473,0.886361423248906,847.832,2014_nk_186,Nush,2014,0.707854425483998,0.947846006773055,0.0171550623976854,355.592789721178,490.803169549272,928.528,0.705953654550315,70.70724220882285
810,424.44,0.70784024402261,0.901423479822674,848.88,2014_nk_186,Nush,2014,0.707879831555958,0.964894779399777,0.0170487726267217,355.592789721178,490.803169549272,928.528,0.705953654550315,70.70724220882285
811,424.964,0.707868662098103,0.924978870875894,849.928,2014_nk_186,Nush,2014,0.707926661560198,0.982726001067479,0.0178312216677026,355.592789721178,490.803169549272,928.528,0.705953654550315,70.70724220882285
812,425.488,0.707437182735598,0.961929072046632,850.976,2014_nk_186,Nush,2014,0.707967316666353,1.00087089941888,0.0181448983514024,355.592789721178,490.803169549272,928.528,0.705953654550315,70.70724220882285
813,426.012,0.707424891483458,0.97122574742758,852.024,2014_nk_186,Nush,2014,0.707954233947486,1.01920405322212,0.0183331538032427,355.592789721178,490.803169549272,928.528,0.705953654550315,70.70724220882285
814,426.536,0.707518948426592,1.00105649042439,853.072,2014_nk_186,Nush,2014,0.707980539367106,1.03751047130602,0.0183064180838988,355.592789721178,490.803169549272,928.528,0.705953654550315,70.70724220882285
815,427.06,0.707419477562771,1.02311618814232,854.12,2014_nk_186,Nush,2014,0.708015515367842,1.05608734222897,0.0185768709229457,355.592789721178,490.803169549272,928.528,0.705953654550315,70.70724220882285
816,427.584,0.707575078573804,1.04674806709977,855.168,2014_nk_186,Nush,2014,0.708067466338336,1.07487464491118,0.0187873026822158,355.592789721178,490.803169549272,928.528,0.705953654550315,70.70724220882285
817,428.108,0.708598152857112,1.08033291698498,856.216,2014_nk_186,Nush,2014,0.708130054770998,1.09409895893488,0.0192243140236943,355.592789721178,490.803169549272,928.528,0.705953654550315,70.70724220882285
818,428.632,0.708264510854887,1.09769589870749,857.264,2014_nk_186,Nush,2014,0.708174161461973,1.11329742314516,0.0191984642102836,355.592789721178,490.803169549272,928.528,0.705953654550315,70.70724220882285
819,429.156,0.709319541083346,1.12371949331499,858.312,2014_nk_186,Nush,2014,0.708217535961765,1.13283319338586,0.019535770240702,355.592789721178,490.803169549272,928.528,0.705953654550315,70.70724220882285
820,429.68,0.70879829604696,1.14827124964639,859.36,2014_nk_186,Nush,2014,0.708233668449238,1.15321982564554,0.0203866322596715,355.592789721178,490.803169549272,928.528,0.705953654550315,70.70724220882285
821,430.204,0.708870165539262,1.16084588649003,860.408,2014_nk_186,Nush,2014,0.708267449232564,1.17328375149989,0.02006392585435,355.592789721178,490.803169549272,928.528,0.705953654550315,70.70724220882285
822,430.728,0.708987632874257,1.19383319058801,861.456,2014_nk_186,Nush,2014,0.708264737263983,1.19318186080699,0.0198981093071009,355.592789721178,490.803169549272,928.528,0.705953654550315,70.70724220882285
823,431.252,0.707950358941905,1.21016901285803,862.504,2014_nk_186,Nush,2014,0.708297985983174,1.21307246603381,0.0198906052268271,355.592789721178,490.803169549272,928.528,0.705953654550315,70.70724220882285
824,431.776,0.709617282075837,1.24027207000924,863.552,2014_nk_186,Nush,2014,0.708322201930586,1.23346070054158,0.0203882345077679,355.592789721178,490.803169549272,928.528,0.705953654550315,70.70724220882285
825,432.3,0.708238353783553,1.25944711888244,864.6,2014_nk_186,Nush,2014,0.708361315297523,1.2544301187888,0.0209694182472138,355.592789721178,490.803169549272,928.528,0.705953654550315,70.70724220882285
826,432.824,0.708133951936904,1.27124070270506,865.648,2014_nk_186,Nush,2014,0.708378263950142,1.27521453657608,0.0207844177872831,355.592789721178,490.803169549272,928.528,0.705953654550315,70.70724220882285
827,433.348,0.709143103187183,1.32726676227044,866.696,2014_nk_186,Nush,2014,0.708404879902106,1.29623399576437,0.0210194591882862,355.592789721178,490.803169549272,928.528,0.705953654550315,70.70724220882285
828,433.872,0.708748388564665,1.34477221285931,867.744,2014_nk_186,Nush,2014,0.708430403550374,1.31705018410874,0.0208161883443756,355.592789721178,490.803169549272,928.528,0.705953654550315,70.70724220882285
829,434.396,0.709078664913258,1.34630690014688,868.792,2014_nk_186,Nush,2014,0.708484200653449,1.33753982973002,0.0204896456212791,355.592789721178,490.803169549272,928.528,0.705953654550315,70.70724220882285
830,434.92,0.708502390037226,1.36319379417574,869.84,2014_nk_186,Nush,2014,0.708519799559763,1.35804332908907,0.0205034993590549,355.592789721178,490.803169549272,928.528,0.705953654550315,70.70724220882285
831,435.444,0.708268320939814,1.37566493381403,870.888,2014_nk_186,Nush,2014,0.708561383104606,1.37903726931928,0.020993940230204,355.592789721178,490.803169549272,928.528,0.705953654550315,70.70724220882285
832,435.968,0.709223756004215,1.41075864092464,871.936,2014_nk_186,Nush,2014,0.708590974451215,1.39974475669398,0.0207074873747006,355.592789721178,490.803169549272,928.528,0.705953654550315,70.70724220882285
833,436.492,0.708584185302807,1.40569118434059,872.984,2014_nk_186,Nush,2014,0.70863717619485,1.42028109925059,0.0205363425566132,355.592789721178,490.803169549272,928.528,0.705953654550315,70.70724220882285
834,437.016,0.709508485880737,1.42820612510372,874.032,2014_nk_186,Nush,2014,0.708664110503487,1.44080776394939,0.0205266646987967,355.592789721178,490.803169549272,928.528,0.705953654550315,70.70724220882285
835,437.54,0.707287560535534,1.46467637635614,875.08,2014_nk_186,Nush,2014,0.708671275006251,1.46139740726966,0.0205896433202684,355.592789721178,490.803169549272,928.528,0.705953654550315,70.70724220882285
836,438.064,0.708315064556125,1.49472718789867,876.128,2014_nk_186,Nush,2014,0.708706876741523,1.48214921469694,0.0207518074272779,355.592789721178,490.803169549272,928.528,0.705953654550315,70.70724220882285
837,438.588,0.709167134438009,1.51481694651182,877.176,2014_nk_186,Nush,2014,0.708720097915397,1.50230093156282,0.0201517168658805,355.592789721178,490.803169549272,928.528,0.705953654550315,70.70724220882285
838,439.112,0.708054710313363,1.55906485302042,878.224,2014_nk_186,Nush,2014,0.708729506265825,1.52187498936525,0.0195740578024368,355.592789721178,490.803169549272,928.528,0.705953654550315,70.70724220882285
839,439.636,0.709004445443868,1.57596051410125,879.272,2014_nk_186,Nush,2014,0.708729731402553,1.54087611697032,0.0190011276050703,355.592789721178,490.803169549272,928.528,0.705953654550315,70.70724220882285
840,440.16,0.709266613065488,1.5817623995072,880.32,2014_nk_186,Nush,2014,0.708756182462181,1.55904180990808,0.0181656929377527,355.592789721178,490.803169549272,928.528,0.705953654550315,70.70724220882285
841,440.684,0.709041731885242,1.62613373542662,881.368,2014_nk_186,Nush,2014,0.708781460822154,1.57716553895582,0.0181237290477445,355.592789721178,490.803169549272,928.528,0.705953654550315,70.70724220882285
842,441.208,0.707738954585257,1.64722977096645,882.416,2014_nk_186,Nush,2014,0.708803926033804,1.59496377124096,0.0177982322851422,355.592789721178,490.803169549272,928.528,0.705953654550315,70.70724220882285
843,441.732,0.708507312559075,1.66434748044504,883.464,2014_nk_186,Nush,2014,0.70881521646256,1.61312905544976,0.0181652842087936,355.592789721178,490.803169549272,928.528,0.705953654550315,70.70724220882285
844,442.256,0.708931731794653,1.67268832383437,884.512,2014_nk_186,Nush,2014,0.708829539055865,1.63078944760155,0.0176603921517924,355.592789721178,490.803169549272,928.528,0.705953654550315,70.70724220882285
845,442.78,0.708677182503025,1.68602710122336,885.56,2014_nk_186,Nush,2014,0.708837267271036,1.64828331754362,0.0174938699420755,355.592789721178,490.803169549272,928.528,0.705953654550315,70.70724220882285
846,443.304,0.709172881992442,1.70189910219826,886.608,2014_nk_186,Nush,2014,0.708857075559107,1.66491343952775,0.0166301219841241,355.592789721178,490.803169549272,928.528,0.705953654550315,70.70724220882285
847,443.828,0.708772006066181,1.72602966009319,887.656,2014_nk_186,Nush,2014,0.708858196841266,1.68070796025758,0.0157945207298318,355.592789721178,490.803169549272,928.528,0.705953654550315,70.70724220882285
848,444.352,0.709232556190632,1.73985260617363,888.704,2014_nk_186,Nush,2014,0.708865881995891,1.69666220669461,0.0159542464370306,355.592789721178,490.803169549272,928.528,0.705953654550315,70.70724220882285
849,444.876,0.70949161771655,1.7586050376387,889.752,2014_nk_186,Nush,2014,0.708868470954552,1.71231202420804,0.0156498175134299,355.592789721178,490.803169549272,928.528,0.705953654550315,70.70724220882285
850,445.4,0.709322252360593,1.81306020151285,890.8,2014_nk_186,Nush,2014,0.7088747570865,1.72676832888736,0.0144563046793216,355.592789721178,490.803169549272,928.528,0.705953654550315,70.70724220882285
851,445.924,0.708972960952899,1.79185150026756,891.848,2014_nk_186,Nush,2014,0.70887910377334,1.74100029016101,0.0142319612736508,355.592789721178,490.803169549272,928.528,0.705953654550315,70.70724220882285
852,446.448,0.708661094264384,1.79392368635757,892.896,2014_nk_186,Nush,2014,0.708892778163857,1.75513630459168,0.0141360144306635,355.592789721178,490.803169549272,928.528,0.705953654550315,70.70724220882285
853,446.972,0.70940955658178,1.79389755343589,893.944,2014_nk_186,Nush,2014,0.708911994573718,1.76917099778887,0.0140346931971986,355.592789721178,490.803169549272,928.528,0.705953654550315,70.70724220882285
854,447.496,0.707987580106675,1.82201225057025,894.992,2014_nk_186,Nush,2014,0.708909235489233,1.78257683284414,0.0134058350552675,355.592789721178,490.803169549272,928.528,0.705953654550315,70.70724220882285
855,448.02,0.709230960451804,1.86225809535201,896.04,2014_nk_186,Nush,2014,0.70892154792071,1.7956221798394,0.0130453469952589,355.592789721178,490.803169549272,928.528,0.705953654550315,70.70724220882285
856,448.544,0.708917133893224,1.86366413218755,897.088,2014_nk_186,Nush,2014,0.70893857556391,1.80937642929012,0.0137542494507161,355.592789721178,490.803169549272,928.528,0.705953654550315,70.70724220882285
857,449.068,0.709665464872515,1.88349536951621,898.136,2014_nk_186,Nush,2014,0.7089258409607,1.82141510197755,0.0120386726874366,355.592789721178,490.803169549272,928.528,0.705953654550315,70.70724220882285
858,449.592,0.709159898232179,1.89244657722575,899.184,2014_nk_186,Nush,2014,0.70892810625155,1.83268080373744,0.0112657017598814,355.592789721178,490.803169549272,928.528,0.705953654550315,70.70724220882285
859,450.116,0.70947722295478,1.89755599651351,900.232,2014_nk_186,Nush,2014,0.708929080711359,1.84356099573398,0.0108801919965427,355.592789721178,490.803169549272,928.528,0.705953654550315,70.70724220882285
860,450.64,0.709277725713884,1.91418654347075,901.28,2014_nk_186,Nush,2014,0.708947967239506,1.85426842332464,0.0107074275906631,355.592789721178,490.803169549272,928.528,0.705953654550315,70.70724220882285
861,451.164,0.709006213972611,1.95899792325015,902.328,2014_nk_186,Nush,2014,0.708955181463479,1.86459493535016,0.0103265120255149,355.592789721178,490.803169549272,928.528,0.705953654550315,70.70724220882285
862,451.688,0.709055948906913,1.9698860726944,903.376,2014_nk_186,Nush,2014,0.708944418658609,1.87375169324828,0.00915675789812465,355.592789721178,490.803169549272,928.528,0.705953654550315,70.70724220882285
863,452.212,0.709578945285442,1.98696721056879,904.424,2014_nk_186,Nush,2014,0.708956866854788,1.88270074198038,0.00894904873209468,355.592789721178,490.803169549272,928.528,0.705953654550315,70.70724220882285
864,452.736,0.708943151448484,2.00052036815668,905.472,2014_nk_186,Nush,2014,0.70894602310575106,1.89137796820798,0.00867722622760669,355.592789721178,490.803169549272,928.528,0.705953654550315,70.70724220882285
865,453.26,0.709005680597784,2.03387565604883,906.52,2014_nk_186,Nush,2014,0.708967097483763,1.8994561978617,0.00807822965372007,355.592789721178,490.803169549272,928.528,0.705953654550315,70.70724220882285
866,453.784,0.70929398399771,2.05018392763469,907.568,2014_nk_186,Nush,2014,0.708973802414058,1.90727527964155,0.00781908177984336,355.592789721178,490.803169549272,928.528,0.705953654550315,70.70724220882285
867,454.308,0.709266549977652,2.0412540241683,908.616,2014_nk_186,Nush,2014,0.708959690848541,1.91453129090702,0.00725601126547204,355.592789721178,490.803169549272,928.528,0.705953654550315,70.70724220882285
868,454.832,0.70892668611042,2.02411374467805,909.664,2014_nk_186,Nush,2014,0.708988592715773,1.92107017104347,0.0065388801364552,355.592789721178,490.803169549272,928.528,0.705953654550315,70.70724220882285
869,455.356,0.709043344099104,2.02642907955312,910.712,2014_nk_186,Nush,2014,0.708997432100859,1.92678030486004,0.00571013381656327,355.592789721178,490.803169549272,928.528,0.705953654550315,70.70724220882285
870,455.88,0.709427307600295,1.99136505608784,911.76,2014_nk_186,Nush,2014,0.708985594831039,1.93274234408999,0.00596203922995597,355.592789721178,490.803169549272,928.528,0.705953654550315,70.70724220882285
871,456.404,0.70938536369651,2.01240261374057,912.808,2014_nk_186,Nush,2014,0.708993285224125,1.93823171189242,0.00548936780243015,355.592789721178,490.803169549272,928.528,0.705953654550315,70.70724220882285
872,456.928,0.708785095434564,2.02982300915517,913.856,2014_nk_186,Nush,2014,0.709013653754153,1.94310232400877,0.00487061211634954,355.592789721178,490.803169549272,928.528,0.705953654550315,70.70724220882285
873,457.452,0.708102317208838,2.0611427999552,914.904,2014_nk_186,Nush,2014,0.709018669178954,1.94726329233945,0.00416096833067492,355.592789721178,490.803169549272,928.528,0.705953654550315,70.70724220882285
874,457.976,0.708378304024885,2.06068001953194,915.952,2014_nk_186,Nush,2014,0.70901276252925,1.9518260721489,0.00456277980945186,355.592789721178,490.803169549272,928.528,0.705953654550315,70.70724220882285
875,458.5,0.707883170473035,2.07274838466684,917,2014_nk_186,Nush,2014,0.709021840147168,1.95614239568754,0.00431632353864475,355.592789721178,490.803169549272,928.528,0.705953654550315,70.70724220882285
876,459.024,0.70876357585809,2.04455538614721,918.048,2014_nk_186,Nush,2014,0.709018117159351,1.96014741000968,0.00400501432213884,355.592789721178,490.803169549272,928.528,0.705953654550315,70.70724220882285
877,459.548,0.708665429786625,2.0280041607749,919.096,2014_nk_186,Nush,2014,0.70902430456447,1.96397162635676,0.0038242163470743,355.592789721178,490.803169549272,928.528,0.705953654550315,70.70724220882285
878,460.072,0.708725620132413,2.05495068492932,920.144,2014_nk_186,Nush,2014,0.709021635699851,1.96713167425011,0.00316004789335422,355.592789721178,490.803169549272,928.528,0.705953654550315,70.70724220882285
879,460.596,0.709474878603016,2.0627085441208,921.192,2014_nk_186,Nush,2014,0.709017139015629,1.96983203702277,0.0027003627726625,355.592789721178,490.803169549272,928.528,0.705953654550315,70.70724220882285
880,461.12,0.709175463963834,2.01564953040567,922.24,2014_nk_186,Nush,2014,0.709007945734534,1.97178430194726,0.00195226492448253,355.592789721178,490.803169549272,928.528,0.705953654550315,70.70724220882285
881,461.644,0.709130966749668,2.01476356290908,923.288,2014_nk_186,Nush,2014,0.709022680884295,1.9746977533038,0.00291345135654741,355.592789721178,490.803169549272,928.528,0.705953654550315,70.70724220882285
882,462.168,0.709808096305248,2.04199405642781,924.336,2014_nk_186,Nush,2014,0.70903129925888,1.97788161236343,0.00318385905962892,355.592789721178,490.803169549272,928.528,0.705953654550315,70.70724220882285
883,462.692,0.709103343533542,2.05225060468995,925.384,2014_nk_186,Nush,2014,0.709034367122453,1.98050363251525,0.00262202015181856,355.592789721178,490.803169549272,928.528,0.705953654550315,70.70724220882285
884,463.216,0.709451737006786,2.04462217332529,926.432,2014_nk_186,Nush,2014,0.709047034380931,1.98252268653991,0.00201905402465807,355.592789721178,490.803169549272,928.528,0.705953654550315,70.70724220882285
885,463.74,0.708977099672121,2.04216793859798,927.48,2014_nk_186,Nush,2014,0.709047130207814,1.98375068033762,0.00122799379771155,355.592789721178,490.803169549272,928.528,0.705953654550315,70.70724220882285
886,464.264,0.709155610528907,2.09649566974803,928.528,2014_nk_186,Nush,2014,0.709043357763318,1.9847474496146,9.9676927697922e-4,355.592789721178,490.803169549272,928.528,0.705953654550315,70.70724220882285
887,464.788,0.708379026994646,2.04958712351664,929.576,2014_nk_186,Nush,2014,0.709029246234467,1.98531243639343,5.6498677883021e-4,355.592789721178,490.803169549272,928.528,0.705953654550315,70.70724220882285
888,465.312,0.708884306015653,2.02071431845219,930.624,2014_nk_186,Nush,2014,0.709025757935563,1.98592449561745,6.1205922402241e-4,355.592789721178,490.803169549272,928.528,0.705953654550315,70.70724220882285
889,465.836,0.709137132501787,1.99911841993945,931.672,2014_nk_186,Nush,2014,0.709023368592898,1.98651474108041,5.9024546296293e-4,355.592789721178,490.803169549272,928.528,0.705953654550315,70.70724220882285
890,466.36,0.709635581726046,2.00563944961552,932.72,2014_nk_186,Nush,2014,0.709017257647096,1.98655246149616,3.77204157415711e-5,355.592789721178,490.803169549272,928.528,0.705953654550315,70.70724220882285
891,466.884,0.708701174378199,1.99525565534493,933.768,2014_nk_186,Nush,2014,0.709006410612677,1.9858830797921,-6.6938170405772e-4,355.592789721178,490.803169549272,928.528,0.705953654550315,70.70724220882285
892,467.408,0.708577987712003,1.96016411481212,934.816,2014_nk_186,Nush,2014,0.709007463985445,1.98513586638761,-7.4721340449124e-4,355.592789721178,490.803169549272,928.528,0.705953654550315,70.70724220882285
893,467.932,0.709331077073519,1.94263410826627,935.864,2014_nk_186,Nush,2014,0.709007781370556,1.98417926030257,-9.5660608503811e-4,355.592789721178,490.803169549272,928.528,0.705953654550315,70.70724220882285
894,468.456,0.708857860938568,1.94883969876011,936.912,2014_nk_186,Nush,2014,0.709007162791882,1.98276569324251,-0.00141356706005547,355.592789721178,490.803169549272,928.528,0.705953654550315,70.70724220882285
895,468.98,0.708552023216204,1.94937015557934,937.96,2014_nk_186,Nush,2014,0.709009037765822,1.98087175317923,-0.00189394006327936,355.592789721178,490.803169549272,928.528,0.705953654550315,70.70724220882285
896,469.504,0.708717360373856,1.96387209468927,939.008,2014_nk_186,Nush,2014,0.709012278728393,1.97872222111289,-0.00214953206634294,355.592789721178,490.803169549272,928.528,0.705953654550315,70.70724220882285
897,470.028,0.708320440506985,1.95017762244014,940.056,2014_nk_186,Nush,2014,0.708998674631042,1.97686047670747,-0.00186174440541831,355.592789721178,490.803169549272,928.528,0.705953654550315,70.70724220882285
898,470.552,0.709788822347295,1.95139766120774,941.104,2014_nk_186,Nush,2014,0.708999569388149,1.97553387191363,-0.00132660479383873,355.592789721178,490.803169549272,928.528,0.705953654550315,70.70724220882285
899,471.076,0.709534808548987,1.91856854309505,942.152,2014_nk_186,Nush,2014,0.708988648953326,1.97421119488899,-0.00132267702464728,355.592789721178,490.803169549272,928.528,0.705953654550315,70.70724220882285
900,471.6,0.708556376876296,1.93948475330456,943.2,2014_nk_186,Nush,2014,0.708971204924092,1.97306630381852,-0.00114489107047144,355.592789721178,490.803169549272,928.528,0.705953654550315,70.70724220882285
901,472.124,0.709503155470388,1.95549580357243,944.248,2014_nk_186,Nush,2014,0.708960793725216,1.97145836633625,-0.00160793748226307,355.592789721178,490.803169549272,928.528,0.705953654550315,70.70724220882285
902,472.648,0.70896106638695,1.9394664979474,945.296,2014_nk_186,Nush,2014,0.708969207770374,1.96977455356957,-0.00168381276667828,355.592789721178,490.803169549272,928.528,0.705953654550315,70.70724220882285
903,473.172,0.708808238047141,1.91400558028554,946.344,2014_nk_186,Nush,2014,0.708987446273293,1.96752724803986,-0.00224730552971453,355.592789721178,490.803169549272,928.528,0.705953654550315,70.70724220882285
904,473.696,0.708577332812412,1.94645511240148,947.392,2014_nk_186,Nush,2014,0.709011636586411,1.96524284289718,-0.00228440514267714,355.592789721178,490.803169549272,928.528,0.705953654550315,70.70724220882285
905,474.22,0.709221839578112,1.94500651354205,948.44,2014_nk_186,Nush,2014,0.709043219291084,1.96262354531773,-0.00261929757944901,355.592789721178,490.803169549272,928.528,0.705953654550315,70.70724220882285
906,474.744,0.708949502723403,1.94219996152658,949.488,2014_nk_186,Nush,2014,0.709053675097011,1.96052614034342,-0.0020974049743181,355.592789721178,490.803169549272,928.528,0.705953654550315,70.70724220882285
907,475.268,0.709143250373351,1.95548264091765,950.536,2014_nk_186,Nush,2014,0.709066137602987,1.95906869493565,-0.00145744540776205,355.592789721178,490.803169549272,928.528,0.705953654550315,70.70724220882285
908,475.792,0.709072424313495,1.92945547977488,951.584,2014_nk_186,Nush,2014,0.709074652598384,1.95724969277391,-0.00181900216174324,355.592789721178,490.803169549272,928.528,0.705953654550315,70.70724220882285
909,476.316,0.70922181666322,1.92062680399846,952.632,2014_nk_186,Nush,2014,0.709069604251242,1.95542963387916,-0.00182005889475412,355.592789721178,490.803169549272,928.528,0.705953654550315,70.70724220882285
910,476.84,0.708770655494869,1.9301960969818,953.68,2014_nk_186,Nush,2014,0.709078750746024,1.95470313070134,-7.2650317781697e-4,355.592789721178,490.803169549272,928.528,0.705953654550315,70.70724220882285
911,477.364,0.709857069938565,1.96665858166041,954.728,2014_nk_186,Nush,2014,0.709070544865643,1.95341050554644,-0.0012926251548977,355.592789721178,490.803169549272,928.528,0.705953654550315,70.70724220882285
912,477.888,0.709178196739515,1.9849552299353,955.776,2014_nk_186,Nush,2014,0.709068183533983,1.95197373385651,-0.00143677168992684,355.592789721178,490.803169549272,928.528,0.705953654550315,70.70724220882285
913,478.412,0.709593628396136,1.95121876254501,956.824,2014_nk_186,Nush,2014,0.709088662966117,1.95017765786672,-0.00179607598978992,355.592789721178,490.803169549272,928.528,0.705953654550315,70.70724220882285
914,478.936,0.708747615615344,1.94315549204973,957.872,2014_nk_186,Nush,2014,0.709075696750391,1.94900493170274,-0.00117272616398223,355.592789721178,490.803169549272,928.528,0.705953654550315,70.70724220882285
915,479.46,0.709236710064809,1.93593772321471,958.92,2014_nk_186,Nush,2014,0.709076758236672,1.94741099165486,-0.00159394004788038,355.592789721178,490.803169549272,928.528,0.705953654550315,70.70724220882285
916,479.984,0.708690787223456,1.92347028880632,959.968,2014_nk_186,Nush,2014,0.709071640164286,1.94456315095491,-0.00284784069995325,355.592789721178,490.803169549272,928.528,0.705953654550315,70.70724220882285
917,480.508,0.708818773141421,1.91739457624602,961.016,2014_nk_186,Nush,2014,0.709074606628125,1.94175967549489,-0.00280347546002102,355.592789721178,490.803169549272,928.528,0.705953654550315,70.70724220882285
918,481.032,0.708950600297942,1.92917013066708,962.064,2014_nk_186,Nush,2014,0.709066150238848,1.93947984741956,-0.00227982807532712,355.592789721178,490.803169549272,928.528,0.705953654550315,70.70724220882285
919,481.556,0.709333862394896,1.93297072429128,963.112,2014_nk_186,Nush,2014,0.709055460227702,1.93753632439577,-0.00194352302378875,355.592789721178,490.803169549272,928.528,0.705953654550315,70.70724220882285
920,482.08,0.708911068965743,1.91644976841525,964.16,2014_nk_186,Nush,2014,0.709049691348461,1.93598015645173,-0.00155616794403834,355.592789721178,490.803169549272,928.528,0.705953654550315,70.70724220882285
921,482.604,0.708355391907508,1.91883502100668,965.208,2014_nk_186,Nush,2014,0.709063551762861,1.93452931894098,-0.00145083751074981,355.592789721178,490.803169549272,928.528,0.705953654550315,70.70724220882285
922,483.128,0.709119151272993,1.92505326842492,966.256,2014_nk_186,Nush,2014,0.709057356494277,1.93341929086916,-0.00111002807182592,355.592789721178,490.803169549272,928.528,0.705953654550315,70.70724220882285
923,483.652,0.709597988392086,1.92957084546651,967.304,2014_nk_186,Nush,2014,0.709043021776992,1.93274740642597,-6.7188444318677e-4,355.592789721178,490.803169549272,928.528,0.705953654550315,70.70724220882285
924,484.176,0.708906036728078,1.91570634455335,968.352,2014_nk_186,Nush,2014,0.709045539755546,1.93183753833086,-9.0986809511073e-4,355.592789721178,490.803169549272,928.528,0.705953654550315,70.70724220882285
925,484.7,0.709118179034147,1.92023925225206,969.4,2014_nk_186,Nush,2014,0.709050302115538,1.93133531449644,-5.0222383442255e-4,355.592789721178,490.803169549272,928.528,0.705953654550315,70.70724220882285
926,485.224,0.709488441751993,1.9212120036541,970.448,2014_nk_186,Nush,2014,0.709055901455144,1.93103004744967,-3.0526704676514e-4,355.592789721178,490.803169549272,928.528,0.705953654550315,70.70724220882285
927,485.748,0.708450304136606,1.92954935984321,971.496,2014_nk_186,Nush,2014,0.709077193151055,1.93093913403953,-9.09134101401143e-5,355.592789721178,490.803169549272,928.528,0.705953654550315,70.70724220882285
928,486.272,0.708980371536813,1.94451745704772,972.544,2014_nk_186,Nush,2014,0.709056054940453,1.93100928551005,7.01514705201411e-5,355.592789721178,490.803169549272,928.528,0.705953654550315,70.70724220882285
929,486.796,0.708388118009729,1.94706845807428,973.592,2014_nk_186,Nush,2014,0.709043918400192,1.9311827021169,0.00017341660684677001,355.592789721178,490.803169549272,928.528,0.705953654550315,70.70724220882285
930,487.32,0.708380665846246,1.92267159185955,974.64,2014_nk_186,Nush,2014,0.709039637531319,1.93051941075802,-6.6329135888376e-4,355.592789721178,490.803169549272,928.528,0.705953654550315,70.70724220882285
931,487.844,0.708760691763982,1.91592636480479,975.688,2014_nk_186,Nush,2014,0.709033305068935,1.92975150823936,-7.679025186531e-4,355.592789721178,490.803169549272,928.528,0.705953654550315,70.70724220882285
932,488.368,0.709289938144028,1.92879424315448,976.736,2014_nk_186,Nush,2014,0.709036059777754,1.92909526127016,-6.5624696920751e-4,355.592789721178,490.803169549272,928.528,0.705953654550315,70.70724220882285
933,488.892,0.709196627383954,1.92630446817233,977.784,2014_nk_186,Nush,2014,0.709060489396852,1.92912195616144,2.66948912797105e-5,355.592789721178,490.803169549272,928.528,0.705953654550315,70.70724220882285
934,489.416,0.709829722811975,1.92361571097131,978.832,2014_nk_186,Nush,2014,0.709075606279537,1.92819313289194,-9.2882326949617e-4,355.592789721178,490.803169549272,928.528,0.705953654550315,70.70724220882285
935,489.94,0.709778132753392,1.91559052989991,979.88,2014_nk_186,Nush,2014,0.709072065328782,1.9273229440591,-8.7018883283818e-4,355.592789721178,490.803169549272,928.528,0.705953654550315,70.70724220882285
936,490.464,0.709390924213756,1.91871108768813,980.928,2014_nk_186,Nush,2014,0.709080253803551,1.92675889062989,-5.6405342920684e-4,355.592789721178,490.803169549272,928.528,0.705953654550315,70.70724220882285
937,490.988,0.709413180145156,1.94055743630917,981.976,2014_nk_186,Nush,2014,0.709082244461227,1.92609220825284,-6.6668237705558e-4,355.592789721178,490.803169549272,928.528,0.705953654550315,70.70724220882285
938,491.512,0.709236519856244,1.94581055522471,983.024,2014_nk_186,Nush,2014,0.709087924053312,1.92586292421176,-2.2928404107625e-4,355.592789721178,490.803169549272,928.528,0.705953654550315,70.70724220882285
939,492.036,0.709171977774499,1.95350501043555,984.072,2014_nk_186,Nush,2014,0.709082011400959,1.92620683553378,3.4391132201783e-4,355.592789721178,490.803169549272,928.528,0.705953654550315,70.70724220882285
940,492.56,0.709724253650767,1.97205933973665,985.12,2014_nk_186,Nush,2014,0.709082695908254,1.92649345103664,2.8661550286424e-4,355.592789721178,490.803169549272,928.528,0.705953654550315,70.70724220882285
941,493.084,0.708638613926807,1.93720605361523,986.168,2014_nk_186,Nush,2014,0.70907525646841,1.92586547595334,-6.2797508330581e-4,355.592789721178,490.803169549272,928.528,0.705953654550315,70.70724220882285
942,493.608,0.709666416405626,1.95578775503219,987.216,2014_nk_186,Nush,2014,0.709082438002202,1.92468018308339,-0.0011852928699434,355.592789721178,490.803169549272,928.528,0.705953654550315,70.70724220882285
943,494.132,0.710332109461601,1.94448604530255,988.264,2014_nk_186,Nush,2014,0.709081275106719,1.92442093938779,-2.592436956057e-4,355.592789721178,490.803169549272,928.528,0.705953654550315,70.70724220882285
944,494.656,0.708673764063189,1.97425860348636,989.312,2014_nk_186,Nush,2014,0.709093523213547,1.92482747858276,4.065391949739e-4,355.592789721178,490.803169549272,928.528,0.705953654550315,70.70724220882285
945,495.18,0.709040788848997,1.94653153572515,990.36,2014_nk_186,Nush,2014,0.709093351585771,1.92482112634485,-6.35223791500827e-6,355.592789721178,490.803169549272,928.528,0.705953654550315,70.70724220882285
946,495.704,0.708848526185749,1.92562522775083,991.408,2014_nk_186,Nush,2014,0.709104234388204,1.92498060439256,1.5947804771032e-4,355.592789721178,490.803169549272,928.528,0.705953654550315,70.70724220882285
947,496.228,0.708557014825002,1.88137859591538,992.456,2014_nk_186,Nush,2014,0.709115580049867,1.925471839417,4.912350244377e-4,355.592789721178,490.803169549272,928.528,0.705953654550315,70.70724220882285
948,496.752,0.708376922659017,1.88392463393256,993.504,2014_nk_186,Nush,2014,0.709114763146603,1.92581319771934,3.4135830234705e-4,355.592789721178,490.803169549272,928.528,0.705953654550315,70.70724220882285
949,497.276,0.708495731833004,1.88250703851213,994.552,2014_nk_186,Nush,2014,0.709117632057979,1.92649165600575,6.7845828641055e-4,355.592789721178,490.803169549272,928.528,0.705953654550315,70.70724220882285
950,497.8,0.709289448971597,1.91226937297323,995.6,2014_nk_186,Nush,2014,0.709130183966852,1.92700091228552,5.0925627976394e-4,355.592789721178,490.803169549272,928.528,0.705953654550315,70.70724220882285
951,498.324,0.709532799242188,1.90820540469994,996.648,2014_nk_186,Nush,2014,0.709149362614038,1.92750238287239,5.0147058687399e-4,355.592789721178,490.803169549272,928.528,0.705953654550315,70.70724220882285
952,498.848,0.708206271596982,1.89356243050257,997.696,2014_nk_186,Nush,2014,0.709129138236278,1.92778597584065,2.8359296826274e-4,355.592789721178,490.803169549272,928.528,0.705953654550315,70.70724220882285
953,499.372,0.70847099403644,1.90232104167506,998.744,2014_nk_186,Nush,2014,0.709128525319883,1.92857647241138,7.904965707246e-4,355.592789721178,490.803169549272,928.528,0.705953654550315,70.70724220882285
954,499.896,0.709008939651793,1.89424761305346,999.792,2014_nk_186,Nush,2014,0.709136199298411,1.92933687872519,7.6040631380669e-4,355.592789721178,490.803169549272,928.528,0.705953654550315,70.70724220882285
955,500.42,0.708837764815741,1.91923672551399,1000.84,2014_nk_186,Nush,2014,0.709134359623325,1.9301099292563,7.7305053111453e-4,355.592789721178,490.803169549272,928.528,0.705953654550315,70.70724220882285
956,500.944,0.709053320750185,1.94555607188335,1001.888,2014_nk_186,Nush,2014,0.709131910988304,1.93087607857718,7.6614932088392e-4,355.592789721178,490.803169549272,928.528,0.705953654550315,70.70724220882285
957,501.468,0.709597942261666,1.94472281783175,1002.936,2014_nk_186,Nush,2014,0.709148949656757,1.93135726023739,4.8118166020194e-4,355.592789721178,490.803169549272,928.528,0.705953654550315,70.70724220882285
958,501.992,0.70852052971116,1.95560674943896,1003.984,2014_nk_186,Nush,2014,0.709160210170285,1.931854866788,4.976065506157e-4,355.592789721178,490.803169549272,928.528,0.705953654550315,70.70724220882285
959,502.516,0.708806616133329,1.92897353950587,1005.032,2014_nk_186,Nush,2014,0.709174573034069,1.93258613500323,7.3126821523006e-4,355.592789721178,490.803169549272,928.528,0.705953654550315,70.70724220882285
960,503.04,0.708299524743916,1.89968727177153,1006.08,2014_nk_186,Nush,2014,0.709189818553675,1.93364551797652,0.00105938297329145,355.592789721178,490.803169549272,928.528,0.705953654550315,70.70724220882285
961,503.564,0.70912320772733,1.90942165245323,1007.128,2014_nk_186,Nush,2014,0.709200689700423,1.93432517305161,6.796550750916e-4,355.592789721178,490.803169549272,928.528,0.705953654550315,70.70724220882285
962,504.088,0.709126348916123,1.90009167979495,1008.176,2014_nk_186,Nush,2014,0.709199800007505,1.93487762957934,5.5245652772839e-4,355.592789721178,490.803169549272,928.528,0.705953654550315,70.70724220882285
963,504.612,0.710274015192997,1.91560727376233,1009.224,2014_nk_186,Nush,2014,0.70919825722677,1.93532959442141,4.5196484206799e-4,355.592789721178,490.803169549272,928.528,0.705953654550315,70.70724220882285
964,505.136,0.709484345773505,1.89072571623171,1010.272,2014_nk_186,Nush,2014,0.709181319617443,1.935907875142,5.7828072059229e-4,355.592789721178,490.803169549272,928.528,0.705953654550315,70.70724220882285
965,505.66,0.709009382532846,1.89279518357176,1011.32,2014_nk_186,Nush,2014,0.70917233680269,1.93653304476631,6.2516962431002e-4,355.592789721178,490.803169549272,928.528,0.705953654550315,70.70724220882285
966,506.184,0.709440811209531,1.90835675577416,1012.368,2014_nk_186,Nush,2014,0.709175784644824,1.93690517585221,3.7213108589662e-4,355.592789721178,490.803169549272,928.528,0.705953654550315,70.70724220882285
967,506.708,0.70926268983392,1.91548169829431,1013.416,2014_nk_186,Nush,2014,0.709177366882971,1.93741465418906,5.0947833685199e-4,355.592789721178,490.803169549272,928.528,0.705953654550315,70.70724220882285
968,507.232,0.709413199838596,1.9156984373103,1014.464,2014_nk_186,Nush,2014,0.709175851403754,1.93716083983492,-2.5381435414417e-4,355.592789721178,490.803169549272,928.528,0.705953654550315,70.70724220882285
969,507.756,0.708867057522013,1.94126148331954,1015.512,2014_nk_186,Nush,2014,0.709176383592929,1.93668828454828,-4.7255528664158e-4,355.592789721178,490.803169549272,928.528,0.705953654550315,70.70724220882285
970,508.28,0.708811725932613,1.94739302715364,1016.56,2014_nk_186,Nush,2014,0.709171035735631,1.93569533300706,-9.9295154121614e-4,355.592789721178,490.803169549272,928.528,0.705953654550315,70.70724220882285
971,508.804,0.709410703547884,1.92898007666206,1017.608,2014_nk_186,Nush,2014,0.709172358257954,1.93527055932451,-4.24773682546e-4,355.592789721178,490.803169549272,928.528,0.705953654550315,70.70724220882285
972,509.328,0.709609088767067,1.91383765773869,1018.656,2014_nk_186,Nush,2014,0.709162213067106,1.93433774445367,-9.3281487083962e-4,355.592789721178,490.803169549272,928.528,0.705953654550315,70.70724220882285
973,509.852,0.709523854667156,1.93566414080867,1019.704,2014_nk_186,Nush,2014,0.70912947111672,1.9337552193431,-5.8252511057177e-4,355.592789721178,490.803169549272,928.528,0.705953654550315,70.70724220882285
974,510.376,0.709482502025013,1.96754784374817,1020.752,2014_nk_186,Nush,2014,0.709133866850404,1.93329930676567,-4.5591257743371e-4,355.592789721178,490.803169549272,928.528,0.705953654550315,70.70724220882285
975,510.9,0.709226412398267,1.9355565889398,1021.8,2014_nk_186,Nush,2014,0.709149094614203,1.93309948367894,-1.9982308672505e-4,355.592789721178,490.803169549272,928.528,0.705953654550315,70.70724220882285
976,511.424,0.709343755369393,1.93303897166895,1022.848,2014_nk_186,Nush,2014,0.70915340358799706,1.93319362518358,9.41415046389338e-5,355.592789721178,490.803169549272,928.528,0.705953654550315,70.70724220882285
977,511.948,0.709499512841234,1.94686867771229,1023.896,2014_nk_186,Nush,2014,0.709156953270996,1.93388666409142,6.9303890783656e-4,355.592789721178,490.803169549272,928.528,0.705953654550315,70.70724220882285
978,512.472,0.708901586102098,1.94965162880791,1024.944,2014_nk_186,Nush,2014,0.709172186500513,1.93479983517612,9.1317108470345e-4,355.592789721178,490.803169549272,928.528,0.705953654550315,70.70724220882285
979,512.996,0.709505997077446,1.9736782214759,1025.992,2014_nk_186,Nush,2014,0.709181532834558,1.93541510801589,6.1527283976525e-4,355.592789721178,490.803169549272,928.528,0.705953654550315,70.70724220882285
980,513.52,0.709664183498134,1.94700514520109,1027.04,2014_nk_186,Nush,2014,0.709177705625728,1.93557808026174,1.6297224585293e-4,355.592789721178,490.803169549272,928.528,0.705953654550315,70.70724220882285
981,514.044,0.709506110738634,1.94892325621913,1028.088,2014_nk_186,Nush,2014,0.709173223092663,1.93599353126812,4.1545100638029e-4,355.592789721178,490.803169549272,928.528,0.705953654550315,70.70724220882285
982,514.568,0.707905688607393,1.94206884652069,1029.136,2014_nk_186,Nush,2014,0.709183782981797,1.93669569407287,7.0216280474744e-4,355.592789721178,490.803169549272,928.528,0.705953654550315,70.70724220882285
983,515.092,0.709561213408385,1.97700063970997,1030.184,2014_nk_186,Nush,2014,0.709194829484712,1.93726192015858,5.6622608571088e-4,355.592789721178,490.803169549272,928.528,0.705953654550315,70.70724220882285
984,515.616,0.709366475439781,1.96133072338176,1031.232,2014_nk_186,Nush,2014,0.709196046205915,1.93799801979813,7.3609963954868e-4,355.592789721178,490.803169549272,928.528,0.705953654550315,70.70724220882285
985,516.14,0.709007798529005,1.96662228411893,1032.28,2014_nk_186,Nush,2014,0.709202452393213,1.93812367366067,1.2565386254492e-4,355.592789721178,490.803169549272,928.528,0.705953654550315,70.70724220882285
986,516.664,0.709341523650711,1.96718096290713,1033.328,2014_nk_186,Nush,2014,0.709198109761785,1.93809287153452,-3.08021261563596e-5,355.592789721178,490.803169549272,928.528,0.705953654550315,70.70724220882285
987,517.188,0.709472624243783,1.95842025945533,1034.376,2014_nk_186,Nush,2014,0.709196834988356,1.93772696622385,-3.6590531067193e-4,355.592789721178,490.803169549272,928.528,0.705953654550315,70.70724220882285
988,517.712,0.709656002348487,1.97437385008467,1035.424,2014_nk_186,Nush,2014,0.709203103050768,1.93761878583339,-1.0818039045901e-4,355.592789721178,490.803169549272,928.528,0.705953654550315,70.70724220882285
989,518.236,0.709249889836753,1.99094455098808,1036.472,2014_nk_186,Nush,2014,0.709215938315406,1.93799416473686,3.7537890347727e-4,355.592789721178,490.803169549272,928.528,0.705953654550315,70.70724220882285
990,518.76,0.709295397022652,1.98623457025703,1037.52,2014_nk_186,Nush,2014,0.709227163090822,1.93889857139989,9.0440666303126e-4,355.592789721178,490.803169549272,928.528,0.705953654550315,70.70724220882285
991,519.284,0.70941296056885,1.95670566931028,1038.568,2014_nk_186,Nush,2014,0.709241568081791,1.9397716999335,8.7312853360033e-4,355.592789721178,490.803169549272,928.528,0.705953654550315,70.70724220882285
992,519.808,0.709236556568923,1.96194163481819,1039.616,2014_nk_186,Nush,2014,0.709251570610672,1.94035304145306,5.8134151956701e-4,355.592789721178,490.803169549272,928.528,0.705953654550315,70.70724220882285
993,520.332,0.70910406053987,1.95342235869642,1040.664,2014_nk_186,Nush,2014,0.709231709898699,1.9410739999263,7.2095847323772e-4,355.592789721178,490.803169549272,928.528,0.705953654550315,70.70724220882285
994,520.856,0.708813466252361,1.95831255420685,1041.712,2014_nk_186,Nush,2014,0.709223716949622,1.94184598914244,7.7198921613996e-4,355.592789721178,490.803169549272,928.528,0.705953654550315,70.70724220882285
995,521.38,0.709239163868175,1.9531007073585,1042.76,2014_nk_186,Nush,2014,0.709234584578142,1.94256633324634,7.203441039012e-4,355.592789721178,490.803169549272,928.528,0.705953654550315,70.70724220882285
996,521.904,0.709597794741814,1.94103895284193,1043.808,2014_nk_186,Nush,2014,0.709235977032457,1.94280465760977,2.3832436342918e-4,355.592789721178,490.803169549272,928.528,0.705953654550315,70.70724220882285
997,522.428,0.709508114433962,1.97112613652029,1044.856,2014_nk_186,Nush,2014,0.709233688650011,1.94286476646357,6.01088538028094e-5,355.592789721178,490.803169549272,928.528,0.705953654550315,70.70724220882285
998,522.952,0.709145591103273,1.93058169397608,1045.904,2014_nk_186,Nush,2014,0.709227259489454,1.94292425777109,5.94913075151471e-5,355.592789721178,490.803169549272,928.528,0.705953654550315,70.70724220882285
999,523.476,0.709203909124947,1.92515169323706,1046.952,2014_nk_186,Nush,2014,0.709232972138593,1.94265095687921,-2.733008918796e-4,355.592789721178,490.803169549272,928.528,0.705953654550315,70.70724220882285
1000,524,0.70940338221291,1.91248224726367,1048,2014_nk_186,Nush,2014,0.709237983096589,1.94259415528872,-5.68015904847119e-5,355.592789721178,490.803169549272,928.528,0.705953654550315,70.70724220882285
1001,524.524,0.708717965266197,1.91171963266246,1049.048,2014_nk_186,Nush,2014,0.709238822704999,1.94299246458134,3.9830929261186e-4,355.592789721178,490.803169549272,928.528,0.705953654550315,70.70724220882285
1002,525.048,0.709057704954734,1.89981886278181,1050.096,2014_nk_186,Nush,2014,0.709231414593654,1.94387753551793,8.8507093659528e-4,355.592789721178,490.803169549272,928.528,0.705953654550315,70.70724220882285
1003,525.572,0.70836759243842,1.90953453866825,1051.144,2014_nk_186,Nush,2014,0.709233051836151,1.9445900559468,7.1252042886538e-4,355.592789721178,490.803169549272,928.528,0.705953654550315,70.70724220882285
1004,526.096,0.708937508084253,1.94690384884033,1052.192,2014_nk_186,Nush,2014,0.709234118773876,1.94427570314688,-3.143527999132e-4,355.592789721178,490.803169549272,928.528,0.705953654550315,70.70724220882285
1005,526.62,0.709954454676916,1.93454215052164,1053.24,2014_nk_186,Nush,2014,0.70922583291814,1.94431566388318,3.99607362990828e-5,355.592789721178,490.803169549272,928.528,0.705953654550315,70.70724220882285
1006,527.144,0.709107064613394,1.93127371802917,1054.288,2014_nk_186,Nush,2014,0.709226347425164,1.94498480144605,6.6913756286979e-4,355.592789721178,490.803169549272,928.528,0.705953654550315,70.70724220882285
1007,527.668,0.708769995804964,1.92296093038557,1055.336,2014_nk_186,Nush,2014,0.709219841856239,1.94523385996176,2.4905851570578e-4,355.592789721178,490.803169549272,928.528,0.705953654550315,70.70724220882285
1008,528.192,0.709290916430038,1.93871489901478,1056.384,2014_nk_186,Nush,2014,0.70921559371344,1.94532255157599,8.86916142317506e-5,355.592789721178,490.803169549272,928.528,0.705953654550315,70.70724220882285
1009,528.716,0.709056511875721,1.91942340889803,1057.432,2014_nk_186,Nush,2014,0.709199045593559,1.94498550956376,-3.3704201222595e-4,355.592789721178,490.803169549272,928.528,0.705953654550315,70.70724220882285
1010,529.24,0.709059816441778,1.9220477077244,1058.48,2014_nk_186,Nush,2014,0.709180663037315,1.94461926401352,-3.6624555024777e-4,355.592789721178,490.803169549272,928.528,0.705953654550315,70.70724220882285
1011,529.764,0.709263847258278,1.93313246508276,1059.528,2014_nk_186,Nush,2014,0.709171085686526,1.94437528725636,-2.4397675715337e-4,355.592789721178,490.803169549272,928.528,0.705953654550315,70.70724220882285
1012,530.288,0.708839864945042,1.9356921987874,1060.576,2014_nk_186,Nush,2014,0.70918982671775,1.94436421289096,-1.10743654055945e-5,355.592789721178,490.803169549272,928.528,0.705953654550315,70.70724220882285
1013,530.812,0.709133784211336,1.93629460681772,1061.624,2014_nk_186,Nush,2014,0.709187745857573,1.94430979934683,-5.44135441269411e-5,355.592789721178,490.803169549272,928.528,0.705953654550315,70.70724220882285
1014,531.336,0.709081942923964,1.93841359142637,1062.672,2014_nk_186,Nush,2014,0.709184425516296,1.94429017541429,-1.96239325445102e-5,355.592789721178,490.803169549272,928.528,0.705953654550315,70.70724220882285
1015,531.86,0.709222136053638,1.92677595726669,1063.72,2014_nk_186,Nush,2014,0.70919865846676,1.94415926855195,-1.3090686233696e-4,355.592789721178,490.803169549272,928.528,0.705953654550315,70.70724220882285
1016,532.384,0.708792762864465,1.94370794431396,1064.768,2014_nk_186,Nush,2014,0.709183041146982,1.94383650641442,-3.2276213752924e-4,355.592789721178,490.803169549272,928.528,0.705953654550315,70.70724220882285
1017,532.908,0.709521455855917,1.92276849919143,1065.816,2014_nk_186,Nush,2014,0.709179698951244,1.94380971570566,-2.67907087641017e-5,355.592789721178,490.803169549272,928.528,0.705953654550315,70.70724220882285
1018,533.432,0.708896613455892,1.94911592601141,1066.864,2014_nk_186,Nush,2014,0.709165627887172,1.94397389738446,1.6418167880361e-4,355.592789721178,490.803169549272,928.528,0.705953654550315,70.70724220882285
1019,533.956,0.70957673201161,1.9514962737145,1067.912,2014_nk_186,Nush,2014,0.709164208036153,1.94364322860141,-3.3066878305332e-4,355.592789721178,490.803169549272,928.528,0.705953654550315,70.70724220882285
1020,534.48,0.708973011268882,1.9539516715534,1068.96,2014_nk_186,Nush,2014,0.709157486474029,1.9435403718707,-1.0285673070331e-4,355.592789721178,490.803169549272,928.528,0.705953654550315,70.70724220882285
1021,535.004,0.709987507185491,1.96180936446926,1070.008,2014_nk_186,Nush,2014,0.70915550952437,1.9438345266612,2.9415479050176e-4,355.592789721178,490.803169549272,928.528,0.705953654550315,70.70724220882285
1022,535.528,0.709726500648956,1.93497217096898,1071.056,2014_nk_186,Nush,2014,0.709148569698027,1.94431526206022,4.8073539901549e-4,355.592789721178,490.803169549272,928.528,0.705953654550315,70.70724220882285
1023,536.052,0.709082372474601,1.95886478215659,1072.104,2014_nk_186,Nush,2014,0.709146374982968,1.94469584809481,3.8058603459068e-4,355.592789721178,490.803169549272,928.528,0.705953654550315,70.70724220882285
1024,536.576,0.709004768828921,1.93704506920011,1073.152,2014_nk_186,Nush,2014,0.709144325136293,1.94501974553572,3.238974409061e-4,355.592789721178,490.803169549272,928.528,0.705953654550315,70.70724220882285
1025,537.1,0.709661440244044,1.93601582980583,1074.2,2014_nk_186,Nush,2014,0.709142706094254,1.94513328736694,1.1354183122303e-4,355.592789721178,490.803169549272,928.528,0.705953654550315,70.70724220882285
1026,537.624,0.709524358468439,1.92265621757992,1075.248,2014_nk_186,Nush,2014,0.709140101015747,1.94584620389838,7.1291653144145e-4,355.592789721178,490.803169549272,928.528,0.705953654550315,70.70724220882285
1027,538.148,0.709125386887118,1.91908822952248,1076.296,2014_nk_186,Nush,2014,0.709143385869609,1.94583354062494,-1.26632734385179e-5,355.592789721178,490.803169549272,928.528,0.705953654550315,70.70724220882285
1028,538.672,0.70902745020518,1.91926791576121,1077.344,2014_nk_186,Nush,2014,0.709148861092418,1.94704966567682,0.00121612505187541,355.592789721178,490.803169549272,928.528,0.705953654550315,70.70724220882285
1029,539.196,0.709209816470388,1.92486342980677,1078.392,2014_nk_186,Nush,2014,0.709135647465619,1.94299974591372,-0.00404991976309832,355.592789721178,490.803169549272,928.528,0.705953654550315,70.70724220882285
1030,539.72,0.709112383412382,1.94398493172456,1079.44,2014_nk_186,Nush,2014,0.709113292684959,1.92409684525917,-0.0189029006545451,355.592789721178,490.803169549272,928.528,0.705953654550315,70.70724220882285
1031,540.244,0.709461080052435,1.95287863421877,1080.488,2014_nk_186,Nush,2014,0.709114677983688,1.8979228226885,-0.0261740225706786,355.592789721178,490.803169549272,928.528,0.705953654550315,70.70724220882285
1032,540.768,0.709164602086371,1.96694191393442,1081.536,2014_nk_186,Nush,2014,NA,NA,NA,355.592789721178,490.803169549272,928.528,0.705953654550315,70.70724220882285
1033,541.292,0.70962208921701,1.97841536654059,1082.584,2014_nk_186,Nush,2014,NA,NA,NA,355.592789721178,490.803169549272,928.528,0.705953654550315,70.70724220882285
1034,541.816,0.709546518288494,1.94868667575339,1083.632,2014_nk_186,Nush,2014,NA,NA,NA,355.592789721178,490.803169549272,928.528,0.705953654550315,70.70724220882285
1035,542.34,0.70872926105411,1.93795423311774,1084.68,2014_nk_186,Nush,2014,NA,NA,NA,355.592789721178,490.803169549272,928.528,0.705953654550315,70.70724220882285
1036,542.864,0.709374625790859,1.97318722544113,1085.728,2014_nk_186,Nush,2014,NA,NA,NA,355.592789721178,490.803169549272,928.528,0.705953654550315,70.70724220882285
1037,543.388,0.709109178705708,1.96181218865464,1086.776,2014_nk_186,Nush,2014,NA,NA,NA,355.592789721178,490.803169549272,928.528,0.705953654550315,70.70724220882285
1038,543.912,0.708646697534133,1.95497312566181,1087.824,2014_nk_186,Nush,2014,NA,NA,NA,355.592789721178,490.803169549272,928.528,0.705953654550315,70.70724220882285
1039,544.436,0.708513109884577,1.95345570074235,1088.872,2014_nk_186,Nush,2014,NA,NA,NA,355.592789721178,490.803169549272,928.528,0.705953654550315,70.70724220882285
1040,544.96,0.708561230123543,1.92503041218623,1089.92,2014_nk_186,Nush,2014,NA,NA,NA,355.592789721178,490.803169549272,928.528,0.705953654550315,70.70724220882285
1041,545.484,0.708931469691278,1.93428465078992,1090.968,2014_nk_186,Nush,2014,NA,NA,NA,355.592789721178,490.803169549272,928.528,0.705953654550315,70.70724220882285
1042,546.008,0.709030150480832,1.94140438459636,1092.016,2014_nk_186,Nush,2014,NA,NA,NA,355.592789721178,490.803169549272,928.528,0.705953654550315,70.70724220882285
1043,546.532,0.709436361797802,1.97373582706236,1093.064,2014_nk_186,Nush,2014,NA,NA,NA,355.592789721178,490.803169549272,928.528,0.705953654550315,70.70724220882285
1044,547.056,0.70916725496312,1.96015328742909,1094.112,2014_nk_186,Nush,2014,NA,NA,NA,355.592789721178,490.803169549272,928.528,0.705953654550315,70.70724220882285
1045,547.58,0.709861775556887,1.95876787237871,1095.16,2014_nk_186,Nush,2014,NA,NA,NA,355.592789721178,490.803169549272,928.528,0.705953654550315,70.70724220882285
1046,548.104,0.708404484464026,1.94781523465537,1096.208,2014_nk_186,Nush,2014,NA,NA,NA,355.592789721178,490.803169549272,928.528,0.705953654550315,70.70724220882285
1047,548.628,0.709272092499507,1.95681281692949,1097.256,2014_nk_186,Nush,2014,NA,NA,NA,355.592789721178,490.803169549272,928.528,0.705953654550315,70.70724220882285
1048,549.152,0.708811738504146,1.98422475081288,1098.304,2014_nk_186,Nush,2014,NA,NA,NA,355.592789721178,490.803169549272,928.528,0.705953654550315,70.70724220882285
1049,549.676,0.709164698775599,1.97110442400489,1099.352,2014_nk_186,Nush,2014,NA,NA,NA,355.592789721178,490.803169549272,928.528,0.705953654550315,70.70724220882285
1050,550.2,0.708892103295217,1.98006316641483,1100.4,2014_nk_186,Nush,2014,NA,NA,NA,355.592789721178,490.803169549272,928.528,0.705953654550315,70.70724220882285
1051,550.724,0.709294343589334,1.9743549567404,1101.448,2014_nk_186,Nush,2014,NA,NA,NA,355.592789721178,490.803169549272,928.528,0.705953654550315,70.70724220882285
1052,551.248,0.708820166988296,1.99078575875911,1102.496,2014_nk_186,Nush,2014,NA,NA,NA,355.592789721178,490.803169549272,928.528,0.705953654550315,70.70724220882285
1053,551.772,0.708972377636347,1.97625752077186,1103.544,2014_nk_186,Nush,2014,NA,NA,NA,355.592789721178,490.803169549272,928.528,0.705953654550315,70.70724220882285
1054,552.296,0.708690475451893,1.97774640066122,1104.592,2014_nk_186,Nush,2014,NA,NA,NA,355.592789721178,490.803169549272,928.528,0.705953654550315,70.70724220882285
1055,552.82,0.709142021345815,1.95991321723188,1105.64,2014_nk_186,Nush,2014,NA,NA,NA,355.592789721178,490.803169549272,928.528,0.705953654550315,70.70724220882285
1056,553.344,0.709441490031362,1.98381394472842,1106.688,2014_nk_186,Nush,2014,NA,NA,NA,355.592789721178,490.803169549272,928.528,0.705953654550315,70.70724220882285
1057,553.868,0.709705205665683,1.97036634011398,1107.736,2014_nk_186,Nush,2014,NA,NA,NA,355.592789721178,490.803169549272,928.528,0.705953654550315,70.70724220882285
1058,554.392,0.709474104471875,2.0035491970886,1108.784,2014_nk_186,Nush,2014,NA,NA,NA,355.592789721178,490.803169549272,928.528,0.705953654550315,70.70724220882285
1059,554.916,0.708411091516958,1.68215650745115,1109.832,2014_nk_186,Nush,2014,NA,NA,NA,355.592789721178,490.803169549272,928.528,0.705953654550315,70.70724220882285
1060,555.44,0.708062095373332,0.77830820799096,1110.88,2014_nk_186,Nush,2014,NA,NA,NA,355.592789721178,490.803169549272,928.528,0.705953654550315,70.70724220882285
1061,555.964,0.708801083189958,0.34127827842175,1111.928,2014_nk_186,Nush,2014,NA,NA,NA,355.592789721178,490.803169549272,928.528,0.705953654550315,70.70724220882285
