Cycle,Sr88,Iso,Time,Microns,Fish_id,Watershed,Year,Iso_MA,Sr88_MA,Sr88_MA_Gradient,natal_microns_start,natal_microns_end,marine_start,natal_origin_iso,Core
22,0.434379183780535,0.710349306430596,11.528,23.056,2015_nk_174,Nush,2015,NA,NA,NA,246.652426544458,432.755162629616,899.184,0.708434644977292,NA
23,1.08484965237405,0.707806816800701,12.052,24.104,2015_nk_174,Nush,2015,NA,NA,NA,246.652426544458,432.755162629616,899.184,0.708434644977292,NA
24,1.40757958546261,0.708512700271296,12.576,25.152,2015_nk_174,Nush,2015,NA,NA,NA,246.652426544458,432.755162629616,899.184,0.708434644977292,NA
25,1.52729798925125,0.708620046568211,13.1,26.2,2015_nk_174,Nush,2015,NA,NA,NA,246.652426544458,432.755162629616,899.184,0.708434644977292,NA
26,1.59080604179591,0.708323553586953,13.624,27.248,2015_nk_174,Nush,2015,NA,NA,NA,246.652426544458,432.755162629616,899.184,0.708434644977292,NA
27,1.59973087333932,0.709554415686022,14.148,28.296,2015_nk_174,Nush,2015,NA,NA,NA,246.652426544458,432.755162629616,899.184,0.708434644977292,NA
28,1.59183793932337,0.708739380996018,14.672,29.344,2015_nk_174,Nush,2015,NA,NA,NA,246.652426544458,432.755162629616,899.184,0.708434644977292,NA
29,1.59185116717043,0.708461633491788,15.196,30.392,2015_nk_174,Nush,2015,NA,NA,NA,246.652426544458,432.755162629616,899.184,0.708434644977292,NA
30,1.55905268388692,0.7089454273235,15.72,31.44,2015_nk_174,Nush,2015,NA,NA,NA,246.652426544458,432.755162629616,899.184,0.708434644977292,NA
31,1.56229095777638,0.709221267934587,16.244,32.488,2015_nk_174,Nush,2015,NA,NA,NA,246.652426544458,432.755162629616,899.184,0.708434644977292,NA
32,1.538604807619,0.7085199540733,16.768,33.536,2015_nk_174,Nush,2015,NA,NA,NA,246.652426544458,432.755162629616,899.184,0.708434644977292,NA
33,1.52993004772281,0.708645492487755,17.292,34.584,2015_nk_174,Nush,2015,NA,NA,NA,246.652426544458,432.755162629616,899.184,0.708434644977292,NA
34,1.51260404643499,0.708600803196512,17.816,35.632,2015_nk_174,Nush,2015,NA,NA,NA,246.652426544458,432.755162629616,899.184,0.708434644977292,NA
35,1.46877348299442,0.708552109328521,18.34,36.68,2015_nk_174,Nush,2015,NA,NA,NA,246.652426544458,432.755162629616,899.184,0.708434644977292,NA
36,1.45291857536812,0.708893431067115,18.864,37.728,2015_nk_174,Nush,2015,NA,NA,NA,246.652426544458,432.755162629616,899.184,0.708434644977292,NA
37,1.46001322912369,0.708151290456172,19.388,38.776,2015_nk_174,Nush,2015,NA,NA,NA,246.652426544458,432.755162629616,899.184,0.708434644977292,NA
38,1.41332413324711,0.708649805039865,19.912,39.824,2015_nk_174,Nush,2015,NA,NA,NA,246.652426544458,432.755162629616,899.184,0.708434644977292,NA
39,1.37863313565534,0.708942161126583,20.436,40.872,2015_nk_174,Nush,2015,NA,NA,NA,246.652426544458,432.755162629616,899.184,0.708434644977292,NA
40,1.3466215658216,0.708478793464685,20.96,41.92,2015_nk_174,Nush,2015,NA,NA,NA,246.652426544458,432.755162629616,899.184,0.708434644977292,NA
41,1.37010270370305,0.708860835618635,21.484,42.968,2015_nk_174,Nush,2015,NA,NA,NA,246.652426544458,432.755162629616,899.184,0.708434644977292,NA
42,1.40089465468059,0.707525312187521,22.008,44.016,2015_nk_174,Nush,2015,NA,NA,NA,246.652426544458,432.755162629616,899.184,0.708434644977292,NA
43,1.37575411128946,0.70925846616946,22.532,45.064,2015_nk_174,Nush,2015,NA,NA,NA,246.652426544458,432.755162629616,899.184,0.708434644977292,NA
44,1.37153899509814,0.70807882686994,23.056,46.112,2015_nk_174,Nush,2015,NA,NA,NA,246.652426544458,432.755162629616,899.184,0.708434644977292,NA
45,1.38922183227109,0.709516092396789,23.58,47.16,2015_nk_174,Nush,2015,NA,NA,NA,246.652426544458,432.755162629616,899.184,0.708434644977292,NA
46,1.38774580854827,0.709038226181045,24.104,48.208,2015_nk_174,Nush,2015,NA,NA,NA,246.652426544458,432.755162629616,899.184,0.708434644977292,NA
47,1.36527735351369,0.708425819453045,24.628,49.256,2015_nk_174,Nush,2015,NA,NA,NA,246.652426544458,432.755162629616,899.184,0.708434644977292,NA
48,1.32106278952578,0.70934221776005,25.152,50.304,2015_nk_174,Nush,2015,NA,NA,NA,246.652426544458,432.755162629616,899.184,0.708434644977292,NA
49,1.3436684556961,0.709646928355018,25.676,51.352,2015_nk_174,Nush,2015,NA,NA,NA,246.652426544458,432.755162629616,899.184,0.708434644977292,NA
50,1.36577752226732,0.708903868345905,26.2,52.4,2015_nk_174,Nush,2015,NA,NA,NA,246.652426544458,432.755162629616,899.184,0.708434644977292,NA
51,1.39840769157535,0.709209328812542,26.724,53.448,2015_nk_174,Nush,2015,0.708698196178159,1.4543317584149,NA,246.652426544458,432.755162629616,899.184,0.708434644977292,NA
52,1.38149693184248,0.709372569853634,27.248,54.496,2015_nk_174,Nush,2015,0.708676422812063,1.47447478354068,0.0201430251257841,246.652426544458,432.755162629616,899.184,0.708434644977292,NA
53,1.42756750400253,0.709967396238609,27.772,55.544,2015_nk_174,Nush,2015,0.70869763947601,1.48362357979833,0.00914879625764553,246.652426544458,432.755162629616,899.184,0.708434644977292,NA
54,1.41158320867467,0.708581141876021,28.296,56.592,2015_nk_174,Nush,2015,0.708702850115471,1.48737340384718,0.00374982404885227,246.652426544458,432.755162629616,899.184,0.708434644977292,NA
55,1.44807122811686,0.708140954106153,28.82,57.64,2015_nk_174,Nush,2015,0.70871764827026,1.48928963174928,0.00191622790209878,246.652426544458,432.755162629616,899.184,0.708434644977292,NA
56,1.43032362834724,0.708558490863231,29.344,58.688,2015_nk_174,Nush,2015,0.708726726948133,1.49021106415435,9.2143240507569e-4,246.652426544458,432.755162629616,899.184,0.708434644977292,NA
57,1.43594355303447,0.708289208570264,29.868,59.736,2015_nk_174,Nush,2015,0.708705571578866,1.49091414086971,7.0307671536129e-4,246.652426544458,432.755162629616,899.184,0.708434644977292,NA
58,1.42001098037584,0.70911328234907,30.392,60.784,2015_nk_174,Nush,2015,0.708705155167414,1.49188609624031,9.7195537059291e-4,246.652426544458,432.755162629616,899.184,0.708434644977292,NA
59,1.43190525386323,0.707909590201476,30.916,61.832,2015_nk_174,Nush,2015,0.708716805464937,1.49308187722763,0.0011957809873262,246.652426544458,432.755162629616,899.184,0.708434644977292,NA
60,1.4263212163058,0.708464152237666,31.44,62.88,2015_nk_174,Nush,2015,0.708725846901415,1.49438339768865,0.00130152046101628,246.652426544458,432.755162629616,899.184,0.708434644977292,NA
61,1.46744793621645,0.708831160039342,31.964,63.928,2015_nk_174,Nush,2015,0.708726536017045,1.49610775806354,0.00172436037489176,246.652426544458,432.755162629616,899.184,0.708434644977292,NA
62,1.44966770239427,0.708761382254171,32.488,64.976,2015_nk_174,Nush,2015,0.708725044185548,1.49816219638255,0.00205443831900842,246.652426544458,432.755162629616,899.184,0.708434644977292,NA
63,1.46619382865198,0.707834744112169,33.012,66.024,2015_nk_174,Nush,2015,0.708723398040039,1.50009188163968,0.00192968525712889,246.652426544458,432.755162629616,899.184,0.708434644977292,NA
64,1.47804508298291,0.707917938881267,33.536,67.072,2015_nk_174,Nush,2015,0.708724935220606,1.50220441157115,0.0021125299314726,246.652426544458,432.755162629616,899.184,0.708434644977292,NA
65,1.49167676726193,0.708161633142389,34.06,68.12,2015_nk_174,Nush,2015,0.708721367720845,1.50505791046114,0.00285349888998998,246.652426544458,432.755162629616,899.184,0.708434644977292,NA
66,1.49056875455178,0.708855126994862,34.584,69.168,2015_nk_174,Nush,2015,0.708733276100365,1.50829135762007,0.00323344715892993,246.652426544458,432.755162629616,899.184,0.708434644977292,NA
67,1.48039273839951,0.707777907787404,35.108,70.216,2015_nk_174,Nush,2015,0.708733751705019,1.51082760646794,0.00253624884786574,246.652426544458,432.755162629616,899.184,0.708434644977292,NA
68,1.53381136725165,0.709075336036684,35.632,71.264,2015_nk_174,Nush,2015,0.708744401757812,1.51398818164693,0.00316057517899715,246.652426544458,432.755162629616,899.184,0.708434644977292,NA
69,1.54411196119645,0.70871080880116,36.156,72.312,2015_nk_174,Nush,2015,0.708751872887399,1.51769524252024,0.00370706087330386,246.652426544458,432.755162629616,899.184,0.708434644977292,NA
70,1.54379719932267,0.708888404683278,36.68,73.36,2015_nk_174,Nush,2015,0.708758911821364,1.52173722218684,0.00404197966660602,246.652426544458,432.755162629616,899.184,0.708434644977292,NA
71,1.52608491740161,0.709834667584523,37.204,74.408,2015_nk_174,Nush,2015,0.708755333180137,1.52531676105123,0.00357953886438245,246.652426544458,432.755162629616,899.184,0.708434644977292,NA
72,1.50980722898769,0.709397926676855,37.728,75.456,2015_nk_174,Nush,2015,0.708793955580843,1.52843094621505,0.00311418516382322,246.652426544458,432.755162629616,899.184,0.708434644977292,NA
73,1.54451173339645,0.708653233856827,38.252,76.504,2015_nk_174,Nush,2015,0.708785175188991,1.53241942172109,0.00398847550603798,246.652426544458,432.755162629616,899.184,0.708434644977292,NA
74,1.55009233592534,0.707902107084374,38.776,77.552,2015_nk_174,Nush,2015,0.708796209739639,1.53590288175385,0.00348346003276645,246.652426544458,432.755162629616,899.184,0.708434644977292,NA
75,1.5367486404664,0.708492554317899,39.3,78.6,2015_nk_174,Nush,2015,0.708785961019219,1.53910094492198,0.00319806316812321,246.652426544458,432.755162629616,899.184,0.708434644977292,NA
76,1.5621203819028,0.708180989781348,39.824,79.648,2015_nk_174,Nush,2015,0.708770784718067,1.5422366856173,0.0031357406953274,246.652426544458,432.755162629616,899.184,0.708434644977292,NA
77,1.61077464000966,0.707864514019516,40.348,80.696,2015_nk_174,Nush,2015,0.708773979359339,1.54627467138565,0.0040379857683468,246.652426544458,432.755162629616,899.184,0.708434644977292,NA
78,1.6150686549432,0.70834463473149,40.872,81.744,2015_nk_174,Nush,2015,0.708768923822728,1.55061890408238,0.00434423269672601,246.652426544458,432.755162629616,899.184,0.708434644977292,NA
79,1.65025113530979,0.708874702872867,41.396,82.792,2015_nk_174,Nush,2015,0.708752776205206,1.55430671230838,0.00368780822599923,246.652426544458,432.755162629616,899.184,0.708434644977292,NA
80,1.61446871323806,0.709011272343673,41.92,83.84,2015_nk_174,Nush,2015,0.70875096368761,1.55791543980737,0.00360872749899754,246.652426544458,432.755162629616,899.184,0.708434644977292,NA
81,1.64048926420337,0.708349626911185,42.444,84.888,2015_nk_174,Nush,2015,0.708752437290012,1.56150789195446,0.00359245214708626,246.652426544458,432.755162629616,899.184,0.708434644977292,NA
82,1.64296069132757,0.709042904464856,42.968,85.936,2015_nk_174,Nush,2015,0.708746639391974,1.56510585361188,0.0035979616574191,246.652426544458,432.755162629616,899.184,0.708434644977292,NA
83,1.63377742783279,0.709079816637476,43.492,86.984,2015_nk_174,Nush,2015,0.708726989037806,1.5677351576661,0.00262930405421868,246.652426544458,432.755162629616,899.184,0.708434644977292,NA
84,1.63256902839374,0.70882533863899,44.016,88.032,2015_nk_174,Nush,2015,0.70876135005593,1.57046650231956,0.00273134465346647,246.652426544458,432.755162629616,899.184,0.708434644977292,NA
85,1.64227166337718,0.709507935855537,44.54,89.08,2015_nk_174,Nush,2015,0.708776578737274,1.57212919594349,0.00166269362392368,246.652426544458,432.755162629616,899.184,0.708434644977292,NA
86,1.64609198610045,0.708868274259337,45.064,90.128,2015_nk_174,Nush,2015,0.708785298585247,1.57408532291067,0.00195612696718284,246.652426544458,432.755162629616,899.184,0.708434644977292,NA
87,1.641915476261,0.708285093529974,45.588,91.176,2015_nk_174,Nush,2015,0.708784943748819,1.57549350034961,0.00140817743894384,246.652426544458,432.755162629616,899.184,0.708434644977292,NA
88,1.65015526155893,0.7087143963089,46.112,92.224,2015_nk_174,Nush,2015,0.708782671535454,1.57761917192153,0.00212567157191734,246.652426544458,432.755162629616,899.184,0.708434644977292,NA
89,1.66359802641,0.709160651343192,46.636,93.272,2015_nk_174,Nush,2015,0.708793574166257,1.57914290768325,0.00152373576171638,246.652426544458,432.755162629616,899.184,0.708434644977292,NA
90,1.6371439115479,0.709487913512156,47.16,94.32,2015_nk_174,Nush,2015,0.708781961975372,1.58094274881246,0.00179984112921505,246.652426544458,432.755162629616,899.184,0.708434644977292,NA
91,1.66575258026989,0.709262614872428,47.684,95.368,2015_nk_174,Nush,2015,0.70877279061102,1.58238438050887,0.00144163169640765,246.652426544458,432.755162629616,899.184,0.708434644977292,NA
92,1.66187110675951,0.708430444183438,48.208,96.416,2015_nk_174,Nush,2015,0.70877978820147,1.58432538051658,0.00194100000770736,246.652426544458,432.755162629616,899.184,0.708434644977292,NA
93,1.64571116315053,0.708546723757211,48.732,97.464,2015_nk_174,Nush,2015,0.708794739972577,1.58598586762138,0.00166048710480227,246.652426544458,432.755162629616,899.184,0.708434644977292,NA
94,1.63935584232336,0.708693034030583,49.256,98.512,2015_nk_174,Nush,2015,0.708833608423467,1.58705992909304,0.00107406147165467,246.652426544458,432.755162629616,899.184,0.708434644977292,NA
95,1.63998341639381,0.708338059342859,49.78,99.56,2015_nk_174,Nush,2015,0.708835344507014,1.58788392552509,8.2399643205533e-4,246.652426544458,432.755162629616,899.184,0.708434644977292,NA
96,1.64692540490391,0.709607933838286,50.304,100.608,2015_nk_174,Nush,2015,0.708842651502518,1.58837938241671,4.9545689162133e-4,246.652426544458,432.755162629616,899.184,0.708434644977292,NA
97,1.61218815999563,0.708179826735414,50.828,101.656,2015_nk_174,Nush,2015,0.708870711278785,1.58915846893955,7.7908652283786e-4,246.652426544458,432.755162629616,899.184,0.708434644977292,NA
98,1.60295864398694,0.709288808207417,51.352,102.704,2015_nk_174,Nush,2015,0.708867376269019,1.58864257485785,-5.1589408170071e-4,246.652426544458,432.755162629616,899.184,0.708434644977292,NA
99,1.60105678805358,0.709390428901821,51.876,103.752,2015_nk_174,Nush,2015,0.708857571685195,1.58843277081701,-2.0980404084314e-4,246.652426544458,432.755162629616,899.184,0.708434644977292,NA
100,1.58914034581796,0.708901129502578,52.4,104.8,2015_nk_174,Nush,2015,0.708857569789427,1.58773629999435,-6.9647082265977e-4,246.652426544458,432.755162629616,899.184,0.708434644977292,NA
101,1.584875035566,0.70864611714502,52.924,105.848,2015_nk_174,Nush,2015,0.708850135485048,1.58731042799591,-4.2587199843668e-4,246.652426544458,432.755162629616,899.184,0.708434644977292,NA
102,1.58774576450998,0.709842656229904,53.448,106.896,2015_nk_174,Nush,2015,0.708850271494239,1.58720041243108,-1.1001556482792e-4,246.652426544458,432.755162629616,899.184,0.708434644977292,NA
103,1.61506264165174,0.708731642658324,53.972,107.944,2015_nk_174,Nush,2015,0.708863076729129,1.58672386887392,-4.7654355716453e-4,246.652426544458,432.755162629616,899.184,0.708434644977292,NA
104,1.58054659706413,0.708740899908816,54.496,108.992,2015_nk_174,Nush,2015,0.70888614912854,1.58584490214314,-8.7896673078069e-4,246.652426544458,432.755162629616,899.184,0.708434644977292,NA
105,1.58110562235848,0.708901169171597,55.02,110.04,2015_nk_174,Nush,2015,0.708906938995273,1.58498443739227,-8.6046475086298e-4,246.652426544458,432.755162629616,899.184,0.708434644977292,NA
106,1.57589025026792,0.708127648111936,55.544,111.088,2015_nk_174,Nush,2015,0.708929114726215,1.58397409855699,-0.00101033883528046,246.652426544458,432.755162629616,899.184,0.708434644977292,NA
107,1.60755649961451,0.708617497929342,56.068,112.136,2015_nk_174,Nush,2015,0.708934124250064,1.58197446050334,-0.00199963805365244,246.652426544458,432.755162629616,899.184,0.708434644977292,NA
108,1.58171675132934,0.709038885563433,56.592,113.184,2015_nk_174,Nush,2015,0.708946299649903,1.57979743239773,-0.0021770281056066,246.652426544458,432.755162629616,899.184,0.708434644977292,NA
109,1.56493694925604,0.708678071303667,57.116,114.232,2015_nk_174,Nush,2015,0.708932573371646,1.57691054776664,-0.00288688463109366,246.652426544458,432.755162629616,899.184,0.708434644977292,NA
110,1.58230117220718,0.708795117290115,57.64,115.28,2015_nk_174,Nush,2015,0.708951305421455,1.57464217858144,-0.00226836918520301,246.652426544458,432.755162629616,899.184,0.708434644977292,NA
111,1.61395482040053,0.709297744956692,58.164,116.328,2015_nk_174,Nush,2015,0.708975982172498,1.57161508499883,-0.00302709358260933,246.652426544458,432.755162629616,899.184,0.708434644977292,NA
112,1.59737463128763,0.709024695971362,58.688,117.376,2015_nk_174,Nush,2015,0.708974822115634,1.56913108751929,-0.00248399747953632,246.652426544458,432.755162629616,899.184,0.708434644977292,NA
113,1.58532574725564,0.708788374988506,59.212,118.424,2015_nk_174,Nush,2015,0.7089713860732,1.56677744485183,-0.00235364266745886,246.652426544458,432.755162629616,899.184,0.708434644977292,NA
114,1.57546388788266,0.710642802963497,59.736,119.472,2015_nk_174,Nush,2015,0.708966629136937,1.56414424140285,-0.00263320344898066,246.652426544458,432.755162629616,899.184,0.708434644977292,NA
115,1.54783284555228,0.709054674986759,60.26,120.52,2015_nk_174,Nush,2015,0.708953498594388,1.56157813046703,-0.00256611093581971,246.652426544458,432.755162629616,899.184,0.708434644977292,NA
116,1.54769124637821,0.709081681741599,60.784,121.568,2015_nk_174,Nush,2015,0.708954592450135,1.55835832084851,-0.00321980961852497,246.652426544458,432.755162629616,899.184,0.708434644977292,NA
117,1.5204341993711,0.708267918384589,61.308,122.616,2015_nk_174,Nush,2015,0.708968940715212,1.55499268123026,-0.0033656396182451,246.652426544458,432.755162629616,899.184,0.708434644977292,NA
118,1.54755127469088,0.70897694954721,61.832,123.664,2015_nk_174,Nush,2015,0.70894686177642,1.55155729449801,-0.00343538673225519,246.652426544458,432.755162629616,899.184,0.708434644977292,NA
119,1.52332939956622,0.708563748049627,62.356,124.712,2015_nk_174,Nush,2015,0.708922588581263,1.54788870512268,-0.00366858937532943,246.652426544458,432.755162629616,899.184,0.708434644977292,NA
120,1.5343116840587,0.707767420784567,62.88,125.76,2015_nk_174,Nush,2015,0.70891336367457,1.54452919021659,-0.00335951490608455,246.652426544458,432.755162629616,899.184,0.708434644977292,NA
121,1.55394583800092,0.708280878178219,63.404,126.808,2015_nk_174,Nush,2015,0.708904539459532,1.54035163247845,-0.00417755773814465,246.652426544458,432.755162629616,899.184,0.708434644977292,NA
122,1.56612770285671,0.709181237681208,63.928,127.856,2015_nk_174,Nush,2015,0.708905219563079,1.53618786423565,-0.00416376824279596,246.652426544458,432.755162629616,899.184,0.708434644977292,NA
123,1.56582305494011,0.708731850378566,64.452,128.904,2015_nk_174,Nush,2015,0.708906450390386,1.53244264788465,-0.00374521635099923,246.652426544458,432.755162629616,899.184,0.708434644977292,NA
124,1.54248877128219,0.710250045934651,64.976,129.952,2015_nk_174,Nush,2015,0.708917116480557,1.52892868702586,-0.00351396085879663,246.652426544458,432.755162629616,899.184,0.708434644977292,NA
125,1.54111655318525,0.708265798155245,65.5,131,2015_nk_174,Nush,2015,0.708926169911415,1.52529576196472,-0.00363292506113289,246.652426544458,432.755162629616,899.184,0.708434644977292,NA
126,1.52029616804907,0.709293546725094,66.024,132.048,2015_nk_174,Nush,2015,0.708921084426221,1.52154430449081,-0.00375145747391636,246.652426544458,432.755162629616,899.184,0.708434644977292,NA
127,1.52713792976977,0.70946149436341,66.548,133.096,2015_nk_174,Nush,2015,0.708946387319324,1.51810062643184,-0.0034436780589695,246.652426544458,432.755162629616,899.184,0.708434644977292,NA
128,1.50285772234961,0.708875235450696,67.072,134.144,2015_nk_174,Nush,2015,0.708946483457714,1.51503642820544,-0.00306419822639725,246.652426544458,432.755162629616,899.184,0.708434644977292,NA
129,1.53152371874586,0.708122533771721,67.596,135.192,2015_nk_174,Nush,2015,0.708945035486271,1.51189461970034,-0.00314180850510137,246.652426544458,432.755162629616,899.184,0.708434644977292,NA
130,1.50200894996309,0.708888290937188,68.12,136.24,2015_nk_174,Nush,2015,0.708929921774845,1.50870224806115,-0.00319237163918884,246.652426544458,432.755162629616,899.184,0.708434644977292,NA
131,1.50053259749541,0.709388609321783,68.644,137.288,2015_nk_174,Nush,2015,0.708935688581258,1.50561681957831,-0.00308542848284099,246.652426544458,432.755162629616,899.184,0.708434644977292,NA
132,1.50320629509802,0.709406087228331,69.168,138.336,2015_nk_174,Nush,2015,0.708921421197633,1.50261638958311,-0.00300042999519534,246.652426544458,432.755162629616,899.184,0.708434644977292,NA
133,1.51591911996657,0.709421547950224,69.692,139.384,2015_nk_174,Nush,2015,0.708915384623369,1.49866381580344,-0.00395257377967906,246.652426544458,432.755162629616,899.184,0.708434644977292,NA
134,1.4973543320785,0.709286451049042,70.216,140.432,2015_nk_174,Nush,2015,0.708904011112823,1.49519603209156,-0.00346778371187084,246.652426544458,432.755162629616,899.184,0.708434644977292,NA
135,1.48512075541463,0.709739946321878,70.74,141.48,2015_nk_174,Nush,2015,0.708908560426581,1.49168894163598,-0.00350709045558939,246.652426544458,432.755162629616,899.184,0.708434644977292,NA
136,1.50150005178597,0.709511533637864,71.264,142.528,2015_nk_174,Nush,2015,0.708920184803928,1.4882878133908,-0.00340112824517247,246.652426544458,432.755162629616,899.184,0.708434644977292,NA
137,1.49079635679052,0.70816508545047,71.788,143.576,2015_nk_174,Nush,2015,0.708936621525684,1.48449782855607,-0.00378998483473136,246.652426544458,432.755162629616,899.184,0.708434644977292,NA
138,1.4844469686068,0.709075158721837,72.312,144.624,2015_nk_174,Nush,2015,0.70893418673163,1.48067668977559,-0.00382113878048318,246.652426544458,432.755162629616,899.184,0.708434644977292,NA
139,1.47703805744416,0.708051126177411,72.836,145.672,2015_nk_174,Nush,2015,0.708921030742872,1.47718299200121,-0.00349369777438113,246.652426544458,432.755162629616,899.184,0.708434644977292,NA
140,1.47836656212587,0.710135195332214,73.36,146.72,2015_nk_174,Nush,2015,0.708924483934035,1.47354599625951,-0.00363699574169929,246.652426544458,432.755162629616,899.184,0.708434644977292,NA
141,1.45886364924681,0.709830231973762,73.884,147.768,2015_nk_174,Nush,2015,0.708903332236609,1.46934120193854,-0.00420479432097021,246.652426544458,432.755162629616,899.184,0.708434644977292,NA
142,1.49392084255539,0.708973301053061,74.408,148.816,2015_nk_174,Nush,2015,0.708906137208973,1.46532621953323,-0.0040149824053064,246.652426544458,432.755162629616,899.184,0.708434644977292,NA
143,1.49255886778525,0.708873654091395,74.932,149.864,2015_nk_174,Nush,2015,0.70890460284016,1.46140809601733,-0.00391812351590426,246.652426544458,432.755162629616,899.184,0.708434644977292,NA
144,1.4745768214549,0.708539922463223,75.456,150.912,2015_nk_174,Nush,2015,0.708886492106875,1.4572935225915,-0.00411457342582344,246.652426544458,432.755162629616,899.184,0.708434644977292,NA
145,1.488305007228,0.708720103302571,75.98,151.96,2015_nk_174,Nush,2015,0.708877769770993,1.45414697933008,-0.00314654326142261,246.652426544458,432.755162629616,899.184,0.708434644977292,NA
146,1.45290340898895,0.708933905604194,76.504,153.008,2015_nk_174,Nush,2015,0.708866294821824,1.45120040448079,-0.00294657484929539,246.652426544458,432.755162629616,899.184,0.708434644977292,NA
147,1.43997709916629,0.709145989434586,77.028,154.056,2015_nk_174,Nush,2015,0.708876365125742,1.44885131514767,-0.00234908933311129,246.652426544458,432.755162629616,899.184,0.708434644977292,NA
148,1.44403205762363,0.70738965998139,77.552,155.104,2015_nk_174,Nush,2015,0.70887339548772,1.44625585218614,-0.00259546296152946,246.652426544458,432.755162629616,899.184,0.708434644977292,NA
149,1.44348266389023,0.707704259633779,78.076,156.152,2015_nk_174,Nush,2015,0.708878624674042,1.4438444952324,-0.00241135695374428,246.652426544458,432.755162629616,899.184,0.708434644977292,NA
150,1.43557301718283,0.708934419110554,78.6,157.2,2015_nk_174,Nush,2015,0.708910606113192,1.4413419823574,-0.00250251287500092,246.652426544458,432.755162629616,899.184,0.708434644977292,NA
151,1.41509911598122,0.708733161970143,79.124,158.248,2015_nk_174,Nush,2015,0.708902844230657,1.43849171262251,-0.00285026973489333,246.652426544458,432.755162629616,899.184,0.708434644977292,NA
152,1.41204501219174,0.708471250396277,79.648,159.296,2015_nk_174,Nush,2015,0.70888563852924,1.43524149332254,-0.00325021929996683,246.652426544458,432.755162629616,899.184,0.708434644977292,NA
153,1.42099818209058,0.708620573395589,80.172,160.344,2015_nk_174,Nush,2015,0.708889040304508,1.43156258158275,-0.00367891173978618,246.652426544458,432.755162629616,899.184,0.708434644977292,NA
154,1.42851819079557,0.709332999440877,80.696,161.392,2015_nk_174,Nush,2015,0.708880091462945,1.42807186304193,-0.00349071854082439,246.652426544458,432.755162629616,899.184,0.708434644977292,NA
155,1.42200791272584,0.708881265194329,81.22,162.44,2015_nk_174,Nush,2015,0.708887614978904,1.42417602750725,-0.00389583553468054,246.652426544458,432.755162629616,899.184,0.708434644977292,NA
156,1.42183795646894,0.709302804726626,81.744,163.488,2015_nk_174,Nush,2015,0.708874563740396,1.4207765559281,-0.00339947157914611,246.652426544458,432.755162629616,899.184,0.708434644977292,NA
157,1.40556747645746,0.709698000321636,82.268,164.536,2015_nk_174,Nush,2015,0.708870945566719,1.41686449768621,-0.00391205824189411,246.652426544458,432.755162629616,899.184,0.708434644977292,NA
158,1.41910675040311,0.709294576510783,82.792,165.584,2015_nk_174,Nush,2015,0.708858084467034,1.41337157424329,-0.00349292344291952,246.652426544458,432.755162629616,899.184,0.708434644977292,NA
159,1.4125482777475,0.709303550615277,83.316,166.632,2015_nk_174,Nush,2015,0.708874367789528,1.40938440526633,-0.00398716897695928,246.652426544458,432.755162629616,899.184,0.708434644977292,NA
160,1.39759804746662,0.707994306817021,83.84,167.68,2015_nk_174,Nush,2015,0.708869323479611,1.40601351090055,-0.00337089436577864,246.652426544458,432.755162629616,899.184,0.708434644977292,NA
161,1.39974932659554,0.708992125529756,84.364,168.728,2015_nk_174,Nush,2015,0.708862176020145,1.40270899820279,-0.00330451269776266,246.652426544458,432.755162629616,899.184,0.708434644977292,NA
162,1.40771996479827,0.708986613212438,84.888,169.776,2015_nk_174,Nush,2015,0.70884900185508,1.39927637583048,-0.00343262237230491,246.652426544458,432.755162629616,899.184,0.708434644977292,NA
163,1.37790821487099,0.708369448202454,85.412,170.824,2015_nk_174,Nush,2015,0.708831714205837,1.39546861651451,-0.00380775931597621,246.652426544458,432.755162629616,899.184,0.708434644977292,NA
164,1.37247957435189,0.708058489276072,85.936,171.872,2015_nk_174,Nush,2015,0.708832382813017,1.39125143857263,-0.00421717794188159,246.652426544458,432.755162629616,899.184,0.708434644977292,NA
165,1.37068019502311,0.709174127997086,86.46,172.92,2015_nk_174,Nush,2015,0.708822640515017,1.38735757797289,-0.00389386059973607,246.652426544458,432.755162629616,899.184,0.708434644977292,NA
166,1.37182255555757,0.708825110752718,86.984,173.968,2015_nk_174,Nush,2015,0.70881521662625,1.38307129828411,-0.00428627968877793,246.652426544458,432.755162629616,899.184,0.708434644977292,NA
167,1.38015740953062,0.709603701234729,87.508,175.016,2015_nk_174,Nush,2015,0.708841031568997,1.37916478575593,-0.00390651252817742,246.652426544458,432.755162629616,899.184,0.708434644977292,NA
168,1.35244842450035,0.708892797920152,88.032,176.064,2015_nk_174,Nush,2015,0.708850185258502,1.37547426098126,-0.00369052477467191,246.652426544458,432.755162629616,899.184,0.708434644977292,NA
169,1.35531508279317,0.707888711978217,88.556,177.112,2015_nk_174,Nush,2015,0.708872067237552,1.37208893763247,-0.00338532334879371,246.652426544458,432.755162629616,899.184,0.708434644977292,NA
170,1.36408142770523,0.709002308759883,89.08,178.16,2015_nk_174,Nush,2015,0.708836539505703,1.36830306786627,-0.00378586976619588,246.652426544458,432.755162629616,899.184,0.708434644977292,NA
171,1.36166716114231,0.708028643111126,89.604,179.208,2015_nk_174,Nush,2015,0.708808759248595,1.36476550883338,-0.00353755903288944,246.652426544458,432.755162629616,899.184,0.708434644977292,NA
172,1.35647568696924,0.709192994313224,90.128,180.256,2015_nk_174,Nush,2015,0.70881481047605,1.36028849143476,-0.00447701739861861,246.652426544458,432.755162629616,899.184,0.708434644977292,NA
173,1.35023833630139,0.708696312859703,90.652,181.304,2015_nk_174,Nush,2015,0.708819099344179,1.35563179148902,-0.00465669994574203,246.652426544458,432.755162629616,899.184,0.708434644977292,NA
174,1.32858948233326,0.709556158966443,91.176,182.352,2015_nk_174,Nush,2015,0.708814849148195,1.3511547307148,-0.00447706077422061,246.652426544458,432.755162629616,899.184,0.708434644977292,NA
175,1.35904024986692,0.708531334833805,91.7,183.4,2015_nk_174,Nush,2015,0.708803531859111,1.34640456200674,-0.00475016870806422,246.652426544458,432.755162629616,899.184,0.708434644977292,NA
176,1.37089675542048,0.70839318479145,92.224,184.448,2015_nk_174,Nush,2015,0.708774967925803,1.34193154450059,-0.00447301750614693,246.652426544458,432.755162629616,899.184,0.708434644977292,NA
177,1.37948883938443,0.708872136619675,92.748,185.496,2015_nk_174,Nush,2015,0.7087849692115,1.3376436968216,-0.0042878476789947,246.652426544458,432.755162629616,899.184,0.708434644977292,NA
178,1.39182349699911,0.7087987712659,93.272,186.544,2015_nk_174,Nush,2015,0.708792707048909,1.33297987827518,-0.0046638185464114,246.652426544458,432.755162629616,899.184,0.708434644977292,NA
179,1.37864798234156,0.708877499228964,93.796,187.592,2015_nk_174,Nush,2015,0.70882190957562,1.328050906251,-0.00492897202418363,246.652426544458,432.755162629616,899.184,0.708434644977292,NA
180,1.38416091155864,0.709686307133549,94.32,188.64,2015_nk_174,Nush,2015,0.70881552212856,1.32318238113561,-0.00486852511538682,246.652426544458,432.755162629616,899.184,0.708434644977292,NA
181,1.38292965390732,0.707815165226127,94.844,189.688,2015_nk_174,Nush,2015,0.708794474119699,1.31849903499112,-0.00468334614449062,246.652426544458,432.755162629616,899.184,0.708434644977292,NA
182,1.37111454485871,0.708148895596173,95.368,190.736,2015_nk_174,Nush,2015,0.708795573134759,1.31396938086861,-0.00452965412251749,246.652426544458,432.755162629616,899.184,0.708434644977292,NA
183,1.34508835055294,0.708935956894661,95.892,191.784,2015_nk_174,Nush,2015,0.708798139335074,1.30933741812746,-0.00463196274114641,246.652426544458,432.755162629616,899.184,0.708434644977292,NA
184,1.33304565883273,0.709713115440832,96.416,192.832,2015_nk_174,Nush,2015,0.708784418576839,1.30416083300744,-0.00517658512001873,246.652426544458,432.755162629616,899.184,0.708434644977292,NA
185,1.30736642110442,0.708717209112799,96.94,193.88,2015_nk_174,Nush,2015,0.708785243668645,1.2991331117597,-0.0050277212477392,246.652426544458,432.755162629616,899.184,0.708434644977292,NA
186,1.31632787330029,0.708510472414625,97.464,194.928,2015_nk_174,Nush,2015,0.708780692102509,1.29424479817288,-0.00488831358681874,246.652426544458,432.755162629616,899.184,0.708434644977292,NA
187,1.29241443525612,0.709244403942789,97.988,195.976,2015_nk_174,Nush,2015,0.708756640515486,1.2896976933541,-0.00454710481878617,246.652426544458,432.755162629616,899.184,0.708434644977292,NA
188,1.29328231577444,0.708103569469625,98.512,197.024,2015_nk_174,Nush,2015,0.708743441763571,1.28471153304649,-0.00498616030761023,246.652426544458,432.755162629616,899.184,0.708434644977292,NA
189,1.2922935801283,0.709099533121354,99.036,198.072,2015_nk_174,Nush,2015,0.708737200083164,1.28012343411221,-0.00458809893428036,246.652426544458,432.755162629616,899.184,0.708434644977292,NA
190,1.29975528801638,0.708585632342178,99.56,199.12,2015_nk_174,Nush,2015,0.708748238869382,1.27578966841458,-0.00433376569763011,246.652426544458,432.755162629616,899.184,0.708434644977292,NA
191,1.30226183562965,0.708959761753787,100.084,200.168,2015_nk_174,Nush,2015,0.70874201951124,1.27155266710169,-0.00423700131288562,246.652426544458,432.755162629616,899.184,0.708434644977292,NA
192,1.29724895275972,0.708615637324417,100.608,201.216,2015_nk_174,Nush,2015,0.708712351878281,1.26666003774578,-0.00489262935591017,246.652426544458,432.755162629616,899.184,0.708434644977292,NA
193,1.28745356100799,0.708384288995698,101.132,202.264,2015_nk_174,Nush,2015,0.708722687560053,1.26237993034779,-0.00428010739799189,246.652426544458,432.755162629616,899.184,0.708434644977292,NA
194,1.24432365556561,0.709326567479841,101.656,203.312,2015_nk_174,Nush,2015,0.708736401892584,1.25813613696547,-0.00424379338232206,246.652426544458,432.755162629616,899.184,0.708434644977292,NA
195,1.25148911943046,0.70915540844188,102.18,204.36,2015_nk_174,Nush,2015,0.708716299495005,1.25386482355515,-0.00427131341031872,246.652426544458,432.755162629616,899.184,0.708434644977292,NA
196,1.24432327045929,0.709066100311824,102.704,205.408,2015_nk_174,Nush,2015,0.708715295909399,1.24962167397652,-0.00424314957863214,246.652426544458,432.755162629616,899.184,0.708434644977292,NA
197,1.25640560509988,0.709713982015285,103.228,206.456,2015_nk_174,Nush,2015,0.708697290213797,1.24511903198738,-0.00450264198913541,246.652426544458,432.755162629616,899.184,0.708434644977292,NA
198,1.26301548212648,0.709624380092161,103.752,207.504,2015_nk_174,Nush,2015,0.708695828823502,1.24101946557719,-0.00409956641019038,246.652426544458,432.755162629616,899.184,0.708434644977292,NA
199,1.27391865651652,0.709364044920404,104.276,208.552,2015_nk_174,Nush,2015,0.708694415503278,1.23672610985157,-0.00429335572561684,246.652426544458,432.755162629616,899.184,0.708434644977292,NA
200,1.25121437615412,0.70800353142127,104.8,209.6,2015_nk_174,Nush,2015,0.708673060307418,1.23236084411005,-0.00436526574152651,246.652426544458,432.755162629616,899.184,0.708434644977292,NA
201,1.24661010727344,0.70816341654726,105.324,210.648,2015_nk_174,Nush,2015,0.708684713838286,1.22780853249975,-0.00455231161029501,246.652426544458,432.755162629616,899.184,0.708434644977292,NA
202,1.22529979863827,0.709336374700382,105.848,211.696,2015_nk_174,Nush,2015,0.708668532662915,1.22389994353003,-0.00390858896971613,246.652426544458,432.755162629616,899.184,0.708434644977292,NA
203,1.21315687104074,0.709130986179107,106.372,212.744,2015_nk_174,Nush,2015,0.708663150380712,1.21989614361974,-0.00400379991029554,246.652426544458,432.755162629616,899.184,0.708434644977292,NA
204,1.20595317500167,0.70828491070419,106.896,213.792,2015_nk_174,Nush,2015,0.708653113669552,1.21599323861917,-0.00390290500056811,246.652426544458,432.755162629616,899.184,0.708434644977292,NA
205,1.20329488474414,0.70804106595752,107.42,214.84,2015_nk_174,Nush,2015,0.708659477870947,1.21179076186584,-0.00420247675333596,246.652426544458,432.755162629616,899.184,0.708434644977292,NA
206,1.18452235862014,0.707220069605728,107.944,215.888,2015_nk_174,Nush,2015,0.708669165323532,1.20749906203258,-0.00429169983325317,246.652426544458,432.755162629616,899.184,0.708434644977292,NA
207,1.18270623842661,0.709746066576397,108.468,216.936,2015_nk_174,Nush,2015,0.708663031962554,1.20291319366488,-0.00458586836770181,246.652426544458,432.755162629616,899.184,0.708434644977292,NA
208,1.16420294483894,0.707853930225958,108.992,217.984,2015_nk_174,Nush,2015,0.708651315746952,1.19823480542811,-0.00467838823677047,246.652426544458,432.755162629616,899.184,0.708434644977292,NA
209,1.14774434243922,0.709456411236414,109.516,219.032,2015_nk_174,Nush,2015,0.708616696261382,1.19383071403975,-0.0044040913883554,246.652426544458,432.755162629616,899.184,0.708434644977292,NA
210,1.14346151025963,0.708551172286972,110.04,220.08,2015_nk_174,Nush,2015,0.708608610564366,1.18909841234678,-0.00473230169297523,246.652426544458,432.755162629616,899.184,0.708434644977292,NA
211,1.13409834731178,0.707470281438446,110.564,221.128,2015_nk_174,Nush,2015,0.708629161215041,1.18440573676386,-0.00469267558291753,246.652426544458,432.755162629616,899.184,0.708434644977292,NA
212,1.14026576484069,0.708537191299911,111.088,222.176,2015_nk_174,Nush,2015,0.708652387963985,1.18015487795059,-0.00425085881327303,246.652426544458,432.755162629616,899.184,0.708434644977292,NA
213,1.1430804176218,0.70877454541448,111.612,223.224,2015_nk_174,Nush,2015,0.70864675147382294,1.17666878595582,-0.00348609199476391,246.652426544458,432.755162629616,899.184,0.708434644977292,NA
214,1.11792308359444,0.708509753946809,112.136,224.272,2015_nk_174,Nush,2015,0.708601084718129,1.17340532737477,-0.00326345858105603,246.652426544458,432.755162629616,899.184,0.708434644977292,NA
215,1.12034463786149,0.708930770702677,112.66,225.32,2015_nk_174,Nush,2015,0.708587164242854,1.17034320953995,-0.00306211783481847,246.652426544458,432.755162629616,899.184,0.708434644977292,NA
216,1.12853914125981,0.709029710758442,113.184,226.368,2015_nk_174,Nush,2015,0.708568344214721,1.16703348779426,-0.00330972174568922,246.652426544458,432.755162629616,899.184,0.708434644977292,NA
217,1.1327411873303,0.708254905100285,113.708,227.416,2015_nk_174,Nush,2015,0.708572197121117,1.16396392099425,-0.00306956680001313,246.652426544458,432.755162629616,899.184,0.708434644977292,NA
218,1.1199371319465,0.708502651395877,114.232,228.464,2015_nk_174,Nush,2015,0.70857073849427,1.16078118896135,-0.0031827320328992,246.652426544458,432.755162629616,899.184,0.708434644977292,NA
219,1.13726234169068,0.708929049790838,114.756,229.512,2015_nk_174,Nush,2015,0.708570473644879,1.15748168446,-0.00329950450134664,246.652426544458,432.755162629616,899.184,0.708434644977292,NA
220,1.13757210560882,0.70865663399011,115.28,230.56,2015_nk_174,Nush,2015,0.708558992512008,1.15421534413485,-0.00326634032514872,246.652426544458,432.755162629616,899.184,0.708434644977292,NA
221,1.1455292478224,0.708618964041209,115.804,231.608,2015_nk_174,Nush,2015,0.708538587557078,1.15117837710907,-0.00303696702578571,246.652426544458,432.755162629616,899.184,0.708434644977292,NA
222,1.11416220344366,0.707206555234895,116.328,232.656,2015_nk_174,Nush,2015,0.708543683924546,1.14804363849515,-0.00313473861392244,246.652426544458,432.755162629616,899.184,0.708434644977292,NA
223,1.12110177099148,0.708989589108784,116.852,233.704,2015_nk_174,Nush,2015,0.708557721122172,1.14503408889268,-0.00300954960246602,246.652426544458,432.755162629616,899.184,0.708434644977292,NA
224,1.11785197141257,0.70888134922796,117.376,234.752,2015_nk_174,Nush,2015,0.70854424700962,1.14366834369511,-0.00136574519756438,246.652426544458,432.755162629616,899.184,0.708434644977292,NA
225,1.11440139040398,0.707967984142314,117.9,235.8,2015_nk_174,Nush,2015,0.708528209914995,1.14108772787798,-0.00258061581713109,246.652426544458,432.755162629616,899.184,0.708434644977292,NA
226,1.11723358083964,0.708764895616392,118.424,236.848,2015_nk_174,Nush,2015,0.708536608780458,1.13860204920687,-0.00248567867111116,246.652426544458,432.755162629616,899.184,0.708434644977292,NA
227,1.1099988901825,0.708523359498585,118.948,237.896,2015_nk_174,Nush,2015,0.70851698402113406,1.13562344778171,-0.00297860142515893,246.652426544458,432.755162629616,899.184,0.708434644977292,NA
228,1.10647443988893,0.708805114502465,119.472,238.944,2015_nk_174,Nush,2015,0.708491967410475,1.13277683525826,-0.00284661252345231,246.652426544458,432.755162629616,899.184,0.708434644977292,NA
229,1.09771373925615,0.707803912764808,119.996,239.992,2015_nk_174,Nush,2015,0.708492153680825,1.12965698369352,-0.00311985156474548,246.652426544458,432.755162629616,899.184,0.708434644977292,NA
230,1.10216548321364,0.707720997008237,120.52,241.04,2015_nk_174,Nush,2015,0.708514624589,1.12681081195768,-0.00284617173584034,246.652426544458,432.755162629616,899.184,0.708434644977292,NA
231,1.08852846452462,0.7087278549632,121.044,242.088,2015_nk_174,Nush,2015,0.708514574111292,1.12394000650893,-0.00287080544874851,246.652426544458,432.755162629616,899.184,0.708434644977292,NA
232,1.12196034878626,0.708222123790998,121.568,243.136,2015_nk_174,Nush,2015,0.708498070497212,1.12158299306243,-0.00235701344649764,246.652426544458,432.755162629616,899.184,0.708434644977292,NA
233,1.11001034168366,0.708373375927524,122.092,244.184,2015_nk_174,Nush,2015,0.708497076079088,1.11958699202602,-0.00199600103640596,246.652426544458,432.755162629616,899.184,0.708434644977292,NA
234,1.09441518229918,0.708953956296817,122.616,245.232,2015_nk_174,Nush,2015,0.70850186359941,1.11756665958599,-0.00202033244003719,246.652426544458,432.755162629616,899.184,0.708434644977292,NA
235,1.10689164466676,0.708913186917489,123.14,246.28,2015_nk_174,Nush,2015,0.708502736266489,1.11554665473476,-0.00202000485122511,246.652426544458,432.755162629616,899.184,0.708434644977292,NA
236,1.11339476542529,0.708974431946596,123.664,247.328,2015_nk_174,Nush,2015,0.708533467704672,1.1137530868664,-0.00179356786835672,246.652426544458,432.755162629616,899.184,0.708434644977292,NA
237,1.10433673732232,0.708504134960986,124.188,248.376,2015_nk_174,Nush,2015,0.708517251706521,1.11183964885466,-0.00191343801174537,246.652426544458,432.755162629616,899.184,0.708434644977292,NA
238,1.11112020279288,0.708095798329772,124.712,249.424,2015_nk_174,Nush,2015,0.708535910419767,1.11019012627298,-0.00164952258167439,246.652426544458,432.755162629616,899.184,0.708434644977292,NA
239,1.11440249904024,0.706800330094764,125.236,250.472,2015_nk_174,Nush,2015,0.708522198123387,1.10864398220819,-0.00154614406479658,246.652426544458,432.755162629616,899.184,0.708434644977292,NA
240,1.10022280998012,0.709201165312588,125.76,251.52,2015_nk_174,Nush,2015,0.70851338384475,1.10723560326118,-0.00140837894701229,246.652426544458,432.755162629616,899.184,0.708434644977292,NA
241,1.10136911893228,0.709048204266638,126.284,252.568,2015_nk_174,Nush,2015,0.708515046044629,1.10631566054995,-9.1994271122164e-4,246.652426544458,432.755162629616,899.184,0.708434644977292,NA
242,1.11606301606232,0.709542500532771,126.808,253.616,2015_nk_174,Nush,2015,0.708525905195404,1.10531128624789,-0.00100437430206113,246.652426544458,432.755162629616,899.184,0.708434644977292,NA
243,1.1359228308671,0.708597767485001,127.332,254.664,2015_nk_174,Nush,2015,0.708526976423336,1.10433800938884,-9.7327685905268e-4,246.652426544458,432.755162629616,899.184,0.708434644977292,NA
244,1.13723814396937,0.706973110099146,127.856,255.712,2015_nk_174,Nush,2015,0.708524333373992,1.10366329778822,-6.7471160062515e-4,246.652426544458,432.755162629616,899.184,0.708434644977292,NA
245,1.12363935101532,0.707881980596311,128.38,256.76,2015_nk_174,Nush,2015,0.708493127974427,1.10298465170312,-6.7864608509005e-4,246.652426544458,432.755162629616,899.184,0.708434644977292,NA
246,1.11774456855894,0.707381270726668,128.904,257.808,2015_nk_174,Nush,2015,0.708490214636646,1.10233708264933,-6.4756905379415e-4,246.652426544458,432.755162629616,899.184,0.708434644977292,NA
247,1.10824042725532,0.709475578326549,129.428,258.856,2015_nk_174,Nush,2015,0.708514791631087,1.10166137809567,-6.7570455366428e-4,246.652426544458,432.755162629616,899.184,0.708434644977292,NA
248,1.10231839380049,0.708016051858827,129.952,259.904,2015_nk_174,Nush,2015,0.708523037558854,1.10092949418463,-7.3188391103418e-4,246.652426544458,432.755162629616,899.184,0.708434644977292,NA
249,1.0943233100475,0.709083642157871,130.476,260.952,2015_nk_174,Nush,2015,0.708506129457153,1.09980377842133,-0.00112571576330578,246.652426544458,432.755162629616,899.184,0.708434644977292,NA
250,1.10377486850745,0.707896764369912,131,262,2015_nk_174,Nush,2015,0.708496793788635,1.09842300776925,-0.00138077065207165,246.652426544458,432.755162629616,899.184,0.708434644977292,NA
251,1.1200438140825,0.707735464458005,131.524,263.048,2015_nk_174,Nush,2015,0.708491447578087,1.09672813809802,-0.00169486967123,246.652426544458,432.755162629616,899.184,0.708434644977292,NA
252,1.10916463592437,0.708921419372472,132.048,264.096,2015_nk_174,Nush,2015,0.708527643233444,1.09579333620504,-9.3480189298955e-4,246.652426544458,432.755162629616,899.184,0.708434644977292,NA
253,1.10688058486004,0.709226520853245,132.572,265.144,2015_nk_174,Nush,2015,0.708527274393203,1.09497082618134,-8.2251002369493e-4,246.652426544458,432.755162629616,899.184,0.708434644977292,NA
254,1.16237894371175,0.708518120726754,133.096,266.192,2015_nk_174,Nush,2015,0.708523392627541,1.09432962195108,-6.4120423025704e-4,246.652426544458,432.755162629616,899.184,0.708434644977292,NA
255,1.09665217040259,0.708193182764341,133.62,267.24,2015_nk_174,Nush,2015,0.708528480939881,1.09354041659014,-7.892053609424e-4,246.652426544458,432.755162629616,899.184,0.708434644977292,NA
256,1.09518255019262,0.709570032239642,134.144,268.288,2015_nk_174,Nush,2015,0.70853801134084,1.09254922985496,-9.9118673518217e-4,246.652426544458,432.755162629616,899.184,0.708434644977292,NA
257,1.07768951959035,0.708536496455828,134.668,269.336,2015_nk_174,Nush,2015,0.708521956942054,1.09163339754727,-9.1583230768566e-4,246.652426544458,432.755162629616,899.184,0.708434644977292,NA
258,1.09221873071934,0.708123383452632,135.192,270.384,2015_nk_174,Nush,2015,0.708497271725587,1.09095503847154,-6.7835907573643e-4,246.652426544458,432.755162629616,899.184,0.708434644977292,NA
259,1.0867275626318,0.709375221141395,135.716,271.432,2015_nk_174,Nush,2015,0.708506118329172,1.09064454677167,-3.1049169986885e-4,246.652426544458,432.755162629616,899.184,0.708434644977292,NA
260,1.0804440720037,0.709351785911796,136.24,272.48,2015_nk_174,Nush,2015,0.70852514704939,1.09013244343664,-5.1210333503215e-4,246.652426544458,432.755162629616,899.184,0.708434644977292,NA
261,1.07436178034853,0.708160387884732,136.764,273.528,2015_nk_174,Nush,2015,0.708537836642738,1.08975553692327,-3.769065133643e-4,246.652426544458,432.755162629616,899.184,0.708434644977292,NA
262,1.08387899184842,0.708346157855586,137.288,274.576,2015_nk_174,Nush,2015,0.708538262882621,1.08868935060746,-0.00106618631581146,246.652426544458,432.755162629616,899.184,0.708434644977292,NA
263,1.09339680885639,0.709071321091695,137.812,275.624,2015_nk_174,Nush,2015,0.708551457080241,1.08797082295601,-7.1852765144586e-4,246.652426544458,432.755162629616,899.184,0.708434644977292,NA
264,1.08473322859944,0.70857216192347094,138.336,276.672,2015_nk_174,Nush,2015,0.708540588929234,1.08763951964367,-3.3130331233932e-4,246.652426544458,432.755162629616,899.184,0.708434644977292,NA
265,1.08209459367064,0.708093425982305,138.86,277.72,2015_nk_174,Nush,2015,0.708530609601943,1.08682565178731,-8.1386785636228e-4,246.652426544458,432.755162629616,899.184,0.708434644977292,NA
266,1.07690828651874,0.709063955896722,139.384,278.768,2015_nk_174,Nush,2015,0.708520184636388,1.08584570980972,-9.7994197759399e-4,246.652426544458,432.755162629616,899.184,0.708434644977292,NA
267,1.06789995772188,0.708773106687331,139.908,279.816,2015_nk_174,Nush,2015,0.708509727006237,1.08517148600872,-6.7422380099802e-4,246.652426544458,432.755162629616,899.184,0.708434644977292,NA
268,1.06523158993847,0.708973453020708,140.432,280.864,2015_nk_174,Nush,2015,0.70853238069669,1.08430079137037,-8.7069463834765e-4,246.652426544458,432.755162629616,899.184,0.708434644977292,NA
269,1.05497569855142,0.708633673453627,140.956,281.912,2015_nk_174,Nush,2015,0.708562955462698,1.08339486183443,-9.0592953594503e-4,246.652426544458,432.755162629616,899.184,0.708434644977292,NA
270,1.0589587734388901,0.708022315568705,141.48,282.96,2015_nk_174,Nush,2015,0.708571134174485,1.08258535381581,-8.0950801861989e-4,246.652426544458,432.755162629616,899.184,0.708434644977292,NA
271,1.07890178463849,0.707570013431185,142.004,284.008,2015_nk_174,Nush,2015,0.708551023081278,1.08151931302722,-0.00106604078858652,246.652426544458,432.755162629616,899.184,0.708434644977292,NA
272,1.08000330671702,0.709188740346424,142.528,285.056,2015_nk_174,Nush,2015,0.708520785863304,1.08040602379567,-0.0011132892315544,246.652426544458,432.755162629616,899.184,0.708434644977292,NA
273,1.08468380607864,0.708838819090386,143.052,286.104,2015_nk_174,Nush,2015,0.70853673300422,1.07889179927328,-0.00151422452238203,246.652426544458,432.755162629616,899.184,0.708434644977292,NA
274,1.07744038755693,0.708351170986222,143.576,287.152,2015_nk_174,Nush,2015,0.708550425707247,1.07747405343319,-0.0014177458400968,246.652426544458,432.755162629616,899.184,0.708434644977292,NA
275,1.0796258727561,0.707058446728729,144.1,288.2,2015_nk_174,Nush,2015,0.708569740714922,1.07630721627152,-0.00116683716167199,246.652426544458,432.755162629616,899.184,0.708434644977292,NA
276,1.08968499803216,0.708854910491593,144.624,289.248,2015_nk_174,Nush,2015,0.708591212459755,1.0754228853275,-8.8433094402118e-4,246.652426544458,432.755162629616,899.184,0.708434644977292,NA
277,1.09219891411044,0.709729524766754,145.148,290.296,2015_nk_174,Nush,2015,0.708582893662775,1.07464441957972,-7.7846574777629e-4,246.652426544458,432.755162629616,899.184,0.708434644977292,NA
278,1.07602409728444,0.708997407061899,145.672,291.344,2015_nk_174,Nush,2015,0.708578371649419,1.07411856652699,-5.2585305272412e-4,246.652426544458,432.755162629616,899.184,0.708434644977292,NA
279,1.06971939589235,0.707914563688795,146.196,292.392,2015_nk_174,Nush,2015,0.708569450856494,1.07368656486669,-4.3200166030787e-4,246.652426544458,432.755162629616,899.184,0.708434644977292,NA
280,1.05472586648451,0.708096493879004,146.72,293.44,2015_nk_174,Nush,2015,0.708568182266377,1.0732261895872,-4.6037527949138e-4,246.652426544458,432.755162629616,899.184,0.708434644977292,NA
281,1.0438370675486,0.708298191408362,147.244,294.488,2015_nk_174,Nush,2015,0.708570847246935,1.07233867150799,-8.8751807920917e-4,246.652426544458,432.755162629616,899.184,0.708434644977292,NA
282,1.0580740898643,0.709378294556263,147.768,295.536,2015_nk_174,Nush,2015,0.708579339528706,1.07176171431532,-5.7695719266148e-4,246.652426544458,432.755162629616,899.184,0.708434644977292,NA
283,1.07175116956977,0.708967458694324,148.292,296.584,2015_nk_174,Nush,2015,0.708573860129311,1.0712602225863,-5.0149172902536e-4,246.652426544458,432.755162629616,899.184,0.708434644977292,NA
284,1.07937971759716,0.708648443288287,148.816,297.632,2015_nk_174,Nush,2015,0.708571866166878,1.06980333328892,-0.00145688929737608,246.652426544458,432.755162629616,899.184,0.708434644977292,NA
285,1.06704906874744,0.708273282882684,149.34,298.68,2015_nk_174,Nush,2015,0.708577082124953,1.06963407442313,-1.6925886579199e-4,246.652426544458,432.755162629616,899.184,0.708434644977292,NA
286,1.0577623767287,0.709336719673968,149.864,299.728,2015_nk_174,Nush,2015,0.708559694143557,1.06944996921484,-1.841052082947e-4,246.652426544458,432.755162629616,899.184,0.708434644977292,NA
287,1.05504895172136,0.707560095571412,150.388,300.776,2015_nk_174,Nush,2015,0.708548569267241,1.06936518496632,-8.47842485167671e-5,246.652426544458,432.755162629616,899.184,0.708434644977292,NA
288,1.06577289534474,0.707324001514442,150.912,301.824,2015_nk_174,Nush,2015,0.708571324609711,1.06877601206162,-5.8917290470095e-4,246.652426544458,432.755162629616,899.184,0.708434644977292,NA
289,1.07908423726402,0.708334708979885,151.436,302.872,2015_nk_174,Nush,2015,0.708564716477706,1.06830846054348,-4.675515181387e-4,246.652426544458,432.755162629616,899.184,0.708434644977292,NA
290,1.0714392831117,0.708862720221369,151.96,303.92,2015_nk_174,Nush,2015,0.70857273616912,1.06771238557234,-5.9607497114044e-4,246.652426544458,432.755162629616,899.184,0.708434644977292,NA
291,1.06591407372277,0.709489230564025,152.484,304.968,2015_nk_174,Nush,2015,0.708566793351485,1.06728901680564,-4.2336876669679e-4,246.652426544458,432.755162629616,899.184,0.708434644977292,NA
292,1.05798916983757,0.708247698184013,153.008,306.016,2015_nk_174,Nush,2015,0.708574587157279,1.06683751433485,-4.5150247079495e-4,246.652426544458,432.755162629616,899.184,0.708434644977292,NA
293,1.06689868259691,0.709165027784732,153.532,307.064,2015_nk_174,Nush,2015,0.70860132015443,1.06631456905546,-5.2294527938867e-4,246.652426544458,432.755162629616,899.184,0.708434644977292,NA
294,1.07453698355882,0.708301867236393,154.056,308.112,2015_nk_174,Nush,2015,0.708582411303065,1.06588455905416,-4.300100012986e-4,246.652426544458,432.755162629616,899.184,0.708434644977292,NA
295,1.05805957328502,0.708314427280005,154.58,309.16,2015_nk_174,Nush,2015,0.708595362970901,1.06554947526791,-3.3508378625368e-4,246.652426544458,432.755162629616,899.184,0.708434644977292,NA
296,1.05459824676965,0.7083489340133,155.104,310.208,2015_nk_174,Nush,2015,0.708597538287626,1.06550336565447,-4.61096134396488e-5,246.652426544458,432.755162629616,899.184,0.708434644977292,NA
297,1.06388330926243,0.70787667715192,155.628,311.256,2015_nk_174,Nush,2015,0.708586204957887,1.06567868717627,1.7532152180344e-4,246.652426544458,432.755162629616,899.184,0.708434644977292,NA
298,1.05887852449202,0.709455019756942,156.152,312.304,2015_nk_174,Nush,2015,0.70857548232658,1.06585126787949,1.7258070321579e-4,246.652426544458,432.755162629616,899.184,0.708434644977292,NA
299,1.06004672688354,0.708634816055268,156.676,313.352,2015_nk_174,Nush,2015,0.708573416882906,1.06599083353995,1.3956566046191e-4,246.652426544458,432.755162629616,899.184,0.708434644977292,NA
300,1.05165232886293,0.709691888019845,157.2,314.4,2015_nk_174,Nush,2015,0.708584932427258,1.06630751872595,3.1668518599703e-4,246.652426544458,432.755162629616,899.184,0.708434644977292,NA
301,1.03740667161709,0.70784153867417,157.724,315.448,2015_nk_174,Nush,2015,0.708585645000782,1.06626587258686,-4.16461390873035e-5,246.652426544458,432.755162629616,899.184,0.708434644977292,NA
302,1.04926566216905,0.707728267454358,158.248,316.496,2015_nk_174,Nush,2015,0.708574320404565,1.06625942351347,-6.4490733877598e-6,246.652426544458,432.755162629616,899.184,0.708434644977292,NA
303,1.04506935952418,0.709554595939923,158.772,317.544,2015_nk_174,Nush,2015,0.708566094423566,1.06604743678207,-2.1198673140387e-4,246.652426544458,432.755162629616,899.184,0.708434644977292,NA
304,1.05217339356356,0.70779467228082,159.296,318.592,2015_nk_174,Nush,2015,0.708565058512907,1.06586885929971,-1.7857748235483e-4,246.652426544458,432.755162629616,899.184,0.708434644977292,NA
305,1.05362912131501,0.70904088105681,159.82,319.64,2015_nk_174,Nush,2015,0.708585135690604,1.06566659063065,-2.0226866906458e-4,246.652426544458,432.755162629616,899.184,0.708434644977292,NA
306,1.06468471191767,0.708669575416604,160.344,320.688,2015_nk_174,Nush,2015,0.708595114610009,1.0654089712703,-2.5761936035029e-4,246.652426544458,432.755162629616,899.184,0.708434644977292,NA
307,1.06153248238873,0.708976450507769,160.868,321.736,2015_nk_174,Nush,2015,0.708570892863783,1.06501708552917,-3.9188574112469e-4,246.652426544458,432.755162629616,899.184,0.708434644977292,NA
308,1.07076721063705,0.707744731057444,161.392,322.784,2015_nk_174,Nush,2015,0.708559743892058,1.06466625470825,-3.508308209208e-4,246.652426544458,432.755162629616,899.184,0.708434644977292,NA
309,1.06840321042903,0.708548394582401,161.916,323.832,2015_nk_174,Nush,2015,0.708562897687993,1.06464316414931,-2.3090558940897e-5,246.652426544458,432.755162629616,899.184,0.708434644977292,NA
310,1.07615235173797,0.707820648962901,162.44,324.88,2015_nk_174,Nush,2015,0.7085592781715,1.06500004080994,3.5687666063077e-4,246.652426544458,432.755162629616,899.184,0.708434644977292,NA
311,1.06679272932996,0.707895363291475,162.964,325.928,2015_nk_174,Nush,2015,0.708546579803992,1.06540153835071,4.0149754077334e-4,246.652426544458,432.755162629616,899.184,0.708434644977292,NA
312,1.07454720436468,0.709430956278723,163.488,326.976,2015_nk_174,Nush,2015,0.7085392589463,1.06581012076674,4.0858241602537e-4,246.652426544458,432.755162629616,899.184,0.708434644977292,NA
313,1.07679108111852,0.708897756889549,164.012,328.024,2015_nk_174,Nush,2015,0.708529685342544,1.06592558696382,1.1546619707614e-4,246.652426544458,432.755162629616,899.184,0.708434644977292,NA
314,1.07496558586918,0.708398482980749,164.536,329.072,2015_nk_174,Nush,2015,0.708504460069623,1.06564017887631,-2.8540808750388e-4,246.652426544458,432.755162629616,899.184,0.708434644977292,NA
315,1.08649663845507,0.708506140248853,165.06,330.12,2015_nk_174,Nush,2015,0.708523157753174,1.06561207601518,-2.81028611319734e-5,246.652426544458,432.755162629616,899.184,0.708434644977292,NA
316,1.08413623769494,0.708526753355884,165.584,331.168,2015_nk_174,Nush,2015,0.708503685385917,1.06578036165643,1.6828564125348e-4,246.652426544458,432.755162629616,899.184,0.708434644977292,NA
317,1.07260246467935,0.707869003876864,166.108,332.216,2015_nk_174,Nush,2015,0.708512924218003,1.06585855890068,7.81972442478462e-5,246.652426544458,432.755162629616,899.184,0.708434644977292,NA
318,1.05686835643728,0.70948870400085,166.632,333.264,2015_nk_174,Nush,2015,0.708518105564438,1.065871509011,1.29501103156571e-5,246.652426544458,432.755162629616,899.184,0.708434644977292,NA
319,1.05867447154347,0.708978733221086,167.156,334.312,2015_nk_174,Nush,2015,0.708525803589083,1.06557068605233,-3.0082295866384e-4,246.652426544458,432.755162629616,899.184,0.708434644977292,NA
320,1.04467957373528,0.70983296739662,167.68,335.36,2015_nk_174,Nush,2015,0.708508695448285,1.06527770891729,-2.9297713503995e-4,246.652426544458,432.755162629616,899.184,0.708434644977292,NA
321,1.04895965434672,0.707803818826643,168.204,336.408,2015_nk_174,Nush,2015,0.70848222314046,1.06509148051195,-1.8622840534643e-4,246.652426544458,432.755162629616,899.184,0.708434644977292,NA
322,1.05678884360073,0.70881378620326,168.728,337.456,2015_nk_174,Nush,2015,0.708492451764029,1.0653149925388,2.2351202685233e-4,246.652426544458,432.755162629616,899.184,0.708434644977292,NA
323,1.06202009209306,0.71067530092075,169.252,338.504,2015_nk_174,Nush,2015,0.708466051904782,1.06532315605117,8.1635123707624e-6,246.652426544458,432.755162629616,899.184,0.708434644977292,NA
324,1.05893262852153,0.707437630841536,169.776,339.552,2015_nk_174,Nush,2015,0.708476520099988,1.06542986373211,1.0670768094156e-4,246.652426544458,432.755162629616,899.184,0.708434644977292,NA
325,1.06198956649541,0.708870526052463,170.3,340.6,2015_nk_174,Nush,2015,0.708466808431048,1.06560790757843,1.7804384631925e-4,246.652426544458,432.755162629616,899.184,0.708434644977292,NA
326,1.07414170971237,0.709194474900235,170.824,341.648,2015_nk_174,Nush,2015,0.708468123177981,1.06612484814386,5.1694056543061e-4,246.652426544458,432.755162629616,899.184,0.708434644977292,NA
327,1.07841924903009,0.708093106903016,171.348,342.696,2015_nk_174,Nush,2015,0.70848373971643,1.06631090376961,1.8605562575047e-4,246.652426544458,432.755162629616,899.184,0.708434644977292,NA
328,1.07558643213141,0.708330095142267,171.872,343.744,2015_nk_174,Nush,2015,0.70845924312683894,1.06660784602301,2.9694225340271e-4,246.652426544458,432.755162629616,899.184,0.708434644977292,NA
329,1.06334963817914,0.708509746833173,172.396,344.792,2015_nk_174,Nush,2015,0.70844516403716,1.06687363008958,2.6578406656119e-4,246.652426544458,432.755162629616,899.184,0.708434644977292,NA
330,1.07795988459872,0.708713248229818,172.92,345.84,2015_nk_174,Nush,2015,0.708435285102073,1.06710116352323,2.2753343365611e-4,246.652426544458,432.755162629616,899.184,0.708434644977292,NA
331,1.07640301629325,0.707612767842637,173.444,346.888,2015_nk_174,Nush,2015,0.708433700188489,1.0675923268605,4.9116333726995e-4,246.652426544458,432.755162629616,899.184,0.708434644977292,NA
332,1.07961636231375,0.70850926457344,173.968,347.936,2015_nk_174,Nush,2015,0.708438773050986,1.0680482057063,4.5587884579845e-4,246.652426544458,432.755162629616,899.184,0.708434644977292,NA
333,1.0719646021944,0.708345260230441,174.492,348.984,2015_nk_174,Nush,2015,0.708395191226407,1.06881409402177,7.6588831546486e-4,246.652426544458,432.755162629616,899.184,0.708434644977292,NA
334,1.06672573861564,0.70828901634667,175.016,350.032,2015_nk_174,Nush,2015,0.70840847096467,1.06909143635236,2.7734233059595e-4,246.652426544458,432.755162629616,899.184,0.708434644977292,NA
335,1.06748975261223,0.708263077390563,175.54,351.08,2015_nk_174,Nush,2015,0.708395554841028,1.06957904970355,4.8761335119329e-4,246.652426544458,432.755162629616,899.184,0.708434644977292,NA
336,1.07422783641114,0.709453645655888,176.064,352.128,2015_nk_174,Nush,2015,0.708386907806307,1.06978157101393,0.00020252131037246001,246.652426544458,432.755162629616,899.184,0.708434644977292,NA
337,1.06868576964296,0.708276219993183,176.588,353.176,2015_nk_174,Nush,2015,0.708409531801783,1.06995730056965,1.7572955571987e-4,246.652426544458,432.755162629616,899.184,0.708434644977292,NA
338,1.0549742480292,0.708328468758402,177.112,354.224,2015_nk_174,Nush,2015,0.70842940059993,1.06981773627994,-1.3956428970618e-4,246.652426544458,432.755162629616,899.184,0.708434644977292,NA
339,1.06833396235589,0.708103791444886,177.636,355.272,2015_nk_174,Nush,2015,0.70844290672408206,1.06974332029336,-7.4415986581089e-5,246.652426544458,432.755162629616,899.184,0.708434644977292,NA
340,1.07613846612236,0.707879322889423,178.16,356.32,2015_nk_174,Nush,2015,0.708458529301802,1.0697390331454,-4.28714796307794e-6,246.652426544458,432.755162629616,899.184,0.708434644977292,NA
341,1.06792691999501,0.707536289357857,178.684,357.368,2015_nk_174,Nush,2015,0.708458004029584,1.06963766123269,-1.0137191271009e-4,246.652426544458,432.755162629616,899.184,0.708434644977292,NA
342,1.08258903482582,0.708939043094752,179.208,358.416,2015_nk_174,Nush,2015,0.708451606409676,1.06956232929067,-7.53319420163656e-5,246.652426544458,432.755162629616,899.184,0.708434644977292,NA
343,1.07867914139434,0.708393042469004,179.732,359.464,2015_nk_174,Nush,2015,0.708424621319665,1.06925921798407,-3.0311130659743e-4,246.652426544458,432.755162629616,899.184,0.708434644977292,NA
344,1.06225523234693,0.707134926913001,180.256,360.512,2015_nk_174,Nush,2015,0.708402787490482,1.06908224630982,-1.7697167425101e-4,246.652426544458,432.755162629616,899.184,0.708434644977292,NA
345,1.06536289707952,0.709395143895717,180.78,361.56,2015_nk_174,Nush,2015,0.708400917447358,1.0687344614547,-3.4778485512654e-4,246.652426544458,432.755162629616,899.184,0.708434644977292,NA
346,1.0678595152039,0.708168377638572,181.304,362.608,2015_nk_174,Nush,2015,0.708407343187981,1.0688016728409,6.72113862016932e-5,246.652426544458,432.755162629616,899.184,0.708434644977292,NA
347,1.05974078637624,0.708114425496547,181.828,363.656,2015_nk_174,Nush,2015,0.708423806518627,1.06877158961715,-3.00832237480897e-5,246.652426544458,432.755162629616,899.184,0.708434644977292,NA
348,1.06654990196367,0.707634882300562,182.352,364.704,2015_nk_174,Nush,2015,0.708406366864946,1.0691387890462,3.6719942904639e-4,246.652426544458,432.755162629616,899.184,0.708434644977292,NA
349,1.0610348597442,0.708796590458567,182.876,365.752,2015_nk_174,Nush,2015,0.708381936629806,1.06951866726119,3.7987821499641e-4,246.652426544458,432.755162629616,899.184,0.708434644977292,NA
350,1.0538606550093,0.707836231773507,183.4,366.8,2015_nk_174,Nush,2015,0.708351433482285,1.07001290231058,4.9423504938883e-4,246.652426544458,432.755162629616,899.184,0.708434644977292,NA
351,1.05474036940198,0.707900892094504,183.924,367.848,2015_nk_174,Nush,2015,0.708385505462387,1.07010553144342,9.26291328369189e-5,246.652426544458,432.755162629616,899.184,0.708434644977292,NA
352,1.07139989144871,0.708861415598169,184.448,368.896,2015_nk_174,Nush,2015,0.708366222357019,1.06996505288623,-1.4047855718435e-4,246.652426544458,432.755162629616,899.184,0.708434644977292,NA
353,1.06738849333916,0.707581036229947,184.972,369.944,2015_nk_174,Nush,2015,0.708326112313296,1.06972836359172,-2.3668929450892e-4,246.652426544458,432.755162629616,899.184,0.708434644977292,NA
354,1.08093944441531,0.708929958948724,185.496,370.992,2015_nk_174,Nush,2015,0.708357296985674,1.06928130373873,-4.4705985299087e-4,246.652426544458,432.755162629616,899.184,0.708434644977292,NA
355,1.06874220406417,0.707731727143639,186.02,372.04,2015_nk_174,Nush,2015,0.708328093535803,1.06901669925421,-2.646044845207e-4,246.652426544458,432.755162629616,899.184,0.708434644977292,NA
356,1.08561468069549,0.708427818829269,186.544,373.088,2015_nk_174,Nush,2015,0.708308104469896,1.06845325050115,-5.6344875306546e-4,246.652426544458,432.755162629616,899.184,0.708434644977292,NA
357,1.07504664680745,0.708813669458867,187.068,374.136,2015_nk_174,Nush,2015,0.708290351963322,1.0678756462782,-5.7760422295039e-4,246.652426544458,432.755162629616,899.184,0.708434644977292,NA
358,1.07669505969619,0.70798522438145,187.592,375.184,2015_nk_174,Nush,2015,0.708284144159223,1.06734473176529,-5.3091451291065e-4,246.652426544458,432.755162629616,899.184,0.708434644977292,NA
359,1.07599377087722,0.707790070674514,188.116,376.232,2015_nk_174,Nush,2015,0.70829786881138,1.06686088168406,-4.838500812252e-4,246.652426544458,432.755162629616,899.184,0.708434644977292,NA
360,1.06530433488229,0.709099151914663,188.64,377.28,2015_nk_174,Nush,2015,0.708294266879365,1.0661666714487,-6.9421023535776e-4,246.652426544458,432.755162629616,899.184,0.708434644977292,NA
361,1.06687647185329,0.707746443859138,189.164,378.328,2015_nk_174,Nush,2015,0.708293725237061,1.06553519029706,-6.3148115164612e-4,246.652426544458,432.755162629616,899.184,0.708434644977292,NA
362,1.07661839291695,0.708032639204162,189.688,379.376,2015_nk_174,Nush,2015,0.708292436208555,1.06465790025786,-8.7729003919867e-4,246.652426544458,432.755162629616,899.184,0.708434644977292,NA
363,1.09102265845208,0.706939686465183,190.212,380.424,2015_nk_174,Nush,2015,0.708286591420438,1.06395722060331,-7.0067965454589e-4,246.652426544458,432.755162629616,899.184,0.708434644977292,NA
364,1.06881393339931,0.708591456576569,190.736,381.472,2015_nk_174,Nush,2015,0.708293106765297,1.06318153498175,-7.7568562156593e-4,246.652426544458,432.755162629616,899.184,0.708434644977292,NA
365,1.0828859223866,0.7082659136383,191.26,382.52,2015_nk_174,Nush,2015,0.708276686426969,1.06216475414988,-0.00101678083186463,246.652426544458,432.755162629616,899.184,0.708434644977292,NA
366,1.07683599054002,0.708150753333358,191.784,383.568,2015_nk_174,Nush,2015,0.708257461385803,1.06130595549851,-8.5879865136973e-4,246.652426544458,432.755162629616,899.184,0.708434644977292,NA
367,1.07207625573192,0.710333890236304,192.308,384.616,2015_nk_174,Nush,2015,0.708235539847712,1.06042648403378,-8.7947146473066e-4,246.652426544458,432.755162629616,899.184,0.708434644977292,NA
368,1.06239335325469,0.708936858946265,192.832,385.664,2015_nk_174,Nush,2015,0.708228884886676,1.0599056727437,-5.208112900843e-4,246.652426544458,432.755162629616,899.184,0.708434644977292,NA
369,1.06393825123417,0.709358762031554,193.356,386.712,2015_nk_174,Nush,2015,0.708220869550943,1.05910069849628,-8.0497424741587e-4,246.652426544458,432.755162629616,899.184,0.708434644977292,NA
370,1.07589512286018,0.708758003626068,193.88,387.76,2015_nk_174,Nush,2015,0.708247831879465,1.05825335683784,-8.4734165844335e-4,246.652426544458,432.755162629616,899.184,0.708434644977292,NA
371,1.06071041456735,0.707863846958434,194.404,388.808,2015_nk_174,Nush,2015,0.708271251212825,1.05744740888501,-8.0594795282285e-4,246.652426544458,432.755162629616,899.184,0.708434644977292,NA
372,1.0700272878437,0.709047099084197,194.928,389.856,2015_nk_174,Nush,2015,0.708250950931917,1.05639407709411,-0.00105333179090739,246.652426544458,432.755162629616,899.184,0.708434644977292,NA
373,1.05860440272267,0.707278651488933,195.452,390.904,2015_nk_174,Nush,2015,0.70824685183609,1.0554128070097,-9.8127008440474e-4,246.652426544458,432.755162629616,899.184,0.708434644977292,NA
374,1.06434728541412,0.707088453229765,195.976,391.952,2015_nk_174,Nush,2015,0.708258116469868,1.0544539727823,-9.5883422739917e-4,246.652426544458,432.755162629616,899.184,0.708434644977292,NA
375,1.06562954714748,0.708393937661375,196.5,393,2015_nk_174,Nush,2015,0.708261083680078,1.05338499537231,-0.00106897740999679,246.652426544458,432.755162629616,899.184,0.708434644977292,NA
376,1.08816892086704,0.708912297793293,197.024,394.048,2015_nk_174,Nush,2015,0.708265812713113,1.05210575360508,-0.00127924176722982,246.652426544458,432.755162629616,899.184,0.708434644977292,NA
377,1.07079747125446,0.70885680371561,197.548,395.096,2015_nk_174,Nush,2015,0.708271216436137,1.0510746497259,-0.00103110387918015,246.652426544458,432.755162629616,899.184,0.708434644977292,NA
378,1.07890032218006,0.708442324779983,198.072,396.144,2015_nk_174,Nush,2015,0.708302878863032,1.04985412755876,-0.00122052216713486,246.652426544458,432.755162629616,899.184,0.708434644977292,NA
379,1.08146716444326,0.707512919112719,198.596,397.192,2015_nk_174,Nush,2015,0.708312689019716,1.04911682960612,-7.3729795264143e-4,246.652426544458,432.755162629616,899.184,0.708434644977292,NA
380,1.07433367669862,0.708002778545316,199.12,398.24,2015_nk_174,Nush,2015,0.708317104251014,1.04844040824878,-6.7642135734358e-4,246.652426544458,432.755162629616,899.184,0.708434644977292,NA
381,1.05451740231694,0.709848137632775,199.644,399.288,2015_nk_174,Nush,2015,0.708311732383639,1.04755431471947,-8.8609352930535e-4,246.652426544458,432.755162629616,899.184,0.708434644977292,NA
382,1.04836013016967,0.707656799881193,200.168,400.336,2015_nk_174,Nush,2015,0.70828883002206,1.04621844603232,-0.00133586868715185,246.652426544458,432.755162629616,899.184,0.708434644977292,NA
383,1.04781873442251,0.708268698297361,200.692,401.384,2015_nk_174,Nush,2015,0.708322570915983,1.04491698910523,-0.00130145692709416,246.652426544458,432.755162629616,899.184,0.708434644977292,NA
384,1.03210903734208,0.709308711184219,201.216,402.432,2015_nk_174,Nush,2015,0.708331599920279,1.04336309623156,-0.00155389287366803,246.652426544458,432.755162629616,899.184,0.708434644977292,NA
385,1.04611329742417,0.707118319060217,201.74,403.48,2015_nk_174,Nush,2015,0.708335753424629,1.04189255594395,-0.00147054028761029,246.652426544458,432.755162629616,899.184,0.708434644977292,NA
386,1.04033478452845,0.707995130945796,202.264,404.528,2015_nk_174,Nush,2015,0.708345733993574,1.04006303368945,-0.00182952225450128,246.652426544458,432.755162629616,899.184,0.708434644977292,NA
387,1.04376299565307,0.707027956508581,202.788,405.576,2015_nk_174,Nush,2015,0.708348467256072,1.03830436927026,-0.00175866441918204,246.652426544458,432.755162629616,899.184,0.708434644977292,NA
388,1.04373156135677,0.707957626896305,203.312,406.624,2015_nk_174,Nush,2015,0.708344742104482,1.03631886306008,-0.0019855062101799,246.652426544458,432.755162629616,899.184,0.708434644977292,NA
389,1.03431863330563,0.709333225962574,203.836,407.672,2015_nk_174,Nush,2015,0.70838190797664,1.03410904868973,-0.00220981437035039,246.652426544458,432.755162629616,899.184,0.708434644977292,NA
390,1.03630727047726,0.708497132308973,204.36,408.72,2015_nk_174,Nush,2015,0.708360435753814,1.03194191801491,-0.0021671306748221,246.652426544458,432.755162629616,899.184,0.708434644977292,NA
391,1.03851414719448,0.70758026930435,204.884,409.768,2015_nk_174,Nush,2015,0.708361767428636,1.02961022815922,-0.00233168985568644,246.652426544458,432.755162629616,899.184,0.708434644977292,NA
392,1.02697895996183,0.708431922863087,205.408,410.816,2015_nk_174,Nush,2015,0.708333210963356,1.02721554691305,-0.00239468124617903,246.652426544458,432.755162629616,899.184,0.708434644977292,NA
393,1.02992382292164,0.707994572943451,205.932,411.864,2015_nk_174,Nush,2015,0.708367237780335,1.02455983403769,-0.00265571287535593,246.652426544458,432.755162629616,899.184,0.708434644977292,NA
394,1.02018460132169,0.708679937038187,206.456,412.912,2015_nk_174,Nush,2015,0.708358297236763,1.0222185635523,-0.00234127048538957,246.652426544458,432.755162629616,899.184,0.708434644977292,NA
395,1.00648290270035,0.707277857090861,206.98,413.96,2015_nk_174,Nush,2015,0.708375079906728,1.01921848499614,-0.00300007855616391,246.652426544458,432.755162629616,899.184,0.708434644977292,NA
396,1.02269991732895,0.70830014318595,207.504,415.008,2015_nk_174,Nush,2015,0.708365317779336,1.01640171865227,-0.00281676634386696,246.652426544458,432.755162629616,899.184,0.708434644977292,NA
397,1.01591748175913,0.706960927707711,208.028,416.056,2015_nk_174,Nush,2015,0.708346009100785,1.01357480306159,-0.00282691559068282,246.652426544458,432.755162629616,899.184,0.708434644977292,NA
398,1.02372557062414,0.707929171096235,208.552,417.104,2015_nk_174,Nush,2015,0.708344894315935,1.01112121243169,-0.00245359062989303,246.652426544458,432.755162629616,899.184,0.708434644977292,NA
399,1.02003550751093,0.707622871300959,209.076,418.152,2015_nk_174,Nush,2015,0.708328063129303,1.00870504131182,-0.00241617111987003,246.652426544458,432.755162629616,899.184,0.708434644977292,NA
400,1.02529796661577,0.70949706260074,209.6,419.2,2015_nk_174,Nush,2015,0.708341850511429,1.00608784488401,-0.002617196427811,246.652426544458,432.755162629616,899.184,0.708434644977292,NA
401,1.01957004282563,0.708941449359409,210.124,420.248,2015_nk_174,Nush,2015,0.708332832991763,1.00390701802757,-0.0021808268564425,246.652426544458,432.755162629616,899.184,0.708434644977292,NA
402,1.01938912737138,0.707721026240288,210.648,421.296,2015_nk_174,Nush,2015,0.708318935123981,1.00160866503619,-0.00229835299138093,246.652426544458,432.755162629616,899.184,0.708434644977292,NA
403,1.01980293633005,0.708147096719426,211.172,422.344,2015_nk_174,Nush,2015,0.708316958049036,0.999382168436792,-0.00222649659939778,246.652426544458,432.755162629616,899.184,0.708434644977292,NA
404,1.00472517870298,0.707810804939669,211.696,423.392,2015_nk_174,Nush,2015,0.708344644744752,0.997070434824369,-0.00231173361242254,246.652426544458,432.755162629616,899.184,0.708434644977292,NA
405,1.00122425247972,0.709573176508275,212.22,424.44,2015_nk_174,Nush,2015,0.708332836495749,0.994535341162427,-0.00253509366194182,246.652426544458,432.755162629616,899.184,0.708434644977292,NA
406,0.991105009170113,0.708452119620707,212.744,425.488,2015_nk_174,Nush,2015,0.708336425665593,0.991659224467748,-0.0028761166946788,246.652426544458,432.755162629616,899.184,0.708434644977292,NA
407,0.997874553625424,0.708438648877956,213.268,426.536,2015_nk_174,Nush,2015,0.708329396988585,0.988912968857181,-0.00274625561056752,246.652426544458,432.755162629616,899.184,0.708434644977292,NA
408,0.993318571935575,0.709534627914297,213.792,427.584,2015_nk_174,Nush,2015,0.708337230444861,0.986208863465672,-0.00270410539150856,246.652426544458,432.755162629616,899.184,0.708434644977292,NA
409,1.01679698258572,0.709385199859604,214.316,428.632,2015_nk_174,Nush,2015,0.708365823383166,0.983411025190544,-0.00279783827512792,246.652426544458,432.755162629616,899.184,0.708434644977292,NA
410,1.01327537356868,0.708101145651359,214.84,429.68,2015_nk_174,Nush,2015,0.708351493680098,0.98050553492421,-0.00290549026633424,246.652426544458,432.755162629616,899.184,0.708434644977292,NA
411,1.00157475764367,0.707578580052015,215.364,430.728,2015_nk_174,Nush,2015,0.708324162174625,0.977814960019041,-0.00269057490516877,246.652426544458,432.755162629616,899.184,0.708434644977292,NA
412,0.991247770219593,0.707487273903419,215.888,431.776,2015_nk_174,Nush,2015,0.70831997146767,0.975311873383677,-0.00250308663536425,246.652426544458,432.755162629616,899.184,0.708434644977292,NA
413,0.989301077713509,0.709605489865319,216.412,432.824,2015_nk_174,Nush,2015,0.708314638160563,0.972771500194735,-0.00254037318894218,246.652426544458,432.755162629616,899.184,0.708434644977292,NA
414,0.987705871995234,0.709471699206518,216.936,433.872,2015_nk_174,Nush,2015,0.708303885267099,0.970567028595017,-0.00220447159971815,246.652426544458,432.755162629616,899.184,0.708434644977292,NA
415,0.980509786807548,0.707980937404652,217.46,434.92,2015_nk_174,Nush,2015,0.708336896950617,0.968079133725608,-0.00248789486940881,246.652426544458,432.755162629616,899.184,0.708434644977292,NA
416,0.975843345425418,0.709026652965922,217.984,435.968,2015_nk_174,Nush,2015,0.708346869045911,0.96573469791201,-0.00234443581359844,246.652426544458,432.755162629616,899.184,0.708434644977292,NA
417,0.969526781656523,0.708977665208744,218.508,437.016,2015_nk_174,Nush,2015,0.708383082918819,0.9633191035564,-0.00241559435560967,246.652426544458,432.755162629616,899.184,0.708434644977292,NA
418,0.957564687085402,0.707761715286044,219.032,438.064,2015_nk_174,Nush,2015,0.708402577952498,0.961034200648193,-0.00228490290820671,246.652426544458,432.755162629616,899.184,0.708434644977292,NA
419,0.943404908656198,0.710020023003998,219.556,439.112,2015_nk_174,Nush,2015,0.708393066074906,0.959011796740442,-0.00202240390775099,246.652426544458,432.755162629616,899.184,0.708434644977292,NA
420,0.935276494392957,0.707810818545131,220.08,440.16,2015_nk_174,Nush,2015,0.708406976501024,0.956959347510302,-0.0020524492301397,246.652426544458,432.755162629616,899.184,0.708434644977292,NA
421,0.926975080512101,0.70782634434844,220.604,441.208,2015_nk_174,Nush,2015,0.708429596009102,0.95503170382684,-0.00192764368346232,246.652426544458,432.755162629616,899.184,0.708434644977292,NA
422,0.932937518146222,0.706319251287358,221.128,442.256,2015_nk_174,Nush,2015,0.708435453899156,0.953075519591816,-0.00195618423502397,246.652426544458,432.755162629616,899.184,0.708434644977292,NA
423,0.931679885930727,0.708981295483945,221.652,443.304,2015_nk_174,Nush,2015,0.708413380632571,0.95117616142874,-0.00189935816307629,246.652426544458,432.755162629616,899.184,0.708434644977292,NA
424,0.928337704275932,0.708055023962224,222.176,444.352,2015_nk_174,Nush,2015,0.708417479617091,0.949228271627367,-0.00194788980137306,246.652426544458,432.755162629616,899.184,0.708434644977292,NA
425,0.902881209016765,0.709272873836238,222.7,445.4,2015_nk_174,Nush,2015,0.708415068575855,0.947562167597858,-0.00166610402950851,246.652426544458,432.755162629616,899.184,0.708434644977292,NA
426,0.907830009907999,0.707565025689799,223.224,446.448,2015_nk_174,Nush,2015,0.708407355485069,0.945387454573491,-0.00217471302436756,246.652426544458,432.755162629616,899.184,0.708434644977292,NA
427,0.902461320290949,0.709175369523242,223.748,447.496,2015_nk_174,Nush,2015,0.708407904143249,0.943510660457778,-0.00187679411571251,246.652426544458,432.755162629616,899.184,0.708434644977292,NA
428,0.915177915461106,0.708869971855283,224.272,448.544,2015_nk_174,Nush,2015,0.70841749632814,0.941356433327963,-0.00215422712981495,246.652426544458,432.755162629616,899.184,0.708434644977292,NA
429,0.918967984041972,0.708348890833623,224.796,449.592,2015_nk_174,Nush,2015,0.708430941475077,0.939356847835177,-0.00199958549278667,246.652426544458,432.755162629616,899.184,0.708434644977292,NA
430,0.918863337191524,0.709585246553658,225.32,450.64,2015_nk_174,Nush,2015,0.708386432425218,0.937175738750978,-0.00218110908419844,246.652426544458,432.755162629616,899.184,0.708434644977292,NA
431,0.929860803180807,0.707322795778466,225.844,451.688,2015_nk_174,Nush,2015,0.708391364319362,0.935009907128803,-0.00216583162217521,246.652426544458,432.755162629616,899.184,0.708434644977292,NA
432,0.932126108360835,0.708213227017267,226.368,452.736,2015_nk_174,Nush,2015,0.708422809994962,0.932669005515967,-0.00234090161283584,246.652426544458,432.755162629616,899.184,0.708434644977292,NA
433,0.925014606758806,0.707160026992217,226.892,453.784,2015_nk_174,Nush,2015,0.708438841590106,0.930370298965167,-0.00229870655080044,246.652426544458,432.755162629616,899.184,0.708434644977292,NA
434,0.925643268668769,0.708749654972712,227.416,454.832,2015_nk_174,Nush,2015,0.708437736678502,0.928472670771805,-0.00189762819336148,246.652426544458,432.755162629616,899.184,0.708434644977292,NA
435,0.913523927430974,0.707685442721197,227.94,455.88,2015_nk_174,Nush,2015,0.708414560721982,0.926444605270305,-0.00202806550150048,246.652426544458,432.755162629616,899.184,0.708434644977292,NA
436,0.915601919186317,0.709127647983912,228.464,456.928,2015_nk_174,Nush,2015,0.708411290607444,0.924597832848344,-0.00184677242196085,246.652426544458,432.755162629616,899.184,0.708434644977292,NA
437,0.906022134620407,0.70843508309514,228.988,457.976,2015_nk_174,Nush,2015,0.708394561885524,0.922799597304476,-0.00179823554386771,246.652426544458,432.755162629616,899.184,0.708434644977292,NA
438,0.916653998689545,0.70891233215655,229.512,459.024,2015_nk_174,Nush,2015,0.708375318085115,0.920954421244195,-0.00184517606028112,246.652426544458,432.755162629616,899.184,0.708434644977292,NA
439,0.913596867935579,0.709228495411038,230.036,460.072,2015_nk_174,Nush,2015,0.708377412982565,0.918798574623991,-0.00215584662020429,246.652426544458,432.755162629616,899.184,0.708434644977292,NA
440,0.900004260718569,0.707142996361252,230.56,461.12,2015_nk_174,Nush,2015,0.708390782818589,0.91662732279326,-0.00217125183073019,246.652426544458,432.755162629616,899.184,0.708434644977292,NA
441,0.893082908006821,0.708208247304361,231.084,462.168,2015_nk_174,Nush,2015,0.708399089001186,0.914606903479989,-0.00202041931327124,246.652426544458,432.755162629616,899.184,0.708434644977292,NA
442,0.89817493204781,0.707405357463922,231.608,463.216,2015_nk_174,Nush,2015,0.708409642231193,0.912862216687611,-0.00174468679237827,246.652426544458,432.755162629616,899.184,0.708434644977292,NA
443,0.895396343085979,0.707948699870948,232.132,464.264,2015_nk_174,Nush,2015,0.70839722081077,0.91102000507746,-0.00184221161015152,246.652426544458,432.755162629616,899.184,0.708434644977292,NA
444,0.89984074135899,0.708663537576384,232.656,465.312,2015_nk_174,Nush,2015,0.708384049102337,0.909209810299025,-0.00181019477843458,246.652426544458,432.755162629616,899.184,0.708434644977292,NA
445,0.89683960525964,0.709099020071261,233.18,466.36,2015_nk_174,Nush,2015,0.708405535878537,0.907811839163376,-0.00139797113564899,246.652426544458,432.755162629616,899.184,0.708434644977292,NA
446,0.899668635712539,0.708593456663453,233.704,467.408,2015_nk_174,Nush,2015,0.708403315947537,0.906441443365244,-0.00137039579813236,246.652426544458,432.755162629616,899.184,0.708434644977292,NA
447,0.898827334316494,0.709200788883051,234.228,468.456,2015_nk_174,Nush,2015,0.708384692062033,0.905080121491676,-0.00136132187356719,246.652426544458,432.755162629616,899.184,0.708434644977292,NA
448,0.906637386864367,0.70912732891702,234.752,469.504,2015_nk_174,Nush,2015,0.708400374582667,0.903712635475423,-0.00136748601625314,246.652426544458,432.755162629616,899.184,0.708434644977292,NA
449,0.912974398840567,0.708762513307089,235.276,470.552,2015_nk_174,Nush,2015,0.708351982548092,0.902588100608762,-0.00112453486666153,246.652426544458,432.755162629616,899.184,0.708434644977292,NA
450,0.913160316668881,0.70933175787607206,235.8,471.6,2015_nk_174,Nush,2015,0.708364286235713,0.901423382215828,-0.00116471839293342,246.652426544458,432.755162629616,899.184,0.708434644977292,NA
451,0.922855526186741,0.70893743978904,236.324,472.648,2015_nk_174,Nush,2015,0.708365392161041,0.900414996088678,-0.00100838612715026,246.652426544458,432.755162629616,899.184,0.708434644977292,NA
452,0.909607905860392,0.708783396266295,236.848,473.696,2015_nk_174,Nush,2015,0.708405192547715,0.899355766925053,-0.00105922916362522,246.652426544458,432.755162629616,899.184,0.708434644977292,NA
453,0.915962333137067,0.706670176948341,237.372,474.744,2015_nk_174,Nush,2015,0.708367106078829,0.898349014285716,-0.00100675263933681,246.652426544458,432.755162629616,899.184,0.708434644977292,NA
454,0.903311213239302,0.708925876109398,237.896,475.792,2015_nk_174,Nush,2015,0.708377819893503,0.89744492786835794,-9.0408641735806e-4,246.652426544458,432.755162629616,899.184,0.708434644977292,NA
455,0.90651666092984,0.707133194616706,238.42,476.84,2015_nk_174,Nush,2015,0.708364232622478,0.897061693519348,-3.8323434900999e-4,246.652426544458,432.755162629616,899.184,0.708434644977292,NA
456,0.892217135866901,0.707837357738789,238.944,477.888,2015_nk_174,Nush,2015,0.708392421513793,0.896538748698693,-5.2294482065462e-4,246.652426544458,432.755162629616,899.184,0.708434644977292,NA
457,0.903309834816377,0.706993847198498,239.468,478.936,2015_nk_174,Nush,2015,0.708376860247584,0.896051128978008,-4.8761972068545e-4,246.652426544458,432.755162629616,899.184,0.708434644977292,NA
458,0.894471942835249,0.708504702189707,239.992,479.984,2015_nk_174,Nush,2015,0.708355822876481,0.895520684218651,-5.304447593567e-4,246.652426544458,432.755162629616,899.184,0.708434644977292,NA
459,0.900060377943728,0.708429580117162,240.516,481.032,2015_nk_174,Nush,2015,0.708345090567252,0.894751559516116,-7.6912470253554e-4,246.652426544458,432.755162629616,899.184,0.708434644977292,NA
460,0.89443142156386,0.706826519609233,241.04,482.08,2015_nk_174,Nush,2015,0.70831226426246,0.893889673481041,-8.6188603507431e-4,246.652426544458,432.755162629616,899.184,0.708434644977292,NA
461,0.889620145495117,0.709237363008052,241.564,483.128,2015_nk_174,Nush,2015,0.708380435560333,0.892782425312404,-0.00110724816863739,246.652426544458,432.755162629616,899.184,0.708434644977292,NA
462,0.878935030601228,0.709607766776298,242.088,484.176,2015_nk_174,Nush,2015,0.708382699488601,0.8919160652148,-8.6636009760432e-4,246.652426544458,432.755162629616,899.184,0.708434644977292,NA
463,0.881880543282024,0.709108992428018,242.612,485.224,2015_nk_174,Nush,2015,0.708400756035027,0.891125897799846,-7.9016741495396e-4,246.652426544458,432.755162629616,899.184,0.708434644977292,NA
464,0.890867487101295,0.707744510243429,243.136,486.272,2015_nk_174,Nush,2015,0.708392308910059,0.890462227935056,-6.6366986478916e-4,246.652426544458,432.755162629616,899.184,0.708434644977292,NA
465,0.879540322389691,0.708182619117093,243.66,487.32,2015_nk_174,Nush,2015,0.708388437272816,0.88987159628128,-5.9063165377615e-4,246.652426544458,432.755162629616,899.184,0.708434644977292,NA
466,0.880298663852464,0.708255912748459,244.184,488.368,2015_nk_174,Nush,2015,0.708385513420202,0.889030990002926,-8.4060627835458e-4,246.652426544458,432.755162629616,899.184,0.708434644977292,NA
467,0.88998042099336,0.7074349255627,244.708,489.416,2015_nk_174,Nush,2015,0.70837713628305,0.888526441672328,-5.0454833059754e-4,246.652426544458,432.755162629616,899.184,0.708434644977292,NA
468,0.882608008318706,0.708379999889757,245.232,490.464,2015_nk_174,Nush,2015,0.708365885458426,0.887644656696146,-8.817849761824e-4,246.652426544458,432.755162629616,899.184,0.708434644977292,NA
469,0.887446185373464,0.709510893706626,245.756,491.512,2015_nk_174,Nush,2015,0.70832428119852,0.886845930896811,-7.9872579933448e-4,246.652426544458,432.755162629616,899.184,0.708434644977292,NA
470,0.883000263724865,0.708903335812772,246.28,492.56,2015_nk_174,Nush,2015,0.708353687933484,0.886448096044029,-3.9783485278222e-4,246.652426544458,432.755162629616,899.184,0.708434644977292,NA
471,0.880349598847396,0.70807695100788,246.804,493.608,2015_nk_174,Nush,2015,0.708366417318717,0.886030806031922,-4.1729001210699e-4,246.652426544458,432.755162629616,899.184,0.708434644977292,NA
472,0.886566562676898,0.708120467703792,247.328,494.656,2015_nk_174,Nush,2015,0.708383355576373,0.88540942140537,-6.213846265517e-4,246.652426544458,432.755162629616,899.184,0.708434644977292,NA
473,0.878768381104416,0.708860204639936,247.852,495.704,2015_nk_174,Nush,2015,0.708378361265781,0.8849264002624,-4.8302114297027e-4,246.652426544458,432.755162629616,899.184,0.708434644977292,NA
474,0.879094185289155,0.708681396700587,248.376,496.752,2015_nk_174,Nush,2015,0.708361650003349,0.884172199220722,-7.5420104167822e-4,246.652426544458,432.755162629616,899.184,0.708434644977292,NA
475,0.896631518668606,0.709270143976665,248.9,497.8,2015_nk_174,Nush,2015,0.70834639533458,0.883565087955477,-6.0711126524515e-4,246.652426544458,432.755162629616,899.184,0.708434644977292,NA
476,0.893619597537472,0.708893457105889,249.424,498.848,2015_nk_174,Nush,2015,0.708329662998912,0.882757042798217,-8.080451572594e-4,246.652426544458,432.755162629616,899.184,0.708434644977292,NA
477,0.887847469242494,0.707860232078492,249.948,499.896,2015_nk_174,Nush,2015,0.708314629997265,0.882065925645043,-6.9111715317449e-4,246.652426544458,432.755162629616,899.184,0.708434644977292,NA
478,0.875515526110213,0.7087026665241,250.472,500.944,2015_nk_174,Nush,2015,0.708309605699492,0.881230126651106,-8.3579899393659e-4,246.652426544458,432.755162629616,899.184,0.708434644977292,NA
479,0.875932816656506,0.707116500929477,250.996,501.992,2015_nk_174,Nush,2015,0.708293016147708,0.88018147042039,-0.0010486562307159299,246.652426544458,432.755162629616,899.184,0.708434644977292,NA
480,0.865393390816951,0.708549039802401,251.52,503.04,2015_nk_174,Nush,2015,0.708255609453101,0.878858989017579,-0.00132248140281144,246.652426544458,432.755162629616,899.184,0.708434644977292,NA
481,0.866471912883086,0.707892699868113,252.044,504.088,2015_nk_174,Nush,2015,0.708238414965283,0.877596069511666,-0.00126291950591306,246.652426544458,432.755162629616,899.184,0.708434644977292,NA
482,0.869383768328706,0.708707274487808,252.568,505.136,2015_nk_174,Nush,2015,0.708225224173929,0.876778704270292,-8.1736524137388e-4,246.652426544458,432.755162629616,899.184,0.708434644977292,NA
483,0.871274727570524,0.706696107350788,253.092,506.184,2015_nk_174,Nush,2015,0.708240935666188,0.875733567139835,-0.00104513713045684,246.652426544458,432.755162629616,899.184,0.708434644977292,NA
484,0.874092519234441,0.708697852842669,253.616,507.232,2015_nk_174,Nush,2015,0.708226481317754,0.874777128037701,-9.5643910213394e-4,246.652426544458,432.755162629616,899.184,0.708434644977292,NA
485,0.879887148076166,0.708457637574723,254.14,508.28,2015_nk_174,Nush,2015,0.708259070883436,0.87372443990445,-0.00105268813325088,246.652426544458,432.755162629616,899.184,0.708434644977292,NA
486,0.876453320668721,0.709256359168692,254.664,509.328,2015_nk_174,Nush,2015,0.708262357445018,0.873247371325321,-4.7706857912921e-4,246.652426544458,432.755162629616,899.184,0.708434644977292,NA
487,0.873204137049818,0.708241693550696,255.188,510.376,2015_nk_174,Nush,2015,0.708280901505883,0.872491127081741,-7.5624424358022e-4,246.652426544458,432.755162629616,899.184,0.708434644977292,NA
488,0.883351229899709,0.707607729589142,255.712,511.424,2015_nk_174,Nush,2015,0.70828837787099,0.871846481571399,-6.4464551034193e-4,246.652426544458,432.755162629616,899.184,0.708434644977292,NA
489,0.872820501889838,0.707704952279844,256.236,512.472,2015_nk_174,Nush,2015,0.708267842501302,0.870935083747646,-9.1139782375315e-4,246.652426544458,432.755162629616,899.184,0.708434644977292,NA
490,0.867150175087071,0.707615668266127,256.76,513.52,2015_nk_174,Nush,2015,0.70832275740667,0.870195702643174,-7.3938110447191e-4,246.652426544458,432.755162629616,899.184,0.708434644977292,NA
491,0.863425913062559,0.711413073650893,257.284,514.568,2015_nk_174,Nush,2015,0.708278323132182,0.869762228603497,-4.3347403967686e-4,246.652426544458,432.755162629616,899.184,0.708434644977292,NA
492,0.88014450250458,0.708349062713339,257.808,515.616,2015_nk_174,Nush,2015,0.708240920996019,0.869488711221435,-2.7351738206238e-4,246.652426544458,432.755162629616,899.184,0.708434644977292,NA
493,0.877604561861563,0.708243419777787,258.332,516.664,2015_nk_174,Nush,2015,0.708232254497615,0.869104150888992,-3.8456033244249e-4,246.652426544458,432.755162629616,899.184,0.708434644977292,NA
494,0.885823076781416,0.708242827474631,258.856,517.712,2015_nk_174,Nush,2015,0.708253669523698,0.868455512718892,-6.4863817009996e-4,246.652426544458,432.755162629616,899.184,0.708434644977292,NA
495,0.878086028204407,0.707453144486627,259.38,518.76,2015_nk_174,Nush,2015,0.708264798757226,0.867914344276917,-5.4116844197493e-4,246.652426544458,432.755162629616,899.184,0.708434644977292,NA
496,0.865165542485036,0.708952216827046,259.904,519.808,2015_nk_174,Nush,2015,0.708261046615864,0.867390948936288,-5.2339534062884e-4,246.652426544458,432.755162629616,899.184,0.708434644977292,NA
497,0.875749234784555,0.707932454866023,260.428,520.856,2015_nk_174,Nush,2015,0.708293000351596,0.866816725541677,-5.7422339461121e-4,246.652426544458,432.755162629616,899.184,0.708434644977292,NA
498,0.863746900118595,0.708237282679109,260.952,521.904,2015_nk_174,Nush,2015,0.708289307009601,0.86642451610649,-3.9220943518669e-4,246.652426544458,432.755162629616,899.184,0.708434644977292,NA
499,0.865673319975511,0.706732239816706,261.476,522.952,2015_nk_174,Nush,2015,0.708274200155498,0.865965462256558,-4.5905384993283e-4,246.652426544458,432.755162629616,899.184,0.708434644977292,NA
500,0.876134169551636,0.708907400459056,262,524,2015_nk_174,Nush,2015,0.708260694679829,0.865505382026142,-4.6008023041532e-4,246.652426544458,432.755162629616,899.184,0.708434644977292,NA
501,0.868045507280402,0.708972010418368,262.524,525.048,2015_nk_174,Nush,2015,0.708279673808005,0.865188561669923,-3.1682035621927e-4,246.652426544458,432.755162629616,899.184,0.708434644977292,NA
502,0.86089185445471,0.708421652923232,263.048,526.096,2015_nk_174,Nush,2015,0.708289879713824,0.86463057797446,-5.5798369546322e-4,246.652426544458,432.755162629616,899.184,0.708434644977292,NA
503,0.866415074507766,0.70764904123545,263.572,527.144,2015_nk_174,Nush,2015,0.708290249768489,0.864098602599947,-5.3197537451255e-4,246.652426544458,432.755162629616,899.184,0.708434644977292,NA
504,0.854588678858295,0.707660861830456,264.096,528.192,2015_nk_174,Nush,2015,0.708303533813588,0.863705742994011,-3.9285960593615e-4,246.652426544458,432.755162629616,899.184,0.708434644977292,NA
505,0.86041292934493,0.708183739945159,264.62,529.24,2015_nk_174,Nush,2015,0.708269673206959,0.863042142523156,-6.6360047085545e-4,246.652426544458,432.755162629616,899.184,0.708434644977292,NA
506,0.85118592627697,0.70758951652333,265.144,530.288,2015_nk_174,Nush,2015,0.70827520245264,0.862499073589649,-5.4306893350697e-4,246.652426544458,432.755162629616,899.184,0.708434644977292,NA
507,0.857360305126031,0.708298808784278,265.668,531.336,2015_nk_174,Nush,2015,0.70828901911238,0.861828518404286,-6.7055518536263e-4,246.652426544458,432.755162629616,899.184,0.708434644977292,NA
508,0.85648944722817,0.708825871050644,266.192,532.384,2015_nk_174,Nush,2015,0.70826342680411,0.861353934175859,-4.7458422842716e-4,246.652426544458,432.755162629616,899.184,0.708434644977292,NA
509,0.850055024997606,0.707767140200046,266.716,533.432,2015_nk_174,Nush,2015,0.708292791085847,0.860791878321855,-5.620558540037e-4,246.652426544458,432.755162629616,899.184,0.708434644977292,NA
510,0.833811432500199,0.707087356199641,267.24,534.48,2015_nk_174,Nush,2015,0.708281327953274,0.860469361810379,-3.2251651147652e-4,246.652426544458,432.755162629616,899.184,0.708434644977292,NA
511,0.847080355831953,0.707905770519949,267.764,535.528,2015_nk_174,Nush,2015,0.708281789606555,0.860341306494514,-1.280553158649e-4,246.652426544458,432.755162629616,899.184,0.708434644977292,NA
512,0.860565991377964,0.70799194878505,268.288,536.576,2015_nk_174,Nush,2015,0.70830344210845,0.860144306592067,-1.9699990244648e-4,246.652426544458,432.755162629616,899.184,0.708434644977292,NA
513,0.853254105309653,0.707612866483908,268.812,537.624,2015_nk_174,Nush,2015,0.708328540497753,0.86004437416522606,-9.99324268413648e-5,246.652426544458,432.755162629616,899.184,0.708434644977292,NA
514,0.845924867111271,0.708058615203306,269.336,538.672,2015_nk_174,Nush,2015,0.708311922796865,0.859837125285428,-2.0724887979795e-4,246.652426544458,432.755162629616,899.184,0.708434644977292,NA
515,0.843355372934789,0.709088568557648,269.86,539.72,2015_nk_174,Nush,2015,0.7082952946136,0.859579073566025,-2.5805171940285e-4,246.652426544458,432.755162629616,899.184,0.708434644977292,NA
516,0.863593021119142,0.70803455143373,270.384,540.768,2015_nk_174,Nush,2015,0.708308407491393,0.85921012791513,-3.6894565089551e-4,246.652426544458,432.755162629616,899.184,0.708434644977292,NA
517,0.857935180201568,0.708106490850357,270.908,541.816,2015_nk_174,Nush,2015,0.70832307580448,0.85881037734352506,-3.9975057160479e-4,246.652426544458,432.755162629616,899.184,0.708434644977292,NA
518,0.855793212214734,0.708953284096135,271.432,542.864,2015_nk_174,Nush,2015,0.708340347069068,0.858204679805683,-6.0569753784167e-4,246.652426544458,432.755162629616,899.184,0.708434644977292,NA
519,0.84537650851854,0.707197457935884,271.956,543.912,2015_nk_174,Nush,2015,0.708348206273304,0.85778536305269,-4.1931675299256e-4,246.652426544458,432.755162629616,899.184,0.708434644977292,NA
520,0.850068555295546,0.710121413931357,272.48,544.96,2015_nk_174,Nush,2015,0.708374116478076,0.85733482845782,-4.5053459487087e-4,246.652426544458,432.755162629616,899.184,0.708434644977292,NA
521,0.863611703114507,0.706571306538717,273.004,546.008,2015_nk_174,Nush,2015,0.708331127288685,0.857075751635387,-2.5907682243264e-4,246.652426544458,432.755162629616,899.184,0.708434644977292,NA
522,0.862523987677484,0.707363638606551,273.528,547.056,2015_nk_174,Nush,2015,0.708352467481232,0.85635469104419,-7.2106059119736e-4,246.652426544458,432.755162629616,899.184,0.708434644977292,NA
523,0.858806923335474,0.708589002523782,274.052,548.104,2015_nk_174,Nush,2015,0.70837278598575,0.855672828176746,-6.8186286744376e-4,246.652426544458,432.755162629616,899.184,0.708434644977292,NA
524,0.851949196895299,0.709029411808404,274.576,549.152,2015_nk_174,Nush,2015,0.708383216054691,0.854933373867914,-7.3945430883137e-4,246.652426544458,432.755162629616,899.184,0.708434644977292,NA
525,0.847070215871199,0.708850373128741,275.1,550.2,2015_nk_174,Nush,2015,0.70838632228879,0.854418680184855,-5.1469368305989e-4,246.652426544458,432.755162629616,899.184,0.708434644977292,NA
526,0.848894943414732,0.708030784266765,275.624,551.248,2015_nk_174,Nush,2015,0.708336507247163,0.854252963341061,-1.6571684379307e-4,246.652426544458,432.755162629616,899.184,0.708434644977292,NA
527,0.855527017316689,0.709352149706643,276.148,552.296,2015_nk_174,Nush,2015,0.708345639658258,0.853885776352257,-3.6718698880466e-4,246.652426544458,432.755162629616,899.184,0.708434644977292,NA
528,0.859075442207501,0.708158399370017,276.672,553.344,2015_nk_174,Nush,2015,0.708344134771095,0.853620741009905,-2.6503534235189e-4,246.652426544458,432.755162629616,899.184,0.708434644977292,NA
529,0.859902954377498,0.708604482460473,277.196,554.392,2015_nk_174,Nush,2015,0.708379616046101,0.853229092134871,-3.9164887503351e-4,246.652426544458,432.755162629616,899.184,0.708434644977292,NA
530,0.85539544989994,0.708093007272602,277.72,555.44,2015_nk_174,Nush,2015,0.708363717218018,0.852842550040691,-3.8654209418054e-4,246.652426544458,432.755162629616,899.184,0.708434644977292,NA
531,0.861340377474245,0.709215698698467,278.244,556.488,2015_nk_174,Nush,2015,0.70834935543573,0.852522782519575,-3.1976752111617e-4,246.652426544458,432.755162629616,899.184,0.708434644977292,NA
532,0.853087540949107,0.708732822052928,278.768,557.536,2015_nk_174,Nush,2015,0.708347284741642,0.852159000494303,-3.6378202527176e-4,246.652426544458,432.755162629616,899.184,0.708434644977292,NA
533,0.846849858633661,0.708882407919842,279.292,558.584,2015_nk_174,Nush,2015,0.708346055120767,0.851772433058722,-3.8656743558129e-4,246.652426544458,432.755162629616,899.184,0.708434644977292,NA
534,0.855522608932989,0.709478439406518,279.816,559.632,2015_nk_174,Nush,2015,0.708336015088466,0.851512692994772,-2.5974006394946e-4,246.652426544458,432.755162629616,899.184,0.708434644977292,NA
535,0.856815490417278,0.707238507578907,280.34,560.68,2015_nk_174,Nush,2015,0.708348372134617,0.851087423447333,-4.2526954743871e-4,246.652426544458,432.755162629616,899.184,0.708434644977292,NA
536,0.861035461527058,0.709225211846736,280.864,561.728,2015_nk_174,Nush,2015,0.708372752181669,0.850788089663475,-2.993337838586e-4,246.652426544458,432.755162629616,899.184,0.708434644977292,NA
537,0.847614158120734,0.708689231662941,281.388,562.776,2015_nk_174,Nush,2015,0.708374747030109,0.850536216531987,-2.51873131488e-4,246.652426544458,432.755162629616,899.184,0.708434644977292,NA
538,0.847040472404582,0.707167128027875,281.912,563.824,2015_nk_174,Nush,2015,0.708368082865485,0.85031205548943,-2.2416104255729e-4,246.652426544458,432.755162629616,899.184,0.708434644977292,NA
539,0.842209465416289,0.708878357833687,282.436,564.872,2015_nk_174,Nush,2015,0.708357377116988,0.8501742759106,-1.377795788291e-4,246.652426544458,432.755162629616,899.184,0.708434644977292,NA
540,0.846042400128358,0.707861251848018,282.96,565.92,2015_nk_174,Nush,2015,0.708380445367355,0.850266086396636,9.18104860360147e-5,246.652426544458,432.755162629616,899.184,0.708434644977292,NA
541,0.858788593931193,0.707920399064973,283.484,566.968,2015_nk_174,Nush,2015,0.708408432234305,0.850200431054067,-6.56553425698592e-5,246.652426544458,432.755162629616,899.184,0.708434644977292,NA
542,0.857563774181918,0.710006424601532,284.008,568.016,2015_nk_174,Nush,2015,0.708407811662116,0.849903541361982,-2.9688969208419e-4,246.652426544458,432.755162629616,899.184,0.708434644977292,NA
543,0.865278781960047,0.708202010708927,284.532,569.064,2015_nk_174,Nush,2015,0.708441264210424,0.849682607018005,-2.2093434397729e-4,246.652426544458,432.755162629616,899.184,0.708434644977292,NA
544,0.861657586446566,0.70770079078941,285.056,570.112,2015_nk_174,Nush,2015,0.708471038024215,0.849462251522127,-2.2035549587828e-4,246.652426544458,432.755162629616,899.184,0.708434644977292,NA
545,0.864404044911992,0.707459946578816,285.58,571.16,2015_nk_174,Nush,2015,0.708468930065412,0.849335942995042,-1.2630852708528e-4,246.652426544458,432.755162629616,899.184,0.708434644977292,NA
546,0.854316581614985,0.710043131836291,286.104,572.208,2015_nk_174,Nush,2015,0.708469816903527,0.848859511278899,-4.7643171614275e-4,246.652426544458,432.755162629616,899.184,0.708434644977292,NA
547,0.849219102753532,0.70912179233595,286.628,573.256,2015_nk_174,Nush,2015,0.70847796311897,0.848449129419087,-4.1038185981179e-4,246.652426544458,432.755162629616,899.184,0.708434644977292,NA
548,0.847009377629216,0.70864400546437,287.152,574.304,2015_nk_174,Nush,2015,0.708442280883986,0.847942738572062,-5.0639084702541e-4,246.652426544458,432.755162629616,899.184,0.708434644977292,NA
549,0.847661496710282,0.708176504534015,287.676,575.352,2015_nk_174,Nush,2015,0.708467047842478,0.847623428778265,-3.1930979379613e-4,246.652426544458,432.755162629616,899.184,0.708434644977292,NA
550,0.840118099394816,0.70917028055249,288.2,576.4,2015_nk_174,Nush,2015,0.70841701634711,0.84735059410524,-2.7283467302563e-4,246.652426544458,432.755162629616,899.184,0.708434644977292,NA
551,0.847881303716602,0.708833722287408,288.724,577.448,2015_nk_174,Nush,2015,0.70841961954859,0.846679677001529,-6.7091710371058e-4,246.652426544458,432.755162629616,899.184,0.708434644977292,NA
552,0.836880867032733,0.709629474266131,289.248,578.496,2015_nk_174,Nush,2015,0.708428214261022,0.846229863148406,-4.4981385312281e-4,246.652426544458,432.755162629616,899.184,0.708434644977292,NA
553,0.83669278981494,0.709462530048885,289.772,579.544,2015_nk_174,Nush,2015,0.70841278252162,0.845629227132361,-6.0063601604509e-4,246.652426544458,432.755162629616,899.184,0.708434644977292,NA
554,0.841455818251527,0.708868631611068,290.296,580.592,2015_nk_174,Nush,2015,0.708392744811136,0.845010951263315,-6.1827586904583e-4,246.652426544458,432.755162629616,899.184,0.708434644977292,NA
555,0.847204407220814,0.707639518532583,290.82,581.64,2015_nk_174,Nush,2015,0.708388366131681,0.844541084412193,-4.6986685112249e-4,246.652426544458,432.755162629616,899.184,0.708434644977292,NA
556,0.855222531857453,0.705963314329451,291.344,582.688,2015_nk_174,Nush,2015,0.708398858427819,0.844220790306452,-3.202941057413e-4,246.652426544458,432.755162629616,899.184,0.708434644977292,NA
557,0.853718015456269,0.708480399531708,291.868,583.736,2015_nk_174,Nush,2015,0.708369724727069,0.843641274312024,-5.7951599442729e-4,246.652426544458,432.755162629616,899.184,0.708434644977292,NA
558,0.847844779577481,0.708146989449335,292.392,584.784,2015_nk_174,Nush,2015,0.708376618395574,0.843057490595572,-5.8378371645251e-4,246.652426544458,432.755162629616,899.184,0.708434644977292,NA
559,0.842174387473503,0.70886111631705,292.916,585.832,2015_nk_174,Nush,2015,0.708381881815894,0.842447928054392,-6.0956254117972e-4,246.652426544458,432.755162629616,899.184,0.708434644977292,NA
560,0.852941643900802,0.70795347077411,293.44,586.88,2015_nk_174,Nush,2015,0.708379420136051,0.841941154734532,-5.0677331986048e-4,246.652426544458,432.755162629616,899.184,0.708434644977292,NA
561,0.848859456013431,0.708110303481045,293.964,587.928,2015_nk_174,Nush,2015,0.708385754603461,0.841362135121942,-5.7901961258999e-4,246.652426544458,432.755162629616,899.184,0.708434644977292,NA
562,0.8390649329384,0.708297411277965,294.488,588.976,2015_nk_174,Nush,2015,0.708373227283925,0.840813321571272,-5.4881355066949e-4,246.652426544458,432.755162629616,899.184,0.708434644977292,NA
563,0.843221028372889,0.707575263982943,295.012,590.024,2015_nk_174,Nush,2015,0.708368514766169,0.840389825212828,-4.2349635844463e-4,246.652426544458,432.755162629616,899.184,0.708434644977292,NA
564,0.839004275021327,0.707058459892386,295.536,591.072,2015_nk_174,Nush,2015,0.708343039701723,0.839835048384665,-5.5477682816218e-4,246.652426544458,432.755162629616,899.184,0.708434644977292,NA
565,0.834896756498609,0.708925162714236,296.06,592.12,2015_nk_174,Nush,2015,0.708354985910911,0.839355821851863,-4.7922653280196e-4,246.652426544458,432.755162629616,899.184,0.708434644977292,NA
566,0.833225899245456,0.709052319346472,296.584,593.168,2015_nk_174,Nush,2015,0.708343219885937,0.838764210510297,-5.9161134156637e-4,246.652426544458,432.755162629616,899.184,0.708434644977292,NA
567,0.842247917236752,0.708418499690651,297.108,594.216,2015_nk_174,Nush,2015,0.708340397797588,0.838622565928123,-1.4164458217447e-4,246.652426544458,432.755162629616,899.184,0.708434644977292,NA
568,0.843039784674735,0.708426021173241,297.632,595.264,2015_nk_174,Nush,2015,0.708354326498268,0.838518697607304,-1.0386832081898e-4,246.652426544458,432.755162629616,899.184,0.708434644977292,NA
569,0.841788250267858,0.707124795290224,298.156,596.312,2015_nk_174,Nush,2015,0.708354154321361,0.838335626925481,-1.8307068182243e-4,246.652426544458,432.755162629616,899.184,0.708434644977292,NA
570,0.839320061662358,0.708471451221658,298.68,597.36,2015_nk_174,Nush,2015,0.708353899907741,0.837862442094764,-4.7318483071745e-4,246.652426544458,432.755162629616,899.184,0.708434644977292,NA
571,0.843141035277767,0.709584982536951,299.204,598.408,2015_nk_174,Nush,2015,0.708389772569245,0.83720169524707,-6.607468476939e-4,246.652426544458,432.755162629616,899.184,0.708434644977292,NA
572,0.842752609852909,0.707954714453698,299.728,599.456,2015_nk_174,Nush,2015,0.708382244471397,0.836654523321497,-5.4717192557252e-4,246.652426544458,432.755162629616,899.184,0.708434644977292,NA
573,0.839998044671017,0.709620019382365,300.252,600.504,2015_nk_174,Nush,2015,0.708390853728694,0.836048509295265,-6.0601402623261e-4,246.652426544458,432.755162629616,899.184,0.708434644977292,NA
574,0.832703537358576,0.709845044030769,300.776,601.552,2015_nk_174,Nush,2015,0.708404426700577,0.835500754616969,-5.4775467829526e-4,246.652426544458,432.755162629616,899.184,0.708434644977292,NA
575,0.835776861309668,0.70896209102946794,301.3,602.6,2015_nk_174,Nush,2015,0.708404719725841,0.834865615718903,-6.3513889806643e-4,246.652426544458,432.755162629616,899.184,0.708434644977292,NA
576,0.835007118150577,0.708087761720658,301.824,603.648,2015_nk_174,Nush,2015,0.708363950249571,0.834550235832693,-3.1537988621033e-4,246.652426544458,432.755162629616,899.184,0.708434644977292,NA
577,0.833312268612858,0.708595263776926,302.348,604.696,2015_nk_174,Nush,2015,0.708364613132111,0.834186712585755,-3.6352324693744e-4,246.652426544458,432.755162629616,899.184,0.708434644977292,NA
578,0.825409761393209,0.706812349997064,302.872,605.744,2015_nk_174,Nush,2015,0.70834722314896,0.833981874946485,-2.0483763926981e-4,246.652426544458,432.755162629616,899.184,0.708434644977292,NA
579,0.826217920890774,0.708683475445404,303.396,606.792,2015_nk_174,Nush,2015,0.708353937625762,0.833707399429307,-2.7447551717818e-4,246.652426544458,432.755162629616,899.184,0.708434644977292,NA
580,0.833698474914006,0.707119524209293,303.92,607.84,2015_nk_174,Nush,2015,0.708328094461691,0.833819533460125,1.1213403081833e-4,246.652426544458,432.755162629616,899.184,0.708434644977292,NA
581,0.823356676891874,0.706727498627541,304.444,608.888,2015_nk_174,Nush,2015,0.708322316840573,0.83370456053737,-1.1497292275597e-4,246.652426544458,432.755162629616,899.184,0.708434644977292,NA
582,0.835535156490113,0.70787932135245,304.968,609.936,2015_nk_174,Nush,2015,0.708283123684194,0.833853019969448,1.484594320783e-4,246.652426544458,432.755162629616,899.184,0.708434644977292,NA
583,0.822768762372767,0.7076630981597,305.492,610.984,2015_nk_174,Nush,2015,0.708267505645982,0.833964670646556,1.1165067710783e-4,246.652426544458,432.755162629616,899.184,0.708434644977292,NA
584,0.81485264475255,0.707827149179356,306.016,612.032,2015_nk_174,Nush,2015,0.708252801599482,0.833843187628997,-1.2148301755832e-4,246.652426544458,432.755162629616,899.184,0.708434644977292,NA
585,0.818878204803853,0.708587652361392,306.54,613.08,2015_nk_174,Nush,2015,0.708260639372124,0.833744495676579,-9.8691952418517e-5,246.652426544458,432.755162629616,899.184,0.708434644977292,NA
586,0.829677297070256,0.708660322035082,307.064,614.128,2015_nk_174,Nush,2015,0.708299028175782,0.833535325242474,-2.091704341044e-4,246.652426544458,432.755162629616,899.184,0.708434644977292,NA
587,0.820756057651054,0.707604127661614,307.588,615.176,2015_nk_174,Nush,2015,0.70829967844791,0.833571882144359,3.65569018848655e-5,246.652426544458,432.755162629616,899.184,0.708434644977292,NA
588,0.824048419220349,0.708572019480332,308.112,616.224,2015_nk_174,Nush,2015,0.708297873934421,0.833727298298448,1.5541615408909e-4,246.652426544458,432.755162629616,899.184,0.708434644977292,NA
589,0.823329201906711,0.708920287679668,308.636,617.272,2015_nk_174,Nush,2015,0.708305662703282,0.834003562485873,2.7626418742476e-4,246.652426544458,432.755162629616,899.184,0.708434644977292,NA
590,0.824989050708313,0.707945306482054,309.16,618.32,2015_nk_174,Nush,2015,0.708320089793121,0.834033667802946,3.01053170728149e-5,246.652426544458,432.755162629616,899.184,0.708434644977292,NA
591,0.82659920071884,0.709595766743056,309.684,619.368,2015_nk_174,Nush,2015,0.708338548967024,0.834210704797016,1.7703699407045e-4,246.652426544458,432.755162629616,899.184,0.708434644977292,NA
592,0.820158727908943,0.70798118288076,310.208,620.416,2015_nk_174,Nush,2015,0.708350058867172,0.834445447456143,2.3474265912637e-4,246.652426544458,432.755162629616,899.184,0.708434644977292,NA
593,0.821440077126978,0.708599656854435,310.732,621.464,2015_nk_174,Nush,2015,0.708356460860661,0.834801737985322,3.5629052917896e-4,246.652426544458,432.755162629616,899.184,0.708434644977292,NA
594,0.822235999243254,0.707949935539774,311.256,622.512,2015_nk_174,Nush,2015,0.708349029563564,0.835090858874409,2.8912088908761e-4,246.652426544458,432.755162629616,899.184,0.708434644977292,NA
595,0.828061898449156,0.707955280130217,311.78,623.56,2015_nk_174,Nush,2015,0.708359341679227,0.835366791421286,2.7593254687674e-4,246.652426544458,432.755162629616,899.184,0.708434644977292,NA
596,0.825538781033083,0.708519250348257,312.304,624.608,2015_nk_174,Nush,2015,0.708342172210858,0.835861653261595,4.9486184030889e-4,246.652426544458,432.755162629616,899.184,0.708434644977292,NA
597,0.839115483190262,0.708519906362002,312.828,625.656,2015_nk_174,Nush,2015,0.708324806732333,0.835837267745431,-2.4385516163794e-5,246.652426544458,432.755162629616,899.184,0.708434644977292,NA
598,0.840808373155444,0.708002850068707,313.352,626.704,2015_nk_174,Nush,2015,0.708329060688136,0.835927847321249,9.05795758181505e-5,246.652426544458,432.755162629616,899.184,0.708434644977292,NA
599,0.831225224506948,0.708868027219282,313.876,627.752,2015_nk_174,Nush,2015,0.708333379332915,0.836156029884092,2.2818256284273e-4,246.652426544458,432.755162629616,899.184,0.708434644977292,NA
600,0.817651310285309,0.707845987030822,314.4,628.8,2015_nk_174,Nush,2015,0.708348294645892,0.836178358561746,2.23286776540599e-5,246.652426544458,432.755162629616,899.184,0.708434644977292,NA
601,0.819143783069559,0.710072758755207,314.924,629.848,2015_nk_174,Nush,2015,0.708321878949441,0.83593565832806,-2.4270023368588e-4,246.652426544458,432.755162629616,899.184,0.708434644977292,NA
602,0.824733458647566,0.709554738730624,315.448,630.896,2015_nk_174,Nush,2015,0.708304087159405,0.835792410791001,-1.4324753705907e-4,246.652426544458,432.755162629616,899.184,0.708434644977292,NA
603,0.828917940386091,0.708718566146765,315.972,631.944,2015_nk_174,Nush,2015,0.708306033865461,0.835799509311378,7.09852037672487e-6,246.652426544458,432.755162629616,899.184,0.708434644977292,NA
604,0.828792305748855,0.708515169102359,316.496,632.992,2015_nk_174,Nush,2015,0.708260236639338,0.835823852804558,2.43434931798125e-5,246.652426544458,432.755162629616,899.184,0.708434644977292,NA
605,0.82629571102801,0.707477528094679,317.02,634.04,2015_nk_174,Nush,2015,0.708247679371529,0.835395127986906,-4.2872481765143e-4,246.652426544458,432.755162629616,899.184,0.708434644977292,NA
606,0.835393788442365,0.707596963260063,317.544,635.088,2015_nk_174,Nush,2015,0.708279415252943,0.835015612903632,-3.7951508327449e-4,246.652426544458,432.755162629616,899.184,0.708434644977292,NA
607,0.827407707937282,0.709161565288387,318.068,636.136,2015_nk_174,Nush,2015,0.708282053131853,0.834739341997818,-2.7627090581361e-4,246.652426544458,432.755162629616,899.184,0.708434644977292,NA
608,0.834719119273028,0.707600606475291,318.592,637.184,2015_nk_174,Nush,2015,0.708309820296908,0.8345801210433,-1.592209545187e-4,246.652426544458,432.755162629616,899.184,0.708434644977292,NA
609,0.831192965679585,0.708579373142148,319.116,638.232,2015_nk_174,Nush,2015,0.708323575121887,0.834578701678984,-1.41936431574674e-6,246.652426544458,432.755162629616,899.184,0.708434644977292,NA
610,0.846846141243918,0.707619690708201,319.64,639.28,2015_nk_174,Nush,2015,0.708363200293201,0.834484238358443,-9.44633205409717e-5,246.652426544458,432.755162629616,899.184,0.708434644977292,NA
611,0.840982928351242,0.708487065020326,320.164,640.328,2015_nk_174,Nush,2015,0.708388821369008,0.834457236588623,-2.70017698196234e-5,246.652426544458,432.755162629616,899.184,0.708434644977292,NA
612,0.845788432957438,0.707277884883381,320.688,641.376,2015_nk_174,Nush,2015,0.70840197373176,0.834262600922757,-1.946356658663e-4,246.652426544458,432.755162629616,899.184,0.708434644977292,NA
613,0.843391830441412,0.708525447756211,321.212,642.424,2015_nk_174,Nush,2015,0.708413525153182,0.834331042361652,6.84414388949506e-5,246.652426544458,432.755162629616,899.184,0.708434644977292,NA
614,0.834166837198028,0.707986388821064,321.736,643.472,2015_nk_174,Nush,2015,0.708429699582734,0.834515915262484,1.8487290083257e-4,246.652426544458,432.755162629616,899.184,0.708434644977292,NA
615,0.841282890075699,0.708109784891111,322.26,644.52,2015_nk_174,Nush,2015,0.708430425431515,0.834684797855856,1.6888259337155e-4,246.652426544458,432.755162629616,899.184,0.708434644977292,NA
616,0.842672305811187,0.708266642548915,322.784,645.568,2015_nk_174,Nush,2015,0.70842394578166,0.834796211344299,1.1141348844301e-4,246.652426544458,432.755162629616,899.184,0.708434644977292,NA
617,0.855911429569363,0.708519415859404,323.308,646.616,2015_nk_174,Nush,2015,0.708446969482386,0.834885487763607,8.92764193078932e-5,246.652426544458,432.755162629616,899.184,0.708434644977292,NA
618,0.85716974882282,0.70803871863995,323.832,647.664,2015_nk_174,Nush,2015,0.708455904694919,0.834983716797937,9.82290343297665e-5,246.652426544458,432.755162629616,899.184,0.708434644977292,NA
619,0.858750238718987,0.709328442448751,324.356,648.712,2015_nk_174,Nush,2015,0.708443751908627,0.835045887142843,6.21703449060762e-5,246.652426544458,432.755162629616,899.184,0.708434644977292,NA
620,0.854747962925177,0.708819096164433,324.88,649.76,2015_nk_174,Nush,2015,0.708457722921606,0.835205941252312,1.6005410946951e-4,246.652426544458,432.755162629616,899.184,0.708434644977292,NA
621,0.85948167565766,0.709217853915244,325.404,650.808,2015_nk_174,Nush,2015,0.708433288671647,0.83516299243381,-4.29488185025306e-5,246.652426544458,432.755162629616,899.184,0.708434644977292,NA
622,0.853149492485986,0.708988005286805,325.928,651.856,2015_nk_174,Nush,2015,0.708420829478677,0.835269858524965,1.0686609115506e-4,246.652426544458,432.755162629616,899.184,0.708434644977292,NA
623,0.864598460123622,0.707959383592305,326.452,652.904,2015_nk_174,Nush,2015,0.708407261227363,0.83525543873791,-1.44197870550755e-5,246.652426544458,432.755162629616,899.184,0.708434644977292,NA
624,0.856351528366582,0.706612582066569,326.976,653.952,2015_nk_174,Nush,2015,0.708404959804677,0.835452896115083,1.9745737717347e-4,246.652426544458,432.755162629616,899.184,0.708434644977292,NA
625,0.851452709311215,0.709543889654029,327.5,655,2015_nk_174,Nush,2015,0.708427404489495,0.835546043467662,9.31473525791482e-5,246.652426544458,432.755162629616,899.184,0.708434644977292,NA
626,0.862917609663988,0.708022151244348,328.024,656.048,2015_nk_174,Nush,2015,0.708383187539528,0.835711336992884,1.6529352522165e-4,246.652426544458,432.755162629616,899.184,0.708434644977292,NA
627,0.84078478626693,0.707376570979132,328.548,657.096,2015_nk_174,Nush,2015,0.708369634648847,0.835602105435617,-1.092315572666e-4,246.652426544458,432.755162629616,899.184,0.708434644977292,NA
628,0.848474559223819,0.708681258521393,329.072,658.144,2015_nk_174,Nush,2015,0.708347763791773,0.835527372295869,-7.4733139748373e-5,246.652426544458,432.755162629616,899.184,0.708434644977292,NA
629,0.855479204038418,0.707383913976998,329.596,659.192,2015_nk_174,Nush,2015,0.708340237306572,0.835486381377155,-4.09909187135682e-5,246.652426544458,432.755162629616,899.184,0.708434644977292,NA
630,0.840659782321605,0.709366370000263,330.12,660.24,2015_nk_174,Nush,2015,0.708351300853341,0.835771775621261,2.8539424410556e-4,246.652426544458,432.755162629616,899.184,0.708434644977292,NA
631,0.828579021256613,0.708000040749868,330.644,661.288,2015_nk_174,Nush,2015,0.708323889626005,0.83619959884076,4.2782321949874e-4,246.652426544458,432.755162629616,899.184,0.708434644977292,NA
632,0.834157757629367,0.706887207051532,331.168,662.336,2015_nk_174,Nush,2015,0.708292846736313,0.836301859099855,1.0226025909487e-4,246.652426544458,432.755162629616,899.184,0.708434644977292,NA
633,0.840423955893613,0.709736821745737,331.692,663.384,2015_nk_174,Nush,2015,0.708303918916003,0.836522614379321,2.2075527946641e-4,246.652426544458,432.755162629616,899.184,0.708434644977292,NA
634,0.834164146949373,0.707097210463413,332.216,664.432,2015_nk_174,Nush,2015,0.708293960475096,0.836463524482355,-5.90898969657916e-5,246.652426544458,432.755162629616,899.184,0.708434644977292,NA
635,0.810053372250576,0.70820865496093,332.74,665.48,2015_nk_174,Nush,2015,0.708306032524333,0.836585923405521,1.2239892316579e-4,246.652426544458,432.755162629616,899.184,0.708434644977292,NA
636,0.812236213154108,0.709991914605461,333.264,666.528,2015_nk_174,Nush,2015,0.708316988700247,0.83637279915839,-2.1312424713115e-4,246.652426544458,432.755162629616,899.184,0.708434644977292,NA
637,0.816736014264045,0.708753536511537,333.788,667.576,2015_nk_174,Nush,2015,0.70831507445717,0.836689333815718,3.1653465732828e-4,246.652426544458,432.755162629616,899.184,0.708434644977292,NA
638,0.81585650412209,0.708478379900379,334.312,668.624,2015_nk_174,Nush,2015,0.708339375781991,0.836828765311992,1.3943149627426e-4,246.652426544458,432.755162629616,899.184,0.708434644977292,NA
639,0.826132759031829,0.709508764944136,334.836,669.672,2015_nk_174,Nush,2015,0.708337160687012,0.8370197277544,1.9096244240746e-4,246.652426544458,432.755162629616,899.184,0.708434644977292,NA
640,0.82803067568155,0.709497034488132,335.36,670.72,2015_nk_174,Nush,2015,0.70833040865561,0.836641235186766,-3.78492567634e-4,246.652426544458,432.755162629616,899.184,0.708434644977292,NA
641,0.821736570702693,0.70826476317595,335.884,671.768,2015_nk_174,Nush,2015,0.7083423834276,0.836305097479204,-3.3613770756157e-4,246.652426544458,432.755162629616,899.184,0.708434644977292,NA
642,0.823857016538131,0.708668463117594,336.408,672.816,2015_nk_174,Nush,2015,0.708351777815946,0.836065138574127,-2.3995890507688e-4,246.652426544458,432.755162629616,899.184,0.708434644977292,NA
643,0.826875248706466,0.708356183445017,336.932,673.864,2015_nk_174,Nush,2015,0.708349222249045,0.835705160274279,-3.5997829984879e-4,246.652426544458,432.755162629616,899.184,0.708434644977292,NA
644,0.825945018802512,0.708797614952487,337.456,674.912,2015_nk_174,Nush,2015,0.708357097032627,0.835570560496974,-1.3459977730434e-4,246.652426544458,432.755162629616,899.184,0.708434644977292,NA
645,0.829011160406146,0.708631203288256,337.98,675.96,2015_nk_174,Nush,2015,0.708358359992,0.835267044016902,-3.0351648007176e-4,246.652426544458,432.755162629616,899.184,0.708434644977292,NA
646,0.836362106376834,0.708271543043739,338.504,677.008,2015_nk_174,Nush,2015,0.70838228791799,0.835049951452179,-2.1709256472379e-4,246.652426544458,432.755162629616,899.184,0.708434644977292,NA
647,0.826112642809525,0.708985549705194,339.028,678.056,2015_nk_174,Nush,2015,0.708385673531319,0.834649259020746,-4.0069243143292e-4,246.652426544458,432.755162629616,899.184,0.708434644977292,NA
648,0.82994216128014,0.709108132232284,339.552,679.104,2015_nk_174,Nush,2015,0.70837265715756,0.83435437094881,-2.9488807193589e-4,246.652426544458,432.755162629616,899.184,0.708434644977292,NA
649,0.827059422601073,0.708191120502166,340.076,680.152,2015_nk_174,Nush,2015,0.70835070770752,0.833957979319091,-3.9639162971882e-4,246.652426544458,432.755162629616,899.184,0.708434644977292,NA
650,0.834592297276485,0.708783567260796,340.6,681.2,2015_nk_174,Nush,2015,0.708346883125442,0.833768102819251,-1.8987649983981e-4,246.652426544458,432.755162629616,899.184,0.708434644977292,NA
651,0.824022271608684,0.708129711745531,341.124,682.248,2015_nk_174,Nush,2015,0.708321364466395,0.833359599084147,-4.0850373510392e-4,246.652426544458,432.755162629616,899.184,0.708434644977292,NA
652,0.826570693378246,0.707233631302569,341.648,683.296,2015_nk_174,Nush,2015,0.708293524264892,0.833152139181385,-2.0745990276205e-4,246.652426544458,432.755162629616,899.184,0.708434644977292,NA
653,0.820574889903674,0.707785561775555,342.172,684.344,2015_nk_174,Nush,2015,0.708297886039849,0.832606181044391,-5.4595813699442e-4,246.652426544458,432.755162629616,899.184,0.708434644977292,NA
654,0.834083441873663,0.707811850178627,342.696,685.392,2015_nk_174,Nush,2015,0.708327377296462,0.832542546947497,-6.36340968934723e-5,246.652426544458,432.755162629616,899.184,0.708434644977292,NA
655,0.833650739603904,0.709301961219293,343.22,686.44,2015_nk_174,Nush,2015,0.708313114198173,0.832466311529755,-7.62354177427094e-5,246.652426544458,432.755162629616,899.184,0.708434644977292,NA
656,0.835456392546384,0.705866233350222,343.744,687.488,2015_nk_174,Nush,2015,0.708308845594504,0.832122097742018,-3.4421378773685e-4,246.652426544458,432.755162629616,899.184,0.708434644977292,NA
657,0.83256158975426,0.707706732921151,344.268,688.536,2015_nk_174,Nush,2015,0.708334201931697,0.832137422837805,1.53250957872775e-5,246.652426544458,432.755162629616,899.184,0.708434644977292,NA
658,0.836324384770536,0.706690598644309,344.792,689.584,2015_nk_174,Nush,2015,0.708328380334352,0.831878310982478,-2.5911185532656e-4,246.652426544458,432.755162629616,899.184,0.708434644977292,NA
659,0.828765769384136,0.708416438107171,345.316,690.632,2015_nk_174,Nush,2015,0.708348284063064,0.831544743313151,-3.3356766932746e-4,246.652426544458,432.755162629616,899.184,0.708434644977292,NA
660,0.834774964931642,0.70850979983697,345.84,691.68,2015_nk_174,Nush,2015,0.70832736100591,0.831641249042617,9.65057294659566e-5,246.652426544458,432.755162629616,899.184,0.708434644977292,NA
661,0.84481317623949,0.708428085115051,346.364,692.728,2015_nk_174,Nush,2015,0.70830998260565,0.83181966530636,1.7841626374348e-4,246.652426544458,432.755162629616,899.184,0.708434644977292,NA
662,0.830869074193253,0.707692165349141,346.888,693.776,2015_nk_174,Nush,2015,0.708359654085582,0.831617175273335,-2.0249003302585e-4,246.652426544458,432.755162629616,899.184,0.708434644977292,NA
663,0.842163257154078,0.709382896928111,347.412,694.824,2015_nk_174,Nush,2015,0.708338371571604,0.831417901368225,-1.9927390510943e-4,246.652426544458,432.755162629616,899.184,0.708434644977292,NA
664,0.82524691193091,0.707917662647937,347.936,695.872,2015_nk_174,Nush,2015,0.708337730490147,0.831341604500973,-7.62968672519682e-5,246.652426544458,432.755162629616,899.184,0.708434644977292,NA
665,0.833639646417954,0.708201851048937,348.46,696.92,2015_nk_174,Nush,2015,0.708347004579375,0.831625044265041,2.8343976406741e-4,246.652426544458,432.755162629616,899.184,0.708434644977292,NA
666,0.822606333614492,0.708254333814858,348.984,697.968,2015_nk_174,Nush,2015,0.70830892037869,0.831878590453337,2.5354618829664e-4,246.652426544458,432.755162629616,899.184,0.708434644977292,NA
667,0.846399787376977,0.70904671070381,349.508,699.016,2015_nk_174,Nush,2015,0.70829431742737,0.832252828563592,3.7423811025472e-4,246.652426544458,432.755162629616,899.184,0.708434644977292,NA
668,0.843085009049484,0.709058685964566,350.032,700.064,2015_nk_174,Nush,2015,0.708325962995066,0.832745385673406,4.9255710981444e-4,246.652426544458,432.755162629616,899.184,0.708434644977292,NA
669,0.84265071222403,0.708446467443385,350.556,701.112,2015_nk_174,Nush,2015,0.708299453036944,0.832979823704771,2.3443803136424e-4,246.652426544458,432.755162629616,899.184,0.708434644977292,NA
670,0.824136587185877,0.707214568824046,351.08,702.16,2015_nk_174,Nush,2015,0.708273593556391,0.833113786498929,1.3396279415844e-4,246.652426544458,432.755162629616,899.184,0.708434644977292,NA
671,0.82081466589755,0.709205551339764,351.604,703.208,2015_nk_174,Nush,2015,0.708272216198527,0.833368737572407,2.5495107347772e-4,246.652426544458,432.755162629616,899.184,0.708434644977292,NA
672,0.831390898652823,0.707841548184129,352.128,704.256,2015_nk_174,Nush,2015,0.708276970836033,0.833864219597212,4.9548202480509e-4,246.652426544458,432.755162629616,899.184,0.708434644977292,NA
673,0.821793132450487,0.708372113742163,352.652,705.304,2015_nk_174,Nush,2015,0.708291342662536,0.834177441407918,3.1322181070625e-4,246.652426544458,432.755162629616,899.184,0.708434644977292,NA
674,0.82609085055976506,0.708458875835996,353.176,706.352,2015_nk_174,Nush,2015,0.70827612423037,0.834576647870016,3.9920646209767e-4,246.652426544458,432.755162629616,899.184,0.708434644977292,NA
675,0.823071901271394,0.708185562453477,353.7,707.4,2015_nk_174,Nush,2015,0.708299057351334,0.835041409253223,4.6476138320739e-4,246.652426544458,432.755162629616,899.184,0.708434644977292,NA
676,0.829646751927759,0.709702318108291,354.224,708.448,2015_nk_174,Nush,2015,0.708285202193104,0.83542690498034,3.8549572711665e-4,246.652426544458,432.755162629616,899.184,0.708434644977292,NA
677,0.83186988368339,0.708722552659183,354.748,709.496,2015_nk_174,Nush,2015,0.708263573458318,0.836094607812228,6.6770283188855e-4,246.652426544458,432.755162629616,899.184,0.708434644977292,NA
678,0.839476464506663,0.707257736214416,355.272,710.544,2015_nk_174,Nush,2015,0.70824991030469,0.836880691875823,7.8608406359437e-4,246.652426544458,432.755162629616,899.184,0.708434644977292,NA
679,0.834966740935862,0.708011475446337,355.796,711.592,2015_nk_174,Nush,2015,0.708271760137533,0.837842643162826,9.619512870036e-4,246.652426544458,432.755162629616,899.184,0.708434644977292,NA
680,0.843355372934789,0.708589621239732,356.32,712.64,2015_nk_174,Nush,2015,0.708278677913213,0.838684029757924,8.413865950978e-4,246.652426544458,432.755162629616,899.184,0.708434644977292,NA
681,0.834971451551421,0.707686734372457,356.844,713.688,2015_nk_174,Nush,2015,0.708290250579174,0.839967725034439,0.00128369527651473,246.652426544458,432.755162629616,899.184,0.708434644977292,NA
682,0.840701898320266,0.707317593196582,357.368,714.736,2015_nk_174,Nush,2015,0.708309350068488,0.841029616200057,0.0010618911656185,246.652426544458,432.755162629616,899.184,0.708434644977292,NA
683,0.831840971903956,0.708221090089743,357.892,715.784,2015_nk_174,Nush,2015,0.708334608178246,0.842342923871712,0.0013133076716545,246.652426544458,432.755162629616,899.184,0.708434644977292,NA
684,0.85253348255297,0.708382057463379,358.416,716.832,2015_nk_174,Nush,2015,0.708349235022824,0.843337611526297,9.9468765458532e-4,246.652426544458,432.755162629616,899.184,0.708434644977292,NA
685,0.846878584246648,0.708688103756665,358.94,717.88,2015_nk_174,Nush,2015,0.708334087571211,0.844679745779256,0.00134213425295837,246.652426544458,432.755162629616,899.184,0.708434644977292,NA
686,0.842264782399779,0.707766035024206,359.464,718.928,2015_nk_174,Nush,2015,0.708386928676943,0.846019618631212,0.00133987285195647,246.652426544458,432.755162629616,899.184,0.708434644977292,NA
687,0.841704292014161,0.708897951210716,359.988,719.976,2015_nk_174,Nush,2015,0.708399915602355,0.847892627107225,0.00187300847601279,246.652426544458,432.755162629616,899.184,0.708434644977292,NA
688,0.832927847904228,0.70833196268071,360.512,721.024,2015_nk_174,Nush,2015,0.708432434329655,0.84942939608916,0.00153676898193511,246.652426544458,432.755162629616,899.184,0.708434644977292,NA
689,0.835465143878773,0.708578137699714,361.036,722.072,2015_nk_174,Nush,2015,0.708426685418333,0.851418719064629,0.00198932297546883,246.652426544458,432.755162629616,899.184,0.708434644977292,NA
690,0.846450126089561,0.708110986571044,361.56,723.12,2015_nk_174,Nush,2015,0.708418636549519,0.853686565026146,0.00226784596151752,246.652426544458,432.755162629616,899.184,0.708434644977292,NA
691,0.839283997081222,0.706957336734217,362.084,724.168,2015_nk_174,Nush,2015,0.708409114338157,0.855920806881999,0.00223424185585253,246.652426544458,432.755162629616,899.184,0.708434644977292,NA
692,0.822008355647811,0.709867495847453,362.608,725.216,2015_nk_174,Nush,2015,0.708420393723037,0.858565496291824,0.00264468940982487,246.652426544458,432.755162629616,899.184,0.708434644977292,NA
693,0.828467521587053,0.7084598709071,363.132,726.264,2015_nk_174,Nush,2015,0.708416573007365,0.860801070994462,0.00223557470263835,246.652426544458,432.755162629616,899.184,0.708434644977292,NA
694,0.829586334914252,0.707058745576003,363.656,727.312,2015_nk_174,Nush,2015,0.708436912599648,0.863822563263695,0.00302149226923321,246.652426544458,432.755162629616,899.184,0.708434644977292,NA
695,0.827059758094628,0.70876510031459,364.18,728.36,2015_nk_174,Nush,2015,0.708432067651194,0.86694375726804,0.00312119400434463,246.652426544458,432.755162629616,899.184,0.708434644977292,NA
696,0.827448984451902,0.707706862564323,364.704,729.408,2015_nk_174,Nush,2015,0.708436557900601,0.870359187059983,0.00341542979194309,246.652426544458,432.755162629616,899.184,0.708434644977292,NA
697,0.839190300879334,0.707877359432372,365.228,730.456,2015_nk_174,Nush,2015,0.70843998980134,0.873676712064143,0.00331752500415994,246.652426544458,432.755162629616,899.184,0.708434644977292,NA
698,0.845409930710955,0.710377113962148,365.752,731.504,2015_nk_174,Nush,2015,0.708435572137418,0.877205866565606,0.00352915450146274,246.652426544458,432.755162629616,899.184,0.708434644977292,NA
699,0.840199040913692,0.707918167456801,366.276,732.552,2015_nk_174,Nush,2015,0.708439321137047,0.880782088268374,0.00357622170276817,246.652426544458,432.755162629616,899.184,0.708434644977292,NA
700,0.836068443331053,0.707945465654963,366.8,733.6,2015_nk_174,Nush,2015,0.708456063710116,0.884604307036527,0.00382221876815358,246.652426544458,432.755162629616,899.184,0.708434644977292,NA
701,0.837033635111356,0.708182121704103,367.324,734.648,2015_nk_174,Nush,2015,0.708445945895564,0.888976658773361,0.0043723517368337,246.652426544458,432.755162629616,899.184,0.708434644977292,NA
702,0.853585938026437,0.708953741367954,367.848,735.696,2015_nk_174,Nush,2015,0.70847167039423,0.893213947698719,0.00423728892535769,246.652426544458,432.755162629616,899.184,0.708434644977292,NA
703,0.845668557348839,0.709218493035185,368.372,736.744,2015_nk_174,Nush,2015,0.7084784224307,0.897642721591025,0.00442877389230623,246.652426544458,432.755162629616,899.184,0.708434644977292,NA
704,0.849897406528378,0.70788450902251,368.896,737.792,2015_nk_174,Nush,2015,0.708455148121533,0.902317743417375,0.00467502182635027,246.652426544458,432.755162629616,899.184,0.708434644977292,NA
705,0.85689684339859,0.710007190546104,369.42,738.84,2015_nk_174,Nush,2015,0.70845523410554,0.907226133921944,0.00490839050456837,246.652426544458,432.755162629616,899.184,0.708434644977292,NA
706,0.85949185000384,0.707440233549943,369.944,739.888,2015_nk_174,Nush,2015,0.708443012268785,0.912182376949871,0.00495624302792697,246.652426544458,432.755162629616,899.184,0.708434644977292,NA
707,0.866174812722835,0.707687825618061,370.468,740.936,2015_nk_174,Nush,2015,0.708461511975077,0.917364647773615,0.00518227082374467,246.652426544458,432.755162629616,899.184,0.708434644977292,NA
708,0.877107205095801,0.708288343014595,370.992,741.984,2015_nk_174,Nush,2015,0.708480928342396,0.92258086360108,0.00521621582746468,246.652426544458,432.755162629616,899.184,0.708434644977292,NA
709,0.88477649982129,0.709502110472756,371.516,743.032,2015_nk_174,Nush,2015,0.708491987510599,0.928533055373531,0.00595219177245065,246.652426544458,432.755162629616,899.184,0.708434644977292,NA
710,0.885075492982351,0.709198633801588,372.04,744.08,2015_nk_174,Nush,2015,0.708495053496865,0.934542647356038,0.00600959198250695,246.652426544458,432.755162629616,899.184,0.708434644977292,NA
711,0.901043988199568,0.70882407170319806,372.564,745.128,2015_nk_174,Nush,2015,0.708509624568885,0.940555767412613,0.00601312005657517,246.652426544458,432.755162629616,899.184,0.708434644977292,NA
712,0.890284163315362,0.708379600661372,373.088,746.176,2015_nk_174,Nush,2015,0.708537258764304,0.946582420116192,0.00602665270357916,246.652426544458,432.755162629616,899.184,0.708434644977292,NA
713,0.899373350202944,0.709301048361036,373.612,747.224,2015_nk_174,Nush,2015,0.708540943610995,0.953633861110778,0.00705144099458554,246.652426544458,432.755162629616,899.184,0.708434644977292,NA
714,0.893764701148782,0.708689460853356,374.136,748.272,2015_nk_174,Nush,2015,0.708533722727711,0.960081736737272,0.00644787562649451,246.652426544458,432.755162629616,899.184,0.708434644977292,NA
715,0.914178794781408,0.70839311412246,374.66,749.32,2015_nk_174,Nush,2015,0.708533294131579,0.96684586745218,0.00676413071490767,246.652426544458,432.755162629616,899.184,0.708434644977292,NA
716,0.915848763663777,0.70903669969419,375.184,750.368,2015_nk_174,Nush,2015,0.708559612046112,0.973619116048509,0.00677324859632911,246.652426544458,432.755162629616,899.184,0.708434644977292,NA
717,0.944942098315025,0.708485948445862,375.708,751.416,2015_nk_174,Nush,2015,0.708557216313294,0.980473456711831,0.00685434066332236,246.652426544458,432.755162629616,899.184,0.708434644977292,NA
718,0.928530523686642,0.708641722282307,376.232,752.464,2015_nk_174,Nush,2015,0.708557167104195,0.987518985698835,0.00704552898700372,246.652426544458,432.755162629616,899.184,0.708434644977292,NA
719,0.948125147912264,0.70807150342785,376.756,753.512,2015_nk_174,Nush,2015,0.708562719115687,0.99463109688636,0.00711211118752553,246.652426544458,432.755162629616,899.184,0.708434644977292,NA
720,0.970845722622697,0.708026867708089,377.28,754.56,2015_nk_174,Nush,2015,0.708566758214472,1.00223255342634,0.00760145653998079,246.652426544458,432.755162629616,899.184,0.708434644977292,NA
721,0.97886768759064,0.707856752433384,377.804,755.608,2015_nk_174,Nush,2015,0.70860005189634,1.01010790018319,0.0078753467568502,246.652426544458,432.755162629616,899.184,0.708434644977292,NA
722,0.989550438782743,0.708368928441895,378.328,756.656,2015_nk_174,Nush,2015,0.708580594187296,1.01881455828248,0.00870665809929183,246.652426544458,432.755162629616,899.184,0.708434644977292,NA
723,0.97629773931238,0.709153653987792,378.852,757.704,2015_nk_174,Nush,2015,0.708568894729832,1.02799557061366,0.00918101233117841,246.652426544458,432.755162629616,899.184,0.708434644977292,NA
724,1.0065364480849,0.70913803818497,379.376,758.752,2015_nk_174,Nush,2015,0.708596350336505,1.03736576007076,0.00937018945710011,246.652426544458,432.755162629616,899.184,0.708434644977292,NA
725,1.02091128667864,0.707911154141666,379.9,759.8,2015_nk_174,Nush,2015,0.708592505176956,1.04705110453129,0.00968534446052383,246.652426544458,432.755162629616,899.184,0.708434644977292,NA
726,1.02753212113108,0.708523748779292,380.424,760.848,2015_nk_174,Nush,2015,0.708609188460933,1.05701861840133,0.0099675138700428,246.652426544458,432.755162629616,899.184,0.708434644977292,NA
727,1.04545128762657,0.709252624748134,380.948,761.896,2015_nk_174,Nush,2015,0.708635222126636,1.06698999100463,0.00997137260330105,246.652426544458,432.755162629616,899.184,0.708434644977292,NA
728,1.05483427913725,0.708793626129283,381.472,762.944,2015_nk_174,Nush,2015,0.708610310462326,1.07723080293941,0.0102408119347808,246.652426544458,432.755162629616,899.184,0.708434644977292,NA
729,1.05722401439012,0.708671407421121,381.996,763.992,2015_nk_174,Nush,2015,0.708622400337346,1.08768011051349,0.0104493075740806,246.652426544458,432.755162629616,899.184,0.708434644977292,NA
730,1.05346971327509,0.708219123208146,382.52,765.04,2015_nk_174,Nush,2015,0.708629805188076,1.09848868832578,0.0108085778122906,246.652426544458,432.755162629616,899.184,0.708434644977292,NA
731,1.08315577010757,0.708598482466624,383.044,766.088,2015_nk_174,Nush,2015,0.708647611540594,1.10996635879802,0.0114776704722355,246.652426544458,432.755162629616,899.184,0.708434644977292,NA
732,1.08562823417428,0.709385018104094,383.568,767.136,2015_nk_174,Nush,2015,0.708637275087266,1.12163848901236,0.011672130214345,246.652426544458,432.755162629616,899.184,0.708434644977292,NA
733,1.08751956598886,0.70877723593037,384.092,768.184,2015_nk_174,Nush,2015,0.708623170140047,1.1336311516525,0.0119926626401334,246.652426544458,432.755162629616,899.184,0.708434644977292,NA
734,1.10659216014078,0.707062417286004,384.616,769.232,2015_nk_174,Nush,2015,0.708644280885746,1.14554080661816,0.0119096549656665,246.652426544458,432.755162629616,899.184,0.708434644977292,NA
735,1.1175753315455,0.708190721493873,385.14,770.28,2015_nk_174,Nush,2015,0.708622299905149,1.15760262130554,0.0120618146873737,246.652426544458,432.755162629616,899.184,0.708434644977292,NA
736,1.12702133360338,0.708969007902989,385.664,771.328,2015_nk_174,Nush,2015,0.708645157510097,1.17034278707526,0.0127401657697215,246.652426544458,432.755162629616,899.184,0.708434644977292,NA
737,1.14280613310807,0.709832535036727,386.188,772.376,2015_nk_174,Nush,2015,0.708672428424737,1.18286520888057,0.012522421805309,246.652426544458,432.755162629616,899.184,0.708434644977292,NA
738,1.15244941415454,0.70842271825354,386.712,773.424,2015_nk_174,Nush,2015,0.708695512241633,1.19539661378,0.0125314048994289,246.652426544458,432.755162629616,899.184,0.708434644977292,NA
739,1.1920982472829,0.708675025538531,387.236,774.472,2015_nk_174,Nush,2015,0.708687220122954,1.20833419282081,0.0129375790408144,246.652426544458,432.755162629616,899.184,0.708434644977292,NA
740,1.20393089188521,0.708773580415713,387.76,775.52,2015_nk_174,Nush,2015,0.708688930448231,1.22184570407319,0.0135115112523763,246.652426544458,432.755162629616,899.184,0.708434644977292,NA
741,1.19575865494593,0.708560998693654,388.284,776.568,2015_nk_174,Nush,2015,0.7086893397243,1.23505016379496,0.0132044597217695,246.652426544458,432.755162629616,899.184,0.708434644977292,NA
742,1.20230106053502,0.708975644921675,388.808,777.616,2015_nk_174,Nush,2015,0.708689182215064,1.24878631381653,0.0137361500215754,246.652426544458,432.755162629616,899.184,0.708434644977292,NA
743,1.25492743157909,0.708442180891217,389.332,778.664,2015_nk_174,Nush,2015,0.708674525516772,1.26271028062633,0.013923966809795,246.652426544458,432.755162629616,899.184,0.708434644977292,NA
744,1.23940602014264,0.70794880446637,389.856,779.712,2015_nk_174,Nush,2015,0.70866543487954,1.27710606450698,0.0143957838806581,246.652426544458,432.755162629616,899.184,0.708434644977292,NA
745,1.25272642714111,0.708662387988705,390.38,780.76,2015_nk_174,Nush,2015,0.708678083767311,1.29146397314749,0.014357908640503,246.652426544458,432.755162629616,899.184,0.708434644977292,NA
746,1.24865969817953,0.709345109896181,390.904,781.808,2015_nk_174,Nush,2015,0.708667315856734,1.30610452682415,0.0146405536766614,246.652426544458,432.755162629616,899.184,0.708434644977292,NA
747,1.2529647318135,0.70875420724166,391.428,782.856,2015_nk_174,Nush,2015,0.708663873104447,1.32035636518155,0.0142518383574062,246.652426544458,432.755162629616,899.184,0.708434644977292,NA
748,1.25565958712445,0.708329010134758,391.952,783.904,2015_nk_174,Nush,2015,0.708660067162967,1.33525435308398,0.0148979879024247,246.652426544458,432.755162629616,899.184,0.708434644977292,NA
749,1.2621918151303,0.708911258389266,392.476,784.952,2015_nk_174,Nush,2015,0.70867473293243,1.34974418557442,0.0144898324904372,246.652426544458,432.755162629616,899.184,0.708434644977292,NA
750,1.30253751848841,0.708353332498124,393,786,2015_nk_174,Nush,2015,0.708701209882916,1.36452076937341,0.0147765837989917,246.652426544458,432.755162629616,899.184,0.708434644977292,NA
751,1.31180480249223,0.70895495764632,393.524,787.048,2015_nk_174,Nush,2015,0.708721796870902,1.37985921431236,0.0153384449389546,246.652426544458,432.755162629616,899.184,0.708434644977292,NA
752,1.34440784160532,0.708700033304774,394.048,788.096,2015_nk_174,Nush,2015,0.708738176191726,1.39547463949659,0.0156154251842227,246.652426544458,432.755162629616,899.184,0.708434644977292,NA
753,1.37932826145776,0.707757903459302,394.572,789.144,2015_nk_174,Nush,2015,0.708736768426971,1.41202267425176,0.0165480347551776,246.652426544458,432.755162629616,899.184,0.708434644977292,NA
754,1.39179770234026,0.708706081976382,395.096,790.192,2015_nk_174,Nush,2015,0.708723116667225,1.42781137749353,0.0157887032417694,246.652426544458,432.755162629616,899.184,0.708434644977292,NA
755,1.40818042572606,0.708534390741627,395.62,791.24,2015_nk_174,Nush,2015,0.708731345616286,1.44369734080769,0.0158859633141559,246.652426544458,432.755162629616,899.184,0.708434644977292,NA
756,1.42549981665446,0.708707859602975,396.144,792.288,2015_nk_174,Nush,2015,0.708731951377617,1.45964682876586,0.0159494879581681,246.652426544458,432.755162629616,899.184,0.708434644977292,NA
757,1.43747265707741,0.709439379374521,396.668,793.336,2015_nk_174,Nush,2015,0.70871995231574,1.47599774305522,0.016350914289367,246.652426544458,432.755162629616,899.184,0.708434644977292,NA
758,1.45985864679779,0.708882414103525,397.192,794.384,2015_nk_174,Nush,2015,0.708728009468206,1.49222770878288,0.0162299657276559,246.652426544458,432.755162629616,899.184,0.708434644977292,NA
759,1.46715749535852,0.708643559958026,397.716,795.432,2015_nk_174,Nush,2015,0.708733132890236,1.50915015797695,0.0169224491940696,246.652426544458,432.755162629616,899.184,0.708434644977292,NA
760,1.4845831120685,0.708389756698756,398.24,796.48,2015_nk_174,Nush,2015,0.708743191408008,1.52636684490366,0.0172166869267083,246.652426544458,432.755162629616,899.184,0.708434644977292,NA
761,1.52569386344548,0.709250502855213,398.764,797.528,2015_nk_174,Nush,2015,0.708740200143971,1.5426020322704,0.0162351873667399,246.652426544458,432.755162629616,899.184,0.708434644977292,NA
762,1.55391375088713,0.70833355416824,399.288,798.576,2015_nk_174,Nush,2015,0.708726981472172,1.55917742385193,0.0165753915815372,246.652426544458,432.755162629616,899.184,0.708434644977292,NA
763,1.56522831575685,0.708372196202078,399.812,799.624,2015_nk_174,Nush,2015,0.708734999749582,1.57621230695145,0.0170348830995182,246.652426544458,432.755162629616,899.184,0.708434644977292,NA
764,1.56447670446837,0.70915115376442,400.336,800.672,2015_nk_174,Nush,2015,0.708757683330603,1.59346109851228,0.0172487915608324,246.652426544458,432.755162629616,899.184,0.708434644977292,NA
765,1.580605724641,0.708688331710289,400.86,801.72,2015_nk_174,Nush,2015,0.708762350895484,1.61027321236285,0.0168121138505672,246.652426544458,432.755162629616,899.184,0.708434644977292,NA
766,1.62390179618713,0.708811689846864,401.384,802.768,2015_nk_174,Nush,2015,0.708776438805061,1.62777856953213,0.0175053571692831,246.652426544458,432.755162629616,899.184,0.708434644977292,NA
767,1.61752012104137,0.709324080496432,401.908,803.816,2015_nk_174,Nush,2015,0.708771889891349,1.64534815214837,0.0175695826162372,246.652426544458,432.755162629616,899.184,0.708434644977292,NA
768,1.62899149906155,0.709673372028331,402.432,804.864,2015_nk_174,Nush,2015,0.708774100697379,1.66333233042597,0.0179841782775998,246.652426544458,432.755162629616,899.184,0.708434644977292,NA
769,1.66103124227015,0.70900458335202,402.956,805.912,2015_nk_174,Nush,2015,0.70877307701767,1.68078824600856,0.0174559155825849,246.652426544458,432.755162629616,899.184,0.708434644977292,NA
770,1.69576616812493,0.709301253318258,403.48,806.96,2015_nk_174,Nush,2015,0.708767681901565,1.6984447880947,0.0176565420861445,246.652426544458,432.755162629616,899.184,0.708434644977292,NA
771,1.69331157150574,0.708848628267343,404.004,808.008,2015_nk_174,Nush,2015,0.708783012370116,1.71644847931584,0.0180036912211394,246.652426544458,432.755162629616,899.184,0.708434644977292,NA
772,1.71445316460989,0.708370150107161,404.528,809.056,2015_nk_174,Nush,2015,0.708791683987562,1.73471280476051,0.0182643254446686,246.652426544458,432.755162629616,899.184,0.708434644977292,NA
773,1.73481135879065,0.708421646463534,405.052,810.104,2015_nk_174,Nush,2015,0.708798543583509,1.75203730632648,0.0173245015659742,246.652426544458,432.755162629616,899.184,0.708434644977292,NA
774,1.75751173398826,0.70814402261944,405.576,811.152,2015_nk_174,Nush,2015,0.708822435285359,1.77013809973612,0.0181007934096333,246.652426544458,432.755162629616,899.184,0.708434644977292,NA
775,1.77565331321159,0.709152047388692,406.1,812.2,2015_nk_174,Nush,2015,0.708836656999095,1.78806627587813,0.0179281761420169,246.652426544458,432.755162629616,899.184,0.708434644977292,NA
776,1.79428198426347,0.708390625059603,406.624,813.248,2015_nk_174,Nush,2015,0.708844050864524,1.8066006354724,0.0185343595942709,246.652426544458,432.755162629616,899.184,0.708434644977292,NA
777,1.8000523997594,0.708279383308625,407.148,814.296,2015_nk_174,Nush,2015,0.708852828978467,1.82531061363491,0.0187099781625093,246.652426544458,432.755162629616,899.184,0.708434644977292,NA
778,1.82240979783212,0.708413365793525,407.672,815.344,2015_nk_174,Nush,2015,0.708864551113129,1.84364038306114,0.0183297694262261,246.652426544458,432.755162629616,899.184,0.708434644977292,NA
779,1.8175150973385,0.708951449595588,408.196,816.392,2015_nk_174,Nush,2015,0.708867248494261,1.86293785633233,0.0192974732711892,246.652426544458,432.755162629616,899.184,0.708434644977292,NA
780,1.85744075056221,0.709615484737269,408.72,817.44,2015_nk_174,Nush,2015,0.70887172393934,1.88158687270054,0.0186490163682058,246.652426544458,432.755162629616,899.184,0.708434644977292,NA
781,1.89917438392792,0.709091971712536,409.244,818.488,2015_nk_174,Nush,2015,0.708870848285868,1.90092659315527,0.019339720454737,246.652426544458,432.755162629616,899.184,0.708434644977292,NA
782,1.9264759498361,0.709351687691365,409.768,819.536,2015_nk_174,Nush,2015,0.708879458547164,1.91966179758322,0.0187352044279487,246.652426544458,432.755162629616,899.184,0.708434644977292,NA
783,1.96917982462303,0.70906918810249,410.292,820.584,2015_nk_174,Nush,2015,0.708900774394307,1.93901347001341,0.0193516724301905,246.652426544458,432.755162629616,899.184,0.708434644977292,NA
784,1.95385864259105,0.708318932600228,410.816,821.632,2015_nk_174,Nush,2015,0.708905084851597,1.95795142325302,0.0189379532396088,246.652426544458,432.755162629616,899.184,0.708434644977292,NA
785,1.974069085528,0.708404891085308,411.34,822.68,2015_nk_174,Nush,2015,0.708921322439064,1.97693428774368,0.0189828644906604,246.652426544458,432.755162629616,899.184,0.708434644977292,NA
786,1.98450139862117,0.708560094459168,411.864,823.728,2015_nk_174,Nush,2015,0.708925937534719,1.99602006309288,0.0190857753492022,246.652426544458,432.755162629616,899.184,0.708434644977292,NA
787,2.02650614498858,0.708532681035509,412.388,824.776,2015_nk_174,Nush,2015,0.708909327470087,2.01520465584167,0.0191845927487899,246.652426544458,432.755162629616,899.184,0.708434644977292,NA
788,2.02863222279662,0.709277055277247,412.912,825.824,2015_nk_174,Nush,2015,0.708911084625626,2.03398583709762,0.0187811812559433,246.652426544458,432.755162629616,899.184,0.708434644977292,NA
789,2.0725709660343,0.708978812742917,413.436,826.872,2015_nk_174,Nush,2015,0.708916898044544,2.05280500562344,0.0188191685258263,246.652426544458,432.755162629616,899.184,0.708434644977292,NA
790,2.08647092887759,0.708822634274449,413.96,827.92,2015_nk_174,Nush,2015,0.708924069575454,2.07146640944917,0.01866140382573,246.652426544458,432.755162629616,899.184,0.708434644977292,NA
791,2.05726701211195,0.708419006624396,414.484,828.968,2015_nk_174,Nush,2015,0.708920165489397,2.08909741679964,0.017631007350472,246.652426544458,432.755162629616,899.184,0.708434644977292,NA
792,2.08015172906652,0.708591897796181,415.008,830.016,2015_nk_174,Nush,2015,0.708932233970316,2.10688900034871,0.0177915835490627,246.652426544458,432.755162629616,899.184,0.708434644977292,NA
793,2.10961255195996,0.709258332574935,415.532,831.064,2015_nk_174,Nush,2015,0.708944561245219,2.12427381161562,0.0173848112669175,246.652426544458,432.755162629616,899.184,0.708434644977292,NA
794,2.14151965379071,0.708423432147297,416.056,832.112,2015_nk_174,Nush,2015,0.708946995869219,2.1429432076033,0.0186693959876787,246.652426544458,432.755162629616,899.184,0.708434644977292,NA
795,2.12630216257954,0.708470775386719,416.58,833.16,2015_nk_174,Nush,2015,0.708947172282969,2.16106251069075,0.0181193030874445,246.652426544458,432.755162629616,899.184,0.708434644977292,NA
796,2.17734276376037,0.709814282477625,417.104,834.208,2015_nk_174,Nush,2015,0.708945833295787,2.17801972050618,0.0169572098154278,246.652426544458,432.755162629616,899.184,0.708434644977292,NA
797,2.19698109008231,0.70955960021398,417.628,835.256,2015_nk_174,Nush,2015,0.70893926746145,2.19573894962098,0.0177192291148058,246.652426544458,432.755162629616,899.184,0.708434644977292,NA
798,2.23150011081053,0.708555366615349,418.152,836.304,2015_nk_174,Nush,2015,0.708933848200439,2.21389557145687,0.0181566218358853,246.652426544458,432.755162629616,899.184,0.708434644977292,NA
799,2.23945318223799,0.708613604755999,418.676,837.352,2015_nk_174,Nush,2015,0.708944076039068,2.2309031490263602,0.017007577569498,246.652426544458,432.755162629616,899.184,0.708434644977292,NA
800,2.26332341705388,0.708449873449419,419.2,838.4,2015_nk_174,Nush,2015,0.708945045813719,2.24701179820055,0.0161086491741864,246.652426544458,432.755162629616,899.184,0.708434644977292,NA
801,2.2759801282143,0.709480826806734,419.724,839.448,2015_nk_174,Nush,2015,0.708949449590758,2.26403220200027,0.0170204037997168,246.652426544458,432.755162629616,899.184,0.708434644977292,NA
802,2.29816058721513,0.7094959419684,420.248,840.496,2015_nk_174,Nush,2015,0.708954635001309,2.28063374318905,0.0166015411887792,246.652426544458,432.755162629616,899.184,0.708434644977292,NA
803,2.29439752553755,0.708853756648045,420.772,841.544,2015_nk_174,Nush,2015,0.70896502233038,2.29750539705301,0.0168716538639582,246.652426544458,432.755162629616,899.184,0.708434644977292,NA
804,2.32545362472064,0.709382306577354,421.296,842.592,2015_nk_174,Nush,2015,0.708988212093592,2.31412853590323,0.0166231388502247,246.652426544458,432.755162629616,899.184,0.708434644977292,NA
805,2.32841699566212,0.70951569081286,421.82,843.64,2015_nk_174,Nush,2015,0.708992375064813,2.33021603177828,0.016087495875051,246.652426544458,432.755162629616,899.184,0.708434644977292,NA
806,2.36072127383578,0.709788741821905,422.344,844.688,2015_nk_174,Nush,2015,0.709004676005892,2.34660339056701,0.0163873587887329,246.652426544458,432.755162629616,899.184,0.708434644977292,NA
807,2.37556342156404,0.709280894078298,422.868,845.736,2015_nk_174,Nush,2015,0.709023240420752,2.36238091312438,0.015777522557364,246.652426544458,432.755162629616,899.184,0.708434644977292,NA
808,2.35544575269803,0.70903233821448,423.392,846.784,2015_nk_174,Nush,2015,0.709035946602681,2.37739188750854,0.0150109743841638,246.652426544458,432.755162629616,899.184,0.708434644977292,NA
809,2.42004021140165,0.709073101257155,423.916,847.832,2015_nk_174,Nush,2015,0.709035295539984,2.39300471203542,0.0156128245268783,246.652426544458,432.755162629616,899.184,0.708434644977292,NA
810,2.42147850058076,0.708621859202881,424.44,848.88,2015_nk_174,Nush,2015,0.709025900827829,2.40874455608244,0.0157398440470238,246.652426544458,432.755162629616,899.184,0.708434644977292,NA
811,2.47218802977645,0.708902418437963,424.964,849.928,2015_nk_174,Nush,2015,0.709032744253927,2.42376700418873,0.0150224481062824,246.652426544458,432.755162629616,899.184,0.708434644977292,NA
812,2.46852010728225,0.709216648982524,425.488,850.976,2015_nk_174,Nush,2015,0.70902754542434,2.43813077299407,0.0143637688053393,246.652426544458,432.755162629616,899.184,0.708434644977292,NA
813,2.54042860726919,0.709036854287915,426.012,852.024,2015_nk_174,Nush,2015,0.709028010041855,2.45125464777816,0.0131238747840925,246.652426544458,432.755162629616,899.184,0.708434644977292,NA
814,2.52807489671678,0.708964709413781,426.536,853.072,2015_nk_174,Nush,2015,0.709042921495265,2.46532597024164,0.0140713224634843,246.652426544458,432.755162629616,899.184,0.708434644977292,NA
815,2.54715229516569,0.709508645989638,427.06,854.12,2015_nk_174,Nush,2015,0.709049779407698,2.47804510813677,0.0127191378951248,246.652426544458,432.755162629616,899.184,0.708434644977292,NA
816,2.5706463376066,0.708984765342296,427.584,855.168,2015_nk_174,Nush,2015,0.709061361688206,2.49144920474919,0.0134040966124274,246.652426544458,432.755162629616,899.184,0.708434644977292,NA
817,2.58854822200479,0.708442775496566,428.108,856.216,2015_nk_174,Nush,2015,0.70906449597684,2.50440939528316,0.0129601905339678,246.652426544458,432.755162629616,899.184,0.708434644977292,NA
818,2.58672952215439,0.708987843435872,428.632,857.264,2015_nk_174,Nush,2015,0.709065119652222,2.51759292992783,0.0131835346446656,246.652426544458,432.755162629616,899.184,0.708434644977292,NA
819,2.5963076069081,0.708992365093145,429.156,858.312,2015_nk_174,Nush,2015,0.709074691032253,2.53003645567755,0.012443525749724,246.652426544458,432.755162629616,899.184,0.708434644977292,NA
820,2.60426734161231,0.708820048553346,429.68,859.36,2015_nk_174,Nush,2015,0.709084240671164,2.54181784884628,0.0117813931687283,246.652426544458,432.755162629616,899.184,0.708434644977292,NA
821,2.58355430447379,0.709016257691797,430.204,860.408,2015_nk_174,Nush,2015,0.709094271998548,2.55431245367819,0.012494604831907,246.652426544458,432.755162629616,899.184,0.708434644977292,NA
822,2.62140876383089,0.709057663023399,430.728,861.456,2015_nk_174,Nush,2015,0.709098487352708,2.56628887791854,0.0119764242403551,246.652426544458,432.755162629616,899.184,0.708434644977292,NA
823,2.60831699177191,0.709111832696204,431.252,862.504,2015_nk_174,Nush,2015,0.709094294912138,2.57822179162459,0.0119329137060493,246.652426544458,432.755162629616,899.184,0.708434644977292,NA
824,2.68464046372909,0.70929723120447,431.776,863.552,2015_nk_174,Nush,2015,0.70910016015963,2.58907976051454,0.0108579688899515,246.652426544458,432.755162629616,899.184,0.708434644977292,NA
825,2.66776390988766,0.708698916535258,432.3,864.6,2015_nk_174,Nush,2015,0.7091054285031,2.60080257652307,0.0117228160085294,246.652426544458,432.755162629616,899.184,0.708434644977292,NA
826,2.6413343851128,0.708731350615961,432.824,865.648,2015_nk_174,Nush,2015,0.709091311234199,2.61122899186082,0.0104264153377489,246.652426544458,432.755162629616,899.184,0.708434644977292,NA
827,2.68067386792974,0.708930130436195,433.348,866.696,2015_nk_174,Nush,2015,0.709073624661073,2.62111727114913,0.00988827928831038,246.652426544458,432.755162629616,899.184,0.708434644977292,NA
828,2.71838880921467,0.709348216367662,433.872,867.744,2015_nk_174,Nush,2015,0.709076853033451,2.63007219979458,0.00895492864544822,246.652426544458,432.755162629616,899.184,0.708434644977292,NA
829,2.68148589644001,0.709618253669799,434.396,868.792,2015_nk_174,Nush,2015,0.709088161414886,2.63917911935052,0.00910691955594478,246.652426544458,432.755162629616,899.184,0.708434644977292,NA
830,2.66228511857612,0.709359439797268,434.92,869.84,2015_nk_174,Nush,2015,0.70911253482036,2.6480212449805,0.00884212562997266,246.652426544458,432.755162629616,899.184,0.708434644977292,NA
831,2.71453579948876,0.709112854889708,435.444,870.888,2015_nk_174,Nush,2015,0.709108166726153,2.65687244045756,0.00885119547706159,246.652426544458,432.755162629616,899.184,0.708434644977292,NA
832,2.71054563593661,0.708681274740249,435.968,871.936,2015_nk_174,Nush,2015,0.709115279078328,2.66578071962588,0.0089082791683186,246.652426544458,432.755162629616,899.184,0.708434644977292,NA
833,2.74711059062814,0.709044886207786,436.492,872.984,2015_nk_174,Nush,2015,0.709118137920936,2.67392836617748,0.00814764655159994,246.652426544458,432.755162629616,899.184,0.708434644977292,NA
834,2.75490006500176,0.709535408412139,437.016,874.032,2015_nk_174,Nush,2015,0.709112724733373,2.68174903231166,0.00782066613417953,246.652426544458,432.755162629616,899.184,0.708434644977292,NA
835,2.74090306571467,0.709401825661952,437.54,875.08,2015_nk_174,Nush,2015,0.709110018179014,2.68976781043482,0.00801877812316532,246.652426544458,432.755162629616,899.184,0.708434644977292,NA
836,2.77752351158745,0.709128681524331,438.064,876.128,2015_nk_174,Nush,2015,0.70908624691957,2.69701259153709,0.00724478110227222,246.652426544458,432.755162629616,899.184,0.708434644977292,NA
837,2.74670375320124,0.709393248200245,438.588,877.176,2015_nk_174,Nush,2015,0.709081177079536,2.70326427490426,0.0062516833671622,246.652426544458,432.755162629616,899.184,0.708434644977292,NA
838,2.72306826088192,0.709175736709277,439.112,878.224,2015_nk_174,Nush,2015,0.70907616448666,2.71095180944735,0.00768753454309401,246.652426544458,432.755162629616,899.184,0.708434644977292,NA
839,2.75428456895122,0.708912385833781,439.636,879.272,2015_nk_174,Nush,2015,0.709083558915249,2.71749931530978,0.00654750586243003,246.652426544458,432.755162629616,899.184,0.708434644977292,NA
840,2.80183139338362,0.709051802007931,440.16,880.32,2015_nk_174,Nush,2015,0.709094857634458,2.72388684786588,0.00638753255609625,246.652426544458,432.755162629616,899.184,0.708434644977292,NA
841,2.80052127030487,0.709502577278451,440.684,881.368,2015_nk_174,Nush,2015,0.709095421198359,2.72973633585331,0.00584948798742868,246.652426544458,432.755162629616,899.184,0.708434644977292,NA
842,2.78830207815645,0.709039757916149,441.208,882.416,2015_nk_174,Nush,2015,0.709097412890421,2.73556244789588,0.00582611204257555,246.652426544458,432.755162629616,899.184,0.708434644977292,NA
843,2.75661231166857,0.70909706515336,441.732,883.464,2015_nk_174,Nush,2015,0.709109909697422,2.73976184974978,0.00419940185389889,246.652426544458,432.755162629616,899.184,0.708434644977292,NA
844,2.79813799040011,0.709213619804834,442.256,884.512,2015_nk_174,Nush,2015,0.709118778758773,2.74419428191837,0.00443243216858891,246.652426544458,432.755162629616,899.184,0.708434644977292,NA
845,2.73721735923548,0.708816365831251,442.78,885.56,2015_nk_174,Nush,2015,0.709116331173617,2.74891790437206,0.00472362245368663,246.652426544458,432.755162629616,899.184,0.708434644977292,NA
846,2.78874719536681,0.709255031289695,443.304,886.608,2015_nk_174,Nush,2015,0.709120303964054,2.7516329192775,0.00271501490544734,246.652426544458,432.755162629616,899.184,0.708434644977292,NA
847,2.80411757702665,0.70872073835353,443.828,887.656,2015_nk_174,Nush,2015,0.709131608262236,2.75422336315012,0.00259044387261476,246.652426544458,432.755162629616,899.184,0.708434644977292,NA
848,2.81964430147655,0.709314475800191,444.352,888.704,2015_nk_174,Nush,2015,0.709132142391792,2.75676690464608,0.0025435414959607,246.652426544458,432.755162629616,899.184,0.708434644977292,NA
849,2.81918251101773,0.709553095544761,444.876,889.752,2015_nk_174,Nush,2015,0.709132535063707,2.76006266653925,0.00329576189317038,246.652426544458,432.755162629616,899.184,0.708434644977292,NA
850,2.79335451900129,0.709395612609114,445.4,890.8,2015_nk_174,Nush,2015,0.709137068551811,2.76255851771476,0.00249585117551154,246.652426544458,432.755162629616,899.184,0.708434644977292,NA
851,2.80694330202636,0.709020886267449,445.924,891.848,2015_nk_174,Nush,2015,0.709150376979448,2.76603874968543,0.00348023197066727,246.652426544458,432.755162629616,899.184,0.708434644977292,NA
852,2.79873718348781,0.708844819045757,446.448,892.896,2015_nk_174,Nush,2015,0.709152796476893,2.76915703399096,0.00311828430553573,246.652426544458,432.755162629616,899.184,0.708434644977292,NA
853,2.82558737432294,0.709006786140767,446.972,893.944,2015_nk_174,Nush,2015,0.709154797169694,2.77215529618125,0.00299826219028221,246.652426544458,432.755162629616,899.184,0.708434644977292,NA
854,2.7929977871878,0.70877534699678,447.496,894.992,2015_nk_174,Nush,2015,0.709150451791653,2.77356911863219,0.00141382245094368,246.652426544458,432.755162629616,899.184,0.708434644977292,NA
855,2.82967112309131,0.708786875994948,448.02,896.04,2015_nk_174,Nush,2015,0.709158815119743,2.77475670717024,0.00118758853805101,246.652426544458,432.755162629616,899.184,0.708434644977292,NA
856,2.80292768402532,0.708967246343524,448.544,897.088,2015_nk_174,Nush,2015,0.709161111184371,2.77726230880104,0.00250560163079561,246.652426544458,432.755162629616,899.184,0.708434644977292,NA
857,2.79027784738094,0.70849840582643,449.068,898.136,2015_nk_174,Nush,2015,0.709154818637465,2.7789694755124,0.00170716671136129,246.652426544458,432.755162629616,899.184,0.708434644977292,NA
858,2.7687958295374,0.70874906895806,449.592,899.184,2015_nk_174,Nush,2015,0.709164032000783,2.77968520788704,7.1573237464628e-4,246.652426544458,432.755162629616,899.184,0.708434644977292,NA
859,2.78586835559471,0.70929210764206,450.116,900.232,2015_nk_174,Nush,2015,0.70915728498091,2.78155151815549,0.00186631026844664,246.652426544458,432.755162629616,899.184,0.708434644977292,NA
860,2.79385095485224,0.709912277777898,450.64,901.28,2015_nk_174,Nush,2015,0.709158922421578,2.78382334126026,0.00227182310477314,246.652426544458,432.755162629616,899.184,0.708434644977292,NA
861,2.807051856838,0.70921874115431,451.164,902.328,2015_nk_174,Nush,2015,0.70916094206506,2.78533784078558,0.0015144995253209,246.652426544458,432.755162629616,899.184,0.708434644977292,NA
862,2.83265733731425,0.709922683098912,451.688,903.376,2015_nk_174,Nush,2015,0.709170697093907,2.78701993227275,0.00168209148716514,246.652426544458,432.755162629616,899.184,0.708434644977292,NA
863,2.78325631863356,0.709025287204518,452.212,904.424,2015_nk_174,Nush,2015,0.709172755681563,2.78739769806724,3.7776579448722e-4,246.652426544458,432.755162629616,899.184,0.708434644977292,NA
864,2.79469359277141,0.709057515323583,452.736,905.472,2015_nk_174,Nush,2015,0.709164928673404,2.78838218038963,9.8448232239167e-4,246.652426544458,432.755162629616,899.184,0.708434644977292,NA
865,2.80954368305204,0.709353297551278,453.26,906.52,2015_nk_174,Nush,2015,0.709160810130697,2.78916666252165,7.8448213202042e-4,246.652426544458,432.755162629616,899.184,0.708434644977292,NA
866,2.79540813997212,0.708362466255259,453.784,907.568,2015_nk_174,Nush,2015,0.70915461846327,2.78893238952023,-2.3427300142087e-4,246.652426544458,432.755162629616,899.184,0.708434644977292,NA
867,2.75066442359377,0.70897670367629,454.308,908.616,2015_nk_174,Nush,2015,0.709146086821497,2.78877669590683,-1.5569361339729e-4,246.652426544458,432.755162629616,899.184,0.708434644977292,NA
868,2.81669782528367,0.708731582641934,454.832,909.664,2015_nk_174,Nush,2015,0.709144908974793,2.78907201657789,2.9532067105497e-4,246.652426544458,432.755162629616,899.184,0.708434644977292,NA
869,2.81289056314746,0.709516766972488,455.356,910.712,2015_nk_174,Nush,2015,0.70914346148031,2.78919573048241,1.2371390452869e-4,246.652426544458,432.755162629616,899.184,0.708434644977292,NA
870,2.80473045394653,0.709299782355381,455.88,911.76,2015_nk_174,Nush,2015,0.709154620493187,2.78879554051129,-4.0018997112589e-4,246.652426544458,432.755162629616,899.184,0.708434644977292,NA
871,2.82315730902219,0.708936232272026,456.404,912.808,2015_nk_174,Nush,2015,0.709146839746696,2.7889472486244,1.5170811311238e-4,246.652426544458,432.755162629616,899.184,0.708434644977292,NA
872,2.81808682983679,0.709336150506278,456.928,913.856,2015_nk_174,Nush,2015,0.709150192426734,2.78818281628069,-7.6443234370771e-4,246.652426544458,432.755162629616,899.184,0.708434644977292,NA
873,2.7923927185031,0.709786662707969,457.452,914.904,2015_nk_174,Nush,2015,0.70915001468286,2.78802624130685,-1.5657497384546e-4,246.652426544458,432.755162629616,899.184,0.708434644977292,NA
874,2.79402082683214,0.709496853094835,457.976,915.952,2015_nk_174,Nush,2015,0.709154250134206,2.78726404257419,-7.6219873265603e-4,246.652426544458,432.755162629616,899.184,0.708434644977292,NA
875,2.83056964238689,0.709361790880264,458.5,917,2015_nk_174,Nush,2015,0.709158390620785,2.78836126967399,0.00109722709980353,246.652426544458,432.755162629616,899.184,0.708434644977292,NA
876,2.73354723193344,0.709223132768507,459.024,918.048,2015_nk_174,Nush,2015,0.70916513788219,2.78832720406898,-3.40656050110688e-5,246.652426544458,432.755162629616,899.184,0.708434644977292,NA
877,2.74397485436167,0.709121033387526,459.548,919.096,2015_nk_174,Nush,2015,0.709169917660486,2.78805579685392,-2.7140721506313e-4,246.652426544458,432.755162629616,899.184,0.708434644977292,NA
878,2.73934201191204,0.709019891209223,460.072,920.144,2015_nk_174,Nush,2015,0.709155681636761,2.7875155180055,-5.4027884842478e-4,246.652426544458,432.755162629616,899.184,0.708434644977292,NA
879,2.79405332049831,0.709015925408015,460.596,921.192,2015_nk_174,Nush,2015,0.709150524742186,2.7870856213776,-4.2989662789638e-4,246.652426544458,432.755162629616,899.184,0.708434644977292,NA
880,2.754018412143,0.709092057839572,461.12,922.24,2015_nk_174,Nush,2015,0.709144185686705,2.78677319440715,-3.124269704533e-4,246.652426544458,432.755162629616,899.184,0.708434644977292,NA
881,2.79236822271381,0.709814763350051,461.644,923.288,2015_nk_174,Nush,2015,0.709145304483634,2.78554410102629,-0.00122909338085853,246.652426544458,432.755162629616,899.184,0.708434644977292,NA
882,2.80850582216304,0.709202832870077,462.168,924.336,2015_nk_174,Nush,2015,0.709148052879484,2.78469286665443,-8.5123437186052e-4,246.652426544458,432.755162629616,899.184,0.708434644977292,NA
883,2.78821272318885,0.709231874264255,462.692,925.384,2015_nk_174,Nush,2015,0.70915102239868,2.78331596645694,-0.00137690019748948,246.652426544458,432.755162629616,899.184,0.708434644977292,NA
884,2.76946981078572,0.709036508522012,463.216,926.432,2015_nk_174,Nush,2015,0.709153073120724,2.78282261831357,-4.9334814336887e-4,246.652426544458,432.755162629616,899.184,0.708434644977292,NA
885,2.73901922217073,0.70920071622069,463.74,927.48,2015_nk_174,Nush,2015,0.709155667331906,2.78168635241025,-0.00113626590331917,246.652426544458,432.755162629616,899.184,0.708434644977292,NA
886,2.79167048296054,0.708869114493636,464.264,928.528,2015_nk_174,Nush,2015,0.709151865052167,2.78169287936688,6.52695663516667e-6,246.652426544458,432.755162629616,899.184,0.708434644977292,NA
887,2.78310387061142,0.708552577621833,464.788,929.576,2015_nk_174,Nush,2015,0.709163997060203,2.78167693315999,-1.59462068958227e-5,246.652426544458,432.755162629616,899.184,0.708434644977292,NA
888,2.76133275169347,0.709901018166758,465.312,930.624,2015_nk_174,Nush,2015,0.709174986896115,2.78154722948079,-1.2970367919473e-4,246.652426544458,432.755162629616,899.184,0.708434644977292,NA
889,2.7934645125468,0.70921343247741,465.836,931.672,2015_nk_174,Nush,2015,0.709167368338354,2.78099613718656,-5.5109229423466e-4,246.652426544458,432.755162629616,899.184,0.708434644977292,NA
890,2.79859450486249,0.709457686237307,466.36,932.72,2015_nk_174,Nush,2015,0.709157094242635,2.78093290201386,-6.32351727003488e-5,246.652426544458,432.755162629616,899.184,0.708434644977292,NA
891,2.80540577100801,0.709234033498674,466.884,933.768,2015_nk_174,Nush,2015,0.709163643587611,2.78047828366156,-4.5461835230309e-4,246.652426544458,432.755162629616,899.184,0.708434644977292,NA
892,2.81147112516654,0.70926657647107,467.408,934.816,2015_nk_174,Nush,2015,0.709147190708974,2.77991298581323,-5.6529784832193e-4,246.652426544458,432.755162629616,899.184,0.708434644977292,NA
893,2.76977653829737,0.709168401467144,467.932,935.864,2015_nk_174,Nush,2015,0.709160854364395,2.77987824401048,-3.47418027564217e-5,246.652426544458,432.755162629616,899.184,0.708434644977292,NA
894,2.81396900434529,0.709065787922553,468.456,936.912,2015_nk_174,Nush,2015,0.709157340997415,2.78004893365624,1.7068964575939e-4,246.652426544458,432.755162629616,899.184,0.708434644977292,NA
895,2.78797199363586,0.709154713099582,468.98,937.96,2015_nk_174,Nush,2015,0.709156257939572,2.78073718824959,6.8825459334975e-4,246.652426544458,432.755162629616,899.184,0.708434644977292,NA
896,2.76346713150222,0.708757181478707,469.504,939.008,2015_nk_174,Nush,2015,0.709168479598591,2.78106782509246,3.3063684287171e-4,246.652426544458,432.755162629616,899.184,0.708434644977292,NA
897,2.73736213639739,0.708881349693874,470.028,940.056,2015_nk_174,Nush,2015,0.709180023144627,2.7821802584993,0.00111243340684064,246.652426544458,432.755162629616,899.184,0.708434644977292,NA
898,2.74078750114525,0.709105065907011,470.552,941.104,2015_nk_174,Nush,2015,0.709196312277828,2.7816263796981,-5.5387880119495e-4,246.652426544458,432.755162629616,899.184,0.708434644977292,NA
899,2.76170740322295,0.708825536164831,471.076,942.152,2015_nk_174,Nush,2015,0.709188077413522,2.78148593186708,-1.4044783102251e-4,246.652426544458,432.755162629616,899.184,0.708434644977292,NA
900,2.77781999511606,0.709721342780531,471.6,943.2,2015_nk_174,Nush,2015,0.709188922320423,2.78226839692622,7.8246505913925e-4,246.652426544458,432.755162629616,899.184,0.708434644977292,NA
901,2.80962375709159,0.709035732489013,472.124,944.248,2015_nk_174,Nush,2015,0.709190204485009,2.78214905653243,-1.1934039378713e-4,246.652426544458,432.755162629616,899.184,0.708434644977292,NA
902,2.74243613753398,0.709240918718423,472.648,945.296,2015_nk_174,Nush,2015,0.709178119434482,2.78211157125995,-3.74852724855934e-5,246.652426544458,432.755162629616,899.184,0.708434644977292,NA
903,2.74721781323787,0.709086400520874,473.172,946.344,2015_nk_174,Nush,2015,0.709170217385773,2.78284901774487,7.3744648492457e-4,246.652426544458,432.755162629616,899.184,0.708434644977292,NA
904,2.75240606644073,0.709467746885605,473.696,947.392,2015_nk_174,Nush,2015,0.70916869038691,2.78222391149548,-6.251062493976e-4,246.652426544458,432.755162629616,899.184,0.708434644977292,NA
905,2.80305098522372,0.709064795025975,474.22,948.44,2015_nk_174,Nush,2015,0.709173246309717,2.78159326009113,-6.3065140434304e-4,246.652426544458,432.755162629616,899.184,0.708434644977292,NA
906,2.78670325906614,0.709659866974031,474.744,949.488,2015_nk_174,Nush,2015,0.709178718882814,2.78221188333914,6.1862324800898e-4,246.652426544458,432.755162629616,899.184,0.708434644977292,NA
907,2.78783314412287,0.709007525051277,475.268,950.536,2015_nk_174,Nush,2015,0.709186605071973,2.78301708179608,8.0519845693594e-4,246.652426544458,432.755162629616,899.184,0.708434644977292,NA
908,2.78722757057105,0.708460314376713,475.792,951.584,2015_nk_174,Nush,2015,0.709191834082788,2.78407895510334,0.00106187330725938,246.652426544458,432.755162629616,899.184,0.708434644977292,NA
909,2.79338871334396,0.709243681870234,476.316,952.632,2015_nk_174,Nush,2015,0.70919178048135,2.78431397063029,2.3501552695215e-4,246.652426544458,432.755162629616,899.184,0.708434644977292,NA
910,2.7746089007741,0.709015269280272,476.84,953.68,2015_nk_174,Nush,2015,0.709200439075131,2.78482610550835,5.1213487806478e-4,246.652426544458,432.755162629616,899.184,0.708434644977292,NA
911,2.73319769917485,0.709088014083148,477.364,954.728,2015_nk_174,Nush,2015,0.709196233626639,2.78477226408533,-5.38414230217832e-5,246.652426544458,432.755162629616,899.184,0.708434644977292,NA
912,2.74766312117621,0.709009722796761,477.888,955.776,2015_nk_174,Nush,2015,0.709198736867372,2.78463850338255,-1.3376070277759e-4,246.652426544458,432.755162629616,899.184,0.708434644977292,NA
913,2.74297336247355,0.709184957292554,478.412,956.824,2015_nk_174,Nush,2015,0.709199539075814,2.78531118840349,6.7268502093353e-4,246.652426544458,432.755162629616,899.184,0.708434644977292,NA
914,2.76339689858568,0.708898390319392,478.936,957.872,2015_nk_174,Nush,2015,0.709193246634055,2.78665780546299,0.00134661705950245,246.652426544458,432.755162629616,899.184,0.708434644977292,NA
915,2.76149516889216,0.708942528665905,479.46,958.92,2015_nk_174,Nush,2015,0.709194518596771,2.78756667081263,9.0886534964296e-4,246.652426544458,432.755162629616,899.184,0.708434644977292,NA
916,2.80331930142342,0.708739109559152,479.984,959.968,2015_nk_174,Nush,2015,0.709206682379981,2.78783216975422,2.6549894158778e-4,246.652426544458,432.755162629616,899.184,0.708434644977292,NA
917,2.78932107496721,0.709226326308633,480.508,961.016,2015_nk_174,Nush,2015,0.709220859122811,2.78786608822501,3.39184707924822e-5,246.652426544458,432.755162629616,899.184,0.708434644977292,NA
918,2.76101360878572,0.709408459112776,481.032,962.064,2015_nk_174,Nush,2015,0.709207382351931,2.78890220305334,0.00103611482832866,246.652426544458,432.755162629616,899.184,0.708434644977292,NA
919,2.7528028179406,0.708834994176403,481.556,963.112,2015_nk_174,Nush,2015,0.709210483385074,2.78831645407323,-5.8574898011354e-4,246.652426544458,432.755162629616,899.184,0.708434644977292,NA
920,2.79005684449022,0.709295832034724,482.08,964.16,2015_nk_174,Nush,2015,0.709206896630544,2.7886956478052,3.7919373196881e-4,246.652426544458,432.755162629616,899.184,0.708434644977292,NA
921,2.77977475569979,0.709611701852909,482.604,965.208,2015_nk_174,Nush,2015,0.709196123686582,2.78839865639584,-2.9699140935735e-4,246.652426544458,432.755162629616,899.184,0.708434644977292,NA
922,2.79873946641494,0.7089355103807,483.128,966.256,2015_nk_174,Nush,2015,0.709199603399447,2.78770044869878,-6.9820769705719e-4,246.652426544458,432.755162629616,899.184,0.708434644977292,NA
923,2.78117181046817,0.709845106529748,483.652,967.304,2015_nk_174,Nush,2015,0.709199458396682,2.78880245629771,0.0011020075989312001,246.652426544458,432.755162629616,899.184,0.708434644977292,NA
924,2.80493497151696,0.708846713304787,484.176,968.352,2015_nk_174,Nush,2015,0.709190490319493,2.78859851638652,-2.0393991119105e-4,246.652426544458,432.755162629616,899.184,0.708434644977292,NA
925,2.85083895865304,0.709288314080678,484.7,969.4,2015_nk_174,Nush,2015,0.709193806224935,2.78894606403025,3.4754764372646e-4,246.652426544458,432.755162629616,899.184,0.708434644977292,NA
926,2.81524635054443,0.709095765796406,485.224,970.448,2015_nk_174,Nush,2015,0.709196851109454,2.78892181997053,-2.42440597149063e-5,246.652426544458,432.755162629616,899.184,0.708434644977292,NA
927,2.81741042800419,0.709669316438492,485.748,971.496,2015_nk_174,Nush,2015,0.709199432219136,2.78975918157188,8.3736160134462e-4,246.652426544458,432.755162629616,899.184,0.708434644977292,NA
928,2.78346509721199,0.709708930633992,486.272,972.544,2015_nk_174,Nush,2015,0.709199079639278,2.79015796785255,3.9878628067446e-4,246.652426544458,432.755162629616,899.184,0.708434644977292,NA
929,2.80446369328611,0.709022675114116,486.796,973.592,2015_nk_174,Nush,2015,0.70920360231614,2.78829633144566,-0.00186163640689552,246.652426544458,432.755162629616,899.184,0.708434644977292,NA
930,2.85167835749488,0.709350476769399,487.32,974.64,2015_nk_174,Nush,2015,0.709201361915146,2.77010610264002,-0.0181902288056359,246.652426544458,432.755162629616,899.184,0.708434644977292,NA
931,2.81599688539495,0.709013162147227,487.844,975.688,2015_nk_174,Nush,2015,0.709212272715097,2.73505256097916,-0.0350535416608655,246.652426544458,432.755162629616,899.184,0.708434644977292,NA
932,2.81583771348766,0.70861104747464,488.368,976.736,2015_nk_174,Nush,2015,0.709194265252679,2.69474363877097,-0.0403089222081845,246.652426544458,432.755162629616,899.184,0.708434644977292,NA
933,2.83663950759857,0.709312539785434,488.892,977.784,2015_nk_174,Nush,2015,NA,NA,NA,246.652426544458,432.755162629616,899.184,0.708434644977292,NA
934,2.75651445186827,0.709405233163083,489.416,978.832,2015_nk_174,Nush,2015,NA,NA,NA,246.652426544458,432.755162629616,899.184,0.708434644977292,NA
935,2.79273055812631,0.70963514624867,489.94,979.88,2015_nk_174,Nush,2015,NA,NA,NA,246.652426544458,432.755162629616,899.184,0.708434644977292,NA
936,2.77066462681399,0.709551487154337,490.464,980.928,2015_nk_174,Nush,2015,NA,NA,NA,246.652426544458,432.755162629616,899.184,0.708434644977292,NA
937,2.79228676177786,0.709594204737025,490.988,981.976,2015_nk_174,Nush,2015,NA,NA,NA,246.652426544458,432.755162629616,899.184,0.708434644977292,NA
938,2.80305441034758,0.709333631858116,491.512,983.024,2015_nk_174,Nush,2015,NA,NA,NA,246.652426544458,432.755162629616,899.184,0.708434644977292,NA
939,2.80815425211545,0.709012709321739,492.036,984.072,2015_nk_174,Nush,2015,NA,NA,NA,246.652426544458,432.755162629616,899.184,0.708434644977292,NA
940,2.7847465048269,0.709611573466466,492.56,985.12,2015_nk_174,Nush,2015,NA,NA,NA,246.652426544458,432.755162629616,899.184,0.708434644977292,NA
941,2.78913773733248,0.709562436440527,493.084,986.168,2015_nk_174,Nush,2015,NA,NA,NA,246.652426544458,432.755162629616,899.184,0.708434644977292,NA
942,2.80048017999639,0.709353027314032,493.608,987.216,2015_nk_174,Nush,2015,NA,NA,NA,246.652426544458,432.755162629616,899.184,0.708434644977292,NA
943,2.82857382444484,0.709280006770773,494.132,988.264,2015_nk_174,Nush,2015,NA,NA,NA,246.652426544458,432.755162629616,899.184,0.708434644977292,NA
944,2.8502668343559,0.708658962016472,494.656,989.312,2015_nk_174,Nush,2015,NA,NA,NA,246.652426544458,432.755162629616,899.184,0.708434644977292,NA
945,2.79355114314931,0.709277033983659,495.18,990.36,2015_nk_174,Nush,2015,NA,NA,NA,246.652426544458,432.755162629616,899.184,0.708434644977292,NA
946,2.80760041945582,0.709598941486233,495.704,991.408,2015_nk_174,Nush,2015,NA,NA,NA,246.652426544458,432.755162629616,899.184,0.708434644977292,NA
947,2.78513897885896,0.709403182191669,496.228,992.456,2015_nk_174,Nush,2015,NA,NA,NA,246.652426544458,432.755162629616,899.184,0.708434644977292,NA
948,2.8234996413932,0.70909241191394,496.752,993.504,2015_nk_174,Nush,2015,NA,NA,NA,246.652426544458,432.755162629616,899.184,0.708434644977292,NA
949,2.75831957373999,0.709399494465983,497.276,994.552,2015_nk_174,Nush,2015,NA,NA,NA,246.652426544458,432.755162629616,899.184,0.708434644977292,NA
950,2.8213461287806,0.709242480965538,497.8,995.6,2015_nk_174,Nush,2015,NA,NA,NA,246.652426544458,432.755162629616,899.184,0.708434644977292,NA
951,2.78758628644658,0.708587656860923,498.324,996.648,2015_nk_174,Nush,2015,NA,NA,NA,246.652426544458,432.755162629616,899.184,0.708434644977292,NA
952,2.76957866334311,0.709475359242962,498.848,997.696,2015_nk_174,Nush,2015,NA,NA,NA,246.652426544458,432.755162629616,899.184,0.708434644977292,NA
953,2.83589699423325,0.709159701301265,499.372,998.744,2015_nk_174,Nush,2015,NA,NA,NA,246.652426544458,432.755162629616,899.184,0.708434644977292,NA
954,2.80173260967383,0.708527703291211,499.896,999.792,2015_nk_174,Nush,2015,NA,NA,NA,246.652426544458,432.755162629616,899.184,0.708434644977292,NA
955,2.80882485225943,0.709353667426083,500.42,1000.84,2015_nk_174,Nush,2015,NA,NA,NA,246.652426544458,432.755162629616,899.184,0.708434644977292,NA
956,2.76201248791934,0.708939874549882,500.944,1001.888,2015_nk_174,Nush,2015,NA,NA,NA,246.652426544458,432.755162629616,899.184,0.708434644977292,NA
957,2.78760383247804,0.709036216274768,501.468,1002.936,2015_nk_174,Nush,2015,NA,NA,NA,246.652426544458,432.755162629616,899.184,0.708434644977292,NA
958,2.76471467798575,0.709083911115533,501.992,1003.984,2015_nk_174,Nush,2015,NA,NA,NA,246.652426544458,432.755162629616,899.184,0.708434644977292,NA
959,2.65000921880921,0.709096896776594,502.516,1005.032,2015_nk_174,Nush,2015,NA,NA,NA,246.652426544458,432.755162629616,899.184,0.708434644977292,NA
960,1.6864062667779,0.709586918720868,503.04,1006.08,2015_nk_174,Nush,2015,NA,NA,NA,246.652426544458,432.755162629616,899.184,0.708434644977292,NA
961,0.706411257439652,0.709690380486068,503.564,1007.128,2015_nk_174,Nush,2015,NA,NA,NA,246.652426544458,432.755162629616,899.184,0.708434644977292,NA
962,0.323900805042895,0.708160470973317,504.088,1008.176,2015_nk_174,Nush,2015,NA,NA,NA,246.652426544458,432.755162629616,899.184,0.708434644977292,NA
