Cycle,Time,Iso,Sr88,Microns,Fish_id,Watershed,Year,Iso_MA,Sr88_MA,Sr88_MA_Gradient,natal_microns_start,natal_microns_end,marine_start,natal_origin_iso,Core
318,166.632,0.711114070096177,0.612014296123795,333.264,2017_yk_256,Yukon,2016,NA,NA,NA,555.5752032,737.4866119,1367.64,0.709258106,391.04066879826587
319,167.156,0.709233108300512,1.35858145827562,334.312,2017_yk_256,Yukon,2016,NA,NA,NA,555.5752032,737.4866119,1367.64,0.709258106,391.04066879826587
320,167.68,0.709759596526641,1.43471449641762,335.36,2017_yk_256,Yukon,2016,NA,NA,NA,555.5752032,737.4866119,1367.64,0.709258106,391.04066879826587
321,168.204,0.709582099475082,1.30660243411383,336.408,2017_yk_256,Yukon,2016,NA,NA,NA,555.5752032,737.4866119,1367.64,0.709258106,391.04066879826587
322,168.728,0.710245856522462,1.14847581592348,337.456,2017_yk_256,Yukon,2016,NA,NA,NA,555.5752032,737.4866119,1367.64,0.709258106,391.04066879826587
323,169.252,0.709764315761174,1.03205432721825,338.504,2017_yk_256,Yukon,2016,NA,NA,NA,555.5752032,737.4866119,1367.64,0.709258106,391.04066879826587
324,169.776,0.709501739473622,0.962134411978736,339.552,2017_yk_256,Yukon,2016,NA,NA,NA,555.5752032,737.4866119,1367.64,0.709258106,391.04066879826587
325,170.3,0.709761878408939,0.908040719587068,340.6,2017_yk_256,Yukon,2016,NA,NA,NA,555.5752032,737.4866119,1367.64,0.709258106,391.04066879826587
326,170.824,0.709477565353581,0.848085115691578,341.648,2017_yk_256,Yukon,2016,NA,NA,NA,555.5752032,737.4866119,1367.64,0.709258106,391.04066879826587
327,171.348,0.710360907260937,0.839960087996159,342.696,2017_yk_256,Yukon,2016,NA,NA,NA,555.5752032,737.4866119,1367.64,0.709258106,391.04066879826587
328,171.872,0.709567124987595,0.850636020260057,343.744,2017_yk_256,Yukon,2016,NA,NA,NA,555.5752032,737.4866119,1367.64,0.709258106,391.04066879826587
329,172.396,0.709933869415544,0.836689992332601,344.792,2017_yk_256,Yukon,2016,NA,NA,NA,555.5752032,737.4866119,1367.64,0.709258106,391.04066879826587
330,172.92,0.708578563758153,0.811350782231377,345.84,2017_yk_256,Yukon,2016,NA,NA,NA,555.5752032,737.4866119,1367.64,0.709258106,391.04066879826587
331,173.444,0.708509891024906,0.818963496596611,346.888,2017_yk_256,Yukon,2016,NA,NA,NA,555.5752032,737.4866119,1367.64,0.709258106,391.04066879826587
332,173.968,0.709695510159009,0.835463750267313,347.936,2017_yk_256,Yukon,2016,NA,NA,NA,555.5752032,737.4866119,1367.64,0.709258106,391.04066879826587
333,174.492,0.710368495066893,0.811898860297167,348.984,2017_yk_256,Yukon,2016,NA,NA,NA,555.5752032,737.4866119,1367.64,0.709258106,391.04066879826587
334,175.016,0.710887009618203,0.827781660307689,350.032,2017_yk_256,Yukon,2016,NA,NA,NA,555.5752032,737.4866119,1367.64,0.709258106,391.04066879826587
335,175.54,0.709752455050477,0.808845174112438,351.08,2017_yk_256,Yukon,2016,NA,NA,NA,555.5752032,737.4866119,1367.64,0.709258106,391.04066879826587
336,176.064,0.709676700148818,0.7847212372857,352.128,2017_yk_256,Yukon,2016,NA,NA,NA,555.5752032,737.4866119,1367.64,0.709258106,391.04066879826587
337,176.588,0.710414356686777,0.775941794461035,353.176,2017_yk_256,Yukon,2016,NA,NA,NA,555.5752032,737.4866119,1367.64,0.709258106,391.04066879826587
338,177.112,0.709951221408616,0.783500827396284,354.224,2017_yk_256,Yukon,2016,NA,NA,NA,555.5752032,737.4866119,1367.64,0.709258106,391.04066879826587
339,177.636,0.708808494091075,0.814882130643307,355.272,2017_yk_256,Yukon,2016,NA,NA,NA,555.5752032,737.4866119,1367.64,0.709258106,391.04066879826587
340,178.16,0.712101777132779,0.800504438454695,356.32,2017_yk_256,Yukon,2016,NA,NA,NA,555.5752032,737.4866119,1367.64,0.709258106,391.04066879826587
341,178.684,0.709742320802404,0.798221185880425,357.368,2017_yk_256,Yukon,2016,NA,NA,NA,555.5752032,737.4866119,1367.64,0.709258106,391.04066879826587
342,179.208,0.71017185399923,0.82440253663798,358.416,2017_yk_256,Yukon,2016,NA,NA,NA,555.5752032,737.4866119,1367.64,0.709258106,391.04066879826587
343,179.732,0.708874249678822,0.811099331901234,359.464,2017_yk_256,Yukon,2016,NA,NA,NA,555.5752032,737.4866119,1367.64,0.709258106,391.04066879826587
344,180.256,0.709968345550383,0.835233907231492,360.512,2017_yk_256,Yukon,2016,NA,NA,NA,555.5752032,737.4866119,1367.64,0.709258106,391.04066879826587
345,180.78,0.709924799920038,0.855006553889051,361.56,2017_yk_256,Yukon,2016,NA,NA,NA,555.5752032,737.4866119,1367.64,0.709258106,391.04066879826587
346,181.304,0.70938597802301,0.801879809882152,362.608,2017_yk_256,Yukon,2016,NA,NA,NA,555.5752032,737.4866119,1367.64,0.709258106,391.04066879826587
347,181.828,0.709317977668674,0.796164054491705,363.656,2017_yk_256,Yukon,2016,0.709756280406611,0.814039660498308,NA,555.5752032,737.4866119,1367.64,0.709258106,391.04066879826587
348,182.352,0.708681909274202,0.816145536389869,364.704,2017_yk_256,Yukon,2016,0.709751595802804,0.815734336494621,0.00169467599631312,555.5752032,737.4866119,1367.64,0.709258106,391.04066879826587
349,182.876,0.709929746584575,0.817937181633748,365.752,2017_yk_256,Yukon,2016,0.709755921020873,0.805215120878057,-0.0105192156165642,555.5752032,737.4866119,1367.64,0.709258106,391.04066879826587
350,183.4,0.709226850058881,0.785866017167745,366.8,2017_yk_256,Yukon,2016,0.709736254063054,0.793295613122391,-0.0119195077556654,555.5752032,737.4866119,1367.64,0.709258106,391.04066879826587
351,183.924,0.708684707292694,0.778961810208904,367.848,2017_yk_256,Yukon,2016,0.709758434628937,0.782775098489005,-0.0105205146333867,555.5752032,737.4866119,1367.64,0.709258106,391.04066879826587
352,184.448,0.709817684627566,0.757306368411248,368.896,2017_yk_256,Yukon,2016,0.709760042254161,0.77465084741158,-0.00812425107742409,555.5752032,737.4866119,1367.64,0.709258106,391.04066879826587
353,184.972,0.708859634238983,0.754594833452451,369.944,2017_yk_256,Yukon,2016,0.709764547114855,0.768387365590783,-0.00626348182079728,555.5752032,737.4866119,1367.64,0.709258106,391.04066879826587
354,185.496,0.709797231730667,0.75645518408107,370.992,2017_yk_256,Yukon,2016,0.709743457881969,0.763305571498375,-0.00508179409240794,555.5752032,737.4866119,1367.64,0.709258106,391.04066879826587
355,186.02,0.709368697930178,0.757325333392674,372.04,2017_yk_256,Yukon,2016,0.709758218536786,0.759096812165127,-0.00420875933324827,555.5752032,737.4866119,1367.64,0.709258106,391.04066879826587
356,186.544,0.71035785729632,0.757066385932222,373.088,2017_yk_256,Yukon,2016,0.709766280201178,0.755826217026287,-0.00327059513883987,555.5752032,737.4866119,1367.64,0.709258106,391.04066879826587
357,187.068,0.709920214638239,0.744572930161574,374.136,2017_yk_256,Yukon,2016,0.709738733640416,0.752663158213156,-0.00316305881313139,555.5752032,737.4866119,1367.64,0.709258106,391.04066879826587
358,187.592,0.708942696157566,0.729099369225656,375.184,2017_yk_256,Yukon,2016,0.70971771963347,0.749254983336837,-0.00340817487631895,555.5752032,737.4866119,1367.64,0.709258106,391.04066879826587
359,188.116,0.70905507506161,0.74696258742404,376.232,2017_yk_256,Yukon,2016,0.709670586045579,0.745990094616433,-0.00326488872040431,555.5752032,737.4866119,1367.64,0.709258106,391.04066879826587
360,188.64,0.708688335995373,0.729611198179759,377.28,2017_yk_256,Yukon,2016,0.709699087651775,0.743178785111819,-0.00281130950461328,555.5752032,737.4866119,1367.64,0.709258106,391.04066879826587
361,189.164,0.709366774246098,0.688792111972629,378.328,2017_yk_256,Yukon,2016,0.709707673392264,0.740023132595845,-0.00315565251597472,555.5752032,737.4866119,1367.64,0.709258106,391.04066879826587
362,189.688,0.709845870395286,0.689573093632652,379.376,2017_yk_256,Yukon,2016,0.709666237329912,0.736484828343777,-0.00353830425206769,555.5752032,737.4866119,1367.64,0.709258106,391.04066879826587
363,190.212,0.710348720799317,0.723539040238786,380.424,2017_yk_256,Yukon,2016,0.70966144917515,0.733139591315345,-0.0033452370284317,555.5752032,737.4866119,1367.64,0.709258106,391.04066879826587
364,190.736,0.708898946522286,0.737887485864489,381.472,2017_yk_256,Yukon,2016,0.709681278079739,0.729562516813498,-0.00357707450184674,555.5752032,737.4866119,1367.64,0.709258106,391.04066879826587
365,191.26,0.709760921052049,0.722444566013123,382.52,2017_yk_256,Yukon,2016,0.70967055684182,0.726195535881301,-0.00336698093219778,555.5752032,737.4866119,1367.64,0.709258106,391.04066879826587
366,191.784,0.710686261305132,0.726932065165088,383.568,2017_yk_256,Yukon,2016,0.709672667258682,0.72353658072683,-0.00265895515447112,555.5752032,737.4866119,1367.64,0.709258106,391.04066879826587
367,192.308,0.709956555549264,0.73347104077517,384.616,2017_yk_256,Yukon,2016,0.709640142928742,0.720998674760488,-0.00253790596634118,555.5752032,737.4866119,1367.64,0.709258106,391.04066879826587
368,192.832,0.71030155024763,0.746977251823113,385.664,2017_yk_256,Yukon,2016,0.70964292286681,0.71804942549331,-0.00294924926717854,555.5752032,737.4866119,1367.64,0.709258106,391.04066879826587
369,193.356,0.710862034918353,0.721737262752614,386.712,2017_yk_256,Yukon,2016,0.709665139536484,0.714123425147461,-0.00392600034584856,555.5752032,737.4866119,1367.64,0.709258106,391.04066879826587
370,193.88,0.71036595668446,0.720719122978968,387.76,2017_yk_256,Yukon,2016,0.709622261159613,0.710245940045677,-0.0038774851017841,555.5752032,737.4866119,1367.64,0.709258106,391.04066879826587
371,194.404,0.710362198517275,0.72652145361903,388.808,2017_yk_256,Yukon,2016,0.709618084555237,0.706437110876978,-0.00380882916869907,555.5752032,737.4866119,1367.64,0.709258106,391.04066879826587
372,194.928,0.710195103231513,0.726170563795357,389.856,2017_yk_256,Yukon,2016,0.709611373610323,0.702247029622722,-0.00419008125425591,555.5752032,737.4866119,1367.64,0.709258106,391.04066879826587
373,195.452,0.709754746666571,0.696764061375753,390.904,2017_yk_256,Yukon,2016,0.7096470924385,0.69838639542661,-0.00386063419611204,555.5752032,737.4866119,1367.64,0.709258106,391.04066879826587
374,195.976,0.708947679777653,0.70331745098499,391.952,2017_yk_256,Yukon,2016,0.709643536446173,0.6939728571771,-0.0044135382495103,555.5752032,737.4866119,1367.64,0.709258106,391.04066879826587
375,196.5,0.711174459389715,0.704053842473622,393,2017_yk_256,Yukon,2016,0.709625008321397,0.689161018191508,-0.00481183898559168,555.5752032,737.4866119,1367.64,0.709258106,391.04066879826587
376,197.024,0.708712018856425,0.689299746074895,394.048,2017_yk_256,Yukon,2016,0.709601227516478,0.685684173978892,-0.00347684421261574,555.5752032,737.4866119,1367.64,0.709258106,391.04066879826587
377,197.548,0.710074253980222,0.718424026810801,395.096,2017_yk_256,Yukon,2016,0.709593615014494,0.681976830533883,-0.003707343445009,555.5752032,737.4866119,1367.64,0.709258106,391.04066879826587
378,198.072,0.710832993867761,0.713694855902581,396.144,2017_yk_256,Yukon,2016,0.709590850190985,0.678071951168838,-0.00390487936504513,555.5752032,737.4866119,1367.64,0.709258106,391.04066879826587
379,198.596,0.709492621384681,0.727428521281764,397.192,2017_yk_256,Yukon,2016,0.709566575023857,0.674408191289647,-0.00366375987919121,555.5752032,737.4866119,1367.64,0.709258106,391.04066879826587
380,199.12,0.708579579057475,0.719544031077695,398.24,2017_yk_256,Yukon,2016,0.709578652041126,0.671236980752467,-0.00317121053717961,555.5752032,737.4866119,1367.64,0.709258106,391.04066879826587
381,199.644,0.710912933428079,0.675371556110624,399.288,2017_yk_256,Yukon,2016,0.709593860150793,0.667839519361607,-0.00339746139086072,555.5752032,737.4866119,1367.64,0.709258106,391.04066879826587
382,200.168,0.710342314035889,0.66102075127803706,400.336,2017_yk_256,Yukon,2016,0.709634025161564,0.664925149338996,-0.00291437002261052,555.5752032,737.4866119,1367.64,0.709258106,391.04066879826587
383,200.692,0.710034607402822,0.656245417970411,401.384,2017_yk_256,Yukon,2016,0.709643379209969,0.661872482384163,-0.00305266695483297,555.5752032,737.4866119,1367.64,0.709258106,391.04066879826587
384,201.216,0.708236385500486,0.65722676643426,402.432,2017_yk_256,Yukon,2016,0.709670974276227,0.659135533982657,-0.00273694840150607,555.5752032,737.4866119,1367.64,0.709258106,391.04066879826587
385,201.74,0.710647517697968,0.655515159592169,403.48,2017_yk_256,Yukon,2016,0.709643019572738,0.65617655814739,-0.00295897583526661,555.5752032,737.4866119,1367.64,0.709258106,391.04066879826587
386,202.264,0.709961265217043,0.65184940736119,404.528,2017_yk_256,Yukon,2016,0.709603659936237,0.653182324436849,-0.00299423371054108,555.5752032,737.4866119,1367.64,0.709258106,391.04066879826587
387,202.788,0.708708113615234,0.650176559208273,405.576,2017_yk_256,Yukon,2016,0.709579663335832,0.650648683967634,-0.00253364046921567,555.5752032,737.4866119,1367.64,0.709258106,391.04066879826587
388,203.312,0.708306284570838,0.646145527680923,406.624,2017_yk_256,Yukon,2016,0.709585569446843,0.64802673489183,-0.00262194907580426,555.5752032,737.4866119,1367.64,0.709258106,391.04066879826587
389,203.836,0.707105854142055,0.640796669108342,407.672,2017_yk_256,Yukon,2016,0.70962610899954,0.644762239714145,-0.00326449517768457,555.5752032,737.4866119,1367.64,0.709258106,391.04066879826587
390,204.36,0.710288660129929,0.642672211954579,408.72,2017_yk_256,Yukon,2016,0.709646128668363,0.641829744745807,-0.00293249496833747,555.5752032,737.4866119,1367.64,0.709258106,391.04066879826587
391,204.884,0.709025035454271,0.629624345638127,409.768,2017_yk_256,Yukon,2016,0.709670215868129,0.639407408574274,-0.00242233617153309,555.5752032,737.4866119,1367.64,0.709258106,391.04066879826587
392,205.408,0.707209346417907,0.623165495143251,410.816,2017_yk_256,Yukon,2016,0.709646436016524,0.63681620807181,-0.00259120050246409,555.5752032,737.4866119,1367.64,0.709258106,391.04066879826587
393,205.932,0.710081205781159,0.611184638591262,411.864,2017_yk_256,Yukon,2016,0.709618198202772,0.633996924363929,-0.00281928370788131,555.5752032,737.4866119,1367.64,0.709258106,391.04066879826587
394,206.456,0.712076743893537,0.613157190196881,412.912,2017_yk_256,Yukon,2016,0.70959562507738,0.630900109331159,-0.0030968150327696,555.5752032,737.4866119,1367.64,0.709258106,391.04066879826587
395,206.98,0.709109180775338,0.606826318180571,413.96,2017_yk_256,Yukon,2016,0.709610439107551,0.627941050158074,-0.00295905917308548,555.5752032,737.4866119,1367.64,0.709258106,391.04066879826587
396,207.504,0.709803325160519,0.625183928017433,415.008,2017_yk_256,Yukon,2016,0.709579723041222,0.624830890487329,-0.0031101596707450198,555.5752032,737.4866119,1367.64,0.709258106,391.04066879826587
397,208.028,0.708462896890387,0.623667436480559,416.056,2017_yk_256,Yukon,2016,0.709564381226561,0.621386575590577,-0.00344431489675168,555.5752032,737.4866119,1367.64,0.709258106,391.04066879826587
398,208.552,0.710118017692691,0.606545871365572,417.104,2017_yk_256,Yukon,2016,0.709568141911984,0.618035803420958,-0.00335077216961921,555.5752032,737.4866119,1367.64,0.709258106,391.04066879826587
399,209.076,0.710141494271533,0.579322109892396,418.152,2017_yk_256,Yukon,2016,0.709549565823049,0.614874211170675,-0.00316159225028323,555.5752032,737.4866119,1367.64,0.709258106,391.04066879826587
400,209.6,0.709529074520491,0.567855332347646,419.2,2017_yk_256,Yukon,2016,0.70955589152643594,0.611645150501013,-0.00322906066966144,555.5752032,737.4866119,1367.64,0.709258106,391.04066879826587
401,210.124,0.70949172453987,0.569691435758485,420.248,2017_yk_256,Yukon,2016,0.709528884074121,0.608549864885726,-0.0030952856152876,555.5752032,737.4866119,1367.64,0.709258106,391.04066879826587
402,210.648,0.709769197304372,0.572997661382626,421.296,2017_yk_256,Yukon,2016,0.709549875488724,0.605256608761814,-0.0032932561239114,555.5752032,737.4866119,1367.64,0.709258106,391.04066879826587
403,211.172,0.711017379369467,0.579461280134513,422.344,2017_yk_256,Yukon,2016,0.709513778827878,0.602437361851258,-0.00281924691055657,555.5752032,737.4866119,1367.64,0.709258106,391.04066879826587
404,211.696,0.709754986010731,0.570421612260874,423.392,2017_yk_256,Yukon,2016,0.709537998652879,0.59974221737505,-0.002695144476208,555.5752032,737.4866119,1367.64,0.709258106,391.04066879826587
405,212.22,0.708813112433478,0.566296214753554,424.44,2017_yk_256,Yukon,2016,0.709531558785182,0.596761649344771,-0.00298056803027869,555.5752032,737.4866119,1367.64,0.709258106,391.04066879826587
406,212.744,0.70795912972786,0.593269157125209,425.488,2017_yk_256,Yukon,2016,0.709543841347367,0.59418402188349,-0.00257762746128154,555.5752032,737.4866119,1367.64,0.709258106,391.04066879826587
407,213.268,0.70886122754968,0.573723447791163,426.536,2017_yk_256,Yukon,2016,0.709510585966376,0.591267911014764,-0.00291611086872567,555.5752032,737.4866119,1367.64,0.709258106,391.04066879826587
408,213.792,0.70851601986366,0.581852774487159,427.584,2017_yk_256,Yukon,2016,0.7094838843488,0.587961710494005,-0.00330620052075903,555.5752032,737.4866119,1367.64,0.709258106,391.04066879826587
409,214.316,0.708473236556879,0.59811158888228,428.632,2017_yk_256,Yukon,2016,0.709444156823987,0.584402124579194,-0.00355958591481031,555.5752032,737.4866119,1367.64,0.709258106,391.04066879826587
410,214.84,0.709951471094992,0.595593384936967,429.68,2017_yk_256,Yukon,2016,0.709471181631208,0.581056563648805,-0.00334556093038951,555.5752032,737.4866119,1367.64,0.709258106,391.04066879826587
411,215.364,0.709597193872697,0.575114126757265,430.728,2017_yk_256,Yukon,2016,0.709433414966082,0.578491036966398,-0.00256552668240673,555.5752032,737.4866119,1367.64,0.709258106,391.04066879826587
412,215.888,0.712227585273846,0.582444167054616,431.776,2017_yk_256,Yukon,2016,0.709458730917575,0.575745730498532,-0.00274530646786619,555.5752032,737.4866119,1367.64,0.709258106,391.04066879826587
413,216.412,0.709420877143275,0.571434816162474,432.824,2017_yk_256,Yukon,2016,0.709463244791865,0.57302223762657,-0.00272349287196261,555.5752032,737.4866119,1367.64,0.709258106,391.04066879826587
414,216.936,0.711452935706184,0.592238279990712,433.872,2017_yk_256,Yukon,2016,0.709486665886443,0.570024278092601,-0.00299795953396853,555.5752032,737.4866119,1367.64,0.709258106,391.04066879826587
415,217.46,0.707691415720836,0.579786783276678,434.92,2017_yk_256,Yukon,2016,0.709465192494411,0.567458232097469,-0.00256604599513199,555.5752032,737.4866119,1367.64,0.709258106,391.04066879826587
416,217.984,0.70799627910622,0.577412363299752,435.968,2017_yk_256,Yukon,2016,0.709471300900139,0.564919747494237,-0.00253848460323236,555.5752032,737.4866119,1367.64,0.709258106,391.04066879826587
417,218.508,0.708480418613936,0.592554502008641,437.016,2017_yk_256,Yukon,2016,0.709490569057472,0.562266219017095,-0.0026535284771414,555.5752032,737.4866119,1367.64,0.709258106,391.04066879826587
418,219.032,0.709297062818232,0.571782424677401,438.064,2017_yk_256,Yukon,2016,0.709476087828377,0.559658474347978,-0.00260774466911695,555.5752032,737.4866119,1367.64,0.709258106,391.04066879826587
419,219.556,0.711487448223485,0.551092876762958,439.112,2017_yk_256,Yukon,2016,0.709532765825673,0.557174901025672,-0.00248357332230587,555.5752032,737.4866119,1367.64,0.709258106,391.04066879826587
420,220.08,0.709889516124722,0.553661500079511,440.16,2017_yk_256,Yukon,2016,0.709549687900125,0.554763980462178,-0.00241092056349435,555.5752032,737.4866119,1367.64,0.709258106,391.04066879826587
421,220.604,0.710812006232048,0.543451941680638,441.208,2017_yk_256,Yukon,2016,0.709564820951819,0.552507803827519,-0.00225617663465894,555.5752032,737.4866119,1367.64,0.709258106,391.04066879826587
422,221.128,0.708419079298971,0.53410106348481,442.256,2017_yk_256,Yukon,2016,0.709568509404195,0.550583600475614,-0.00192420335190502,555.5752032,737.4866119,1367.64,0.709258106,391.04066879826587
423,221.652,0.708654451974225,0.554382017765909,443.304,2017_yk_256,Yukon,2016,0.709557703860609,0.548611297989299,-0.00197230248631464,555.5752032,737.4866119,1367.64,0.709258106,391.04066879826587
424,222.176,0.707544558998749,0.552078583898309,444.352,2017_yk_256,Yukon,2016,0.709518232427537,0.546404139468889,-0.00220715852040998,555.5752032,737.4866119,1367.64,0.709258106,391.04066879826587
425,222.7,0.710649762862304,0.544901015628002,445.4,2017_yk_256,Yukon,2016,0.70955662141578,0.544172804394091,-0.00223133507479856,555.5752032,737.4866119,1367.64,0.709258106,391.04066879826587
426,223.224,0.708843297325407,0.540322484920382,446.448,2017_yk_256,Yukon,2016,0.709547138742157,0.541592887313873,-0.00257991708021776,555.5752032,737.4866119,1367.64,0.709258106,391.04066879826587
427,223.748,0.70903604666962,0.526812146970074,447.496,2017_yk_256,Yukon,2016,0.70953124500323,0.538951219442257,-0.00264166787161635,555.5752032,737.4866119,1367.64,0.709258106,391.04066879826587
428,224.272,0.710527191372984,0.545930921645963,448.544,2017_yk_256,Yukon,2016,0.709540796038492,0.536767606649303,-0.00218361279295365,555.5752032,737.4866119,1367.64,0.709258106,391.04066879826587
429,224.796,0.709747469582275,0.532041727735622,449.592,2017_yk_256,Yukon,2016,0.709519124356733,0.53522508547257,-0.0015425211767327,555.5752032,737.4866119,1367.64,0.709258106,391.04066879826587
430,225.32,0.710745498887656,0.526975482799276,450.64,2017_yk_256,Yukon,2016,0.709521431413786,0.533732608277255,-0.00149247719531509,555.5752032,737.4866119,1367.64,0.709258106,391.04066879826587
431,225.844,0.708741751378413,0.540804316701774,451.688,2017_yk_256,Yukon,2016,0.709522021017251,0.531931574488917,-0.00180103378833807,555.5752032,737.4866119,1367.64,0.709258106,391.04066879826587
432,226.368,0.711454588107674,0.528575196360668,452.736,2017_yk_256,Yukon,2016,0.709525527184985,0.530145233065463,-0.00178634142345435,555.5752032,737.4866119,1367.64,0.709258106,391.04066879826587
433,226.892,0.707588947015831,0.527609246742359,453.784,2017_yk_256,Yukon,2016,0.709507212198352,0.528141289944778,-0.00200394312068464,555.5752032,737.4866119,1367.64,0.709258106,391.04066879826587
434,227.416,0.7104008692777,0.541608782412511,454.832,2017_yk_256,Yukon,2016,0.709491467998183,0.526175224529677,-0.00196606541510147,555.5752032,737.4866119,1367.64,0.709258106,391.04066879826587
435,227.94,0.710788067327901,0.525219760656902,455.88,2017_yk_256,Yukon,2016,0.709496474514272,0.524572965223984,-0.00160225930569313,555.5752032,737.4866119,1367.64,0.709258106,391.04066879826587
436,228.464,0.709448972587495,0.534642098398005,456.928,2017_yk_256,Yukon,2016,0.709524166510182,0.522497888545485,-0.00207507667849827,555.5752032,737.4866119,1367.64,0.709258106,391.04066879826587
437,228.988,0.708078931120763,0.543457374687254,457.976,2017_yk_256,Yukon,2016,0.709518180270106,0.520350775354154,-0.00214711319133187,555.5752032,737.4866119,1367.64,0.709258106,391.04066879826587
438,229.512,0.709230896813223,0.515322824657044,459.024,2017_yk_256,Yukon,2016,0.709522048354338,0.518170941788339,-0.00217983356581464,555.5752032,737.4866119,1367.64,0.709258106,391.04066879826587
439,230.036,0.707108969895883,0.513853366393147,460.072,2017_yk_256,Yukon,2016,0.709567579429335,0.515796546586558,-0.0023743952017804,555.5752032,737.4866119,1367.64,0.709258106,391.04066879826587
440,230.56,0.710201067490757,0.518810375254322,461.12,2017_yk_256,Yukon,2016,0.709557694806846,0.513393905092523,-0.00240264149403546,555.5752032,737.4866119,1367.64,0.709258106,391.04066879826587
441,231.084,0.708646933520481,0.521439955166224,462.168,2017_yk_256,Yukon,2016,0.709602533967361,0.511232593247615,-0.00216131184490764,555.5752032,737.4866119,1367.64,0.709258106,391.04066879826587
442,231.608,0.711861271125485,0.496302363206061,463.216,2017_yk_256,Yukon,2016,0.709568559782924,0.508840776384564,-0.00239181686305157,555.5752032,737.4866119,1367.64,0.709258106,391.04066879826587
443,232.132,0.710305439860213,0.492835845652656,464.264,2017_yk_256,Yukon,2016,0.709553173411064,0.506505917318081,-0.00233485906648245,555.5752032,737.4866119,1367.64,0.709258106,391.04066879826587
444,232.656,0.709641651175181,0.477349194396147,465.312,2017_yk_256,Yukon,2016,0.709523485644098,0.503971651672917,-0.00253426564516401,555.5752032,737.4866119,1367.64,0.709258106,391.04066879826587
445,233.18,0.709359114176076,0.501552399884255,466.36,2017_yk_256,Yukon,2016,0.709523293146009,0.501580100525733,-0.00239155114718437,555.5752032,737.4866119,1367.64,0.709258106,391.04066879826587
446,233.704,0.710327769560706,0.499540331167244,467.408,2017_yk_256,Yukon,2016,0.709564679651082,0.499154731277319,-0.00242536924841391,555.5752032,737.4866119,1367.64,0.709258106,391.04066879826587
447,234.228,0.709864203055212,0.490964850579794,468.456,2017_yk_256,Yukon,2016,0.709552095982522,0.496597570502779,-0.00255716077453971,555.5752032,737.4866119,1367.64,0.709258106,391.04066879826587
448,234.752,0.707437410825136,0.489680847533907,469.504,2017_yk_256,Yukon,2016,0.709533254052783,0.494167527160352,-0.00243004334242714,555.5752032,737.4866119,1367.64,0.709258106,391.04066879826587
449,235.276,0.710506533979812,0.491782269769991,470.552,2017_yk_256,Yukon,2016,0.70945563988912,0.492017570933106,-0.00214995622724601,555.5752032,737.4866119,1367.64,0.709258106,391.04066879826587
450,235.8,0.711303984597026,0.498016978144913,471.6,2017_yk_256,Yukon,2016,0.709428730831759,0.489787677031623,-0.00222989390148293,555.5752032,737.4866119,1367.64,0.709258106,391.04066879826587
451,236.324,0.709933018555906,0.494253747558594,472.648,2017_yk_256,Yukon,2016,0.709402345105935,0.487601947657054,-0.00218572937456929,555.5752032,737.4866119,1367.64,0.709258106,391.04066879826587
452,236.848,0.707430653560485,0.507713294028947,473.696,2017_yk_256,Yukon,2016,0.709425930278442,0.485523296638012,-0.00207865101904214,555.5752032,737.4866119,1367.64,0.709258106,391.04066879826587
453,237.372,0.709432873166005,0.492846489412383,474.744,2017_yk_256,Yukon,2016,0.709452122993023,0.483136333574369,-0.00238696306364261,555.5752032,737.4866119,1367.64,0.709258106,391.04066879826587
454,237.896,0.709708457909196,0.48072767897229,475.792,2017_yk_256,Yukon,2016,0.709461649229735,0.480775933178258,-0.0023604003961108,555.5752032,737.4866119,1367.64,0.709258106,391.04066879826587
455,238.42,0.711412520069965,0.472946213692655,476.84,2017_yk_256,Yukon,2016,0.709442620914807,0.478332337199475,-0.00244359597878313,555.5752032,737.4866119,1367.64,0.709258106,391.04066879826587
456,238.944,0.709234364743085,0.470388903204363,477.888,2017_yk_256,Yukon,2016,0.709432818780472,0.475778980974826,-0.00255335622464969,555.5752032,737.4866119,1367.64,0.709258106,391.04066879826587
457,239.468,0.70750927255478,0.465167364183578,478.936,2017_yk_256,Yukon,2016,0.709464612834438,0.473255321303487,-0.002523659671339,555.5752032,737.4866119,1367.64,0.709258106,391.04066879826587
458,239.992,0.7106910798084,0.475529103788358,479.984,2017_yk_256,Yukon,2016,0.709434393059221,0.470509369573852,-0.00274595172963488,555.5752032,737.4866119,1367.64,0.709258106,391.04066879826587
459,240.516,0.708841193365985,0.486770839288434,481.032,2017_yk_256,Yukon,2016,0.709361063935891,0.468099179928077,-0.00241018964577511,555.5752032,737.4866119,1367.64,0.709258106,391.04066879826587
460,241.04,0.709667497943715,0.478306700628739,482.08,2017_yk_256,Yukon,2016,0.709315401219131,0.465881188944503,-0.00221799098357406,555.5752032,737.4866119,1367.64,0.709258106,391.04066879826587
461,241.564,0.709527100747755,0.461629408458196,483.128,2017_yk_256,Yukon,2016,0.709359351296077,0.463282179322367,-0.00259900962213538,555.5752032,737.4866119,1367.64,0.709258106,391.04066879826587
462,242.088,0.709979567368385,0.46581717597537,484.176,2017_yk_256,Yukon,2016,0.709371760887582,0.460733953349374,-0.00254822597299337,555.5752032,737.4866119,1367.64,0.709258106,391.04066879826587
463,242.612,0.709918480171523,0.45922469289343,485.224,2017_yk_256,Yukon,2016,0.709440819212075,0.458147176395693,-0.00258677695368104,555.5752032,737.4866119,1367.64,0.709258106,391.04066879826587
464,243.136,0.708810334000577,0.452457687354788,486.272,2017_yk_256,Yukon,2016,0.709410283596248,0.45561196684057,-0.00253520955512232,555.5752032,737.4866119,1367.64,0.709258106,391.04066879826587
465,243.66,0.709113503398812,0.470160656411969,487.32,2017_yk_256,Yukon,2016,0.709402493863033,0.453346579612362,-0.00226538722820896,555.5752032,737.4866119,1367.64,0.709258106,391.04066879826587
466,244.184,0.709620649482449,0.468764556415311,488.368,2017_yk_256,Yukon,2016,0.709385859388972,0.450993754393855,-0.00235282521850644,555.5752032,737.4866119,1367.64,0.709258106,391.04066879826587
467,244.708,0.708502053145144,0.444896656311252,489.416,2017_yk_256,Yukon,2016,0.709395543817546,0.448540317928173,-0.00245343646568164,555.5752032,737.4866119,1367.64,0.709258106,391.04066879826587
468,245.232,0.708748104917551,0.451062760538283,490.464,2017_yk_256,Yukon,2016,0.709438230520072,0.446408913557869,-0.00213140437030401,555.5752032,737.4866119,1367.64,0.709258106,391.04066879826587
469,245.756,0.711205101056706,0.455647876775455,491.512,2017_yk_256,Yukon,2016,0.709521300637433,0.444259566883628,-0.00214934667424171,555.5752032,737.4866119,1367.64,0.709258106,391.04066879826587
470,246.28,0.7093583937457,0.451434895294842,492.56,2017_yk_256,Yukon,2016,0.709450336615362,0.441993853364577,-0.00226571351905108,555.5752032,737.4866119,1367.64,0.709258106,391.04066879826587
471,246.804,0.712287543503544,0.445435416062802,493.608,2017_yk_256,Yukon,2016,0.709465997156759,0.439596012425514,-0.00239784093906281,555.5752032,737.4866119,1367.64,0.709258106,391.04066879826587
472,247.328,0.710189134207629,0.438935155271529,494.656,2017_yk_256,Yukon,2016,0.709411947895876,0.437658920913312,-0.00193709151220178,555.5752032,737.4866119,1367.64,0.709258106,391.04066879826587
473,247.852,0.708497694831722,0.431343272173525,495.704,2017_yk_256,Yukon,2016,0.7094118067085,0.435745551441057,-0.00191336947225534,555.5752032,737.4866119,1367.64,0.709258106,391.04066879826587
474,248.376,0.709671669688206,0.44018234128087,496.752,2017_yk_256,Yukon,2016,0.709394071781645,0.433970101699721,-0.00177544974133559,555.5752032,737.4866119,1367.64,0.709258106,391.04066879826587
475,248.9,0.70767986583547,0.436293714445615,497.8,2017_yk_256,Yukon,2016,0.709374681187756,0.431850889522542,-0.00211921217717959,555.5752032,737.4866119,1367.64,0.709258106,391.04066879826587
476,249.424,0.71047946941063,0.431890208394916,498.848,2017_yk_256,Yukon,2016,0.709422225228604,0.429667056053055,-0.00218383346948647,555.5752032,737.4866119,1367.64,0.709258106,391.04066879826587
477,249.948,0.707725398500339,0.439124855536257,499.896,2017_yk_256,Yukon,2016,0.709452492483244,0.427565698847066,-0.00210135720598914,555.5752032,737.4866119,1367.64,0.709258106,391.04066879826587
478,250.472,0.708166547033852,0.425979824131776,500.944,2017_yk_256,Yukon,2016,0.709473749357502,0.425422814400049,-0.00214288444701682,555.5752032,737.4866119,1367.64,0.709258106,391.04066879826587
479,250.996,0.706830598403702,0.422095503128197,501.992,2017_yk_256,Yukon,2016,0.709443660464203,0.42327890984061,-0.00214390455943864,555.5752032,737.4866119,1367.64,0.709258106,391.04066879826587
480,251.52,0.708274972683084,0.419867865990533,503.04,2017_yk_256,Yukon,2016,0.709416991226233,0.421065900768709,-0.00221300907190153,555.5752032,737.4866119,1367.64,0.709258106,391.04066879826587
481,252.044,0.709228862682643,0.41230817920648,504.088,2017_yk_256,Yukon,2016,0.70941828286406206,0.418981439672859,-0.0020844610958497,555.5752032,737.4866119,1367.64,0.709258106,391.04066879826587
482,252.568,0.709834189649348,0.40938200234228,505.136,2017_yk_256,Yukon,2016,0.709448655415618,0.416871423163372,-0.00211001650948694,555.5752032,737.4866119,1367.64,0.709258106,391.04066879826587
483,253.092,0.710226014849074,0.411164233947353,506.184,2017_yk_256,Yukon,2016,0.709361003041737,0.415031292917435,-0.00184013024593715,555.5752032,737.4866119,1367.64,0.709258106,391.04066879826587
484,253.616,0.708116133201508,0.410454560131659,507.232,2017_yk_256,Yukon,2016,0.709363733933368,0.41332488544832,-0.00170640746911477,555.5752032,737.4866119,1367.64,0.709258106,391.04066879826587
485,254.14,0.709508063966623,0.398285256901015,508.28,2017_yk_256,Yukon,2016,0.709296885617958,0.411603682125787,-0.00172120332253312,555.5752032,737.4866119,1367.64,0.709258106,391.04066879826587
486,254.664,0.708255169265263,0.3871211114414,509.328,2017_yk_256,Yukon,2016,0.70932757942969,0.409979290066383,-0.00162439205940462,555.5752032,737.4866119,1367.64,0.709258106,391.04066879826587
487,255.188,0.710943689907622,0.375392566689736,510.376,2017_yk_256,Yukon,2016,0.709383301152506,0.408425660312345,-0.00155362975403778,555.5752032,737.4866119,1367.64,0.709258106,391.04066879826587
488,255.712,0.70871400485996106,0.381173817867874,511.424,2017_yk_256,Yukon,2016,0.709356740437961,0.40666419363649,-0.00176146667585536,555.5752032,737.4866119,1367.64,0.709258106,391.04066879826587
489,256.236,0.705347722182496,0.387430348989115,512.472,2017_yk_256,Yukon,2016,0.709315107155972,0.40474159875783,-0.00192259487865992,555.5752032,737.4866119,1367.64,0.709258106,391.04066879826587
490,256.76,0.708005735882003,0.393896023784832,513.52,2017_yk_256,Yukon,2016,0.709385665171702,0.403049711355946,-0.00169188740188392,555.5752032,737.4866119,1367.64,0.709258106,391.04066879826587
491,257.284,0.711378755995221,0.38486373937365,514.568,2017_yk_256,Yukon,2016,0.709401496179247,0.401706132499238,-0.00134357885670799,555.5752032,737.4866119,1367.64,0.709258106,391.04066879826587
492,257.808,0.712199163597977,0.375681637981065,515.616,2017_yk_256,Yukon,2016,0.709333664551824,0.400239757584949,-0.00146637491428908,555.5752032,737.4866119,1367.64,0.709258106,391.04066879826587
493,258.332,0.711732446485356,0.372402629521497,516.664,2017_yk_256,Yukon,2016,0.709382464559431,0.398947805154207,-0.00129195243074159,555.5752032,737.4866119,1367.64,0.709258106,391.04066879826587
494,258.856,0.708568732328126,0.389496209105171,517.712,2017_yk_256,Yukon,2016,0.709402475789802,0.397784503670552,-0.00116330148365495,555.5752032,737.4866119,1367.64,0.709258106,391.04066879826587
495,259.38,0.71032068333501,0.389296526964366,518.76,2017_yk_256,Yukon,2016,0.709375122551087,0.396326199792237,-0.00145830387831536,555.5752032,737.4866119,1367.64,0.709258106,391.04066879826587
496,259.904,0.70845090414382506,0.393472585287617,519.808,2017_yk_256,Yukon,2016,0.709366052932433,0.395109462392652,-0.00121673739958417,555.5752032,737.4866119,1367.64,0.709258106,391.04066879826587
497,260.428,0.708659996835158,0.396251186746359,520.856,2017_yk_256,Yukon,2016,0.709416421863914,0.394463508281343,-6.4595411130924e-4,555.5752032,737.4866119,1367.64,0.709258106,391.04066879826587
498,260.952,0.71179209896481,0.387438562438801,521.904,2017_yk_256,Yukon,2016,0.709471364507981,0.393604462043022,-8.5904623832117e-4,555.5752032,737.4866119,1367.64,0.709258106,391.04066879826587
499,261.476,0.71209317693755,0.384892565938644,522.952,2017_yk_256,Yukon,2016,0.709457443346722,0.392560613447816,-0.00104384859520584,555.5752032,737.4866119,1367.64,0.709258106,391.04066879826587
500,262,0.705943226166482,0.382867564111258,524,2017_yk_256,Yukon,2016,0.709439119116217,0.391752860477157,-8.0775297065938e-4,555.5752032,737.4866119,1367.64,0.709258106,391.04066879826587
501,262.524,0.709586566004285,0.377569498822453,525.048,2017_yk_256,Yukon,2016,0.709412141668539,0.390978154318709,-7.7470615844799e-4,555.5752032,737.4866119,1367.64,0.709258106,391.04066879826587
502,263.048,0.708618315472547,0.380076872473956,526.096,2017_yk_256,Yukon,2016,0.709373459479238,0.39045399114375,-5.2416317495923e-4,555.5752032,737.4866119,1367.64,0.709258106,391.04066879826587
503,263.572,0.710296968617626,0.378033677317332,527.144,2017_yk_256,Yukon,2016,0.709389660407283,0.39028752614155,-1.6646500219941e-4,555.5752032,737.4866119,1367.64,0.709258106,391.04066879826587
504,264.096,0.708577555563918,0.370822209916014,528.192,2017_yk_256,Yukon,2016,0.709393782649195,0.389766754665055,-5.2077147649543e-4,555.5752032,737.4866119,1367.64,0.709258106,391.04066879826587
505,264.62,0.708195678542687,0.374399669253479,529.24,2017_yk_256,Yukon,2016,0.709428218642194,0.389218397789742,-5.4835687531251e-4,555.5752032,737.4866119,1367.64,0.709258106,391.04066879826587
506,265.144,0.713180412011594,0.368510322998058,530.288,2017_yk_256,Yukon,2016,0.709411387323356,0.38878912742905,-4.2927036069195e-4,555.5752032,737.4866119,1367.64,0.709258106,391.04066879826587
507,265.668,0.711680238333643,0.364883418220443,531.336,2017_yk_256,Yukon,2016,0.70941368379994,0.388283324542658,-5.0580288639279e-4,555.5752032,737.4866119,1367.64,0.709258106,391.04066879826587
508,266.192,0.708712823280596,0.361107780712899,532.384,2017_yk_256,Yukon,2016,0.709424833428244,0.387871431488224,-4.1189305443312e-4,555.5752032,737.4866119,1367.64,0.709258106,391.04066879826587
509,266.716,0.70870120038186,0.36314799620367,533.432,2017_yk_256,Yukon,2016,0.709469739883576,0.387590304013999,-2.8112747422537e-4,555.5752032,737.4866119,1367.64,0.709258106,391.04066879826587
510,267.24,0.709703830318808,0.365236433830823,534.48,2017_yk_256,Yukon,2016,0.709460902413576,0.38740858317953,-1.8172083446937e-4,555.5752032,737.4866119,1367.64,0.709258106,391.04066879826587
511,267.764,0.710010516825634,0.369186081807613,535.528,2017_yk_256,Yukon,2016,0.709434414232756,0.387152115387609,-2.5646779192073e-4,555.5752032,737.4866119,1367.64,0.709258106,391.04066879826587
512,268.288,0.709253006653883,0.38111230345973,536.576,2017_yk_256,Yukon,2016,0.709409100067038,0.386851306029584,-3.0080935802517e-4,555.5752032,737.4866119,1367.64,0.709258106,391.04066879826587
513,268.812,0.704173730733136,0.382438674656155,537.624,2017_yk_256,Yukon,2016,0.709425992092931,0.386567145684945,-2.8416034463857e-4,555.5752032,737.4866119,1367.64,0.709258106,391.04066879826587
514,269.336,0.709872311407048,0.378343230825405,538.672,2017_yk_256,Yukon,2016,0.709467360158498,0.386458460852275,-1.0868483266973e-4,555.5752032,737.4866119,1367.64,0.709258106,391.04066879826587
515,269.86,0.707401621145385,0.369674014340668,539.72,2017_yk_256,Yukon,2016,0.709452479511768,0.386512861122353,5.44002700776924e-5,555.5752032,737.4866119,1367.64,0.709258106,391.04066879826587
516,270.384,0.711075993447039,0.372925379640089,540.768,2017_yk_256,Yukon,2016,0.709469879026586,0.386735729712025,2.2286858967141e-4,555.5752032,737.4866119,1367.64,0.709258106,391.04066879826587
517,270.908,0.710852575923698,0.371949578941311,541.816,2017_yk_256,Yukon,2016,0.709439526547712,0.387388936307837,6.5320659581275e-4,555.5752032,737.4866119,1367.64,0.709258106,391.04066879826587
518,271.432,0.709097436935692,0.369841103237038,542.864,2017_yk_256,Yukon,2016,0.709482949072228,0.388010016692436,6.2108038459846e-4,555.5752032,737.4866119,1367.64,0.709258106,391.04066879826587
519,271.956,0.706343196446675,0.371415146568838,543.912,2017_yk_256,Yukon,2016,0.709538100138584,0.38823126920459,2.2125251215471e-4,555.5752032,737.4866119,1367.64,0.709258106,391.04066879826587
520,272.48,0.713900978887529,0.376793456515704,544.96,2017_yk_256,Yukon,2016,0.7095499105365,0.388161980560246,-6.92886443440788e-5,555.5752032,737.4866119,1367.64,0.709258106,391.04066879826587
521,273.004,0.710476961200436,0.38101467705572,546.008,2017_yk_256,Yukon,2016,0.709538722502558,0.388223794420835,6.18138605884555e-5,555.5752032,737.4866119,1367.64,0.709258106,391.04066879826587
522,273.528,0.705909669723017,0.377834681118025,547.056,2017_yk_256,Yukon,2016,0.709507654652492,0.388452460516832,2.2866609599719e-4,555.5752032,737.4866119,1367.64,0.709258106,391.04066879826587
523,274.052,0.7128464806279,0.381707547048933,548.104,2017_yk_256,Yukon,2016,0.709467269536731,0.38861417788929,1.6171737245784e-4,555.5752032,737.4866119,1367.64,0.709258106,391.04066879826587
524,274.576,0.710011007822878,0.382659598335491,549.152,2017_yk_256,Yukon,2016,0.709460235862298,0.38850679033181,-1.0738755747963e-4,555.5752032,737.4866119,1367.64,0.709258106,391.04066879826587
525,275.1,0.707472309075866,0.382662423713048,550.2,2017_yk_256,Yukon,2016,0.709441603120709,0.388354630773855,-1.5215955795533e-4,555.5752032,737.4866119,1367.64,0.709258106,391.04066879826587
526,275.624,0.709076472363232,0.395760312440258,551.248,2017_yk_256,Yukon,2016,0.709449658595124,0.388155827398127,-1.9880337572836e-4,555.5752032,737.4866119,1367.64,0.709258106,391.04066879826587
527,276.148,0.711524189033974,0.406139409632699,552.296,2017_yk_256,Yukon,2016,0.709483938004597,0.387816599309533,-3.3922808859382e-4,555.5752032,737.4866119,1367.64,0.709258106,391.04066879826587
528,276.672,0.712044663561596,0.399519986239013,553.344,2017_yk_256,Yukon,2016,0.709424116798122,0.387567679828773,-2.4891948075972e-4,555.5752032,737.4866119,1367.64,0.709258106,391.04066879826587
529,277.196,0.710369831381156,0.393016961063105,554.392,2017_yk_256,Yukon,2016,0.709368447002844,0.387466876778368,-1.0080305040449e-4,555.5752032,737.4866119,1367.64,0.709258106,391.04066879826587
530,277.72,0.708258939915414,0.402969717055283,555.44,2017_yk_256,Yukon,2016,0.709372334462832,0.38749020570436,2.33289259919389e-5,555.5752032,737.4866119,1367.64,0.709258106,391.04066879826587
531,278.244,0.710668896642876,0.398953046555922,556.488,2017_yk_256,Yukon,2016,0.709385541839783,0.387885806241878,3.9560053751774e-4,555.5752032,737.4866119,1367.64,0.709258106,391.04066879826587
532,278.768,0.707868202849537,0.407485364773975,557.536,2017_yk_256,Yukon,2016,0.709414444031378,0.388308858841705,4.2305259982711e-4,555.5752032,737.4866119,1367.64,0.709258106,391.04066879826587
533,279.292,0.70946975051442,0.421355372041557,558.584,2017_yk_256,Yukon,2016,0.709346434707155,0.388709458706472,4.0059986476709e-4,555.5752032,737.4866119,1367.64,0.709258106,391.04066879826587
534,279.816,0.709919004202921,0.408936052691145,559.632,2017_yk_256,Yukon,2016,0.709353787839927,0.389071227500108,3.6176879363569e-4,555.5752032,737.4866119,1367.64,0.709258106,391.04066879826587
535,280.34,0.709746025415448,0.403392301926864,560.68,2017_yk_256,Yukon,2016,0.709367067966955,0.389442936484461,3.7170898435273e-4,555.5752032,737.4866119,1367.64,0.709258106,391.04066879826587
536,280.864,0.709469590280339,0.406133986753396,561.728,2017_yk_256,Yukon,2016,0.709317959445775,0.390134987261857,6.9205077739659e-4,555.5752032,737.4866119,1367.64,0.709258106,391.04066879826587
537,281.388,0.707863187095418,0.408776682352691,562.776,2017_yk_256,Yukon,2016,0.70930291413517,0.390697749011906,5.6276175004832e-4,555.5752032,737.4866119,1367.64,0.709258106,391.04066879826587
538,281.912,0.708835524732073,0.401266240865789,563.824,2017_yk_256,Yukon,2016,0.709312335651785,0.391256557122242,5.5880811033626e-4,555.5752032,737.4866119,1367.64,0.709258106,391.04066879826587
539,282.436,0.709524985723591,0.405227854674674,564.872,2017_yk_256,Yukon,2016,0.709321191390523,0.391806828796272,5.5027167402982e-4,555.5752032,737.4866119,1367.64,0.709258106,391.04066879826587
540,282.96,0.707744724483098,0.408964615922371,565.92,2017_yk_256,Yukon,2016,0.709253177231465,0.392447672663267,6.4084386699508e-4,555.5752032,737.4866119,1367.64,0.709258106,391.04066879826587
541,283.484,0.707639571833446,0.396920111691232,566.968,2017_yk_256,Yukon,2016,0.709245254405673,0.393084120772903,6.3644810963586e-4,555.5752032,737.4866119,1367.64,0.709258106,391.04066879826587
542,284.008,0.708315339706245,0.39133344086077,568.016,2017_yk_256,Yukon,2016,0.709241553525673,0.393490619827205,4.0649905430251e-4,555.5752032,737.4866119,1367.64,0.709258106,391.04066879826587
543,284.532,0.711239536402692,0.394114613269037,569.064,2017_yk_256,Yukon,2016,0.709366408427696,0.393850988961275,3.6036913407011e-4,555.5752032,737.4866119,1367.64,0.709258106,391.04066879826587
544,285.056,0.710598217135494,0.403933470171473,570.112,2017_yk_256,Yukon,2016,0.70935921620807,0.394117777857255,2.6678889598003e-4,555.5752032,737.4866119,1367.64,0.709258106,391.04066879826587
545,285.58,0.708615225162842,0.401549273105677,571.16,2017_yk_256,Yukon,2016,0.709403793509099,0.394637231767255,5.1945390999996e-4,555.5752032,737.4866119,1367.64,0.709258106,391.04066879826587
546,286.104,0.70929914015435,0.400493226821681,572.208,2017_yk_256,Yukon,2016,0.709355690833828,0.395351893708912,7.1466194165659e-4,555.5752032,737.4866119,1367.64,0.709258106,391.04066879826587
547,286.628,0.70912254117516,0.414584962438503,573.256,2017_yk_256,Yukon,2016,0.709343305444714,0.39590226838135,5.5037467243807e-4,555.5752032,737.4866119,1367.64,0.709258106,391.04066879826587
548,287.152,0.711319356330911,0.418438640943781,574.304,2017_yk_256,Yukon,2016,0.709328418030504,0.396490165353128,5.8789697177841e-4,555.5752032,737.4866119,1367.64,0.709258106,391.04066879826587
549,287.676,0.7086567861639,0.400705499718398,575.352,2017_yk_256,Yukon,2016,0.709371177634198,0.396972557161933,4.8239180880482e-4,555.5752032,737.4866119,1367.64,0.709258106,391.04066879826587
550,288.2,0.708714359756973,0.389738705124186,576.4,2017_yk_256,Yukon,2016,0.709314486140759,0.397437073483321,4.6451632138738e-4,555.5752032,737.4866119,1367.64,0.709258106,391.04066879826587
551,288.724,0.710707473958669,0.388572571008959,577.448,2017_yk_256,Yukon,2016,0.70935286021684,0.397779791380477,3.4271789715673e-4,555.5752032,737.4866119,1367.64,0.709258106,391.04066879826587
552,289.248,0.710335092594045,0.3894016037409,578.496,2017_yk_256,Yukon,2016,0.709396234980707,0.398185626256851,4.0583487637357e-4,555.5752032,737.4866119,1367.64,0.709258106,391.04066879826587
553,289.772,0.709309339539686,0.382105671868968,579.544,2017_yk_256,Yukon,2016,0.709346561847779,0.398426723520961,2.4109726411036e-4,555.5752032,737.4866119,1367.64,0.709258106,391.04066879826587
554,290.296,0.708146711862127,0.383052955656391,580.592,2017_yk_256,Yukon,2016,0.709351832775904,0.39872054616347,2.9382264250821e-4,555.5752032,737.4866119,1367.64,0.709258106,391.04066879826587
555,290.82,0.709202718839644,0.380166953487045,581.64,2017_yk_256,Yukon,2016,0.709420847345504,0.398975707753576,2.5516159010596e-4,555.5752032,737.4866119,1367.64,0.709258106,391.04066879826587
556,291.344,0.708934232608738,0.381544382743916,582.688,2017_yk_256,Yukon,2016,0.70938971606869194,0.39891971986427,-5.59878893051091e-5,555.5752032,737.4866119,1367.64,0.709258106,391.04066879826587
557,291.868,0.710716761403529,0.375897501430728,583.736,2017_yk_256,Yukon,2016,0.709343776811293,0.398671577827329,-2.481420369414e-4,555.5752032,737.4866119,1367.64,0.709258106,391.04066879826587
558,292.392,0.708202826576311,0.37250339359322,584.784,2017_yk_256,Yukon,2016,0.709310561949555,0.398364924199275,-3.0665362805398e-4,555.5752032,737.4866119,1367.64,0.709258106,391.04066879826587
559,292.916,0.708752989220898,0.37884438291437,585.832,2017_yk_256,Yukon,2016,0.709246080490035,0.398161383135141,-2.0354106413372e-4,555.5752032,737.4866119,1367.64,0.709258106,391.04066879826587
560,293.44,0.706176473765741,0.384267299670775,586.88,2017_yk_256,Yukon,2016,0.709278762578618,0.398036495323978,-1.2488781116371e-4,555.5752032,737.4866119,1367.64,0.709258106,391.04066879826587
561,293.964,0.710379008621335,0.401305531073518,587.928,2017_yk_256,Yukon,2016,0.709271799448836,0.398027356742318,-9.13858165946246e-6,555.5752032,737.4866119,1367.64,0.709258106,391.04066879826587
562,294.488,0.710352446968276,0.40546002846358,588.976,2017_yk_256,Yukon,2016,0.709344915968278,0.397877658155812,-1.4969858650648e-4,555.5752032,737.4866119,1367.64,0.709258106,391.04066879826587
563,295.012,0.706216409164236,0.402069669203359,590.024,2017_yk_256,Yukon,2016,0.709366657920962,0.397440928859065,-4.3672929674698e-4,555.5752032,737.4866119,1367.64,0.709258106,391.04066879826587
564,295.536,0.709018743530243,0.392528337534156,591.072,2017_yk_256,Yukon,2016,0.709352761656972,0.39724207437613,-1.9885448293477e-4,555.5752032,737.4866119,1367.64,0.709258106,391.04066879826587
565,296.06,0.708992486164352,0.396702208314642,592.12,2017_yk_256,Yukon,2016,0.709394939539398,0.396998938027539,-2.4313634859057e-4,555.5752032,737.4866119,1367.64,0.709258106,391.04066879826587
566,296.584,0.710233900740802,0.410033369641851,593.168,2017_yk_256,Yukon,2016,0.709398336634705,0.396749590946911,-2.4934708062807e-4,555.5752032,737.4866119,1367.64,0.709258106,391.04066879826587
567,297.108,0.710777519697332,0.398649123223342,594.216,2017_yk_256,Yukon,2016,0.709441168216967,0.396509893972751,-2.3969697416004e-4,555.5752032,737.4866119,1367.64,0.709258106,391.04066879826587
568,297.632,0.709278114277536,0.394636267333076,595.264,2017_yk_256,Yukon,2016,0.709454078346802,0.396347761440257,-1.6213253249403e-4,555.5752032,737.4866119,1367.64,0.709258106,391.04066879826587
569,298.156,0.709232544706097,0.396164296645462,596.312,2017_yk_256,Yukon,2016,0.709427144351322,0.396139916674796,-2.0784476546154e-4,555.5752032,737.4866119,1367.64,0.709258106,391.04066879826587
570,298.68,0.705622980775351,0.403687065850526,597.36,2017_yk_256,Yukon,2016,0.709420267799226,0.395721904736306,-4.1801193848994e-4,555.5752032,737.4866119,1367.64,0.709258106,391.04066879826587
571,299.204,0.709535147278136,0.407372968385767,598.408,2017_yk_256,Yukon,2016,0.709423927045237,0.395308889873988,-4.1301486231754e-4,555.5752032,737.4866119,1367.64,0.709258106,391.04066879826587
572,299.728,0.709030953853861,0.40550224671788,599.456,2017_yk_256,Yukon,2016,0.709471698155156,0.39499341387862,-3.1547599536846e-4,555.5752032,737.4866119,1367.64,0.709258106,391.04066879826587
573,300.252,0.711665024854552,0.404060822700362,600.504,2017_yk_256,Yukon,2016,0.709448594964488,0.394659610811223,-3.3380306739705e-4,555.5752032,737.4866119,1367.64,0.709258106,391.04066879826587
574,300.776,0.709440778229471,0.394350564584207,601.552,2017_yk_256,Yukon,2016,0.709415299936363,0.394222127468507,-4.3748334271609e-4,555.5752032,737.4866119,1367.64,0.709258106,391.04066879826587
575,301.3,0.710076259207135,0.400841248940668,602.6,2017_yk_256,Yukon,2016,0.709488801133899,0.393904168347349,-3.1795912115772e-4,555.5752032,737.4866119,1367.64,0.709258106,391.04066879826587
576,301.824,0.708189832930785,0.415805096139483,603.648,2017_yk_256,Yukon,2016,0.709489060191037,0.393529790842877,-3.7437750447222e-4,555.5752032,737.4866119,1367.64,0.709258106,391.04066879826587
577,302.348,0.710109452576812,0.404972059287594,604.696,2017_yk_256,Yukon,2016,0.70945810765626,0.392879162075498,-6.5062876737814e-4,555.5752032,737.4866119,1367.64,0.709258106,391.04066879826587
578,302.872,0.708204192083103,0.405114921543745,605.744,2017_yk_256,Yukon,2016,0.709403060244997,0.392147234087884,-7.3192798761445e-4,555.5752032,737.4866119,1367.64,0.709258106,391.04066879826587
579,303.396,0.708908772668329,0.400358655097128,606.792,2017_yk_256,Yukon,2016,0.709347980245495,0.39182672015376,-3.2051393412396e-4,555.5752032,737.4866119,1367.64,0.709258106,391.04066879826587
580,303.92,0.7104994892812,0.404664435798947,607.84,2017_yk_256,Yukon,2016,0.709325017207678,0.39145465875145,-3.7206140231049e-4,555.5752032,737.4866119,1367.64,0.709258106,391.04066879826587
581,304.444,0.712779405765285,0.401577750885126,608.888,2017_yk_256,Yukon,2016,0.709327978029055,0.391072122014316,-3.8253673713312e-4,555.5752032,737.4866119,1367.64,0.709258106,391.04066879826587
582,304.968,0.708512155555041,0.402184773700441,609.936,2017_yk_256,Yukon,2016,0.709237510717469,0.390613552396765,-4.5856961755136e-4,555.5752032,737.4866119,1367.64,0.709258106,391.04066879826587
583,305.492,0.709866092652201,0.396173382895554,610.984,2017_yk_256,Yukon,2016,0.709234724634325,0.390361279999079,-2.5227239768649e-4,555.5752032,737.4866119,1367.64,0.709258106,391.04066879826587
584,306.016,0.710327263510382,0.40028895688598,612.032,2017_yk_256,Yukon,2016,0.709257926724886,0.390170414826969,-1.9086517210964e-4,555.5752032,737.4866119,1367.64,0.709258106,391.04066879826587
585,306.54,0.711613183251864,0.397972119119407,613.08,2017_yk_256,Yukon,2016,0.709252659684209,0.389805870213834,-3.6454461313467e-4,555.5752032,737.4866119,1367.64,0.709258106,391.04066879826587
586,307.064,0.707208595754516,0.392401039081952,614.128,2017_yk_256,Yukon,2016,0.709272364443593,0.389396100414047,-4.0976979978768e-4,555.5752032,737.4866119,1367.64,0.709258106,391.04066879826587
587,307.588,0.70876783359002,0.391250887416213,615.176,2017_yk_256,Yukon,2016,0.709198906211235,0.389134339867476,-2.6176054657067e-4,555.5752032,737.4866119,1367.64,0.709258106,391.04066879826587
588,308.112,0.71005177185735,0.381120768555775,616.224,2017_yk_256,Yukon,2016,0.709284644725756,0.389064618587072,-6.97212804038339e-5,555.5752032,737.4866119,1367.64,0.709258106,391.04066879826587
589,308.636,0.706500943809974,0.380804497215081,617.272,2017_yk_256,Yukon,2016,0.709271075513302,0.38881743595022,-2.4718263685247e-4,555.5752032,737.4866119,1367.64,0.709258106,391.04066879826587
590,309.16,0.71021986523039,0.39547644838546,618.32,2017_yk_256,Yukon,2016,0.709291682751138,0.38854656067857,-2.708752716492e-4,555.5752032,737.4866119,1367.64,0.709258106,391.04066879826587
591,309.684,0.710251108855918,0.398404731656353,619.368,2017_yk_256,Yukon,2016,0.709261515896738,0.387944031469347,-6.0252920922349e-4,555.5752032,737.4866119,1367.64,0.709258106,391.04066879826587
592,310.208,0.712255194016086,0.398503449583586,620.416,2017_yk_256,Yukon,2016,0.709248804923439,0.387242132337175,-7.018991321715e-4,555.5752032,737.4866119,1367.64,0.709258106,391.04066879826587
593,310.732,0.710774267675473,0.395151614236739,621.464,2017_yk_256,Yukon,2016,0.70924974586549006,0.386632551252528,-6.0958108464692e-4,555.5752032,737.4866119,1367.64,0.709258106,391.04066879826587
594,311.256,0.709085228363489,0.397004783715061,622.512,2017_yk_256,Yukon,2016,0.709228021174215,0.38622332264703,-4.0922860549835e-4,555.5752032,737.4866119,1367.64,0.709258106,391.04066879826587
595,311.78,0.71227669836099206,0.38880412101143,623.56,2017_yk_256,Yukon,2016,0.709236758602039,0.385780758907437,-4.4256373959267e-4,555.5752032,737.4866119,1367.64,0.709258106,391.04066879826587
596,312.304,0.709673415998762,0.391173161915709,624.608,2017_yk_256,Yukon,2016,0.709214897781066,0.385167953180794,-6.1280572664373e-4,555.5752032,737.4866119,1367.64,0.709258106,391.04066879826587
597,312.828,0.710433082031157,0.394394863903091,625.656,2017_yk_256,Yukon,2016,0.709130976143076,0.384717911301443,-4.5004187935049e-4,555.5752032,737.4866119,1367.64,0.709258106,391.04066879826587
598,313.352,0.709610132522157,0.391538288916146,626.704,2017_yk_256,Yukon,2016,0.70916436664078,0.384147173757032,-5.7073754441106e-4,555.5752032,737.4866119,1367.64,0.709258106,391.04066879826587
599,313.876,0.707908945994817,0.39275716874698,627.752,2017_yk_256,Yukon,2016,0.709176383975175,0.383408323794394,-7.3884996263762e-4,555.5752032,737.4866119,1367.64,0.709258106,391.04066879826587
600,314.4,0.70733213135735,0.383883899612976,628.8,2017_yk_256,Yukon,2016,0.709260272829443,0.382441713545753,-9.666102486413e-4,555.5752032,737.4866119,1367.64,0.709258106,391.04066879826587
601,314.924,0.707859126594089,0.372139219952181,629.848,2017_yk_256,Yukon,2016,0.709290950934882,0.381426137379851,-0.00101557616590214,555.5752032,737.4866119,1367.64,0.709258106,391.04066879826587
602,315.448,0.711181606301386,0.37240488113866,630.896,2017_yk_256,Yukon,2016,0.709292733488019,0.380491729623486,-9.344077563646e-4,555.5752032,737.4866119,1367.64,0.709258106,391.04066879826587
603,315.972,0.709853344962623,0.374086429225212,631.944,2017_yk_256,Yukon,2016,0.709296776136448,0.379649335171474,-8.4239445201289e-4,555.5752032,737.4866119,1367.64,0.709258106,391.04066879826587
604,316.496,0.708600515447978,0.377684469608508,632.992,2017_yk_256,Yukon,2016,0.709253872185843,0.378997837057503,-6.5149811397091e-4,555.5752032,737.4866119,1367.64,0.709258106,391.04066879826587
605,317.02,0.713025297015008,0.382471725836218,634.04,2017_yk_256,Yukon,2016,0.709205208223648,0.378151004812431,-8.468322450712e-4,555.5752032,737.4866119,1367.64,0.709258106,391.04066879826587
606,317.544,0.709314683582617,0.378030576553346,635.088,2017_yk_256,Yukon,2016,0.709224320543305,0.377011889944959,-0.00113911486747215,555.5752032,737.4866119,1367.64,0.709258106,391.04066879826587
607,318.068,0.707265389088525,0.375547236395815,636.136,2017_yk_256,Yukon,2016,0.709278229665214,0.375871096268737,-0.00114079367622227,555.5752032,737.4866119,1367.64,0.709258106,391.04066879826587
608,318.592,0.708016511655121,0.374522961686915,637.184,2017_yk_256,Yukon,2016,0.709351963819678,0.374835686160038,-0.0010354101086994,555.5752032,737.4866119,1367.64,0.709258106,391.04066879826587
609,319.116,0.705351986193834,0.38147466367096,638.232,2017_yk_256,Yukon,2016,0.709350923334087,0.373750305579621,-0.00108538058041702,555.5752032,737.4866119,1367.64,0.709258106,391.04066879826587
610,319.64,0.707336577487949,0.367415020985557,639.28,2017_yk_256,Yukon,2016,0.709366185978561,0.372607595766102,-0.00114270981351811,555.5752032,737.4866119,1367.64,0.709258106,391.04066879826587
611,320.164,0.710885123241238,0.365620366780971,640.328,2017_yk_256,Yukon,2016,0.709283323889757,0.371550564508166,-0.00105703125793677,555.5752032,737.4866119,1367.64,0.709258106,391.04066879826587
612,320.688,0.704907053898907,0.361887426687817,641.376,2017_yk_256,Yukon,2016,0.709253222499269,0.370407139229217,-0.00114342527894884,555.5752032,737.4866119,1367.64,0.709258106,391.04066879826587
613,321.212,0.70914217455107,0.366969328007776,642.424,2017_yk_256,Yukon,2016,0.709257635534693,0.369348417778247,-0.0010587214509703,555.5752032,737.4866119,1367.64,0.709258106,391.04066879826587
614,321.736,0.709538837295764,0.371601045329812,643.472,2017_yk_256,Yukon,2016,0.709245682579007,0.368282961613709,-0.00106545616453724,555.5752032,737.4866119,1367.64,0.709258106,391.04066879826587
615,322.26,0.708886696399044,0.358294276698961,644.52,2017_yk_256,Yukon,2016,0.709157182300548,0.367340466842442,-9.4249477126706e-4,555.5752032,737.4866119,1367.64,0.709258106,391.04066879826587
616,322.784,0.710116518171756,0.356958194756655,645.568,2017_yk_256,Yukon,2016,0.709168031386681,0.366369537955726,-9.7092888671601e-4,555.5752032,737.4866119,1367.64,0.709258106,391.04066879826587
617,323.308,0.706309267462029,0.360191868636489,646.616,2017_yk_256,Yukon,2016,0.709199370926022,0.365158719139668,-0.00121081881605856,555.5752032,737.4866119,1367.64,0.709258106,391.04066879826587
618,323.832,0.713347137447594,0.368320116768991,647.664,2017_yk_256,Yukon,2016,0.709164064711492,0.364408293029554,-7.5042611011322e-4,555.5752032,737.4866119,1367.64,0.709258106,391.04066879826587
619,324.356,0.707938836473658,0.364013424703222,648.712,2017_yk_256,Yukon,2016,0.709244209339307,0.363804095711683,-6.0419731787109e-4,555.5752032,737.4866119,1367.64,0.709258106,391.04066879826587
620,324.88,0.707412908035883,0.368014783371822,649.76,2017_yk_256,Yukon,2016,0.709232905585277,0.36290772699483,-8.9636871685383e-4,555.5752032,737.4866119,1367.64,0.709258106,391.04066879826587
621,325.404,0.708568997357344,0.365153778520107,650.808,2017_yk_256,Yukon,2016,0.709215826822668,0.361820994021665,-0.00108673297316436,555.5752032,737.4866119,1367.64,0.709258106,391.04066879826587
622,325.928,0.70958978857033606,0.363346080533289,651.856,2017_yk_256,Yukon,2016,0.709124505439278,0.360707471788528,-0.00111352223313738,555.5752032,737.4866119,1367.64,0.709258106,391.04066879826587
623,326.452,0.706272865687338,0.365494804124542,652.904,2017_yk_256,Yukon,2016,0.709090627355442,0.359612573867305,-0.00109489792122314,555.5752032,737.4866119,1367.64,0.709258106,391.04066879826587
624,326.976,0.707715262053713,0.367974621204253,653.952,2017_yk_256,Yukon,2016,0.709054377797603,0.358469162474917,-0.00114341139238816,555.5752032,737.4866119,1367.64,0.709258106,391.04066879826587
625,327.5,0.709516731833785,0.37014838393908,655,2017_yk_256,Yukon,2016,0.709014628199426,0.357271242883906,-0.00119791959101062,555.5752032,737.4866119,1367.64,0.709258106,391.04066879826587
626,328.024,0.708922251482417,0.373265026043226,656.048,2017_yk_256,Yukon,2016,0.708975417778247,0.355974521054713,-0.00129672182919294,555.5752032,737.4866119,1367.64,0.709258106,391.04066879826587
627,328.548,0.705742221417918,0.371646610462311,657.096,2017_yk_256,Yukon,2016,0.708942384757024,0.354696693447083,-0.00127782760763001,555.5752032,737.4866119,1367.64,0.709258106,391.04066879826587
628,329.072,0.711281544139818,0.360392014668412,658.144,2017_yk_256,Yukon,2016,0.708884659675117,0.35356075573573,-0.00113593771135312,555.5752032,737.4866119,1367.64,0.709258106,391.04066879826587
629,329.596,0.70995358476978,0.351833298887208,659.192,2017_yk_256,Yukon,2016,0.708920453601608,0.352441200189234,-0.00111955554649584,555.5752032,737.4866119,1367.64,0.709258106,391.04066879826587
630,330.12,0.710656312031443,0.345690450932046,660.24,2017_yk_256,Yukon,2016,0.708990223552108,0.351323938927782,-0.00111726126145151,555.5752032,737.4866119,1367.64,0.709258106,391.04066879826587
631,330.644,0.711375833604487,0.346438398431638,661.288,2017_yk_256,Yukon,2016,0.709049118452737,0.350393245272763,-9.3069365501991e-4,555.5752032,737.4866119,1367.64,0.709258106,391.04066879826587
632,331.168,0.709137907042041,0.349437781336004,662.336,2017_yk_256,Yukon,2016,0.709050961229602,0.349681828624304,-7.1141664845869e-4,555.5752032,737.4866119,1367.64,0.709258106,391.04066879826587
633,331.692,0.711907583760296,0.353517155579588,663.384,2017_yk_256,Yukon,2016,0.709010142382829,0.348943652418036,-7.3817620626737e-4,555.5752032,737.4866119,1367.64,0.709258106,391.04066879826587
634,332.216,0.70686654119318,0.355260677745952,664.432,2017_yk_256,Yukon,2016,0.709009428399559,0.348072666296585,-8.7098612145192e-4,555.5752032,737.4866119,1367.64,0.709258106,391.04066879826587
635,332.74,0.707156421475422,0.350031314236397,665.48,2017_yk_256,Yukon,2016,0.708938926011638,0.347027177117444,-0.00104548917914093,555.5752032,737.4866119,1367.64,0.709258106,391.04066879826587
636,333.264,0.709336572110195,0.347458204091156,666.528,2017_yk_256,Yukon,2016,0.708932720529924,0.346001486900886,-0.00102569021655807,555.5752032,737.4866119,1367.64,0.709258106,391.04066879826587
637,333.788,0.713343999891378,0.336524438714258,667.576,2017_yk_256,Yukon,2016,0.70902609025063,0.34505484758736,-9.4663931352523e-4,555.5752032,737.4866119,1367.64,0.709258106,391.04066879826587
638,334.312,0.712628241350929,0.342990315021783,668.624,2017_yk_256,Yukon,2016,0.709017734035243,0.34428293709713,-7.7191049023067e-4,555.5752032,737.4866119,1367.64,0.709258106,391.04066879826587
639,334.836,0.708846343532882,0.335235820272104,669.672,2017_yk_256,Yukon,2016,0.709095472578531,0.34336847551883,-9.1446157829983e-4,555.5752032,737.4866119,1367.64,0.709258106,391.04066879826587
640,335.36,0.711415247949609,0.336101846987861,670.72,2017_yk_256,Yukon,2016,0.709102130503893,0.342502039287907,-8.6643623092275e-4,555.5752032,737.4866119,1367.64,0.709258106,391.04066879826587
641,335.884,0.707807680437069,0.338155875408919,671.768,2017_yk_256,Yukon,2016,0.709052148174278,0.341560398762975,-9.4164052493211e-4,555.5752032,737.4866119,1367.64,0.709258106,391.04066879826587
642,336.408,0.706706072125761,0.333579256963511,672.816,2017_yk_256,Yukon,2016,0.709130031801611,0.340887938409682,-6.724603532931e-4,555.5752032,737.4866119,1367.64,0.709258106,391.04066879826587
643,336.932,0.710130874777623,0.332650095837338,673.864,2017_yk_256,Yukon,2016,0.709114340894084,0.340184793590541,-7.0314481914041e-4,555.5752032,737.4866119,1367.64,0.709258106,391.04066879826587
644,337.456,0.709610086169232,0.336361587013745,674.912,2017_yk_256,Yukon,2016,0.709171541017011,0.339275298931959,-9.0949465858269e-4,555.5752032,737.4866119,1367.64,0.709258106,391.04066879826587
645,337.98,0.706303166544341,0.341422432843383,675.96,2017_yk_256,Yukon,2016,0.709157850026289,0.338646355856344,-6.2894307561428e-4,555.5752032,737.4866119,1367.64,0.709258106,391.04066879826587
646,338.504,0.70785954092247,0.334145305878991,677.008,2017_yk_256,Yukon,2016,0.709117902479743,0.338107165732224,-5.391901241204e-4,555.5752032,737.4866119,1367.64,0.709258106,391.04066879826587
647,339.028,0.71064820595053,0.318601758452697,678.056,2017_yk_256,Yukon,2016,0.709161264337234,0.337452752185905,-6.5441354631951e-4,555.5752032,737.4866119,1367.64,0.709258106,391.04066879826587
648,339.552,0.707933398985529,0.336095201948983,679.104,2017_yk_256,Yukon,2016,0.709093252782031,0.336754911486868,-6.9784069903633e-4,555.5752032,737.4866119,1367.64,0.709258106,391.04066879826587
649,340.076,0.711309621478839,0.344552658142815,680.152,2017_yk_256,Yukon,2016,0.709138570277313,0.336129322684698,-6.2558880216989e-4,555.5752032,737.4866119,1367.64,0.709258106,391.04066879826587
650,340.6,0.709541639988607,0.341694325374229,681.2,2017_yk_256,Yukon,2016,0.709145842678312,0.335574463989067,-5.5485869563082e-4,555.5752032,737.4866119,1367.64,0.709258106,391.04066879826587
651,341.124,0.70922638309938,0.333200753266492,682.248,2017_yk_256,Yukon,2016,0.709160277761218,0.334939377857336,-6.3508613173163e-4,555.5752032,737.4866119,1367.64,0.709258106,391.04066879826587
652,341.648,0.706775911012716,0.331692115595342,683.296,2017_yk_256,Yukon,2016,0.709195819928216,0.334309768150265,-6.2960970707054e-4,555.5752032,737.4866119,1367.64,0.709258106,391.04066879826587
653,342.172,0.70874158264529,0.32945773896335,684.344,2017_yk_256,Yukon,2016,0.709250803401295,0.333501591098143,-8.0817705212238e-4,555.5752032,737.4866119,1367.64,0.709258106,391.04066879826587
654,342.696,0.706910254893179,0.328400100171772,685.392,2017_yk_256,Yukon,2016,0.709253806909849,0.332653630685582,-8.4796041256091e-4,555.5752032,737.4866119,1367.64,0.709258106,391.04066879826587
655,343.22,0.709891722470322,0.316928945550793,686.44,2017_yk_256,Yukon,2016,0.70925558318284,0.33175643321939,-8.9719746619237e-4,555.5752032,737.4866119,1367.64,0.709258106,391.04066879826587
656,343.744,0.70732079072803,0.313369852164133,687.488,2017_yk_256,Yukon,2016,0.709246839940751,0.330818697550525,-9.3773566886468e-4,555.5752032,737.4866119,1367.64,0.709258106,391.04066879826587
657,344.268,0.708451100757774,0.317725207445292,688.536,2017_yk_256,Yukon,2016,0.709285488082004,0.329882517648992,-9.3617990153316e-4,555.5752032,737.4866119,1367.64,0.709258106,391.04066879826587
658,344.792,0.706146627607737,0.323382026234957,689.584,2017_yk_256,Yukon,2016,0.70922244131199,0.329120231024908,-7.622866240835e-4,555.5752032,737.4866119,1367.64,0.709258106,391.04066879826587
659,345.316,0.710056581584317,0.325583835957232,690.632,2017_yk_256,Yukon,2016,0.709216689819405,0.328501216412146,-6.1901461276214e-4,555.5752032,737.4866119,1367.64,0.709258106,391.04066879826587
660,345.84,0.71151832838732,0.316848223925883,691.68,2017_yk_256,Yukon,2016,0.709233385189906,0.328067685986681,-4.3353042546556e-4,555.5752032,737.4866119,1367.64,0.709258106,391.04066879826587
661,346.364,0.711392820631837,0.316297600650986,692.728,2017_yk_256,Yukon,2016,0.709155967975753,0.327604777740907,-4.629082457731e-4,555.5752032,737.4866119,1367.64,0.709258106,391.04066879826587
662,346.888,0.71129217291328,0.32971988223114,693.776,2017_yk_256,Yukon,2016,0.70913942289215,0.327042875576336,-5.6190216457102e-4,555.5752032,737.4866119,1367.64,0.709258106,391.04066879826587
663,347.412,0.707404214156252,0.329795856849169,694.824,2017_yk_256,Yukon,2016,0.709142222248841,0.326403241458143,-6.3963411819384e-4,555.5752032,737.4866119,1367.64,0.709258106,391.04066879826587
664,347.936,0.708557676451758,0.325425302321393,695.872,2017_yk_256,Yukon,2016,0.709237569004424,0.325682956772771,-7.2028468537194e-4,555.5752032,737.4866119,1367.64,0.709258106,391.04066879826587
665,348.46,0.70879515373975,0.319742375087759,696.92,2017_yk_256,Yukon,2016,0.709248730269734,0.324957583459791,-7.2537331297939e-4,555.5752032,737.4866119,1367.64,0.709258106,391.04066879826587
666,348.984,0.708942354679778,0.316489163559864,697.968,2017_yk_256,Yukon,2016,0.709249945126981,0.324508237925841,-4.4934553395048e-4,555.5752032,737.4866119,1367.64,0.709258106,391.04066879826587
667,349.508,0.712867572330911,0.318748877584299,699.016,2017_yk_256,Yukon,2016,0.709214143162821,0.324026952258897,-4.8128566694333e-4,555.5752032,737.4866119,1367.64,0.709258106,391.04066879826587
668,350.032,0.707515138731866,0.328208332273075,700.064,2017_yk_256,Yukon,2016,0.709172173838305,0.323506280874554,-5.2067138434358e-4,555.5752032,737.4866119,1367.64,0.709258106,391.04066879826587
669,350.556,0.710016298791125,0.326606968972971,701.112,2017_yk_256,Yukon,2016,0.709165759304663,0.323231897260075,-2.7438361447851e-4,555.5752032,737.4866119,1367.64,0.709258106,391.04066879826587
670,351.08,0.70773605300967,0.315428847130192,702.16,2017_yk_256,Yukon,2016,0.709129295529223,0.322943079867001,-2.888173930744e-4,555.5752032,737.4866119,1367.64,0.709258106,391.04066879826587
671,351.604,0.707886183464358,0.309121935285043,703.208,2017_yk_256,Yukon,2016,0.70921713882646,0.32243093153437,-5.121483326313e-4,555.5752032,737.4866119,1367.64,0.709258106,391.04066879826587
672,352.128,0.70958007153891,0.32153980549023,704.256,2017_yk_256,Yukon,2016,0.709242200981039,0.321995525415752,-4.3540611861747e-4,555.5752032,737.4866119,1367.64,0.709258106,391.04066879826587
673,352.652,0.708200720099438,0.324780638859351,705.304,2017_yk_256,Yukon,2016,0.709235966337618,0.321389773419037,-6.0575199671514e-4,555.5752032,737.4866119,1367.64,0.709258106,391.04066879826587
674,353.176,0.712970844671353,0.317031365814851,706.352,2017_yk_256,Yukon,2016,0.709208504715254,0.320746106596563,-6.4366682247357e-4,555.5752032,737.4866119,1367.64,0.709258106,391.04066879826587
675,353.7,0.708065236955716,0.320557692162105,707.4,2017_yk_256,Yukon,2016,0.709266475888245,0.319918562741172,-8.2754385539174e-4,555.5752032,737.4866119,1367.64,0.709258106,391.04066879826587
676,354.224,0.707719665379008,0.324606787309429,708.448,2017_yk_256,Yukon,2016,0.709256764757633,0.319191771311113,-0.00072679143005909995,555.5752032,737.4866119,1367.64,0.709258106,391.04066879826587
677,354.748,0.708910978911486,0.320927055857318,709.496,2017_yk_256,Yukon,2016,0.709230467962219,0.318734868586671,-4.5690272444165e-4,555.5752032,737.4866119,1367.64,0.709258106,391.04066879826587
678,355.272,0.709266444135409,0.326449674826812,710.544,2017_yk_256,Yukon,2016,0.709233833796359,0.31816805419597,-5.6681439070122e-4,555.5752032,737.4866119,1367.64,0.709258106,391.04066879826587
679,355.796,0.710657886190633,0.32647809657303,711.592,2017_yk_256,Yukon,2016,0.709281368336134,0.317425924763104,-7.4212943286527e-4,555.5752032,737.4866119,1367.64,0.709258106,391.04066879826587
680,356.32,0.707849252095801,0.33472326163397,712.64,2017_yk_256,Yukon,2016,0.709315453745474,0.316786102298467,-6.398224646375e-4,555.5752032,737.4866119,1367.64,0.709258106,391.04066879826587
681,356.844,0.7094351023317,0.327048610616212,713.688,2017_yk_256,Yukon,2016,0.709308421443313,0.316228302259565,-5.5780003890149e-4,555.5752032,737.4866119,1367.64,0.709258106,391.04066879826587
682,357.368,0.711722318590226,0.325569498109056,714.736,2017_yk_256,Yukon,2016,0.709310520102373,0.315586885274852,-6.4141698471348e-4,555.5752032,737.4866119,1367.64,0.709258106,391.04066879826587
683,357.892,0.709571874072056,0.317004180997201,715.784,2017_yk_256,Yukon,2016,0.709325156664469,0.31491184913719,-6.7503613766162e-4,555.5752032,737.4866119,1367.64,0.709258106,391.04066879826587
684,358.416,0.70789547256695,0.317096996450602,716.832,2017_yk_256,Yukon,2016,0.709332635702687,0.314345021128026,-5.6682800916441e-4,555.5752032,737.4866119,1367.64,0.709258106,391.04066879826587
685,358.94,0.709623308213257,0.316316535967536,717.88,2017_yk_256,Yukon,2016,0.709300655003186,0.313938714167521,-4.0630696050481e-4,555.5752032,737.4866119,1367.64,0.709258106,391.04066879826587
686,359.464,0.708397656957084,0.317000885911345,718.928,2017_yk_256,Yukon,2016,0.709397766803263,0.313452042054997,-4.8667211252378e-4,555.5752032,737.4866119,1367.64,0.709258106,391.04066879826587
687,359.988,0.708061109893109,0.315475816370321,719.976,2017_yk_256,Yukon,2016,0.709407428960199,0.312988782825451,-4.6325922954648e-4,555.5752032,737.4866119,1367.64,0.709258106,391.04066879826587
688,360.512,0.707498737938931,0.314654817223403,721.024,2017_yk_256,Yukon,2016,0.709505595951757,0.312389411511186,-5.9937131426529e-4,555.5752032,737.4866119,1367.64,0.709258106,391.04066879826587
689,361.036,0.70960849521469,0.31469242212148,722.072,2017_yk_256,Yukon,2016,0.709486430080405,0.311712150790996,-6.7726072018981e-4,555.5752032,737.4866119,1367.64,0.709258106,391.04066879826587
690,361.56,0.711658034261524,0.319678625404112,723.12,2017_yk_256,Yukon,2016,0.709450374931384,0.311277422172518,-4.3472861847804e-4,555.5752032,737.4866119,1367.64,0.709258106,391.04066879826587
691,362.084,0.706730800755313,0.318663903685252,724.168,2017_yk_256,Yukon,2016,0.709349570587684,0.310783623562334,-4.9379861018328e-4,555.5752032,737.4866119,1367.64,0.709258106,391.04066879826587
692,362.608,0.708145202025874,0.315723651461742,725.216,2017_yk_256,Yukon,2016,0.709346518852407,0.309987098038918,-7.9652552341613e-4,555.5752032,737.4866119,1367.64,0.709258106,391.04066879826587
693,363.132,0.712075545161718,0.315139108487958,726.264,2017_yk_256,Yukon,2016,0.709357525515951,0.309198422366819,-7.8867567209883e-4,555.5752032,737.4866119,1367.64,0.709258106,391.04066879826587
694,363.656,0.712587346528193,0.312043596623635,727.312,2017_yk_256,Yukon,2016,0.709353641578526,0.308501917469754,-6.965048970659e-4,555.5752032,737.4866119,1367.64,0.709258106,391.04066879826587
695,364.18,0.70782609739402,0.306508915457635,728.36,2017_yk_256,Yukon,2016,0.709333316682477,0.307924164707098,-5.7775276265592e-4,555.5752032,737.4866119,1367.64,0.709258106,391.04066879826587
696,364.704,0.709409463544982,0.320497472054128,729.408,2017_yk_256,Yukon,2016,0.709334736541452,0.307413398786542,-5.1076592055576e-4,555.5752032,737.4866119,1367.64,0.709258106,391.04066879826587
697,365.228,0.711195882041796,0.307647298697658,730.456,2017_yk_256,Yukon,2016,0.709330011724139,0.306905022224496,-5.0837656204555e-4,555.5752032,737.4866119,1367.64,0.709258106,391.04066879826587
698,365.752,0.710110081879984,0.311750031961168,731.504,2017_yk_256,Yukon,2016,0.709318116328589,0.306222717932209,-6.8230429228777e-4,555.5752032,737.4866119,1367.64,0.709258106,391.04066879826587
699,366.276,0.708461471514326,0.318772803403397,732.552,2017_yk_256,Yukon,2016,0.709337471584235,0.305482269047325,-7.4044888488394e-4,555.5752032,737.4866119,1367.64,0.709258106,391.04066879826587
700,366.8,0.709227421423227,0.318772803403397,733.6,2017_yk_256,Yukon,2016,0.709365471978075,0.304867377036102,-6.14892011223e-4,555.5752032,737.4866119,1367.64,0.709258106,391.04066879826587
701,367.324,0.713078278271289,0.30742697545104,734.648,2017_yk_256,Yukon,2016,0.709354511288999,0.30428825957594,-5.791174601612e-4,555.5752032,737.4866119,1367.64,0.709258106,391.04066879826587
702,367.848,0.708209801400511,0.307454889846461,735.696,2017_yk_256,Yukon,2016,0.709360869735232,0.303485192351046,-8.0306722489426e-4,555.5752032,737.4866119,1367.64,0.709258106,391.04066879826587
703,368.372,0.709756796172372,0.296304976034428,736.744,2017_yk_256,Yukon,2016,0.709356991425027,0.302773357402902,-7.1183494814375e-4,555.5752032,737.4866119,1367.64,0.709258106,391.04066879826587
704,368.896,0.707962388827352,0.297741577665332,737.792,2017_yk_256,Yukon,2016,0.70930684656764,0.302270152346449,-5.0320505645373e-4,555.5752032,737.4866119,1367.64,0.709258106,391.04066879826587
705,369.42,0.709781436923802,0.291769801519878,738.84,2017_yk_256,Yukon,2016,0.709334719797804,0.301618118901123,-6.5203344532577e-4,555.5752032,737.4866119,1367.64,0.709258106,391.04066879826587
706,369.944,0.707276873085784,0.290537820075442,739.888,2017_yk_256,Yukon,2016,0.709364587495859,0.300789831308421,-8.2828759270203e-4,555.5752032,737.4866119,1367.64,0.709258106,391.04066879826587
707,370.468,0.709070398225673,0.291187594986197,740.936,2017_yk_256,Yukon,2016,0.709368217260337,0.300175567276155,-6.1426403226566e-4,555.5752032,737.4866119,1367.64,0.709258106,391.04066879826587
708,370.992,0.708135349033963,0.302086338506912,741.984,2017_yk_256,Yukon,2016,0.709386103837319,0.299346890204714,-8.2867707144107e-4,555.5752032,737.4866119,1367.64,0.709258106,391.04066879826587
709,371.516,0.714161693865331,0.300024892170899,743.032,2017_yk_256,Yukon,2016,0.709346125280433,0.2985960650481,-7.5082515661373e-4,555.5752032,737.4866119,1367.64,0.709258106,391.04066879826587
710,372.04,0.711586764548969,0.303304977495979,744.08,2017_yk_256,Yukon,2016,0.709309061452661,0.297607342920516,-9.8872212758427e-4,555.5752032,737.4866119,1367.64,0.709258106,391.04066879826587
711,372.564,0.708804444969751,0.299732750932403,745.128,2017_yk_256,Yukon,2016,0.709370450407793,0.296763725696537,-8.4361722397868e-4,555.5752032,737.4866119,1367.64,0.709258106,391.04066879826587
712,373.088,0.7069018305563,0.293207096512533,746.176,2017_yk_256,Yukon,2016,0.709290666278638,0.295890463901641,-8.7326179489638e-4,555.5752032,737.4866119,1367.64,0.709258106,391.04066879826587
713,373.612,0.709619776371078,0.288955570703654,747.224,2017_yk_256,Yukon,2016,0.709226752127644,0.29511361958461,-7.7684431703062e-4,555.5752032,737.4866119,1367.64,0.709258106,391.04066879826587
714,374.136,0.707358997186214,0.294390419621909,748.272,2017_yk_256,Yukon,2016,0.70924084797596,0.294274413373728,-8.392062108819e-4,555.5752032,737.4866119,1367.64,0.709258106,391.04066879826587
715,374.66,0.707972880500264,0.292550527920505,749.32,2017_yk_256,Yukon,2016,0.709196939030991,0.293523700536796,-7.5071283693212e-4,555.5752032,737.4866119,1367.64,0.709258106,391.04066879826587
716,375.184,0.713147498732648,0.284169525412704,750.368,2017_yk_256,Yukon,2016,0.709208838347076,0.29279311415535,-7.3058638144674e-4,555.5752032,737.4866119,1367.64,0.709258106,391.04066879826587
717,375.708,0.709030830173972,0.289929653672507,751.416,2017_yk_256,Yukon,2016,0.709209251844017,0.292012758567939,-7.8035558741096e-4,555.5752032,737.4866119,1367.64,0.709258106,391.04066879826587
718,376.232,0.712036647101226,0.287419747379036,752.464,2017_yk_256,Yukon,2016,0.709221235270898,0.291290683014872,-7.2207555306619e-4,555.5752032,737.4866119,1367.64,0.709258106,391.04066879826587
719,376.756,0.708906629303203,0.284948192745843,753.512,2017_yk_256,Yukon,2016,0.70921782881489,0.290579988247694,-7.1069476717877e-4,555.5752032,737.4866119,1367.64,0.709258106,391.04066879826587
720,377.28,0.709355019446021,0.2907645068172,754.56,2017_yk_256,Yukon,2016,0.70908917125779,0.289595324927754,-9.846633199399e-4,555.5752032,737.4866119,1367.64,0.709258106,391.04066879826587
721,377.804,0.705344560009826,0.28666968403999,755.608,2017_yk_256,Yukon,2016,0.709107580180389,0.288694240954031,-9.0108397372246e-4,555.5752032,737.4866119,1367.64,0.709258106,391.04066879826587
722,378.328,0.711109068796653,0.281928350826171,756.656,2017_yk_256,Yukon,2016,0.70910823299172,0.287809479864219,-8.8476108981222e-4,555.5752032,737.4866119,1367.64,0.709258106,391.04066879826587
723,378.852,0.708064613968929,0.282475316523238,757.704,2017_yk_256,Yukon,2016,0.709059040528941,0.287003008045316,-8.0647181890319e-4,555.5752032,737.4866119,1367.64,0.709258106,391.04066879826587
724,379.376,0.708324640206238,0.283635008497438,758.752,2017_yk_256,Yukon,2016,0.709034581976783,0.286186013730525,-8.169943147907e-4,555.5752032,737.4866119,1367.64,0.709258106,391.04066879826587
725,379.9,0.707575659976831,0.285077209328401,759.8,2017_yk_256,Yukon,2016,0.709067479120866,0.285617542270742,-5.6847145978289e-4,555.5752032,737.4866119,1367.64,0.709258106,391.04066879826587
726,380.424,0.709027546218278,0.285843208326517,760.848,2017_yk_256,Yukon,2016,0.709090309262469,0.284800587832539,-8.1695443820306e-4,555.5752032,737.4866119,1367.64,0.709258106,391.04066879826587
727,380.948,0.712584083292133,0.288246283861565,761.896,2017_yk_256,Yukon,2016,0.709073601666414,0.284140086753565,-6.6050107897425e-4,555.5752032,737.4866119,1367.64,0.709258106,391.04066879826587
728,381.472,0.706801414998864,0.287270074735809,762.944,2017_yk_256,Yukon,2016,0.709068844650973,0.283346450740833,-7.9363601273208e-4,555.5752032,737.4866119,1367.64,0.709258106,391.04066879826587
729,381.996,0.711177614129848,0.282180035879935,763.992,2017_yk_256,Yukon,2016,0.70906512838411,0.282355853823527,-9.9059691730568e-4,555.5752032,737.4866119,1367.64,0.709258106,391.04066879826587
730,382.52,0.709416076640082,0.278535326456812,765.04,2017_yk_256,Yukon,2016,0.709054345257517,0.281350297176513,-0.00100555664701413,555.5752032,737.4866119,1367.64,0.709258106,391.04066879826587
731,383.044,0.707228542119814,0.27437488767537,766.088,2017_yk_256,Yukon,2016,0.70896105717138,0.280524656058654,-8.2564111785865e-4,555.5752032,737.4866119,1367.64,0.709258106,391.04066879826587
732,383.568,0.70996157831286,0.273355771996572,767.136,2017_yk_256,Yukon,2016,0.708993158258357,0.279658639562839,-8.6601649581502e-4,555.5752032,737.4866119,1367.64,0.709258106,391.04066879826587
733,384.092,0.707968021487158,0.282070541970729,768.184,2017_yk_256,Yukon,2016,0.708996047412095,0.278983812675764,-6.7482688707526e-4,555.5752032,737.4866119,1367.64,0.709258106,391.04066879826587
734,384.616,0.709962153228126,0.286839062427627,769.232,2017_yk_256,Yukon,2016,0.708974249729481,0.27811607820567,-8.6773447009413e-4,555.5752032,737.4866119,1367.64,0.709258106,391.04066879826587
735,385.14,0.709737630765602,0.281435685442555,770.28,2017_yk_256,Yukon,2016,0.708947937494915,0.277432515445179,-6.8356276049136e-4,555.5752032,737.4866119,1367.64,0.709258106,391.04066879826587
736,385.664,0.709511727262289,0.274909531747305,771.328,2017_yk_256,Yukon,2016,0.708949901526583,0.276742818088149,-6.8969735702922e-4,555.5752032,737.4866119,1367.64,0.709258106,391.04066879826587
737,386.188,0.709128764780169,0.28407121392138,772.376,2017_yk_256,Yukon,2016,0.708931070655048,0.276044641596268,-6.9817649188097e-4,555.5752032,737.4866119,1367.64,0.709258106,391.04066879826587
738,386.712,0.710339638754299,0.276729050540346,773.424,2017_yk_256,Yukon,2016,0.708925724555249,0.27522387517862,-8.2076641764855e-4,555.5752032,737.4866119,1367.64,0.709258106,391.04066879826587
739,387.236,0.708259172777458,0.281428587176207,774.472,2017_yk_256,Yukon,2016,0.7088319486513,0.274554274254866,-6.6960092375373e-4,555.5752032,737.4866119,1367.64,0.709258106,391.04066879826587
740,387.76,0.705625422429546,0.275399933978913,775.52,2017_yk_256,Yukon,2016,0.708841545684386,0.273693920862833,-8.603533920336e-4,555.5752032,737.4866119,1367.64,0.709258106,391.04066879826587
741,388.284,0.713118439639613,0.276431577177492,776.568,2017_yk_256,Yukon,2016,0.708795244703159,0.272800330946093,-8.9358991673971e-4,555.5752032,737.4866119,1367.64,0.709258106,391.04066879826587
742,388.808,0.706935270840922,0.273173790415275,777.616,2017_yk_256,Yukon,2016,0.708849108415652,0.271906821691116,-8.9350925497722e-4,555.5752032,737.4866119,1367.64,0.709258106,391.04066879826587
743,389.332,0.70573702501239,0.270393521975364,778.664,2017_yk_256,Yukon,2016,0.708875118951033,0.271006099350287,-9.0072234082866e-4,555.5752032,737.4866119,1367.64,0.709258106,391.04066879826587
744,389.856,0.708741223465888,0.266744623797685,779.712,2017_yk_256,Yukon,2016,0.708855490773729,0.270126765490314,-8.7933385997329e-4,555.5752032,737.4866119,1367.64,0.709258106,391.04066879826587
745,390.38,0.70698877151516,0.27127376575161,780.76,2017_yk_256,Yukon,2016,0.708825285953665,0.269206209396941,-9.205560933726e-4,555.5752032,737.4866119,1367.64,0.709258106,391.04066879826587
746,390.904,0.709111615922195,0.273165703024539,781.808,2017_yk_256,Yukon,2016,0.70881366552872,0.268377173990527,-8.2903540641365e-4,555.5752032,737.4866119,1367.64,0.709258106,391.04066879826587
747,391.428,0.708085919709523,0.268654481125663,782.856,2017_yk_256,Yukon,2016,0.708832415220649,0.267546454558087,-8.3071943244084e-4,555.5752032,737.4866119,1367.64,0.709258106,391.04066879826587
748,391.952,0.708217743551807,0.271330284039433,783.904,2017_yk_256,Yukon,2016,0.708757286012555,0.266529359507045,-0.00101709505104169,555.5752032,737.4866119,1367.64,0.709258106,391.04066879826587
749,392.476,0.709404107854237,0.272050736090753,784.952,2017_yk_256,Yukon,2016,0.708732106605924,0.265504251708407,-0.00102510779863763,555.5752032,737.4866119,1367.64,0.709258106,391.04066879826587
750,393,0.703938580835492,0.260598826207719,786,2017_yk_256,Yukon,2016,0.70873445202231,0.264378660034024,-0.00112559167438364,555.5752032,737.4866119,1367.64,0.709258106,391.04066879826587
751,393.524,0.707835336111233,0.264598865261903,787.048,2017_yk_256,Yukon,2016,0.708816609613988,0.263361870585466,-0.00101678944855771,555.5752032,737.4866119,1367.64,0.709258106,391.04066879826587
752,394.048,0.708184370705735,0.26263798607301,788.096,2017_yk_256,Yukon,2016,0.708754256491103,0.262315223659825,-0.00104664692564099,555.5752032,737.4866119,1367.64,0.709258106,391.04066879826587
753,394.572,0.709123997395005,0.266750799353765,789.144,2017_yk_256,Yukon,2016,0.708748293708515,0.261353583803137,-9.6163985668784e-4,555.5752032,737.4866119,1367.64,0.709258106,391.04066879826587
754,395.096,0.711119833398728,0.263023937736195,790.192,2017_yk_256,Yukon,2016,0.708682354909769,0.260560740625948,-7.9284317718947e-4,555.5752032,737.4866119,1367.64,0.709258106,391.04066879826587
755,395.62,0.709799926038999,0.27240062787066,791.24,2017_yk_256,Yukon,2016,0.708735304293985,0.259670708431372,-8.9003219457573e-4,555.5752032,737.4866119,1367.64,0.709258106,391.04066879826587
756,396.144,0.710779272041164,0.271480205761944,792.288,2017_yk_256,Yukon,2016,0.70872375919368,0.258654518007909,-0.00101619042346268,555.5752032,737.4866119,1367.64,0.709258106,391.04066879826587
757,396.668,0.710193426278492,0.268017233959201,793.336,2017_yk_256,Yukon,2016,0.708695417379642,0.257588849927839,-0.00106566808007025,555.5752032,737.4866119,1367.64,0.709258106,391.04066879826587
758,397.192,0.70982466095349,0.264131871197242,794.384,2017_yk_256,Yukon,2016,0.708751782448999,0.256628686965503,-9.6016296233542e-4,555.5752032,737.4866119,1367.64,0.709258106,391.04066879826587
759,397.716,0.708238495502568,0.259336988365056,795.432,2017_yk_256,Yukon,2016,0.708614232910872,0.255794504106483,-8.3418285902064e-4,555.5752032,737.4866119,1367.64,0.709258106,391.04066879826587
760,398.24,0.708580433827648,0.258439404582547,796.48,2017_yk_256,Yukon,2016,0.708624750937498,0.254960609043326,-8.3389506315706e-4,555.5752032,737.4866119,1367.64,0.709258106,391.04066879826587
761,398.764,0.707480993103043,0.257888508379522,797.528,2017_yk_256,Yukon,2016,0.708702639845687,0.254143758522517,-8.1685052080865e-4,555.5752032,737.4866119,1367.64,0.709258106,391.04066879826587
762,399.288,0.710135866619129,0.255493900097557,798.576,2017_yk_256,Yukon,2016,0.708656384912292,0.253379516631222,-7.6424189129553e-4,555.5752032,737.4866119,1367.64,0.709258106,391.04066879826587
763,399.812,0.7099301453967,0.255815362809914,799.624,2017_yk_256,Yukon,2016,0.708638276448927,0.252463122825671,-9.163938055503e-4,555.5752032,737.4866119,1367.64,0.709258106,391.04066879826587
764,400.336,0.706654527870506,0.245677509459681,800.672,2017_yk_256,Yukon,2016,0.708680476478477,0.251518101733009,-9.4502109266181e-4,555.5752032,737.4866119,1367.64,0.709258106,391.04066879826587
765,400.86,0.708202702849834,0.250756035890397,801.72,2017_yk_256,Yukon,2016,0.708696172657097,0.250597948659085,-9.2015307392473e-4,555.5752032,737.4866119,1367.64,0.709258106,391.04066879826587
766,401.384,0.707394714985857,0.249155978653687,802.768,2017_yk_256,Yukon,2016,0.708734779143948,0.249773830722761,-8.2411793632383e-4,555.5752032,737.4866119,1367.64,0.709258106,391.04066879826587
767,401.908,0.707940545933583,0.24929700547334,803.816,2017_yk_256,Yukon,2016,0.708777693396897,0.248827494320254,-9.4633640250727e-4,555.5752032,737.4866119,1367.64,0.709258106,391.04066879826587
768,402.432,0.707814583045985,0.252840353447997,804.864,2017_yk_256,Yukon,2016,0.708718697916435,0.248062584549808,-7.6490977044582e-4,555.5752032,737.4866119,1367.64,0.709258106,391.04066879826587
769,402.956,0.70853513962845,0.259848836745675,805.912,2017_yk_256,Yukon,2016,0.708757351002785,0.2470681751189,-9.9440943090742e-4,555.5752032,737.4866119,1367.64,0.709258106,391.04066879826587
770,403.48,0.712162586534087,0.251683773973961,806.96,2017_yk_256,Yukon,2016,0.70883447229979,0.246130747244945,-9.3742787395492e-4,555.5752032,737.4866119,1367.64,0.709258106,391.04066879826587
771,404.004,0.706026386096146,0.246117355928021,808.008,2017_yk_256,Yukon,2016,0.708738443649477,0.245307068872127,-8.2367837281865e-4,555.5752032,737.4866119,1367.64,0.709258106,391.04066879826587
772,404.528,0.710133653305855,0.2395965412139,809.056,2017_yk_256,Yukon,2016,0.708814725259647,0.244647650786328,-6.5941808579836e-4,555.5752032,737.4866119,1367.64,0.709258106,391.04066879826587
773,405.052,0.711180408493924,0.234912230253933,810.104,2017_yk_256,Yukon,2016,0.708919877964237,0.244149950703491,-4.9770008283728e-4,555.5752032,737.4866119,1367.64,0.709258106,391.04066879826587
774,405.576,0.706181306548008,0.241630388023514,811.152,2017_yk_256,Yukon,2016,0.708960034065595,0.243592083823008,-5.5786688048309e-4,555.5752032,737.4866119,1367.64,0.709258106,391.04066879826587
775,406.1,0.706160591296424,0.237317162318146,812.2,2017_yk_256,Yukon,2016,0.70892768508314,0.242868252561489,-7.2383126151862e-4,555.5752032,737.4866119,1367.64,0.709258106,391.04066879826587
776,406.624,0.712450273235927,0.234427401027887,813.248,2017_yk_256,Yukon,2016,0.708976439624204,0.242116487065419,-7.5176549607083e-4,555.5752032,737.4866119,1367.64,0.709258106,391.04066879826587
777,407.148,0.710155811689736,0.240086487726054,814.296,2017_yk_256,Yukon,2016,0.709002760914708,0.241516247874437,-6.0023919098165e-4,555.5752032,737.4866119,1367.64,0.709258106,391.04066879826587
778,407.672,0.707528894615602,0.226394044316535,815.344,2017_yk_256,Yukon,2016,0.70907272564687,0.240979999394437,-5.3624848000008e-4,555.5752032,737.4866119,1367.64,0.709258106,391.04066879826587
779,408.196,0.707395864905334,0.223441724827584,816.392,2017_yk_256,Yukon,2016,0.70907866190353,0.240369183423104,-6.1081597133244e-4,555.5752032,737.4866119,1367.64,0.709258106,391.04066879826587
780,408.72,0.709495744429168,0.223229006354183,817.44,2017_yk_256,Yukon,2016,0.70910369032394,0.239954345496369,-4.1483792673519e-4,555.5752032,737.4866119,1367.64,0.709258106,391.04066879826587
781,409.244,0.710274015510474,0.22566231712652501,818.488,2017_yk_256,Yukon,2016,0.709096001040669,0.239594919407808,-3.5942608856123e-4,555.5752032,737.4866119,1367.64,0.709258106,391.04066879826587
782,409.768,0.707367881423588,0.219129535287713,819.536,2017_yk_256,Yukon,2016,0.70910601182636,0.239364368890664,-2.3055051714393e-4,555.5752032,737.4866119,1367.64,0.709258106,391.04066879826587
783,410.292,0.707706847013648,0.224776925121965,820.584,2017_yk_256,Yukon,2016,0.708987607267421,0.23900522080147,-3.5914808919357e-4,555.5752032,737.4866119,1367.64,0.709258106,391.04066879826587
784,410.816,0.704368312281455,0.23606441786607,821.632,2017_yk_256,Yukon,2016,0.708940296380919,0.238585428052379,-4.1979274909143e-4,555.5752032,737.4866119,1367.64,0.709258106,391.04066879826587
785,411.34,0.710752623029825,0.231675277653858,822.68,2017_yk_256,Yukon,2016,0.708959324856692,0.238048274140065,-5.3715391231379e-4,555.5752032,737.4866119,1367.64,0.709258106,391.04066879826587
786,411.864,0.708334840199953,0.224871782918755,823.728,2017_yk_256,Yukon,2016,0.70891986391762,0.237603354649262,-4.449194908031e-4,555.5752032,737.4866119,1367.64,0.709258106,391.04066879826587
787,412.388,0.71088357444986,0.224306199057353,824.776,2017_yk_256,Yukon,2016,0.708963340348341,0.237196629366755,-4.0672528250757e-4,555.5752032,737.4866119,1367.64,0.709258106,391.04066879826587
788,412.912,0.710183319160292,0.229660296995684,825.824,2017_yk_256,Yukon,2016,0.709001619789315,0.236911293077199,-2.8533628955543e-4,555.5752032,737.4866119,1367.64,0.709258106,391.04066879826587
789,413.436,0.702924641842213,0.232129064338695,826.872,2017_yk_256,Yukon,2016,0.709037888353874,0.236538654366092,-3.7263871110693e-4,555.5752032,737.4866119,1367.64,0.709258106,391.04066879826587
790,413.96,0.71004715823765,0.228501622667388,827.92,2017_yk_256,Yukon,2016,0.709003452314467,0.236056761469797,-4.8189289629477e-4,555.5752032,737.4866119,1367.64,0.709258106,391.04066879826587
791,414.484,0.71190187661116,0.225363856426852,828.968,2017_yk_256,Yukon,2016,0.708992201327203,0.235671580039803,-3.8518142999474e-4,555.5752032,737.4866119,1367.64,0.709258106,391.04066879826587
792,415.008,0.707186282309186,0.227501258518842,830.016,2017_yk_256,Yukon,2016,0.708935221895319,0.235400745153457,-2.708348863456e-4,555.5752032,737.4866119,1367.64,0.709258106,391.04066879826587
793,415.532,0.706881513685205,0.22708691363771,831.064,2017_yk_256,Yukon,2016,0.709035529384097,0.235197543814992,-2.0320133846543e-4,555.5752032,737.4866119,1367.64,0.709258106,391.04066879826587
794,416.056,0.712494155001135,0.230137796867917,832.112,2017_yk_256,Yukon,2016,0.709089848030987,0.235110817344254,-8.6726470737708e-5,555.5752032,737.4866119,1367.64,0.709258106,391.04066879826587
795,416.58,0.710679401482845,0.22622650100707,833.16,2017_yk_256,Yukon,2016,0.709096481948317,0.234930046730885,-1.8077061336849e-4,555.5752032,737.4866119,1367.64,0.709258106,391.04066879826587
796,417.104,0.711828116473315,0.225462455567874,834.208,2017_yk_256,Yukon,2016,0.709106130899711,0.234838866994692,-9.11797361936029e-5,555.5752032,737.4866119,1367.64,0.709258106,391.04066879826587
797,417.628,0.711703619957129,0.227291029770945,835.256,2017_yk_256,Yukon,2016,0.709135140977136,0.234731789714757,-1.0707727993478e-4,555.5752032,737.4866119,1367.64,0.709258106,391.04066879826587
798,418.152,0.706799909926597,0.230834464313597,836.304,2017_yk_256,Yukon,2016,0.709182260268554,0.234543225644948,-1.8856406980949e-4,555.5752032,737.4866119,1367.64,0.709258106,391.04066879826587
799,418.676,0.710578357958412,0.22176402132176,837.352,2017_yk_256,Yukon,2016,0.709211802084047,0.23418580488655,-3.5742075839712e-4,555.5752032,737.4866119,1367.64,0.709258106,391.04066879826587
800,419.2,0.710252700249894,0.219154261541618,838.4,2017_yk_256,Yukon,2016,0.709120480781457,0.233987392405151,-1.9841248139934e-4,555.5752032,737.4866119,1367.64,0.709258106,391.04066879826587
801,419.724,0.70735672062081,0.227010874808374,839.448,2017_yk_256,Yukon,2016,0.70929780444326,0.233798215794439,-1.8917661071168e-4,555.5752032,737.4866119,1367.64,0.709258106,391.04066879826587
802,420.248,0.711512167451122,0.233608705267371,840.496,2017_yk_256,Yukon,2016,0.709236442795438,0.233629983188617,-1.6823260582202e-4,555.5752032,737.4866119,1367.64,0.709258106,391.04066879826587
803,420.772,0.71204618728779,0.240531517005127,841.544,2017_yk_256,Yukon,2016,0.709241316060454,0.233684652285275,5.46690966572727e-5,555.5752032,737.4866119,1367.64,0.709258106,391.04066879826587
804,421.296,0.71115058954735,0.233272610968699,842.592,2017_yk_256,Yukon,2016,0.70935576414717,0.233907625941406,2.2297365613113e-4,555.5752032,737.4866119,1367.64,0.709258106,391.04066879826587
805,421.82,0.705047832567884,0.227843890060492,843.64,2017_yk_256,Yukon,2016,0.709390105603135,0.234083710088292,1.760841468866e-4,555.5752032,737.4866119,1367.64,0.709258106,391.04066879826587
806,422.344,0.712036888385996,0.228059773260291,844.688,2017_yk_256,Yukon,2016,0.709351401622716,0.234177975136147,9.42650478545914e-5,555.5752032,737.4866119,1367.64,0.709258106,391.04066879826587
807,422.868,0.70966519713982,0.232640129666764,845.736,2017_yk_256,Yukon,2016,0.709383836352078,0.234269583890575,9.16087544280686e-5,555.5752032,737.4866119,1367.64,0.709258106,391.04066879826587
808,423.392,0.712415627481512,0.239155375239428,846.784,2017_yk_256,Yukon,2016,0.709460834062587,0.234628722985959,3.5913909538357e-4,555.5752032,737.4866119,1367.64,0.709258106,391.04066879826587
809,423.916,0.709760283253798,0.235401777810805,847.832,2017_yk_256,Yukon,2016,0.709520515232115,0.2348742311034,2.4550811744103e-4,555.5752032,737.4866119,1367.64,0.709258106,391.04066879826587
810,424.44,0.705440286060112,0.235708550603608,848.88,2017_yk_256,Yukon,2016,0.709519525185788,0.235138356158586,2.6412505518672e-4,555.5752032,737.4866119,1367.64,0.709258106,391.04066879826587
811,424.964,0.707373979114966,0.24303329994823,849.928,2017_yk_256,Yukon,2016,0.709453063566095,0.23523653870571,9.81825471236542e-5,555.5752032,737.4866119,1367.64,0.709258106,391.04066879826587
812,425.488,0.708785017847201,0.248804955044374,850.976,2017_yk_256,Yukon,2016,0.709451017131195,0.235544619661129,3.0808095541901e-4,555.5752032,737.4866119,1367.64,0.709258106,391.04066879826587
813,426.012,0.702019723858657,0.24520191400215,852.024,2017_yk_256,Yukon,2016,0.709465219973877,0.235777861842903,2.3324218177367e-4,555.5752032,737.4866119,1367.64,0.709258106,391.04066879826587
814,426.536,0.708281180208643,0.23783637279071,853.072,2017_yk_256,Yukon,2016,0.709586152827377,0.235840262675061,6.24008321584435e-5,555.5752032,737.4866119,1367.64,0.709258106,391.04066879826587
815,427.06,0.710941634585387,0.24017139313183,854.12,2017_yk_256,Yukon,2016,0.70950249246849,0.235909434405621,6.91717305594808e-5,555.5752032,737.4866119,1367.64,0.709258106,391.04066879826587
816,427.584,0.708411615696848,0.244785036313758,855.168,2017_yk_256,Yukon,2016,0.709511556153383,0.236177885494946,2.6845108932571e-4,555.5752032,737.4866119,1367.64,0.709258106,391.04066879826587
817,428.108,0.712802012121744,0.243613717008746,856.216,2017_yk_256,Yukon,2016,0.709468795276073,0.236386080992864,2.0819549791728e-4,555.5752032,737.4866119,1367.64,0.709258106,391.04066879826587
818,428.632,0.712121427411919,0.247011693823918,857.264,2017_yk_256,Yukon,2016,0.709425106797731,0.236452805381636,6.6724388772782e-5,555.5752032,737.4866119,1367.64,0.709258106,391.04066879826587
819,429.156,0.71041460937613,0.236978665698639,858.312,2017_yk_256,Yukon,2016,0.709565978617069,0.236371198797906,-8.16065837302704e-5,555.5752032,737.4866119,1367.64,0.709258106,391.04066879826587
820,429.68,0.706514271463222,0.229525830804861,859.36,2017_yk_256,Yukon,2016,0.70949522360076,0.236390571681895,1.93728839888441e-5,555.5752032,737.4866119,1367.64,0.709258106,391.04066879826587
821,430.204,0.706805933867169,0.234777622579837,860.408,2017_yk_256,Yukon,2016,0.709485686057083,0.236538686451647,1.4811476975185e-4,555.5752032,737.4866119,1367.64,0.709258106,391.04066879826587
822,430.728,0.706717100706099,0.239243806916821,861.456,2017_yk_256,Yukon,2016,0.709513485036298,0.236638756882851,1.0007043120466e-4,555.5752032,737.4866119,1367.64,0.709258106,391.04066879826587
823,431.252,0.715948594723376,0.243623282501987,862.504,2017_yk_256,Yukon,2016,0.709702456818504,0.236775738533701,1.3698165084971e-4,555.5752032,737.4866119,1367.64,0.709258106,391.04066879826587
824,431.776,0.709913646683906,0.240473921215419,863.552,2017_yk_256,Yukon,2016,0.709679968875777,0.236860975279517,8.52367458156478e-5,555.5752032,737.4866119,1367.64,0.709258106,391.04066879826587
825,432.3,0.708600737889646,0.239909799088288,864.6,2017_yk_256,Yukon,2016,0.709599609444831,0.236996910893468,1.3593561395108e-4,555.5752032,737.4866119,1367.64,0.709258106,391.04066879826587
826,432.824,0.707973652069468,0.243685194482069,865.648,2017_yk_256,Yukon,2016,0.709550799540398,0.237032431774123,3.55208806551988e-5,555.5752032,737.4866119,1367.64,0.709258106,391.04066879826587
827,433.348,0.70968115057908,0.242872368677252,866.696,2017_yk_256,Yukon,2016,0.709473608515247,0.236959987800483,-7.24439736396743e-5,555.5752032,737.4866119,1367.64,0.709258106,391.04066879826587
828,433.872,0.7106417405311,0.241526509259428,867.744,2017_yk_256,Yukon,2016,0.709526309778577,0.236873706239515,-8.62815609685152e-5,555.5752032,737.4866119,1367.64,0.709258106,391.04066879826587
829,434.396,0.710307648557994,0.238403591241848,868.792,2017_yk_256,Yukon,2016,0.709532812375089,0.236934138473235,6.04322337196261e-5,555.5752032,737.4866119,1367.64,0.709258106,391.04066879826587
830,434.92,0.706683308378736,0.239779025090001,869.84,2017_yk_256,Yukon,2016,0.709485299214236,0.237068496932929,1.3435845969414e-4,555.5752032,737.4866119,1367.64,0.709258106,391.04066879826587
831,435.444,0.716665805804332,0.23476675928532,870.888,2017_yk_256,Yukon,2016,0.709576206537872,0.237080619183162,1.21222502335872e-5,555.5752032,737.4866119,1367.64,0.709258106,391.04066879826587
832,435.968,0.706451954436515,0.229502584864578,871.936,2017_yk_256,Yukon,2016,0.709515334476941,0.236844070135684,-2.3654904747841e-4,555.5752032,737.4866119,1367.64,0.709258106,391.04066879826587
833,436.492,0.711472804394882,0.238192376053369,872.984,2017_yk_256,Yukon,2016,0.709424899215251,0.236532849138029,-3.1122099765459e-4,555.5752032,737.4866119,1367.64,0.709258106,391.04066879826587
834,437.016,0.713048191750941,0.255008807391382,874.032,2017_yk_256,Yukon,2016,0.709323008115019,0.236402411843392,-1.3043729463685e-4,555.5752032,737.4866119,1367.64,0.709258106,391.04066879826587
835,437.54,0.708221078654363,0.247882211131343,875.08,2017_yk_256,Yukon,2016,0.709360459349491,0.236281924054,-1.2048778939208e-4,555.5752032,737.4866119,1367.64,0.709258106,391.04066879826587
836,438.064,0.71012803441078,0.240083303899163,876.128,2017_yk_256,Yukon,2016,0.709375609234602,0.235932238051135,-3.4968600286505e-4,555.5752032,737.4866119,1367.64,0.709258106,391.04066879826587
837,438.588,0.712101895451448,0.245583012991738,877.176,2017_yk_256,Yukon,2016,0.709449575405106,0.235684501902185,-2.4773614895065e-4,555.5752032,737.4866119,1367.64,0.709258106,391.04066879826587
838,439.112,0.712148757246132,0.247942390039548,878.224,2017_yk_256,Yukon,2016,0.709390790856714,0.235344662628781,-3.3983927340355e-4,555.5752032,737.4866119,1367.64,0.709258106,391.04066879826587
839,439.636,0.710976735077021,0.238172211874046,879.272,2017_yk_256,Yukon,2016,0.709459816754914,0.235080750687389,-2.6391194139191e-4,555.5752032,737.4866119,1367.64,0.709258106,391.04066879826587
840,440.16,0.709436341649579,0.239076509665386,880.32,2017_yk_256,Yukon,2016,0.709489335496639,0.234907961262975,-1.7278942441384e-4,555.5752032,737.4866119,1367.64,0.709258106,391.04066879826587
841,440.684,0.706286318328872,0.231553269953945,881.368,2017_yk_256,Yukon,2016,0.709554885372519,0.234564018157377,-3.4394310559871e-4,555.5752032,737.4866119,1367.64,0.709258106,391.04066879826587
842,441.208,0.707245095329586,0.237614392612852,882.416,2017_yk_256,Yukon,2016,0.709567764722112,0.234140326690006,-4.2369146737089e-4,555.5752032,737.4866119,1367.64,0.709258106,391.04066879826587
843,441.732,0.708559017574543,0.238771456028387,883.464,2017_yk_256,Yukon,2016,0.709664811378627,0.233740734774623,-3.995919153823e-4,555.5752032,737.4866119,1367.64,0.709258106,391.04066879826587
844,442.256,0.711624283491506,0.239808467795575,884.512,2017_yk_256,Yukon,2016,0.709687948154372,0.233491037595,-2.4969717962303e-4,555.5752032,737.4866119,1367.64,0.709258106,391.04066879826587
845,442.78,0.705733001496555,0.235825581487427,885.56,2017_yk_256,Yukon,2016,0.709636002523972,0.233267023154802,-2.2401444019873e-4,555.5752032,737.4866119,1367.64,0.709258106,391.04066879826587
846,443.304,0.708878661293573,0.240978848278298,886.608,2017_yk_256,Yukon,2016,0.709668384784564,0.232886665184126,-3.8035797067589e-4,555.5752032,737.4866119,1367.64,0.709258106,391.04066879826587
847,443.828,0.708317921811271,0.23679792893239,887.656,2017_yk_256,Yukon,2016,0.709606575709639,0.232559061232511,-3.2760395161438e-4,555.5752032,737.4866119,1367.64,0.709258106,391.04066879826587
848,444.352,0.707562010459748,0.23366376032205,888.704,2017_yk_256,Yukon,2016,0.709494551230407,0.232180350513623,-3.7871071888839e-4,555.5752032,737.4866119,1367.64,0.709258106,391.04066879826587
849,444.876,0.711376951002514,0.227232669314878,889.752,2017_yk_256,Yukon,2016,0.70950260914702,0.231946753358671,-2.3359715495166e-4,555.5752032,737.4866119,1367.64,0.709258106,391.04066879826587
850,445.4,0.705801857259127,0.22966399570672,890.8,2017_yk_256,Yukon,2016,0.709601773495167,0.231837269109449,-1.0948424922244e-4,555.5752032,737.4866119,1367.64,0.709258106,391.04066879826587
851,445.924,0.711329623990488,0.234250742611961,891.848,2017_yk_256,Yukon,2016,0.709582122283473,0.231487923834998,-3.4934527445121e-4,555.5752032,737.4866119,1367.64,0.709258106,391.04066879826587
852,446.448,0.708854221062112,0.233505484391123,892.896,2017_yk_256,Yukon,2016,0.709639109549334,0.23105348562501,-4.3443820998806e-4,555.5752032,737.4866119,1367.64,0.709258106,391.04066879826587
853,446.972,0.718219820617536,0.235305812688694,893.944,2017_yk_256,Yukon,2016,0.709553594052187,0.230657035801326,-3.9644982368361e-4,555.5752032,737.4866119,1367.64,0.709258106,391.04066879826587
854,447.496,0.711144878437524,0.235252001616856,894.992,2017_yk_256,Yukon,2016,0.709545919608145,0.230335287899307,-3.2174790201861e-4,555.5752032,737.4866119,1367.64,0.709258106,391.04066879826587
855,448.02,0.705857835626073,0.234382637844136,896.04,2017_yk_256,Yukon,2016,0.709559421659163,0.230011827142677,-3.2346075663078e-4,555.5752032,737.4866119,1367.64,0.709258106,391.04066879826587
856,448.544,0.708899522207351,0.227593708407186,897.088,2017_yk_256,Yukon,2016,0.709539345211764,0.229593418942038,-4.1840820063837e-4,555.5752032,737.4866119,1367.64,0.709258106,391.04066879826587
857,449.068,0.707072158448061,0.222944391352566,898.136,2017_yk_256,Yukon,2016,0.70948930068863,0.229124005044307,-4.6941389773094e-4,555.5752032,737.4866119,1367.64,0.709258106,391.04066879826587
858,449.592,0.709961985726394,0.225657570655486,899.184,2017_yk_256,Yukon,2016,0.709435589971031,0.228644864462839,-4.79140581468e-4,555.5752032,737.4866119,1367.64,0.709258106,391.04066879826587
859,450.116,0.710968513749179,0.225389955344939,900.232,2017_yk_256,Yukon,2016,0.709484493094568,0.228308778686605,-3.360857762345e-4,555.5752032,737.4866119,1367.64,0.709258106,391.04066879826587
860,450.64,0.707401910598671,0.227215769123266,901.28,2017_yk_256,Yukon,2016,0.70955414480528,0.22799704715294,-3.1173153366451e-4,555.5752032,737.4866119,1367.64,0.709258106,391.04066879826587
861,451.164,0.712811160038982,0.22773820982239,902.328,2017_yk_256,Yukon,2016,0.70930254447313,0.227837098621414,-1.5994853152592e-4,555.5752032,737.4866119,1367.64,0.709258106,391.04066879826587
862,451.688,0.707859843795269,0.219415762418665,903.376,2017_yk_256,Yukon,2016,0.709469356534313,0.22779259579494399,-4.45028264699221e-5,555.5752032,737.4866119,1367.64,0.709258106,391.04066879826587
863,452.212,0.706620071586373,0.221858257145852,904.424,2017_yk_256,Yukon,2016,0.70942674124334,0.227551242431176,-2.4135336376848e-4,555.5752032,737.4866119,1367.64,0.709258106,391.04066879826587
864,452.736,0.705037123533435,0.225446373290488,905.472,2017_yk_256,Yukon,2016,0.709302916187319,0.227028956020482,-5.2228641069374e-4,555.5752032,737.4866119,1367.64,0.709258106,391.04066879826587
865,453.26,0.707294906636193,0.220614622696966,906.52,2017_yk_256,Yukon,2016,0.709307393997836,0.226645110721736,-3.8384529874652e-4,555.5752032,737.4866119,1367.64,0.709258106,391.04066879826587
866,453.784,0.712945881492691,0.207078613088389,907.568,2017_yk_256,Yukon,2016,0.70930187052741,0.226528776975595,-1.1633374614097e-4,555.5752032,737.4866119,1367.64,0.709258106,391.04066879826587
867,454.308,0.71410316737005,0.217775960729725,908.616,2017_yk_256,Yukon,2016,0.709225056568207,0.226382663647105,-1.4611332848918e-4,555.5752032,737.4866119,1367.64,0.709258106,391.04066879826587
868,454.832,0.708888554578011,0.218765018835215,909.664,2017_yk_256,Yukon,2016,0.709146968054696,0.226111443649513,-2.7121999759222e-4,555.5752032,737.4866119,1367.64,0.709258106,391.04066879826587
869,455.356,0.713901837145792,0.21956706132729,910.712,2017_yk_256,Yukon,2016,0.709043816659143,0.226037749842454,-7.36938070592386e-5,555.5752032,737.4866119,1367.64,0.709258106,391.04066879826587
870,455.88,0.707211410563584,0.225341185138778,911.76,2017_yk_256,Yukon,2016,0.709068897215565,0.226093989104207,5.62392617532992e-5,555.5752032,737.4866119,1367.64,0.709258106,391.04066879826587
871,456.404,0.711306971667756,0.222396713612307,912.808,2017_yk_256,Yukon,2016,0.709128059968074,0.226245502321465,1.5151321725767e-4,555.5752032,737.4866119,1367.64,0.709258106,391.04066879826587
872,456.928,0.709557778822804,0.22338346700212,913.856,2017_yk_256,Yukon,2016,0.709161961449037,0.226195511598369,-4.99907230963326e-5,555.5752032,737.4866119,1367.64,0.709258106,391.04066879826587
873,457.452,0.707842523249585,0.221226399079211,914.904,2017_yk_256,Yukon,2016,0.709142919586936,0.226147393315834,-4.81182825348425e-5,555.5752032,737.4866119,1367.64,0.709258106,391.04066879826587
874,457.976,0.70966938675333,0.222854542013328,915.952,2017_yk_256,Yukon,2016,0.709157703058127,0.226188641719151,4.12484033169014e-5,555.5752032,737.4866119,1367.64,0.709258106,391.04066879826587
875,458.5,0.707824896761359,0.226730526719906,917,2017_yk_256,Yukon,2016,0.709155548959838,0.226374606084957,1.8596436580592e-4,555.5752032,737.4866119,1367.64,0.709258106,391.04066879826587
876,459.024,0.710354551332406,0.221963558073205,918.048,2017_yk_256,Yukon,2016,0.709177942565373,0.226435573480245,6.09673952887135e-5,555.5752032,737.4866119,1367.64,0.709258106,391.04066879826587
877,459.548,0.709093467626234,0.223957479911884,919.096,2017_yk_256,Yukon,2016,0.709368596296505,0.226511691303518,7.61178232726034e-5,555.5752032,737.4866119,1367.64,0.709258106,391.04066879826587
878,460.072,0.705399958658013,0.224289050690614,920.144,2017_yk_256,Yukon,2016,0.709377531892987,0.226589551848385,7.78605448670533e-5,555.5752032,737.4866119,1367.64,0.709258106,391.04066879826587
879,460.596,0.710898084372891,0.22296283640154,921.192,2017_yk_256,Yukon,2016,0.709341592918711,0.226789724196532,2.0017234814714e-4,555.5752032,737.4866119,1367.64,0.709258106,391.04066879826587
880,461.12,0.712464132352039,0.222956775851514,922.24,2017_yk_256,Yukon,2016,0.709396568167599,0.22708242945653,2.9270525999777e-4,555.5752032,737.4866119,1367.64,0.709258106,391.04066879826587
881,461.644,0.705626861165548,0.213816906112764,923.288,2017_yk_256,Yukon,2016,0.709341442615345,0.227350275681139,2.6784622460907e-4,555.5752032,737.4866119,1367.64,0.709258106,391.04066879826587
882,462.168,0.71013633665772,0.213177514317537,924.336,2017_yk_256,Yukon,2016,0.709334703735925,0.227641473677267,2.9119799612789e-4,555.5752032,737.4866119,1367.64,0.709258106,391.04066879826587
883,462.692,0.710817664894544,0.219836293080971,925.384,2017_yk_256,Yukon,2016,0.709186788545789,0.227907763896112,2.6629021884505e-4,555.5752032,737.4866119,1367.64,0.709258106,391.04066879826587
884,463.216,0.709453180041393,0.221169047094301,926.432,2017_yk_256,Yukon,2016,0.709202487631176,0.228090699595682,1.8293569956984e-4,555.5752032,737.4866119,1367.64,0.709258106,391.04066879826587
885,463.74,0.709410860950729,0.220502153690439,927.48,2017_yk_256,Yukon,2016,0.709287371829464,0.228469371260593,3.7867166491101e-4,555.5752032,737.4866119,1367.64,0.709258106,391.04066879826587
886,464.264,0.706769065225547,0.218580702443767,928.528,2017_yk_256,Yukon,2016,0.709306011965935,0.22895302395669,4.8365269609673e-4,555.5752032,737.4866119,1367.64,0.709258106,391.04066879826587
887,464.788,0.706678479191017,0.214707534813396,929.576,2017_yk_256,Yukon,2016,0.709357969440293,0.229412244974847,4.5922101815779e-4,555.5752032,737.4866119,1367.64,0.709258106,391.04066879826587
888,465.312,0.707419097475158,0.212778074371348,930.624,2017_yk_256,Yukon,2016,0.709279481030247,0.229781102465544,3.688574906969e-4,555.5752032,737.4866119,1367.64,0.709258106,391.04066879826587
889,465.836,0.713241835970251,0.218238444667777,931.672,2017_yk_256,Yukon,2016,0.709262527099775,0.230196641820555,4.1553935501115e-4,555.5752032,737.4866119,1367.64,0.709258106,391.04066879826587
890,466.36,0.710862411021452,0.221075133070129,932.72,2017_yk_256,Yukon,2016,0.709323814467074,0.230680973530363,4.8433170980807e-4,555.5752032,737.4866119,1367.64,0.709258106,391.04066879826587
891,466.884,0.701569785875292,0.225169847393766,933.768,2017_yk_256,Yukon,2016,0.709272297307626,0.231178681938443,4.9770840807958e-4,555.5752032,737.4866119,1367.64,0.709258106,391.04066879826587
892,467.408,0.71646067810751,0.226832415276382,934.816,2017_yk_256,Yukon,2016,0.709236692823453,0.231751455727537,5.7277378909426e-4,555.5752032,737.4866119,1367.64,0.709258106,391.04066879826587
893,467.932,0.708915886936502,0.223711174227259,935.864,2017_yk_256,Yukon,2016,0.70927945868269,0.232233027532936,4.8157180539823e-4,555.5752032,737.4866119,1367.64,0.709258106,391.04066879826587
894,468.456,0.705618688389681,0.223671622749759,936.912,2017_yk_256,Yukon,2016,0.709342562321134,0.23278208097502,5.4905344208419e-4,555.5752032,737.4866119,1367.64,0.709258106,391.04066879826587
895,468.98,0.708489747285403,0.224851493206552,937.96,2017_yk_256,Yukon,2016,0.709396110190845,0.233434337865786,6.5225689076611e-4,555.5752032,737.4866119,1367.64,0.709258106,391.04066879826587
896,469.504,0.709796626185203,0.233103279130705,939.008,2017_yk_256,Yukon,2016,0.70928097810427,0.234330914864573,8.9657699878756e-4,555.5752032,737.4866119,1367.64,0.709258106,391.04066879826587
897,470.028,0.707493057899254,0.236816213282388,940.056,2017_yk_256,Yukon,2016,0.709190543812507,0.234987403544651,6.5648868007772e-4,555.5752032,737.4866119,1367.64,0.709258106,391.04066879826587
898,470.552,0.707463446435475,0.231669190184015,941.104,2017_yk_256,Yukon,2016,0.709237923200203,0.235502607451922,5.1520390727072e-4,555.5752032,737.4866119,1367.64,0.709258106,391.04066879826587
899,471.076,0.70478765134387,0.233750583450491,942.152,2017_yk_256,Yukon,2016,0.709219026125836,0.236213923155677,7.113157037554e-4,555.5752032,737.4866119,1367.64,0.709258106,391.04066879826587
900,471.6,0.71094117503487,0.242450865370584,943.2,2017_yk_256,Yukon,2016,0.709254506256496,0.23687985395938,6.6593080370311e-4,555.5752032,737.4866119,1367.64,0.709258106,391.04066879826587
901,472.124,0.709836083479412,0.240644062989407,944.248,2017_yk_256,Yukon,2016,0.709234706563929,0.237583290264416,7.0343630503572e-4,555.5752032,737.4866119,1367.64,0.709258106,391.04066879826587
902,472.648,0.709279184187365,0.234614949227072,945.296,2017_yk_256,Yukon,2016,0.709207682938185,0.238250435264736,6.6714500032014e-4,555.5752032,737.4866119,1367.64,0.709258106,391.04066879826587
903,473.172,0.707416505848526,0.235884359076297,946.344,2017_yk_256,Yukon,2016,0.709201477879759,0.239012030569903,7.6159530516653e-4,555.5752032,737.4866119,1367.64,0.709258106,391.04066879826587
904,473.696,0.712511291762968,0.242283371994589,947.392,2017_yk_256,Yukon,2016,0.709278595164937,0.239775806672034,7.6377610213149e-4,555.5752032,737.4866119,1367.64,0.709258106,391.04066879826587
905,474.22,0.705603755599192,0.246983443435783,948.44,2017_yk_256,Yukon,2016,0.709328955206216,0.240319399363977,5.4359269194312e-4,555.5752032,737.4866119,1367.64,0.709258106,391.04066879826587
906,474.744,0.710222277625665,0.24463689199562,949.488,2017_yk_256,Yukon,2016,0.709240151222047,0.240975922507275,6.5652314329742e-4,555.5752032,737.4866119,1367.64,0.709258106,391.04066879826587
907,475.268,0.71975714567921,0.241364998328747,950.536,2017_yk_256,Yukon,2016,0.709274845077495,0.241726342106303,7.5041959902841e-4,555.5752032,737.4866119,1367.64,0.709258106,391.04066879826587
908,475.792,0.708098146248672,0.238335393014073,951.584,2017_yk_256,Yukon,2016,0.709361181571687,0.242431464938055,7.051228317515e-4,555.5752032,737.4866119,1367.64,0.709258106,391.04066879826587
909,476.316,0.709220612545919,0.239243010203707,952.632,2017_yk_256,Yukon,2016,0.709325816835241,0.243151128734852,7.1966379679688e-4,555.5752032,737.4866119,1367.64,0.709258106,391.04066879826587
910,476.84,0.709100372192391,0.247226311306586,953.68,2017_yk_256,Yukon,2016,0.709315358574671,0.243979283714535,8.2815497968366e-4,555.5752032,737.4866119,1367.64,0.709258106,391.04066879826587
911,477.364,0.70802209085528,0.250321516088506,954.728,2017_yk_256,Yukon,2016,0.709372419449104,0.244977787033172,9.9850331863632e-4,555.5752032,737.4866119,1367.64,0.709258106,391.04066879826587
912,477.888,0.708449888296928,0.250977364158798,955.776,2017_yk_256,Yukon,2016,0.709397932055826,0.246026786000948,0.00104899896777663,555.5752032,737.4866119,1367.64,0.709258106,391.04066879826587
913,478.412,0.70934490920934,0.251283225819398,956.824,2017_yk_256,Yukon,2016,0.7093562079027,0.246972497022881,9.4571102193238e-4,555.5752032,737.4866119,1367.64,0.709258106,391.04066879826587
914,478.936,0.712086823560756,0.246228143591047,957.872,2017_yk_256,Yukon,2016,0.709360237259209,0.247744100304894,7.716032820132e-4,555.5752032,737.4866119,1367.64,0.709258106,391.04066879826587
915,479.46,0.710950887523382,0.257102937738795,958.92,2017_yk_256,Yukon,2016,0.709328587010306,0.248411266250902,6.6716594600835e-4,555.5752032,737.4866119,1367.64,0.709258106,391.04066879826587
916,479.984,0.710017930395585,0.256612870172991,959.968,2017_yk_256,Yukon,2016,0.709379815827559,0.249147264969837,7.3599871893456e-4,555.5752032,737.4866119,1367.64,0.709258106,391.04066879826587
917,480.508,0.710189606909528,0.250497652442033,961.016,2017_yk_256,Yukon,2016,0.709428380933647,0.250017834744092,8.7056977425562e-4,555.5752032,737.4866119,1367.64,0.709258106,391.04066879826587
918,481.032,0.705252681123647,0.247789020097302,962.064,2017_yk_256,Yukon,2016,0.709449796415754,0.250917299609687,8.9946486559422e-4,555.5752032,737.4866119,1367.64,0.709258106,391.04066879826587
919,481.556,0.709951277920847,0.250322316645609,963.112,2017_yk_256,Yukon,2016,0.709410433020724,0.251564091338057,6.4679172837023e-4,555.5752032,737.4866119,1367.64,0.709258106,391.04066879826587
920,482.08,0.711079152636615,0.256275671711749,964.16,2017_yk_256,Yukon,2016,0.709338398398362,0.252362083729938,7.9799239188066e-4,555.5752032,737.4866119,1367.64,0.709258106,391.04066879826587
921,482.604,0.709720130472126,0.257600714307166,965.208,2017_yk_256,Yukon,2016,0.709491048043602,0.253183869611208,8.217858812704e-4,555.5752032,737.4866119,1367.64,0.709258106,391.04066879826587
922,483.128,0.705723574744882,0.25378218976432,966.256,2017_yk_256,Yukon,2016,0.709359984610536,0.254012825631619,8.2895602041072e-4,555.5752032,737.4866119,1367.64,0.709258106,391.04066879826587
923,483.652,0.709186023140607,0.250752565469747,967.304,2017_yk_256,Yukon,2016,0.709411262494019,0.254862097883539,8.4927225192033e-4,555.5752032,737.4866119,1367.64,0.709258106,391.04066879826587
924,484.176,0.708823341840065,0.258389579815539,968.352,2017_yk_256,Yukon,2016,0.709442631396563,0.255582559027434,7.2046114389529e-4,555.5752032,737.4866119,1367.64,0.709258106,391.04066879826587
925,484.7,0.710507778818883,0.259750036142932,969.4,2017_yk_256,Yukon,2016,0.709459961215182,0.256152602909972,5.7004388253784e-4,555.5752032,737.4866119,1367.64,0.709258106,391.04066879826587
926,485.224,0.706037956298162,0.260873233015644,970.448,2017_yk_256,Yukon,2016,0.709432216833985,0.256637568132071,4.8496522209889e-4,555.5752032,737.4866119,1367.64,0.709258106,391.04066879826587
927,485.748,0.708677109864278,0.257165281534388,971.496,2017_yk_256,Yukon,2016,0.709467059189691,0.257106389219207,4.6882108713575e-4,555.5752032,737.4866119,1367.64,0.709258106,391.04066879826587
928,486.272,0.711731317839743,0.249677253271459,972.544,2017_yk_256,Yukon,2016,0.709430652004219,0.257691360160696,5.8497094148934e-4,555.5752032,737.4866119,1367.64,0.709258106,391.04066879826587
929,486.796,0.712768012683811,0.262246003552614,973.592,2017_yk_256,Yukon,2016,0.709492374221952,0.258225158506319,5.3379834562311e-4,555.5752032,737.4866119,1367.64,0.709258106,391.04066879826587
930,487.32,0.709340218403153,0.265297033360966,974.64,2017_yk_256,Yukon,2016,0.709515654080215,0.258515280892266,2.901223859465e-4,555.5752032,737.4866119,1367.64,0.709258106,391.04066879826587
931,487.844,0.710118990113746,0.264602891914452,975.688,2017_yk_256,Yukon,2016,0.709495992280056,0.258910197215371,3.9491632310551e-4,555.5752032,737.4866119,1367.64,0.709258106,391.04066879826587
932,488.368,0.707936361278152,0.263412167021329,976.736,2017_yk_256,Yukon,2016,0.709475340338005,0.259381392983581,4.711957682098e-4,555.5752032,737.4866119,1367.64,0.709258106,391.04066879826587
933,488.892,0.707470219744046,0.266922117389202,977.784,2017_yk_256,Yukon,2016,0.709553748200112,0.259860979249286,4.7958626570465e-4,555.5752032,737.4866119,1367.64,0.709258106,391.04066879826587
934,489.416,0.714296423864024,0.268681108141217,978.832,2017_yk_256,Yukon,2016,0.709497899628497,0.260223112993921,3.6213374463567e-4,555.5752032,737.4866119,1367.64,0.709258106,391.04066879826587
935,489.94,0.710846499238069,0.259346088236494,979.88,2017_yk_256,Yukon,2016,0.709527400205849,0.260502409734495,2.7929674057403e-4,555.5752032,737.4866119,1367.64,0.709258106,391.04066879826587
936,490.464,0.705026312282286,0.26135494667105,980.928,2017_yk_256,Yukon,2016,0.709514193111522,0.260780186005527,2.7777627103164e-4,555.5752032,737.4866119,1367.64,0.709258106,391.04066879826587
937,490.988,0.71117509895313,0.268982655853589,981.976,2017_yk_256,Yukon,2016,0.709350187973457,0.261296548531278,5.1636252575071e-4,555.5752032,737.4866119,1367.64,0.709258106,391.04066879826587
938,491.512,0.71058014830951,0.266596420595704,983.024,2017_yk_256,Yukon,2016,0.709333185205715,0.261998838836598,7.0229030531998e-4,555.5752032,737.4866119,1367.64,0.709258106,391.04066879826587
939,492.036,0.708776200186163,0.266142664209352,984.072,2017_yk_256,Yukon,2016,0.709350833242181,0.26263160812944,6.3276929284272e-4,555.5752032,737.4866119,1367.64,0.709258106,391.04066879826587
940,492.56,0.711836636717816,0.272646074632535,985.12,2017_yk_256,Yukon,2016,0.70937204746591,0.262993249855284,3.6164172584379e-4,555.5752032,737.4866119,1367.64,0.709258106,391.04066879826587
941,493.084,0.709050513631543,0.273727105230945,986.168,2017_yk_256,Yukon,2016,0.709488795119654,0.26319375346397,2.005036086855e-4,555.5752032,737.4866119,1367.64,0.709258106,391.04066879826587
942,493.608,0.711667093061004,0.276117452384134,987.216,2017_yk_256,Yukon,2016,0.709483798705673,0.263431483461213,2.3772999724341e-4,555.5752032,737.4866119,1367.64,0.709258106,391.04066879826587
943,494.132,0.708314215707002,0.276578954396915,988.264,2017_yk_256,Yukon,2016,0.709440579104273,0.2637277205309,2.9623706968628e-4,555.5752032,737.4866119,1367.64,0.709258106,391.04066879826587
944,494.656,0.709694941431916,0.267465244015094,989.312,2017_yk_256,Yukon,2016,0.709339296541724,0.26414061779079,4.1289725989035e-4,555.5752032,737.4866119,1367.64,0.709258106,391.04066879826587
945,495.18,0.70751184601658,0.26053211045094,990.36,2017_yk_256,Yukon,2016,0.709324521746708,0.264358609507913,2.1799171712305e-4,555.5752032,737.4866119,1367.64,0.709258106,391.04066879826587
946,495.704,0.709842794260706,0.262740625579841,991.408,2017_yk_256,Yukon,2016,0.709321298120031,0.264562472495799,2.0386298788632e-4,555.5752032,737.4866119,1367.64,0.709258106,391.04066879826587
947,496.228,0.709592385556327,0.266941721268735,992.456,2017_yk_256,Yukon,2016,0.70926066442804,0.264988448335151,4.2597583935205e-4,555.5752032,737.4866119,1367.64,0.709258106,391.04066879826587
948,496.752,0.708704026401584,0.266745966307,993.504,2017_yk_256,Yukon,2016,0.709336935548129,0.265405503675556,4.1705534040503e-4,555.5752032,737.4866119,1367.64,0.709258106,391.04066879826587
949,497.276,0.710880032268401,0.257045948369989,994.552,2017_yk_256,Yukon,2016,0.709327553630778,0.26568232367258,2.7681999702333e-4,555.5752032,737.4866119,1367.64,0.709258106,391.04066879826587
950,497.8,0.706540333679766,0.268954676582969,995.6,2017_yk_256,Yukon,2016,0.709323498803889,0.265859643589476,1.7731991689679e-4,555.5752032,737.4866119,1367.64,0.709258106,391.04066879826587
951,498.324,0.710728764589678,0.27447700026999,996.648,2017_yk_256,Yukon,2016,0.709302423702125,0.266095504628001,2.3586103852463e-4,555.5752032,737.4866119,1367.64,0.709258106,391.04066879826587
952,498.848,0.708596872123575,0.276569776501028,997.696,2017_yk_256,Yukon,2016,0.709341508505373,0.266506315791591,4.1081116358998e-4,555.5752032,737.4866119,1367.64,0.709258106,391.04066879826587
953,499.372,0.711992559945432,0.27466750934248,998.744,2017_yk_256,Yukon,2016,0.709338196888027,0.266867947488823,3.6163169723219e-4,555.5752032,737.4866119,1367.64,0.709258106,391.04066879826587
954,499.896,0.707500822542324,0.266899291383474,999.792,2017_yk_256,Yukon,2016,0.709332000042798,0.267026706038102,1.587585492791e-4,555.5752032,737.4866119,1367.64,0.709258106,391.04066879826587
955,500.42,0.709529536402588,0.259054126158824,1000.84,2017_yk_256,Yukon,2016,0.709320333561648,0.26713942989443,1.1272385632732e-4,555.5752032,737.4866119,1367.64,0.709258106,391.04066879826587
956,500.944,0.708131963313337,0.262201192456638,1001.888,2017_yk_256,Yukon,2016,0.709368797966477,0.267219213540291,7.97836458616419e-5,555.5752032,737.4866119,1367.64,0.709258106,391.04066879826587
957,501.468,0.709583599241662,0.264945478510531,1002.936,2017_yk_256,Yukon,2016,0.709361229504869,0.267563403353006,3.4418981271444e-4,555.5752032,737.4866119,1367.64,0.709258106,391.04066879826587
958,501.992,0.705279015307102,0.266767446673376,1003.984,2017_yk_256,Yukon,2016,0.709334337035851,0.268063304403769,4.999010507633e-4,555.5752032,737.4866119,1367.64,0.709258106,391.04066879826587
959,502.516,0.708490984407907,0.265778484187879,1005.032,2017_yk_256,Yukon,2016,0.709274368040301,0.268282208496115,2.1890409234603e-4,555.5752032,737.4866119,1367.64,0.709258106,391.04066879826587
960,503.04,0.712337966530648,0.259858208527374,1006.08,2017_yk_256,Yukon,2016,0.709292575530577,0.268540862763159,2.5865426704369e-4,555.5752032,737.4866119,1367.64,0.709258106,391.04066879826587
961,503.564,0.708656375469856,0.264339042375736,1007.128,2017_yk_256,Yukon,2016,0.709314315553722,0.268780391640847,2.3952887768785e-4,555.5752032,737.4866119,1367.64,0.709258106,391.04066879826587
962,504.088,0.70804006766431,0.262886695319662,1008.176,2017_yk_256,Yukon,2016,0.709306157338671,0.268825295112396,4.49034715497842e-5,555.5752032,737.4866119,1367.64,0.709258106,391.04066879826587
963,504.612,0.712120977574933,0.264659535018576,1009.224,2017_yk_256,Yukon,2016,0.709353418829685,0.268787777801731,-3.75173106655358e-5,555.5752032,737.4866119,1367.64,0.709258106,391.04066879826587
964,505.136,0.709160377466049,0.264011396672728,1010.272,2017_yk_256,Yukon,2016,0.70928647058444,0.268773013050489,-1.47647512422355e-5,555.5752032,737.4866119,1367.64,0.709258106,391.04066879826587
965,505.66,0.707373790240315,0.263741247870226,1011.32,2017_yk_256,Yukon,2016,0.709231874023859,0.269095105925904,3.2209287541562e-4,555.5752032,737.4866119,1367.64,0.709258106,391.04066879826587
966,506.184,0.709429851966041,0.26130346825752,1012.368,2017_yk_256,Yukon,2016,0.709307500695005,0.269453536098631,3.5843017272718e-4,555.5752032,737.4866119,1367.64,0.709258106,391.04066879826587
967,506.708,0.709916837395342,0.272346749873789,1013.416,2017_yk_256,Yukon,2016,0.709262647847882,0.269823156687961,3.6962058932943e-4,555.5752032,737.4866119,1367.64,0.709258106,391.04066879826587
968,507.232,0.70707798018415,0.280472811333271,1014.464,2017_yk_256,Yukon,2016,0.709337394963119,0.27007667967237,2.5352298440861e-4,555.5752032,737.4866119,1367.64,0.709258106,391.04066879826587
969,507.756,0.710279494733863,0.277209167774273,1015.512,2017_yk_256,Yukon,2016,0.709318460692685,0.27026185965728,1.8517998491074e-4,555.5752032,737.4866119,1367.64,0.709258106,391.04066879826587
970,508.28,0.71037322561610206,0.268924814857214,1016.56,2017_yk_256,Yukon,2016,0.709264461230914,0.270318407326696,5.65476694153189e-5,555.5752032,737.4866119,1367.64,0.709258106,391.04066879826587
971,508.804,0.715026950079918,0.262351732609637,1017.608,2017_yk_256,Yukon,2016,0.709252172529914,0.270451900878055,1.3349355135944e-4,555.5752032,737.4866119,1367.64,0.709258106,391.04066879826587
972,509.328,0.708150103458092,0.265241163993402,1018.656,2017_yk_256,Yukon,2016,0.709172777847751,0.270555327834214,1.0342695615939e-4,555.5752032,737.4866119,1367.64,0.709258106,391.04066879826587
973,509.852,0.706751733125362,0.269057450000576,1019.704,2017_yk_256,Yukon,2016,0.709159148314864,0.270492968657412,-6.23591768020848e-5,555.5752032,737.4866119,1367.64,0.709258106,391.04066879826587
974,510.376,0.706009869807827,0.271001979184471,1020.752,2017_yk_256,Yukon,2016,0.709174621772723,0.270612709982923,1.1974132551045e-4,555.5752032,737.4866119,1367.64,0.709258106,391.04066879826587
975,510.9,0.710064399822402,0.270182440766177,1021.8,2017_yk_256,Yukon,2016,0.709157885883104,0.270848039465157,2.3532948223403e-4,555.5752032,737.4866119,1367.64,0.709258106,391.04066879826587
976,511.424,0.709824512794962,0.268844649446172,1022.848,2017_yk_256,Yukon,2016,0.709215331702305,0.271105638812932,2.5759934777491e-4,555.5752032,737.4866119,1367.64,0.709258106,391.04066879826587
977,511.948,0.706551585390068,0.276056202803157,1023.896,2017_yk_256,Yukon,2016,0.709181351428149,0.271309824323,2.0418551006845e-4,555.5752032,737.4866119,1367.64,0.709258106,391.04066879826587
978,512.472,0.709828948329,0.272812340521603,1024.944,2017_yk_256,Yukon,2016,0.709209157891862,0.271403462550236,9.36382272358482e-5,555.5752032,737.4866119,1367.64,0.709258106,391.04066879826587
979,512.996,0.709388362879774,0.266931516467007,1025.992,2017_yk_256,Yukon,2016,0.709138268424877,0.271677238831199,2.7377628096253e-4,555.5752032,737.4866119,1367.64,0.709258106,391.04066879826587
980,513.52,0.710835863023286,0.266914866725555,1027.04,2017_yk_256,Yukon,2016,0.709172474337097,0.27185617376412,1.789349329217e-4,555.5752032,737.4866119,1367.64,0.709258106,391.04066879826587
981,514.044,0.708455624366286,0.271752376618644,1028.088,2017_yk_256,Yukon,2016,0.709100028330527,0.271864604583194,8.43081907347942e-6,555.5752032,737.4866119,1367.64,0.709258106,391.04066879826587
982,514.568,0.708068662939714,0.278430859579719,1029.136,2017_yk_256,Yukon,2016,0.709121673323038,0.271794553048733,-7.00515344606023e-5,555.5752032,737.4866119,1367.64,0.709258106,391.04066879826587
983,515.092,0.708987326099864,0.272450467303681,1030.184,2017_yk_256,Yukon,2016,0.709085574287126,0.27178831552823,-6.23752050343818e-6,555.5752032,737.4866119,1367.64,0.709258106,391.04066879826587
984,515.616,0.70845153112632,0.267915092772283,1031.232,2017_yk_256,Yukon,2016,0.70913837658363,0.271879232215818,9.09166875885936e-5,555.5752032,737.4866119,1367.64,0.709258106,391.04066879826587
985,516.14,0.709807789949912,0.266513467522572,1032.28,2017_yk_256,Yukon,2016,0.709061909304069,0.272156979858339,2.7774764252053e-4,555.5752032,737.4866119,1367.64,0.709258106,391.04066879826587
986,516.664,0.708945820587916,0.265660251767344,1033.328,2017_yk_256,Yukon,2016,0.709076168216658,0.272400262754781,2.4328289644259e-4,555.5752032,737.4866119,1367.64,0.709258106,391.04066879826587
987,517.188,0.708223002167781,0.277816670297251,1034.376,2017_yk_256,Yukon,2016,0.709086869894594,0.272632569595484,2.3230684070285e-4,555.5752032,737.4866119,1367.64,0.709258106,391.04066879826587
988,517.712,0.710117769698684,0.279671316317257,1035.424,2017_yk_256,Yukon,2016,0.709139341919355,0.272864025729347,2.3145613386227e-4,555.5752032,737.4866119,1367.64,0.709258106,391.04066879826587
989,518.236,0.709169872950779,0.275380249093381,1036.472,2017_yk_256,Yukon,2016,0.709127586041742,0.273208924724207,3.4489899486084e-4,555.5752032,737.4866119,1367.64,0.709258106,391.04066879826587
990,518.76,0.710432667819719,0.280816289383588,1037.52,2017_yk_256,Yukon,2016,0.709032803671897,0.273622755178195,4.1383045398751e-4,555.5752032,737.4866119,1367.64,0.709258106,391.04066879826587
991,519.284,0.711423391502426,0.278974624575722,1038.568,2017_yk_256,Yukon,2016,0.709058466508248,0.273877784163612,2.5502898541729e-4,555.5752032,737.4866119,1367.64,0.709258106,391.04066879826587
992,519.808,0.707446868375129,0.266106375314316,1039.616,2017_yk_256,Yukon,2016,0.709064720618881,0.274061913927417,1.8412976380466e-4,555.5752032,737.4866119,1367.64,0.709258106,391.04066879826587
993,520.332,0.710305909204885,0.26467107874927,1040.664,2017_yk_256,Yukon,2016,0.708979475040167,0.274186671670192,1.2475774277531e-4,555.5752032,737.4866119,1367.64,0.709258106,391.04066879826587
994,520.856,0.710279529149273,0.267795223066682,1041.712,2017_yk_256,Yukon,2016,0.708962342202844,0.27446468854123,2.7801687103823e-4,555.5752032,737.4866119,1367.64,0.709258106,391.04066879826587
995,521.38,0.707570705603234,0.278671660761432,1042.76,2017_yk_256,Yukon,2016,0.708986766629794,0.274830292707929,3.656041666985e-4,555.5752032,737.4866119,1367.64,0.709258106,391.04066879826587
996,521.904,0.709563912551075,0.282860757034683,1043.808,2017_yk_256,Yukon,2016,0.708911396281418,0.27514085568976,3.1056298183096e-4,555.5752032,737.4866119,1367.64,0.709258106,391.04066879826587
997,522.428,0.70848392812574,0.291159891213355,1044.856,2017_yk_256,Yukon,2016,0.708923250125326,0.275286090595173,1.4523490541273e-4,555.5752032,737.4866119,1367.64,0.709258106,391.04066879826587
998,522.952,0.715064975223722,0.281807799660222,1045.904,2017_yk_256,Yukon,2016,0.708968587471801,0.275258451938008,-2.76386571644305e-5,555.5752032,737.4866119,1367.64,0.709258106,391.04066879826587
999,523.476,0.707640143960102,0.277253463303996,1046.952,2017_yk_256,Yukon,2016,0.708967373812361,0.275344152341003,8.57004029951036e-5,555.5752032,737.4866119,1367.64,0.709258106,391.04066879826587
1000,524,0.708596669011572,0.276038934797455,1048,2017_yk_256,Yukon,2016,0.708937783992925,0.275583250170929,2.3909782992553e-4,555.5752032,737.4866119,1367.64,0.709258106,391.04066879826587
1001,524.524,0.708313191571561,0.28173671831251,1049.048,2017_yk_256,Yukon,2016,0.708856606420622,0.276036353800529,4.5310362959971e-4,555.5752032,737.4866119,1367.64,0.709258106,391.04066879826587
1002,525.048,0.706903412131202,0.282323069753697,1050.096,2017_yk_256,Yukon,2016,0.708835973418067,0.276375479328474,3.3912552794551e-4,555.5752032,737.4866119,1367.64,0.709258106,391.04066879826587
1003,525.572,0.707496443733764,0.272837403788794,1051.144,2017_yk_256,Yukon,2016,0.70886510135923,0.27653584216798,1.6036283950554e-4,555.5752032,737.4866119,1367.64,0.709258106,391.04066879826587
1004,526.096,0.710623348903441,0.274649723545718,1052.192,2017_yk_256,Yukon,2016,0.708932109019527,0.276680930124558,1.450879565783e-4,555.5752032,737.4866119,1367.64,0.709258106,391.04066879826587
1005,526.62,0.706507692639446,0.274651879384984,1053.24,2017_yk_256,Yukon,2016,0.708907175801884,0.27680352585252,1.2259572796213e-4,555.5752032,737.4866119,1367.64,0.709258106,391.04066879826587
1006,527.144,0.713289543412784,0.278196586446333,1054.288,2017_yk_256,Yukon,2016,0.708845086564151,0.276910636932939,1.0711108041877e-4,555.5752032,737.4866119,1367.64,0.709258106,391.04066879826587
1007,527.668,0.70755356910696,0.279192851872842,1055.336,2017_yk_256,Yukon,2016,0.708890883594657,0.276802113710241,-1.0852322269827e-4,555.5752032,737.4866119,1367.64,0.709258106,391.04066879826587
1008,528.192,0.710372414224375,0.272364259941155,1056.384,2017_yk_256,Yukon,2016,0.708842232861558,0.276737411289714,-6.47024205266966e-5,555.5752032,737.4866119,1367.64,0.709258106,391.04066879826587
1009,528.716,0.70662666424931,0.27347252522774,1057.432,2017_yk_256,Yukon,2016,0.708825155772083,0.276955443857797,2.1803256808317e-4,555.5752032,737.4866119,1367.64,0.709258106,391.04066879826587
1010,529.24,0.708592688412921,0.279690772558273,1058.48,2017_yk_256,Yukon,2016,0.708792451164582,0.277230747297774,2.7530343997733e-4,555.5752032,737.4866119,1367.64,0.709258106,391.04066879826587
1011,529.764,0.706382004195508,0.274982849414397,1059.528,2017_yk_256,Yukon,2016,0.708794883681955,0.27736757625093,1.3682895315592e-4,555.5752032,737.4866119,1367.64,0.709258106,391.04066879826587
1012,530.288,0.70989557167425,0.272366684433395,1060.576,2017_yk_256,Yukon,2016,0.708793399472083,0.277465139244707,9.75629937768896e-5,555.5752032,737.4866119,1367.64,0.709258106,391.04066879826587
1013,530.812,0.709826617790703,0.274293258112272,1061.624,2017_yk_256,Yukon,2016,0.708789922521737,0.277627785390295,1.6264614558791e-4,555.5752032,737.4866119,1367.64,0.709258106,391.04066879826587
1014,531.336,0.710668960332584,0.272354292638792,1062.672,2017_yk_256,Yukon,2016,0.708834783995488,0.277840578380431,2.1279299013576e-4,555.5752032,737.4866119,1367.64,0.709258106,391.04066879826587
1015,531.86,0.704941499628867,0.275718984710054,1063.72,2017_yk_256,Yukon,2016,0.708836845078442,0.278121250097069,2.8067171663853e-4,555.5752032,737.4866119,1367.64,0.709258106,391.04066879826587
1016,532.384,0.708987498068675,0.276798166243194,1064.768,2017_yk_256,Yukon,2016,0.708820455787106,0.278403908233602,2.8265813653266e-4,555.5752032,737.4866119,1367.64,0.709258106,391.04066879826587
1017,532.908,0.710225699917834,0.278883888952703,1065.816,2017_yk_256,Yukon,2016,0.708908992672404,0.278458171696928,5.42634633256545e-5,555.5752032,737.4866119,1367.64,0.709258106,391.04066879826587
1018,533.432,0.708427336792785,0.280654814705112,1066.864,2017_yk_256,Yukon,2016,0.708916596207111,0.278541684333867,8.35126369392314e-5,555.5752032,737.4866119,1367.64,0.709258106,391.04066879826587
1019,533.956,0.707785631751138,0.28647242387953,1067.912,2017_yk_256,Yukon,2016,0.708951064579229,0.27860430486269,6.26205288228876e-5,555.5752032,737.4866119,1367.64,0.709258106,391.04066879826587
1020,534.48,0.706651024339907,0.284688035766628,1068.96,2017_yk_256,Yukon,2016,0.708955084707747,0.278678038744525,7.37338818346256e-5,555.5752032,737.4866119,1367.64,0.709258106,391.04066879826587
1021,535.004,0.710196145650968,0.279640781500775,1070.008,2017_yk_256,Yukon,2016,0.708924525112613,0.278661648875432,-1.63898690925257e-5,555.5752032,737.4866119,1367.64,0.709258106,391.04066879826587
1022,535.528,0.708415314302245,0.27393448114794,1071.056,2017_yk_256,Yukon,2016,0.708982935381723,0.278864222917036,2.0257404160378e-4,555.5752032,737.4866119,1367.64,0.709258106,391.04066879826587
1023,536.052,0.707006242852099,0.272144999585094,1072.104,2017_yk_256,Yukon,2016,0.70896475765951,0.279036809091908,1.7258617487253e-4,555.5752032,737.4866119,1367.64,0.709258106,391.04066879826587
1024,536.576,0.708132407226696,0.280692408935025,1073.152,2017_yk_256,Yukon,2016,0.708965381341471,0.279112079727087,7.5270635178537e-5,555.5752032,737.4866119,1367.64,0.709258106,391.04066879826587
1025,537.1,0.708839255857324,0.285677497872137,1074.2,2017_yk_256,Yukon,2016,0.709031803242182,0.27905448608018,-5.75936469068838e-5,555.5752032,737.4866119,1367.64,0.709258106,391.04066879826587
1026,537.624,0.704907631063439,0.279937247167376,1075.248,2017_yk_256,Yukon,2016,0.709081062909678,0.279062802209441,8.31612926133207e-6,555.5752032,737.4866119,1367.64,0.709258106,391.04066879826587
1027,538.148,0.710628068029855,0.281060844198557,1076.296,2017_yk_256,Yukon,2016,0.709051143882833,0.278892040909114,-1.7076130032767e-4,555.5752032,737.4866119,1367.64,0.709258106,391.04066879826587
1028,538.672,0.709798220972622,0.278814491903404,1077.344,2017_yk_256,Yukon,2016,0.708978390155938,0.278867659458302,-2.43814508116835e-5,555.5752032,737.4866119,1367.64,0.709258106,391.04066879826587
1029,539.196,0.710206675167485,0.282351191953978,1078.392,2017_yk_256,Yukon,2016,0.709040968157488,0.278876664054799,9.00459649733065e-6,555.5752032,737.4866119,1367.64,0.709258106,391.04066879826587
1030,539.72,0.708597836449908,0.283270684652748,1079.44,2017_yk_256,Yukon,2016,0.709032108530949,0.278891675984807,1.50119300079132e-5,555.5752032,737.4866119,1367.64,0.709258106,391.04066879826587
1031,540.244,0.710156295741763,0.289537950385618,1080.488,2017_yk_256,Yukon,2016,0.709088328144925,0.278878688965073,-1.29870197343451e-5,555.5752032,737.4866119,1367.64,0.709258106,391.04066879826587
1032,540.768,0.706912123304785,0.285588695670131,1081.536,2017_yk_256,Yukon,2016,0.709140779567711,0.278896598074633,1.79091095597328e-5,555.5752032,737.4866119,1367.64,0.709258106,391.04066879826587
1033,541.292,0.708499409595147,0.278679220370908,1082.584,2017_yk_256,Yukon,2016,0.709159679337736,0.279038187743675,1.4158966904198e-4,555.5752032,737.4866119,1367.64,0.709258106,391.04066879826587
1034,541.816,0.71003032942567,0.279707256579171,1083.632,2017_yk_256,Yukon,2016,0.709221352583878,0.279019619443306,-1.85683003680603e-5,555.5752032,737.4866119,1367.64,0.709258106,391.04066879826587
1035,542.34,0.708568406763786,0.277538184443906,1084.68,2017_yk_256,Yukon,2016,0.709226374487521,0.279059567220553,3.99477772469736e-5,555.5752032,737.4866119,1367.64,0.709258106,391.04066879826587
1036,542.864,0.706099158531028,0.275271314271297,1085.728,2017_yk_256,Yukon,2016,0.709113916534731,0.278912132218357,-1.4743500219632e-4,555.5752032,737.4866119,1367.64,0.709258106,391.04066879826587
1037,543.388,0.709299407220375,0.269544809441263,1086.776,2017_yk_256,Yukon,2016,0.709174648363948,0.278813899399751,-9.82328186064918e-5,555.5752032,737.4866119,1367.64,0.709258106,391.04066879826587
1038,543.912,0.706909904343085,0.268930195290001,1087.824,2017_yk_256,Yukon,2016,0.709213956984365,0.278894206722746,8.03073229951323e-5,555.5752032,737.4866119,1367.64,0.709258106,391.04066879826587
1039,544.436,0.708363737511266,0.280013470551998,1088.872,2017_yk_256,Yukon,2016,0.709289609358058,0.278997965781195,1.0375905844922e-4,555.5752032,737.4866119,1367.64,0.709258106,391.04066879826587
1040,544.96,0.708873586573218,0.283433073124196,1089.92,2017_yk_256,Yukon,2016,0.709323432674903,0.278938356479189,-5.96093020063804e-5,555.5752032,737.4866119,1367.64,0.709258106,391.04066879826587
1041,545.484,0.708601575408679,0.279962113807997,1090.968,2017_yk_256,Yukon,2016,0.709334465876983,0.279028634513007,9.02780338187803e-5,555.5752032,737.4866119,1367.64,0.709258106,391.04066879826587
1042,546.008,0.707979610347394,0.284284639206331,1092.016,2017_yk_256,Yukon,2016,0.709315083794741,0.279082105701618,5.34711886103212e-5,555.5752032,737.4866119,1367.64,0.709258106,391.04066879826587
1043,546.532,0.708778709079095,0.282209236038959,1093.064,2017_yk_256,Yukon,2016,0.70926126665761,0.279210321371526,1.2821566990839e-4,555.5752032,737.4866119,1367.64,0.709258106,391.04066879826587
1044,547.056,0.711143219551405,0.280682672180427,1094.112,2017_yk_256,Yukon,2016,0.709161089284545,0.279372155229462,1.6183385793561e-4,555.5752032,737.4866119,1367.64,0.709258106,391.04066879826587
1045,547.58,0.709931454927125,0.283353770520884,1095.16,2017_yk_256,Yukon,2016,0.709192188689853,0.279493646755559,1.214915260968e-4,555.5752032,737.4866119,1367.64,0.709258106,391.04066879826587
1046,548.104,0.707962463107746,0.282619739959306,1096.208,2017_yk_256,Yukon,2016,0.709210759886845,0.279597832858575,1.0418610301654e-4,555.5752032,737.4866119,1367.64,0.709258106,391.04066879826587
1047,548.628,0.7135352152857,0.281072478096792,1097.256,2017_yk_256,Yukon,2016,0.709197841674133,0.27965850131817,6.06684595949036e-5,555.5752032,737.4866119,1367.64,0.709258106,391.04066879826587
1048,549.152,0.71057398178111,0.28468207453361,1098.304,2017_yk_256,Yukon,2016,0.709178030083068,0.279651641954355,-6.85936381505936e-6,555.5752032,737.4866119,1367.64,0.709258106,391.04066879826587
1049,549.676,0.711237975277837,0.279137480822751,1099.352,2017_yk_256,Yukon,2016,0.709208386850177,0.279491992843605,-1.5964911075022e-4,555.5752032,737.4866119,1367.64,0.709258106,391.04066879826587
1050,550.2,0.710673875530805,0.28524032229367,1100.4,2017_yk_256,Yukon,2016,0.709201922246742,0.279419089229267,-7.29036143372608e-5,555.5752032,737.4866119,1367.64,0.709258106,391.04066879826587
1051,550.724,0.709589815794367,0.277991232430169,1101.448,2017_yk_256,Yukon,2016,0.709149522677877,0.279456909037601,3.78198083331172e-5,555.5752032,737.4866119,1367.64,0.709258106,391.04066879826587
1052,551.248,0.71095148452174906,0.278260817810544,1102.496,2017_yk_256,Yukon,2016,0.709218531245954,0.279679069517295,2.2216047969481e-4,555.5752032,737.4866119,1367.64,0.709258106,391.04066879826587
1053,551.772,0.709215245872086,0.275026249241621,1103.544,2017_yk_256,Yukon,2016,0.709282057508007,0.27975001316121,7.09436439144118e-5,555.5752032,737.4866119,1367.64,0.709258106,391.04066879826587
1054,552.296,0.71031695006693,0.272311461177395,1104.592,2017_yk_256,Yukon,2016,0.709316452844445,0.279638673760737,-1.1133940047258e-4,555.5752032,737.4866119,1367.64,0.709258106,391.04066879826587
1055,552.82,0.711556019645943,0.275216041947018,1105.64,2017_yk_256,Yukon,2016,0.709336743527266,0.279538021288861,-1.006524718759e-4,555.5752032,737.4866119,1367.64,0.709258106,391.04066879826587
1056,553.344,0.712519492600798,0.283359724790362,1106.688,2017_yk_256,Yukon,2016,0.709374556043612,0.279562475507551,2.44542186901842e-5,555.5752032,737.4866119,1367.64,0.709258106,391.04066879826587
1057,553.868,0.706688786515023,0.280914213193699,1107.736,2017_yk_256,Yukon,2016,0.709358640781576,0.279486702116966,-7.57733905853986e-5,555.5752032,737.4866119,1367.64,0.709258106,391.04066879826587
1058,554.392,0.710699751610043,0.28034491261152,1108.784,2017_yk_256,Yukon,2016,0.709337465477647,0.279510649980091,2.39478631252621e-5,555.5752032,737.4866119,1367.64,0.709258106,391.04066879826587
1059,554.916,0.711394824053093,0.277793739093838,1109.832,2017_yk_256,Yukon,2016,0.709296607677697,0.279403889850876,-1.0676012921534e-4,555.5752032,737.4866119,1367.64,0.709258106,391.04066879826587
1060,555.44,0.708065091419231,0.276939650597928,1110.88,2017_yk_256,Yukon,2016,0.709276248592662,0.279255101217516,-1.4878863336009e-4,555.5752032,737.4866119,1367.64,0.709258106,391.04066879826587
1061,555.964,0.71168636841015,0.28095749712845,1111.928,2017_yk_256,Yukon,2016,0.709244230416449,0.27905559592979,-1.9950528772572e-4,555.5752032,737.4866119,1367.64,0.709258106,391.04066879826587
1062,556.488,0.710050497498337,0.28339761632728,1112.976,2017_yk_256,Yukon,2016,0.709304938878588,0.278815968679844,-2.3962724994575e-4,555.5752032,737.4866119,1367.64,0.709258106,391.04066879826587
1063,557.012,0.708630429935316,0.281332783931315,1114.024,2017_yk_256,Yukon,2016,0.709248132813677,0.278679451427213,-1.3651725263136e-4,555.5752032,737.4866119,1367.64,0.709258106,391.04066879826587
1064,557.536,0.714323743671947,0.273535625523634,1115.072,2017_yk_256,Yukon,2016,0.709273254399636,0.278492109901599,-1.8734152561433e-4,555.5752032,737.4866119,1367.64,0.709258106,391.04066879826587
1065,558.06,0.706809006858016,0.277048746019802,1116.12,2017_yk_256,Yukon,2016,0.709254918728917,0.278319593517964,-1.7251638363496e-4,555.5752032,737.4866119,1367.64,0.709258106,391.04066879826587
1066,558.584,0.706542066245371,0.269350486314554,1117.168,2017_yk_256,Yukon,2016,0.709260292491462,0.278329230674143,9.63715617940952e-6,555.5752032,737.4866119,1367.64,0.709258106,391.04066879826587
1067,559.108,0.711197478859991,0.273298882756452,1118.216,2017_yk_256,Yukon,2016,0.709283747997016,0.278488059686458,1.5882901231445e-4,555.5752032,737.4866119,1367.64,0.709258106,391.04066879826587
1068,559.632,0.712730931449382,0.277182699320864,1119.264,2017_yk_256,Yukon,2016,0.709286429159105,0.27850988495048,2.18252640227234e-5,555.5752032,737.4866119,1367.64,0.709258106,391.04066879826587
1069,560.156,0.711165806670882,0.279698068734694,1120.312,2017_yk_256,Yukon,2016,0.709363067751616,0.278348494758268,-1.6139019221211e-4,555.5752032,737.4866119,1367.64,0.709258106,391.04066879826587
1070,560.68,0.710622087423623,0.276114214437892,1121.36,2017_yk_256,Yukon,2016,0.709417611095743,0.278025681099854,-3.2281365841391e-4,555.5752032,737.4866119,1367.64,0.709258106,391.04066879826587
1071,561.204,0.707043996320327,0.280399531443521,1122.408,2017_yk_256,Yukon,2016,0.709429173083315,0.27788937268836,-1.3630841149431e-4,555.5752032,737.4866119,1367.64,0.709258106,391.04066879826587
1072,561.728,0.708732646739726,0.275574955750014,1123.456,2017_yk_256,Yukon,2016,0.70944238486508,0.277974017045696,8.46443573355171e-5,555.5752032,737.4866119,1367.64,0.709258106,391.04066879826587
1073,562.252,0.706597589562825,0.281986198306778,1124.504,2017_yk_256,Yukon,2016,0.709432954704299,0.277981395223557,7.37817786178319e-6,555.5752032,737.4866119,1367.64,0.709258106,391.04066879826587
1074,562.776,0.704658317948727,0.282064324114927,1125.552,2017_yk_256,Yukon,2016,0.709399447643231,0.277861145212294,-1.2025001126353e-4,555.5752032,737.4866119,1367.64,0.709258106,391.04066879826587
1075,563.3,0.706807463947312,0.283008476275862,1126.6,2017_yk_256,Yukon,2016,0.709344057151913,0.277748393574447,-1.1275163784657e-4,555.5752032,737.4866119,1367.64,0.709258106,391.04066879826587
1076,563.824,0.710101769888199,0.28304933242419,1127.648,2017_yk_256,Yukon,2016,0.709338052512142,0.277466855037755,-2.8153853669205e-4,555.5752032,737.4866119,1367.64,0.709258106,391.04066879826587
1077,564.348,0.70945060715512,0.282523996528399,1128.696,2017_yk_256,Yukon,2016,0.709323284535183,0.277057371905891,-4.0948313186428e-4,555.5752032,737.4866119,1367.64,0.709258106,391.04066879826587
1078,564.872,0.707238641328913,0.280243252876207,1129.744,2017_yk_256,Yukon,2016,0.709258125072492,0.276859911318453,-1.9746058743741e-4,555.5752032,737.4866119,1367.64,0.709258106,391.04066879826587
1079,565.396,0.709607037777638,0.276893477234516,1130.792,2017_yk_256,Yukon,2016,0.709208004289424,0.276905132887291,4.52215688374058e-5,555.5752032,737.4866119,1367.64,0.709258106,391.04066879826587
1080,565.92,0.706263148133793,0.280313818906393,1131.84,2017_yk_256,Yukon,2016,0.709231215372763,0.276874371500552,-3.07613867386869e-5,555.5752032,737.4866119,1367.64,0.709258106,391.04066879826587
1081,566.444,0.707052171519124,0.281909970000762,1132.888,2017_yk_256,Yukon,2016,0.709206016662697,0.276973357574195,9.89860736423931e-5,555.5752032,737.4866119,1367.64,0.709258106,391.04066879826587
1082,566.968,0.71255582838682,0.287264109929626,1133.936,2017_yk_256,Yukon,2016,0.709201245252538,0.276987473454721,1.41158805264108e-5,555.5752032,737.4866119,1367.64,0.709258106,391.04066879826587
1083,567.492,0.710817818575291,0.276401618219959,1134.984,2017_yk_256,Yukon,2016,0.709216915537054,0.276935368148146,-5.21053065754007e-5,555.5752032,737.4866119,1367.64,0.709258106,391.04066879826587
1084,568.016,0.710196127412992,0.27401204490666897,1136.032,2017_yk_256,Yukon,2016,0.709208455055971,0.276983813776275,4.84456281295564e-5,555.5752032,737.4866119,1367.64,0.709258106,391.04066879826587
1085,568.54,0.710056696826556,0.279638349559583,1137.08,2017_yk_256,Yukon,2016,0.709171901283336,0.276992955922589,9.14214631397847e-6,555.5752032,737.4866119,1367.64,0.709258106,391.04066879826587
1086,569.064,0.707176382044191,0.281404500288782,1138.128,2017_yk_256,Yukon,2016,0.709208508068856,0.276808750852037,-1.8420507055189e-4,555.5752032,737.4866119,1367.64,0.709258106,391.04066879826587
1087,569.588,0.709673152307693,0.276514440763434,1139.176,2017_yk_256,Yukon,2016,0.709274536981651,0.2766709126154,-1.3783823663693e-4,555.5752032,737.4866119,1367.64,0.709258106,391.04066879826587
1088,570.112,0.708527702736881,0.280251363690919,1140.224,2017_yk_256,Yukon,2016,0.709235444754434,0.276533802999962,-1.3710961543855e-4,555.5752032,737.4866119,1367.64,0.709258106,391.04066879826587
1089,570.636,0.707755207170513,0.275945584201056,1141.272,2017_yk_256,Yukon,2016,0.709206921085162,0.276502514805738,-3.12881942236554e-5,555.5752032,737.4866119,1367.64,0.709258106,391.04066879826587
1090,571.16,0.707376291347817,0.27434336665114,1142.32,2017_yk_256,Yukon,2016,0.709139874383053,0.276494888135214,-7.62667052423005e-6,555.5752032,737.4866119,1367.64,0.709258106,391.04066879826587
1091,571.684,0.708235205168971,0.277567633122074,1143.368,2017_yk_256,Yukon,2016,0.709111263446813,0.276375541403239,-1.193467319745e-4,555.5752032,737.4866119,1367.64,0.709258106,391.04066879826587
1092,572.208,0.710554631033157,0.271211060673385,1144.416,2017_yk_256,Yukon,2016,0.709103953534721,0.276228535061799,-1.4700634144049e-4,555.5752032,737.4866119,1367.64,0.709258106,391.04066879826587
1093,572.732,0.705091045700489,0.270488185213025,1145.464,2017_yk_256,Yukon,2016,0.709169122322614,0.276116274933503,-1.1226012829623e-4,555.5752032,737.4866119,1367.64,0.709258106,391.04066879826587
1094,573.256,0.711537624583165,0.268466765042312,1146.512,2017_yk_256,Yukon,2016,0.709086792926312,0.276102230520695,-1.40444128078343e-5,555.5752032,737.4866119,1367.64,0.709258106,391.04066879826587
1095,573.78,0.707468266520639,0.26718720142581,1147.56,2017_yk_256,Yukon,2016,0.7091394320221,0.276098279185301,-3.95133539415893e-6,555.5752032,737.4866119,1367.64,0.709258106,391.04066879826587
1096,574.304,0.706421584283726,0.275849543642061,1148.608,2017_yk_256,Yukon,2016,0.709157354189804,0.2763224178675,2.2413868219972e-4,555.5752032,737.4866119,1367.64,0.709258106,391.04066879826587
1097,574.828,0.710706737553647,0.279074550180128,1149.656,2017_yk_256,Yukon,2016,0.709186151202438,0.276350501949073,2.80840815727879e-5,555.5752032,737.4866119,1367.64,0.709258106,391.04066879826587
1098,575.352,0.707070774068425,0.270239711131364,1150.704,2017_yk_256,Yukon,2016,0.709142546647611,0.276300889919876,-4.96120291967328e-5,555.5752032,737.4866119,1367.64,0.709258106,391.04066879826587
1099,575.876,0.712962053061927,0.27033005901927,1151.752,2017_yk_256,Yukon,2016,0.709119225236648,0.276168318122774,-1.3257179710279e-4,555.5752032,737.4866119,1367.64,0.709258106,391.04066879826587
1100,576.4,0.712146187220811,0.264064253619362,1152.8,2017_yk_256,Yukon,2016,0.70906298980753,0.276142944330535,-2.53737922386588e-5,555.5752032,737.4866119,1367.64,0.709258106,391.04066879826587
1101,576.924,0.709295294662987,0.271783609118339,1153.848,2017_yk_256,Yukon,2016,0.709128840384467,0.276112585136209,-3.03591943263681e-5,555.5752032,737.4866119,1367.64,0.709258106,391.04066879826587
1102,577.448,0.708772317253298,0.289363300646461,1154.896,2017_yk_256,Yukon,2016,0.709184243798149,0.276095740902374,-1.68442338346897e-5,555.5752032,737.4866119,1367.64,0.709258106,391.04066879826587
1103,577.972,0.708212899432239,0.282651926710665,1155.944,2017_yk_256,Yukon,2016,0.709204930907247,0.275969321283195,-1.2641961917875e-4,555.5752032,737.4866119,1367.64,0.709258106,391.04066879826587
1104,578.496,0.709132795887326,0.273467671504617,1156.992,2017_yk_256,Yukon,2016,0.70932393049589,0.275875217248838,-9.4104034357223e-5,555.5752032,737.4866119,1367.64,0.709258106,391.04066879826587
1105,579.02,0.706608025448067,0.276588672250085,1158.04,2017_yk_256,Yukon,2016,0.709395086476199,0.275792572403665,-8.26448451728412e-5,555.5752032,737.4866119,1367.64,0.709258106,391.04066879826587
1106,579.544,0.707602184721462,0.265727427757787,1159.088,2017_yk_256,Yukon,2016,0.709441231104425,0.275835815621475,4.32432178095188e-5,555.5752032,737.4866119,1367.64,0.709258106,391.04066879826587
1107,580.068,0.712649136668173,0.256503490184931,1160.136,2017_yk_256,Yukon,2016,0.709485031046993,0.275912101918689,7.62862972142342e-5,555.5752032,737.4866119,1367.64,0.709258106,391.04066879826587
1108,580.592,0.706664414019642,0.272834439287365,1161.184,2017_yk_256,Yukon,2016,0.709536332970964,0.276018947154153,1.0684523546428e-4,555.5752032,737.4866119,1367.64,0.709258106,391.04066879826587
1109,581.116,0.708230728293796,0.281850774952996,1162.232,2017_yk_256,Yukon,2016,0.709546686254692,0.276170361530021,1.5141437586802e-4,555.5752032,737.4866119,1367.64,0.709258106,391.04066879826587
1110,581.64,0.71206654053114,0.283394639089347,1163.28,2017_yk_256,Yukon,2016,0.709571929752859,0.276254301372288,8.39398422666227e-5,555.5752032,737.4866119,1367.64,0.709258106,391.04066879826587
1111,582.164,0.708077893190398,0.283930396848716,1164.328,2017_yk_256,Yukon,2016,0.709611114158286,0.276379554040626,1.2525266833823e-4,555.5752032,737.4866119,1367.64,0.709258106,391.04066879826587
1112,582.688,0.710665199912228,0.279107770642126,1165.376,2017_yk_256,Yukon,2016,0.709517722986018,0.276475421396813,9.5867356186774e-5,555.5752032,737.4866119,1367.64,0.709258106,391.04066879826587
1113,583.212,0.710155462943017,0.271899930847095,1166.424,2017_yk_256,Yukon,2016,0.709530988656627,0.276727183151632,2.5176175481883e-4,555.5752032,737.4866119,1367.64,0.709258106,391.04066879826587
1114,583.736,0.709809321201946,0.27521819886517,1167.472,2017_yk_256,Yukon,2016,0.709489941871703,0.276919378332102,1.9219518047003e-4,555.5752032,737.4866119,1367.64,0.709258106,391.04066879826587
1115,584.26,0.709362793287859,0.27576457072585697,1168.52,2017_yk_256,Yukon,2016,0.70945160197119,0.277049375617361,1.2999728525919e-4,555.5752032,737.4866119,1367.64,0.709258106,391.04066879826587
1116,584.784,0.714715899731964,0.272307420557247,1169.568,2017_yk_256,Yukon,2016,0.709533884927706,0.277090864636266,4.14890189053274e-5,555.5752032,737.4866119,1367.64,0.709258106,391.04066879826587
1117,585.308,0.71065052128277,0.272643918995482,1170.616,2017_yk_256,Yukon,2016,0.70955436215267,0.277388929045363,2.9806440909702e-4,555.5752032,737.4866119,1367.64,0.709258106,391.04066879826587
1118,585.832,0.708354217977002,0.272118335685209,1171.664,2017_yk_256,Yukon,2016,0.709584970767445,0.277605269913786,2.1634086842298e-4,555.5752032,737.4866119,1367.64,0.709258106,391.04066879826587
1119,586.356,0.709683403896766,0.275916447440415,1172.712,2017_yk_256,Yukon,2016,0.709613686174402,0.277983130928449,3.7786101466236e-4,555.5752032,737.4866119,1367.64,0.709258106,391.04066879826587
1120,586.88,0.704042289292704,0.276482050366477,1173.76,2017_yk_256,Yukon,2016,0.70973949775281,0.278297322699076,3.1419177062713e-4,555.5752032,737.4866119,1367.64,0.709258106,391.04066879826587
1121,587.404,0.709969712235748,0.273796693209981,1174.808,2017_yk_256,Yukon,2016,0.709733983018683,0.278628505260275,3.3118256119951e-4,555.5752032,737.4866119,1367.64,0.709258106,391.04066879826587
1122,587.928,0.709611902772794,0.274577235840848,1175.856,2017_yk_256,Yukon,2016,0.709714691096835,0.278941734396167,3.1322913589232e-4,555.5752032,737.4866119,1367.64,0.709258106,391.04066879826587
1123,588.452,0.712540557208911,0.274597176233541,1176.904,2017_yk_256,Yukon,2016,0.709841332143284,0.279295196118561,3.5346172239342e-4,555.5752032,737.4866119,1367.64,0.709258106,391.04066879826587
1124,588.976,0.70938397989384006,0.272692960755164,1177.952,2017_yk_256,Yukon,2016,0.7097930669654,0.279714372416719,4.1917629815763e-4,555.5752032,737.4866119,1367.64,0.709258106,391.04066879826587
1125,589.5,0.709967352605309,0.276811665896152,1179,2017_yk_256,Yukon,2016,0.70979766000214,0.280119091975201,4.0471955848242e-4,555.5752032,737.4866119,1367.64,0.709258106,391.04066879826587
1126,590.024,0.707617396307573,0.28279880724654,1180.048,2017_yk_256,Yukon,2016,0.709839270366719,0.280382260278299,2.6316830309808e-4,555.5752032,737.4866119,1367.64,0.709258106,391.04066879826587
1127,590.548,0.712925299618028,0.274983927650817,1181.096,2017_yk_256,Yukon,2016,0.709847965594276,0.280721132336922,3.3887205862343e-4,555.5752032,737.4866119,1367.64,0.709258106,391.04066879826587
1128,591.072,0.710114658159788,0.27420597756906,1182.144,2017_yk_256,Yukon,2016,0.70989722373718,0.281126662688901,4.0553035197854e-4,555.5752032,737.4866119,1367.64,0.709258106,391.04066879826587
1129,591.596,0.7097665220131,0.271743760908528,1183.192,2017_yk_256,Yukon,2016,0.709853623216654,0.281487665207859,3.610025189582e-4,555.5752032,737.4866119,1367.64,0.709258106,391.04066879826587
1130,592.12,0.707247961676511,0.274591786903573,1184.24,2017_yk_256,Yukon,2016,0.70979126229543,0.282034601904072,5.4693669621314e-4,555.5752032,737.4866119,1367.64,0.709258106,391.04066879826587
1131,592.644,0.710995030936553,0.27857797978394,1185.288,2017_yk_256,Yukon,2016,0.709813765021045,0.28268539394164,6.5079203756751e-4,555.5752032,737.4866119,1367.64,0.709258106,391.04066879826587
1132,593.168,0.712056851560659,0.274564301719931,1186.336,2017_yk_256,Yukon,2016,0.709832687986473,0.283077361784116,3.9196784247647e-4,555.5752032,737.4866119,1367.64,0.709258106,391.04066879826587
1133,593.692,0.707838816108687,0.274401021156051,1187.384,2017_yk_256,Yukon,2016,0.709890585034778,0.283645401168184,5.6803938406757e-4,555.5752032,737.4866119,1367.64,0.709258106,391.04066879826587
1134,594.216,0.711798293267318,0.276418082053496,1188.432,2017_yk_256,Yukon,2016,0.709901587850516,0.284170975152519,5.2557398433539e-4,555.5752032,737.4866119,1367.64,0.709258106,391.04066879826587
1135,594.74,0.711076822765844,0.278049785565492,1189.48,2017_yk_256,Yukon,2016,0.709985406635007,0.284696676782581,5.2570163006127e-4,555.5752032,737.4866119,1367.64,0.709258106,391.04066879826587
1136,595.264,0.712870447581797,0.285643925492762,1190.528,2017_yk_256,Yukon,2016,0.710114984460687,0.28535563841913,6.5896163654943e-4,555.5752032,737.4866119,1367.64,0.709258106,391.04066879826587
1137,595.788,0.712078603709203,0.287101174361251,1191.576,2017_yk_256,Yukon,2016,0.710111935467324,0.286232630745364,8.7699232623428e-4,555.5752032,737.4866119,1367.64,0.709258106,391.04066879826587
1138,596.312,0.710316756767165,0.286653967004064,1192.624,2017_yk_256,Yukon,2016,0.710202737630744,0.286924628367989,6.9199762262511e-4,555.5752032,737.4866119,1367.64,0.709258106,391.04066879826587
1139,596.836,0.710228234801331,0.285978339786595,1193.672,2017_yk_256,Yukon,2016,0.710210432599521,0.287403035798318,4.7840743032873e-4,555.5752032,737.4866119,1367.64,0.709258106,391.04066879826587
1140,597.36,0.707777758023776,0.285350209442392,1194.72,2017_yk_256,Yukon,2016,0.71018854220553,0.287941921242811,5.3888544449254e-4,555.5752032,737.4866119,1367.64,0.709258106,391.04066879826587
1141,597.884,0.70940323584477,0.289425130101054,1195.768,2017_yk_256,Yukon,2016,0.710259257576957,0.288517284356219,5.7536311340872e-4,555.5752032,737.4866119,1367.64,0.709258106,391.04066879826587
1142,598.408,0.706952358050729,0.293016151300831,1196.816,2017_yk_256,Yukon,2016,0.710308749141947,0.289149618875082,6.3233451886241e-4,555.5752032,737.4866119,1367.64,0.709258106,391.04066879826587
1143,598.932,0.711613758811827,0.29150732350909,1197.864,2017_yk_256,Yukon,2016,0.710360665235379,0.289815790946128,6.6617207104613e-4,555.5752032,737.4866119,1367.64,0.709258106,391.04066879826587
1144,599.456,0.707733320317576,0.285543755734871,1198.912,2017_yk_256,Yukon,2016,0.710412479717421,0.290433929866332,6.1813892020373e-4,555.5752032,737.4866119,1367.64,0.709258106,391.04066879826587
1145,599.98,0.707756302795778,0.287438186675135,1199.96,2017_yk_256,Yukon,2016,0.710442047022335,0.290953724704033,5.1979483770175e-4,555.5752032,737.4866119,1367.64,0.709258106,391.04066879826587
1146,600.504,0.712113359435115,0.283893841423104,1201.008,2017_yk_256,Yukon,2016,0.710375261720609,0.291590315955508,6.365912514748e-4,555.5752032,737.4866119,1367.64,0.709258106,391.04066879826587
1147,601.028,0.710901785805582,0.294398305309252,1202.056,2017_yk_256,Yukon,2016,0.710406662420004,0.292359813654895,7.6949769938705e-4,555.5752032,737.4866119,1367.64,0.709258106,391.04066879826587
1148,601.552,0.710364219623356,0.293231815796301,1203.104,2017_yk_256,Yukon,2016,0.710456249952734,0.293211280651292,8.5146699639687e-4,555.5752032,737.4866119,1367.64,0.709258106,391.04066879826587
1149,602.076,0.709478131587961,0.298617245080797,1204.152,2017_yk_256,Yukon,2016,0.710522725721736,0.293827180007173,6.1589935588085e-4,555.5752032,737.4866119,1367.64,0.709258106,391.04066879826587
1150,602.6,0.714924986052286,0.293194872888768,1205.2,2017_yk_256,Yukon,2016,0.71069570689656,0.294369290215556,5.4211020838301e-4,555.5752032,737.4866119,1367.64,0.709258106,391.04066879826587
1151,603.124,0.707904321121305,0.297438586794048,1206.248,2017_yk_256,Yukon,2016,0.710737048153041,0.294977544921489,6.0825470593284e-4,555.5752032,737.4866119,1367.64,0.709258106,391.04066879826587
1152,603.648,0.709397115722334,0.290004808826922,1207.296,2017_yk_256,Yukon,2016,0.71080377396377,0.29567525366308,6.977087415908e-4,555.5752032,737.4866119,1367.64,0.709258106,391.04066879826587
1153,604.172,0.71268950848737,0.291695888556632,1208.344,2017_yk_256,Yukon,2016,0.710817628833272,0.296444626537034,7.6937287395445e-4,555.5752032,737.4866119,1367.64,0.709258106,391.04066879826587
1154,604.696,0.708641713910178,0.29361734293177,1209.392,2017_yk_256,Yukon,2016,0.710884060973489,0.297298257462886,8.5363092585161e-4,555.5752032,737.4866119,1367.64,0.709258106,391.04066879826587
1155,605.22,0.707743848725043,0.291470374934753,1210.44,2017_yk_256,Yukon,2016,0.710964718666624,0.298114077495837,8.1582003295155e-4,555.5752032,737.4866119,1367.64,0.709258106,391.04066879826587
1156,605.744,0.708918206158445,0.291639641827947,1211.488,2017_yk_256,Yukon,2016,0.711027094476907,0.298865785605327,7.5170810948932e-4,555.5752032,737.4866119,1367.64,0.709258106,391.04066879826587
1157,606.268,0.711228451207059,0.299406873697531,1212.536,2017_yk_256,Yukon,2016,0.711059337204292,0.299673030629557,8.0724502423068e-4,555.5752032,737.4866119,1367.64,0.709258106,391.04066879826587
1158,606.792,0.710026262642646,0.29457153225008,1213.584,2017_yk_256,Yukon,2016,0.711128220362743,0.300392147072799,7.1911644324124e-4,555.5752032,737.4866119,1367.64,0.709258106,391.04066879826587
1159,607.316,0.710346021830357,0.291990210156763,1214.632,2017_yk_256,Yukon,2016,0.711146245338876,0.301192110236255,7.999631634567e-4,555.5752032,737.4866119,1367.64,0.709258106,391.04066879826587
1160,607.84,0.70840453194742,0.296880455392149,1215.68,2017_yk_256,Yukon,2016,0.711255057311029,0.301959326961373,7.6721672511748e-4,555.5752032,737.4866119,1367.64,0.709258106,391.04066879826587
1161,608.364,0.710645458199854,0.31083113137239,1216.728,2017_yk_256,Yukon,2016,0.711337778478525,0.302687654420278,7.2832745890566e-4,555.5752032,737.4866119,1367.64,0.709258106,391.04066879826587
1162,608.888,0.70990769517899,0.312881371195052,1217.776,2017_yk_256,Yukon,2016,0.711369340749712,0.303599424235113,9.1176981483487e-4,555.5752032,737.4866119,1367.64,0.709258106,391.04066879826587
1163,609.412,0.711686722330517,0.316734289754718,1218.824,2017_yk_256,Yukon,2016,0.711439671043426,0.304479229248889,8.7980501377588e-4,555.5752032,737.4866119,1367.64,0.709258106,391.04066879826587
1164,609.936,0.709792964831636,0.305002110564741,1219.872,2017_yk_256,Yukon,2016,0.711498532434995,0.305328256083579,8.490268346894e-4,555.5752032,737.4866119,1367.64,0.709258106,391.04066879826587
1165,610.46,0.711637152517521,0.308130770053762,1220.92,2017_yk_256,Yukon,2016,0.711492710066836,0.30611004293681,7.8178685323188e-4,555.5752032,737.4866119,1367.64,0.709258106,391.04066879826587
1166,610.984,0.715376854262279,0.305265125950752,1221.968,2017_yk_256,Yukon,2016,0.711523042835365,0.306727600926494,6.1755798968316e-4,555.5752032,737.4866119,1367.64,0.709258106,391.04066879826587
1167,611.508,0.712466197066384,0.309123029758986,1223.016,2017_yk_256,Yukon,2016,0.711565437688472,0.307402992525082,6.7539159858881e-4,555.5752032,737.4866119,1367.64,0.709258106,391.04066879826587
1168,612.032,0.712112543824837,0.314354296644873,1224.064,2017_yk_256,Yukon,2016,0.711564060825979,0.308160624077451,7.5763155236841e-4,555.5752032,737.4866119,1367.64,0.709258106,391.04066879826587
1169,612.556,0.708692426420441,0.31055522077272,1225.112,2017_yk_256,Yukon,2016,0.711614612362255,0.308959175903277,7.9855182582633e-4,555.5752032,737.4866119,1367.64,0.709258106,391.04066879826587
1170,613.08,0.710753116891663,0.315727765758901,1226.16,2017_yk_256,Yukon,2016,0.711710341064476,0.309788569323995,8.2939342071741e-4,555.5752032,737.4866119,1367.64,0.709258106,391.04066879826587
1171,613.604,0.712320815476028,0.31845218365324,1227.208,2017_yk_256,Yukon,2016,0.711733141273067,0.310584727851847,7.9615852785264e-4,555.5752032,737.4866119,1367.64,0.709258106,391.04066879826587
1172,614.128,0.713634693811611,0.317047841773869,1228.256,2017_yk_256,Yukon,2016,0.711860003073831,0.311312128095014,7.2740024316686e-4,555.5752032,737.4866119,1367.64,0.709258106,391.04066879826587
1173,614.652,0.713270428548924,0.311870255109862,1229.304,2017_yk_256,Yukon,2016,0.711894856896165,0.312013050258811,7.0092216379641e-4,555.5752032,737.4866119,1367.64,0.709258106,391.04066879826587
1174,615.176,0.712918190124504,0.312306534077394,1230.352,2017_yk_256,Yukon,2016,0.711975379167254,0.312836543885292,8.2349362648137e-4,555.5752032,737.4866119,1367.64,0.709258106,391.04066879826587
1175,615.7,0.711136831582673,0.306952260987963,1231.4,2017_yk_256,Yukon,2016,0.712059995181904,0.313600041765398,7.6349788010593e-4,555.5752032,737.4866119,1367.64,0.709258106,391.04066879826587
1176,616.224,0.710708781628392,0.310502895645737,1232.448,2017_yk_256,Yukon,2016,0.712044239460584,0.314493687111971,8.936453465731e-4,555.5752032,737.4866119,1367.64,0.709258106,391.04066879826587
1177,616.748,0.71253456324651,0.318813780958704,1233.496,2017_yk_256,Yukon,2016,0.712060147596192,0.31518131340743,6.8762629545854e-4,555.5752032,737.4866119,1367.64,0.709258106,391.04066879826587
1178,617.272,0.711329469940791,0.323206355469023,1234.544,2017_yk_256,Yukon,2016,0.71210871417902,0.31581708821858,6.3577481115012e-4,555.5752032,737.4866119,1367.64,0.709258106,391.04066879826587
1179,617.796,0.71367195003689,0.312870408793267,1235.592,2017_yk_256,Yukon,2016,0.71218877984059,0.316366273283181,5.4918506460149e-4,555.5752032,737.4866119,1367.64,0.709258106,391.04066879826587
1180,618.32,0.714421159782145,0.309008662869457,1236.64,2017_yk_256,Yukon,2016,0.712148476519066,0.317169223633897,8.0295035071581e-4,555.5752032,737.4866119,1367.64,0.709258106,391.04066879826587
1181,618.844,0.712450187624593,0.310291975565952,1237.688,2017_yk_256,Yukon,2016,0.712247903597662,0.318029398256149,8.6017462225196e-4,555.5752032,737.4866119,1367.64,0.709258106,391.04066879826587
1182,619.368,0.713615451416536,0.316439760336296,1238.736,2017_yk_256,Yukon,2016,0.712302379515565,0.31904009657674,0.00101069832059159,555.5752032,737.4866119,1367.64,0.709258106,391.04066879826587
1183,619.892,0.713371849379022,0.320759548670812,1239.784,2017_yk_256,Yukon,2016,0.712320316047608,0.320057932209189,0.00101783563244839,555.5752032,737.4866119,1367.64,0.709258106,391.04066879826587
1184,620.416,0.71336990830686,0.323910816306259,1240.832,2017_yk_256,Yukon,2016,0.712389114550233,0.32107515236635,0.00101722015716149,555.5752032,737.4866119,1367.64,0.709258106,391.04066879826587
1185,620.94,0.714806814193404,0.325760867873247,1241.88,2017_yk_256,Yukon,2016,0.712485144562347,0.322193476874302,0.00111832450795146,555.5752032,737.4866119,1367.64,0.709258106,391.04066879826587
1186,621.464,0.711359944924588,0.327901293815898,1242.928,2017_yk_256,Yukon,2016,0.712559378514972,0.32360039574437,0.00140691887006833,555.5752032,737.4866119,1367.64,0.709258106,391.04066879826587
1187,621.988,0.714859863261133,0.323418629104659,1243.976,2017_yk_256,Yukon,2016,0.712579916680422,0.325060379114582,0.00145998337021208,555.5752032,737.4866119,1367.64,0.709258106,391.04066879826587
1188,622.512,0.71424764766683,0.317352964163534,1245.024,2017_yk_256,Yukon,2016,0.712630262353297,0.326857955747835,0.00179757663325253,555.5752032,737.4866119,1367.64,0.709258106,391.04066879826587
1189,623.036,0.710848020581074,0.319741550715932,1246.072,2017_yk_256,Yukon,2016,0.712665006375329,0.328940775491986,0.00208281974415087,555.5752032,737.4866119,1367.64,0.709258106,391.04066879826587
1190,623.56,0.713776680005657,0.320624790410622,1247.12,2017_yk_256,Yukon,2016,0.712745532404675,0.331232759556809,0.00229198406482373,555.5752032,737.4866119,1367.64,0.709258106,391.04066879826587
1191,624.084,0.715958300986322,0.322277627318281,1248.168,2017_yk_256,Yukon,2016,0.712766628424246,0.333229926929291,0.00199716737248118,555.5752032,737.4866119,1367.64,0.709258106,391.04066879826587
1192,624.608,0.713950587831868,0.329270490610025,1249.216,2017_yk_256,Yukon,2016,0.712818990903073,0.335213489257563,0.00198356232827213,555.5752032,737.4866119,1367.64,0.709258106,391.04066879826587
1193,625.132,0.712058633731582,0.327189321982604,1250.264,2017_yk_256,Yukon,2016,0.712823053165918,0.337338381393753,0.00212489213618988,555.5752032,737.4866119,1367.64,0.709258106,391.04066879826587
1194,625.656,0.715329976761418,0.327359692134857,1251.312,2017_yk_256,Yukon,2016,0.712805524646437,0.340028732191697,0.00269035079794477,555.5752032,737.4866119,1367.64,0.709258106,391.04066879826587
1195,626.18,0.710727480676307,0.324956996759405,1252.36,2017_yk_256,Yukon,2016,0.712827679633607,0.343072513162585,0.0030437809708877,555.5752032,737.4866119,1367.64,0.709258106,391.04066879826587
1196,626.704,0.714690413693553,0.322697404873752,1253.408,2017_yk_256,Yukon,2016,0.7127275336321,0.346405776876311,0.00333326371372555,555.5752032,737.4866119,1367.64,0.709258106,391.04066879826587
1197,627.228,0.71462229489562,0.32762467027658,1254.456,2017_yk_256,Yukon,2016,0.71269882675326,0.349950689067055,0.00354491219074393,555.5752032,737.4866119,1367.64,0.709258106,391.04066879826587
1198,627.752,0.710234145017553,0.332111860146168,1255.504,2017_yk_256,Yukon,2016,0.712693065284893,0.353497957441741,0.00354726837468694,555.5752032,737.4866119,1367.64,0.709258106,391.04066879826587
1199,628.276,0.713261326977888,0.333891449336174,1256.552,2017_yk_256,Yukon,2016,0.712724453565142,0.357320960081396,0.00382300263965457,555.5752032,737.4866119,1367.64,0.709258106,391.04066879826587
1200,628.8,0.713521480157064,0.335113814685439,1257.6,2017_yk_256,Yukon,2016,0.712742202813507,0.361201520660885,0.0038805605794886,555.5752032,737.4866119,1367.64,0.709258106,391.04066879826587
1201,629.324,0.71077124836024,0.337194641772209,1258.648,2017_yk_256,Yukon,2016,0.712748907111012,0.365300690025881,0.00409916936499682,555.5752032,737.4866119,1367.64,0.709258106,391.04066879826587
1202,629.848,0.714564066096585,0.336660165890845,1259.696,2017_yk_256,Yukon,2016,0.712713211569086,0.369802087983163,0.00450139795728149,555.5752032,737.4866119,1367.64,0.709258106,391.04066879826587
1203,630.372,0.713704988151824,0.333562653336871,1260.744,2017_yk_256,Yukon,2016,0.712667029886272,0.374908702358502,0.00510661437533932,555.5752032,737.4866119,1367.64,0.709258106,391.04066879826587
1204,630.896,0.712564656582936,0.334953373323754,1261.792,2017_yk_256,Yukon,2016,0.71263288060702,0.379969871442002,0.00506116908349991,555.5752032,737.4866119,1367.64,0.709258106,391.04066879826587
1205,631.42,0.712833263674773,0.333248059481495,1262.84,2017_yk_256,Yukon,2016,0.712616049877463,0.385101324823504,0.00513145338150184,555.5752032,737.4866119,1367.64,0.709258106,391.04066879826587
1206,631.944,0.711168016155903,0.337512562217491,1263.888,2017_yk_256,Yukon,2016,0.71261789842995,0.39041388667007,0.00531256184656642,555.5752032,737.4866119,1367.64,0.709258106,391.04066879826587
1207,632.468,0.711856273942049,0.335655883036763,1264.936,2017_yk_256,Yukon,2016,0.712590150149417,0.395939866480223,0.00552597981015263,555.5752032,737.4866119,1367.64,0.709258106,391.04066879826587
1208,632.992,0.713278214593039,0.331378304465309,1265.984,2017_yk_256,Yukon,2016,0.712588156627413,0.401866072826614,0.00592620634639113,555.5752032,737.4866119,1367.64,0.709258106,391.04066879826587
1209,633.516,0.71428207128221,0.331568348956889,1267.032,2017_yk_256,Yukon,2016,0.712542604649139,0.408123786411648,0.00625771358503419,555.5752032,737.4866119,1367.64,0.709258106,391.04066879826587
1210,634.04,0.712506786760837,0.341371893931716,1268.08,2017_yk_256,Yukon,2016,0.712458737207056,0.414701840351695,0.00657805394004685,555.5752032,737.4866119,1367.64,0.709258106,391.04066879826587
1211,634.564,0.713869945837043,0.349049064129165,1269.128,2017_yk_256,Yukon,2016,0.712417638420891,0.421605264499589,0.00690342414789358,555.5752032,737.4866119,1367.64,0.709258106,391.04066879826587
1212,635.088,0.712665670796489,0.350646708062417,1270.176,2017_yk_256,Yukon,2016,0.712400484144925,0.42854853508799,0.00694327058840127,555.5752032,737.4866119,1367.64,0.709258106,391.04066879826587
1213,635.612,0.713765700409972,0.352766026503533,1271.224,2017_yk_256,Yukon,2016,0.712351623943858,0.435535097448677,0.00698656236068718,555.5752032,737.4866119,1367.64,0.709258106,391.04066879826587
1214,636.136,0.71276962406769,0.354650552361461,1272.272,2017_yk_256,Yukon,2016,0.712302246818091,0.442487796765333,0.0069526993166556,555.5752032,737.4866119,1367.64,0.709258106,391.04066879826587
1215,636.66,0.713505649451902,0.358569845411837,1273.32,2017_yk_256,Yukon,2016,0.712244723167458,0.449500890798858,0.00701309403352474,555.5752032,737.4866119,1367.64,0.709258106,391.04066879826587
1216,637.184,0.713372243315947,0.376054774032048,1274.368,2017_yk_256,Yukon,2016,0.712233126998757,0.457433251207556,0.0079323604086981,555.5752032,737.4866119,1367.64,0.709258106,391.04066879826587
1217,637.708,0.712460741134009,0.38700587591026,1275.416,2017_yk_256,Yukon,2016,0.71213898877355,0.465621671849244,0.00818842064168845,555.5752032,737.4866119,1367.64,0.709258106,391.04066879826587
1218,638.232,0.713047003015153,0.40242613024523,1276.464,2017_yk_256,Yukon,2016,0.712061963433728,0.473998546817219,0.00837687496797501,555.5752032,737.4866119,1367.64,0.709258106,391.04066879826587
1219,638.756,0.712430663152298,0.416959394805816,1277.512,2017_yk_256,Yukon,2016,0.71205156317644,0.482831527619772,0.00883298080255324,555.5752032,737.4866119,1367.64,0.709258106,391.04066879826587
1220,639.28,0.713236093708151,0.434399499281573,1278.56,2017_yk_256,Yukon,2016,0.711970033624824,0.491923135392769,0.00909160777299634,555.5752032,737.4866119,1367.64,0.709258106,391.04066879826587
1221,639.804,0.71191121937412,0.430661173721261,1279.608,2017_yk_256,Yukon,2016,0.711894328595256,0.501534086263928,0.00961095087115932,555.5752032,737.4866119,1367.64,0.709258106,391.04066879826587
1222,640.328,0.71304944390864,0.431895110891381,1280.656,2017_yk_256,Yukon,2016,0.711828594715746,0.510916375571601,0.00938228930767337,555.5752032,737.4866119,1367.64,0.709258106,391.04066879826587
1223,640.852,0.71193045810122,0.444227817926108,1281.704,2017_yk_256,Yukon,2016,0.711815402274439,0.520426404829436,0.00951002925783462,555.5752032,737.4866119,1367.64,0.709258106,391.04066879826587
1224,641.376,0.708741253662795,0.466423158441426,1282.752,2017_yk_256,Yukon,2016,0.711722408741871,0.529997891143189,0.00957148631375315,555.5752032,737.4866119,1367.64,0.709258106,391.04066879826587
1225,641.9,0.712966451747719,0.490757628307027,1283.8,2017_yk_256,Yukon,2016,0.71169615916183,0.54006721140962,0.0100693202664304,555.5752032,737.4866119,1367.64,0.709258106,391.04066879826587
1226,642.424,0.70936809417185,0.505260948774282,1284.848,2017_yk_256,Yukon,2016,0.711614138084348,0.550732506602352,0.0106652951927327,555.5752032,737.4866119,1367.64,0.709258106,391.04066879826587
1227,642.948,0.710743784335942,0.521817761203621,1285.896,2017_yk_256,Yukon,2016,0.711527110724242,0.561495863117387,0.0107633565150351,555.5752032,737.4866119,1367.64,0.709258106,391.04066879826587
1228,643.472,0.711766855722859,0.52719039912609,1286.944,2017_yk_256,Yukon,2016,0.711560478236316,0.572129930473716,0.0106340673563288,555.5752032,737.4866119,1367.64,0.709258106,391.04066879826587
1229,643.996,0.710575723235378,0.539935379151994,1287.992,2017_yk_256,Yukon,2016,0.711493489067998,0.583353026099624,0.0112230956259078,555.5752032,737.4866119,1367.64,0.709258106,391.04066879826587
1230,644.52,0.711818071793564,0.548561400528219,1289.04,2017_yk_256,Yukon,2016,0.711422282810666,0.594741589176159,0.0113885630765346,555.5752032,737.4866119,1367.64,0.709258106,391.04066879826587
1231,645.044,0.712723073326304,0.564402345553049,1290.088,2017_yk_256,Yukon,2016,0.711398255719994,0.606360864507096,0.0116192753309375,555.5752032,737.4866119,1367.64,0.709258106,391.04066879826587
1232,645.568,0.711492961296047,0.587131719210757,1291.136,2017_yk_256,Yukon,2016,0.711312532148604,0.617844666888004,0.0114838023809076,555.5752032,737.4866119,1367.64,0.709258106,391.04066879826587
1233,646.092,0.710499527580095,0.61826711763022,1292.184,2017_yk_256,Yukon,2016,0.711238149424116,0.629419586547657,0.011574919659653,555.5752032,737.4866119,1367.64,0.709258106,391.04066879826587
1234,646.616,0.71086923336939,0.615976679087389,1293.232,2017_yk_256,Yukon,2016,0.71118742340008,0.641787864414647,0.0123682778669906,555.5752032,737.4866119,1367.64,0.709258106,391.04066879826587
1235,647.14,0.710126987809243,0.614839463878073,1294.28,2017_yk_256,Yukon,2016,0.711137025344225,0.654525519417336,0.0127376550026885,555.5752032,737.4866119,1367.64,0.709258106,391.04066879826587
1236,647.664,0.710819694777628,0.629256606439723,1295.328,2017_yk_256,Yukon,2016,0.711112500844377,0.667119299981279,0.0125937805639427,555.5752032,737.4866119,1367.64,0.709258106,391.04066879826587
1237,648.188,0.710869666414537,0.650372569567863,1296.376,2017_yk_256,Yukon,2016,0.711063337532662,0.680295325782373,0.0131760258010946,555.5752032,737.4866119,1367.64,0.709258106,391.04066879826587
1238,648.712,0.711209858620518,0.678778736252489,1297.424,2017_yk_256,Yukon,2016,0.711008815389545,0.693663195302995,0.0133678695206222,555.5752032,737.4866119,1367.64,0.709258106,391.04066879826587
1239,649.236,0.710938831340456,0.688333223895317,1298.472,2017_yk_256,Yukon,2016,0.710934370305399,0.706779205600474,0.0131160102974788,555.5752032,737.4866119,1367.64,0.709258106,391.04066879826587
1240,649.76,0.709389113257161,0.703691899272269,1299.52,2017_yk_256,Yukon,2016,0.710880906671481,0.719954013683726,0.013174808083252,555.5752032,737.4866119,1367.64,0.709258106,391.04066879826587
1241,650.284,0.709984260454692,0.724497424439564,1300.568,2017_yk_256,Yukon,2016,0.710790450302291,0.73368796891976,0.0137339552360335,555.5752032,737.4866119,1367.64,0.709258106,391.04066879826587
1242,650.808,0.712586194858589,0.733035995640371,1301.616,2017_yk_256,Yukon,2016,0.710748532191392,0.74780740806915,0.0141194391493906,555.5752032,737.4866119,1367.64,0.709258106,391.04066879826587
1243,651.332,0.710440237315011,0.739953290312042,1302.664,2017_yk_256,Yukon,2016,0.710666324067264,0.761977362045142,0.0141699539759916,555.5752032,737.4866119,1367.64,0.709258106,391.04066879826587
1244,651.856,0.710407280760815,0.741072775305598,1303.712,2017_yk_256,Yukon,2016,0.710617564821315,0.77625559179174,0.014278229746598,555.5752032,737.4866119,1367.64,0.709258106,391.04066879826587
1245,652.38,0.71135539515546,0.746546509884733,1304.76,2017_yk_256,Yukon,2016,0.710563422185832,0.791031220069449,0.014775628277709,555.5752032,737.4866119,1367.64,0.709258106,391.04066879826587
1246,652.904,0.710664174802485,0.803842918337782,1305.808,2017_yk_256,Yukon,2016,0.710517317859524,0.80538967483262,0.0143584547631717,555.5752032,737.4866119,1367.64,0.709258106,391.04066879826587
1247,653.428,0.709211569748731,0.814723867605966,1306.856,2017_yk_256,Yukon,2016,0.710466012790554,0.819668584730511,0.0142789098978906,555.5752032,737.4866119,1367.64,0.709258106,391.04066879826587
1248,653.952,0.709626127277522,0.819965462242035,1307.904,2017_yk_256,Yukon,2016,0.710402144933735,0.833942680844347,0.0142740961138361,555.5752032,737.4866119,1367.64,0.709258106,391.04066879826587
1249,654.476,0.710224005143817,0.849720398869123,1308.952,2017_yk_256,Yukon,2016,0.710348371639135,0.848331702343666,0.0143890214993188,555.5752032,737.4866119,1367.64,0.709258106,391.04066879826587
1250,655,0.708884906908691,0.866121256790401,1310,2017_yk_256,Yukon,2016,0.710273870464834,0.862887448974514,0.0145557466308485,555.5752032,737.4866119,1367.64,0.709258106,391.04066879826587
1251,655.524,0.711415999212196,0.89893467958784,1311.048,2017_yk_256,Yukon,2016,0.710238603412675,0.87718613295276,0.0142986839782452,555.5752032,737.4866119,1367.64,0.709258106,391.04066879826587
1252,656.048,0.710006555061323,0.892207849070425,1312.096,2017_yk_256,Yukon,2016,0.710194474861389,0.891301538672123,0.0141154057193633,555.5752032,737.4866119,1367.64,0.709258106,391.04066879826587
1253,656.572,0.71126708725312,0.897791077452685,1313.144,2017_yk_256,Yukon,2016,0.710148708392533,0.905354860546607,0.0140533218744837,555.5752032,737.4866119,1367.64,0.709258106,391.04066879826587
1254,657.096,0.709750364807333,0.901648870960047,1314.192,2017_yk_256,Yukon,2016,0.710175392572245,0.919201788388112,0.0138469278415053,555.5752032,737.4866119,1367.64,0.709258106,391.04066879826587
1255,657.62,0.709152505873883,0.929116212745231,1315.24,2017_yk_256,Yukon,2016,0.710142350915153,0.933212982649447,0.0140111942613347,555.5752032,737.4866119,1367.64,0.709258106,391.04066879826587
1256,658.144,0.709769149044582,0.962615116437714,1316.288,2017_yk_256,Yukon,2016,0.710141222232215,0.947241354870655,0.014028372221208,555.5752032,737.4866119,1367.64,0.709258106,391.04066879826587
1257,658.668,0.709400653289297,0.973426061178687,1317.336,2017_yk_256,Yukon,2016,0.710127360419433,0.960960998237538,0.0137196433668838,555.5752032,737.4866119,1367.64,0.709258106,391.04066879826587
1258,659.192,0.712236195742012,0.970155901525899,1318.384,2017_yk_256,Yukon,2016,0.71008459474647,0.97463865640972,0.0136776581721818,555.5752032,737.4866119,1367.64,0.709258106,391.04066879826587
1259,659.716,0.709241976878773,1.00727718689064,1319.432,2017_yk_256,Yukon,2016,0.710059386596236,0.987699729441299,0.0130610730315787,555.5752032,737.4866119,1367.64,0.709258106,391.04066879826587
1260,660.24,0.709249104717176,1.01842759927751,1320.48,2017_yk_256,Yukon,2016,0.710020164696576,1.00070563258128,0.0130059031399834,555.5752032,737.4866119,1367.64,0.709258106,391.04066879826587
1261,660.764,0.709329622919876,1.03435116162846,1321.528,2017_yk_256,Yukon,2016,0.709952558447145,1.01325776637953,0.0125521337982466,555.5752032,737.4866119,1367.64,0.709258106,391.04066879826587
1262,661.288,0.709420651813222,1.0256883087453,1322.576,2017_yk_256,Yukon,2016,0.709910531709601,1.02531827783684,0.0120605114573087,555.5752032,737.4866119,1367.64,0.709258106,391.04066879826587
1263,661.812,0.709242024682537,1.02805783291605,1323.624,2017_yk_256,Yukon,2016,0.709883537700857,1.03662992085897,0.0113116430221287,555.5752032,737.4866119,1367.64,0.709258106,391.04066879826587
1264,662.336,0.70952109514077,1.07705004534319,1324.672,2017_yk_256,Yukon,2016,0.709864913257217,1.04819842010862,0.0115684992496503,555.5752032,737.4866119,1367.64,0.709258106,391.04066879826587
1265,662.86,0.709809380323474,1.09750735964281,1325.72,2017_yk_256,Yukon,2016,0.709861783317681,1.06001006618273,0.0118116460741096,555.5752032,737.4866119,1367.64,0.709258106,391.04066879826587
1266,663.384,0.70969654616504,1.09313939605405,1326.768,2017_yk_256,Yukon,2016,0.709827030582923,1.07142442093027,0.01141435474754,555.5752032,737.4866119,1367.64,0.709258106,391.04066879826587
1267,663.908,0.708906475239132,1.12621743110244,1327.816,2017_yk_256,Yukon,2016,0.709792617208213,1.0823733480753,0.0109489271450376,555.5752032,737.4866119,1367.64,0.709258106,391.04066879826587
1268,664.432,0.710006886005998,1.13345047570264,1328.864,2017_yk_256,Yukon,2016,0.709755493902518,1.09292479094298,0.0105514428676752,555.5752032,737.4866119,1367.64,0.709258106,391.04066879826587
1269,664.956,0.709815366233479,1.11852896680562,1329.912,2017_yk_256,Yukon,2016,0.709719259351764,1.1032881076652299,0.0103633167222468,555.5752032,737.4866119,1367.64,0.709258106,391.04066879826587
1270,665.48,0.709298968725711,1.13186037892684,1330.96,2017_yk_256,Yukon,2016,0.709705346076803,1.11344127317484,0.010153165509613,555.5752032,737.4866119,1367.64,0.709258106,391.04066879826587
1271,666.004,0.708442563685688,1.17308637829117,1332.008,2017_yk_256,Yukon,2016,0.709706083273071,1.12356711964394,0.0101258464691012,555.5752032,737.4866119,1367.64,0.709258106,391.04066879826587
1272,666.528,0.710150584142539,1.19781305702586,1333.056,2017_yk_256,Yukon,2016,0.709645777147639,1.1337232875786,0.0101561679346622,555.5752032,737.4866119,1367.64,0.709258106,391.04066879826587
1273,667.052,0.708833212962273,1.20296326506303,1334.104,2017_yk_256,Yukon,2016,0.709631694545119,1.14417748632068,0.0104541987420812,555.5752032,737.4866119,1367.64,0.709258106,391.04066879826587
1274,667.576,0.709844069310727,1.21134433715734,1335.152,2017_yk_256,Yukon,2016,0.709625107398305,1.15418298107135,0.010005494750666699,555.5752032,737.4866119,1367.64,0.709258106,391.04066879826587
1275,668.1,0.710257091322934,1.24510754207437,1336.2,2017_yk_256,Yukon,2016,0.70959644194511,1.16381696232274,0.00963398125138615,555.5752032,737.4866119,1367.64,0.709258106,391.04066879826587
1276,668.624,0.710605983737472,1.23756205982235,1337.248,2017_yk_256,Yukon,2016,0.709558113109627,1.17223607424797,0.00841911192523348,555.5752032,737.4866119,1367.64,0.709258106,391.04066879826587
1277,669.148,0.709382436995792,1.24374046978369,1338.296,2017_yk_256,Yukon,2016,0.709554163182403,1.18070095254446,0.00846487829649112,555.5752032,737.4866119,1367.64,0.709258106,391.04066879826587
1278,669.672,0.709214931606037,1.2588718970754,1339.344,2017_yk_256,Yukon,2016,0.70954820749554,1.1887526964935,0.00805174394903729,555.5752032,737.4866119,1367.64,0.709258106,391.04066879826587
1279,670.196,0.709204265476311,1.28030068476494,1340.392,2017_yk_256,Yukon,2016,0.709529527925348,1.19622124611552,0.00746854962202459,555.5752032,737.4866119,1367.64,0.709258106,391.04066879826587
1280,670.72,0.708766023250052,1.30774429713248,1341.44,2017_yk_256,Yukon,2016,0.709554981160627,1.20377576905323,0.0075545229377112,555.5752032,737.4866119,1367.64,0.709258106,391.04066879826587
1281,671.244,0.709795196244594,1.28858221241597,1342.488,2017_yk_256,Yukon,2016,0.70952860828213,1.21081099955321,0.00703523049997723,555.5752032,737.4866119,1367.64,0.709258106,391.04066879826587
1282,671.768,0.710401730831476,1.27881945405318,1343.536,2017_yk_256,Yukon,2016,0.709507219639925,1.21824065749826,0.00742965794504657,555.5752032,737.4866119,1367.64,0.709258106,391.04066879826587
1283,672.292,0.709184469969879,1.28742713039513,1344.584,2017_yk_256,Yukon,2016,0.709474691160814,1.22495440470869,0.00671374721043572,555.5752032,737.4866119,1367.64,0.709258106,391.04066879826587
1284,672.816,0.710342304445513,1.29723882893175,1345.632,2017_yk_256,Yukon,2016,0.709469568975033,1.2314792774842,0.00652487277550695,555.5752032,737.4866119,1367.64,0.709258106,391.04066879826587
1285,673.34,0.710983952322208,1.3314292839871,1346.68,2017_yk_256,Yukon,2016,0.709473200928784,1.23748179497011,0.00600251748590885,555.5752032,737.4866119,1367.64,0.709258106,391.04066879826587
1286,673.864,0.709300373195546,1.34696328204677,1347.728,2017_yk_256,Yukon,2016,0.70946950801671,1.24331326255062,0.00583146758050979,555.5752032,737.4866119,1367.64,0.709258106,391.04066879826587
1287,674.388,0.709912075569055,1.34499636321665,1348.776,2017_yk_256,Yukon,2016,0.709462757097713,1.24929432677156,0.00598106422094502,555.5752032,737.4866119,1367.64,0.709258106,391.04066879826587
1288,674.912,0.709200915345036,1.347849889457,1349.824,2017_yk_256,Yukon,2016,0.709405931849465,1.25477651132433,0.00548218455276128,555.5752032,737.4866119,1367.64,0.709258106,391.04066879826587
1289,675.436,0.709063234221349,1.32359976104671,1350.872,2017_yk_256,Yukon,2016,0.709391475175439,1.25976340690898,0.00498689558465193,555.5752032,737.4866119,1367.64,0.709258106,391.04066879826587
1290,675.96,0.709464757813948,1.32891558892723,1351.92,2017_yk_256,Yukon,2016,0.70939907492238,1.26479168277977,0.00502827587079557,555.5752032,737.4866119,1367.64,0.709258106,391.04066879826587
1291,676.484,0.708666698360463,1.31753037344784,1352.968,2017_yk_256,Yukon,2016,0.709406651249995,1.2694988391577,0.00470715637792796,555.5752032,737.4866119,1367.64,0.709258106,391.04066879826587
1292,677.008,0.70897135704342,1.31076240664929,1354.016,2017_yk_256,Yukon,2016,0.709387486265316,1.27384103087893,0.00434219172123385,555.5752032,737.4866119,1367.64,0.709258106,391.04066879826587
1293,677.532,0.708879887055457,1.29696569895794,1355.064,2017_yk_256,Yukon,2016,0.709378812645262,1.27795947409815,0.00411844321921251,555.5752032,737.4866119,1367.64,0.709258106,391.04066879826587
1294,678.056,0.709751766751003,1.31008663406641,1356.112,2017_yk_256,Yukon,2016,0.709378345775345,1.28136693774539,0.00340746364724698,555.5752032,737.4866119,1367.64,0.709258106,391.04066879826587
1295,678.58,0.709939191437052,1.32353822832465,1357.16,2017_yk_256,Yukon,2016,0.709360855938084,1.28457091327753,0.00320397553213136,555.5752032,737.4866119,1367.64,0.709258106,391.04066879826587
1296,679.104,0.70873453069217,1.31411789129212,1358.208,2017_yk_256,Yukon,2016,0.709377837685438,1.28777863082982,0.00320771755229354,555.5752032,737.4866119,1367.64,0.709258106,391.04066879826587
1297,679.628,0.708804863931915,1.30730819827011,1359.256,2017_yk_256,Yukon,2016,0.709377854616196,1.29093856425074,0.00315993342092047,555.5752032,737.4866119,1367.64,0.709258106,391.04066879826587
1298,680.152,0.708982460278798,1.311865308313,1360.304,2017_yk_256,Yukon,2016,0.709379291625578,1.2944806356356,0.00354207138486129,555.5752032,737.4866119,1367.64,0.709258106,391.04066879826587
1299,680.676,0.708764758295229,1.31013222723013,1361.352,2017_yk_256,Yukon,2016,0.709372600710151,1.29792433063726,0.00344369500166208,555.5752032,737.4866119,1367.64,0.709258106,391.04066879826587
1300,681.2,0.708554316759484,1.31288182984905,1362.4,2017_yk_256,Yukon,2016,0.709364673603352,1.30059297215036,0.00266864151309321,555.5752032,737.4866119,1367.64,0.709258106,391.04066879826587
1301,681.724,0.710028492230831,1.33204821258564,1363.448,2017_yk_256,Yukon,2016,0.709384085296911,1.30246459530966,0.00187162315930167,555.5752032,737.4866119,1367.64,0.709258106,391.04066879826587
1302,682.248,0.708967827332641,1.34240607172011,1364.496,2017_yk_256,Yukon,2016,0.70937218908684,1.30396319926419,0.00149860395452794,555.5752032,737.4866119,1367.64,0.709258106,391.04066879826587
1303,682.772,0.709595281163781,1.36720521483691,1365.544,2017_yk_256,Yukon,2016,0.709381706759337,1.30526212443284,0.00129892516865882,555.5752032,737.4866119,1367.64,0.709258106,391.04066879826587
1304,683.296,0.710012051951971,1.34140246034559,1366.592,2017_yk_256,Yukon,2016,0.70938729255841,1.30631578947789,0.001053665045045,555.5752032,737.4866119,1367.64,0.709258106,391.04066879826587
1305,683.82,0.709635467963776,1.3245853849679,1367.64,2017_yk_256,Yukon,2016,0.709361718765014,1.30668879038061,3.7300090272451e-4,555.5752032,737.4866119,1367.64,0.709258106,391.04066879826587
1306,684.344,0.708364444673547,1.3089896338518,1368.688,2017_yk_256,Yukon,2016,0.709352137285333,1.30724936375547,5.6057337485127e-4,555.5752032,737.4866119,1367.64,0.709258106,391.04066879826587
1307,684.868,0.708974574115284,1.32261656539544,1369.736,2017_yk_256,Yukon,2016,0.709340779368693,1.30753391642096,2.8455266549221e-4,555.5752032,737.4866119,1367.64,0.709258106,391.04066879826587
1308,685.392,0.709268786065716,1.30307009918426,1370.784,2017_yk_256,Yukon,2016,0.709339354262734,1.30796309839472,4.2918197376384e-4,555.5752032,737.4866119,1367.64,0.709258106,391.04066879826587
1309,685.916,0.709103230932315,1.29783337619059,1371.832,2017_yk_256,Yukon,2016,0.70935205324503,1.30839010222206,4.2700382733618e-4,555.5752032,737.4866119,1367.64,0.709258106,391.04066879826587
1310,686.44,0.710412101025417,1.31939263305308,1372.88,2017_yk_256,Yukon,2016,0.709366701347108,1.30829076305386,-9.93391682011513e-5,555.5752032,737.4866119,1367.64,0.709258106,391.04066879826587
1311,686.964,0.709833626502408,1.32104850958647,1373.928,2017_yk_256,Yukon,2016,0.709369220478604,1.30849944688556,2.0868383170502e-4,555.5752032,737.4866119,1367.64,0.709258106,391.04066879826587
1312,687.488,0.708723236528999,1.33798732577322,1374.976,2017_yk_256,Yukon,2016,0.709343300075053,1.3093013597578,8.0191287223407e-4,555.5752032,737.4866119,1367.64,0.709258106,391.04066879826587
1313,688.012,0.709315378506427,1.30061591007883,1376.024,2017_yk_256,Yukon,2016,0.709352109027568,1.30955968314446,2.5832338666687e-4,555.5752032,737.4866119,1367.64,0.709258106,391.04066879826587
1314,688.536,0.709443033660517,1.29314123749046,1377.072,2017_yk_256,Yukon,2016,0.709338627558474,1.30957139312268,1.17099782142027e-5,555.5752032,737.4866119,1367.64,0.709258106,391.04066879826587
1315,689.06,0.709370423098911,1.28926726189977,1378.12,2017_yk_256,Yukon,2016,0.709303223439579,1.30880445435769,-7.6693876498223e-4,555.5752032,737.4866119,1367.64,0.709258106,391.04066879826587
1316,689.584,0.709547574320144,1.3125031712683,1379.168,2017_yk_256,Yukon,2016,0.70929313806259,1.30781654449394,-9.8790986374952e-4,555.5752032,737.4866119,1367.64,0.709258106,391.04066879826587
1317,690.108,0.708995598149516,1.33228991443537,1380.216,2017_yk_256,Yukon,2016,0.709281565622016,1.30730754471134,-0.00050899978260065995,555.5752032,737.4866119,1367.64,0.709258106,391.04066879826587
1318,690.632,0.708826680847097,1.29908697469157,1381.264,2017_yk_256,Yukon,2016,0.70927431585978,1.30684053674674,-4.6700796460008e-4,555.5752032,737.4866119,1367.64,0.709258106,391.04066879826587
1319,691.156,0.708374576437247,1.30649092196977,1382.312,2017_yk_256,Yukon,2016,0.709280133454778,1.3064193323208,-4.2120442594884e-4,555.5752032,737.4866119,1367.64,0.709258106,391.04066879826587
1320,691.68,0.709705089533626,1.32012415152525,1383.36,2017_yk_256,Yukon,2016,0.70928197123198,1.30522887549826,-0.00119045682253538,555.5752032,737.4866119,1367.64,0.709258106,391.04066879826587
1321,692.204,0.709784202576779,1.31678054430414,1384.408,2017_yk_256,Yukon,2016,0.709292706404341,1.30418965058078,-0.00103922491748332,555.5752032,737.4866119,1367.64,0.709258106,391.04066879826587
1322,692.728,0.70827075273244,1.28621981201934,1385.456,2017_yk_256,Yukon,2016,0.70929235206458,1.30346015630234,-7.2949427843904e-4,555.5752032,737.4866119,1367.64,0.709258106,391.04066879826587
1323,693.252,0.708721607479311,1.2751644260688,1386.504,2017_yk_256,Yukon,2016,0.709295118712531,1.30353654758543,7.6391283095445e-5,555.5752032,737.4866119,1367.64,0.709258106,391.04066879826587
1324,693.776,0.709493082945751,1.28149786417802,1387.552,2017_yk_256,Yukon,2016,0.709281953658376,1.30350245349898,-3.40940864493877e-5,555.5752032,737.4866119,1367.64,0.709258106,391.04066879826587
1325,694.3,0.70875999008784,1.28974589157068,1388.6,2017_yk_256,Yukon,2016,0.709276967792475,1.30352751795532,2.50644563317692e-5,555.5752032,737.4866119,1367.64,0.709258106,391.04066879826587
1326,694.824,0.71071545100629,1.28560244919166,1389.648,2017_yk_256,Yukon,2016,0.709284791983159,1.3035239565868,-3.56136851520361e-6,555.5752032,737.4866119,1367.64,0.709258106,391.04066879826587
1327,695.348,0.708907491084613,1.31581343635766,1390.696,2017_yk_256,Yukon,2016,0.709304379167701,1.30314673820343,-3.772183833699e-4,555.5752032,737.4866119,1367.64,0.709258106,391.04066879826587
1328,695.872,0.710093106568892,1.34597475879432,1391.744,2017_yk_256,Yukon,2016,0.709310022430014,1.30272787011974,-4.1886808369495e-4,555.5752032,737.4866119,1367.64,0.709258106,391.04066879826587
1329,696.396,0.709413911307844,1.32515066690535,1392.792,2017_yk_256,Yukon,2016,0.709318837234248,1.30281170468597,8.38345662383944e-5,555.5752032,737.4866119,1367.64,0.709258106,391.04066879826587
1330,696.92,0.708823342317787,1.29197886971243,1393.84,2017_yk_256,Yukon,2016,0.709332414383861,1.3032842109909,4.7250630492179e-4,555.5752032,737.4866119,1367.64,0.709258106,391.04066879826587
1331,697.444,0.70960726529925,1.28538376784926,1394.888,2017_yk_256,Yukon,2016,0.709325138358958,1.30308253438917,-2.0167660172676e-4,555.5752032,737.4866119,1367.64,0.709258106,391.04066879826587
1332,697.968,0.70943681153829,1.28772929429754,1395.936,2017_yk_256,Yukon,2016,0.709324584855154,1.30210025293199,-9.8228145717915e-4,555.5752032,737.4866119,1367.64,0.709258106,391.04066879826587
1333,698.492,0.709404273312056,1.28089877518255,1396.984,2017_yk_256,Yukon,2016,0.70932257595476,1.30103275309448,-0.00106749983750865,555.5752032,737.4866119,1367.64,0.709258106,391.04066879826587
1334,699.016,0.710179217255112,1.27456423986003,1398.032,2017_yk_256,Yukon,2016,0.709310722697767,1.30080049863023,-2.322544642459e-4,555.5752032,737.4866119,1367.64,0.709258106,391.04066879826587
1335,699.54,0.708722663719154,1.26748759623783,1399.08,2017_yk_256,Yukon,2016,0.709307982149583,1.30097801194982,1.7751331958693e-4,555.5752032,737.4866119,1367.64,0.709258106,391.04066879826587
1336,700.064,0.710031094956637,1.27119646231344,1400.128,2017_yk_256,Yukon,2016,0.709326810669533,1.30128686641919,3.0885446936568e-4,555.5752032,737.4866119,1367.64,0.709258106,391.04066879826587
1337,700.588,0.708700961997379,1.26081362971321,1401.176,2017_yk_256,Yukon,2016,0.709329870669143,1.30116824740878,-1.1861901041232e-4,555.5752032,737.4866119,1367.64,0.709258106,391.04066879826587
1338,701.112,0.70912942524849,1.28462281550123,1402.224,2017_yk_256,Yukon,2016,0.709318750585119,1.30109378606499,-7.44613437873021e-5,555.5752032,737.4866119,1367.64,0.709258106,391.04066879826587
1339,701.636,0.709966204414075,1.30592091440513,1403.272,2017_yk_256,Yukon,2016,0.709311450000318,1.30114998823507,5.6202170083397e-5,555.5752032,737.4866119,1367.64,0.709258106,391.04066879826587
1340,702.16,0.709644909374741,1.30178394704039,1404.32,2017_yk_256,Yukon,2016,0.709288403400318,1.30091783308074,-2.3215515433383e-4,555.5752032,737.4866119,1367.64,0.709258106,391.04066879826587
1341,702.684,0.709946344134359,1.30110324231828,1405.368,2017_yk_256,Yukon,2016,0.709279468810091,1.30109653385453,1.7870077379633e-4,555.5752032,737.4866119,1367.64,0.709258106,391.04066879826587
1342,703.208,0.708846506618401,1.32693422638723,1406.416,2017_yk_256,Yukon,2016,0.709279992220494,1.30078091795493,-3.1561589960471e-4,555.5752032,737.4866119,1367.64,0.709258106,391.04066879826587
1343,703.732,0.70971300712077,1.30292653359513,1407.464,2017_yk_256,Yukon,2016,0.709273130622964,1.30119105452946,4.1013657453126e-4,555.5752032,737.4866119,1367.64,0.709258106,391.04066879826587
1344,704.256,0.70953341629988,1.29794142762461,1408.512,2017_yk_256,Yukon,2016,0.709274442567744,1.30144015663913,2.4910210967199e-4,555.5752032,737.4866119,1367.64,0.709258106,391.04066879826587
1345,704.78,0.708859705188505,1.28541295808817,1409.56,2017_yk_256,Yukon,2016,0.709253297384123,1.30167088387518,2.30727236048e-4,555.5752032,737.4866119,1367.64,0.709258106,391.04066879826587
1346,705.304,0.708695250576233,1.2876886902218,1410.608,2017_yk_256,Yukon,2016,0.709234422088176,1.30248092412901,8.1004025383135e-4,555.5752032,737.4866119,1367.64,0.709258106,391.04066879826587
1347,705.828,0.709217729134642,1.31445637626062,1411.656,2017_yk_256,Yukon,2016,0.709227285673994,1.30279994229823,3.1901816921942e-4,555.5752032,737.4866119,1367.64,0.709258106,391.04066879826587
1348,706.352,0.708765929610857,1.31982941158099,1412.704,2017_yk_256,Yukon,2016,0.70924417202222,1.30369692457075,8.9698227251866e-4,555.5752032,737.4866119,1367.64,0.709258106,391.04066879826587
1349,706.876,0.709412289921227,1.29832749548978,1413.752,2017_yk_256,Yukon,2016,0.709268494349026,1.30443008038866,7.3315581790867e-4,555.5752032,737.4866119,1367.64,0.709258106,391.04066879826587
1350,707.4,0.70957502444609,1.25748817957512,1414.8,2017_yk_256,Yukon,2016,0.709250325856945,1.30468650038748,2.5641999882086e-4,555.5752032,737.4866119,1367.64,0.709258106,391.04066879826587
1351,707.924,0.709310808702111,1.25517687839883,1415.848,2017_yk_256,Yukon,2016,0.709239536779538,1.30478857617607,1.0207578859455e-4,555.5752032,737.4866119,1367.64,0.709258106,391.04066879826587
1352,708.448,0.708950096657758,1.26699274994295,1416.896,2017_yk_256,Yukon,2016,0.709263047963582,1.30558674496046,7.9816878438343e-4,555.5752032,737.4866119,1367.64,0.709258106,391.04066879826587
1353,708.972,0.709045885932538,1.30154917594365,1417.944,2017_yk_256,Yukon,2016,0.709277205940983,1.30659339776538,0.00100665280492462,555.5752032,737.4866119,1367.64,0.709258106,391.04066879826587
1354,709.496,0.708961863501648,1.30804098887945,1418.992,2017_yk_256,Yukon,2016,0.709267453353065,1.3074673020907,8.7390432532141e-4,555.5752032,737.4866119,1367.64,0.709258106,391.04066879826587
1355,710.02,0.709640039483038,1.32504209570455,1420.04,2017_yk_256,Yukon,2016,0.709270452763423,1.30828421971557,8.1691762486801e-4,555.5752032,737.4866119,1367.64,0.709258106,391.04066879826587
1356,710.544,0.70920398213316,1.3139042091812,1421.088,2017_yk_256,Yukon,2016,0.709248214733573,1.30948635942511,0.00120213970953631,555.5752032,737.4866119,1367.64,0.709258106,391.04066879826587
1357,711.068,0.709980095004436,1.28467509526793,1422.136,2017_yk_256,Yukon,2016,0.7092414955278,1.31033006325788,8.4370383277465e-4,555.5752032,737.4866119,1367.64,0.709258106,391.04066879826587
1358,711.592,0.709321056017591,1.28673322329131,1423.184,2017_yk_256,Yukon,2016,0.709222163359428,1.31114907327175,8.1901001386808e-4,555.5752032,737.4866119,1367.64,0.709258106,391.04066879826587
1359,712.116,0.709293646549303,1.31516230120445,1424.232,2017_yk_256,Yukon,2016,0.709227787864287,1.3115515262994,4.0245302765296e-4,555.5752032,737.4866119,1367.64,0.709258106,391.04066879826587
1360,712.64,0.709368945736261,1.34123220814435,1425.28,2017_yk_256,Yukon,2016,0.709219159603137,1.31247333694955,9.218106501494e-4,555.5752032,737.4866119,1367.64,0.709258106,391.04066879826587
1361,713.164,0.709591930736668,1.31994761648203,1426.328,2017_yk_256,Yukon,2016,0.709229033923465,1.31335316914388,8.7983219432485e-4,555.5752032,737.4866119,1367.64,0.709258106,391.04066879826587
1362,713.688,0.708934617104376,1.28346918428936,1427.376,2017_yk_256,Yukon,2016,0.709243741459921,1.31428992701077,9.3675786688751e-4,555.5752032,737.4866119,1367.64,0.709258106,391.04066879826587
1363,714.212,0.709474747140113,1.30315522458638,1428.424,2017_yk_256,Yukon,2016,0.709245900469054,1.31519692944749,9.0700243672658e-4,555.5752032,737.4866119,1367.64,0.709258106,391.04066879826587
1364,714.736,0.70930085653243,1.32746719249084,1429.472,2017_yk_256,Yukon,2016,0.70923193945319,1.31667961646093,0.00148268701344079,555.5752032,737.4866119,1367.64,0.709258106,391.04066879826587
1365,715.26,0.709471035072704,1.3352361841431,1430.52,2017_yk_256,Yukon,2016,0.709243634616482,1.3183600829491,0.001680466488168,555.5752032,737.4866119,1367.64,0.709258106,391.04066879826587
1366,715.784,0.709494155870575,1.32752090201375,1431.568,2017_yk_256,Yukon,2016,0.709223187645577,1.32003869090643,0.00167860795732722,555.5752032,737.4866119,1367.64,0.709258106,391.04066879826587
1367,716.308,0.709158174091837,1.3154994247707,1432.616,2017_yk_256,Yukon,2016,0.709229614367643,1.32162636177331,0.00158767086688316,555.5752032,737.4866119,1367.64,0.709258106,391.04066879826587
1368,716.832,0.708601581024301,1.29860241855702,1433.664,2017_yk_256,Yukon,2016,0.709238695664096,1.32315700037519,0.00153063860187452,555.5752032,737.4866119,1367.64,0.709258106,391.04066879826587
1369,717.356,0.70866519584426,1.3012055063956,1434.712,2017_yk_256,Yukon,2016,0.709234693767536,1.32410144936744,9.4444899224988e-4,555.5752032,737.4866119,1367.64,0.709258106,391.04066879826587
1370,717.88,0.709029305025423,1.30546332379305,1435.76,2017_yk_256,Yukon,2016,0.70923422751921406,1.32549268951641,0.00139124014897418,555.5752032,737.4866119,1367.64,0.709258106,391.04066879826587
1371,718.404,0.709297551088795,1.33177055601426,1436.808,2017_yk_256,Yukon,2016,0.709213814799318,1.3266399338973,0.00114724438089153,555.5752032,737.4866119,1367.64,0.709258106,391.04066879826587
1372,718.928,0.708754641153188,1.31905037179693,1437.856,2017_yk_256,Yukon,2016,0.709228075274036,1.32680807809089,1.6814419359279e-4,555.5752032,737.4866119,1367.64,0.709258106,391.04066879826587
1373,719.452,0.70890368265459,1.32522410455069,1438.904,2017_yk_256,Yukon,2016,0.709213700436262,1.32788223523974,0.00107415714884529,555.5752032,737.4866119,1367.64,0.709258106,391.04066879826587
1374,719.976,0.709521750347329,1.30808736407079,1439.952,2017_yk_256,Yukon,2016,0.709209141124512,1.32905413758489,0.0011719023451553,555.5752032,737.4866119,1367.64,0.709258106,391.04066879826587
1375,720.5,0.708101712081674,1.30311089606266,1441,2017_yk_256,Yukon,2016,0.70921779569549,1.33061506509826,0.00156092751336168,555.5752032,737.4866119,1367.64,0.709258106,391.04066879826587
1376,721.024,0.708415056563329,1.36110558649818,1442.048,2017_yk_256,Yukon,2016,0.709226849764986,1.3318558604034,0.00124079530513899,555.5752032,737.4866119,1367.64,0.709258106,391.04066879826587
1377,721.548,0.708567413298544,1.35143100458853,1443.096,2017_yk_256,Yukon,2016,0.709231391361309,1.33273611400632,8.802536029282e-4,555.5752032,737.4866119,1367.64,0.709258106,391.04066879826587
1378,722.072,0.709839861740688,1.35290591104269,1444.144,2017_yk_256,Yukon,2016,0.709227767151596,1.33368837333335,9.5225932703146e-4,555.5752032,737.4866119,1367.64,0.709258106,391.04066879826587
1379,722.596,0.709833916045584,1.35048027104428,1445.192,2017_yk_256,Yukon,2016,0.709235366247792,1.33487759989466,0.00118922656130938,555.5752032,737.4866119,1367.64,0.709258106,391.04066879826587
1380,723.12,0.708614980008784,1.3355093514545,1446.24,2017_yk_256,Yukon,2016,0.709232624641765,1.33646907695237,0.00159147705770968,555.5752032,737.4866119,1367.64,0.709258106,391.04066879826587
1381,723.644,0.709136857932342,1.32290509161982,1447.288,2017_yk_256,Yukon,2016,0.709227743206703,1.33828011972115,0.00181104276877631,555.5752032,737.4866119,1367.64,0.709258106,391.04066879826587
1382,724.168,0.709681423775063,1.33410993908233,1448.336,2017_yk_256,Yukon,2016,0.709228797953031,1.34008286513813,0.00180274541697845,555.5752032,737.4866119,1367.64,0.709258106,391.04066879826587
1383,724.692,0.709571086123387,1.33556359436427,1449.384,2017_yk_256,Yukon,2016,0.709238113418126,1.34141596763589,0.00133310249776564,555.5752032,737.4866119,1367.64,0.709258106,391.04066879826587
1384,725.216,0.70890792767067,1.3339321236973,1450.432,2017_yk_256,Yukon,2016,0.70923829337875,1.34233237523714,9.1640760125066e-4,555.5752032,737.4866119,1367.64,0.709258106,391.04066879826587
1385,725.74,0.708939954709329,1.33876094906277,1451.48,2017_yk_256,Yukon,2016,0.709239168288671,1.34318727322943,8.54897992282e-4,555.5752032,737.4866119,1367.64,0.709258106,391.04066879826587
1386,726.264,0.709381169215311,1.35773083176383,1452.528,2017_yk_256,Yukon,2016,0.709232636345677,1.34368635324683,4.9908001740206e-4,555.5752032,737.4866119,1367.64,0.709258106,391.04066879826587
1387,726.788,0.708504338738218,1.36643566632414,1453.576,2017_yk_256,Yukon,2016,0.709219343504167,1.34501974534668,0.00133339209984684,555.5752032,737.4866119,1367.64,0.709258106,391.04066879826587
1388,727.312,0.70893317646655,1.39511535962641,1454.624,2017_yk_256,Yukon,2016,0.709220803219304,1.3461899278182199,0.00117018247154865,555.5752032,737.4866119,1367.64,0.709258106,391.04066879826587
1389,727.836,0.709751381599388,1.34929784856453,1455.672,2017_yk_256,Yukon,2016,0.709221780793068,1.34772417007937,0.0015342422611464,555.5752032,737.4866119,1367.64,0.709258106,391.04066879826587
1390,728.36,0.708305646648799,1.3472875087214,1456.72,2017_yk_256,Yukon,2016,0.709201028819842,1.34920921953985,0.00148504946048389,555.5752032,737.4866119,1367.64,0.709258106,391.04066879826587
1391,728.884,0.710199724518917,1.33817369950875,1457.768,2017_yk_256,Yukon,2016,0.709207488979154,1.34996907656506,7.5985702520231e-4,555.5752032,737.4866119,1367.64,0.709258106,391.04066879826587
1392,729.408,0.710319263725667,1.34393476631078,1458.816,2017_yk_256,Yukon,2016,0.709201223896871,1.35043797820597,4.6890164091295e-4,555.5752032,737.4866119,1367.64,0.709258106,391.04066879826587
1393,729.932,0.709533813860065,1.33531892138614,1459.864,2017_yk_256,Yukon,2016,0.709196672365028,1.35070247677532,2.644985693474e-4,555.5752032,737.4866119,1367.64,0.709258106,391.04066879826587
1394,730.456,0.709341556303228,1.36352546066648,1460.912,2017_yk_256,Yukon,2016,0.709197341578918,1.35141372933352,7.1125255820669e-4,555.5752032,737.4866119,1367.64,0.709258106,391.04066879826587
1395,730.98,0.709424373516663,1.3683155855279,1461.96,2017_yk_256,Yukon,2016,0.709197633396941,1.35218464569335,7.7091635982218e-4,555.5752032,737.4866119,1367.64,0.709258106,391.04066879826587
1396,731.504,0.708804276702347,1.37191293975308,1463.008,2017_yk_256,Yukon,2016,0.709208402162743,1.3525883936737,4.0374798035047e-4,555.5752032,737.4866119,1367.64,0.709258106,391.04066879826587
1397,732.028,0.709086565321337,1.35607388172621,1464.056,2017_yk_256,Yukon,2016,0.70919549172253,1.35320884167587,6.2044800217542e-4,555.5752032,737.4866119,1367.64,0.709258106,391.04066879826587
1398,732.552,0.709674303035679,1.37646113161371,1465.104,2017_yk_256,Yukon,2016,0.709209899774388,1.35384992241371,6.410807378332e-4,555.5752032,737.4866119,1367.64,0.709258106,391.04066879826587
1399,733.076,0.709726090620477,1.36258785394012,1466.152,2017_yk_256,Yukon,2016,0.709213741312529,1.35411169822146,2.6177580775166e-4,555.5752032,737.4866119,1367.64,0.709258106,391.04066879826587
1400,733.6,0.70961693447544,1.38525835597885,1467.2,2017_yk_256,Yukon,2016,0.70921245506247,1.35519989978355,0.00108820156209388,555.5752032,737.4866119,1367.64,0.709258106,391.04066879826587
1401,734.124,0.708721580940557,1.36993790517178,1468.248,2017_yk_256,Yukon,2016,0.709208985123129,1.35596168557745,7.6178579390018e-4,555.5752032,737.4866119,1367.64,0.709258106,391.04066879826587
1402,734.648,0.709702135101501,1.3370228780028,1469.296,2017_yk_256,Yukon,2016,0.709221172962664,1.35635333461067,3.9164903321897e-4,555.5752032,737.4866119,1367.64,0.709258106,391.04066879826587
1403,735.172,0.708850516854336,1.36737596252586,1470.344,2017_yk_256,Yukon,2016,0.709222732766932,1.35632036916612,-3.29654445494487e-5,555.5752032,737.4866119,1367.64,0.709258106,391.04066879826587
1404,735.696,0.709259857594869,1.36825556833392,1471.392,2017_yk_256,Yukon,2016,0.709208333253207,1.35715491438236,8.3454521624237e-4,555.5752032,737.4866119,1367.64,0.709258106,391.04066879826587
1405,736.22,0.709378979447166,1.37906860888986,1472.44,2017_yk_256,Yukon,2016,0.709226886990583,1.35811732008447,9.6240570210737e-4,555.5752032,737.4866119,1367.64,0.709258106,391.04066879826587
1406,736.744,0.709238494745997,1.36213640853014,1473.488,2017_yk_256,Yukon,2016,0.709245337306911,1.35869957054444,5.822504599684e-4,555.5752032,737.4866119,1367.64,0.709258106,391.04066879826587
1407,737.268,0.709490224914065,1.36727159243631,1474.536,2017_yk_256,Yukon,2016,0.709278869796813,1.3593542155005,6.546449560616e-4,555.5752032,737.4866119,1367.64,0.709258106,391.04066879826587
1408,737.792,0.70854847702809,1.37696497120287,1475.584,2017_yk_256,Yukon,2016,0.709260072380453,1.3591318295564,-2.2238594409529e-4,555.5752032,737.4866119,1367.64,0.709258106,391.04066879826587
1409,738.316,0.709868235692978,1.36968108916834,1476.632,2017_yk_256,Yukon,2016,0.709272737275836,1.35926142079889,1.2959124248102e-4,555.5752032,737.4866119,1367.64,0.709258106,391.04066879826587
1410,738.84,0.709410528084452,1.35297680303771,1477.68,2017_yk_256,Yukon,2016,0.709294003469795,1.35941623379524,1.5481299635888e-4,555.5752032,737.4866119,1367.64,0.709258106,391.04066879826587
1411,739.364,0.709017922598404,1.3638394445254,1478.728,2017_yk_256,Yukon,2016,0.709290319072885,1.35930599591143,-1.1023788381625e-4,555.5752032,737.4866119,1367.64,0.709258106,391.04066879826587
1412,739.888,0.709013381437435,1.37515747496167,1479.776,2017_yk_256,Yukon,2016,0.709291297624693,1.35825717909954,-0.00104881681188917,555.5752032,737.4866119,1367.64,0.709258106,391.04066879826587
1413,740.412,0.70960481383822,1.38153532580959,1480.824,2017_yk_256,Yukon,2016,0.709268926386388,1.35797137462207,-2.8580447746606e-4,555.5752032,737.4866119,1367.64,0.709258106,391.04066879826587
1414,740.936,0.708972661139121,1.36302544495449,1481.872,2017_yk_256,Yukon,2016,0.70929043674998,1.35830773425271,3.3635963063471e-4,555.5752032,737.4866119,1367.64,0.709258106,391.04066879826587
1415,741.46,0.709692534078275,1.37633597524148,1482.92,2017_yk_256,Yukon,2016,0.709285270272954,1.35843713710029,1.2940284757756e-4,555.5752032,737.4866119,1367.64,0.709258106,391.04066879826587
1416,741.984,0.708812065553537,1.34384901022532,1483.968,2017_yk_256,Yukon,2016,0.709290149247086,1.35886281210136,4.2567500107004e-4,555.5752032,737.4866119,1367.64,0.709258106,391.04066879826587
1417,742.508,0.709182524513835,1.36467862125873,1485.016,2017_yk_256,Yukon,2016,0.709305283166734,1.35900408724351,1.4127514215167e-4,555.5752032,737.4866119,1367.64,0.709258106,391.04066879826587
1418,743.032,0.709408638925778,1.35694417158423,1486.064,2017_yk_256,Yukon,2016,0.709298561200989,1.35855733098027,-4.4675626323464e-4,555.5752032,737.4866119,1367.64,0.709258106,391.04066879826587
1419,743.556,0.709352300975183,1.40721683687323,1487.112,2017_yk_256,Yukon,2016,0.70927977238653,1.35895915831605,4.0182733577975e-4,555.5752032,737.4866119,1367.64,0.709258106,391.04066879826587
1420,744.08,0.708123827342675,1.43033517577338,1488.16,2017_yk_256,Yukon,2016,0.70928520982257,1.35888507484122,-7.40834748369501e-5,555.5752032,737.4866119,1367.64,0.709258106,391.04066879826587
1421,744.604,0.709979540295404,1.36553903799417,1489.208,2017_yk_256,Yukon,2016,0.709273133089143,1.35858991769963,-2.9515714158412e-4,555.5752032,737.4866119,1367.64,0.709258106,391.04066879826587
1422,745.128,0.708558712167394,1.31160328274412,1490.256,2017_yk_256,Yukon,2016,0.709250419170083,1.35893201150942,3.4209380979199e-4,555.5752032,737.4866119,1367.64,0.709258106,391.04066879826587
1423,745.652,0.709201655229541,1.31902513874723,1491.304,2017_yk_256,Yukon,2016,0.70925674619574,1.35913249466715,2.0048315773024e-4,555.5752032,737.4866119,1367.64,0.709258106,391.04066879826587
1424,746.176,0.709341009365828,1.37014234598325,1492.352,2017_yk_256,Yukon,2016,0.709254622613682,1.35896299049039,-1.6950417676797e-4,555.5752032,737.4866119,1367.64,0.709258106,391.04066879826587
1425,746.7,0.70948854415405,1.38149116573242,1493.4,2017_yk_256,Yukon,2016,0.709266290944759,1.35926131634647,2.9832585608469e-4,555.5752032,737.4866119,1367.64,0.709258106,391.04066879826587
1426,747.224,0.710140281818688,1.35174578083478,1494.448,2017_yk_256,Yukon,2016,0.70927494096342,1.35948107417427,2.1975782779715e-4,555.5752032,737.4866119,1367.64,0.709258106,391.04066879826587
1427,747.748,0.708383547679087,1.35272630490121,1495.496,2017_yk_256,Yukon,2016,0.709274194989087,1.3599500290708,4.689548965342e-4,555.5752032,737.4866119,1367.64,0.709258106,391.04066879826587
1428,748.272,0.709466064135789,1.33706726282701,1496.544,2017_yk_256,Yukon,2016,0.709267697784365,1.36011201275347,1.6198368266429e-4,555.5752032,737.4866119,1367.64,0.709258106,391.04066879826587
1429,748.796,0.708895688132674,1.3169120548607,1497.592,2017_yk_256,Yukon,2016,0.709264321852854,1.36107803760875,9.6602485528163e-4,555.5752032,737.4866119,1367.64,0.709258106,391.04066879826587
1430,749.32,0.708952130021882,1.37075541751868,1498.64,2017_yk_256,Yukon,2016,0.70926571574747,1.36160434634396,5.2630873520787e-4,555.5752032,737.4866119,1367.64,0.709258106,391.04066879826587
1431,749.844,0.709089354728352,1.37747770364827,1499.688,2017_yk_256,Yukon,2016,0.709277214208966,1.362319119231,7.1477288704269e-4,555.5752032,737.4866119,1367.64,0.709258106,391.04066879826587
1432,750.368,0.709485911525272,1.34254931379007,1500.736,2017_yk_256,Yukon,2016,0.709257940819826,1.36319468872839,8.7556949739275e-4,555.5752032,737.4866119,1367.64,0.709258106,391.04066879826587
1433,750.892,0.70899727091068,1.32324617787773,1501.784,2017_yk_256,Yukon,2016,0.709259408417406,1.36433818352407,0.00114349479567855,555.5752032,737.4866119,1367.64,0.709258106,391.04066879826587
1434,751.416,0.708657779523808,1.35816007704532,1502.832,2017_yk_256,Yukon,2016,0.709255708666964,1.3657360180855,0.00139783456142983,555.5752032,737.4866119,1367.64,0.709258106,391.04066879826587
1435,751.94,0.709214936324261,1.3608552381891,1503.88,2017_yk_256,Yukon,2016,0.709259050836398,1.36699314694319,0.00125712885769502,555.5752032,737.4866119,1367.64,0.709258106,391.04066879826587
1436,752.464,0.709522075543004,1.39604061409629,1504.928,2017_yk_256,Yukon,2016,0.709246262575682,1.3681345034236,0.00114135648040725,555.5752032,737.4866119,1367.64,0.709258106,391.04066879826587
1437,752.988,0.710579362692696,1.39070970195224,1505.976,2017_yk_256,Yukon,2016,0.709226182221374,1.36845306427304,3.1856084944315e-4,555.5752032,737.4866119,1367.64,0.709258106,391.04066879826587
1438,753.512,0.708712016759049,1.33956275439698,1507.024,2017_yk_256,Yukon,2016,0.709244184814978,1.36840505393196,-4.80103410840371e-5,555.5752032,737.4866119,1367.64,0.709258106,391.04066879826587
1439,754.036,0.710593809768585,1.35825574559314,1508.072,2017_yk_256,Yukon,2016,0.709238017184357,1.36882456239832,4.1950846635496e-4,555.5752032,737.4866119,1367.64,0.709258106,391.04066879826587
1440,754.56,0.709890951646324,1.34479813123604,1509.12,2017_yk_256,Yukon,2016,0.709229065839448,1.37029980789077,0.00147524549245515,555.5752032,737.4866119,1367.64,0.709258106,391.04066879826587
1441,755.084,0.708915794117717,1.31629081859084,1510.168,2017_yk_256,Yukon,2016,0.709235703870888,1.37207861247802,0.00177880458725199,555.5752032,737.4866119,1367.64,0.709258106,391.04066879826587
1442,755.608,0.709740136883578,1.27118093036897,1511.216,2017_yk_256,Yukon,2016,0.709240953079102,1.37319653996145,0.00111792748342388,555.5752032,737.4866119,1367.64,0.709258106,391.04066879826587
1443,756.132,0.708228811825074,1.31841532571631,1512.264,2017_yk_256,Yukon,2016,0.709237885588379,1.37418614335332,9.8960339187681e-4,555.5752032,737.4866119,1367.64,0.709258106,391.04066879826587
1444,756.656,0.710198549486211,1.35411370153539,1513.312,2017_yk_256,Yukon,2016,0.709240583176687,1.37525693985682,0.00107079650349196,555.5752032,737.4866119,1367.64,0.709258106,391.04066879826587
1445,757.18,0.708629966087732,1.34652511991742,1514.36,2017_yk_256,Yukon,2016,0.709226905010277,1.37683803160713,0.00158109175031762,555.5752032,737.4866119,1367.64,0.709258106,391.04066879826587
1446,757.704,0.709673907663248,1.38327133182803,1515.408,2017_yk_256,Yukon,2016,0.709230195430903,1.37899959551449,0.00216156390735311,555.5752032,737.4866119,1367.64,0.709258106,391.04066879826587
1447,758.228,0.709412373917076,1.37491217485324,1516.456,2017_yk_256,Yukon,2016,0.709234650935945,1.38027599747235,0.00127640195785972,555.5752032,737.4866119,1367.64,0.709258106,391.04066879826587
1448,758.752,0.708529858521878,1.36830998383234,1517.504,2017_yk_256,Yukon,2016,0.709229038845077,1.38182046378948,0.00154446631713712,555.5752032,737.4866119,1367.64,0.709258106,391.04066879826587
1449,759.276,0.708624052731803,1.3734074887113,1518.552,2017_yk_256,Yukon,2016,0.709237517488737,1.38250346381336,6.8300002387311e-4,555.5752032,737.4866119,1367.64,0.709258106,391.04066879826587
1450,759.8,0.708631892811218,1.3428425002312,1519.6,2017_yk_256,Yukon,2016,0.7092753207286,1.38316696428943,6.6350047607355e-4,555.5752032,737.4866119,1367.64,0.709258106,391.04066879826587
1451,760.324,0.709475120513288,1.32046427101371,1520.648,2017_yk_256,Yukon,2016,0.709256952601371,1.38545693706597,0.00228997277653842,555.5752032,737.4866119,1367.64,0.709258106,391.04066879826587
1452,760.848,0.708956428582088,1.36446039489831,1521.696,2017_yk_256,Yukon,2016,0.709275453954143,1.38865644643596,0.00319950936998992,555.5752032,737.4866119,1367.64,0.709258106,391.04066879826587
1453,761.372,0.709913435399459,1.34734791084996,1522.744,2017_yk_256,Yukon,2016,0.709282116269829,1.39141789255095,0.0027614461149883,555.5752032,737.4866119,1367.64,0.709258106,391.04066879826587
1454,761.896,0.709214141379758,1.3533552100604,1523.792,2017_yk_256,Yukon,2016,0.709286684142533,1.39308375507247,0.00166586252152534,555.5752032,737.4866119,1367.64,0.709258106,391.04066879826587
1455,762.42,0.71012447338129,1.386215136893,1524.84,2017_yk_256,Yukon,2016,0.709278936408549,1.395073552141,0.00198979706853075,555.5752032,737.4866119,1367.64,0.709258106,391.04066879826587
1456,762.944,0.709323277821987,1.3850984094209,1525.888,2017_yk_256,Yukon,2016,0.709280918071798,1.39782500100589,0.00275144886488299,555.5752032,737.4866119,1367.64,0.709258106,391.04066879826587
1457,763.468,0.709041806861364,1.38421117551826,1526.936,2017_yk_256,Yukon,2016,0.709301487679442,1.3997502981267,0.00192529712081524,555.5752032,737.4866119,1367.64,0.709258106,391.04066879826587
1458,763.992,0.709284470752348,1.38618015257358,1527.984,2017_yk_256,Yukon,2016,0.709316739625592,1.4021212303596,0.00237093223290241,555.5752032,737.4866119,1367.64,0.709258106,391.04066879826587
1459,764.516,0.70952353472982,1.42054934525702,1529.032,2017_yk_256,Yukon,2016,0.709314189184865,1.40508177164872,0.00296054128911405,555.5752032,737.4866119,1367.64,0.709258106,391.04066879826587
1460,765.04,0.709700568152388,1.41683688009131,1530.08,2017_yk_256,Yukon,2016,0.709302489548874,1.40693162596965,0.0018498543209291,555.5752032,737.4866119,1367.64,0.709258106,391.04066879826587
1461,765.564,0.709411488630346,1.41282427839434,1531.128,2017_yk_256,Yukon,2016,0.709305271876453,1.40863974962817,0.00170812365852679,555.5752032,737.4866119,1367.64,0.709258106,391.04066879826587
1462,766.088,0.708545731753128,1.38955704784637,1532.176,2017_yk_256,Yukon,2016,0.709291240583259,1.41146315880482,0.00282340917665191,555.5752032,737.4866119,1367.64,0.709258106,391.04066879826587
1463,766.612,0.708938572709102,1.43598565026658,1533.224,2017_yk_256,Yukon,2016,0.709295986171692,1.41516262908752,0.00369947028269224,555.5752032,737.4866119,1367.64,0.709258106,391.04066879826587
1464,767.136,0.70903787256836,1.4521256420197,1534.272,2017_yk_256,Yukon,2016,0.709299840774541,1.41815321587365,0.00299058678613329,555.5752032,737.4866119,1367.64,0.709258106,391.04066879826587
1465,767.66,0.709579509613217,1.45449634035156,1535.32,2017_yk_256,Yukon,2016,0.709311037369763,1.42106164009575,0.00290842422210202,555.5752032,737.4866119,1367.64,0.709258106,391.04066879826587
1466,768.184,0.708471199102996,1.43061779735458,1536.368,2017_yk_256,Yukon,2016,0.70930351866844,1.42322574455651,0.00216410446076098,555.5752032,737.4866119,1367.64,0.709258106,391.04066879826587
1467,768.708,0.708285403655607,1.3863852434029,1537.416,2017_yk_256,Yukon,2016,0.709293834876447,1.42520823785163,0.00198249329511424,555.5752032,737.4866119,1367.64,0.709258106,391.04066879826587
1468,769.232,0.70962863264435,1.37408435073782,1538.464,2017_yk_256,Yukon,2016,0.70930553567755,1.42829017122802,0.0030819333763894,555.5752032,737.4866119,1367.64,0.709258106,391.04066879826587
1469,769.756,0.709498177855709,1.39485159714965,1539.512,2017_yk_256,Yukon,2016,0.709282680528853,1.43065925572947,0.00236908450144857,555.5752032,737.4866119,1367.64,0.709258106,391.04066879826587
1470,770.28,0.708873447389916,1.44149153258503,1540.56,2017_yk_256,Yukon,2016,0.709274461241816,1.43372071498694,0.00306145925747692,555.5752032,737.4866119,1367.64,0.709258106,391.04066879826587
1471,770.804,0.70941620448479,1.47056771976051,1541.608,2017_yk_256,Yukon,2016,0.709282681808206,1.43704657944081,0.00332586445386673,555.5752032,737.4866119,1367.64,0.709258106,391.04066879826587
1472,771.328,0.709328333930269,1.4422331239671,1542.656,2017_yk_256,Yukon,2016,0.709281811424589,1.44125305443676,0.00420647499595561,555.5752032,737.4866119,1367.64,0.709258106,391.04066879826587
1473,771.852,0.709420764394819,1.44091152932221,1543.704,2017_yk_256,Yukon,2016,0.709297370182893,1.4446887431648,0.00343568872803757,555.5752032,737.4866119,1367.64,0.709258106,391.04066879826587
1474,772.376,0.70913451643765,1.42727323516401,1544.752,2017_yk_256,Yukon,2016,0.709294991005097,1.44705821786342,0.00236947469861848,555.5752032,737.4866119,1367.64,0.709258106,391.04066879826587
1475,772.9,0.708871844093626,1.47120148026054,1545.8,2017_yk_256,Yukon,2016,0.70931404421283,1.45007650260282,0.00301828473939914,555.5752032,737.4866119,1367.64,0.709258106,391.04066879826587
1476,773.424,0.709009490791107,1.4735428446665,1546.848,2017_yk_256,Yukon,2016,0.70930520773825,1.45295821086336,0.00288170826054324,555.5752032,737.4866119,1367.64,0.709258106,391.04066879826587
1477,773.948,0.709449854816364,1.44126273873031,1547.896,2017_yk_256,Yukon,2016,0.709307643946307,1.45636674548479,0.0034085346214221,555.5752032,737.4866119,1367.64,0.709258106,391.04066879826587
1478,774.472,0.70907191347371,1.44961215061245,1548.944,2017_yk_256,Yukon,2016,0.709324448651901,1.45945778148108,0.00309103599629323,555.5752032,737.4866119,1367.64,0.709258106,391.04066879826587
1479,774.996,0.709861019594752,1.44819683830562,1549.992,2017_yk_256,Yukon,2016,0.70934356387663,1.46250288079556,0.00304509931448238,555.5752032,737.4866119,1367.64,0.709258106,391.04066879826587
1480,775.52,0.71039202173447,1.4701452043378,1551.04,2017_yk_256,Yukon,2016,0.709344294259499,1.46570101215539,0.00319813135982483,555.5752032,737.4866119,1367.64,0.709258106,391.04066879826587
1481,776.044,0.708877452661654,1.50293740458648,1552.088,2017_yk_256,Yukon,2016,0.709350266874342,1.46962152542677,0.00392051327138532,555.5752032,737.4866119,1367.64,0.709258106,391.04066879826587
1482,776.568,0.709668793333735,1.50357384494351,1553.136,2017_yk_256,Yukon,2016,0.70935267578945,1.47266088632681,0.00303936090003853,555.5752032,737.4866119,1367.64,0.709258106,391.04066879826587
1483,777.092,0.709601394170725,1.48471190564652,1554.184,2017_yk_256,Yukon,2016,0.709351527934133,1.47543291303568,0.00277202670887089,555.5752032,737.4866119,1367.64,0.709258106,391.04066879826587
1484,777.616,0.709615081728056,1.47009409727478,1555.232,2017_yk_256,Yukon,2016,0.7093402926434,1.47830085036403,0.002867937328354,555.5752032,737.4866119,1367.64,0.709258106,391.04066879826587
1485,778.14,0.709023680115,1.50087898984426,1556.28,2017_yk_256,Yukon,2016,0.709327970455892,1.4802849674014,0.00198411703736334,555.5752032,737.4866119,1367.64,0.709258106,391.04066879826587
1486,778.664,0.710259181613636,1.51683271272777,1557.328,2017_yk_256,Yukon,2016,0.709328242929674,1.48275686960203,0.0024719022006332,555.5752032,737.4866119,1367.64,0.709258106,391.04066879826587
1487,779.188,0.709617724137698,1.46824413215012,1558.376,2017_yk_256,Yukon,2016,0.709324765591308,1.48411589258056,0.00135902297852653,555.5752032,737.4866119,1367.64,0.709258106,391.04066879826587
1488,779.712,0.71038118090481,1.47932319680115,1559.424,2017_yk_256,Yukon,2016,0.709322857333577,1.4863098271919,0.00219393461133888,555.5752032,737.4866119,1367.64,0.709258106,391.04066879826587
1489,780.236,0.708742661689037,1.49454453220754,1560.472,2017_yk_256,Yukon,2016,0.709319343106345,1.488853575129,0.00254374793710466,555.5752032,737.4866119,1367.64,0.709258106,391.04066879826587
1490,780.76,0.70825015186242,1.48174667677442,1561.52,2017_yk_256,Yukon,2016,0.70931309754211,1.49141299525756,0.00255942012856036,555.5752032,737.4866119,1367.64,0.709258106,391.04066879826587
1491,781.284,0.709256294383111,1.47996512315988,1562.568,2017_yk_256,Yukon,2016,0.709307911295466,1.49412859096884,0.00271559571127455,555.5752032,737.4866119,1367.64,0.709258106,391.04066879826587
1492,781.808,0.708644033933595,1.51195386438917,1563.616,2017_yk_256,Yukon,2016,0.7093150504601,1.49684356690815,0.00271497593930992,555.5752032,737.4866119,1367.64,0.709258106,391.04066879826587
1493,782.332,0.709282006216666,1.54521439483926,1564.664,2017_yk_256,Yukon,2016,0.709312997488301,1.4981814019977,0.00133783508955521,555.5752032,737.4866119,1367.64,0.709258106,391.04066879826587
1494,782.856,0.7088890556948,1.53759528421332,1565.712,2017_yk_256,Yukon,2016,0.709321892267725,1.49924874045689,0.00106733845918727,555.5752032,737.4866119,1367.64,0.709258106,391.04066879826587
1495,783.38,0.709886732037542,1.53536069151522,1566.76,2017_yk_256,Yukon,2016,0.70933061617843,1.50004000501556,7.9126455867606e-4,555.5752032,737.4866119,1367.64,0.709258106,391.04066879826587
1496,783.904,0.709070953463639,1.52588688174195,1567.808,2017_yk_256,Yukon,2016,0.709342883399813,1.5017498876517,0.00170988263613148,555.5752032,737.4866119,1367.64,0.709258106,391.04066879826587
1497,784.428,0.7099983351731,1.5096592996591,1568.856,2017_yk_256,Yukon,2016,0.709359785378803,1.50422052231106,0.0024706346593597,555.5752032,737.4866119,1367.64,0.709258106,391.04066879826587
1498,784.952,0.709414064825208,1.52447875698035,1569.904,2017_yk_256,Yukon,2016,0.709352389359871,1.50660383351996,0.00238331120890867,555.5752032,737.4866119,1367.64,0.709258106,391.04066879826587
1499,785.476,0.70922250084678,1.50040081568005,1570.952,2017_yk_256,Yukon,2016,0.709353545028767,1.50863565429832,0.00203182077835296,555.5752032,737.4866119,1367.64,0.709258106,391.04066879826587
1500,786,0.709397794424143,1.52848568668465,1572,2017_yk_256,Yukon,2016,0.709344675105763,1.51008234264613,0.00144668834781347,555.5752032,737.4866119,1367.64,0.709258106,391.04066879826587
1501,786.524,0.709409028101112,1.51584268582284,1573.048,2017_yk_256,Yukon,2016,0.709338112625359,1.51109913535263,0.00101679270649968,555.5752032,737.4866119,1367.64,0.709258106,391.04066879826587
1502,787.048,0.709687913866538,1.52356943012632,1574.096,2017_yk_256,Yukon,2016,0.709349620597182,1.5125322481221,0.00143311276947422,555.5752032,737.4866119,1367.64,0.709258106,391.04066879826587
1503,787.572,0.709162337323291,1.52455664939856,1575.144,2017_yk_256,Yukon,2016,0.709366313064964,1.51345505083583,9.2280271372779e-4,555.5752032,737.4866119,1367.64,0.709258106,391.04066879826587
1504,788.096,0.710055798818463,1.4962821834525,1576.192,2017_yk_256,Yukon,2016,0.70935544011994,1.51424139559949,7.8634476365802e-4,555.5752032,737.4866119,1367.64,0.709258106,391.04066879826587
1505,788.62,0.70977315855172,1.52762220428138,1577.24,2017_yk_256,Yukon,2016,0.709362972209163,1.51510049044672,8.5909484723312e-4,555.5752032,737.4866119,1367.64,0.709258106,391.04066879826587
1506,789.144,0.709143719188462,1.55617382746061,1578.288,2017_yk_256,Yukon,2016,0.709369901041443,1.51618559574972,0.00108510530299277,555.5752032,737.4866119,1367.64,0.709258106,391.04066879826587
1507,789.668,0.70955854640046,1.57942425213857,1579.336,2017_yk_256,Yukon,2016,0.709371870149842,1.51762105107974,0.00143545533002798,555.5752032,737.4866119,1367.64,0.709258106,391.04066879826587
1508,790.192,0.709538140857557,1.55377214360994,1580.384,2017_yk_256,Yukon,2016,0.709368863363218,1.51841912697239,7.9807589264913e-4,555.5752032,737.4866119,1367.64,0.709258106,391.04066879826587
1509,790.716,0.709770966215551,1.55611344758024,1581.432,2017_yk_256,Yukon,2016,0.709364648937791,1.51894986538112,5.3073840872719e-4,555.5752032,737.4866119,1367.64,0.709258106,391.04066879826587
1510,791.24,0.708675715783347,1.53473038182069,1582.48,2017_yk_256,Yukon,2016,0.709337655125422,1.51865132346451,-2.9854191660949e-4,555.5752032,737.4866119,1367.64,0.709258106,391.04066879826587
1511,791.764,0.709833477403845,1.55569506729683,1583.528,2017_yk_256,Yukon,2016,0.70933227015649,1.51848496879751,-1.6635466700099e-4,555.5752032,737.4866119,1367.64,0.709258106,391.04066879826587
1512,792.288,0.709100963488608,1.54682204890061,1584.576,2017_yk_256,Yukon,2016,0.709330203933726,1.51867999899079,1.9503019328315e-4,555.5752032,737.4866119,1367.64,0.709258106,391.04066879826587
1513,792.812,0.709844564080405,1.51366951338221,1585.624,2017_yk_256,Yukon,2016,0.709315115975726,1.51864545002254,-3.45489682520572e-5,555.5752032,737.4866119,1367.64,0.709258106,391.04066879826587
1514,793.336,0.708540023935793,1.52543144976165,1586.672,2017_yk_256,Yukon,2016,0.70930238292093,1.51860560245088,-3.98475716616442e-5,555.5752032,737.4866119,1367.64,0.709258106,391.04066879826587
1515,793.86,0.709385142130777,1.50526215913479,1587.72,2017_yk_256,Yukon,2016,0.709316512181643,1.51817028922823,-4.3531322264756e-4,555.5752032,737.4866119,1367.64,0.709258106,391.04066879826587
1516,794.384,0.709339626248939,1.5334125414589,1588.768,2017_yk_256,Yukon,2016,0.709291557758707,1.51688434604832,-0.0012859431799157,555.5752032,737.4866119,1367.64,0.709258106,391.04066879826587
1517,794.908,0.708833166559371,1.46575255422985,1589.816,2017_yk_256,Yukon,2016,0.709285374861338,1.51648846605587,-3.9587999244372e-4,555.5752032,737.4866119,1367.64,0.709258106,391.04066879826587
1518,795.432,0.709169975288488,1.51781622925391,1590.864,2017_yk_256,Yukon,2016,0.709276623893969,1.51538796723699,-0.00110049881888319,555.5752032,737.4866119,1367.64,0.709258106,391.04066879826587
1519,795.956,0.709312681095933,1.57317422148328,1591.912,2017_yk_256,Yukon,2016,0.709287537872586,1.51448325907986,-9.0470815712961e-4,555.5752032,737.4866119,1367.64,0.709258106,391.04066879826587
1520,796.48,0.709325834298273,1.57040208780494,1592.96,2017_yk_256,Yukon,2016,0.709300802569781,1.51401882574759,-4.6443333227208e-4,555.5752032,737.4866119,1367.64,0.709258106,391.04066879826587
1521,797.004,0.709100313831689,1.57576002107081,1594.008,2017_yk_256,Yukon,2016,0.709305580859084,1.51380804784469,-2.1077790290036e-4,555.5752032,737.4866119,1367.64,0.709258106,391.04066879826587
1522,797.528,0.708974081631184,1.55245560420496,1595.056,2017_yk_256,Yukon,2016,0.709304949328585,1.51332296287019,-4.8508497449728e-4,555.5752032,737.4866119,1367.64,0.709258106,391.04066879826587
1523,798.052,0.708815394401147,1.51625575563989,1596.104,2017_yk_256,Yukon,2016,0.709300588268714,1.5115881659617,-0.0017347969084891,555.5752032,737.4866119,1367.64,0.709258106,391.04066879826587
1524,798.576,0.709571559333828,1.51616594957094,1597.152,2017_yk_256,Yukon,2016,0.709315891019438,1.50935257924099,-0.00223558672070689,555.5752032,737.4866119,1367.64,0.709258106,391.04066879826587
1525,799.1,0.710102944255538,1.50197221387212,1598.2,2017_yk_256,Yukon,2016,0.709312020242572,1.50756022465082,-0.00179235459017235,555.5752032,737.4866119,1367.64,0.709258106,391.04066879826587
1526,799.624,0.709207232385944,1.53321075552247,1599.248,2017_yk_256,Yukon,2016,0.709322036300339,1.50656352881395,-9.9669583687211e-4,555.5752032,737.4866119,1367.64,0.709258106,391.04066879826587
1527,800.148,0.70929952239501,1.53462332296448,1600.296,2017_yk_256,Yukon,2016,0.709319934340707,1.5059018420513,-6.6168676265476e-4,555.5752032,737.4866119,1367.64,0.709258106,391.04066879826587
1528,800.672,0.709184871508448,1.51708302327233,1601.344,2017_yk_256,Yukon,2016,0.709327730268394,1.50515642289663,-7.4541915466208e-4,555.5752032,737.4866119,1367.64,0.709258106,391.04066879826587
1529,801.196,0.709567517989445,1.51676084385083,1602.392,2017_yk_256,Yukon,2016,0.709320368427053,1.50535991180725,2.0348891061794e-4,555.5752032,737.4866119,1367.64,0.709258106,391.04066879826587
1530,801.72,0.708341252009698,1.52829283345382,1603.44,2017_yk_256,Yukon,2016,0.709311632988659,1.50494273827493,-4.1717353231929e-4,555.5752032,737.4866119,1367.64,0.709258106,391.04066879826587
1531,802.244,0.709022455660544,1.53157528215049,1604.488,2017_yk_256,Yukon,2016,0.709314847847294,1.50496830909474,2.55708198066973e-5,555.5752032,737.4866119,1367.64,0.709258106,391.04066879826587
1532,802.768,0.71001881223961,1.52821989013555,1605.536,2017_yk_256,Yukon,2016,0.709307636863229,1.50474779535021,-2.205137445308e-4,555.5752032,737.4866119,1367.64,0.709258106,391.04066879826587
1533,803.292,0.710422312461796,1.49627969214589,1606.584,2017_yk_256,Yukon,2016,0.709323008163919,1.5044589487681,-2.888465821067e-4,555.5752032,737.4866119,1367.64,0.709258106,391.04066879826587
1534,803.816,0.708482139736219,1.4744539209835,1607.632,2017_yk_256,Yukon,2016,0.709307274746935,1.50483425316625,3.7530439814781e-4,555.5752032,737.4866119,1367.64,0.709258106,391.04066879826587
1535,804.34,0.709323769447001,1.52274717109452,1608.68,2017_yk_256,Yukon,2016,0.70928730892168,1.50470223612268,-1.3201704356413e-4,555.5752032,737.4866119,1367.64,0.709258106,391.04066879826587
1536,804.864,0.709425220727909,1.53864916284605,1609.728,2017_yk_256,Yukon,2016,0.709281544662698,1.50430758502607,-3.9465109661618e-4,555.5752032,737.4866119,1367.64,0.709258106,391.04066879826587
1537,805.388,0.709568001320299,1.527390058532,1610.776,2017_yk_256,Yukon,2016,0.709277884224331,1.5027796848644,-0.00152790016166526,555.5752032,737.4866119,1367.64,0.709258106,391.04066879826587
1538,805.912,0.708891506276258,1.49749670417139,1611.824,2017_yk_256,Yukon,2016,0.709279508894083,1.50143205386259,-0.00134763100181656,555.5752032,737.4866119,1367.64,0.709258106,391.04066879826587
1539,806.436,0.709608154069147,1.48004114282924,1612.872,2017_yk_256,Yukon,2016,0.709272769307942,1.50040202381577,-0.00103003004681868,555.5752032,737.4866119,1367.64,0.709258106,391.04066879826587
1540,806.96,0.70877239299228,1.45223268934124,1613.92,2017_yk_256,Yukon,2016,0.709289997640017,1.49963546556001,-7.6655825575722e-4,555.5752032,737.4866119,1367.64,0.709258106,391.04066879826587
1541,807.484,0.708554354525723,1.49295612456642,1614.968,2017_yk_256,Yukon,2016,0.709266323128013,1.49858158926048,-0.00105387629953113,555.5752032,737.4866119,1367.64,0.709258106,391.04066879826587
1542,808.008,0.709544819967951,1.51527565654049,1616.016,2017_yk_256,Yukon,2016,0.709274757444579,1.49774436580098,-8.3722345949865e-4,555.5752032,737.4866119,1367.64,0.709258106,391.04066879826587
1543,808.532,0.708696116690727,1.48263896755139,1617.064,2017_yk_256,Yukon,2016,0.709264229440682,1.49758917849741,-1.5518730356611e-4,555.5752032,737.4866119,1367.64,0.709258106,391.04066879826587
1544,809.056,0.708851098440262,1.46770324297508,1618.112,2017_yk_256,Yukon,2016,0.709283027337571,1.49715825715594,-4.3092134147215e-4,555.5752032,737.4866119,1367.64,0.709258106,391.04066879826587
1545,809.58,0.709871435757787,1.4747601964854,1619.16,2017_yk_256,Yukon,2016,0.709290876182155,1.49687426757333,-2.8398958261677e-4,555.5752032,737.4866119,1367.64,0.709258106,391.04066879826587
1546,810.104,0.708761916237482,1.43967612193283,1620.208,2017_yk_256,Yukon,2016,0.709295428956658,1.49642751010887,-4.4675746445332e-4,555.5752032,737.4866119,1367.64,0.709258106,391.04066879826587
1547,810.628,0.709246750295582,1.44449133260351,1621.256,2017_yk_256,Yukon,2016,0.709296489535024,1.4965297229019,1.0221279302502e-4,555.5752032,737.4866119,1367.64,0.709258106,391.04066879826587
1548,811.152,0.709856122862629,1.41329326766815,1622.304,2017_yk_256,Yukon,2016,0.709299581004795,1.49651321256895,-1.65103329434757e-5,555.5752032,737.4866119,1367.64,0.709258106,391.04066879826587
1549,811.676,0.709397500406075,1.44026204277977,1623.352,2017_yk_256,Yukon,2016,0.709313232193131,1.4956257233697,-8.8748919924941e-4,555.5752032,737.4866119,1367.64,0.709258106,391.04066879826587
1550,812.2,0.709046033694126,1.4538806768381,1624.4,2017_yk_256,Yukon,2016,0.709317052599886,1.49430113679392,-0.00132458657578338,555.5752032,737.4866119,1367.64,0.709258106,391.04066879826587
1551,812.724,0.70954299174127,1.46731844898586,1625.448,2017_yk_256,Yukon,2016,0.709323705879578,1.49332633525969,-9.7480153423101e-4,555.5752032,737.4866119,1367.64,0.709258106,391.04066879826587
1552,813.248,0.708606142103691,1.48284876591934,1626.496,2017_yk_256,Yukon,2016,0.709329154011668,1.49254508115016,-7.8125410952978e-4,555.5752032,737.4866119,1367.64,0.709258106,391.04066879826587
1553,813.772,0.709020342624393,1.44112658032992,1627.544,2017_yk_256,Yukon,2016,0.709322432178871,1.49300880766402,4.6372651385784e-4,555.5752032,737.4866119,1367.64,0.709258106,391.04066879826587
1554,814.296,0.70980722073823,1.4034600809709,1628.592,2017_yk_256,Yukon,2016,0.709306020183877,1.49364730088579,6.3849322176801e-4,555.5752032,737.4866119,1367.64,0.709258106,391.04066879826587
1555,814.82,0.709654485425566,1.42781941610488,1629.64,2017_yk_256,Yukon,2016,0.709281048268854,1.49359756840285,-4.97324829373813e-5,555.5752032,737.4866119,1367.64,0.709258106,391.04066879826587
1556,815.344,0.709671916929688,1.46608513152961,1630.688,2017_yk_256,Yukon,2016,0.709275615268897,1.49328182354265,-3.1574486020002e-4,555.5752032,737.4866119,1367.64,0.709258106,391.04066879826587
1557,815.868,0.709872217595159,1.46995809389981,1631.736,2017_yk_256,Yukon,2016,0.709275037932075,1.49293862801232,-3.4319553032546e-4,555.5752032,737.4866119,1367.64,0.709258106,391.04066879826587
1558,816.392,0.709881820486457,1.47975360770062,1632.784,2017_yk_256,Yukon,2016,0.709270323787233,1.49327281254647,3.3418453414846e-4,555.5752032,737.4866119,1367.64,0.709258106,391.04066879826587
1559,816.916,0.708780790366274,1.51261015031714,1633.832,2017_yk_256,Yukon,2016,0.709260089804663,1.49381236133041,5.3954878393724e-4,555.5752032,737.4866119,1367.64,0.709258106,391.04066879826587
1560,817.44,0.708873668120501,1.5034552747455,1634.88,2017_yk_256,Yukon,2016,0.709276260205284,1.49438802689164,5.7566556123145e-4,555.5752032,737.4866119,1367.64,0.709258106,391.04066879826587
1561,817.964,0.709601919619261,1.51737693501124,1635.928,2017_yk_256,Yukon,2016,0.709276438534237,1.49457200676629,1.8397987464724e-4,555.5752032,737.4866119,1367.64,0.709258106,391.04066879826587
1562,818.488,0.709255254822599,1.51033860545447,1636.976,2017_yk_256,Yukon,2016,0.709256236800861,1.49484871685698,2.767100906873e-4,555.5752032,737.4866119,1367.64,0.709258106,391.04066879826587
1563,819.012,0.710084615364692,1.50722585447216,1638.024,2017_yk_256,Yukon,2016,0.709225197614509,1.49566066090286,8.1194404588025e-4,555.5752032,737.4866119,1367.64,0.709258106,391.04066879826587
1564,819.536,0.709111793799469,1.51880044734137,1639.072,2017_yk_256,Yukon,2016,0.70923365982,1.49621351709058,5.5285618772105e-4,555.5752032,737.4866119,1367.64,0.709258106,391.04066879826587
1565,820.06,0.708575209036365,1.51970118166752,1640.12,2017_yk_256,Yukon,2016,0.709228190413439,1.49561544806296,-5.9806902761283e-4,555.5752032,737.4866119,1367.64,0.709258106,391.04066879826587
1566,820.584,0.708797863649554,1.53249476166365,1641.168,2017_yk_256,Yukon,2016,0.709225188745472,1.4954117596915,-2.0368837146045e-4,555.5752032,737.4866119,1367.64,0.709258106,391.04066879826587
1567,821.108,0.709338920098434,1.48775024243865,1642.216,2017_yk_256,Yukon,2016,0.709236626559825,1.49509542297242,-3.1633671907971e-4,555.5752032,737.4866119,1367.64,0.709258106,391.04066879826587
1568,821.632,0.709635621042708,1.47291428350094,1643.264,2017_yk_256,Yukon,2016,0.709248260080429,1.49582116645664,7.2574348421294e-4,555.5752032,737.4866119,1367.64,0.709258106,391.04066879826587
1569,822.156,0.70936659104707,1.49431164477113,1644.312,2017_yk_256,Yukon,2016,0.709236646250015,1.49640920853237,5.8804207573093e-4,555.5752032,737.4866119,1367.64,0.709258106,391.04066879826587
1570,822.68,0.709709415707863,1.48873688647525,1645.36,2017_yk_256,Yukon,2016,0.709246356762718,1.49738913131148,9.7992277911096e-4,555.5752032,737.4866119,1367.64,0.709258106,391.04066879826587
1571,823.204,0.708413006683599,1.49246248932498,1646.408,2017_yk_256,Yukon,2016,0.709257649659042,1.49837052702377,9.8139571229416e-4,555.5752032,737.4866119,1367.64,0.709258106,391.04066879826587
1572,823.728,0.709607022482609,1.49658864133069,1647.456,2017_yk_256,Yukon,2016,0.70924874181479,1.49864985227657,2.7932525279328e-4,555.5752032,737.4866119,1367.64,0.709258106,391.04066879826587
1573,824.252,0.709212883846544,1.50435827516824,1648.504,2017_yk_256,Yukon,2016,0.709250001385886,1.49964792246595,9.9807018938924e-4,555.5752032,737.4866119,1367.64,0.709258106,391.04066879826587
1574,824.776,0.709667897749166,1.49957616927332,1649.552,2017_yk_256,Yukon,2016,0.709258249945313,1.5010278240385,0.00137990157254153,555.5752032,737.4866119,1367.64,0.709258106,391.04066879826587
1575,825.3,0.709856072805798,1.48822278417779,1650.6,2017_yk_256,Yukon,2016,0.709257708006871,1.5024904014078,0.00146257736930178,555.5752032,737.4866119,1367.64,0.709258106,391.04066879826587
1576,825.824,0.709612792719135,1.50660709359169,1651.648,2017_yk_256,Yukon,2016,0.709254183623566,1.50451809274257,0.00202769133477321,555.5752032,737.4866119,1367.64,0.709258106,391.04066879826587
1577,826.348,0.708896801261288,1.47188532181135,1652.696,2017_yk_256,Yukon,2016,0.709245156928333,1.50633388214152,0.00181578939894633,555.5752032,737.4866119,1367.64,0.709258106,391.04066879826587
1578,826.872,0.709355463474787,1.51682560927731,1653.744,2017_yk_256,Yukon,2016,0.709254607409401,1.50848744748848,0.00215356534696376,555.5752032,737.4866119,1367.64,0.709258106,391.04066879826587
1579,827.396,0.71013175239607,1.51992486952831,1654.792,2017_yk_256,Yukon,2016,0.709254161370622,1.51009351349505,0.00160606600656577,555.5752032,737.4866119,1367.64,0.709258106,391.04066879826587
1580,827.92,0.709555058703585,1.49092689325794,1655.84,2017_yk_256,Yukon,2016,0.709249529699298,1.5118839123249601,0.00179039882991128,555.5752032,737.4866119,1367.64,0.709258106,391.04066879826587
1581,828.444,0.709499510613199,1.51727192901694,1656.888,2017_yk_256,Yukon,2016,0.709230291259782,1.51322606992884,0.0013421576038779,555.5752032,737.4866119,1367.64,0.709258106,391.04066879826587
1582,828.968,0.709300969556601,1.50558035763317,1657.936,2017_yk_256,Yukon,2016,0.709234882713981,1.51427318818596,0.00104711825711923,555.5752032,737.4866119,1367.64,0.709258106,391.04066879826587
1583,829.492,0.708412084433324,1.54407934647137,1658.984,2017_yk_256,Yukon,2016,0.709252837675626,1.51606936752678,0.00179617934082432,555.5752032,737.4866119,1367.64,0.709258106,391.04066879826587
1584,830.016,0.708586839634207,1.55447554287702,1660.032,2017_yk_256,Yukon,2016,0.709252645837145,1.51861249956359,0.00254313203681256,555.5752032,737.4866119,1367.64,0.709258106,391.04066879826587
1585,830.54,0.708604629354155,1.49898826489588,1661.08,2017_yk_256,Yukon,2016,0.709242948546727,1.52054403437135,0.00193153480775665,555.5752032,737.4866119,1367.64,0.709258106,391.04066879826587
1586,831.064,0.708881252388532,1.51426606391047,1662.128,2017_yk_256,Yukon,2016,0.709240833520275,1.52228489905776,0.00174086468640766,555.5752032,737.4866119,1367.64,0.709258106,391.04066879826587
1587,831.588,0.709264882185684,1.51403159114496,1663.176,2017_yk_256,Yukon,2016,0.709225135370921,1.52389262851271,0.00160772945494947,555.5752032,737.4866119,1367.64,0.709258106,391.04066879826587
1588,832.112,0.7089020228179,1.53713409532123,1664.224,2017_yk_256,Yukon,2016,0.709221347952226,1.525179919354,0.0012872908412902,555.5752032,737.4866119,1367.64,0.709258106,391.04066879826587
1589,832.636,0.708953479035251,1.54913377088707,1665.272,2017_yk_256,Yukon,2016,0.709223165869594,1.52598425392489,8.0433457089346e-4,555.5752032,737.4866119,1367.64,0.709258106,391.04066879826587
1590,833.16,0.709311476046951,1.56283276712771,1666.32,2017_yk_256,Yukon,2016,0.709216752785919,1.52719353025505,0.0012092763301641,555.5752032,737.4866119,1367.64,0.709258106,391.04066879826587
1591,833.684,0.709033155397761,1.54261407462934,1667.368,2017_yk_256,Yukon,2016,0.709224608025664,1.5279860590458,7.9252879074642e-4,555.5752032,737.4866119,1367.64,0.709258106,391.04066879826587
1592,834.208,0.708806708237032,1.54482249557679,1668.416,2017_yk_256,Yukon,2016,0.709220102707491,1.52826270177553,2.766427297316e-4,555.5752032,737.4866119,1367.64,0.709258106,391.04066879826587
1593,834.732,0.708559961280666,1.5449963348987,1669.464,2017_yk_256,Yukon,2016,0.709214334655637,1.52891014023223,6.4743845670278e-4,555.5752032,737.4866119,1367.64,0.709258106,391.04066879826587
1594,835.256,0.708989872065663,1.50762529224676,1670.512,2017_yk_256,Yukon,2016,0.709216349540651,1.52926522235548,3.550821232412e-4,555.5752032,737.4866119,1367.64,0.709258106,391.04066879826587
1595,835.78,0.708995605053354,1.48686302943775,1671.56,2017_yk_256,Yukon,2016,0.709217592593544,1.52975175477144,4.8653241596818e-4,555.5752032,737.4866119,1367.64,0.709258106,391.04066879826587
1596,836.304,0.70924512064991,1.52642786055843,1672.608,2017_yk_256,Yukon,2016,0.70921739104342,1.53008390119144,3.321464199959e-4,555.5752032,737.4866119,1367.64,0.709258106,391.04066879826587
1597,836.828,0.710254270181503,1.50840985538721,1673.656,2017_yk_256,Yukon,2016,0.709210593209949,1.53174282412344,0.00165892293199854,555.5752032,737.4866119,1367.64,0.709258106,391.04066879826587
1598,837.352,0.70958951751247,1.54104131322416,1674.704,2017_yk_256,Yukon,2016,0.709202656529238,1.53353903145835,0.00179620733491603,555.5752032,737.4866119,1367.64,0.709258106,391.04066879826587
1599,837.876,0.708911324244306,1.51532366737311,1675.752,2017_yk_256,Yukon,2016,0.709196576633033,1.53561548124407,0.00207644978571087,555.5752032,737.4866119,1367.64,0.709258106,391.04066879826587
1600,838.4,0.709355023754434,1.51102805608789,1676.8,2017_yk_256,Yukon,2016,0.709190749947554,1.53785078725788,0.00223530601381849,555.5752032,737.4866119,1367.64,0.709258106,391.04066879826587
1601,838.924,0.709231928305206,1.55183986730407,1677.848,2017_yk_256,Yukon,2016,0.709223050150312,1.53942437116038,0.00157358390249374,555.5752032,737.4866119,1367.64,0.709258106,391.04066879826587
1602,839.448,0.709010349312832,1.53203517170809,1678.896,2017_yk_256,Yukon,2016,0.709226730035783,1.54059585589506,0.00117148473468176,555.5752032,737.4866119,1367.64,0.709258106,391.04066879826587
1603,839.972,0.708771690956471,1.54252317891474,1679.944,2017_yk_256,Yukon,2016,0.709232596990827,1.54101492191342,4.1906601835939e-4,555.5752032,737.4866119,1367.64,0.709258106,391.04066879826587
1604,840.496,0.709346012005893,1.55049733732757,1680.992,2017_yk_256,Yukon,2016,0.709227169796796,1.54172838407098,7.1346215756107e-4,555.5752032,737.4866119,1367.64,0.709258106,391.04066879826587
1605,841.02,0.709838919451234,1.5625148386435,1682.04,2017_yk_256,Yukon,2016,0.709212960072687,1.54337508606789,0.00164670199690664,555.5752032,737.4866119,1367.64,0.709258106,391.04066879826587
1606,841.544,0.708550453239183,1.56133760201922,1683.088,2017_yk_256,Yukon,2016,0.709207884860851,1.54479902289246,0.00142393682456832,555.5752032,737.4866119,1367.64,0.709258106,391.04066879826587
1607,842.068,0.708705148581602,1.55343869654029,1684.136,2017_yk_256,Yukon,2016,0.709210941086665,1.54599458199725,0.00119555910479319,555.5752032,737.4866119,1367.64,0.709258106,391.04066879826587
1608,842.592,0.710423151726717,1.54250718848598,1685.184,2017_yk_256,Yukon,2016,0.709222682061757,1.54685348055511,8.5889855786192e-4,555.5752032,737.4866119,1367.64,0.709258106,391.04066879826587
1609,843.116,0.709370738079372,1.53662600317371,1686.232,2017_yk_256,Yukon,2016,0.709224161373926,1.54775289306646,8.9941251135194e-4,555.5752032,737.4866119,1367.64,0.709258106,391.04066879826587
1610,843.64,0.708768133414655,1.56130460663277,1687.28,2017_yk_256,Yukon,2016,0.709220351495334,1.54886475072195,0.00111185765548427,555.5752032,737.4866119,1367.64,0.709258106,391.04066879826587
1611,844.164,0.708388685370344,1.54784790521853,1688.328,2017_yk_256,Yukon,2016,0.70921401008784,1.54944013809592,5.7538737396956e-4,555.5752032,737.4866119,1367.64,0.709258106,391.04066879826587
1612,844.688,0.708881629355593,1.5456758613465,1689.376,2017_yk_256,Yukon,2016,0.709213190292181,1.55053620486332,0.00109606676740071,555.5752032,737.4866119,1367.64,0.709258106,391.04066879826587
1613,845.212,0.710097640323105,1.54889734077939,1690.424,2017_yk_256,Yukon,2016,0.709210642594106,1.55106391177782,5.2770691450465e-4,555.5752032,737.4866119,1367.64,0.709258106,391.04066879826587
1614,845.736,0.709795710429361,1.55604800317965,1691.472,2017_yk_256,Yukon,2016,0.709224125171062,1.5515271557067,4.632439288803e-4,555.5752032,737.4866119,1367.64,0.709258106,391.04066879826587
1615,846.26,0.709072648000502,1.54371150457028,1692.52,2017_yk_256,Yukon,2016,0.709221472140923,1.55224953266793,7.2237696123145e-4,555.5752032,737.4866119,1367.64,0.709258106,391.04066879826587
1616,846.784,0.709545015342549,1.57053701271407,1693.568,2017_yk_256,Yukon,2016,0.70922201324121,1.55344523110619,0.00119569843825551,555.5752032,737.4866119,1367.64,0.709258106,391.04066879826587
1617,847.308,0.708930328633902,1.56642186119678,1694.616,2017_yk_256,Yukon,2016,0.709240887486598,1.55520874806386,0.00176351695766841,555.5752032,737.4866119,1367.64,0.709258106,391.04066879826587
1618,847.832,0.7096545753648,1.55699105817803,1695.664,2017_yk_256,Yukon,2016,0.70925483636166,1.55658395416911,0.00137520610524922,555.5752032,737.4866119,1367.64,0.709258106,391.04066879826587
1619,848.356,0.708889865408356,1.56087022457075,1696.712,2017_yk_256,Yukon,2016,0.70925584494778,1.55669633452975,1.1238036064376e-4,555.5752032,737.4866119,1367.64,0.709258106,391.04066879826587
1620,848.88,0.708488883099964,1.57601185455534,1697.76,2017_yk_256,Yukon,2016,0.709261155601494,1.55628592656593,-4.104079638203e-4,555.5752032,737.4866119,1367.64,0.709258106,391.04066879826587
1621,849.404,0.710073234003989,1.56492866245603,1698.808,2017_yk_256,Yukon,2016,0.709258613531774,1.55674165742509,4.5573085916084e-4,555.5752032,737.4866119,1367.64,0.709258106,391.04066879826587
1622,849.928,0.708984935732209,1.52693716923836,1699.856,2017_yk_256,Yukon,2016,0.709260663307292,1.55801052558727,0.00126886816218108,555.5752032,737.4866119,1367.64,0.709258106,391.04066879826587
1623,850.452,0.709738532253426,1.54607216187433,1700.904,2017_yk_256,Yukon,2016,0.709285921191252,1.55887344464528,8.6291905801205e-4,555.5752032,737.4866119,1367.64,0.709258106,391.04066879826587
1624,850.976,0.709232686900319,1.54010537473584,1701.952,2017_yk_256,Yukon,2016,0.709281831928144,1.56001193243367,0.00113848778838155,555.5752032,737.4866119,1367.64,0.709258106,391.04066879826587
1625,851.5,0.708649792209954,1.54889312662562,1703,2017_yk_256,Yukon,2016,0.709270247573049,1.56093587772368,9.2394529001249e-4,555.5752032,737.4866119,1367.64,0.709258106,391.04066879826587
1626,852.024,0.70878577064212,1.5524235468634,1704.048,2017_yk_256,Yukon,2016,0.709267557810265,1.56087490244807,-6.09752756126625e-5,555.5752032,737.4866119,1367.64,0.709258106,391.04066879826587
1627,852.548,0.708931050090191,1.58728561835857,1705.096,2017_yk_256,Yukon,2016,0.709247316636241,1.56213010974009,0.00125520729202933,555.5752032,737.4866119,1367.64,0.709258106,391.04066879826587
1628,853.072,0.709159420200029,1.58068672359591,1706.144,2017_yk_256,Yukon,2016,0.709240459397359,1.56284573737742,7.1562763732924e-4,555.5752032,737.4866119,1367.64,0.709258106,391.04066879826587
1629,853.596,0.709001797274793,1.61889863191378,1707.192,2017_yk_256,Yukon,2016,0.709242939949506,1.56403408516092,0.00118834778349552,555.5752032,737.4866119,1367.64,0.709258106,391.04066879826587
1630,854.12,0.709359814579096,1.62285524730435,1708.24,2017_yk_256,Yukon,2016,0.709229506209155,1.56507127663871,0.00103719147779491,555.5752032,737.4866119,1367.64,0.709258106,391.04066879826587
1631,854.644,0.710351018849115,1.58687752347459,1709.288,2017_yk_256,Yukon,2016,0.709225218331835,1.56509738920694,2.61125682288199e-5,555.5752032,737.4866119,1367.64,0.709258106,391.04066879826587
1632,855.168,0.709827815610827,1.5668777254116,1710.336,2017_yk_256,Yukon,2016,0.709228013611002,1.56516619463618,6.8805429237706e-5,555.5752032,737.4866119,1367.64,0.709258106,391.04066879826587
1633,855.692,0.709564901149173,1.52950223626981,1711.384,2017_yk_256,Yukon,2016,0.709247517249178,1.56561092297572,4.4472833954234e-4,555.5752032,737.4866119,1367.64,0.709258106,391.04066879826587
1634,856.216,0.709342266107342,1.54238389872699,1712.432,2017_yk_256,Yukon,2016,0.709248045003284,1.56625374910577,6.4282613004729e-4,555.5752032,737.4866119,1367.64,0.709258106,391.04066879826587
1635,856.74,0.709003489359247,1.58702490399218,1713.48,2017_yk_256,Yukon,2016,0.709244628324241,1.5658784772181,-3.7527188766506e-4,555.5752032,737.4866119,1367.64,0.709258106,391.04066879826587
1636,857.264,0.709308280008958,1.5920433030658,1714.528,2017_yk_256,Yukon,2016,0.709247111886401,1.56567602133552,-2.0245588258016e-4,555.5752032,737.4866119,1367.64,0.709258106,391.04066879826587
1637,857.788,0.709080174810164,1.54361886809893,1715.576,2017_yk_256,Yukon,2016,0.709250434164387,1.56545634621715,-2.1967511837961e-4,555.5752032,737.4866119,1367.64,0.709258106,391.04066879826587
1638,858.312,0.710059921980313,1.56835952274902,1716.624,2017_yk_256,Yukon,2016,0.709232159133817,1.56528845101022,-1.6789520692062e-4,555.5752032,737.4866119,1367.64,0.709258106,391.04066879826587
1639,858.836,0.710220511126166,1.57388962020943,1717.672,2017_yk_256,Yukon,2016,0.709225021701,1.56501961289726,-2.6883811296074e-4,555.5752032,737.4866119,1367.64,0.709258106,391.04066879826587
1640,859.36,0.709326465988068,1.55763835258699,1718.72,2017_yk_256,Yukon,2016,0.709227334075063,1.56431814068935,-7.0147220791172e-4,555.5752032,737.4866119,1367.64,0.709258106,391.04066879826587
1641,859.884,0.70911902616354,1.55179517145511,1719.768,2017_yk_256,Yukon,2016,0.709230283066803,1.56425049905541,-6.76416339433494e-5,555.5752032,737.4866119,1367.64,0.709258106,391.04066879826587
1642,860.408,0.709251781817084,1.57134436367722,1720.816,2017_yk_256,Yukon,2016,0.709214847379519,1.56439157260859,1.4107355318104e-4,555.5752032,737.4866119,1367.64,0.709258106,391.04066879826587
1643,860.932,0.708259222548834,1.57574176134166,1721.864,2017_yk_256,Yukon,2016,0.70919479647596,1.56364941440629,-7.4215820229905e-4,555.5752032,737.4866119,1367.64,0.709258106,391.04066879826587
1644,861.456,0.709395794251591,1.58227017860985,1722.912,2017_yk_256,Yukon,2016,0.709202101261119,1.56260647234904,-0.0010429420572533,555.5752032,737.4866119,1367.64,0.709258106,391.04066879826587
1645,861.98,0.708445447545802,1.54233088256977,1723.96,2017_yk_256,Yukon,2016,0.70920946525251,1.56268638577402,7.99134249807043e-5,555.5752032,737.4866119,1367.64,0.709258106,391.04066879826587
1646,862.504,0.70891371840574,1.5860079702058,1725.008,2017_yk_256,Yukon,2016,0.709205447468382,1.56245928217244,-2.2710360157529e-4,555.5752032,737.4866119,1367.64,0.709258106,391.04066879826587
1647,863.028,0.710397336908958,1.61984260860505,1726.056,2017_yk_256,Yukon,2016,0.709210918126142,1.5616983780446,-7.6090412784068e-4,555.5752032,737.4866119,1367.64,0.709258106,391.04066879826587
1648,863.552,0.709738955321598,1.61964646163618,1727.104,2017_yk_256,Yukon,2016,0.709220050025477,1.56067292675457,-0.00102545129003651,555.5752032,737.4866119,1367.64,0.709258106,391.04066879826587
1649,864.076,0.709013994202509,1.5558765925257,1728.152,2017_yk_256,Yukon,2016,0.709232760997522,1.55978719139958,-8.8573535498559e-4,555.5752032,737.4866119,1367.64,0.709258106,391.04066879826587
1650,864.6,0.709630115269749,1.53820828929849,1729.2,2017_yk_256,Yukon,2016,0.709232524514981,1.5580383517012,-0.00174883969838358,555.5752032,737.4866119,1367.64,0.709258106,391.04066879826587
1651,865.124,0.70888063121458,1.56995792617899,1730.248,2017_yk_256,Yukon,2016,0.709210491329,1.55711985712023,-9.1849458097037e-4,555.5752032,737.4866119,1367.64,0.709258106,391.04066879826587
1652,865.648,0.708929694768075,1.62095458530764,1731.296,2017_yk_256,Yukon,2016,0.709208967605107,1.55715918612617,3.93290059446105e-5,555.5752032,737.4866119,1367.64,0.709258106,391.04066879826587
1653,866.172,0.710075434318288,1.59677147837943,1732.344,2017_yk_256,Yukon,2016,0.70920746364205,1.55606551462709,-0.00109367149908257,555.5752032,737.4866119,1367.64,0.709258106,391.04066879826587
1654,866.696,0.708744516279186,1.57593455954965,1733.392,2017_yk_256,Yukon,2016,0.709205211831033,1.55540346709688,-6.6204753020571e-4,555.5752032,737.4866119,1367.64,0.709258106,391.04066879826587
1655,867.22,0.708300543747654,1.54229974683848,1734.44,2017_yk_256,Yukon,2016,0.70922624453666006,1.55513896921589,-2.644978809907e-4,555.5752032,737.4866119,1367.64,0.709258106,391.04066879826587
1656,867.744,0.709083734882867,1.52276934402167,1735.488,2017_yk_256,Yukon,2016,0.709249214634661,1.55461825533992,-5.2071387596797e-4,555.5752032,737.4866119,1367.64,0.709258106,391.04066879826587
1657,868.268,0.709039799740078,1.58372229290897,1736.536,2017_yk_256,Yukon,2016,0.709254730021263,1.55325003164322,-0.00136822369669964,555.5752032,737.4866119,1367.64,0.709258106,391.04066879826587
1658,868.792,0.709178083179509,1.58397897146393,1737.584,2017_yk_256,Yukon,2016,0.709245740988922,1.5524563815077,-7.9365013552923e-4,555.5752032,737.4866119,1367.64,0.709258106,391.04066879826587
1659,869.316,0.709060157373164,1.58662453438284,1738.632,2017_yk_256,Yukon,2016,0.7092576108427,1.55101977777269,-0.00143660373500532,555.5752032,737.4866119,1367.64,0.709258106,391.04066879826587
1660,869.84,0.708548999333335,1.57325954475557,1739.68,2017_yk_256,Yukon,2016,0.709260618791763,1.54977050476807,-0.00124927300462452,555.5752032,737.4866119,1367.64,0.709258106,391.04066879826587
1661,870.364,0.70897465566603,1.5534066213978,1740.728,2017_yk_256,Yukon,2016,0.709252795288049,1.54891505508479,-8.5544968327111e-4,555.5752032,737.4866119,1367.64,0.709258106,391.04066879826587
1662,870.888,0.70917806606287,1.53616349746236,1741.776,2017_yk_256,Yukon,2016,0.709230003112796,1.54838672633256,-5.2832875223596e-4,555.5752032,737.4866119,1367.64,0.709258106,391.04066879826587
1663,871.412,0.70994190924702,1.56920687928729,1742.824,2017_yk_256,Yukon,2016,0.709224010502628,1.54809776461659,-2.889617159707e-4,555.5752032,737.4866119,1367.64,0.709258106,391.04066879826587
1664,871.936,0.709377677252251,1.58906690513042,1743.872,2017_yk_256,Yukon,2016,0.709228794874281,1.5468185932339,-0.00127917138268296,555.5752032,737.4866119,1367.64,0.709258106,391.04066879826587
1665,872.46,0.709633918708655,1.53999852538358,1744.92,2017_yk_256,Yukon,2016,0.709244296096234,1.54539977925661,-0.00141881397729104,555.5752032,737.4866119,1367.64,0.709258106,391.04066879826587
1666,872.984,0.708699466968793,1.54919024906442,1745.968,2017_yk_256,Yukon,2016,0.709237074785076,1.5428648816226,-0.00253489763401582,555.5752032,737.4866119,1367.64,0.709258106,391.04066879826587
1667,873.508,0.708904485260737,1.5402581894375,1747.016,2017_yk_256,Yukon,2016,0.709230277644514,1.541716851812,-0.0011480298105937,555.5752032,737.4866119,1367.64,0.709258106,391.04066879826587
1668,874.032,0.709326649892503,1.53243347607075,1748.064,2017_yk_256,Yukon,2016,0.709222997776917,1.54004883836412,-0.00166801344788303,555.5752032,737.4866119,1367.64,0.709258106,391.04066879826587
1669,874.556,0.708942492110411,1.52049571639607,1749.112,2017_yk_256,Yukon,2016,0.709208671489069,1.53866739708715,-0.00138144127697126,555.5752032,737.4866119,1367.64,0.709258106,391.04066879826587
1670,875.08,0.708906875858394,1.51921627415807,1750.16,2017_yk_256,Yukon,2016,0.709196660924772,1.537111797765,-0.00155559932214877,555.5752032,737.4866119,1367.64,0.709258106,391.04066879826587
1671,875.604,0.708565624874782,1.54378940718193,1751.208,2017_yk_256,Yukon,2016,0.7092036994569,1.53587589313777,-0.00123590462723211,555.5752032,737.4866119,1367.64,0.709258106,391.04066879826587
1672,876.128,0.707955488118536,1.55414027453737,1752.256,2017_yk_256,Yukon,2016,0.709199385385858,1.53395750647359,-0.00191838666417476,555.5752032,737.4866119,1367.64,0.709258106,391.04066879826587
1673,876.652,0.708894586109578,1.50436784864143,1753.304,2017_yk_256,Yukon,2016,0.709197236016178,1.53244715724246,-0.00151034923113658,555.5752032,737.4866119,1367.64,0.709258106,391.04066879826587
1674,877.176,0.710233997538897,1.49347147974445,1754.352,2017_yk_256,Yukon,2016,0.709208253579649,1.53052653757799,-0.00192061966446411,555.5752032,737.4866119,1367.64,0.709258106,391.04066879826587
1675,877.7,0.709514487483942,1.54850631006913,1755.4,2017_yk_256,Yukon,2016,0.709229720644183,1.52930685828027,-0.00121967929772038,555.5752032,737.4866119,1367.64,0.709258106,391.04066879826587
1676,878.224,0.709303948294838,1.55691079661955,1756.448,2017_yk_256,Yukon,2016,0.709235021479316,1.52794249223163,-0.00136436604864176,555.5752032,737.4866119,1367.64,0.709258106,391.04066879826587
1677,878.748,0.709258568099545,1.52076761352634,1757.496,2017_yk_256,Yukon,2016,0.709194679923238,1.52537234235098,-0.00257014988065052,555.5752032,737.4866119,1367.64,0.709258106,391.04066879826587
1678,879.272,0.710202489324902,1.49546398077584,1758.544,2017_yk_256,Yukon,2016,0.709161480894797,1.52291835376699,-0.00245398858398871,555.5752032,737.4866119,1367.64,0.709258106,391.04066879826587
1679,879.796,0.709652523731056,1.50772610327162,1759.592,2017_yk_256,Yukon,2016,0.709171876302524,1.52141372114862,-0.00150463261837008,555.5752032,737.4866119,1367.64,0.709258106,391.04066879826587
1680,880.32,0.708474694147471,1.47108147265232,1760.64,2017_yk_256,Yukon,2016,0.709168934240862,1.52137517357223,-3.85475763926557e-5,555.5752032,737.4866119,1367.64,0.709258106,391.04066879826587
1681,880.844,0.708751242845154,1.5098189875978,1761.688,2017_yk_256,Yukon,2016,0.709168164889566,1.52073451886059,-6.4065471163998e-4,555.5752032,737.4866119,1367.64,0.709258106,391.04066879826587
1682,881.368,0.708893512298588,1.52929690959504,1762.736,2017_yk_256,Yukon,2016,0.709169400425951,1.51891227882767,-0.00182224003292242,555.5752032,737.4866119,1367.64,0.709258106,391.04066879826587
1683,881.892,0.709648294469997,1.48045187192937,1763.784,2017_yk_256,Yukon,2016,0.709169735515287,1.51710584017891,-0.00180643864875396,555.5752032,737.4866119,1367.64,0.709258106,391.04066879826587
1684,882.416,0.709097578239313,1.5003825229235,1764.832,2017_yk_256,Yukon,2016,0.709189129442347,1.51573812396709,-0.00136771621181797,555.5752032,737.4866119,1367.64,0.709258106,391.04066879826587
1685,882.94,0.709911754547573,1.53302325376618,1765.88,2017_yk_256,Yukon,2016,0.709207708529241,1.51512021310774,-6.179108593558e-4,555.5752032,737.4866119,1367.64,0.709258106,391.04066879826587
1686,883.464,0.710163976522209,1.52118071430532,1766.928,2017_yk_256,Yukon,2016,0.70921126606841,1.51506593465813,-5.42784496078141e-5,555.5752032,737.4866119,1367.64,0.709258106,391.04066879826587
1687,883.988,0.709261973286333,1.5051921965566,1767.976,2017_yk_256,Yukon,2016,0.709201741333058,1.5140090354605,-0.00105689919763363,555.5752032,737.4866119,1367.64,0.709258106,391.04066879826587
1688,884.512,0.708620078259567,1.53306771546414,1769.024,2017_yk_256,Yukon,2016,0.709206803379348,1.5125316414087,-0.00147739405180025,555.5752032,737.4866119,1367.64,0.709258106,391.04066879826587
1689,885.036,0.709713988501425,1.53270240781346,1770.072,2017_yk_256,Yukon,2016,0.709212767084166,1.5112737083399,-0.00125793306879496,555.5752032,737.4866119,1367.64,0.709258106,391.04066879826587
1690,885.56,0.709540291522874,1.54789886702688,1771.12,2017_yk_256,Yukon,2016,0.709223015350971,1.51010226186562,-0.00117144647428225,555.5752032,737.4866119,1367.64,0.709258106,391.04066879826587
1691,886.084,0.709881608626286,1.53555054247833,1772.168,2017_yk_256,Yukon,2016,0.709225078038786,1.50924172763392,-8.6053423169674e-4,555.5752032,737.4866119,1367.64,0.709258106,391.04066879826587
1692,886.608,0.708460285095664,1.53517800027745,1773.216,2017_yk_256,Yukon,2016,0.709210037942994,1.50835359709255,-8.8813054137393e-4,555.5752032,737.4866119,1367.64,0.709258106,391.04066879826587
1693,887.132,0.70920534453908,1.51216453331157,1774.264,2017_yk_256,Yukon,2016,0.709192854573874,1.50723299852958,-0.00112059856297186,555.5752032,737.4866119,1367.64,0.709258106,391.04066879826587
1694,887.656,0.709629328406549,1.46563361576602,1775.312,2017_yk_256,Yukon,2016,0.709197368337845,1.50607820618823,-0.00115479234134885,555.5752032,737.4866119,1367.64,0.709258106,391.04066879826587
1695,888.18,0.709933562676425,1.50189606535473,1776.36,2017_yk_256,Yukon,2016,0.709214635292301,1.50647554912789,3.9734293965687e-4,555.5752032,737.4866119,1367.64,0.709258106,391.04066879826587
1696,888.704,0.708875001339451,1.43994944502485,1777.408,2017_yk_256,Yukon,2016,0.709234749545363,1.50641129870047,-6.42504274177558e-5,555.5752032,737.4866119,1367.64,0.709258106,391.04066879826587
1697,889.228,0.708672346376458,1.47473707946331,1778.456,2017_yk_256,Yukon,2016,0.709238374384916,1.50628689974083,-1.2439895964155e-4,555.5752032,737.4866119,1367.64,0.709258106,391.04066879826587
1698,889.752,0.709623129924468,1.46827871587604,1779.504,2017_yk_256,Yukon,2016,0.709236581350454,1.5072575976112501,9.7069787042269e-4,555.5752032,737.4866119,1367.64,0.709258106,391.04066879826587
1699,890.276,0.709360933855314,1.49100314359116,1780.552,2017_yk_256,Yukon,2016,0.709258368074009,1.50843455030028,0.00117695268902707,555.5752032,737.4866119,1367.64,0.709258106,391.04066879826587
1700,890.8,0.708605832130226,1.46430239325807,1781.6,2017_yk_256,Yukon,2016,0.709247497114224,1.5096712085029,0.00123665820261909,555.5752032,737.4866119,1367.64,0.709258106,391.04066879826587
1701,891.324,0.70954133809122,1.47764089382119,1782.648,2017_yk_256,Yukon,2016,0.709245088394336,1.50954724761619,-1.2396088670474e-4,555.5752032,737.4866119,1367.64,0.709258106,391.04066879826587
1702,891.848,0.708992937554594,1.45624116382673,1783.696,2017_yk_256,Yukon,2016,0.70927734459846,1.50939054132648,-1.5670628971276e-4,555.5752032,737.4866119,1367.64,0.709258106,391.04066879826587
1703,892.372,0.708130260367998,1.48512080747346,1784.744,2017_yk_256,Yukon,2016,0.709291150406566,1.50998021474915,5.8967342267113e-4,555.5752032,737.4866119,1367.64,0.709258106,391.04066879826587
1704,892.896,0.710056848059875,1.46703299874199,1785.792,2017_yk_256,Yukon,2016,0.709284495777439,1.51091725668916,9.3704194001209e-4,555.5752032,737.4866119,1367.64,0.709258106,391.04066879826587
1705,893.42,0.709733471417842,1.46915012470656,1786.84,2017_yk_256,Yukon,2016,0.709273077024575,1.51035274084761,-5.6451584155325e-4,555.5752032,737.4866119,1367.64,0.709258106,391.04066879826587
1706,893.944,0.709231768513693,1.5041460072873,1787.888,2017_yk_256,Yukon,2016,0.709270699077098,1.50977884315231,-5.7389769530003e-4,555.5752032,737.4866119,1367.64,0.709258106,391.04066879826587
1707,894.468,0.707976843544334,1.46563361576602,1788.936,2017_yk_256,Yukon,2016,0.709265306127719,1.50947956586163,-2.9927729068068e-4,555.5752032,737.4866119,1367.64,0.709258106,391.04066879826587
1708,894.992,0.707747013615132,1.47240714659686,1789.984,2017_yk_256,Yukon,2016,0.70924077330237,1.50940320183509,-7.63640265333265e-5,555.5752032,737.4866119,1367.64,0.709258106,391.04066879826587
1709,895.516,0.709637718666076,1.46559863542349,1791.032,2017_yk_256,Yukon,2016,0.709218962814386,1.50883498658321,-5.6821525188577e-4,555.5752032,737.4866119,1367.64,0.709258106,391.04066879826587
1710,896.04,0.709453591570044,1.53589543471494,1792.08,2017_yk_256,Yukon,2016,0.709229628429376,1.50893739267313,1.0240608992284e-4,555.5752032,737.4866119,1367.64,0.709258106,391.04066879826587
1711,896.564,0.708834470136821,1.53151864348058,1793.128,2017_yk_256,Yukon,2016,0.709253287316957,1.50860995460632,-3.2743806681034e-4,555.5752032,737.4866119,1367.64,0.709258106,391.04066879826587
1712,897.088,0.709003826951183,1.51162018333229,1794.176,2017_yk_256,Yukon,2016,0.709244794644839,1.50776800644738,-8.4194815893812e-4,555.5752032,737.4866119,1367.64,0.709258106,391.04066879826587
1713,897.612,0.710095539678477,1.48838515945419,1795.224,2017_yk_256,Yukon,2016,0.709225192546825,1.50871445310351,9.464466561273e-4,555.5752032,737.4866119,1367.64,0.709258106,391.04066879826587
1714,898.136,0.709908151902752,1.49387158684059,1796.272,2017_yk_256,Yukon,2016,0.70922288989052,1.50924523582099,5.307827174803e-4,555.5752032,737.4866119,1367.64,0.709258106,391.04066879826587
1715,898.66,0.709415288961326,1.50522509527713,1797.32,2017_yk_256,Yukon,2016,0.709209859277036,1.5094206785079,1.7544268691449e-4,555.5752032,737.4866119,1367.64,0.709258106,391.04066879826587
1716,899.184,0.709297187233025,1.5195126370452,1798.368,2017_yk_256,Yukon,2016,0.709189027642025,1.50946792065108,4.72421431734205e-5,555.5752032,737.4866119,1367.64,0.709258106,391.04066879826587
1717,899.708,0.708468315618957,1.52030834105096,1799.416,2017_yk_256,Yukon,2016,0.709186207294145,1.50987417056737,4.0624991629423e-4,555.5752032,737.4866119,1367.64,0.709258106,391.04066879826587
1718,900.232,0.709481805956884,1.49533532835592,1800.464,2017_yk_256,Yukon,2016,0.709192510490315,1.50992034694437,4.6176377001439e-5,555.5752032,737.4866119,1367.64,0.709258106,391.04066879826587
1719,900.756,0.709417979662252,1.51114855025513,1801.512,2017_yk_256,Yukon,2016,0.709180751477588,1.50986474093971,-5.56060046619233e-5,555.5752032,737.4866119,1367.64,0.709258106,391.04066879826587
1720,901.28,0.709163895341624,1.50297275629864,1802.56,2017_yk_256,Yukon,2016,0.709154657331275,1.50949939565213,-3.6534528758069e-4,555.5752032,737.4866119,1367.64,0.709258106,391.04066879826587
1721,901.804,0.709098416934904,1.50177456749599,1803.608,2017_yk_256,Yukon,2016,0.709144750046643,1.50969081491978,1.9141926764665e-4,555.5752032,737.4866119,1367.64,0.709258106,391.04066879826587
1722,902.328,0.708275660315363,1.48287566497992,1804.656,2017_yk_256,Yukon,2016,0.709161014582859,1.50966981752539,-2.0997394386546e-5,555.5752032,737.4866119,1367.64,0.709258106,391.04066879826587
1723,902.852,0.708910907099821,1.50197096550898,1805.704,2017_yk_256,Yukon,2016,0.709156723755914,1.51019384590735,5.2402838196141e-4,555.5752032,737.4866119,1367.64,0.709258106,391.04066879826587
1724,903.376,0.709648503090535,1.5197793646495,1806.752,2017_yk_256,Yukon,2016,0.70914241184301,1.51151638951771,0.00132254361036099,555.5752032,737.4866119,1367.64,0.709258106,391.04066879826587
1725,903.9,0.710669935976018,1.56383910176299,1807.8,2017_yk_256,Yukon,2016,0.709132235791237,1.51176832142712,2.5193190940742e-4,555.5752032,737.4866119,1367.64,0.709258106,391.04066879826587
1726,904.424,0.709906322152485,1.54533522341935,1808.848,2017_yk_256,Yukon,2016,0.709148378602663,1.51280319940392,0.00103487797679835,555.5752032,737.4866119,1367.64,0.709258106,391.04066879826587
1727,904.948,0.709121975633932,1.53279425185901,1809.896,2017_yk_256,Yukon,2016,0.709148667397146,1.51352444294803,7.2124354411107e-4,555.5752032,737.4866119,1367.64,0.709258106,391.04066879826587
1728,905.472,0.709219067824813,1.5906753482961,1810.944,2017_yk_256,Yukon,2016,0.709141737102143,1.51454165726662,0.00101721431858848,555.5752032,737.4866119,1367.64,0.709258106,391.04066879826587
1729,905.996,0.710249695523709,1.5911128777377,1811.992,2017_yk_256,Yukon,2016,0.709136661892284,1.5150219159818,4.8025871517842e-4,555.5752032,737.4866119,1367.64,0.709258106,391.04066879826587
1730,906.52,0.708254618271255,1.59341576631522,1813.04,2017_yk_256,Yukon,2016,0.709148988860669,1.51534526453701,3.2334855521121e-4,555.5752032,737.4866119,1367.64,0.709258106,391.04066879826587
1731,907.044,0.708421101681556,1.53635175397965,1814.088,2017_yk_256,Yukon,2016,0.70915846201431,1.51547228918739,1.2702465038261e-4,555.5752032,737.4866119,1367.64,0.709258106,391.04066879826587
1732,907.568,0.709890860365965,1.54473789715459,1815.136,2017_yk_256,Yukon,2016,0.709156666985089,1.51629133258071,8.190433933195e-4,555.5752032,737.4866119,1367.64,0.709258106,391.04066879826587
1733,908.092,0.709722934595909,1.53974825400171,1816.184,2017_yk_256,Yukon,2016,0.709170642565853,1.51692870407103,6.3737149032427e-4,555.5752032,737.4866119,1367.64,0.709258106,391.04066879826587
1734,908.616,0.70983471979129,1.54969399614518,1817.232,2017_yk_256,Yukon,2016,0.70917243033243,1.5174222532994,4.9354922836175e-4,555.5752032,737.4866119,1367.64,0.709258106,391.04066879826587
1735,909.14,0.708829362312099,1.51463535957593,1818.28,2017_yk_256,Yukon,2016,0.709161151342341,1.5176124685826,1.9021528319962e-4,555.5752032,737.4866119,1367.64,0.709258106,391.04066879826587
1736,909.664,0.709161271446218,1.52247693490155,1819.328,2017_yk_256,Yukon,2016,0.709160165958811,1.51776847375019,1.560051675955e-4,555.5752032,737.4866119,1367.64,0.709258106,391.04066879826587
1737,910.188,0.708934991136829,1.50281097608549,1820.376,2017_yk_256,Yukon,2016,0.709183180804096,1.51864607829345,8.7760454325658e-4,555.5752032,737.4866119,1367.64,0.709258106,391.04066879826587
1738,910.712,0.708730519803941,1.49088213918383,1821.424,2017_yk_256,Yukon,2016,0.709204379569087,1.51919081621772,5.4473792426801e-4,555.5752032,737.4866119,1367.64,0.709258106,391.04066879826587
1739,911.236,0.708343894452015,1.47363318815848,1822.472,2017_yk_256,Yukon,2016,0.709198068767458,1.52004391663626,8.5310041854058e-4,555.5752032,737.4866119,1367.64,0.709258106,391.04066879826587
1740,911.76,0.709114631046872,1.4772258380477,1823.52,2017_yk_256,Yukon,2016,0.709189281359803,1.5195867335646,-4.5718307165998e-4,555.5752032,737.4866119,1367.64,0.709258106,391.04066879826587
1741,912.284,0.710170776099985,1.49017270358917,1824.568,2017_yk_256,Yukon,2016,0.709202703276668,1.51905172037073,-5.3501319386617e-4,555.5752032,737.4866119,1367.64,0.709258106,391.04066879826587
1742,912.808,0.708383951971498,1.47878002005876,1825.616,2017_yk_256,Yukon,2016,0.709210473057585,1.51883068734193,-2.210330288026e-4,555.5752032,737.4866119,1367.64,0.709258106,391.04066879826587
1743,913.332,0.708472168589155,1.53723867129701,1826.664,2017_yk_256,Yukon,2016,0.709187000802656,1.51889560833255,6.49209906222747e-5,555.5752032,737.4866119,1367.64,0.709258106,391.04066879826587
1744,913.856,0.708959418861068,1.5322294859723,1827.712,2017_yk_256,Yukon,2016,0.709177383394289,1.51927099621363,3.7538788107749e-4,555.5752032,737.4866119,1367.64,0.709258106,391.04066879826587
1745,914.38,0.709129917738525,1.54354981498105,1828.76,2017_yk_256,Yukon,2016,0.709175993873912,1.5196180457809,3.470495672706e-4,555.5752032,737.4866119,1367.64,0.709258106,391.04066879826587
1746,914.904,0.708914078421526,1.52401524289573,1829.808,2017_yk_256,Yukon,2016,0.709178085523117,1.51995609819352,3.3805241261841e-4,555.5752032,737.4866119,1367.64,0.709258106,391.04066879826587
1747,915.428,0.709092752413538,1.52956719153425,1830.856,2017_yk_256,Yukon,2016,0.709199703779417,1.5193864768188,-5.6962137472127e-4,555.5752032,737.4866119,1367.64,0.709258106,391.04066879826587
1748,915.952,0.708998270029732,1.53583829808423,1831.904,2017_yk_256,Yukon,2016,0.709189295755518,1.51933851321625,-4.79636025410013e-5,555.5752032,737.4866119,1367.64,0.709258106,391.04066879826587
1749,916.476,0.709008447737797,1.52936604753374,1832.952,2017_yk_256,Yukon,2016,0.709193297263374,1.51914841759278,-1.9009562347527e-4,555.5752032,737.4866119,1367.64,0.709258106,391.04066879826587
1750,917,0.707974642744124,1.52597814977203,1834,2017_yk_256,Yukon,2016,0.709192485357445,1.51835455892774,-7.9385866503778e-4,555.5752032,737.4866119,1367.64,0.709258106,391.04066879826587
1751,917.524,0.709287171548347,1.54703569853713,1835.048,2017_yk_256,Yukon,2016,0.709205546260458,1.51816704193761,-1.8751699013575e-4,555.5752032,737.4866119,1367.64,0.709258106,391.04066879826587
1752,918.048,0.709436157268627,1.53391815661426,1836.096,2017_yk_256,Yukon,2016,0.709219912084338,1.51877688478128,6.0984284367315e-4,555.5752032,737.4866119,1367.64,0.709258106,391.04066879826587
1753,918.572,0.708947894922402,1.54360623622927,1837.144,2017_yk_256,Yukon,2016,0.709227035483141,1.51917686496214,3.9998018086318e-4,555.5752032,737.4866119,1367.64,0.709258106,391.04066879826587
1754,919.096,0.708770613632304,1.54498623238769,1838.192,2017_yk_256,Yukon,2016,0.709238091968518,1.51891620495973,-2.6066000241065e-4,555.5752032,737.4866119,1367.64,0.709258106,391.04066879826587
1755,919.62,0.709322999570019,1.51701197991917,1839.24,2017_yk_256,Yukon,2016,0.709217348978172,1.51771310434098,-0.00120310061875606,555.5752032,737.4866119,1367.64,0.709258106,391.04066879826587
1756,920.144,0.709843570025012,1.50204212363274,1840.288,2017_yk_256,Yukon,2016,0.709202025962415,1.51714538347677,-5.6772086420431e-4,555.5752032,737.4866119,1367.64,0.709258106,391.04066879826587
1757,920.668,0.708689674045492,1.51801169210999,1841.336,2017_yk_256,Yukon,2016,0.709206028262363,1.51696415756599,-1.8122591077962e-4,555.5752032,737.4866119,1367.64,0.709258106,391.04066879826587
1758,921.192,0.709207312224276,1.52931157499134,1842.384,2017_yk_256,Yukon,2016,0.709205735600412,1.51608863502259,-8.755225433974e-4,555.5752032,737.4866119,1367.64,0.709258106,391.04066879826587
1759,921.716,0.70905642126375,1.51981866650187,1843.432,2017_yk_256,Yukon,2016,0.709173805456359,1.51505723059963,-0.00103140442296179,555.5752032,737.4866119,1367.64,0.709258106,391.04066879826587
1760,922.24,0.70934545023334,1.48370330657076,1844.48,2017_yk_256,Yukon,2016,0.709185091493866,1.51399242416036,-0.0010648064392762,555.5752032,737.4866119,1367.64,0.709258106,391.04066879826587
1761,922.764,0.710109727309681,1.48526237284415,1845.528,2017_yk_256,Yukon,2016,0.709198914884006,1.5133695193318,-6.2290482855109e-4,555.5752032,737.4866119,1367.64,0.709258106,391.04066879826587
1762,923.288,0.708885235801324,1.5053837674259,1846.576,2017_yk_256,Yukon,2016,0.709182289991822,1.51265890104685,-7.1061828495322e-4,555.5752032,737.4866119,1367.64,0.709258106,391.04066879826587
1763,923.812,0.708968795213844,1.52336309689293,1847.624,2017_yk_256,Yukon,2016,0.709172980271494,1.51260882989803,-5.0071148823605e-5,555.5752032,737.4866119,1367.64,0.709258106,391.04066879826587
1764,924.336,0.710164114054503,1.49664595244369,1848.672,2017_yk_256,Yukon,2016,0.70916120813255,1.51230197094389,-3.0685895414173e-4,555.5752032,737.4866119,1367.64,0.709258106,391.04066879826587
1765,924.86,0.709056732012527,1.48056304169854,1849.72,2017_yk_256,Yukon,2016,0.709179294936354,1.5129160056747,6.1403473081078e-4,555.5752032,737.4866119,1367.64,0.709258106,391.04066879826587
1766,925.384,0.709172645501858,1.51350631734302,1850.768,2017_yk_256,Yukon,2016,0.70918987417874,1.51310408394606,1.880782713628e-4,555.5752032,737.4866119,1367.64,0.709258106,391.04066879826587
1767,925.908,0.70935773426146,1.51828988836142,1851.816,2017_yk_256,Yukon,2016,0.709177225344275,1.51369726809011,5.9318414405318e-4,555.5752032,737.4866119,1367.64,0.709258106,391.04066879826587
1768,926.432,0.709018939514549,1.50509142205294,1852.864,2017_yk_256,Yukon,2016,0.709183110967764,1.51457597497016,8.7870688004954e-4,555.5752032,737.4866119,1367.64,0.709258106,391.04066879826587
1769,926.956,0.709259070568357,1.51678466053592,1853.912,2017_yk_256,Yukon,2016,0.709204257870926,1.51546206381398,8.8608884381424e-4,555.5752032,737.4866119,1367.64,0.709258106,391.04066879826587
1770,927.48,0.708926347110725,1.50846445041534,1854.96,2017_yk_256,Yukon,2016,0.70922333244401,1.51606929851608,6.0723470210111e-4,555.5752032,737.4866119,1367.64,0.709258106,391.04066879826587
1771,928.004,0.709639785148708,1.49941785184862,1856.008,2017_yk_256,Yukon,2016,0.709225446496544,1.51678108361503,7.1178509895197e-4,555.5752032,737.4866119,1367.64,0.709258106,391.04066879826587
1772,928.528,0.709470013806261,1.49835820160413,1857.056,2017_yk_256,Yukon,2016,0.709238020484883,1.51776880941216,9.8772579713091e-4,555.5752032,737.4866119,1367.64,0.709258106,391.04066879826587
1773,929.052,0.708687204382718,1.49228041889154,1858.104,2017_yk_256,Yukon,2016,0.709246996672633,1.5159242944333,-0.00184451497886262,555.5752032,737.4866119,1367.64,0.709258106,391.04066879826587
1774,929.576,0.709331107400706,1.51639485970523,1859.152,2017_yk_256,Yukon,2016,0.709230936201549,1.50211889297921,-0.0138054014540887,555.5752032,737.4866119,1367.64,0.709258106,391.04066879826587
1775,930.1,0.709331917738712,1.52604806931337,1860.2,2017_yk_256,Yukon,2016,0.709314344348168,1.48023061781309,-0.0218882751661151,555.5752032,737.4866119,1367.64,0.709258106,391.04066879826587
1776,930.624,0.70942268618531,1.5397957818023,1861.248,2017_yk_256,Yukon,2016,NA,NA,NA,555.5752032,737.4866119,1367.64,0.709258106,391.04066879826587
1777,931.148,0.709765410996978,1.48613105856768,1862.296,2017_yk_256,Yukon,2016,NA,NA,NA,555.5752032,737.4866119,1367.64,0.709258106,391.04066879826587
1778,931.672,0.708857324522948,1.49245751220345,1863.344,2017_yk_256,Yukon,2016,NA,NA,NA,555.5752032,737.4866119,1367.64,0.709258106,391.04066879826587
1779,932.196,0.709658070133605,1.49974281284663,1864.392,2017_yk_256,Yukon,2016,NA,NA,NA,555.5752032,737.4866119,1367.64,0.709258106,391.04066879826587
1780,932.72,0.709115180985902,1.45534123639638,1865.44,2017_yk_256,Yukon,2016,NA,NA,NA,555.5752032,737.4866119,1367.64,0.709258106,391.04066879826587
1781,933.244,0.709882071115659,1.49052354808784,1866.488,2017_yk_256,Yukon,2016,NA,NA,NA,555.5752032,737.4866119,1367.64,0.709258106,391.04066879826587
1782,933.768,0.709137609748204,1.51946623560032,1867.536,2017_yk_256,Yukon,2016,NA,NA,NA,555.5752032,737.4866119,1367.64,0.709258106,391.04066879826587
1783,934.292,0.709338311027984,1.52596977636078,1868.584,2017_yk_256,Yukon,2016,NA,NA,NA,555.5752032,737.4866119,1367.64,0.709258106,391.04066879826587
1784,934.816,0.710311892213137,1.50413976450485,1869.632,2017_yk_256,Yukon,2016,NA,NA,NA,555.5752032,737.4866119,1367.64,0.709258106,391.04066879826587
1785,935.34,0.70942535655527,1.49165306463763,1870.68,2017_yk_256,Yukon,2016,NA,NA,NA,555.5752032,737.4866119,1367.64,0.709258106,391.04066879826587
1786,935.864,0.708986941207056,1.51127197156708,1871.728,2017_yk_256,Yukon,2016,NA,NA,NA,555.5752032,737.4866119,1367.64,0.709258106,391.04066879826587
1787,936.388,0.709362113630816,1.52192069721223,1872.776,2017_yk_256,Yukon,2016,NA,NA,NA,555.5752032,737.4866119,1367.64,0.709258106,391.04066879826587
1788,936.912,0.70920150810775,1.53814399569225,1873.824,2017_yk_256,Yukon,2016,NA,NA,NA,555.5752032,737.4866119,1367.64,0.709258106,391.04066879826587
1789,937.436,0.708333886880531,1.52922861236,1874.872,2017_yk_256,Yukon,2016,NA,NA,NA,555.5752032,737.4866119,1367.64,0.709258106,391.04066879826587
1790,937.96,0.708931780521688,1.52952737995863,1875.92,2017_yk_256,Yukon,2016,NA,NA,NA,555.5752032,737.4866119,1367.64,0.709258106,391.04066879826587
1791,938.484,0.709250505089971,1.49897746426659,1876.968,2017_yk_256,Yukon,2016,NA,NA,NA,555.5752032,737.4866119,1367.64,0.709258106,391.04066879826587
1792,939.008,0.7088933668349,1.5021008000574,1878.016,2017_yk_256,Yukon,2016,NA,NA,NA,555.5752032,737.4866119,1367.64,0.709258106,391.04066879826587
1793,939.532,0.709164351376226,1.53674398507229,1879.064,2017_yk_256,Yukon,2016,NA,NA,NA,555.5752032,737.4866119,1367.64,0.709258106,391.04066879826587
1794,940.056,0.709128391454655,1.53128245889668,1880.112,2017_yk_256,Yukon,2016,NA,NA,NA,555.5752032,737.4866119,1367.64,0.709258106,391.04066879826587
1795,940.58,0.709914570540328,1.55147744342459,1881.16,2017_yk_256,Yukon,2016,NA,NA,NA,555.5752032,737.4866119,1367.64,0.709258106,391.04066879826587
1796,941.104,0.70979602598942,1.53376163118332,1882.208,2017_yk_256,Yukon,2016,NA,NA,NA,555.5752032,737.4866119,1367.64,0.709258106,391.04066879826587
1797,941.628,0.708176061068902,1.53840202472869,1883.256,2017_yk_256,Yukon,2016,NA,NA,NA,555.5752032,737.4866119,1367.64,0.709258106,391.04066879826587
1798,942.152,0.709083657213269,1.5436045519868,1884.304,2017_yk_256,Yukon,2016,NA,NA,NA,555.5752032,737.4866119,1367.64,0.709258106,391.04066879826587
1799,942.676,0.709612708641756,1.52679851878734,1885.352,2017_yk_256,Yukon,2016,NA,NA,NA,555.5752032,737.4866119,1367.64,0.709258106,391.04066879826587
1800,943.2,0.710259105431914,1.51365992017376,1886.4,2017_yk_256,Yukon,2016,NA,NA,NA,555.5752032,737.4866119,1367.64,0.709258106,391.04066879826587
1801,943.724,0.710297619252026,1.5328798095263,1887.448,2017_yk_256,Yukon,2016,NA,NA,NA,555.5752032,737.4866119,1367.64,0.709258106,391.04066879826587
1802,944.248,0.70913839127185,1.53804356788661,1888.496,2017_yk_256,Yukon,2016,NA,NA,NA,555.5752032,737.4866119,1367.64,0.709258106,391.04066879826587
1803,944.772,0.709010739854154,1.42656777256525,1889.544,2017_yk_256,Yukon,2016,NA,NA,NA,555.5752032,737.4866119,1367.64,0.709258106,391.04066879826587
1804,945.296,0.707995790596016,0.703905398726988,1890.592,2017_yk_256,Yukon,2016,NA,NA,NA,555.5752032,737.4866119,1367.64,0.709258106,391.04066879826587
1805,945.82,0.714134406535666,0.230253305014124,1891.64,2017_yk_256,Yukon,2016,NA,NA,NA,555.5752032,737.4866119,1367.64,0.709258106,391.04066879826587
