Cycle,Time,Iso,Sr88,Microns,Fish_id,Watershed,Year,Iso_MA,Sr88_MA,Sr88_MA_Gradient,natal_microns_start,natal_microns_end,marine_start,natal_origin_iso,Core
57,29.868,0.710689848439891,0.81646492584366,59.736,2017_yk_348,Yukon,2016,NA,NA,NA,339.945649,500.9051851,954.728,0.708949002,238.25850491803286
58,30.392,0.709518514706601,1.74186512268856,60.784,2017_yk_348,Yukon,2016,NA,NA,NA,339.945649,500.9051851,954.728,0.708949002,238.25850491803286
59,30.916,0.709995717894754,1.65206969419666,61.832,2017_yk_348,Yukon,2016,NA,NA,NA,339.945649,500.9051851,954.728,0.708949002,238.25850491803286
60,31.44,0.709578447585733,1.46769755426758,62.88,2017_yk_348,Yukon,2016,NA,NA,NA,339.945649,500.9051851,954.728,0.708949002,238.25850491803286
61,31.964,0.709294664819054,1.31430638868237,63.928,2017_yk_348,Yukon,2016,NA,NA,NA,339.945649,500.9051851,954.728,0.708949002,238.25850491803286
62,32.488,0.709651294631736,1.196682454943,64.976,2017_yk_348,Yukon,2016,NA,NA,NA,339.945649,500.9051851,954.728,0.708949002,238.25850491803286
63,33.012,0.708551427048947,1.13790980794621,66.024,2017_yk_348,Yukon,2016,NA,NA,NA,339.945649,500.9051851,954.728,0.708949002,238.25850491803286
64,33.536,0.710039452565452,1.09359185276965,67.072,2017_yk_348,Yukon,2016,NA,NA,NA,339.945649,500.9051851,954.728,0.708949002,238.25850491803286
65,34.06,0.709473929475231,1.0622113396486,68.12,2017_yk_348,Yukon,2016,NA,NA,NA,339.945649,500.9051851,954.728,0.708949002,238.25850491803286
66,34.584,0.709669850184451,1.03149215048408,69.168,2017_yk_348,Yukon,2016,NA,NA,NA,339.945649,500.9051851,954.728,0.708949002,238.25850491803286
67,35.108,0.709192728667176,0.96779417889358,70.216,2017_yk_348,Yukon,2016,NA,NA,NA,339.945649,500.9051851,954.728,0.708949002,238.25850491803286
68,35.632,0.709425122900712,0.917528037309298,71.264,2017_yk_348,Yukon,2016,NA,NA,NA,339.945649,500.9051851,954.728,0.708949002,238.25850491803286
69,36.156,0.709895201590832,0.900658945995546,72.312,2017_yk_348,Yukon,2016,NA,NA,NA,339.945649,500.9051851,954.728,0.708949002,238.25850491803286
70,36.68,0.710107616697994,0.885887836873472,73.36,2017_yk_348,Yukon,2016,NA,NA,NA,339.945649,500.9051851,954.728,0.708949002,238.25850491803286
71,37.204,0.708900930309312,0.888579169132437,74.408,2017_yk_348,Yukon,2016,NA,NA,NA,339.945649,500.9051851,954.728,0.708949002,238.25850491803286
72,37.728,0.709843346503713,0.87369793656791,75.456,2017_yk_348,Yukon,2016,NA,NA,NA,339.945649,500.9051851,954.728,0.708949002,238.25850491803286
73,38.252,0.708928194624587,0.842785910109576,76.504,2017_yk_348,Yukon,2016,NA,NA,NA,339.945649,500.9051851,954.728,0.708949002,238.25850491803286
74,38.776,0.710937828938406,0.81403584563715,77.552,2017_yk_348,Yukon,2016,NA,NA,NA,339.945649,500.9051851,954.728,0.708949002,238.25850491803286
75,39.3,0.708847884633278,0.788277407858657,78.6,2017_yk_348,Yukon,2016,NA,NA,NA,339.945649,500.9051851,954.728,0.708949002,238.25850491803286
76,39.824,0.709909996055732,0.821898869158718,79.648,2017_yk_348,Yukon,2016,NA,NA,NA,339.945649,500.9051851,954.728,0.708949002,238.25850491803286
77,40.348,0.710663529528935,0.838486865297503,80.696,2017_yk_348,Yukon,2016,NA,NA,NA,339.945649,500.9051851,954.728,0.708949002,238.25850491803286
78,40.872,0.709551391699428,0.805674543989259,81.744,2017_yk_348,Yukon,2016,NA,NA,NA,339.945649,500.9051851,954.728,0.708949002,238.25850491803286
79,41.396,0.709279723592223,0.775971250241494,82.792,2017_yk_348,Yukon,2016,NA,NA,NA,339.945649,500.9051851,954.728,0.708949002,238.25850491803286
80,41.92,0.709557425126234,0.752918324001249,83.84,2017_yk_348,Yukon,2016,NA,NA,NA,339.945649,500.9051851,954.728,0.708949002,238.25850491803286
81,42.444,0.709094657650292,0.70114852232432,84.888,2017_yk_348,Yukon,2016,NA,NA,NA,339.945649,500.9051851,954.728,0.708949002,238.25850491803286
82,42.968,0.709603451168694,0.708260043971407,85.936,2017_yk_348,Yukon,2016,NA,NA,NA,339.945649,500.9051851,954.728,0.708949002,238.25850491803286
83,43.492,0.710215388331555,0.721127239576284,86.984,2017_yk_348,Yukon,2016,NA,NA,NA,339.945649,500.9051851,954.728,0.708949002,238.25850491803286
84,44.016,0.710869521610996,0.718989892807383,88.032,2017_yk_348,Yukon,2016,NA,NA,NA,339.945649,500.9051851,954.728,0.708949002,238.25850491803286
85,44.54,0.708779235283964,0.691676198199972,89.08,2017_yk_348,Yukon,2016,NA,NA,NA,339.945649,500.9051851,954.728,0.708949002,238.25850491803286
86,45.064,0.710272290824604,0.705774805770971,90.128,2017_yk_348,Yukon,2016,0.709470973897841,0.759799373395371,NA,339.945649,500.9051851,954.728,0.708949002,238.25850491803286
87,45.588,0.710171192261956,0.709902697370641,91.176,2017_yk_348,Yukon,2016,0.709452977008522,0.75444437957491,-0.00535499382046112,339.945649,500.9051851,954.728,0.708949002,238.25850491803286
88,46.112,0.70865085964331,0.697757607017843,92.224,2017_yk_348,Yukon,2016,0.709465879254868,0.733673781975656,-0.020770597599254,339.945649,500.9051851,954.728,0.708949002,238.25850491803286
89,46.636,0.70985969415118,0.684371890131272,93.272,2017_yk_348,Yukon,2016,0.709492414785895,0.714629240756025,-0.0190445412196311,339.945649,500.9051851,954.728,0.708949002,238.25850491803286
90,47.16,0.709795895345239,0.68498314258655,94.32,2017_yk_348,Yukon,2016,0.709498048505304,0.698419980270818,-0.0162092604852069,339.945649,500.9051851,954.728,0.708949002,238.25850491803286
91,47.684,0.707601805701941,0.666349711644443,95.368,2017_yk_348,Yukon,2016,0.709496721316366,0.684765952354581,-0.0136540279162373,339.945649,500.9051851,954.728,0.708949002,238.25850491803286
92,48.208,0.710688397329559,0.682088557454913,96.416,2017_yk_348,Yukon,2016,0.709509343374126,0.673649838537009,-0.0111161138175722,339.945649,500.9051851,954.728,0.708949002,238.25850491803286
93,48.732,0.709428660822715,0.644381196011629,97.464,2017_yk_348,Yukon,2016,0.709558448964741,0.66365970638243,-0.009990132154579,339.945649,500.9051851,954.728,0.708949002,238.25850491803286
94,49.256,0.710493209211515,0.629317564335725,98.512,2017_yk_348,Yukon,2016,0.709557505737022,0.655203468294285,-0.008456238088145,339.945649,500.9051851,954.728,0.708949002,238.25850491803286
95,49.78,0.708221270100836,0.618957934334838,99.56,2017_yk_348,Yukon,2016,0.709541613562375,0.646885967725476,-0.00831750056880876,339.945649,500.9051851,954.728,0.708949002,238.25850491803286
96,50.304,0.708966643177012,0.585406673843677,100.608,2017_yk_348,Yukon,2016,0.709543793129304,0.638853316642043,-0.00803265108343254,339.945649,500.9051851,954.728,0.708949002,238.25850491803286
97,50.828,0.707358414670553,0.567735215529221,101.656,2017_yk_348,Yukon,2016,0.709501938232796,0.631450527916917,-0.00740278872512612,339.945649,500.9051851,954.728,0.708949002,238.25850491803286
98,51.352,0.709476756128481,0.576267670593869,102.704,2017_yk_348,Yukon,2016,0.709523914708806,0.624854233430119,-0.00659629448679833,339.945649,500.9051851,954.728,0.708949002,238.25850491803286
99,51.876,0.708292807810647,0.561322735210828,103.752,2017_yk_348,Yukon,2016,0.709485036518263,0.618553652289556,-0.00630058114056242,339.945649,500.9051851,954.728,0.708949002,238.25850491803286
100,52.4,0.709266194863724,0.533688309254342,104.8,2017_yk_348,Yukon,2016,0.709491113820034,0.61260417291075,-0.00594947937880685,339.945649,500.9051851,954.728,0.708949002,238.25850491803286
101,52.924,0.7106455774458,0.53039591273197,105.848,2017_yk_348,Yukon,2016,0.7094923258955,0.606924584987064,-0.00567958792368517,339.945649,500.9051851,954.728,0.708949002,238.25850491803286
102,53.448,0.708608860376426,0.552638327712491,106.896,2017_yk_348,Yukon,2016,0.70948207091007,0.601190916482262,-0.00573366850480217,339.945649,500.9051851,954.728,0.708949002,238.25850491803286
103,53.972,0.708800406960221,0.53734975245594,107.944,2017_yk_348,Yukon,2016,0.709493472401647,0.596092356161352,-0.00509856032091005,339.945649,500.9051851,954.728,0.708949002,238.25850491803286
104,54.496,0.708454778001341,0.515062108693578,108.992,2017_yk_348,Yukon,2016,0.709473021539426,0.591605700536501,-0.00448665562485151,339.945649,500.9051851,954.728,0.708949002,238.25850491803286
105,55.02,0.709094874511197,0.512078995742907,110.04,2017_yk_348,Yukon,2016,0.709495245826002,0.587524776372341,-0.00408092416415995,339.945649,500.9051851,954.728,0.708949002,238.25850491803286
106,55.544,0.70811189059142,0.499043470975504,111.088,2017_yk_348,Yukon,2016,0.709504699474442,0.582769937150059,-0.0047548392222818104,339.945649,500.9051851,954.728,0.708949002,238.25850491803286
107,56.068,0.710871327512415,0.507431206008849,112.136,2017_yk_348,Yukon,2016,0.709491190507657,0.577955714494735,-0.00481422265532394,339.945649,500.9051851,954.728,0.708949002,238.25850491803286
108,56.592,0.708454038100849,0.508168996524239,113.184,2017_yk_348,Yukon,2016,0.709458787687548,0.573465672669811,-0.00449004182492363,339.945649,500.9051851,954.728,0.708949002,238.25850491803286
109,57.116,0.707387577357559,0.509341603937843,114.232,2017_yk_348,Yukon,2016,0.709473206992807,0.56952592892559,-0.00393974374422146,339.945649,500.9051851,954.728,0.708949002,238.25850491803286
110,57.64,0.710475443868828,0.496086600699961,115.28,2017_yk_348,Yukon,2016,0.709501693161518,0.565959616568179,-0.0035663123574105602,339.945649,500.9051851,954.728,0.708949002,238.25850491803286
111,58.164,0.711737713493604,0.505516177026286,116.328,2017_yk_348,Yukon,2016,0.709479538865717,0.563229697253427,-0.00272991931475286,339.945649,500.9051851,954.728,0.708949002,238.25850491803286
112,58.688,0.708998525558499,0.482278802967837,117.376,2017_yk_348,Yukon,2016,0.709441742307618,0.560206357353335,-0.00302333990009196,339.945649,500.9051851,954.728,0.708949002,238.25850491803286
113,59.212,0.709422909641811,0.488220640650121,118.424,2017_yk_348,Yukon,2016,0.709465246151444,0.556716979674535,-0.00348937767879942,339.945649,500.9051851,954.728,0.708949002,238.25850491803286
114,59.736,0.711001175009332,0.480291660747471,119.472,2017_yk_348,Yukon,2016,0.709426740183495,0.553682829383939,-0.00303415029059573,339.945649,500.9051851,954.728,0.708949002,238.25850491803286
115,60.26,0.70869856798134,0.485468476953831,120.52,2017_yk_348,Yukon,2016,0.709467427482154,0.550798260055131,-0.00288456932880798,339.945649,500.9051851,954.728,0.708949002,238.25850491803286
116,60.784,0.708884353150666,0.500595649387104,121.568,2017_yk_348,Yukon,2016,0.709476674931325,0.547875258493594,-0.00292300156153791,339.945649,500.9051851,954.728,0.708949002,238.25850491803286
117,61.308,0.709610035080728,0.495165296615993,122.616,2017_yk_348,Yukon,2016,0.709465381643456,0.544703788239781,-0.00317147025381259,339.945649,500.9051851,954.728,0.708949002,238.25850491803286
118,61.832,0.710292649487358,0.495629266733326,123.664,2017_yk_348,Yukon,2016,0.709537083069299,0.541673889135514,-0.0030298991042671,339.945649,500.9051851,954.728,0.708949002,238.25850491803286
119,62.356,0.711587849756391,0.509397221018794,124.712,2017_yk_348,Yukon,2016,0.709509142269129,0.538677564915612,-0.00299632421990181,339.945649,500.9051851,954.728,0.708949002,238.25850491803286
120,62.88,0.70991647075025,0.49514192515516,125.76,2017_yk_348,Yukon,2016,0.709513442575151,0.535821323173867,-0.00285624174174492,339.945649,500.9051851,954.728,0.708949002,238.25850491803286
121,63.404,0.709215033482781,0.495064713708133,126.808,2017_yk_348,Yukon,2016,0.709544668327734,0.533223742992788,-0.00259758018107947,339.945649,500.9051851,954.728,0.708949002,238.25850491803286
122,63.928,0.710408618097336,0.529715625888678,127.856,2017_yk_348,Yukon,2016,0.709520788829705,0.530526302722801,-0.00269744026998686,339.945649,500.9051851,954.728,0.708949002,238.25850491803286
123,64.452,0.711497762485876,0.538501878671466,128.904,2017_yk_348,Yukon,2016,0.709497799724502,0.52856614644516,-0.00196015627764123,339.945649,500.9051851,954.728,0.708949002,238.25850491803286
124,64.976,0.70998285890229,0.586217567480946,129.952,2017_yk_348,Yukon,2016,0.709462041962232,0.527039980781493,-0.00152616566366703,339.945649,500.9051851,954.728,0.708949002,238.25850491803286
125,65.5,0.70852039899643,0.563161305520074,131,2017_yk_348,Yukon,2016,0.709485842385048,0.525573194158496,-0.00146678662299682,339.945649,500.9051851,954.728,0.708949002,238.25850491803286
126,66.024,0.709800624200208,0.549533085478128,132.048,2017_yk_348,Yukon,2016,0.709534358967939,0.52455019447738,-0.00102299968111519,339.945649,500.9051851,954.728,0.708949002,238.25850491803286
127,66.548,0.706681434876644,0.523626855386013,133.096,2017_yk_348,Yukon,2016,0.709583905983574,0.523602709565365,-9.474849120159e-4,339.945649,500.9051851,954.728,0.708949002,238.25850491803286
128,67.072,0.71074371146136,0.521750368101394,134.144,2017_yk_348,Yukon,2016,0.709545430248066,0.522392560641889,-0.00121014892347571,339.945649,500.9051851,954.728,0.708949002,238.25850491803286
129,67.596,0.707562510158216,0.5226240775618,135.192,2017_yk_348,Yukon,2016,0.709554458977771,0.52139652911253,-9.9603152935878e-4,339.945649,500.9051851,954.728,0.708949002,238.25850491803286
130,68.12,0.710472254804293,0.528919074145054,136.24,2017_yk_348,Yukon,2016,0.709581825100681,0.520902189189192,-4.9433992333847e-4,339.945649,500.9051851,954.728,0.708949002,238.25850491803286
131,68.644,0.708973654837214,0.547803893711325,137.288,2017_yk_348,Yukon,2016,0.70956428130719,0.519998864467615,-9.033247215765e-4,339.945649,500.9051851,954.728,0.708949002,238.25850491803286
132,69.168,0.709228047377933,0.529677826279786,138.336,2017_yk_348,Yukon,2016,0.709604875925863,0.518748818298807,-0.00125004616880819,339.945649,500.9051851,954.728,0.708949002,238.25850491803286
133,69.692,0.709612284119207,0.53687229085497,139.384,2017_yk_348,Yukon,2016,0.709646170019114,0.517860002682297,-8.8881561650977e-4,339.945649,500.9051851,954.728,0.708949002,238.25850491803286
134,70.216,0.709710777205164,0.544836508146055,140.432,2017_yk_348,Yukon,2016,0.709669472989965,0.516801751259578,-0.00105825142271943,339.945649,500.9051851,954.728,0.708949002,238.25850491803286
135,70.74,0.710181341827841,0.543421958009059,141.48,2017_yk_348,Yukon,2016,0.709679906934895,0.515855407660347,-9.4634359923073e-4,339.945649,500.9051851,954.728,0.708949002,238.25850491803286
136,71.264,0.710477214962103,0.536608515821803,142.528,2017_yk_348,Yukon,2016,0.709727939323484,0.515453756220175,-4.0165144017234e-4,339.945649,500.9051851,954.728,0.708949002,238.25850491803286
137,71.788,0.709852991521842,0.549633505978073,143.576,2017_yk_348,Yukon,2016,0.709686437242455,0.515122605520229,-3.311506999456e-4,339.945649,500.9051851,954.728,0.708949002,238.25850491803286
138,72.312,0.707607222492882,0.536272034493835,144.624,2017_yk_348,Yukon,2016,0.709701459701836,0.514706581316463,-4.1602420376596e-4,339.945649,500.9051851,954.728,0.708949002,238.25850491803286
139,72.836,0.710144881907765,0.539586625588214,145.672,2017_yk_348,Yukon,2016,0.709732561391113,0.513651908024565,-0.00105467329189823,339.945649,500.9051851,954.728,0.708949002,238.25850491803286
140,73.36,0.711266595248898,0.538939582556616,146.72,2017_yk_348,Yukon,2016,0.709724743544576,0.512783002771938,-8.6890525262672e-4,339.945649,500.9051851,954.728,0.708949002,238.25850491803286
141,73.884,0.707765399902233,0.537353363439148,147.768,2017_yk_348,Yukon,2016,0.709739657649499,0.511919366694286,-8.6363607765205e-4,339.945649,500.9051851,954.728,0.708949002,238.25850491803286
142,74.408,0.707335657682777,0.526859649965887,148.816,2017_yk_348,Yukon,2016,0.709762232705738,0.511347837935108,-5.7152875917776e-4,339.945649,500.9051851,954.728,0.708949002,238.25850491803286
143,74.932,0.711625618961125,0.51176457884832,149.864,2017_yk_348,Yukon,2016,0.709747330979335,0.510725336302163,-6.2250163294552e-4,339.945649,500.9051851,954.728,0.708949002,238.25850491803286
144,75.456,0.708559163534046,0.536940875371638,150.912,2017_yk_348,Yukon,2016,0.70971390292662,0.51002368848468,-7.0164781748294e-4,339.945649,500.9051851,954.728,0.708949002,238.25850491803286
145,75.98,0.711220473203491,0.518602038471496,151.96,2017_yk_348,Yukon,2016,0.709747356657732,0.509463668166014,-5.6002031866619e-4,339.945649,500.9051851,954.728,0.708949002,238.25850491803286
146,76.504,0.710827137774892,0.530394712078696,153.008,2017_yk_348,Yukon,2016,0.709745262299628,0.50874818377928,-7.1548438673385e-4,339.945649,500.9051851,954.728,0.708949002,238.25850491803286
147,77.028,0.709493594989813,0.519614482141885,154.056,2017_yk_348,Yukon,2016,0.709787424289972,0.507936076903565,-8.121068757152e-4,339.945649,500.9051851,954.728,0.708949002,238.25850491803286
148,77.552,0.712952945193881,0.515963660761819,155.104,2017_yk_348,Yukon,2016,0.709720332501769,0.506809127931858,-0.00112694897170629,339.945649,500.9051851,954.728,0.708949002,238.25850491803286
149,78.076,0.708183246140965,0.504592436937156,156.152,2017_yk_348,Yukon,2016,0.709684732164567,0.505053682172039,-0.0017554457598189,339.945649,500.9051851,954.728,0.708949002,238.25850491803286
150,78.6,0.710053913706585,0.513608638081862,157.2,2017_yk_348,Yukon,2016,0.709680430288404,0.50383915491733,-0.00121452725470905,339.945649,500.9051851,954.728,0.708949002,238.25850491803286
151,79.124,0.709475350856875,0.510494900779677,158.248,2017_yk_348,Yukon,2016,0.709699383718185,0.50270535970059,-0.00113379521674084,339.945649,500.9051851,954.728,0.708949002,238.25850491803286
152,79.648,0.709255627447857,0.520242141255701,159.296,2017_yk_348,Yukon,2016,0.70967763539883,0.501008408876059,-0.0016969508245307,339.945649,500.9051851,954.728,0.708949002,238.25850491803286
153,80.172,0.708049314510501,0.526771819353153,160.344,2017_yk_348,Yukon,2016,0.709624903262849,0.499220403565731,-0.00178800531032802,339.945649,500.9051851,954.728,0.708949002,238.25850491803286
154,80.696,0.708347743475311,0.537747624515703,161.392,2017_yk_348,Yukon,2016,0.709609476504296,0.49680613516341,-0.00241426840232117,339.945649,500.9051851,954.728,0.708949002,238.25850491803286
155,81.22,0.709649295469794,0.530950736955029,162.44,2017_yk_348,Yukon,2016,0.709601926773229,0.494545162997623,-0.00226097216578625,339.945649,500.9051851,954.728,0.708949002,238.25850491803286
156,81.744,0.711877638150503,0.524026692976766,163.488,2017_yk_348,Yukon,2016,0.709596743743179,0.49266898592547,-0.00187617707215332,339.945649,500.9051851,954.728,0.708949002,238.25850491803286
157,82.268,0.710331235608645,0.510886120808269,164.536,2017_yk_348,Yukon,2016,0.709627700280441,0.491392613586315,-0.00127637233915551,339.945649,500.9051851,954.728,0.708949002,238.25850491803286
158,82.792,0.707168211997981,0.503658735185328,165.584,2017_yk_348,Yukon,2016,0.709604140147299,0.490012305051314,-0.00138030853500049,339.945649,500.9051851,954.728,0.708949002,238.25850491803286
159,83.316,0.708834531592991,0.501560843449298,166.632,2017_yk_348,Yukon,2016,0.709627942519425,0.488571316496769,-0.00144098855454472,339.945649,500.9051851,954.728,0.708949002,238.25850491803286
160,83.84,0.71090816223832,0.504027913854036,167.68,2017_yk_348,Yukon,2016,0.709631521612689,0.486878126498603,-0.00169318999816659,339.945649,500.9051851,954.728,0.708949002,238.25850491803286
161,84.364,0.709592949836323,0.476196429437373,168.728,2017_yk_348,Yukon,2016,0.709635315734902,0.484933977659652,-0.00194414883895044,339.945649,500.9051851,954.728,0.708949002,238.25850491803286
162,84.888,0.711044537496804,0.477635557584003,169.776,2017_yk_348,Yukon,2016,0.709647447509725,0.48316554772468,-0.00176842993497223,339.945649,500.9051851,954.728,0.708949002,238.25850491803286
163,85.412,0.711278052555302,0.484020815465355,170.824,2017_yk_348,Yukon,2016,0.709652311185497,0.48129075537845,-0.00187479234622956,339.945649,500.9051851,954.728,0.708949002,238.25850491803286
164,85.936,0.709852956252366,0.451567023330408,171.872,2017_yk_348,Yukon,2016,0.709676714718024,0.479447098730111,-0.00184365664833969,339.945649,500.9051851,954.728,0.708949002,238.25850491803286
165,86.46,0.709720911207016,0.455298379789064,172.92,2017_yk_348,Yukon,2016,0.709701877309851,0.477883348900455,-0.00156374982965612,339.945649,500.9051851,954.728,0.708949002,238.25850491803286
166,86.984,0.710993833906753,0.474944384565161,173.968,2017_yk_348,Yukon,2016,0.709694319211779,0.47624562108997,-0.00163772781048449,339.945649,500.9051851,954.728,0.708949002,238.25850491803286
167,87.508,0.708381202650653,0.487562164012114,175.016,2017_yk_348,Yukon,2016,0.709674328354458,0.474110016044381,-0.00213560504558891,339.945649,500.9051851,954.728,0.708949002,238.25850491803286
168,88.032,0.70935538566376,0.483207544298279,176.064,2017_yk_348,Yukon,2016,0.709709935417714,0.472159055251196,-0.00195096079318491,339.945649,500.9051851,954.728,0.708949002,238.25850491803286
169,88.556,0.709253678714147,0.446061206423955,177.112,2017_yk_348,Yukon,2016,0.709687428418223,0.470357218970067,-0.00180183628112979,339.945649,500.9051851,954.728,0.708949002,238.25850491803286
170,89.08,0.710006373076614,0.443952285542351,178.16,2017_yk_348,Yukon,2016,0.709661411321758,0.46854634171395,-0.00181087725611617,339.945649,500.9051851,954.728,0.708949002,238.25850491803286
171,89.604,0.712632559788973,0.453698012367164,179.208,2017_yk_348,Yukon,2016,0.70971226658494,0.467168263931213,-0.00137807778273735,339.945649,500.9051851,954.728,0.708949002,238.25850491803286
172,90.128,0.710353028932858,0.447987077417169,180.256,2017_yk_348,Yukon,2016,0.709726217403765,0.465879395763236,-0.00128886816797663,339.945649,500.9051851,954.728,0.708949002,238.25850491803286
173,90.652,0.708528806057596,0.450870542673394,181.304,2017_yk_348,Yukon,2016,0.709685813602501,0.464707042592792,-0.00117235317044428,339.945649,500.9051851,954.728,0.708949002,238.25850491803286
174,91.176,0.708995491846474,0.43819279169849,182.352,2017_yk_348,Yukon,2016,0.709699193385196,0.463139991100994,-0.00156705149179781,339.945649,500.9051851,954.728,0.708949002,238.25850491803286
175,91.7,0.710705791848047,0.451867257833863,183.4,2017_yk_348,Yukon,2016,0.709660402019405,0.461814598925267,-0.00132539217572775,339.945649,500.9051851,954.728,0.708949002,238.25850491803286
176,92.224,0.708758691664419,0.457666586183073,184.448,2017_yk_348,Yukon,2016,0.709623867667231,0.459979163074551,-0.00183543585071544,339.945649,500.9051851,954.728,0.708949002,238.25850491803286
177,92.748,0.712139754501392,0.446438884073078,185.496,2017_yk_348,Yukon,2016,0.709631121929372,0.458390251493874,-0.00158891158067759,339.945649,500.9051851,954.728,0.708949002,238.25850491803286
178,93.272,0.706267142195133,0.42801232843095,186.544,2017_yk_348,Yukon,2016,0.709536835510143,0.456761307873126,-0.00162894362074723,339.945649,500.9051851,954.728,0.708949002,238.25850491803286
179,93.796,0.709451829524266,0.404070475429664,187.592,2017_yk_348,Yukon,2016,0.709576127577904,0.455275470839803,-0.00148583703332383,339.945649,500.9051851,954.728,0.708949002,238.25850491803286
180,94.32,0.709658358180527,0.422270289872616,188.64,2017_yk_348,Yukon,2016,0.709547920211336,0.454041576867851,-0.00123389397195134,339.945649,500.9051851,954.728,0.708949002,238.25850491803286
181,94.844,0.710352239269607,0.427037000703686,189.688,2017_yk_348,Yukon,2016,0.709519709451052,0.452894470461026,-0.00114710640682508,339.945649,500.9051851,954.728,0.708949002,238.25850491803286
182,95.368,0.709103718936072,0.427898576416835,190.736,2017_yk_348,Yukon,2016,0.709527285902342,0.451474426666461,-0.00142004379456484,339.945649,500.9051851,954.728,0.708949002,238.25850491803286
183,95.892,0.708333834326985,0.431221560051785,191.784,2017_yk_348,Yukon,2016,0.709549437588743,0.44970147274776,-0.00177295391870125,339.945649,500.9051851,954.728,0.708949002,238.25850491803286
184,96.416,0.709057253389136,0.441361463341675,192.832,2017_yk_348,Yukon,2016,0.709538546727277,0.447841816922454,-0.00185965582530589,339.945649,500.9051851,954.728,0.708949002,238.25850491803286
185,96.94,0.708067415132402,0.4275029755729,193.88,2017_yk_348,Yukon,2016,0.709540215027067,0.446468295104786,-0.00137352181766798,339.945649,500.9051851,954.728,0.708949002,238.25850491803286
186,97.464,0.709489642397174,0.436962461148926,194.928,2017_yk_348,Yukon,2016,0.709527385429647,0.445034724074743,-0.00143357103004321,339.945649,500.9051851,954.728,0.708949002,238.25850491803286
187,97.988,0.708538827112387,0.447044515036683,195.976,2017_yk_348,Yukon,2016,0.709541002891394,0.443804884127289,-0.00122983994745346,339.945649,500.9051851,954.728,0.708949002,238.25850491803286
188,98.512,0.709330103472829,0.438931856001363,197.024,2017_yk_348,Yukon,2016,0.709591891479283,0.442470546377183,-0.00133433775010616,339.945649,500.9051851,954.728,0.708949002,238.25850491803286
189,99.036,0.708990652485799,0.436164764289116,198.072,2017_yk_348,Yukon,2016,0.709584931636219,0.441379537523791,-0.00109100885339231,339.945649,500.9051851,954.728,0.708949002,238.25850491803286
190,99.56,0.710687000400097,0.427327674255062,199.12,2017_yk_348,Yukon,2016,0.709533624146744,0.440370067438685,-0.00100947008510621,339.945649,500.9051851,954.728,0.708949002,238.25850491803286
191,100.084,0.709201302170006,0.431154963374298,200.168,2017_yk_348,Yukon,2016,0.709494817201693,0.439633949823659,-7.3611761502612e-4,339.945649,500.9051851,954.728,0.708949002,238.25850491803286
192,100.608,0.709955953867341,0.423572030181453,201.216,2017_yk_348,Yukon,2016,0.709462735981918,0.438900754925037,-7.3319489862211e-4,339.945649,500.9051851,954.728,0.708949002,238.25850491803286
193,101.132,0.709904104665481,0.424384750081195,202.264,2017_yk_348,Yukon,2016,0.709455709492447,0.438111311189352,-7.8944373568462e-4,339.945649,500.9051851,954.728,0.708949002,238.25850491803286
194,101.656,0.711174989156792,0.434217109245675,203.312,2017_yk_348,Yukon,2016,0.709424524804886,0.437681136929168,-4.3017426018426e-4,339.945649,500.9051851,954.728,0.708949002,238.25850491803286
195,102.18,0.711691097337476,0.449596968229693,204.36,2017_yk_348,Yukon,2016,0.709392023410856,0.437498198376284,-1.8293855288392e-4,339.945649,500.9051851,954.728,0.708949002,238.25850491803286
196,102.704,0.710023729077751,0.438344847192733,205.408,2017_yk_348,Yukon,2016,0.70935045919811,0.436634737228876,-8.6346114740765e-4,339.945649,500.9051851,954.728,0.708949002,238.25850491803286
197,103.228,0.708653540082605,0.421497203242738,206.456,2017_yk_348,Yukon,2016,0.709391738429627,0.435581329790306,-0.00105340743857002,339.945649,500.9051851,954.728,0.708949002,238.25850491803286
198,103.752,0.709743646288248,0.419214386902742,207.504,2017_yk_348,Yukon,2016,0.709369285785449,0.434358195379592,-0.00122313441071376,339.945649,500.9051851,954.728,0.708949002,238.25850491803286
199,104.276,0.708794461938327,0.431476448720426,208.552,2017_yk_348,Yukon,2016,0.709382199463759,0.43389064881148,-4.6754656811254e-4,339.945649,500.9051851,954.728,0.708949002,238.25850491803286
200,104.8,0.709705569460955,0.430286947189646,209.6,2017_yk_348,Yukon,2016,0.709420878811823,0.433429254680873,-4.6139413060641e-4,339.945649,500.9051851,954.728,0.708949002,238.25850491803286
201,105.324,0.710816715693179,0.454668696474906,210.648,2017_yk_348,Yukon,2016,0.709373092294961,0.432753013650737,-6.7624103013597e-4,339.945649,500.9051851,954.728,0.708949002,238.25850491803286
202,105.848,0.708172706812292,0.44952755988729,211.696,2017_yk_348,Yukon,2016,0.70933812348304,0.432312032978351,-4.4098067238673e-4,339.945649,500.9051851,954.728,0.708949002,238.25850491803286
203,106.372,0.709201390885249,0.441423388621663,212.744,2017_yk_348,Yukon,2016,0.709391204837381,0.431874250927979,-4.3778205037164e-4,339.945649,500.9051851,954.728,0.708949002,238.25850491803286
204,106.896,0.709361950495774,0.442917785863769,213.792,2017_yk_348,Yukon,2016,0.709404462127571,0.431778014708226,-9.62362197529099e-5,339.945649,500.9051851,954.728,0.708949002,238.25850491803286
205,107.42,0.708892991255994,0.43907850792783,214.84,2017_yk_348,Yukon,2016,0.709349347239645,0.431519042821171,-2.5897188705487e-4,339.945649,500.9051851,954.728,0.708949002,238.25850491803286
206,107.944,0.708635076644497,0.420268561035769,215.888,2017_yk_348,Yukon,2016,0.709372966587447,0.431158612661962,-3.60430159209e-4,339.945649,500.9051851,954.728,0.708949002,238.25850491803286
207,108.468,0.709928850718257,0.424279787301228,216.936,2017_yk_348,Yukon,2016,0.7093579155804,0.430753640219879,-4.0497244208365e-4,339.945649,500.9051851,954.728,0.708949002,238.25850491803286
208,108.992,0.707295760040154,0.418227043516984,217.984,2017_yk_348,Yukon,2016,0.709403712867558,0.430559865475856,-1.9377474402237e-4,339.945649,500.9051851,954.728,0.708949002,238.25850491803286
209,109.516,0.710540770206611,0.415442214937729,219.032,2017_yk_348,Yukon,2016,0.709431534996539,0.430750215373446,1.9034989758942e-4,339.945649,500.9051851,954.728,0.708949002,238.25850491803286
210,110.04,0.708361471712492,0.439574999764779,220.08,2017_yk_348,Yukon,2016,0.709436329332168,0.430945212570245,1.9499719679899e-4,339.945649,500.9051851,954.728,0.708949002,238.25850491803286
211,110.564,0.707782705239877,0.441668516370172,221.128,2017_yk_348,Yukon,2016,0.709425033917831,0.431068113246963,1.2290067671866e-4,339.945649,500.9051851,954.728,0.708949002,238.25850491803286
212,111.088,0.709710214525234,0.435039513581811,222.176,2017_yk_348,Yukon,2016,0.709415359753526,0.431244294546568,1.7618129960489e-4,339.945649,500.9051851,954.728,0.708949002,238.25850491803286
213,111.612,0.709378415694569,0.420394584231078,223.224,2017_yk_348,Yukon,2016,0.709398777745591,0.431390127360367,1.4583281379837e-4,339.945649,500.9051851,954.728,0.708949002,238.25850491803286
214,112.136,0.707694291787348,0.426168274997347,224.272,2017_yk_348,Yukon,2016,0.709415390152425,0.431201346523377,-1.887808369892e-4,339.945649,500.9051851,954.728,0.708949002,238.25850491803286
215,112.66,0.709749393457205,0.44853942789495,225.32,2017_yk_348,Yukon,2016,0.709454066465006,0.431115034626587,-8.63118967903698e-5,339.945649,500.9051851,954.728,0.708949002,238.25850491803286
216,113.184,0.711107862305262,0.438012431174173,226.368,2017_yk_348,Yukon,2016,0.7095004835447,0.430991166786682,-1.2386783990542e-4,339.945649,500.9051851,954.728,0.708949002,238.25850491803286
217,113.708,0.711148283313505,0.437095723961061,227.416,2017_yk_348,Yukon,2016,0.709565085998601,0.430744001573325,-2.4716521335682e-4,339.945649,500.9051851,954.728,0.708949002,238.25850491803286
218,114.232,0.710221527271283,0.423598470178958,228.464,2017_yk_348,Yukon,2016,0.709575636446655,0.430720582130563,-2.34194427616852e-5,339.945649,500.9051851,954.728,0.708949002,238.25850491803286
219,114.756,0.708416941009184,0.436100312245762,229.512,2017_yk_348,Yukon,2016,0.709603898905557,0.430759716461894,3.91343313313475e-5,339.945649,500.9051851,954.728,0.708949002,238.25850491803286
220,115.28,0.707829712869798,0.443459708747665,230.56,2017_yk_348,Yukon,2016,0.70961713803275,0.430953693152165,1.9397669027093e-4,339.945649,500.9051851,954.728,0.708949002,238.25850491803286
221,115.804,0.7072645331333,0.432029372535805,231.608,2017_yk_348,Yukon,2016,0.709615341911306,0.431195431948571,2.4173879640593e-4,339.945649,500.9051851,954.728,0.708949002,238.25850491803286
222,116.328,0.709119664310263,0.433643863666676,232.656,2017_yk_348,Yukon,2016,0.709570323603283,0.431443462139766,2.480301911949e-4,339.945649,500.9051851,954.728,0.708949002,238.25850491803286
223,116.852,0.710856463187063,0.436654191324277,233.704,2017_yk_348,Yukon,2016,0.709570091565463,0.431649760076411,2.0629793664461e-4,339.945649,500.9051851,954.728,0.708949002,238.25850491803286
224,117.376,0.707981874998702,0.42575656771935,234.752,2017_yk_348,Yukon,2016,0.70956224444578,0.431802938662219,1.5317858580837e-4,339.945649,500.9051851,954.728,0.708949002,238.25850491803286
225,117.9,0.707770827565212,0.444322066616029,235.8,2017_yk_348,Yukon,2016,0.709506434365947,0.431721022943497,-8.19157187225694e-5,339.945649,500.9051851,954.728,0.708949002,238.25850491803286
226,118.424,0.708499981141997,0.423136715720702,236.848,2017_yk_348,Yukon,2016,0.709458753616728,0.431950804986317,2.2978204282048e-4,339.945649,500.9051851,954.728,0.708949002,238.25850491803286
227,118.948,0.710857956541651,0.42435771769791,237.896,2017_yk_348,Yukon,2016,0.709491597124755,0.432325418836595,3.7461385027753e-4,339.945649,500.9051851,954.728,0.708949002,238.25850491803286
228,119.472,0.708008227013092,0.409819479655456,238.944,2017_yk_348,Yukon,2016,0.709486089148867,0.432615412397601,2.899935610065e-4,339.945649,500.9051851,954.728,0.708949002,238.25850491803286
229,119.996,0.71002849941274,0.418008412337201,239.992,2017_yk_348,Yukon,2016,0.70949257467913,0.432728613718688,1.1320132108649e-4,339.945649,500.9051851,954.728,0.708949002,238.25850491803286
230,120.52,0.712327133960447,0.416268637705967,241.04,2017_yk_348,Yukon,2016,0.709455777370099,0.43277659809643,4.79843777422273e-5,339.945649,500.9051851,954.728,0.708949002,238.25850491803286
231,121.044,0.709765368777259,0.413123550559003,242.088,2017_yk_348,Yukon,2016,0.709405471221054,0.432349727606911,-4.2687048951839e-4,339.945649,500.9051851,954.728,0.708949002,238.25850491803286
232,121.568,0.708254900217607,0.421528237073967,243.136,2017_yk_348,Yukon,2016,0.709443548407264,0.43205560060787,-2.941269990413e-4,339.945649,500.9051851,954.728,0.708949002,238.25850491803286
233,122.092,0.711713687318075,0.424603619651092,244.184,2017_yk_348,Yukon,2016,0.709453366727663,0.431756602762262,-2.9899784560794e-4,339.945649,500.9051851,954.728,0.708949002,238.25850491803286
234,122.616,0.709790929257836,0.432418618513316,245.232,2017_yk_348,Yukon,2016,0.709493989250875,0.43145409457207,-3.0250819019206e-4,339.945649,500.9051851,954.728,0.708949002,238.25850491803286
235,123.14,0.707398898572542,0.436328944610571,246.28,2017_yk_348,Yukon,2016,0.709520446814709,0.431424061539203,-3.00330328666387e-5,339.945649,500.9051851,954.728,0.708949002,238.25850491803286
236,123.664,0.710175852532518,0.436040776630536,247.328,2017_yk_348,Yukon,2016,0.709502551078139,0.431729255437949,3.0519389874583e-4,339.945649,500.9051851,954.728,0.708949002,238.25850491803286
237,124.188,0.711236694078563,0.42214053754806,248.376,2017_yk_348,Yukon,2016,0.709467215494698,0.43186576841482,1.36512976871e-4,339.945649,500.9051851,954.728,0.708949002,238.25850491803286
238,124.712,0.709014979424604,0.416385843789604,249.424,2017_yk_348,Yukon,2016,0.709428257106116,0.432296262405039,4.3049399021855e-4,339.945649,500.9051851,954.728,0.708949002,238.25850491803286
239,125.236,0.711121157263127,0.415491469285029,250.472,2017_yk_348,Yukon,2016,0.709389439766928,0.432736474282455,4.4021187741583e-4,339.945649,500.9051851,954.728,0.708949002,238.25850491803286
240,125.76,0.709946018318282,0.433970121680559,251.52,2017_yk_348,Yukon,2016,0.709376593261263,0.432704420795038,-3.20534874168055e-5,339.945649,500.9051851,954.728,0.708949002,238.25850491803286
241,126.284,0.709674514409381,0.434411041306804,252.568,2017_yk_348,Yukon,2016,0.709443446163832,0.432423414600538,-2.8100619450038e-4,339.945649,500.9051851,954.728,0.708949002,238.25850491803286
242,126.808,0.708523269077756,0.438469454393131,253.616,2017_yk_348,Yukon,2016,0.709458762143975,0.431939024583106,-4.8439001743133e-4,339.945649,500.9051851,954.728,0.708949002,238.25850491803286
243,127.332,0.707338913850916,0.439971528879689,254.664,2017_yk_348,Yukon,2016,0.709434435639135,0.431826645023154,-1.1237955995235e-4,339.945649,500.9051851,954.728,0.708949002,238.25850491803286
244,127.856,0.710053997799164,0.43003461312232,255.712,2017_yk_348,Yukon,2016,0.709448969000012,0.431545065308477,-2.8157971467635e-4,339.945649,500.9051851,954.728,0.708949002,238.25850491803286
245,128.38,0.710387993887261,0.422324261765479,256.76,2017_yk_348,Yukon,2016,0.709443123507979,0.430925075909493,-6.1998939898483e-4,339.945649,500.9051851,954.728,0.708949002,238.25850491803286
246,128.904,0.712274667178806,0.429530390754601,257.808,2017_yk_348,Yukon,2016,0.70941254224823,0.430490767093157,-4.3430881633554e-4,339.945649,500.9051851,954.728,0.708949002,238.25850491803286
247,129.428,0.712414974346439,0.432214602235277,258.856,2017_yk_348,Yukon,2016,0.709371065518829,0.43032268527278,-1.6808182037658e-4,339.945649,500.9051851,954.728,0.708949002,238.25850491803286
248,129.952,0.709963130356072,0.437526689435661,259.904,2017_yk_348,Yukon,2016,0.709380497967358,0.43063300095872,3.1031568593931e-4,339.945649,500.9051851,954.728,0.708949002,238.25850491803286
249,130.476,0.710686400019941,0.438512824168996,260.952,2017_yk_348,Yukon,2016,0.709383775277411,0.430732814753811,9.98137950914413e-5,339.945649,500.9051851,954.728,0.708949002,238.25850491803286
250,131,0.711481348031652,0.438966275671317,262,2017_yk_348,Yukon,2016,0.709407920299326,0.430828031921296,9.52171674848401e-5,339.945649,500.9051851,954.728,0.708949002,238.25850491803286
251,131.524,0.70909353488336,0.445659291158657,263.048,2017_yk_348,Yukon,2016,0.709485487505173,0.431130212748371,3.0218082707533e-4,339.945649,500.9051851,954.728,0.708949002,238.25850491803286
252,132.048,0.707254855385976,0.438453841653144,264.096,2017_yk_348,Yukon,2016,0.709461260923467,0.431256490881996,1.2627813362442e-4,339.945649,500.9051851,954.728,0.708949002,238.25850491803286
253,132.572,0.709890182396289,0.436762626279873,265.144,2017_yk_348,Yukon,2016,0.70944192214821,0.431062916884397,-1.9357399759878e-4,339.945649,500.9051851,954.728,0.708949002,238.25850491803286
254,133.096,0.710704161975797,0.443407824394176,266.192,2017_yk_348,Yukon,2016,0.709457712969112,0.431174292565917,1.1137568152008e-4,339.945649,500.9051851,954.728,0.708949002,238.25850491803286
255,133.62,0.708342492547511,0.444682025106339,267.24,2017_yk_348,Yukon,2016,0.709523477449063,0.430908704418363,-2.6558814755373e-4,339.945649,500.9051851,954.728,0.708949002,238.25850491803286
256,134.144,0.707162884124591,0.452131769761961,268.288,2017_yk_348,Yukon,2016,0.709530087120286,0.431104933219085,1.9622880072189e-4,339.945649,500.9051851,954.728,0.708949002,238.25850491803286
257,134.668,0.710624150564246,0.443974034259391,269.336,2017_yk_348,Yukon,2016,0.709470671759907,0.431334852956894,2.29919737809e-4,339.945649,500.9051851,954.728,0.708949002,238.25850491803286
258,135.192,0.709413167734935,0.436614000563132,270.384,2017_yk_348,Yukon,2016,0.709471051574829,0.431752318688395,4.1746573150053e-4,339.945649,500.9051851,954.728,0.708949002,238.25850491803286
259,135.716,0.709183593754096,0.438268527985615,271.432,2017_yk_348,Yukon,2016,0.70948727015652,0.431977261770897,2.2494308250176e-4,339.945649,500.9051851,954.728,0.708949002,238.25850491803286
260,136.24,0.707497730919151,0.433166009854181,272.48,2017_yk_348,Yukon,2016,0.709439356396179,0.432005555000416,2.82932295195826e-5,339.945649,500.9051851,954.728,0.708949002,238.25850491803286
261,136.764,0.70779834675046,0.429056467103805,273.528,2017_yk_348,Yukon,2016,0.709384701557556,0.432082760984233,7.72059838167749e-5,339.945649,500.9051851,954.728,0.708949002,238.25850491803286
262,137.288,0.710457337984894,0.431879939944809,274.576,2017_yk_348,Yukon,2016,0.709375174946849,0.432074151788136,-8.60919609696476e-6,339.945649,500.9051851,954.728,0.708949002,238.25850491803286
263,137.812,0.709790490109211,0.423483517885186,275.624,2017_yk_348,Yukon,2016,0.70932112056119,0.431885274492258,-1.8887729587846e-4,339.945649,500.9051851,954.728,0.708949002,238.25850491803286
264,138.336,0.711799301888449,0.424767294452247,276.672,2017_yk_348,Yukon,2016,0.70930150179511,0.431646403301631,-2.3887119062659e-4,339.945649,500.9051851,954.728,0.708949002,238.25850491803286
265,138.86,0.710480445086066,0.437276525955831,277.72,2017_yk_348,Yukon,2016,0.709310236040231,0.431306406220787,-3.3999708084392e-4,339.945649,500.9051851,954.728,0.708949002,238.25850491803286
266,139.384,0.707561332450281,0.43858019496052,278.768,2017_yk_348,Yukon,2016,0.709310503213424,0.430693253605182,-6.1315261560512e-4,339.945649,500.9051851,954.728,0.708949002,238.25850491803286
267,139.908,0.707808715711784,0.432470565913491,279.816,2017_yk_348,Yukon,2016,0.709262431070749,0.430217833636581,-4.7541996860062e-4,339.945649,500.9051851,954.728,0.708949002,238.25850491803286
268,140.432,0.704958256725272,0.444056682930095,280.864,2017_yk_348,Yukon,2016,0.709245741834355,0.429933831740954,-2.8400189562766e-4,339.945649,500.9051851,954.728,0.708949002,238.25850491803286
269,140.956,0.708211729855315,0.44185492758268,281.912,2017_yk_348,Yukon,2016,0.709232750542583,0.429723527203784,-2.1030453716985e-4,339.945649,500.9051851,954.728,0.708949002,238.25850491803286
270,141.48,0.70759068137262,0.437651790519768,282.96,2017_yk_348,Yukon,2016,0.709229731090056,0.429079421666143,-6.441055376406e-4,339.945649,500.9051851,954.728,0.708949002,238.25850491803286
271,142.004,0.711793879393978,0.424808144700147,284.008,2017_yk_348,Yukon,2016,0.709222045074551,0.428396456098101,-6.8296556804209e-4,339.945649,500.9051851,954.728,0.708949002,238.25850491803286
272,142.528,0.710629173333848,0.405976112535931,285.056,2017_yk_348,Yukon,2016,0.709229330123806,0.427694176083645,-7.022800144561e-4,339.945649,500.9051851,954.728,0.708949002,238.25850491803286
273,143.052,0.707918825404143,0.413651810633934,286.104,2017_yk_348,Yukon,2016,0.709237911993619,0.426740629131619,-9.5354695202643e-4,339.945649,500.9051851,954.728,0.708949002,238.25850491803286
274,143.576,0.708566293439955,0.409273492116767,287.152,2017_yk_348,Yukon,2016,0.709174030060466,0.425896342712771,-8.442864188477e-4,339.945649,500.9051851,954.728,0.708949002,238.25850491803286
275,144.1,0.709398663935236,0.411340063955864,288.2,2017_yk_348,Yukon,2016,0.709127479714676,0.425321228171218,-5.7511454155251e-4,339.945649,500.9051851,954.728,0.708949002,238.25850491803286
276,144.624,0.70927298672032,0.41195390219404,289.248,2017_yk_348,Yukon,2016,0.709052558700035,0.424947260161121,-3.7396801009692e-4,339.945649,500.9051851,954.728,0.708949002,238.25850491803286
277,145.148,0.708659679549447,0.427010814738467,290.296,2017_yk_348,Yukon,2016,0.709016240415378,0.424273280913918,-6.7397924720341e-4,339.945649,500.9051851,954.728,0.708949002,238.25850491803286
278,145.672,0.710787474183015,0.442217411335318,291.344,2017_yk_348,Yukon,2016,0.708998402132008,0.423451032475846,-8.2224843807199e-4,339.945649,500.9051851,954.728,0.708949002,238.25850491803286
279,146.196,0.708613579612353,0.442089139951248,292.392,2017_yk_348,Yukon,2016,0.708990936637062,0.422437073859752,-0.00101395861609416,339.945649,500.9051851,954.728,0.708949002,238.25850491803286
280,146.72,0.709278414184689,0.449172738796757,293.44,2017_yk_348,Yukon,2016,0.708981787749685,0.421342474401737,-0.00109459945801516,339.945649,500.9051851,954.728,0.708949002,238.25850491803286
281,147.244,0.711918565484161,0.450160222160324,294.488,2017_yk_348,Yukon,2016,0.709014324325182,0.420196863386368,-0.00114561101536886,339.945649,500.9051851,954.728,0.708949002,238.25850491803286
282,147.768,0.70766606940786,0.441220551684142,295.536,2017_yk_348,Yukon,2016,0.709028759298557,0.419182140199009,-0.00101472318735929,339.945649,500.9051851,954.728,0.708949002,238.25850491803286
283,148.292,0.709696136671635,0.425039751468351,296.584,2017_yk_348,Yukon,2016,0.709032888169096,0.417967144656274,-0.00121499554273474,339.945649,500.9051851,954.728,0.708949002,238.25850491803286
284,148.816,0.708929324252822,0.432439108610554,297.632,2017_yk_348,Yukon,2016,0.709007363579584,0.416499603402452,-0.00146754125382187,339.945649,500.9051851,954.728,0.708949002,238.25850491803286
285,149.34,0.711716696362315,0.428386777762805,298.68,2017_yk_348,Yukon,2016,0.708992816037854,0.414995270890344,-0.0015043325121078,339.945649,500.9051851,954.728,0.708949002,238.25850491803286
286,149.864,0.708896561415354,0.434910443764015,299.728,2017_yk_348,Yukon,2016,0.708973123299795,0.413232591657093,-0.00176267923325091,339.945649,500.9051851,954.728,0.708949002,238.25850491803286
287,150.388,0.707293034918914,0.438152901966452,300.776,2017_yk_348,Yukon,2016,0.709011028038113,0.411661916406798,-0.00157067525029492,339.945649,500.9051851,954.728,0.708949002,238.25850491803286
288,150.912,0.708031015908413,0.434867423545486,301.824,2017_yk_348,Yukon,2016,0.709009861064652,0.409962761109599,-0.00169915529719977,339.945649,500.9051851,954.728,0.708949002,238.25850491803286
289,151.436,0.711001614314206,0.431504997287307,302.872,2017_yk_348,Yukon,2016,0.709012316227325,0.408396421673419,-0.00156633943617929,339.945649,500.9051851,954.728,0.708949002,238.25850491803286
290,151.96,0.709452308339963,0.41796623147714,303.92,2017_yk_348,Yukon,2016,0.709001743478862,0.407369959804357,-0.00102646186906258,339.945649,500.9051851,954.728,0.708949002,238.25850491803286
291,152.484,0.706486078459893,0.417755909588009,304.968,2017_yk_348,Yukon,2016,0.709013620172307,0.406356351193778,-0.0010136086105787,339.945649,500.9051851,954.728,0.708949002,238.25850491803286
292,153.008,0.707683303575186,0.421011685308149,306.016,2017_yk_348,Yukon,2016,0.708997060064753,0.405135436511219,-0.00122091468255869,339.945649,500.9051851,954.728,0.708949002,238.25850491803286
293,153.532,0.70847042417851,0.413270981898382,307.064,2017_yk_348,Yukon,2016,0.708965223932859,0.403764628885488,-0.00137080762573166,339.945649,500.9051851,954.728,0.708949002,238.25850491803286
294,154.056,0.708613803293054,0.418086347075719,308.112,2017_yk_348,Yukon,2016,0.70890738511548,0.402431341387087,-0.00133328749840073,339.945649,500.9051851,954.728,0.708949002,238.25850491803286
295,154.58,0.707922953279815,0.415929119759937,309.16,2017_yk_348,Yukon,2016,0.708912799203391,0.400874262205569,-0.00155707918151765,339.945649,500.9051851,954.728,0.708949002,238.25850491803286
296,155.104,0.710191882924124,0.399251619694229,310.208,2017_yk_348,Yukon,2016,0.708908499285187,0.399355380340257,-0.00151888186531218,339.945649,500.9051851,954.728,0.708949002,238.25850491803286
297,155.628,0.708352365518042,0.393615339432023,311.256,2017_yk_348,Yukon,2016,0.708950434949605,0.397936025104434,-0.00141935523582298,339.945649,500.9051851,954.728,0.708949002,238.25850491803286
298,156.152,0.708013625240936,0.399345730051943,312.304,2017_yk_348,Yukon,2016,0.709083798469297,0.396160988806229,-0.00177503629820497,339.945649,500.9051851,954.728,0.708949002,238.25850491803286
299,156.676,0.710341679756837,0.402873197054838,313.352,2017_yk_348,Yukon,2016,0.70909981035317,0.394431870830134,-0.00172911797609554,339.945649,500.9051851,954.728,0.708949002,238.25850491803286
300,157.2,0.70976485116668,0.39532378942212,314.4,2017_yk_348,Yukon,2016,0.709097225015841,0.392973443940024,-0.00145842689010978,339.945649,500.9051851,954.728,0.708949002,238.25850491803286
301,157.724,0.709213353479036,0.393433107224279,315.448,2017_yk_348,Yukon,2016,0.709021928103815,0.391767780684669,-0.00120566325535476,339.945649,500.9051851,954.728,0.708949002,238.25850491803286
302,158.248,0.708960372033065,0.396332653525762,316.496,2017_yk_348,Yukon,2016,0.70902770643812,0.390701233382666,-0.00106654730200295,339.945649,500.9051851,954.728,0.708949002,238.25850491803286
303,158.772,0.707853826039723,0.382758711758106,317.544,2017_yk_348,Yukon,2016,0.708998382861904,0.389414083427929,-0.00128714995473694,339.945649,500.9051851,954.728,0.708949002,238.25850491803286
304,159.296,0.706221081809995,0.379377427991459,318.592,2017_yk_348,Yukon,2016,0.708998800748816,0.388207058935198,-0.00120702449273152,339.945649,500.9051851,954.728,0.708949002,238.25850491803286
305,159.82,0.70759497313986,0.387817389272328,319.64,2017_yk_348,Yukon,2016,0.708979009425338,0.386990474086341,-0.00121658484885656,339.945649,500.9051851,954.728,0.708949002,238.25850491803286
306,160.344,0.707779406300339,0.407092310148783,320.688,2017_yk_348,Yukon,2016,0.708972621109878,0.385670357808218,-0.0013201162781229,339.945649,500.9051851,954.728,0.708949002,238.25850491803286
307,160.868,0.710235877267002,0.391775847403072,321.736,2017_yk_348,Yukon,2016,0.708991728690682,0.383911820480636,-0.00175853732758174,339.945649,500.9051851,954.728,0.708949002,238.25850491803286
308,161.392,0.708892833353895,0.388191783151343,322.784,2017_yk_348,Yukon,2016,0.708965742421147,0.381858024996295,-0.00205379548434109,339.945649,500.9051851,954.728,0.708949002,238.25850491803286
309,161.916,0.710238470323149,0.377675307203347,323.832,2017_yk_348,Yukon,2016,0.708951910024085,0.380250465951218,-0.00160755904507692,339.945649,500.9051851,954.728,0.708949002,238.25850491803286
310,162.44,0.710932414789026,0.373290308190405,324.88,2017_yk_348,Yukon,2016,0.708922458061079,0.378648928031059,-0.00160153792015905,339.945649,500.9051851,954.728,0.708949002,238.25850491803286
311,162.964,0.711045729413204,0.376922630236526,325.928,2017_yk_348,Yukon,2016,0.708861331787953,0.376856159595064,-0.0017927684359953,339.945649,500.9051851,954.728,0.708949002,238.25850491803286
312,163.488,0.708120953788497,0.377570450411587,326.976,2017_yk_348,Yukon,2016,0.708864787857305,0.375345481656291,-0.00151067793877308,339.945649,500.9051851,954.728,0.708949002,238.25850491803286
313,164.012,0.710137914628583,0.363862893715788,328.024,2017_yk_348,Yukon,2016,0.708832446464685,0.374450959764033,-8.9452189225813e-4,339.945649,500.9051851,954.728,0.708949002,238.25850491803286
314,164.536,0.709172686605088,0.355355349164864,329.072,2017_yk_348,Yukon,2016,0.708851683014714,0.373369124031599,-0.00108183573243392,339.945649,500.9051851,954.728,0.708949002,238.25850491803286
315,165.06,0.707469640043709,0.354422074379871,330.12,2017_yk_348,Yukon,2016,0.708767354128137,0.372055415499159,-0.00131370853244034,339.945649,500.9051851,954.728,0.708949002,238.25850491803286
316,165.584,0.705981319841072,0.346371015766906,331.168,2017_yk_348,Yukon,2016,0.70875531303028,0.370626526718813,-0.00142888878034531,339.945649,500.9051851,954.728,0.708949002,238.25850491803286
317,166.108,0.712898434863352,0.349733519241696,332.216,2017_yk_348,Yukon,2016,0.708786336982042,0.369123432903434,-0.00150309381537928,339.945649,500.9051851,954.728,0.708949002,238.25850491803286
318,166.632,0.709343149327279,0.334664682731142,333.264,2017_yk_348,Yukon,2016,0.708820962524936,0.367428973019047,-0.00169445988438677,339.945649,500.9051851,954.728,0.708949002,238.25850491803286
319,167.156,0.709330903514473,0.344288161814856,334.312,2017_yk_348,Yukon,2016,0.708754413668538,0.365891965153685,-0.00153700786536237,339.945649,500.9051851,954.728,0.708949002,238.25850491803286
320,167.68,0.706863366011342,0.371578297710427,335.36,2017_yk_348,Yukon,2016,0.708717757268498,0.364558185797779,-0.00133377935590584,339.945649,500.9051851,954.728,0.708949002,238.25850491803286
321,168.204,0.708510948357162,0.368239950469086,336.408,2017_yk_348,Yukon,2016,0.708756328514246,0.363144343222372,-0.00141384257540678,339.945649,500.9051851,954.728,0.708949002,238.25850491803286
322,168.728,0.709463731531665,0.358625058991286,337.456,2017_yk_348,Yukon,2016,0.708720177810796,0.361608379385682,-0.00153596383669063,339.945649,500.9051851,954.728,0.708949002,238.25850491803286
323,169.252,0.70788032219559,0.341235060341289,338.504,2017_yk_348,Yukon,2016,0.708727051434118,0.360456965326013,-0.00115141405966823,339.945649,500.9051851,954.728,0.708949002,238.25850491803286
324,169.776,0.70832897284569,0.344770044548205,339.552,2017_yk_348,Yukon,2016,0.708696189727643,0.359245473167202,-0.00121149215881122,339.945649,500.9051851,954.728,0.708949002,238.25850491803286
325,170.3,0.710805290360728,0.343851775064772,340.6,2017_yk_348,Yukon,2016,0.708706386963024,0.357927373740145,-0.00131809942705685,339.945649,500.9051851,954.728,0.708949002,238.25850491803286
326,170.824,0.707303337358056,0.347447283041788,341.648,2017_yk_348,Yukon,2016,0.708715834832258,0.356698674335763,-0.00122869940438208,339.945649,500.9051851,954.728,0.708949002,238.25850491803286
327,171.348,0.710324855576863,0.347309251764114,342.696,2017_yk_348,Yukon,2016,0.708732610526704,0.355821268151954,-8.7740618380888e-4,339.945649,500.9051851,954.728,0.708949002,238.25850491803286
328,171.872,0.712960067906754,0.337554505037797,343.744,2017_yk_348,Yukon,2016,0.70873217979094,0.354813959776749,-0.00100730837520518,339.945649,500.9051851,954.728,0.708949002,238.25850491803286
329,172.396,0.709172442887727,0.338107849016949,344.792,2017_yk_348,Yukon,2016,0.708727010094393,0.353760249391951,-0.00105371038479801,339.945649,500.9051851,954.728,0.708949002,238.25850491803286
330,172.92,0.707435561132882,0.35014617711318,345.84,2017_yk_348,Yukon,2016,0.708695340593039,0.352739955746246,-0.00102029364570561,339.945649,500.9051851,954.728,0.708949002,238.25850491803286
331,173.444,0.707276064672418,0.352468349378863,346.888,2017_yk_348,Yukon,2016,0.708726894883601,0.351761261161333,-9.7869458491251e-4,339.945649,500.9051851,954.728,0.708949002,238.25850491803286
332,173.968,0.710975873392167,0.341983274415752,347.936,2017_yk_348,Yukon,2016,0.70874566379579,0.350853510681445,-9.0775047988789e-4,339.945649,500.9051851,954.728,0.708949002,238.25850491803286
333,174.492,0.706159410831133,0.33642281334972,348.984,2017_yk_348,Yukon,2016,0.708784634034091,0.350301508644654,-5.5200203679084e-4,339.945649,500.9051851,954.728,0.708949002,238.25850491803286
334,175.016,0.708591366654726,0.336852022552874,350.032,2017_yk_348,Yukon,2016,0.708875929872206,0.349613710306111,-6.877983385431e-4,339.945649,500.9051851,954.728,0.708949002,238.25850491803286
335,175.54,0.708211184526494,0.33834497302447,351.08,2017_yk_348,Yukon,2016,0.708926423760648,0.348863019807959,-7.5069049815185e-4,339.945649,500.9051851,954.728,0.708949002,238.25850491803286
336,176.064,0.70888968779274,0.332746925506665,352.128,2017_yk_348,Yukon,2016,0.709001811572709,0.348068779437851,-7.9424037010861e-4,339.945649,500.9051851,954.728,0.708949002,238.25850491803286
337,176.588,0.709806134397725,0.321498575083561,353.176,2017_yk_348,Yukon,2016,0.708974462355056,0.347353505683509,-7.1527375434149e-4,339.945649,500.9051851,954.728,0.708949002,238.25850491803286
338,177.112,0.709228298010904,0.318989682274854,354.224,2017_yk_348,Yukon,2016,0.708927619711552,0.346751549274558,-6.0195640895166e-4,339.945649,500.9051851,954.728,0.708949002,238.25850491803286
339,177.636,0.707783635788629,0.345635597246633,355.272,2017_yk_348,Yukon,2016,0.70893610591266,0.346120466493425,-6.3108278113255e-4,339.945649,500.9051851,954.728,0.708949002,238.25850491803286
340,178.16,0.707511296404329,0.353080463587214,356.32,2017_yk_348,Yukon,2016,0.70886767741178,0.34546501140245,-6.5545509097536e-4,339.945649,500.9051851,954.728,0.708949002,238.25850491803286
341,178.684,0.708250989096573,0.342594116000605,357.368,2017_yk_348,Yukon,2016,0.708803770366525,0.344675549357743,-7.8946204470697e-4,339.945649,500.9051851,954.728,0.708949002,238.25850491803286
342,179.208,0.707873433569006,0.350579875357757,358.416,2017_yk_348,Yukon,2016,0.70886413237883406,0.34416876595274,-5.0678340500276e-4,339.945649,500.9051851,954.728,0.708949002,238.25850491803286
343,179.732,0.7077556531144,0.371368437932864,359.464,2017_yk_348,Yukon,2016,0.708887368913218,0.343815572588566,-3.5319336417377e-4,339.945649,500.9051851,954.728,0.708949002,238.25850491803286
344,180.256,0.710083517254605,0.367528964664522,360.512,2017_yk_348,Yukon,2016,0.708948449676132,0.343386315874093,-4.2925671447358e-4,339.945649,500.9051851,954.728,0.708949002,238.25850491803286
345,180.78,0.706656963167687,0.349564265816385,361.56,2017_yk_348,Yukon,2016,0.708916413109109,0.343074437725617,-3.1187814847505e-4,339.945649,500.9051851,954.728,0.708949002,238.25850491803286
346,181.304,0.708174095543928,0.349177116943295,362.608,2017_yk_348,Yukon,2016,0.708900537010985,0.343139780144839,6.53424192211816e-5,339.945649,500.9051851,954.728,0.708949002,238.25850491803286
347,181.828,0.709154472024641,0.347967273043694,363.656,2017_yk_348,Yukon,2016,0.708865064908561,0.343142791710325,3.01156548593307e-6,339.945649,500.9051851,954.728,0.708949002,238.25850491803286
348,182.352,0.710108548482053,0.333199830482281,364.704,2017_yk_348,Yukon,2016,0.708893310903042,0.343665467954134,5.2267624380958e-4,339.945649,500.9051851,954.728,0.708949002,238.25850491803286
349,182.876,0.707008682930293,0.339284525365565,365.752,2017_yk_348,Yukon,2016,0.708902458904467,0.343681348540479,1.58805863451628e-5,339.945649,500.9051851,954.728,0.708949002,238.25850491803286
350,183.4,0.707252924337565,0.337939470122788,366.8,2017_yk_348,Yukon,2016,0.708908046932578,0.343355851180052,-3.2549736042736e-4,339.945649,500.9051851,954.728,0.708949002,238.25850491803286
351,183.924,0.708800353204815,0.332925355063599,367.848,2017_yk_348,Yukon,2016,0.708945388588618,0.343001010354136,-3.5484082591563e-4,339.945649,500.9051851,954.728,0.708949002,238.25850491803286
352,184.448,0.705514261368156,0.328853855106714,368.896,2017_yk_348,Yukon,2016,0.708973056415064,0.342868321648671,-1.3268870546562e-4,339.945649,500.9051851,954.728,0.708949002,238.25850491803286
353,184.972,0.708882841577819,0.344186138318287,369.944,2017_yk_348,Yukon,2016,0.709004436026789,0.343016204373317,1.4788272464622e-4,339.945649,500.9051851,954.728,0.708949002,238.25850491803286
354,185.496,0.70676210090454,0.345396817547045,370.992,2017_yk_348,Yukon,2016,0.709027556693786,0.343106488909219,9.02845359019855e-5,339.945649,500.9051851,954.728,0.708949002,238.25850491803286
355,186.02,0.708534787402691,0.336843154136524,372.04,2017_yk_348,Yukon,2016,0.708972950465103,0.343325021511576,2.185326023566e-4,339.945649,500.9051851,954.728,0.708949002,238.25850491803286
356,186.544,0.71075875507816,0.325529655431305,373.088,2017_yk_348,Yukon,2016,0.708988138910211,0.343153256656431,-1.7176485514497e-4,339.945649,500.9051851,954.728,0.708949002,238.25850491803286
357,187.068,0.709358907184806,0.340970968403487,374.136,2017_yk_348,Yukon,2016,0.708977121237149,0.342806616035732,-3.4664062069839e-4,339.945649,500.9051851,954.728,0.708949002,238.25850491803286
358,187.592,0.707987781095076,0.338907227539635,375.184,2017_yk_348,Yukon,2016,0.708904246238593,0.343016992460902,2.1037642517013e-4,339.945649,500.9051851,954.728,0.708949002,238.25850491803286
359,188.116,0.71003149796402,0.339650573966955,376.232,2017_yk_348,Yukon,2016,0.708919500080993,0.34322201342117,2.0502096026758e-4,339.945649,500.9051851,954.728,0.708949002,238.25850491803286
360,188.64,0.707864681085468,0.334106170679785,377.28,2017_yk_348,Yukon,2016,0.708948903775506,0.343224014051501,2.00063033084508e-6,339.945649,500.9051851,954.728,0.708949002,238.25850491803286
361,189.164,0.711106610912735,0.334711432129526,378.328,2017_yk_348,Yukon,2016,0.708968360995909,0.343118536593805,-1.0547745769523e-4,339.945649,500.9051851,954.728,0.708949002,238.25850491803286
362,189.688,0.710086506764456,0.341867624732488,379.376,2017_yk_348,Yukon,2016,0.70888920215496,0.343322715384916,2.0417879111023e-4,339.945649,500.9051851,954.728,0.708949002,238.25850491803286
363,190.212,0.71019204033777406,0.349638589550657,380.424,2017_yk_348,Yukon,2016,0.708917887526743,0.343607532657035,2.8481727211959e-4,339.945649,500.9051851,954.728,0.708949002,238.25850491803286
364,190.736,0.711698832096876,0.338109527678872,381.472,2017_yk_348,Yukon,2016,0.708939046084915,0.343926280961436,3.1874830440059e-4,339.945649,500.9051851,954.728,0.708949002,238.25850491803286
365,191.26,0.710624606446354,0.342775959383219,382.52,2017_yk_348,Yukon,2016,0.708947690306634,0.343741121932183,-1.8515902925303e-4,339.945649,500.9051851,954.728,0.708949002,238.25850491803286
366,191.784,0.712302675024026,0.359437887942266,383.568,2017_yk_348,Yukon,2016,0.708941945269578,0.343662835533148,-7.82863990345106e-5,339.945649,500.9051851,954.728,0.708949002,238.25850491803286
367,192.308,0.708594924207811,0.348859422142581,384.616,2017_yk_348,Yukon,2016,0.708937594153675,0.343891714860519,2.2887932737075e-4,339.945649,500.9051851,954.728,0.708949002,238.25850491803286
368,192.832,0.706082274743636,0.352074398614241,385.664,2017_yk_348,Yukon,2016,0.708937588559637,0.344495305222585,6.0359036206597e-4,339.945649,500.9051851,954.728,0.708949002,238.25850491803286
369,193.356,0.710747642389679,0.339810340335394,386.712,2017_yk_348,Yukon,2016,0.708968670564345,0.344448223027501,-4.70821950839806e-5,339.945649,500.9051851,954.728,0.708949002,238.25850491803286
370,193.88,0.706826704736218,0.333963002731884,387.76,2017_yk_348,Yukon,2016,0.709009634569682,0.344383752565677,-6.44704618242287e-5,339.945649,500.9051851,954.728,0.708949002,238.25850491803286
371,194.404,0.707211306697913,0.329554907554106,388.808,2017_yk_348,Yukon,2016,0.709007391292082,0.344425052667965,4.13001022881443e-5,339.945649,500.9051851,954.728,0.708949002,238.25850491803286
372,194.928,0.711742674526999,0.347163446111421,389.856,2017_yk_348,Yukon,2016,0.708989650332042,0.344367040994854,-5.80116731107028e-5,339.945649,500.9051851,954.728,0.708949002,238.25850491803286
373,195.452,0.711532106691648,0.342671291865361,390.904,2017_yk_348,Yukon,2016,0.709021752662866,0.344070848704062,-2.9619229079258e-4,339.945649,500.9051851,954.728,0.708949002,238.25850491803286
374,195.976,0.712837532379915,0.329599946296447,391.952,2017_yk_348,Yukon,2016,0.70903769372617,0.343623176417652,-4.4767228640951e-4,339.945649,500.9051851,954.728,0.708949002,238.25850491803286
375,196.5,0.705547446022341,0.335709385471371,393,2017_yk_348,Yukon,2016,0.709071572633486,0.343405422003477,-2.1775441417498e-4,339.945649,500.9051851,954.728,0.708949002,238.25850491803286
376,197.024,0.705028753953589,0.350291560920179,394.048,2017_yk_348,Yukon,2016,0.709098159056468,0.34315048742406,-2.5493457941722e-4,339.945649,500.9051851,954.728,0.708949002,238.25850491803286
377,197.548,0.71077010871794,0.349914213170851,395.096,2017_yk_348,Yukon,2016,0.709137866538023,0.342994442716142,-1.5604470791769e-4,339.945649,500.9051851,954.728,0.708949002,238.25850491803286
378,198.072,0.711037908996166,0.366025257359718,396.144,2017_yk_348,Yukon,2016,0.70911086785823,0.343049073340274,5.46306241319128e-5,339.945649,500.9051851,954.728,0.708949002,238.25850491803286
379,198.596,0.709879783599921,0.345240996995566,397.192,2017_yk_348,Yukon,2016,0.709186789498064,0.342994790401252,-5.42829390219324e-5,339.945649,500.9051851,954.728,0.708949002,238.25850491803286
380,199.12,0.707198647698005,0.352048456084785,398.24,2017_yk_348,Yukon,2016,0.709231206029202,0.343104851241858,1.1006084060594e-4,339.945649,500.9051851,954.728,0.708949002,238.25850491803286
381,199.644,0.710751447719597,0.346949500914147,399.288,2017_yk_348,Yukon,2016,0.709289416756344,0.343314652296046,2.0980105418733e-4,339.945649,500.9051851,954.728,0.708949002,238.25850491803286
382,200.168,0.711123801118419,0.350663736663349,400.336,2017_yk_348,Yukon,2016,0.709354743410179,0.343493858016101,1.7920572005591e-4,339.945649,500.9051851,954.728,0.708949002,238.25850491803286
383,200.692,0.709763098899104,0.35010802382006,401.384,2017_yk_348,Yukon,2016,0.709340287015923,0.343706533571198,2.126755550964e-4,339.945649,500.9051851,954.728,0.708949002,238.25850491803286
384,201.216,0.709716212865487,0.350187116702326,402.432,2017_yk_348,Yukon,2016,0.709374250611412,0.343717492627125,1.09590559270178e-5,339.945649,500.9051851,954.728,0.708949002,238.25850491803286
385,201.74,0.707528916639717,0.356963731206165,403.48,2017_yk_348,Yukon,2016,0.709351874850471,0.343434931959882,-2.8256066724297e-4,339.945649,500.9051851,954.728,0.708949002,238.25850491803286
386,202.264,0.708214644064578,0.33714139173309,404.528,2017_yk_348,Yukon,2016,0.709333020670677,0.343413353523931,-2.15784359512972e-5,339.945649,500.9051851,954.728,0.708949002,238.25850491803286
387,202.788,0.709663795193123,0.32651081452221,405.576,2017_yk_348,Yukon,2016,0.709286104514874,0.343369083647386,-4.42698765442118e-5,339.945649,500.9051851,954.728,0.708949002,238.25850491803286
388,203.312,0.708587567993388,0.350177090548007,406.624,2017_yk_348,Yukon,2016,0.709318611860168,0.343362552629761,-6.5310176251554e-6,339.945649,500.9051851,954.728,0.708949002,238.25850491803286
389,203.836,0.710087673431728,0.350409106633005,407.672,2017_yk_348,Yukon,2016,0.709295114153555,0.343469124894286,1.065722645247e-4,339.945649,500.9051851,954.728,0.708949002,238.25850491803286
390,204.36,0.709199782803658,0.350266214933032,408.72,2017_yk_348,Yukon,2016,0.709309074735313,0.343688981455967,2.1985656168072e-4,339.945649,500.9051851,954.728,0.708949002,238.25850491803286
391,204.884,0.708443497896607,0.34613970191715,409.768,2017_yk_348,Yukon,2016,0.7092281631243,0.343885620428082,1.9663897211513e-4,339.945649,500.9051851,954.728,0.708949002,238.25850491803286
392,205.408,0.706226342935255,0.354234001882368,410.816,2017_yk_348,Yukon,2016,0.709207681511073,0.343732926472515,-1.526939555666e-4,339.945649,500.9051851,954.728,0.708949002,238.25850491803286
393,205.932,0.707880533138079,0.353511849676892,411.864,2017_yk_348,Yukon,2016,0.709182593735784,0.343372325905506,-3.6060056700931e-4,339.945649,500.9051851,954.728,0.708949002,238.25850491803286
394,206.456,0.709860880145062,0.355976920816909,412.912,2017_yk_348,Yukon,2016,0.709160627767041,0.343324411373636,-4.79145318698637e-5,339.945649,500.9051851,954.728,0.708949002,238.25850491803286
395,206.98,0.708729837829605,0.327235431269288,413.96,2017_yk_348,Yukon,2016,0.709135117494803,0.343264626592899,-5.97847807367602e-5,339.945649,500.9051851,954.728,0.708949002,238.25850491803286
396,207.504,0.708544985569408,0.328049741564596,415.008,2017_yk_348,Yukon,2016,0.709137829131103,0.342841725127035,-4.229014658646e-4,339.945649,500.9051851,954.728,0.708949002,238.25850491803286
397,208.028,0.70954506744352,0.335231334725806,416.056,2017_yk_348,Yukon,2016,0.709125246340003,0.342450183843071,-3.9154128396379e-4,339.945649,500.9051851,954.728,0.708949002,238.25850491803286
398,208.552,0.709227962368611,0.355205103998814,417.104,2017_yk_348,Yukon,2016,0.709140005514329,0.342140529366319,-3.0965447675174e-4,339.945649,500.9051851,954.728,0.708949002,238.25850491803286
399,209.076,0.709648556071161,0.342810665541595,418.152,2017_yk_348,Yukon,2016,0.709080299510421,0.342016587586754,-1.2394177956476e-4,339.945649,500.9051851,954.728,0.708949002,238.25850491803286
400,209.6,0.709969136724545,0.349212235877759,419.2,2017_yk_348,Yukon,2016,0.709100951299609,0.341846516259635,-1.7007132711927e-4,339.945649,500.9051851,954.728,0.708949002,238.25850491803286
401,210.124,0.708116392440578,0.345072122137893,420.248,2017_yk_348,Yukon,2016,0.709128352387791,0.34161691883716,-2.2959742247508e-4,339.945649,500.9051851,954.728,0.708949002,238.25850491803286
402,210.648,0.706808975966591,0.347099174971115,421.296,2017_yk_348,Yukon,2016,0.7090896277306,0.34084314995332,-7.7376888384039e-4,339.945649,500.9051851,954.728,0.708949002,238.25850491803286
403,211.172,0.709681792963834,0.353596900485308,422.344,2017_yk_348,Yukon,2016,0.709028865477912,0.340294789531748,-5.4836042157197e-4,339.945649,500.9051851,954.728,0.708949002,238.25850491803286
404,211.696,0.711039981052859,0.34066862747995,423.392,2017_yk_348,Yukon,2016,0.709010471366551,0.340156605669216,-1.3818386253206e-4,339.945649,500.9051851,954.728,0.708949002,238.25850491803286
405,212.22,0.70868969760665,0.336499000965887,424.44,2017_yk_348,Yukon,2016,0.709068839229966,0.339985518589906,-1.710870793099e-4,339.945649,500.9051851,954.728,0.708949002,238.25850491803286
406,212.744,0.709769280922849,0.333881042178262,425.488,2017_yk_348,Yukon,2016,0.709099417164994,0.339315006106061,-6.7051248384431e-4,339.945649,500.9051851,954.728,0.708949002,238.25850491803286
407,213.268,0.711536920917958,0.338604590568635,426.536,2017_yk_348,Yukon,2016,0.709137859875944,0.338400130007328,-9.1487609873319e-4,339.945649,500.9051851,954.728,0.708949002,238.25850491803286
408,213.792,0.70848862769445,0.336477667930194,427.584,2017_yk_348,Yukon,2016,0.709076272813165,0.337281904269848,-0.00111822573747988,339.945649,500.9051851,954.728,0.708949002,238.25850491803286
409,214.316,0.711563981320308,0.336027549024251,428.632,2017_yk_348,Yukon,2016,0.709084074230659,0.33658493653042,-6.9696773942834e-4,339.945649,500.9051851,954.728,0.708949002,238.25850491803286
410,214.84,0.709917916205903,0.344543120559143,429.68,2017_yk_348,Yukon,2016,0.709183070337355,0.335888598791606,-6.9633773881394e-4,339.945649,500.9051851,954.728,0.708949002,238.25850491803286
411,215.364,0.71229299683328,0.34551341831484,430.728,2017_yk_348,Yukon,2016,0.709132516296794,0.335439894635307,-4.487041562986e-4,339.945649,500.9051851,954.728,0.708949002,238.25850491803286
412,215.888,0.709433860598249,0.339606198310071,431.776,2017_yk_348,Yukon,2016,0.709134832812811,0.334889032671044,-5.5086196426334e-4,339.945649,500.9051851,954.728,0.708949002,238.25850491803286
413,216.412,0.70801545792249,0.356946671624071,432.824,2017_yk_348,Yukon,2016,0.709050768602281,0.334279191324684,-6.0984134636049e-4,339.945649,500.9051851,954.728,0.708949002,238.25850491803286
414,216.936,0.708799916633863,0.346054360902666,433.872,2017_yk_348,Yukon,2016,0.709019256642473,0.333905029567593,-3.7416175709031e-4,339.945649,500.9051851,954.728,0.708949002,238.25850491803286
415,217.46,0.707192241746241,0.319889514101944,434.92,2017_yk_348,Yukon,2016,0.709012829755809,0.333208902121571,-6.9612744602209e-4,339.945649,500.9051851,954.728,0.708949002,238.25850491803286
416,217.984,0.709627504290538,0.324234949274224,435.968,2017_yk_348,Yukon,2016,0.709084899183989,0.332582691552951,-6.2621056862027e-4,339.945649,500.9051851,954.728,0.708949002,238.25850491803286
417,218.508,0.706543937836612,0.338314775810834,437.016,2017_yk_348,Yukon,2016,0.709095192842522,0.332312140992541,-2.7055056040992e-4,339.945649,500.9051851,954.728,0.708949002,238.25850491803286
418,219.032,0.709938221812698,0.338515366482128,438.064,2017_yk_348,Yukon,2016,0.709132000578805,0.331622989305782,-6.8915168675914e-4,339.945649,500.9051851,954.728,0.708949002,238.25850491803286
419,219.556,0.708621635567242,0.34604490983844,439.112,2017_yk_348,Yukon,2016,0.709098431338456,0.331121620471542,-5.0136883423934e-4,339.945649,500.9051851,954.728,0.708949002,238.25850491803286
420,220.08,0.708702315990991,0.347297564380629,440.16,2017_yk_348,Yukon,2016,0.709076809251255,0.330664416246269,-4.5720422527362e-4,339.945649,500.9051851,954.728,0.708949002,238.25850491803286
421,220.604,0.706251914251932,0.346509770456434,441.208,2017_yk_348,Yukon,2016,0.709084470293766,0.330110955721327,-5.5346052494154e-4,339.945649,500.9051851,954.728,0.708949002,238.25850491803286
422,221.128,0.708857609970819,0.332705987398492,442.256,2017_yk_348,Yukon,2016,0.709099388591321,0.32957363498294,-5.3732073838763e-4,339.945649,500.9051851,954.728,0.708949002,238.25850491803286
423,221.652,0.70868677382046,0.328002555530098,443.304,2017_yk_348,Yukon,2016,0.709153943073515,0.328931747406252,-6.4188757668726e-4,339.945649,500.9051851,954.728,0.708949002,238.25850491803286
424,222.176,0.710380873972305,0.335234655766678,444.352,2017_yk_348,Yukon,2016,0.709120598612513,0.32799998309169,-9.3176431456248e-4,339.945649,500.9051851,954.728,0.708949002,238.25850491803286
425,222.7,0.70909399011207,0.339188872539015,445.4,2017_yk_348,Yukon,2016,0.709084955279165,0.327333587964562,-6.6639512712762e-4,339.945649,500.9051851,954.728,0.708949002,238.25850491803286
426,223.224,0.712465373201992,0.334063799990389,446.448,2017_yk_348,Yukon,2016,0.709039389553239,0.326764930481797,-5.686574827648e-4,339.945649,500.9051851,954.728,0.708949002,238.25850491803286
427,223.748,0.707839956741825,0.325366945104753,447.496,2017_yk_348,Yukon,2016,0.709055074121015,0.326186150379208,-5.7878010258921e-4,339.945649,500.9051851,954.728,0.708949002,238.25850491803286
428,224.272,0.706967825203194,0.333495130009134,448.544,2017_yk_348,Yukon,2016,0.708997231789805,0.325439284159897,-7.4686621931147e-4,339.945649,500.9051851,954.728,0.708949002,238.25850491803286
429,224.796,0.707165282155182,0.332373833561508,449.592,2017_yk_348,Yukon,2016,0.708968335534377,0.324876906217775,-5.6237794212132e-4,339.945649,500.9051851,954.728,0.708949002,238.25850491803286
430,225.32,0.708065812087522,0.323758723104727,450.64,2017_yk_348,Yukon,2016,0.708960472010908,0.324171604732108,-7.0530148566716e-4,339.945649,500.9051851,954.728,0.708949002,238.25850491803286
431,225.844,0.708855371988841,0.315779062205602,451.688,2017_yk_348,Yukon,2016,0.708962002435999,0.323355881965317,-8.1572276679114e-4,339.945649,500.9051851,954.728,0.708949002,238.25850491803286
432,226.368,0.709419195095559,0.300737313080999,452.736,2017_yk_348,Yukon,2016,0.709031389820787,0.322622639746717,-7.3324221860038e-4,339.945649,500.9051851,954.728,0.708949002,238.25850491803286
433,226.892,0.707886371530362,0.309769666571044,453.784,2017_yk_348,Yukon,2016,0.708972126714171,0.321947917675615,-6.7472207110169e-4,339.945649,500.9051851,954.728,0.708949002,238.25850491803286
434,227.416,0.711733885698209,0.321308914544522,454.832,2017_yk_348,Yukon,2016,0.708910055298563,0.321411225990839,-5.3669168477593e-4,339.945649,500.9051851,954.728,0.708949002,238.25850491803286
435,227.94,0.709049517827279,0.325444160712775,455.88,2017_yk_348,Yukon,2016,0.708905185360911,0.320727690154743,-6.8353583609576e-4,339.945649,500.9051851,954.728,0.708949002,238.25850491803286
436,228.464,0.706863430055272,0.310060811889521,456.928,2017_yk_348,Yukon,2016,0.708874073833846,0.31995535389901397,-7.7233625572925e-4,339.945649,500.9051851,954.728,0.708949002,238.25850491803286
437,228.988,0.713076671374942,0.295021647246857,457.976,2017_yk_348,Yukon,2016,0.708847607886221,0.319366834388995,-5.8851951001925e-4,339.945649,500.9051851,954.728,0.708949002,238.25850491803286
438,229.512,0.70734268522943,0.298931713110926,459.024,2017_yk_348,Yukon,2016,0.70883608077681,0.318427857648417,-9.3897674057741e-4,339.945649,500.9051851,954.728,0.708949002,238.25850491803286
439,230.036,0.710347868649536,0.303422932629865,460.072,2017_yk_348,Yukon,2016,0.70876693612478,0.317263712273103,-0.00116414537531495,339.945649,500.9051851,954.728,0.708949002,238.25850491803286
440,230.56,0.713138414099788,0.310268191755947,461.12,2017_yk_348,Yukon,2016,0.708731640808149,0.315749826219418,-0.00151388605368469,339.945649,500.9051851,954.728,0.708949002,238.25850491803286
441,231.084,0.707718205285902,0.320027251536232,462.168,2017_yk_348,Yukon,2016,0.708663303736847,0.314273104042236,-0.00147672217718198,339.945649,500.9051851,954.728,0.708949002,238.25850491803286
442,231.608,0.711262792079458,0.317612018807547,463.216,2017_yk_348,Yukon,2016,0.708657814457338,0.313146518614678,-0.00112658542755806,339.945649,500.9051851,954.728,0.708949002,238.25850491803286
443,232.132,0.704719246267294,0.31351754303843,464.264,2017_yk_348,Yukon,2016,0.708728722350018,0.311566601770406,-0.00157991684427211,339.945649,500.9051851,954.728,0.708949002,238.25850491803286
444,232.656,0.707825495276983,0.327737411276907,465.312,2017_yk_348,Yukon,2016,0.708693727310388,0.310060622013216,-0.00150597975719013,339.945649,500.9051851,954.728,0.708949002,238.25850491803286
445,233.18,0.707143303439901,0.315196084444841,466.36,2017_yk_348,Yukon,2016,0.708746424185215,0.309247299211341,-8.1332280187407e-4,339.945649,500.9051851,954.728,0.708949002,238.25850491803286
446,233.704,0.712538809755375,0.299568757615873,467.408,2017_yk_348,Yukon,2016,0.70873122074955,0.30836195624496,-8.8534296638109e-4,339.945649,500.9051851,954.728,0.708949002,238.25850491803286
447,234.228,0.710281414705112,0.310277780897617,468.456,2017_yk_348,Yukon,2016,0.708811087287026,0.307263248628836,-0.00109870761612424,339.945649,500.9051851,954.728,0.708949002,238.25850491803286
448,234.752,0.710796032170364,0.308827989342461,469.504,2017_yk_348,Yukon,2016,0.708769168858501,0.30605614531771,-0.00120710331112561,339.945649,500.9051851,954.728,0.708949002,238.25850491803286
449,235.276,0.708073519010792,0.320326976578646,470.552,2017_yk_348,Yukon,2016,0.70874059734474,0.304746048438611,-0.00131009687909922,339.945649,500.9051851,954.728,0.708949002,238.25850491803286
450,235.8,0.707902457571602,0.322833961416614,471.6,2017_yk_348,Yukon,2016,0.708728519457901,0.303358880292523,-0.00138716814608825,339.945649,500.9051851,954.728,0.708949002,238.25850491803286
451,236.324,0.708903160447268,0.312932070420657,472.648,2017_yk_348,Yukon,2016,0.708780234212008,0.301870057379771,-0.00148882291275182,339.945649,500.9051851,954.728,0.708949002,238.25850491803286
452,236.848,0.707121440788563,0.321994757579109,473.696,2017_yk_348,Yukon,2016,0.708747371333395,0.300572517540047,-0.00129753983972403,339.945649,500.9051851,954.728,0.708949002,238.25850491803286
453,237.372,0.711153802069685,0.31499859507565803,474.744,2017_yk_348,Yukon,2016,0.708797478088997,0.299548306368812,-0.00102421117123513,339.945649,500.9051851,954.728,0.708949002,238.25850491803286
454,237.896,0.707860212484929,0.300071061943158,475.792,2017_yk_348,Yukon,2016,0.708719470463641,0.29848890127374,-0.00105940509507224,339.945649,500.9051851,954.728,0.708949002,238.25850491803286
455,238.42,0.706591237828769,0.287251723641628,476.84,2017_yk_348,Yukon,2016,0.708681223823324,0.297298559461851,-0.00119034181188915,339.945649,500.9051851,954.728,0.708949002,238.25850491803286
456,238.944,0.705811042013797,0.29393029259871,477.888,2017_yk_348,Yukon,2016,0.708632137664032,0.295979333223684,-0.00131922623816633,339.945649,500.9051851,954.728,0.708949002,238.25850491803286
457,239.468,0.710486141510078,0.300504528570451,478.936,2017_yk_348,Yukon,2016,0.708697510413272,0.294897837606685,-0.00108149561699894,339.945649,500.9051851,954.728,0.708949002,238.25850491803286
458,239.992,0.705757422496041,0.310393130840126,479.984,2017_yk_348,Yukon,2016,0.708793349237421,0.293602853583163,-0.00129498402352257,339.945649,500.9051851,954.728,0.708949002,238.25850491803286
459,240.516,0.707914780745456,0.309067989014316,481.032,2017_yk_348,Yukon,2016,0.708815056458775,0.292327725229153,-0.00127512835401022,339.945649,500.9051851,954.728,0.708949002,238.25850491803286
460,241.04,0.709497325316416,0.306894146737728,482.08,2017_yk_348,Yukon,2016,0.708826031829023,0.291221450384136,-0.00110627484501663,339.945649,500.9051851,954.728,0.708949002,238.25850491803286
461,241.564,0.708208217946041,0.296128756130426,483.128,2017_yk_348,Yukon,2016,0.708823749302855,0.290121101862742,-0.00110034852139423,339.945649,500.9051851,954.728,0.708949002,238.25850491803286
462,242.088,0.710972219053859,0.303104641855093,484.176,2017_yk_348,Yukon,2016,0.7088229524236,0.289201906497137,-9.1919536560469e-4,339.945649,500.9051851,954.728,0.708949002,238.25850491803286
463,242.612,0.706126006566913,0.313113576219208,485.224,2017_yk_348,Yukon,2016,0.708879757043576,0.288174986931706,-0.00102691956543083,339.945649,500.9051851,954.728,0.708949002,238.25850491803286
464,243.136,0.707315696116375,0.308467126393398,486.272,2017_yk_348,Yukon,2016,0.708841412658019,0.286772819456851,-0.0014021674748555,339.945649,500.9051851,954.728,0.708949002,238.25850491803286
465,243.66,0.708397501347531,0.29548685080014,487.32,2017_yk_348,Yukon,2016,0.708875640831776,0.285373603651507,-0.00139921580534413,339.945649,500.9051851,954.728,0.708949002,238.25850491803286
466,244.184,0.70790258929895,0.287540866834506,488.368,2017_yk_348,Yukon,2016,0.708964886960993,0.284292379084985,-0.00108122456652199,339.945649,500.9051851,954.728,0.708949002,238.25850491803286
467,244.708,0.709948964060438,0.303293419967481,489.416,2017_yk_348,Yukon,2016,0.708900245593205,0.283567512592876,-7.248664921084e-4,339.945649,500.9051851,954.728,0.708949002,238.25850491803286
468,245.232,0.707797001129785,0.280139063495547,490.464,2017_yk_348,Yukon,2016,0.708919809746018,0.282723312649947,-8.4419994292939e-4,339.945649,500.9051851,954.728,0.708949002,238.25850491803286
469,245.756,0.707415302198524,0.266178826505356,491.512,2017_yk_348,Yukon,2016,0.708900977840734,0.281982527464213,-7.4078518573428e-4,339.945649,500.9051851,954.728,0.708949002,238.25850491803286
470,246.28,0.707800197208048,0.25370995733806,492.56,2017_yk_348,Yukon,2016,0.708828086836921,0.280939157386119,-0.00104337007809374,339.945649,500.9051851,954.728,0.708949002,238.25850491803286
471,246.804,0.708192772555136,0.256910087683918,493.608,2017_yk_348,Yukon,2016,0.708866096038753,0.279730060770728,-0.00120909661539081,339.945649,500.9051851,954.728,0.708949002,238.25850491803286
472,247.328,0.709104503827689,0.272011072656587,494.656,2017_yk_348,Yukon,2016,0.708779993026884,0.278460512610802,-0.00126954815992636,339.945649,500.9051851,954.728,0.708949002,238.25850491803286
473,247.852,0.712269931483302,0.262151660967743,495.704,2017_yk_348,Yukon,2016,0.708833513769903,0.277361269105549,-0.00109924350525287,339.945649,500.9051851,954.728,0.708949002,238.25850491803286
474,248.376,0.706700214256057,0.255695575471261,496.752,2017_yk_348,Yukon,2016,0.708744447304182,0.276046479953306,-0.00131478915224303,339.945649,500.9051851,954.728,0.708949002,238.25850491803286
475,248.9,0.710354054235851,0.2710901459895,497.8,2017_yk_348,Yukon,2016,0.70883609293568,0.274964725417697,-0.00108175453560838,339.945649,500.9051851,954.728,0.708949002,238.25850491803286
476,249.424,0.708715298150668,0.271114371291357,498.848,2017_yk_348,Yukon,2016,0.708752140477481,0.274252543426543,-7.1218199115469e-4,339.945649,500.9051851,954.728,0.708949002,238.25850491803286
477,249.948,0.711335930085187,0.272392318843379,499.896,2017_yk_348,Yukon,2016,0.70876171951589,0.273260611893828,-9.9193153271504e-4,339.945649,500.9051851,954.728,0.708949002,238.25850491803286
478,250.472,0.707423116101201,0.266089167814591,500.944,2017_yk_348,Yukon,2016,0.708753795585832,0.271874585413968,-0.00138602647986003,339.945649,500.9051851,954.728,0.708949002,238.25850491803286
479,250.996,0.706907344741575,0.267439097092489,501.992,2017_yk_348,Yukon,2016,0.708755660043245,0.270352698973303,-0.00152188644066492,339.945649,500.9051851,954.728,0.708949002,238.25850491803286
480,251.52,0.707977642780632,0.264067475615335,503.04,2017_yk_348,Yukon,2016,0.70879402022189,0.269072824956778,-0.00127987401652502,339.945649,500.9051851,954.728,0.708949002,238.25850491803286
481,252.044,0.709354799498339,0.257180395691322,504.088,2017_yk_348,Yukon,2016,0.708744857166702,0.267918016878747,-0.00115480807803026,339.945649,500.9051851,954.728,0.708949002,238.25850491803286
482,252.568,0.706885837254071,0.25485359701505,505.136,2017_yk_348,Yukon,2016,0.708821788885644,0.266628486674582,-0.00128953020416533,339.945649,500.9051851,954.728,0.708949002,238.25850491803286
483,253.092,0.711693179156583,0.26654988525599,506.184,2017_yk_348,Yukon,2016,0.708751408702347,0.265553155845426,-0.00107533082915573,339.945649,500.9051851,954.728,0.708949002,238.25850491803286
484,253.616,0.705700416450928,0.271670350062341,507.232,2017_yk_348,Yukon,2016,0.708808685302124,0.264772787766741,-7.8036807868531e-4,339.945649,500.9051851,954.728,0.708949002,238.25850491803286
485,254.14,0.706799191693017,0.267768363825668,508.28,2017_yk_348,Yukon,2016,0.708925702514821,0.264409480172366,-3.6330759437491e-4,339.945649,500.9051851,954.728,0.708949002,238.25850491803286
486,254.664,0.709520203644486,0.254910225700411,509.328,2017_yk_348,Yukon,2016,0.709003815663278,0.263918347966403,-4.9113220596352e-4,339.945649,500.9051851,954.728,0.708949002,238.25850491803286
487,255.188,0.711762321696228,0.260477208084818,510.376,2017_yk_348,Yukon,2016,0.708980336868306,0.263203507405592,-7.1484056081072e-4,339.945649,500.9051851,954.728,0.708949002,238.25850491803286
488,255.712,0.712718154652113,0.255796088597777,511.424,2017_yk_348,Yukon,2016,0.709070143092525,0.262446785303919,-7.567221016726e-4,339.945649,500.9051851,954.728,0.708949002,238.25850491803286
489,256.236,0.708467715436425,0.255866132320898,512.472,2017_yk_348,Yukon,2016,0.70906633076277,0.261596116679114,-8.5066862480476e-4,339.945649,500.9051851,954.728,0.708949002,238.25850491803286
490,256.76,0.70872433430243,0.257382232403728,513.52,2017_yk_348,Yukon,2016,0.709119033079012,0.260759178155937,-8.3693852317745e-4,339.945649,500.9051851,954.728,0.708949002,238.25850491803286
491,257.284,0.708718420418724,0.249758150921952,514.568,2017_yk_348,Yukon,2016,0.709116128414556,0.260059728354885,-6.9944980105235e-4,339.945649,500.9051851,954.728,0.708949002,238.25850491803286
492,257.808,0.709371382340282,0.245585591144714,515.616,2017_yk_348,Yukon,2016,0.709090869997114,0.259099622014593,-9.6010634029214e-4,339.945649,500.9051851,954.728,0.708949002,238.25850491803286
493,258.332,0.711294648728906,0.248154492645198,516.664,2017_yk_348,Yukon,2016,0.709101531460194,0.258140120515693,-9.5950149889939e-4,339.945649,500.9051851,954.728,0.708949002,238.25850491803286
494,258.856,0.70943322256479,0.237178866053189,517.712,2017_yk_348,Yukon,2016,0.709225264400925,0.2573643298491,-7.7579066659277e-4,339.945649,500.9051851,954.728,0.708949002,238.25850491803286
495,259.38,0.711103208252743,0.241491212392127,518.76,2017_yk_348,Yukon,2016,0.70922713609244,0.25687660102915,-4.8772881995085e-4,339.945649,500.9051851,954.728,0.708949002,238.25850491803286
496,259.904,0.712218197808254,0.245187337898202,519.808,2017_yk_348,Yukon,2016,0.709306193863577,0.256527512209816,-3.4908881933398e-4,339.945649,500.9051851,954.728,0.708949002,238.25850491803286
497,260.428,0.709198189307683,0.251529657720352,520.856,2017_yk_348,Yukon,2016,0.709319410291046,0.255767399580242,-7.601126295737e-4,339.945649,500.9051851,954.728,0.708949002,238.25850491803286
498,260.952,0.708516534398227,0.248279716535163,521.904,2017_yk_348,Yukon,2016,0.709285823752342,0.255546508654779,-2.208909254629e-4,339.945649,500.9051851,954.728,0.708949002,238.25850491803286
499,261.476,0.70921795433247,0.258975821485804,522.952,2017_yk_348,Yukon,2016,0.709283677964417,0.255507267080508,-3.92415742711538e-5,339.945649,500.9051851,954.728,0.708949002,238.25850491803286
500,262,0.708764953871003,0.247665987070327,524,2017_yk_348,Yukon,2016,0.709261990988432,0.255782470229274,2.7520314876627e-4,339.945649,500.9051851,954.728,0.708949002,238.25850491803286
501,262.524,0.709998757395843,0.247481454612783,525.048,2017_yk_348,Yukon,2016,0.709286120054161,0.256116711140002,3.3424091072747e-4,339.945649,500.9051851,954.728,0.708949002,238.25850491803286
502,263.048,0.706096611367316,0.241439129211963,526.096,2017_yk_348,Yukon,2016,0.709313358748975,0.256197490800598,8.07796605963307e-5,339.945649,500.9051851,954.728,0.708949002,238.25850491803286
503,263.572,0.707930490848444,0.247562932723258,527.144,2017_yk_348,Yukon,2016,0.709243485615662,0.256254663064427,5.7172263829397e-5,339.945649,500.9051851,954.728,0.708949002,238.25850491803286
504,264.096,0.702481507333692,0.248850062142326,528.192,2017_yk_348,Yukon,2016,0.709307287441083,0.256305556040742,5.08929763148314e-5,339.945649,500.9051851,954.728,0.708949002,238.25850491803286
505,264.62,0.712642041329808,0.250290812308336,529.24,2017_yk_348,Yukon,2016,0.709228504217961,0.256388873120443,8.33170797011062e-5,339.945649,500.9051851,954.728,0.708949002,238.25850491803286
506,265.144,0.70750166226339,0.256837838146591,530.288,2017_yk_348,Yukon,2016,0.709265604673103,0.256535994862037,1.4712174159348e-4,339.945649,500.9051851,954.728,0.708949002,238.25850491803286
507,265.668,0.710856157009639,0.250761888934714,531.336,2017_yk_348,Yukon,2016,0.709255132611017,0.25655141976791,1.54249058733624e-5,339.945649,500.9051851,954.728,0.708949002,238.25850491803286
508,266.192,0.710320596366918,0.225666400550861,532.384,2017_yk_348,Yukon,2016,0.709312859810446,0.256638632348629,8.72125807191981e-5,339.945649,500.9051851,954.728,0.708949002,238.25850491803286
509,266.716,0.708185386455556,0.229013790138753,533.432,2017_yk_348,Yukon,2016,0.709305743984053,0.256563038937932,-7.55934106973499e-5,339.945649,500.9051851,954.728,0.708949002,238.25850491803286
510,267.24,0.710204068290294,0.246041520425108,534.48,2017_yk_348,Yukon,2016,0.709312181401168,0.256680760860307,1.1772192237552e-4,339.945649,500.9051851,954.728,0.708949002,238.25850491803286
511,267.764,0.705953377135982,0.243643585738844,535.528,2017_yk_348,Yukon,2016,0.709344442946575,0.257180227574324,4.9946671401646e-4,339.945649,500.9051851,954.728,0.708949002,238.25850491803286
512,268.288,0.711737343925126,0.244622945329187,536.576,2017_yk_348,Yukon,2016,0.709369705643363,0.257660289648989,4.8006207466549e-4,339.945649,500.9051851,954.728,0.708949002,238.25850491803286
513,268.812,0.70693099107187,0.250478745326314,537.624,2017_yk_348,Yukon,2016,0.709358896488341,0.258063473376677,4.0318372768738e-4,339.945649,500.9051851,954.728,0.708949002,238.25850491803286
514,269.336,0.711296808471542,0.253248977222039,538.672,2017_yk_348,Yukon,2016,0.709439935181128,0.258340437632278,2.7696425560153e-4,339.945649,500.9051851,954.728,0.708949002,238.25850491803286
515,269.86,0.713612270590577,0.265453267979135,539.72,2017_yk_348,Yukon,2016,0.709532899626166,0.258464224844953,1.2378721267447e-4,339.945649,500.9051851,954.728,0.708949002,238.25850491803286
516,270.384,0.710497830921235,0.264462360240899,540.768,2017_yk_348,Yukon,2016,0.709551458122364,0.258752004865424,2.8778002047147e-4,339.945649,500.9051851,954.728,0.708949002,238.25850491803286
517,270.908,0.70907741381172,0.257614094921805,541.816,2017_yk_348,Yukon,2016,0.709506510354686,0.259084728384547,3.3272351912266e-4,339.945649,500.9051851,954.728,0.708949002,238.25850491803286
518,271.432,0.711145795949213,0.264989804739771,542.864,2017_yk_348,Yukon,2016,0.709472111007421,0.259576688636869,4.9196025232212e-4,339.945649,500.9051851,954.728,0.708949002,238.25850491803286
519,271.956,0.707686040960156,0.258027871526028,543.912,2017_yk_348,Yukon,2016,0.709504871668017,0.26004644775323,4.6975911636071e-4,339.945649,500.9051851,954.728,0.708949002,238.25850491803286
520,272.48,0.712659464290906,0.256677835347082,544.96,2017_yk_348,Yukon,2016,0.709516927278367,0.260528129112686,4.8168135945647e-4,339.945649,500.9051851,954.728,0.708949002,238.25850491803286
521,273.004,0.708033938078691,0.254161768067283,546.008,2017_yk_348,Yukon,2016,0.709549810044287,0.26096984965616,4.4172054347407e-4,339.945649,500.9051851,954.728,0.708949002,238.25850491803286
522,273.528,0.709456714007384,0.245498261437565,547.056,2017_yk_348,Yukon,2016,0.709527426485289,0.261366935727415,3.9708607125432e-4,339.945649,500.9051851,954.728,0.708949002,238.25850491803286
523,274.052,0.706765694351712,0.255543486285244,548.104,2017_yk_348,Yukon,2016,0.709447087835665,0.262034550625877,6.6761489846234e-4,339.945649,500.9051851,954.728,0.708949002,238.25850491803286
524,274.576,0.714739672560213,0.261919686397834,549.152,2017_yk_348,Yukon,2016,0.709433271608754,0.263021422153846,9.868715279695e-4,339.945649,500.9051851,954.728,0.708949002,238.25850491803286
525,275.1,0.708509802838401,0.266223121603089,550.2,2017_yk_348,Yukon,2016,0.709423913941237,0.263684433371493,6.63011217647e-4,339.945649,500.9051851,954.728,0.708949002,238.25850491803286
526,275.624,0.712646055567215,0.266595537674467,551.248,2017_yk_348,Yukon,2016,0.709359512904067,0.264159892317115,4.7545894562134e-4,339.945649,500.9051851,954.728,0.708949002,238.25850491803286
527,276.148,0.710741949708581,0.257686662193059,552.296,2017_yk_348,Yukon,2016,0.70937114237018,0.264617692424438,4.5780010732365e-4,339.945649,500.9051851,954.728,0.708949002,238.25850491803286
528,276.672,0.705781808807514,0.266885607967773,553.344,2017_yk_348,Yukon,2016,0.709379237234701,0.265233274070399,6.1558164596048e-4,339.945649,500.9051851,954.728,0.708949002,238.25850491803286
529,277.196,0.707286554923042,0.263824332049085,554.392,2017_yk_348,Yukon,2016,0.709410681104422,0.265657748329698,4.244742592992e-4,339.945649,500.9051851,954.728,0.708949002,238.25850491803286
530,277.72,0.706498978648967,0.270222146264038,555.44,2017_yk_348,Yukon,2016,0.709415666025433,0.266270182371964,6.1243404226568e-4,339.945649,500.9051851,954.728,0.708949002,238.25850491803286
531,278.244,0.70964051649885,0.276964542327565,556.488,2017_yk_348,Yukon,2016,0.709438012201194,0.266726255784765,4.5607341280146e-4,339.945649,500.9051851,954.728,0.708949002,238.25850491803286
532,278.768,0.710738825516557,0.276857852292365,557.536,2017_yk_348,Yukon,2016,0.70950091204097,0.267246220810603,5.1996502583767e-4,339.945649,500.9051851,954.728,0.708949002,238.25850491803286
533,279.292,0.70807754348449,0.265581996797507,558.584,2017_yk_348,Yukon,2016,0.709538207016739,0.267619333968259,3.7311315765586e-4,339.945649,500.9051851,954.728,0.708949002,238.25850491803286
534,279.816,0.710528323781305,0.258749154050152,559.632,2017_yk_348,Yukon,2016,0.709656385889958,0.268096233002029,4.7689903377062e-4,339.945649,500.9051851,954.728,0.708949002,238.25850491803286
535,280.34,0.70562706084853,0.276089170771568,560.68,2017_yk_348,Yukon,2016,0.709561446927604,0.268710250405859,6.1401740382938e-4,339.945649,500.9051851,954.728,0.708949002,238.25850491803286
536,280.864,0.710941325459199,0.279941675786964,561.728,2017_yk_348,Yukon,2016,0.709548045780046,0.269264947949628,5.5469754376941e-4,339.945649,500.9051851,954.728,0.708949002,238.25850491803286
537,281.388,0.71070760636002,0.273317813195781,562.776,2017_yk_348,Yukon,2016,0.709503103975176,0.270118232811778,8.532848621493e-4,339.945649,500.9051851,954.728,0.708949002,238.25850491803286
538,281.912,0.710886748066968,0.271321922657741,563.824,2017_yk_348,Yukon,2016,0.709487405285721,0.271309545996791,0.00119131318501331,339.945649,500.9051851,954.728,0.708949002,238.25850491803286
539,282.436,0.70648039515797,0.262903492450649,564.872,2017_yk_348,Yukon,2016,0.709526359743046,0.272484711981997,0.00117516598520662,339.945649,500.9051851,954.728,0.708949002,238.25850491803286
540,282.96,0.70836388780753,0.271130790957868,565.92,2017_yk_348,Yukon,2016,0.709440860675275,0.273340609579749,8.5589759775112e-4,339.945649,500.9051851,954.728,0.708949002,238.25850491803286
541,283.484,0.711290492222747,0.287148398532308,566.968,2017_yk_348,Yukon,2016,0.709446776146319,0.274161196892033,8.2058731228434e-4,339.945649,500.9051851,954.728,0.708949002,238.25850491803286
542,284.008,0.708401599061366,0.28365732149498,568.016,2017_yk_348,Yukon,2016,0.709360506616388,0.274958308572391,7.9711168035795e-4,339.945649,500.9051851,954.728,0.708949002,238.25850491803286
543,284.532,0.711044629855278,0.290740908917234,569.064,2017_yk_348,Yukon,2016,0.709420776146658,0.275552781018775,5.9447244638455e-4,339.945649,500.9051851,954.728,0.708949002,238.25850491803286
544,285.056,0.710562738018146,0.288288205398431,570.112,2017_yk_348,Yukon,2016,0.709424146710319,0.27607854795035,5.2576693157419e-4,339.945649,500.9051851,954.728,0.708949002,238.25850491803286
545,285.58,0.712377058395293,0.275195596586136,571.16,2017_yk_348,Yukon,2016,0.709360258786878,0.276364395395237,2.8584744488768e-4,339.945649,500.9051851,954.728,0.708949002,238.25850491803286
546,286.104,0.710633713416391,0.272177026928702,572.208,2017_yk_348,Yukon,2016,0.709349639178532,0.276690811807166,3.264164119287e-4,339.945649,500.9051851,954.728,0.708949002,238.25850491803286
547,286.628,0.709065455635496,0.280440619232177,573.256,2017_yk_348,Yukon,2016,0.70934024790281,0.277253447695455,5.6263588828942e-4,339.945649,500.9051851,954.728,0.708949002,238.25850491803286
548,287.152,0.71065419381625194,0.285313703737105,574.304,2017_yk_348,Yukon,2016,0.709302606340245,0.277447346110421,1.9389841496603e-4,339.945649,500.9051851,954.728,0.708949002,238.25850491803286
549,287.676,0.710433355072196,0.284051679302543,575.352,2017_yk_348,Yukon,2016,0.709363937142169,0.277967440263772,5.2009415335002e-4,339.945649,500.9051851,954.728,0.708949002,238.25850491803286
550,288.2,0.709447670923397,0.286283113971116,576.4,2017_yk_348,Yukon,2016,0.70937659583818,0.278621932027106,6.5449176333437e-4,339.945649,500.9051851,954.728,0.708949002,238.25850491803286
551,288.724,0.710691386373905,0.276261383530398,577.448,2017_yk_348,Yukon,2016,0.709416187791732,0.279450701876547,8.2876984944158e-4,339.945649,500.9051851,954.728,0.708949002,238.25850491803286
552,289.248,0.708028368800432,0.269410755419974,578.496,2017_yk_348,Yukon,2016,0.709338790625732,0.280427730079313,9.7702820276546e-4,339.945649,500.9051851,954.728,0.708949002,238.25850491803286
553,289.772,0.706474329751479,0.288211386552938,579.544,2017_yk_348,Yukon,2016,0.709432296807504,0.281213096370737,7.8536629142417e-4,339.945649,500.9051851,954.728,0.708949002,238.25850491803286
554,290.296,0.708604248950134,0.296391157731358,580.592,2017_yk_348,Yukon,2016,0.709313633227272,0.281915342339084,7.0224596834661e-4,339.945649,500.9051851,954.728,0.708949002,238.25850491803286
555,290.82,0.710541748201739,0.281271885450947,581.64,2017_yk_348,Yukon,2016,0.70930782775622,0.282336514459878,4.2117212079428e-4,339.945649,500.9051851,954.728,0.708949002,238.25850491803286
556,291.344,0.708354135578056,0.273714874635481,582.688,2017_yk_348,Yukon,2016,0.709215514495365,0.282832700092215,4.9618563233716e-4,339.945649,500.9051851,954.728,0.708949002,238.25850491803286
557,291.868,0.709895957274436,0.278997664159774,583.736,2017_yk_348,Yukon,2016,0.709212289848619,0.283669683640148,8.3698354793299e-4,339.945649,500.9051851,954.728,0.708949002,238.25850491803286
558,292.392,0.709002226269477,0.285214615292789,584.784,2017_yk_348,Yukon,2016,0.709257140192264,0.284385129987871,7.1544634772297e-4,339.945649,500.9051851,954.728,0.708949002,238.25850491803286
559,292.916,0.711104586515711,0.284444277043757,585.832,2017_yk_348,Yukon,2016,0.709315811878531,0.285148398203447,7.6326821557609e-4,339.945649,500.9051851,954.728,0.708949002,238.25850491803286
560,293.44,0.709064049131711,0.284412029606269,586.88,2017_yk_348,Yukon,2016,0.709356488113981,0.285679619745975,5.3122154252799e-4,339.945649,500.9051851,954.728,0.708949002,238.25850491803286
561,293.964,0.711339527941454,0.27484585938087,587.928,2017_yk_348,Yukon,2016,0.709348416807419,0.286070653721685,3.9103397570955e-4,339.945649,500.9051851,954.728,0.708949002,238.25850491803286
562,294.488,0.70987060175392,0.272637030762222,588.976,2017_yk_348,Yukon,2016,0.709313964925269,0.286565996666725,4.9534294503983e-4,339.945649,500.9051851,954.728,0.708949002,238.25850491803286
563,295.012,0.710168189394543,0.269949722182609,590.024,2017_yk_348,Yukon,2016,0.709334714751373,0.28737258138967,8.0658472294498e-4,339.945649,500.9051851,954.728,0.708949002,238.25850491803286
564,295.536,0.709572239726863,0.277464004168567,591.072,2017_yk_348,Yukon,2016,0.709340889115719,0.288221261946699,8.4868055702958e-4,339.945649,500.9051851,954.728,0.708949002,238.25850491803286
565,296.06,0.706945703588579,0.287131856538095,592.12,2017_yk_348,Yukon,2016,0.70935889172283,0.288584049346454,3.6278739975487e-4,339.945649,500.9051851,954.728,0.708949002,238.25850491803286
566,296.584,0.706697593409896,0.290119690772756,593.168,2017_yk_348,Yukon,2016,0.709333695814333,0.289095460283019,5.1141093656531e-4,339.945649,500.9051851,954.728,0.708949002,238.25850491803286
567,297.108,0.708159648717459,0.301958980663669,594.216,2017_yk_348,Yukon,2016,0.709309486426329,0.289811893398329,7.1643311530955e-4,339.945649,500.9051851,954.728,0.708949002,238.25850491803286
568,297.632,0.709378674999572,0.297145191651664,595.264,2017_yk_348,Yukon,2016,0.70928968216779,0.290615480271251,8.0358687292198e-4,339.945649,500.9051851,954.728,0.708949002,238.25850491803286
569,298.156,0.710522653895067,0.29952374925115,596.312,2017_yk_348,Yukon,2016,0.709316272930727,0.291478358773205,8.6287850195421e-4,339.945649,500.9051851,954.728,0.708949002,238.25850491803286
570,298.68,0.705074124224042,0.297395376290176,597.36,2017_yk_348,Yukon,2016,0.709299831731238,0.292336762057322,8.5840328411651e-4,339.945649,500.9051851,954.728,0.708949002,238.25850491803286
571,299.204,0.706308305398596,0.292878824475906,598.408,2017_yk_348,Yukon,2016,0.70924492605035,0.293005302096169,6.6854003884714e-4,339.945649,500.9051851,954.728,0.708949002,238.25850491803286
572,299.728,0.7065611721293,0.292449646150666,599.456,2017_yk_348,Yukon,2016,0.709261704704472,0.293571942001141,5.6663990497196e-4,339.945649,500.9051851,954.728,0.708949002,238.25850491803286
573,300.252,0.710547162888068,0.286147092109387,600.504,2017_yk_348,Yukon,2016,0.709235549074684,0.293824866192471,2.5292419133071e-4,339.945649,500.9051851,954.728,0.708949002,238.25850491803286
574,300.776,0.711499042291208,0.284794993116487,601.552,2017_yk_348,Yukon,2016,0.709205366200732,0.293973131398577,1.48265206106e-4,339.945649,500.9051851,954.728,0.708949002,238.25850491803286
575,301.3,0.709778995184087,0.282604114672396,602.6,2017_yk_348,Yukon,2016,0.709186252204516,0.294337365644755,3.6423424617754e-4,339.945649,500.9051851,954.728,0.708949002,238.25850491803286
576,301.824,0.709860654420467,0.284047344956622,603.648,2017_yk_348,Yukon,2016,0.709170330816589,0.294872022578053,5.3465693329812e-4,339.945649,500.9051851,954.728,0.708949002,238.25850491803286
577,302.348,0.708513937268402,0.291372248219169,604.696,2017_yk_348,Yukon,2016,0.709133216074733,0.295203632138147,3.3160956009359e-4,339.945649,500.9051851,954.728,0.708949002,238.25850491803286
578,302.872,0.708887302195358,0.27662370963773403,605.744,2017_yk_348,Yukon,2016,0.709135549639336,0.295467449652409,2.6381751426257e-4,339.945649,500.9051851,954.728,0.708949002,238.25850491803286
579,303.396,0.711365889075583,0.289233520727029,606.792,2017_yk_348,Yukon,2016,0.709108087923257,0.295715263918597,2.4781426618819e-4,339.945649,500.9051851,954.728,0.708949002,238.25850491803286
580,303.92,0.713418986051578,0.295947341147147,607.84,2017_yk_348,Yukon,2016,0.709116297541886,0.296138784886753,4.2352096815523e-4,339.945649,500.9051851,954.728,0.708949002,238.25850491803286
581,304.444,0.710409455291817,0.303887959033777,608.888,2017_yk_348,Yukon,2016,0.70908967883474,0.29672337706385,5.8459217709755e-4,339.945649,500.9051851,954.728,0.708949002,238.25850491803286
582,304.968,0.704812884047385,0.304119953603496,609.936,2017_yk_348,Yukon,2016,0.70913441119695,0.297472337979739,7.4896091588905e-4,339.945649,500.9051851,954.728,0.708949002,238.25850491803286
583,305.492,0.712376065258005,0.302665463770694,610.984,2017_yk_348,Yukon,2016,0.709260642485368,0.297872244626371,3.9990664663153e-4,339.945649,500.9051851,954.728,0.708949002,238.25850491803286
584,306.016,0.70761985774627,0.30405444449863,612.032,2017_yk_348,Yukon,2016,0.709242432376092,0.29823970357235,3.674589459795e-4,339.945649,500.9051851,954.728,0.708949002,238.25850491803286
585,306.54,0.708161474575311,0.291493448850746,613.08,2017_yk_348,Yukon,2016,0.709226228668299,0.298864954094605,6.2525052225453e-4,339.945649,500.9051851,954.728,0.708949002,238.25850491803286
586,307.064,0.707107259915907,0.296366675614698,614.128,2017_yk_348,Yukon,2016,0.709305542960687,0.299498046134545,6.3309203993983e-4,339.945649,500.9051851,954.728,0.708949002,238.25850491803286
587,307.588,0.710548470903795,0.30790567506904,615.176,2017_yk_348,Yukon,2016,0.709263003968797,0.29994515559186,4.4710945731474e-4,339.945649,500.9051851,954.728,0.708949002,238.25850491803286
588,308.112,0.708472829426244,0.309812388831148,616.224,2017_yk_348,Yukon,2016,0.709268311833638,0.300412459970706,4.6730437884651e-4,339.945649,500.9051851,954.728,0.708949002,238.25850491803286
589,308.636,0.710806856099046,0.309620424983652,617.272,2017_yk_348,Yukon,2016,0.709284689219919,0.300946087469735,5.3362749902896e-4,339.945649,500.9051851,954.728,0.708949002,238.25850491803286
590,309.16,0.708939552775995,0.302095438815716,618.32,2017_yk_348,Yukon,2016,0.709237075680898,0.301239710160305,2.9362269057003e-4,339.945649,500.9051851,954.728,0.708949002,238.25850491803286
591,309.684,0.709156238105091,0.300426580870141,619.368,2017_yk_348,Yukon,2016,0.709216956869402,0.30166347569366,4.2376553335471e-4,339.945649,500.9051851,954.728,0.708949002,238.25850491803286
592,310.208,0.708671712587582,0.306578428994754,620.416,2017_yk_348,Yukon,2016,0.709241045780819,0.302079105403439,4.156297097797e-4,339.945649,500.9051851,954.728,0.708949002,238.25850491803286
593,310.732,0.709322533050746,0.313977080174206,621.464,2017_yk_348,Yukon,2016,0.709216806256249,0.3025989120105,5.1980660706085e-4,339.945649,500.9051851,954.728,0.708949002,238.25850491803286
594,311.256,0.710898785642029,0.309669987471926,622.512,2017_yk_348,Yukon,2016,0.709217412714626,0.302948098491573,3.4918648107246e-4,339.945649,500.9051851,954.728,0.708949002,238.25850491803286
595,311.78,0.706707217275213,0.297856414756858,623.56,2017_yk_348,Yukon,2016,0.70926509686974,0.303275759926387,3.2766143481421e-4,339.945649,500.9051851,954.728,0.708949002,238.25850491803286
596,312.304,0.709429570949375,0.310626331980884,624.608,2017_yk_348,Yukon,2016,0.709343981115608,0.303608719154859,3.3295922847165e-4,339.945649,500.9051851,954.728,0.708949002,238.25850491803286
597,312.828,0.70925504307976,0.316303800114353,625.656,2017_yk_348,Yukon,2016,0.709393426325577,0.303784568595287,1.7584944042858e-4,339.945649,500.9051851,954.728,0.708949002,238.25850491803286
598,313.352,0.709698492554624,0.319537135033061,626.704,2017_yk_348,Yukon,2016,0.709418832103792,0.304060824398036,2.762558027492e-4,339.945649,500.9051851,954.728,0.708949002,238.25850491803286
599,313.876,0.70807584093423,0.314676202567901,627.752,2017_yk_348,Yukon,2016,0.709412045456296,0.304477752028377,4.1692763034012e-4,339.945649,500.9051851,954.728,0.708949002,238.25850491803286
600,314.4,0.707377415838155,0.322634988004859,628.8,2017_yk_348,Yukon,2016,0.709472120775671,0.304944317122665,4.6656509428827e-4,339.945649,500.9051851,954.728,0.708949002,238.25850491803286
601,314.924,0.707996151369495,0.327260800863141,629.848,2017_yk_348,Yukon,2016,0.70954280482559,0.305491292610354,5.4697548768928e-4,339.945649,500.9051851,954.728,0.708949002,238.25850491803286
602,315.448,0.709408318308669,0.317655715793295,630.896,2017_yk_348,Yukon,2016,0.709546691259827,0.305957358655476,4.6606604512239e-4,339.945649,500.9051851,954.728,0.708949002,238.25850491803286
603,315.972,0.70947529206798,0.305916360397079,631.944,2017_yk_348,Yukon,2016,0.709493354987876,0.306545710416442,5.8835176096538e-4,339.945649,500.9051851,954.728,0.708949002,238.25850491803286
604,316.496,0.708751765581077,0.297184117764792,632.992,2017_yk_348,Yukon,2016,0.709431894527209,0.307163760357614,6.1804994117192e-4,339.945649,500.9051851,954.728,0.708949002,238.25850491803286
605,317.02,0.711230218622325,0.297049651356788,634.04,2017_yk_348,Yukon,2016,0.709448848452251,0.307766926269279,6.0316591166476e-4,339.945649,500.9051851,954.728,0.708949002,238.25850491803286
606,317.544,0.709678430140742,0.30425644292659,635.088,2017_yk_348,Yukon,2016,0.709460495326805,0.308241956148934,4.7502987965542e-4,339.945649,500.9051851,954.728,0.708949002,238.25850491803286
607,318.068,0.706838571124144,0.30033719283779,636.136,2017_yk_348,Yukon,2016,0.709497869522106,0.30873902441414,4.9706826520584e-4,339.945649,500.9051851,954.728,0.708949002,238.25850491803286
608,318.592,0.710794207692462,0.301142754592863,637.184,2017_yk_348,Yukon,2016,0.709538201339705,0.30962794487383,8.8892045969007e-4,339.945649,500.9051851,954.728,0.708949002,238.25850491803286
609,319.116,0.708785652107454,0.298920535273834,638.232,2017_yk_348,Yukon,2016,0.709495908737849,0.310247779382295,6.1983450846531e-4,339.945649,500.9051851,954.728,0.708949002,238.25850491803286
610,319.64,0.709940248041107,0.311694372060432,639.28,2017_yk_348,Yukon,2016,0.709414026332161,0.310696215861571,4.48436479276e-4,339.945649,500.9051851,954.728,0.708949002,238.25850491803286
611,320.164,0.709094263945159,0.311336914156253,640.328,2017_yk_348,Yukon,2016,0.709400660296427,0.310885261488311,1.8904562674015e-4,339.945649,500.9051851,954.728,0.708949002,238.25850491803286
612,320.688,0.710712310532994,0.314348410373318,641.376,2017_yk_348,Yukon,2016,0.709430714691941,0.311131155196629,2.4589370831723e-4,339.945649,500.9051851,954.728,0.708949002,238.25850491803286
613,321.212,0.714048207056599,0.312205785350828,642.424,2017_yk_348,Yukon,2016,0.709365210878167,0.311672646690531,5.4149149390248e-4,339.945649,500.9051851,954.728,0.708949002,238.25850491803286
614,321.736,0.707511642393557,0.318438694490128,643.472,2017_yk_348,Yukon,2016,0.709390469922733,0.312183845452281,5.1119876175004e-4,339.945649,500.9051851,954.728,0.708949002,238.25850491803286
615,322.26,0.709569525734138,0.318786916786218,644.52,2017_yk_348,Yukon,2016,0.709358284993181,0.312830792932775,6.4694748049437e-4,339.945649,500.9051851,954.728,0.708949002,238.25850491803286
616,322.784,0.71311299312136,0.311700397031872,645.568,2017_yk_348,Yukon,2016,0.709357247419024,0.31320974165143,3.7894871865423e-4,339.945649,500.9051851,954.728,0.708949002,238.25850491803286
617,323.308,0.707343617761049,0.305824231598661,646.616,2017_yk_348,Yukon,2016,0.709325161464472,0.313368578292504,1.5883664107391e-4,339.945649,500.9051851,954.728,0.708949002,238.25850491803286
618,323.832,0.709320698159926,0.313252878023581,647.664,2017_yk_348,Yukon,2016,0.709322024824223,0.313468182905607,9.96046131032657e-5,339.945649,500.9051851,954.728,0.708949002,238.25850491803286
619,324.356,0.712087229692586,0.316461926985491,648.712,2017_yk_348,Yukon,2016,0.709295299584955,0.313606589235614,1.3840633000672e-4,339.945649,500.9051851,954.728,0.708949002,238.25850491803286
620,324.88,0.706207236790403,0.302029391040475,649.76,2017_yk_348,Yukon,2016,0.709300256136804,0.313939047844613,3.3245860899888e-4,339.945649,500.9051851,954.728,0.708949002,238.25850491803286
621,325.404,0.710132399251697,0.300271791382152,650.808,2017_yk_348,Yukon,2016,0.709289047390357,0.31455929787233,6.2025002771787e-4,339.945649,500.9051851,954.728,0.708949002,238.25850491803286
622,325.928,0.711315936438961,0.297574813349005,651.856,2017_yk_348,Yukon,2016,0.70933772509144,0.315072441738327,5.1314386599671e-4,339.945649,500.9051851,954.728,0.708949002,238.25850491803286
623,326.452,0.708713817920321,0.301138118606261,652.904,2017_yk_348,Yukon,2016,0.709318976115642,0.315692111651155,6.1966991282747e-4,339.945649,500.9051851,954.728,0.708949002,238.25850491803286
624,326.976,0.709608627229492,0.298415193032916,653.952,2017_yk_348,Yukon,2016,0.709273059820265,0.316446744270061,7.5463261890651e-4,339.945649,500.9051851,954.728,0.708949002,238.25850491803286
625,327.5,0.709806752895433,0.30679154262695,655,2017_yk_348,Yukon,2016,0.709356723470275,0.31733041901738,8.8367474731893e-4,339.945649,500.9051851,954.728,0.708949002,238.25850491803286
626,328.024,0.711430648162004,0.310097244481054,656.048,2017_yk_348,Yukon,2016,0.709332873299222,0.318038532314954,7.0811329757364e-4,339.945649,500.9051851,954.728,0.708949002,238.25850491803286
627,328.548,0.711126361315606,0.312509947089383,657.096,2017_yk_348,Yukon,2016,0.709324836803679,0.318586681066854,5.4814875190051e-4,339.945649,500.9051851,954.728,0.708949002,238.25850491803286
628,329.072,0.710903021692419,0.313720539816618,658.144,2017_yk_348,Yukon,2016,0.709351236336471,0.319224175599156,6.3749453230177e-4,339.945649,500.9051851,954.728,0.708949002,238.25850491803286
629,329.596,0.710115455045335,0.324539407071558,659.192,2017_yk_348,Yukon,2016,0.709385254157525,0.320109684466608,8.8550886745253e-4,339.945649,500.9051851,954.728,0.708949002,238.25850491803286
630,330.12,0.708678643386549,0.325389281947474,660.24,2017_yk_348,Yukon,2016,0.709447091075073,0.321053881599804,9.4419713319515e-4,339.945649,500.9051851,954.728,0.708949002,238.25850491803286
631,330.644,0.710549348393754,0.325697353737264,661.288,2017_yk_348,Yukon,2016,0.709454706434495,0.322008776703071,9.5489510326762e-4,339.945649,500.9051851,954.728,0.708949002,238.25850491803286
632,331.168,0.706794358183485,0.320413608858008,662.336,2017_yk_348,Yukon,2016,0.709482693314349,0.323132364185494,0.00112358748242319,339.945649,500.9051851,954.728,0.708949002,238.25850491803286
633,331.692,0.707346986570982,0.32144819776731,663.384,2017_yk_348,Yukon,2016,0.709455344285769,0.324476674420913,0.00134431023541881,339.945649,500.9051851,954.728,0.708949002,238.25850491803286
634,332.216,0.707811414651191,0.321877989586803,664.432,2017_yk_348,Yukon,2016,0.70947329651497,0.325993346196707,0.00151667177579373,339.945649,500.9051851,954.728,0.708949002,238.25850491803286
635,332.74,0.710796230686647,0.318794069372283,665.48,2017_yk_348,Yukon,2016,0.709442381147169,0.327433299788764,0.00143995359205706,339.945649,500.9051851,954.728,0.708949002,238.25850491803286
636,333.264,0.710559466893688,0.312549137735945,666.528,2017_yk_348,Yukon,2016,0.70940815992702,0.328723872379834,0.00129057259107035,339.945649,500.9051851,954.728,0.708949002,238.25850491803286
637,333.788,0.710756388986475,0.321196344131519,667.576,2017_yk_348,Yukon,2016,0.709504902460786,0.330335200560177,0.00161132818034226,339.945649,500.9051851,954.728,0.708949002,238.25850491803286
638,334.312,0.711307211251299,0.32995893721914,668.624,2017_yk_348,Yukon,2016,0.7094103926702,0.331957329137965,0.0016221285777881,339.945649,500.9051851,954.728,0.708949002,238.25850491803286
639,334.836,0.708828332964236,0.326423591234947,669.672,2017_yk_348,Yukon,2016,0.709364810832167,0.33362269469737,0.00166536555940511,339.945649,500.9051851,954.728,0.708949002,238.25850491803286
640,335.36,0.708506041710263,0.322853529903706,670.72,2017_yk_348,Yukon,2016,0.709331261818242,0.335211942408701,0.00158924771133101,339.945649,500.9051851,954.728,0.708949002,238.25850491803286
641,335.884,0.709607493147816,0.315230696638186,671.768,2017_yk_348,Yukon,2016,0.709307299797292,0.336500764528868,0.00128882212016723,339.945649,500.9051851,954.728,0.708949002,238.25850491803286
642,336.408,0.706616147778219,0.318873576102531,672.816,2017_yk_348,Yukon,2016,0.709254155210145,0.337711657137214,0.00121089260834589,339.945649,500.9051851,954.728,0.708949002,238.25850491803286
643,336.932,0.708445836431532,0.335154953404841,673.864,2017_yk_348,Yukon,2016,0.709220026133708,0.339129221397453,0.00141756426023854,339.945649,500.9051851,954.728,0.708949002,238.25850491803286
644,337.456,0.709135400420241,0.334726370203635,674.912,2017_yk_348,Yukon,2016,0.709267911924153,0.340491727716733,0.00136250631928064,339.945649,500.9051851,954.728,0.708949002,238.25850491803286
645,337.98,0.70623037880219,0.330310297680408,675.96,2017_yk_348,Yukon,2016,0.70928845528915,0.341801890364932,0.00131016264819905,339.945649,500.9051851,954.728,0.708949002,238.25850491803286
646,338.504,0.707045005466468,0.319103598733952,677.008,2017_yk_348,Yukon,2016,0.70924014322634,0.343242343809165,0.00144045344423271,339.945649,500.9051851,954.728,0.708949002,238.25850491803286
647,339.028,0.708623313630694,0.317435873533475,678.056,2017_yk_348,Yukon,2016,0.709294058237713,0.344822035000719,0.00157969119155393,339.945649,500.9051851,954.728,0.708949002,238.25850491803286
648,339.552,0.70828463101133,0.315788665617345,679.104,2017_yk_348,Yukon,2016,0.709307388329589,0.346233200115994,0.00141116511527545,339.945649,500.9051851,954.728,0.708949002,238.25850491803286
649,340.076,0.709203341742917,0.317924804784056,680.152,2017_yk_348,Yukon,2016,0.70926677572314,0.347657962081121,0.00142476196512697,339.945649,500.9051851,954.728,0.708949002,238.25850491803286
650,340.6,0.709236945886976,0.32204295535565,681.2,2017_yk_348,Yukon,2016,0.709317065404803,0.349405449895803,0.00174748781468187,339.945649,500.9051851,954.728,0.708949002,238.25850491803286
651,341.124,0.708483713318267,0.337641582533211,682.248,2017_yk_348,Yukon,2016,0.709281688202428,0.351328622655036,0.00192317275923276,339.945649,500.9051851,954.728,0.708949002,238.25850491803286
652,341.648,0.711592374652536,0.337367060954555,683.296,2017_yk_348,Yukon,2016,0.709222830278229,0.353328552121482,0.00199992946644589,339.945649,500.9051851,954.728,0.708949002,238.25850491803286
653,342.172,0.708197594502867,0.351157274943856,684.344,2017_yk_348,Yukon,2016,0.70925274499639,0.355044452411959,0.00171590029047708,339.945649,500.9051851,954.728,0.708949002,238.25850491803286
654,342.696,0.708143807919452,0.354947944606318,685.392,2017_yk_348,Yukon,2016,0.7092021740969,0.356676817254067,0.0016323648421081,339.945649,500.9051851,954.728,0.708949002,238.25850491803286
655,343.22,0.711727036275778,0.350876899595992,686.44,2017_yk_348,Yukon,2016,0.709209338790457,0.358449084179651,0.0017722669255838,339.945649,500.9051851,954.728,0.708949002,238.25850491803286
656,343.744,0.707998560686192,0.353113129835302,687.488,2017_yk_348,Yukon,2016,0.709147692682943,0.360256822010023,0.00180773783037225,339.945649,500.9051851,954.728,0.708949002,238.25850491803286
657,344.268,0.708772853347207,0.349192725228384,688.536,2017_yk_348,Yukon,2016,0.709105736631463,0.362060617862168,0.00180379585214513,339.945649,500.9051851,954.728,0.708949002,238.25850491803286
658,344.792,0.71128246452215,0.357786806971167,689.584,2017_yk_348,Yukon,2016,0.709108940516044,0.363678346355637,0.00161772849346881,339.945649,500.9051851,954.728,0.708949002,238.25850491803286
659,345.316,0.710116910197462,0.367806734615053,690.632,2017_yk_348,Yukon,2016,0.709088829943576,0.364855006324165,0.00117665996852795,339.945649,500.9051851,954.728,0.708949002,238.25850491803286
660,345.84,0.711087630890989,0.379286815996568,691.68,2017_yk_348,Yukon,2016,0.709115366353966,0.365940433671773,0.00108542734760803,339.945649,500.9051851,954.728,0.708949002,238.25850491803286
661,346.364,0.708453072934818,0.3845545070592,692.728,2017_yk_348,Yukon,2016,0.709068351519509,0.366986347812239,0.00104591414046645,339.945649,500.9051851,954.728,0.708949002,238.25850491803286
662,346.888,0.711087531099939,0.385070964738685,693.776,2017_yk_348,Yukon,2016,0.709097067789617,0.368030601210921,0.0010442533986818,339.945649,500.9051851,954.728,0.708949002,238.25850491803286
663,347.412,0.707834350353183,0.386574974522206,694.824,2017_yk_348,Yukon,2016,0.709127377505381,0.369023681468802,9.9308025788075e-4,339.945649,500.9051851,954.728,0.708949002,238.25850491803286
664,347.936,0.709828899333161,0.388184424312415,695.872,2017_yk_348,Yukon,2016,0.709168808832893,0.370272870083276,0.00124918861447387,339.945649,500.9051851,954.728,0.708949002,238.25850491803286
665,348.46,0.70937529655425,0.383446866880215,696.92,2017_yk_348,Yukon,2016,0.709109185492743,0.37192901649538,0.00165614641210426,339.945649,500.9051851,954.728,0.708949002,238.25850491803286
666,348.984,0.707625156931776,0.381690798390809,697.968,2017_yk_348,Yukon,2016,0.709069850321672,0.373567968342089,0.0016389518467087,339.945649,500.9051851,954.728,0.708949002,238.25850491803286
667,349.508,0.712643123150128,0.397016883658325,699.016,2017_yk_348,Yukon,2016,0.709052855192561,0.374992864991562,0.00142489664947276,339.945649,500.9051851,954.728,0.708949002,238.25850491803286
668,350.032,0.705123620257274,0.398470469260147,700.064,2017_yk_348,Yukon,2016,0.709024101003602,0.376118405341748,0.00112554035018686,339.945649,500.9051851,954.728,0.708949002,238.25850491803286
669,350.556,0.70605074182549,0.398842468838139,701.112,2017_yk_348,Yukon,2016,0.70906303688361,0.377093477251057,9.7507190930812e-4,339.945649,500.9051851,954.728,0.708949002,238.25850491803286
670,351.08,0.707927307205581,0.407049234740295,702.16,2017_yk_348,Yukon,2016,0.70904184291287,0.377942929513812,8.4945226275512e-4,339.945649,500.9051851,954.728,0.708949002,238.25850491803286
671,351.604,0.707656542688167,0.388666241366287,703.208,2017_yk_348,Yukon,2016,0.70902305554899,0.379188083706916,0.00124515419310395,339.945649,500.9051851,954.728,0.708949002,238.25850491803286
672,352.128,0.707523635304178,0.387001966874073,704.256,2017_yk_348,Yukon,2016,0.709018249318749,0.380397713426204,0.00120962971928829,339.945649,500.9051851,954.728,0.708949002,238.25850491803286
673,352.652,0.712000462470391,0.397259640965142,705.304,2017_yk_348,Yukon,2016,0.709025847643964,0.38160703221486,0.00120931878865604,339.945649,500.9051851,954.728,0.708949002,238.25850491803286
674,353.176,0.71038478982026,0.400189073646967,706.352,2017_yk_348,Yukon,2016,0.70904784680672,0.38293173689542,0.00132470468056012,339.945649,500.9051851,954.728,0.708949002,238.25850491803286
675,353.7,0.710802127633969,0.397396675678162,707.4,2017_yk_348,Yukon,2016,0.709065004365351,0.38404442288591,0.00111268599049014,339.945649,500.9051851,954.728,0.708949002,238.25850491803286
676,354.224,0.710214269352764,0.398127603685834,708.448,2017_yk_348,Yukon,2016,0.709103903153434,0.385180008700386,0.0011355858144757,339.945649,500.9051851,954.728,0.708949002,238.25850491803286
677,354.748,0.710578518443388,0.400605703091899,709.496,2017_yk_348,Yukon,2016,0.70910766002019,0.386300885410432,0.00112087671004607,339.945649,500.9051851,954.728,0.708949002,238.25850491803286
678,355.272,0.710120503672483,0.397922784940104,710.544,2017_yk_348,Yukon,2016,0.709072519784153,0.387378053507609,0.00107716809717662,339.945649,500.9051851,954.728,0.708949002,238.25850491803286
679,355.796,0.709650473305665,0.40194764489311,711.592,2017_yk_348,Yukon,2016,0.709064139862309,0.388438608139917,0.00106055463230881,339.945649,500.9051851,954.728,0.708949002,238.25850491803286
680,356.32,0.709224617690202,0.406878659921388,712.64,2017_yk_348,Yukon,2016,0.709082925501943,0.389350161473013,9.1155333309522e-4,339.945649,500.9051851,954.728,0.708949002,238.25850491803286
681,356.844,0.708009767109208,0.41566215693612,713.688,2017_yk_348,Yukon,2016,0.709074885483501,0.390171829202658,8.2166772964531e-4,339.945649,500.9051851,954.728,0.708949002,238.25850491803286
682,357.368,0.707784460986976,0.417570581335755,714.736,2017_yk_348,Yukon,2016,0.709020706242221,0.391085256881482,9.1342767882396e-4,339.945649,500.9051851,954.728,0.708949002,238.25850491803286
683,357.892,0.710508701009993,0.404092136034885,715.784,2017_yk_348,Yukon,2016,0.709042730805087,0.391458876447443,3.7361956596065e-4,339.945649,500.9051851,954.728,0.708949002,238.25850491803286
684,358.416,0.706574373260136,0.3963570835594,716.832,2017_yk_348,Yukon,2016,0.70904609869105,0.391632306168533,1.7342972109074e-4,339.945649,500.9051851,954.728,0.708949002,238.25850491803286
685,358.94,0.710236634508828,0.41312755816198,717.88,2017_yk_348,Yukon,2016,0.708949607675748,0.391888322364305,2.5601619577209e-4,339.945649,500.9051851,954.728,0.708949002,238.25850491803286
686,359.464,0.707731881711164,0.418561514303387,718.928,2017_yk_348,Yukon,2016,0.708960963450913,0.391968638692699,8.03163283938368e-5,339.945649,500.9051851,954.728,0.708949002,238.25850491803286
687,359.988,0.708608998226795,0.420737698218092,719.976,2017_yk_348,Yukon,2016,0.708991716531843,0.392050088533612,8.14498409128506e-5,339.945649,500.9051851,954.728,0.708949002,238.25850491803286
688,360.512,0.711095254767275,0.410784249424747,721.024,2017_yk_348,Yukon,2016,0.708913009826014,0.392110497433747,6.04089001353114e-5,339.945649,500.9051851,954.728,0.708949002,238.25850491803286
689,361.036,0.708908820697271,0.395139005183237,722.072,2017_yk_348,Yukon,2016,0.708930123840607,0.392047197084285,-6.33003494626139e-5,339.945649,500.9051851,954.728,0.708949002,238.25850491803286
690,361.56,0.710270828009958,0.390514922803954,723.12,2017_yk_348,Yukon,2016,0.70890084543033,0.391819674672211,-2.2752241207385e-4,339.945649,500.9051851,954.728,0.708949002,238.25850491803286
691,362.084,0.707728458326321,0.388452202165253,724.168,2017_yk_348,Yukon,2016,0.708856923426454,0.391643765283799,-1.7590938841211e-4,339.945649,500.9051851,954.728,0.708949002,238.25850491803286
692,362.608,0.708517334389975,0.383068812778916,725.216,2017_yk_348,Yukon,2016,0.708830822714309,0.391512049569806,-1.317157139925e-4,339.945649,500.9051851,954.728,0.708949002,238.25850491803286
693,363.132,0.709165569516819,0.381033013240154,726.264,2017_yk_348,Yukon,2016,0.708877814297683,0.39124818363354,-2.6386593626626e-4,339.945649,500.9051851,954.728,0.708949002,238.25850491803286
694,363.656,0.710297294301903,0.396829306455235,727.312,2017_yk_348,Yukon,2016,0.708836266773845,0.390910222171499,-3.3796146204134e-4,339.945649,500.9051851,954.728,0.708949002,238.25850491803286
695,364.18,0.707218830277675,0.41816285409854,728.36,2017_yk_348,Yukon,2016,0.708823907526463,0.390820777125839,-8.94450456592755e-5,339.945649,500.9051851,954.728,0.708949002,238.25850491803286
696,364.704,0.7081993566294,0.410886248538465,729.408,2017_yk_348,Yukon,2016,0.708903909060724,0.390575327100587,-2.4545002525278e-4,339.945649,500.9051851,954.728,0.708949002,238.25850491803286
697,365.228,0.709736681239809,0.406690143099883,730.456,2017_yk_348,Yukon,2016,0.70881917973842,0.389996956910887,-5.7837018970002e-4,339.945649,500.9051851,954.728,0.708949002,238.25850491803286
698,365.752,0.709581959913757,0.397491358230352,731.504,2017_yk_348,Yukon,2016,0.708897864085634,0.389435142184907,-5.618147259801e-4,339.945649,500.9051851,954.728,0.708949002,238.25850491803286
699,366.276,0.711164485764705,0.384927905793433,732.552,2017_yk_348,Yukon,2016,0.708971138161916,0.388850672519148,-5.8446966575859e-4,339.945649,500.9051851,954.728,0.708949002,238.25850491803286
700,366.8,0.707234403465891,0.373820665669014,733.6,2017_yk_348,Yukon,2016,0.708952425139325,0.388163733139893,-6.8693937925445e-4,339.945649,500.9051851,954.728,0.708949002,238.25850491803286
701,367.324,0.708480251315007,0.389939948224423,734.648,2017_yk_348,Yukon,2016,0.708956848255736,0.387720900182714,-4.4283295717956e-4,339.945649,500.9051851,954.728,0.708949002,238.25850491803286
702,367.848,0.706327773963764,0.391451359259827,735.696,2017_yk_348,Yukon,2016,0.709007467306718,0.387235904222666,-4.8499596004758e-4,339.945649,500.9051851,954.728,0.708949002,238.25850491803286
703,368.372,0.708901735944438,0.407714080724202,736.744,2017_yk_348,Yukon,2016,0.708983823780234,0.386694213934913,-5.4169028775297e-4,339.945649,500.9051851,954.728,0.708949002,238.25850491803286
704,368.896,0.710455350185562,0.41420865103724003,737.792,2017_yk_348,Yukon,2016,0.708953977019192,0.386410021294528,-2.841926403852e-4,339.945649,500.9051851,954.728,0.708949002,238.25850491803286
705,369.42,0.70725983232007,0.397071457109816,738.84,2017_yk_348,Yukon,2016,0.708916827479963,0.386274875193065,-1.3514610146364e-4,339.945649,500.9051851,954.728,0.708949002,238.25850491803286
706,369.944,0.709378932751451,0.387238747602496,739.888,2017_yk_348,Yukon,2016,0.708909710204659,0.385954239250561,-3.2063594250386e-4,339.945649,500.9051851,954.728,0.708949002,238.25850491803286
707,370.468,0.708848725636028,0.38468847613624,740.936,2017_yk_348,Yukon,2016,0.708890065225152,0.385715935442827,-2.3830380773393e-4,339.945649,500.9051851,954.728,0.708949002,238.25850491803286
708,370.992,0.706176216849145,0.380418751447943,741.984,2017_yk_348,Yukon,2016,0.708890386415749,0.385525569102068,-1.9036634075853e-4,339.945649,500.9051851,954.728,0.708949002,238.25850491803286
709,371.516,0.708700546432295,0.381558082722585,743.032,2017_yk_348,Yukon,2016,0.708918944047012,0.385250733958664,-2.7483514340459e-4,339.945649,500.9051851,954.728,0.708949002,238.25850491803286
710,372.04,0.710364084264986,0.376736155341365,744.08,2017_yk_348,Yukon,2016,0.708939608617458,0.384923166039123,-3.2756791954069e-4,339.945649,500.9051851,954.728,0.708949002,238.25850491803286
711,372.564,0.708001312211757,0.38694164631193,745.128,2017_yk_348,Yukon,2016,0.70892115474231,0.384187262843685,-7.359031954377e-4,339.945649,500.9051851,954.728,0.708949002,238.25850491803286
712,373.088,0.708341620175739,0.392172721683994,746.176,2017_yk_348,Yukon,2016,0.708926814248471,0.383289980385582,-8.9728245810333e-4,339.945649,500.9051851,954.728,0.708949002,238.25850491803286
713,373.612,0.70951906827481,0.373574448901495,747.224,2017_yk_348,Yukon,2016,0.708899120470954,0.382625756404773,-6.64223980809e-4,339.945649,500.9051851,954.728,0.708949002,238.25850491803286
714,374.136,0.708345881077266,0.365353727871762,748.272,2017_yk_348,Yukon,2016,0.70893715801461,0.382096645211261,-5.2911119351151e-4,339.945649,500.9051851,954.728,0.708949002,238.25850491803286
715,374.66,0.705937575357623,0.366237871342316,749.32,2017_yk_348,Yukon,2016,0.708915284535863,0.381339285192336,-7.5736001892584e-4,339.945649,500.9051851,954.728,0.708949002,238.25850491803286
716,375.184,0.708679907196109,0.357932109538936,750.368,2017_yk_348,Yukon,2016,0.708985636638402,0.380415718558233,-9.2356663410248e-4,339.945649,500.9051851,954.728,0.708949002,238.25850491803286
717,375.708,0.710618038202975,0.354079715683157,751.416,2017_yk_348,Yukon,2016,0.708961247086959,0.379511254973919,-9.0446358431411e-4,339.945649,500.9051851,954.728,0.708949002,238.25850491803286
718,376.232,0.706560062172405,0.361411340979286,752.464,2017_yk_348,Yukon,2016,0.708952155899377,0.378857264465465,-6.5399050845377e-4,339.945649,500.9051851,954.728,0.708949002,238.25850491803286
719,376.756,0.711143751073049,0.364008713647297,753.512,2017_yk_348,Yukon,2016,0.708986407561881,0.37848325327106,-3.7401119440544e-4,339.945649,500.9051851,954.728,0.708949002,238.25850491803286
720,377.28,0.709330926274349,0.365635471272136,754.56,2017_yk_348,Yukon,2016,0.708999620162367,0.378189726417534,-2.9352685352562e-4,339.945649,500.9051851,954.728,0.708949002,238.25850491803286
721,377.804,0.70581775270227,0.373999943754476,755.608,2017_yk_348,Yukon,2016,0.709051601756141,0.377916875656281,-2.7285076125344e-4,339.945649,500.9051851,954.728,0.708949002,238.25850491803286
722,378.328,0.70952148837127,0.377168021899135,756.656,2017_yk_348,Yukon,2016,0.709077228929826,0.37769091455739,-2.259610988905e-4,339.945649,500.9051851,954.728,0.708949002,238.25850491803286
723,378.852,0.710653845355618,0.37074301834623,757.704,2017_yk_348,Yukon,2016,0.709073561705656,0.37732488304027,-3.6603151711961e-4,339.945649,500.9051851,954.728,0.708949002,238.25850491803286
724,379.376,0.707336047902866,0.367906736589937,758.752,2017_yk_348,Yukon,2016,0.709026761210821,0.376600815614244,-7.2406742602698e-4,339.945649,500.9051851,954.728,0.708949002,238.25850491803286
725,379.9,0.708633741711335,0.378080164140658,759.8,2017_yk_348,Yukon,2016,0.709052764267876,0.375494999439528,-0.00110581617471583,339.945649,500.9051851,954.728,0.708949002,238.25850491803286
726,380.424,0.712425248987431,0.366963796875644,760.848,2017_yk_348,Yukon,2016,0.709111562802817,0.374546261829891,-9.4873760963687e-4,339.945649,500.9051851,954.728,0.708949002,238.25850491803286
727,380.948,0.707559363811872,0.362314672276324,761.896,2017_yk_348,Yukon,2016,0.709157495319513,0.373876714463459,-6.6954736643187e-4,339.945649,500.9051851,954.728,0.708949002,238.25850491803286
728,381.472,0.709844681090163,0.364761585701342,762.944,2017_yk_348,Yukon,2016,0.709167888474631,0.37341182869782,-4.648857656388e-4,339.945649,500.9051851,954.728,0.708949002,238.25850491803286
729,381.996,0.710447186402373,0.363774288892622,763.992,2017_yk_348,Yukon,2016,0.709107866772664,0.372961842871262,-4.4998582655797e-4,339.945649,500.9051851,954.728,0.708949002,238.25850491803286
730,382.52,0.706804525850172,0.365832871985027,765.04,2017_yk_348,Yukon,2016,0.709155699139041,0.37265607992367,-3.0576294759265e-4,339.945649,500.9051851,954.728,0.708949002,238.25850491803286
731,383.044,0.707921929672823,0.362096263935513,766.088,2017_yk_348,Yukon,2016,0.709167058960677,0.371906525654449,-7.495542692209e-4,339.945649,500.9051851,954.728,0.708949002,238.25850491803286
732,383.568,0.710560778363069,0.357902209271218,767.136,2017_yk_348,Yukon,2016,0.709197103880693,0.371219215324904,-6.8731032954472e-4,339.945649,500.9051851,954.728,0.708949002,238.25850491803286
733,384.092,0.71058185088134,0.364758223699961,768.184,2017_yk_348,Yukon,2016,0.70917863689551,0.370156557364525,-0.0010626579603793,339.945649,500.9051851,954.728,0.708949002,238.25850491803286
734,384.616,0.708593984157775,0.383137515223853,769.232,2017_yk_348,Yukon,2016,0.70914997676161,0.369198993819291,-9.5756354523368e-4,339.945649,500.9051851,954.728,0.708949002,238.25850491803286
735,385.14,0.70857315528022,0.389287909590343,770.28,2017_yk_348,Yukon,2016,0.709176878725966,0.36856645677501,-6.3253704428123e-4,339.945649,500.9051851,954.728,0.708949002,238.25850491803286
736,385.664,0.70978723283452,0.378889447135603,771.328,2017_yk_348,Yukon,2016,0.709198054046757,0.367894125515368,-6.7233125964194e-4,339.945649,500.9051851,954.728,0.708949002,238.25850491803286
737,386.188,0.709399819672989,0.386307474627864,772.376,2017_yk_348,Yukon,2016,0.709234826306227,0.367218734445625,-6.7539106974234e-4,339.945649,500.9051851,954.728,0.708949002,238.25850491803286
738,386.712,0.710139775108276,0.386500804494592,773.424,2017_yk_348,Yukon,2016,0.709320344178457,0.366617480024623,-6.0125442100206e-4,339.945649,500.9051851,954.728,0.708949002,238.25850491803286
739,387.236,0.711363931181465,0.385457536288832,774.472,2017_yk_348,Yukon,2016,0.709314543515971,0.366077290931392,-5.4018909323111e-4,339.945649,500.9051851,954.728,0.708949002,238.25850491803286
740,387.76,0.710464491916953,0.387224584748948,775.52,2017_yk_348,Yukon,2016,0.709285811369437,0.365462785340638,-6.1450559075454e-4,339.945649,500.9051851,954.728,0.708949002,238.25850491803286
741,388.284,0.706902534600313,0.371507965209855,776.568,2017_yk_348,Yukon,2016,0.709338948645437,0.364567222159396,-8.9556318124201e-4,339.945649,500.9051851,954.728,0.708949002,238.25850491803286
742,388.808,0.708124031356649,0.363733633849554,777.616,2017_yk_348,Yukon,2016,0.70938849561777,0.363518144859714,-0.0010490772996819,339.945649,500.9051851,954.728,0.708949002,238.25850491803286
743,389.332,0.708847074358962,0.364238697186348,778.664,2017_yk_348,Yukon,2016,0.70938405316178,0.363140228579068,-3.779162806462e-4,339.945649,500.9051851,954.728,0.708949002,238.25850491803286
744,389.856,0.708856625879476,0.364610411948711,779.712,2017_yk_348,Yukon,2016,0.709407397852514,0.362943161379404,-1.9706719966322e-4,339.945649,500.9051851,954.728,0.708949002,238.25850491803286
745,390.38,0.708924225784044,0.367685957026429,780.76,2017_yk_348,Yukon,2016,0.709391109395531,0.362753269704078,-1.8989167532601e-4,339.945649,500.9051851,954.728,0.708949002,238.25850491803286
746,390.904,0.711953007863498,0.363147516257239,781.808,2017_yk_348,Yukon,2016,0.709425320898651,0.362640797131979,-1.12472572099e-4,339.945649,500.9051851,954.728,0.708949002,238.25850491803286
747,391.428,0.707145625140189,0.366469883159243,782.856,2017_yk_348,Yukon,2016,0.709409363428364,0.362565395816844,-7.54013151356148e-5,339.945649,500.9051851,954.728,0.708949002,238.25850491803286
748,391.952,0.710549783512395,0.371544818917522,783.904,2017_yk_348,Yukon,2016,0.709498666378973,0.36241840172537,-1.4699409147367e-4,339.945649,500.9051851,954.728,0.708949002,238.25850491803286
749,392.476,0.710963920447466,0.372698333518913,784.952,2017_yk_348,Yukon,2016,0.709487939442204,0.36224258029779,-1.7582142758026e-4,339.945649,500.9051851,954.728,0.708949002,238.25850491803286
750,393,0.711063584039117,0.372903311592415,786,2017_yk_348,Yukon,2016,0.709468883955761,0.361952291854404,-2.9028844338546e-4,339.945649,500.9051851,954.728,0.708949002,238.25850491803286
751,393.524,0.710847353952791,0.372081156490045,787.048,2017_yk_348,Yukon,2016,0.709533302608334,0.361616387369941,-3.3590448446302e-4,339.945649,500.9051851,954.728,0.708949002,238.25850491803286
752,394.048,0.710054964811067,0.369511146845486,788.096,2017_yk_348,Yukon,2016,0.709548524879222,0.361094954171411,-5.2143319853037e-4,339.945649,500.9051851,954.728,0.708949002,238.25850491803286
753,394.572,0.708945536066608,0.359071122212975,789.144,2017_yk_348,Yukon,2016,0.709527992586248,0.360645803415858,-4.4915075555285e-4,339.945649,500.9051851,954.728,0.708949002,238.25850491803286
754,395.096,0.707489264611817,0.353385260893617,790.192,2017_yk_348,Yukon,2016,0.709555922784853,0.360209572139603,-4.3623127625536e-4,339.945649,500.9051851,954.728,0.708949002,238.25850491803286
755,395.62,0.708779013700995,0.35181388361559,791.24,2017_yk_348,Yukon,2016,0.709602604856676,0.359634991113847,-5.7458102575613e-4,339.945649,500.9051851,954.728,0.708949002,238.25850491803286
756,396.144,0.711727268725851,0.35396199196025,792.288,2017_yk_348,Yukon,2016,0.709584189430492,0.359231943782692,-4.0304733115481e-4,339.945649,500.9051851,954.728,0.708949002,238.25850491803286
757,396.668,0.712492632241543,0.366517301113971,793.336,2017_yk_348,Yukon,2016,0.70969021394761,0.358956347937319,-2.7559584537284e-4,339.945649,500.9051851,954.728,0.708949002,238.25850491803286
758,397.192,0.710205549220871,0.369598212292024,794.384,2017_yk_348,Yukon,2016,0.709666140310999,0.358535852723518,-4.2049521380077e-4,339.945649,500.9051851,954.728,0.708949002,238.25850491803286
759,397.716,0.70756318364668,0.357928756199957,795.432,2017_yk_348,Yukon,2016,0.70971602043841,0.358305649673949,-2.3020304956927e-4,339.945649,500.9051851,954.728,0.708949002,238.25850491803286
760,398.24,0.710104345448487,0.355474888813453,796.48,2017_yk_348,Yukon,2016,0.70976484805248,0.358078708396383,-2.2694127756556e-4,339.945649,500.9051851,954.728,0.708949002,238.25850491803286
761,398.764,0.7091618406132,0.344966692071168,797.528,2017_yk_348,Yukon,2016,0.709799311464587,0.357900438658147,-1.7826973823642e-4,339.945649,500.9051851,954.728,0.708949002,238.25850491803286
762,399.288,0.708130469164689,0.350212739487145,798.576,2017_yk_348,Yukon,2016,0.709769165536392,0.357800147246417,-1.002914117299e-4,339.945649,500.9051851,954.728,0.708949002,238.25850491803286
763,399.812,0.707793716833493,0.343954603101443,799.624,2017_yk_348,Yukon,2016,0.709731533955952,0.357559830027742,-2.4031721867451e-4,339.945649,500.9051851,954.728,0.708949002,238.25850491803286
764,400.336,0.708735742151565,0.35675483832322,800.672,2017_yk_348,Yukon,2016,0.709779896016432,0.357026839959907,-5.3299006783563e-4,339.945649,500.9051851,954.728,0.708949002,238.25850491803286
765,400.86,0.708873950181422,0.359119234452943,801.72,2017_yk_348,Yukon,2016,0.709832499264964,0.356439004528722,-5.878354311844e-4,339.945649,500.9051851,954.728,0.708949002,238.25850491803286
766,401.384,0.710649451998881,0.346898872023977,802.768,2017_yk_348,Yukon,2016,0.709871912769714,0.355986936363945,-4.5206816477783e-4,339.945649,500.9051851,954.728,0.708949002,238.25850491803286
767,401.908,0.711055061204245,0.344165011951699,803.816,2017_yk_348,Yukon,2016,0.70989932538653,0.35562406074247,-3.6287562147491e-4,339.945649,500.9051851,954.728,0.708949002,238.25850491803286
768,402.432,0.711307289182918,0.344343486187819,804.864,2017_yk_348,Yukon,2016,0.709918764615596,0.355236992529776,-3.870682126934e-4,339.945649,500.9051851,954.728,0.708949002,238.25850491803286
769,402.956,0.708352506683144,0.349146737128717,805.912,2017_yk_348,Yukon,2016,0.709927349385072,0.354838008883907,-3.9898364586932e-4,339.945649,500.9051851,954.728,0.708949002,238.25850491803286
770,403.48,0.708640155472972,0.339865819896091,806.96,2017_yk_348,Yukon,2016,0.709949721499797,0.354144766316929,-6.93242566978e-4,339.945649,500.9051851,954.728,0.708949002,238.25850491803286
771,404.004,0.711189548771732,0.333207855437409,808.008,2017_yk_348,Yukon,2016,0.709988592219706,0.353688068272263,-4.566980446658e-4,339.945649,500.9051851,954.728,0.708949002,238.25850491803286
772,404.528,0.711314438515732,0.329228083703081,809.056,2017_yk_348,Yukon,2016,0.710043240552911,0.353769060010349,8.09917380854563e-5,339.945649,500.9051851,954.728,0.708949002,238.25850491803286
773,405.052,0.709252520915424,0.350899472062724,810.104,2017_yk_348,Yukon,2016,0.710111394250713,0.353891175683094,1.22115672745e-4,339.945649,500.9051851,954.728,0.708949002,238.25850491803286
774,405.576,0.709746562521298,0.353529695891966,811.152,2017_yk_348,Yukon,2016,0.710101840121645,0.354059680614165,1.685049310719e-4,339.945649,500.9051851,954.728,0.708949002,238.25850491803286
775,406.1,0.704960267938643,0.354844370822758,812.2,2017_yk_348,Yukon,2016,0.710086059464401,0.354275970427136,2.1628981297089e-4,339.945649,500.9051851,954.728,0.708949002,238.25850491803286
776,406.624,0.710732597383302,0.351183755212997,813.248,2017_yk_348,Yukon,2016,0.710014870071841,0.354447131463169,1.7116103603254e-4,339.945649,500.9051851,954.728,0.708949002,238.25850491803286
777,407.148,0.709660589985735,0.349555636775019,814.296,2017_yk_348,Yukon,2016,0.710068793234111,0.354624090742513,1.7695927934452e-4,339.945649,500.9051851,954.728,0.708949002,238.25850491803286
778,407.672,0.711918239208963,0.352591695490864,815.344,2017_yk_348,Yukon,2016,0.710122172642004,0.354392657824555,-2.3143291795796e-4,339.945649,500.9051851,954.728,0.708949002,238.25850491803286
779,408.196,0.710500134866922,0.353459427992482,816.392,2017_yk_348,Yukon,2016,0.710157549601723,0.354258083600005,-1.3457422455021e-4,339.945649,500.9051851,954.728,0.708949002,238.25850491803286
780,408.72,0.708187597087762,0.348218164669006,817.44,2017_yk_348,Yukon,2016,0.710168538530893,0.35410696599827,-1.5111760173469e-4,339.945649,500.9051851,954.728,0.708949002,238.25850491803286
781,409.244,0.709682871856682,0.353845674686693,818.488,2017_yk_348,Yukon,2016,0.710213302024291,0.354057795769681,-4.9170228589912e-5,339.945649,500.9051851,954.728,0.708949002,238.25850491803286
782,409.768,0.71043482462455,0.345882029987311,819.536,2017_yk_348,Yukon,2016,0.710235834449742,0.353930985497194,-1.2681027248695e-4,339.945649,500.9051851,954.728,0.708949002,238.25850491803286
783,410.292,0.709421907777129,0.343793973013058,820.584,2017_yk_348,Yukon,2016,0.710257948666583,0.354075389961611,1.4440446441721e-4,339.945649,500.9051851,954.728,0.708949002,238.25850491803286
784,410.816,0.70901185981919,0.341732860014617,821.632,2017_yk_348,Yukon,2016,0.71031517635631,0.354240850056506,1.6546009489532e-4,339.945649,500.9051851,954.728,0.708949002,238.25850491803286
785,411.34,0.71143466602071,0.343605302595288,822.68,2017_yk_348,Yukon,2016,0.710394172636081,0.354501008307984,2.6015825147818e-4,339.945649,500.9051851,954.728,0.708949002,238.25850491803286
786,411.864,0.711320323416369,0.342780957006358,823.728,2017_yk_348,Yukon,2016,0.710389556860796,0.35509705087666,5.9604256867551e-4,339.945649,500.9051851,954.728,0.708949002,238.25850491803286
787,412.388,0.71392083483895,0.345778921553951,824.776,2017_yk_348,Yukon,2016,0.710390263978275,0.355625989884341,5.2893900768152e-4,339.945649,500.9051851,954.728,0.708949002,238.25850491803286
788,412.912,0.708400262893507,0.339531872873294,825.824,2017_yk_348,Yukon,2016,0.710386200716593,0.356216270861745,5.9028097740332e-4,339.945649,500.9051851,954.728,0.708949002,238.25850491803286
789,413.436,0.713439994047053,0.349962105918465,826.872,2017_yk_348,Yukon,2016,0.710469738082647,0.356993822997496,7.7755213575081e-4,339.945649,500.9051851,954.728,0.708949002,238.25850491803286
790,413.96,0.709734182694355,0.352216395331094,827.92,2017_yk_348,Yukon,2016,0.710482892527892,0.357729027396687,7.3520439919122e-4,339.945649,500.9051851,954.728,0.708949002,238.25850491803286
791,414.484,0.709989734399253,0.351400079641327,828.968,2017_yk_348,Yukon,2016,0.710492616735801,0.358476078019763,7.4705062307606e-4,339.945649,500.9051851,954.728,0.708949002,238.25850491803286
792,415.008,0.708752022671399,0.351884724567423,830.016,2017_yk_348,Yukon,2016,0.710554395807536,0.359088273664889,6.1219564512576e-4,339.945649,500.9051851,954.728,0.708949002,238.25850491803286
793,415.532,0.708323956054938,0.35033919057949,831.064,2017_yk_348,Yukon,2016,0.710607366878275,0.359982131084787,8.9385741989866e-4,339.945649,500.9051851,954.728,0.708949002,238.25850491803286
794,416.056,0.711495707786586,0.351158111153719,832.112,2017_yk_348,Yukon,2016,0.710638568935509,0.360894143045627,9.1201196083934e-4,339.945649,500.9051851,954.728,0.708949002,238.25850491803286
795,416.58,0.711729350192087,0.354017783719278,833.16,2017_yk_348,Yukon,2016,0.710666331740963,0.362024561558442,0.0011304185128157,339.945649,500.9051851,954.728,0.708949002,238.25850491803286
796,417.104,0.712152043119528,0.351765357248933,834.208,2017_yk_348,Yukon,2016,0.710676509693763,0.363310285171295,0.00128572361285317,339.945649,500.9051851,954.728,0.708949002,238.25850491803286
797,417.628,0.711044576681944,0.364534937339368,835.256,2017_yk_348,Yukon,2016,0.710659624518083,0.364723797671838,0.00141351250054278,339.945649,500.9051851,954.728,0.708949002,238.25850491803286
798,418.152,0.711306128852256,0.363276711732988,836.304,2017_yk_348,Yukon,2016,0.710672993530292,0.366341487378392,0.00161768970655363,339.945649,500.9051851,954.728,0.708949002,238.25850491803286
799,418.676,0.71187901735003,0.361518517536671,837.352,2017_yk_348,Yukon,2016,0.710699098399696,0.368202310340022,0.00186082296162987,339.945649,500.9051851,954.728,0.708949002,238.25850491803286
800,419.2,0.711806818800464,0.345630030730268,838.4,2017_yk_348,Yukon,2016,0.71075703238402,0.370358253303384,0.00215594296336219,339.945649,500.9051851,954.728,0.708949002,238.25850491803286
801,419.724,0.709234777794875,0.344106082529906,839.448,2017_yk_348,Yukon,2016,0.71076827806453,0.372853941198363,0.00249568789497912,339.945649,500.9051851,954.728,0.708949002,238.25850491803286
802,420.248,0.711402931348906,0.368593138134684,840.496,2017_yk_348,Yukon,2016,0.710759135443512,0.37567181537013,0.00281787417176704,339.945649,500.9051851,954.728,0.708949002,238.25850491803286
803,420.772,0.7129362962271,0.371565637551047,841.544,2017_yk_348,Yukon,2016,0.710791637535843,0.378447774207528,0.00277595883739823,339.945649,500.9051851,954.728,0.708949002,238.25850491803286
804,421.296,0.708283378135366,0.374720707813024,842.592,2017_yk_348,Yukon,2016,0.710813032340239,0.381096244526677,0.00264847031914883,339.945649,500.9051851,954.728,0.708949002,238.25850491803286
805,421.82,0.707977386349436,0.380663345804683,843.64,2017_yk_348,Yukon,2016,0.710876348041788,0.38399047516099,0.0028942306343131,339.945649,500.9051851,954.728,0.708949002,238.25850491803286
806,422.344,0.707681644309882,0.373417178419192,844.688,2017_yk_348,Yukon,2016,0.710857080672969,0.387213695784052,0.00322322062306185,339.945649,500.9051851,954.728,0.708949002,238.25850491803286
807,422.868,0.710381014876386,0.377087439919913,845.736,2017_yk_348,Yukon,2016,0.710849916583392,0.390867738029918,0.00365404224586602,339.945649,500.9051851,954.728,0.708949002,238.25850491803286
808,423.392,0.713752547985961,0.357658843840043,846.784,2017_yk_348,Yukon,2016,0.71079741581224,0.395043063689716,0.00417532565979783,339.945649,500.9051851,954.728,0.708949002,238.25850491803286
809,423.916,0.713086538030617,0.364623880045901,847.832,2017_yk_348,Yukon,2016,0.710791162251485,0.399768618472731,0.00472555478301478,339.945649,500.9051851,954.728,0.708949002,238.25850491803286
810,424.44,0.711722919789326,0.363836255488333,848.88,2017_yk_348,Yukon,2016,0.71081926837171,0.404824917348638,0.00505629887590769,339.945649,500.9051851,954.728,0.708949002,238.25850491803286
811,424.964,0.713533163556697,0.369130942774652,849.928,2017_yk_348,Yukon,2016,0.71081756228569,0.409646604364666,0.0048216870160272,339.945649,500.9051851,954.728,0.708949002,238.25850491803286
812,425.488,0.7114069103381,0.361902530496269,850.976,2017_yk_348,Yukon,2016,0.710804071032114,0.414967020217555,0.00532041585288895,339.945649,500.9051851,954.728,0.708949002,238.25850491803286
813,426.012,0.710272389077097,0.367735390078007,852.024,2017_yk_348,Yukon,2016,0.710822593749331,0.420453083957056,0.00548606373950183,339.945649,500.9051851,954.728,0.708949002,238.25850491803286
814,426.536,0.710922925995407,0.363312866587334,853.072,2017_yk_348,Yukon,2016,0.710819600374283,0.426249336886579,0.00579625292952285,339.945649,500.9051851,954.728,0.708949002,238.25850491803286
815,427.06,0.71351879048727,0.36742337870428,854.12,2017_yk_348,Yukon,2016,0.710803210361733,0.432457510748414,0.00620817386183475,339.945649,500.9051851,954.728,0.708949002,238.25850491803286
816,427.584,0.711450322208766,0.389724546080782,855.168,2017_yk_348,Yukon,2016,0.710805616929531,0.43868561126105,0.00622810051263545,339.945649,500.9051851,954.728,0.708949002,238.25850491803286
817,428.108,0.712535059290252,0.398253641574864,856.216,2017_yk_348,Yukon,2016,0.710726244980367,0.445306671245859,0.00662105998480927,339.945649,500.9051851,954.728,0.708949002,238.25850491803286
818,428.632,0.70996175351994,0.405015070936225,857.264,2017_yk_348,Yukon,2016,0.710761413539543,0.452592472877055,0.00728580163119608,339.945649,500.9051851,954.728,0.708949002,238.25850491803286
819,429.156,0.712575425609973,0.404581884345005,858.312,2017_yk_348,Yukon,2016,0.710708214502078,0.459938125183054,0.00734565230599887,339.945649,500.9051851,954.728,0.708949002,238.25850491803286
820,429.68,0.710893612163134,0.399587152764924,859.36,2017_yk_348,Yukon,2016,0.710695189709155,0.467371095826976,0.00743297064392229,339.945649,500.9051851,954.728,0.708949002,238.25850491803286
821,430.204,0.709745293087764,0.389789729455732,860.408,2017_yk_348,Yukon,2016,0.710699555840124,0.474648674224824,0.00727757839784798,339.945649,500.9051851,954.728,0.708949002,238.25850491803286
822,430.728,0.71183721346878,0.38694447819469,861.456,2017_yk_348,Yukon,2016,0.710723454331718,0.481917127800639,0.00726845357581524,339.945649,500.9051851,954.728,0.708949002,238.25850491803286
823,431.252,0.710971981077845,0.397586048295366,862.504,2017_yk_348,Yukon,2016,0.710766319633574,0.489589298917792,0.00767217111715318,339.945649,500.9051851,954.728,0.708949002,238.25850491803286
824,431.776,0.710607865585619,0.411475555973578,863.552,2017_yk_348,Yukon,2016,0.710739091858725,0.497694106576128,0.00810480765833516,339.945649,500.9051851,954.728,0.708949002,238.25850491803286
825,432.3,0.71053971850865,0.426944345221888,864.6,2017_yk_348,Yukon,2016,0.710684206432182,0.506343838360172,0.00864973178404493,339.945649,500.9051851,954.728,0.708949002,238.25850491803286
826,432.824,0.71126012916687,0.424042288795168,865.648,2017_yk_348,Yukon,2016,0.710633415085133,0.514893621560584,0.00854978320041166,339.945649,500.9051851,954.728,0.708949002,238.25850491803286
827,433.348,0.710041950663446,0.428975761984266,866.696,2017_yk_348,Yukon,2016,0.710624644211656,0.522802901376892,0.00790927981630807,339.945649,500.9051851,954.728,0.708949002,238.25850491803286
828,433.872,0.71210942991547,0.441404868581037,867.744,2017_yk_348,Yukon,2016,0.710603308535984,0.531050904937945,0.00824800356105282,339.945649,500.9051851,954.728,0.708949002,238.25850491803286
829,434.396,0.709918798847356,0.46079611482651,868.792,2017_yk_348,Yukon,2016,0.710555585629328,0.539807395127136,0.00875649018919133,339.945649,500.9051851,954.728,0.708949002,238.25850491803286
830,434.92,0.712116194532465,0.469222397697822,869.84,2017_yk_348,Yukon,2016,0.710546585941807,0.549110199559151,0.00930280443201448,339.945649,500.9051851,954.728,0.708949002,238.25850491803286
831,435.444,0.711864289602292,0.482949129136158,870.888,2017_yk_348,Yukon,2016,0.710549468711985,0.558561482679303,0.00945128312015175,339.945649,500.9051851,954.728,0.708949002,238.25850491803286
832,435.968,0.710765881254628,0.498300534009103,871.936,2017_yk_348,Yukon,2016,0.710535442922386,0.567616822734636,0.00905534005533359,339.945649,500.9051851,954.728,0.708949002,238.25850491803286
833,436.492,0.711202646455285,0.517457002306617,872.984,2017_yk_348,Yukon,2016,0.710460234347731,0.576860278329317,0.00924345559468098,339.945649,500.9051851,954.728,0.708949002,238.25850491803286
834,437.016,0.711030250785053,0.512437915040897,874.032,2017_yk_348,Yukon,2016,0.710490320196015,0.58657488498632,0.00971460665700297,339.945649,500.9051851,954.728,0.708949002,238.25850491803286
835,437.54,0.708759210031638,0.528498208881544,875.08,2017_yk_348,Yukon,2016,0.71052220210221,0.596752872330689,0.0101779873443689,339.945649,500.9051851,954.728,0.708949002,238.25850491803286
836,438.064,0.709576555254145,0.544576992596709,876.128,2017_yk_348,Yukon,2016,0.710556182754743,0.607052055384746,0.0102991830540573,339.945649,500.9051851,954.728,0.708949002,238.25850491803286
837,438.588,0.70923074461111,0.56879817152698,877.176,2017_yk_348,Yukon,2016,0.710540029791798,0.617696334070325,0.0106442786855788,339.945649,500.9051851,954.728,0.708949002,238.25850491803286
838,439.112,0.708768192939832,0.603111235078735,878.224,2017_yk_348,Yukon,2016,0.710457835505829,0.629034049790968,0.0113377157206426,339.945649,500.9051851,954.728,0.708949002,238.25850491803286
839,439.636,0.710124921221647,0.636992714973368,879.272,2017_yk_348,Yukon,2016,0.710382703425577,0.640854140322027,0.0118200905310591,339.945649,500.9051851,954.728,0.708949002,238.25850491803286
840,440.16,0.709873964301218,0.651596097223468,880.32,2017_yk_348,Yukon,2016,0.710347791102914,0.652902982018561,0.0120488416965341,339.945649,500.9051851,954.728,0.708949002,238.25850491803286
841,440.684,0.709580506695493,0.643146895648327,881.368,2017_yk_348,Yukon,2016,0.710286480110567,0.664772254455878,0.0118692724373167,339.945649,500.9051851,954.728,0.708949002,238.25850491803286
842,441.208,0.709625349410031,0.665106981160646,882.416,2017_yk_348,Yukon,2016,0.710242712488372,0.676846195028203,0.0120739405723255,339.945649,500.9051851,954.728,0.708949002,238.25850491803286
843,441.732,0.710533270810142,0.672957797383167,883.464,2017_yk_348,Yukon,2016,0.71022073012797,0.688764020154885,0.0119178251266817,339.945649,500.9051851,954.728,0.708949002,238.25850491803286
844,442.256,0.708832257316308,0.689508035785987,884.512,2017_yk_348,Yukon,2016,0.710213824755954,0.701081919980527,0.012317899825642,339.945649,500.9051851,954.728,0.708949002,238.25850491803286
845,442.78,0.710451265267704,0.716095734305374,885.56,2017_yk_348,Yukon,2016,0.710138349724452,0.712879197458231,0.0117972774777038,339.945649,500.9051851,954.728,0.708949002,238.25850491803286
846,443.304,0.711464717484227,0.716466987764486,886.608,2017_yk_348,Yukon,2016,0.710102386135136,0.723994040446431,0.0111148429882004,339.945649,500.9051851,954.728,0.708949002,238.25850491803286
847,443.828,0.709158517889136,0.743042520642507,887.656,2017_yk_348,Yukon,2016,0.710053493704633,0.734746980141012,0.0107529396945807,339.945649,500.9051851,954.728,0.708949002,238.25850491803286
848,444.352,0.710510376444075,0.776679970745058,888.704,2017_yk_348,Yukon,2016,0.710060627075746,0.745734624423178,0.0109876442821657,339.945649,500.9051851,954.728,0.708949002,238.25850491803286
849,444.876,0.71024805179915,0.7907012442784,889.752,2017_yk_348,Yukon,2016,0.710026068354079,0.756818783565149,0.0110841591419718,339.945649,500.9051851,954.728,0.708949002,238.25850491803286
850,445.4,0.708952695118966,0.79819463396643,890.8,2017_yk_348,Yukon,2016,0.709997861364533,0.768190013145596,0.0113712295804471,339.945649,500.9051851,954.728,0.708949002,238.25850491803286
851,445.924,0.710251702257372,0.788054783512206,891.848,2017_yk_348,Yukon,2016,0.709990814679393,0.780330776880554,0.0121407637349571,339.945649,500.9051851,954.728,0.708949002,238.25850491803286
852,446.448,0.710185932167036,0.787991939116336,892.896,2017_yk_348,Yukon,2016,0.709953208505816,0.792836531647412,0.0125057547668581,339.945649,500.9051851,954.728,0.708949002,238.25850491803286
853,446.972,0.710895874166296,0.810669457608683,893.944,2017_yk_348,Yukon,2016,0.709929079965402,0.804759893352956,0.0119233617055439,339.945649,500.9051851,954.728,0.708949002,238.25850491803286
854,447.496,0.709862041295686,0.837446570653828,894.992,2017_yk_348,Yukon,2016,0.709895449710096,0.816214835111847,0.0114549417588911,339.945649,500.9051851,954.728,0.708949002,238.25850491803286
855,448.02,0.70843622459948,0.873001690761978,896.04,2017_yk_348,Yukon,2016,0.709892818689105,0.827523070995689,0.0113082358838428,339.945649,500.9051851,954.728,0.708949002,238.25850491803286
856,448.544,0.709104562296593,0.864752349273631,897.088,2017_yk_348,Yukon,2016,0.709870661469225,0.839047662446979,0.0115245914512898,339.945649,500.9051851,954.728,0.708949002,238.25850491803286
857,449.068,0.710518324273321,0.839091726317854,898.136,2017_yk_348,Yukon,2016,0.709841026611097,0.850715760941789,0.0116680984948101,339.945649,500.9051851,954.728,0.708949002,238.25850491803286
858,449.592,0.710025988311943,0.858156925396153,899.184,2017_yk_348,Yukon,2016,0.709793116134627,0.86212288844294,0.0114071275011512,339.945649,500.9051851,954.728,0.708949002,238.25850491803286
859,450.116,0.70901564295066,0.88690792888815,900.232,2017_yk_348,Yukon,2016,0.709786917552064,0.873340814556722,0.0112179261137816,339.945649,500.9051851,954.728,0.708949002,238.25850491803286
860,450.64,0.711266837549206,0.903798296651139,901.28,2017_yk_348,Yukon,2016,0.709728595739337,0.884644347329962,0.0113035327732401,339.945649,500.9051851,954.728,0.708949002,238.25850491803286
861,451.164,0.70940774400558,0.911183069739008,902.328,2017_yk_348,Yukon,2016,0.709691686966682,0.895670099881827,0.0110257525518646,339.945649,500.9051851,954.728,0.708949002,238.25850491803286
862,451.688,0.710561383972938,0.911913541454695,903.376,2017_yk_348,Yukon,2016,0.709671107483025,0.906613932123501,0.0109438322416747,339.945649,500.9051851,954.728,0.708949002,238.25850491803286
863,452.212,0.708423781747828,0.926172973231909,904.424,2017_yk_348,Yukon,2016,0.709634979712304,0.917860521941569,0.0112465898180678,339.945649,500.9051851,954.728,0.708949002,238.25850491803286
864,452.736,0.71008852903238,0.957597107233206,905.472,2017_yk_348,Yukon,2016,0.709604676223102,0.929373252370603,0.0115127304290337,339.945649,500.9051851,954.728,0.708949002,238.25850491803286
865,453.26,0.709890300721177,0.99134258646681,906.52,2017_yk_348,Yukon,2016,0.709610781587854,0.940983523185736,0.0116102708151334,339.945649,500.9051851,954.728,0.708949002,238.25850491803286
866,453.784,0.70972048346182,0.991368161662631,907.568,2017_yk_348,Yukon,2016,0.709608557406514,0.952204513270745,0.0112209900850085,339.945649,500.9051851,954.728,0.708949002,238.25850491803286
867,454.308,0.709411837099695,1.01574416105465,908.616,2017_yk_348,Yukon,2016,0.709599973959574,0.962667599750509,0.010463086479764,339.945649,500.9051851,954.728,0.708949002,238.25850491803286
868,454.832,0.708820890827824,1.0379217870786,909.664,2017_yk_348,Yukon,2016,0.709619406833895,0.972259657282963,0.00959205753245385,339.945649,500.9051851,954.728,0.708949002,238.25850491803286
869,455.356,0.70857861321551,1.07382931190945,910.712,2017_yk_348,Yukon,2016,0.709618136170615,0.981350739186264,0.00909108190330077,339.945649,500.9051851,954.728,0.708949002,238.25850491803286
870,455.88,0.709628180429552,1.08676675728037,911.76,2017_yk_348,Yukon,2016,0.709605157940562,0.990155199062854,0.00880445987659073,339.945649,500.9051851,954.728,0.708949002,238.25850491803286
871,456.404,0.709854504015859,1.08128728901366,912.808,2017_yk_348,Yukon,2016,0.709610403204202,0.999103454999963,0.0089482559371088,339.945649,500.9051851,954.728,0.708949002,238.25850491803286
872,456.928,0.708780853006395,1.0863389648358,913.856,2017_yk_348,Yukon,2016,0.709588004567943,1.00731519828414,0.0082117432841784,339.945649,500.9051851,954.728,0.708949002,238.25850491803286
873,457.452,0.708953447452945,1.08280489767891,914.904,2017_yk_348,Yukon,2016,0.709577593504174,1.01542372429156,0.0081085260074194,339.945649,500.9051851,954.728,0.708949002,238.25850491803286
874,457.976,0.710508603674481,1.10238685612585,915.952,2017_yk_348,Yukon,2016,0.709574534795494,1.02283622701448,0.00741250272292149,339.945649,500.9051851,954.728,0.708949002,238.25850491803286
875,458.5,0.708990288597148,1.07526002736651,917,2017_yk_348,Yukon,2016,0.709551588911688,1.02996890141183,0.00713267439734322,339.945649,500.9051851,954.728,0.708949002,238.25850491803286
876,459.024,0.709292506849782,1.0566151253728,918.048,2017_yk_348,Yukon,2016,0.709520386907273,1.03743703950136,0.00746813808953339,339.945649,500.9051851,954.728,0.708949002,238.25850491803286
877,459.548,0.70960151346007,1.04343002324971,919.096,2017_yk_348,Yukon,2016,0.709517381979909,1.04477916765078,0.0073421281494217,339.945649,500.9051851,954.728,0.708949002,238.25850491803286
878,460.072,0.710389755786753,1.06427372786616,920.144,2017_yk_348,Yukon,2016,0.70950557778966294,1.05183369766465,0.00705453001386758,339.945649,500.9051851,954.728,0.708949002,238.25850491803286
879,460.596,0.710501902309946,1.06963143286331,921.192,2017_yk_348,Yukon,2016,0.709490191439573,1.05889446956292,0.00706077189827536,339.945649,500.9051851,954.728,0.708949002,238.25850491803286
880,461.12,0.709201192790386,1.08186092759175,922.24,2017_yk_348,Yukon,2016,0.709514327788416,1.06554571192799,0.00665124236506442,339.945649,500.9051851,954.728,0.708949002,238.25850491803286
881,461.644,0.70932249197938,1.11823555355316,923.288,2017_yk_348,Yukon,2016,0.709482798374598,1.07258868418169,0.00704297225369821,339.945649,500.9051851,954.728,0.708949002,238.25850491803286
882,462.168,0.709580843054132,1.13728976420618,924.336,2017_yk_348,Yukon,2016,0.709460744416493,1.07928273515589,0.00669405097419906,339.945649,500.9051851,954.728,0.708949002,238.25850491803286
883,462.692,0.709524268652994,1.112987750628,925.384,2017_yk_348,Yukon,2016,0.709432374537363,1.08556388967682,0.00628115452093025,339.945649,500.9051851,954.728,0.708949002,238.25850491803286
884,463.216,0.708590050267259,1.09877206150704,926.432,2017_yk_348,Yukon,2016,0.709426514042668,1.09144795744345,0.00588406776663852,339.945649,500.9051851,954.728,0.708949002,238.25850491803286
885,463.74,0.710381857249222,1.10543849825246,927.48,2017_yk_348,Yukon,2016,0.709433005526125,1.09681216565956,0.00536420821610539,339.945649,500.9051851,954.728,0.708949002,238.25850491803286
886,464.264,0.70993069597408,1.11551777587255,928.528,2017_yk_348,Yukon,2016,0.709445733850156,1.1024962962237,0.00568413056413686,339.945649,500.9051851,954.728,0.708949002,238.25850491803286
887,464.788,0.708263859175768,1.12906167167287,929.576,2017_yk_348,Yukon,2016,0.709399658990719,1.1081446156587,0.0056483194350036604,339.945649,500.9051851,954.728,0.708949002,238.25850491803286
888,465.312,0.709234801327271,1.12583251865011,930.624,2017_yk_348,Yukon,2016,0.709392265043929,1.11289953385287,0.00475491819417062,339.945649,500.9051851,954.728,0.708949002,238.25850491803286
889,465.836,0.709546883893543,1.13387168165341,931.672,2017_yk_348,Yukon,2016,0.709387551500378,1.11718468475113,0.00428515089825621,339.945649,500.9051851,954.728,0.708949002,238.25850491803286
890,466.36,0.708616885768843,1.14743436409223,932.72,2017_yk_348,Yukon,2016,0.709354640479081,1.12132705791047,0.00414237315934574,339.945649,500.9051851,954.728,0.708949002,238.25850491803286
891,466.884,0.70964976324298,1.14449428224803,933.768,2017_yk_348,Yukon,2016,0.709356569736359,1.12524808604122,0.00392102813074535,339.945649,500.9051851,954.728,0.708949002,238.25850491803286
892,467.408,0.709531112235254,1.15493046850959,934.816,2017_yk_348,Yukon,2016,0.709326201421887,1.12906386359693,0.00381577755570905,339.945649,500.9051851,954.728,0.708949002,238.25850491803286
893,467.932,0.709034980211979,1.19225239139068,935.864,2017_yk_348,Yukon,2016,0.709321561159021,1.13266754040478,0.00360367680785756,339.945649,500.9051851,954.728,0.708949002,238.25850491803286
894,468.456,0.709212041432964,1.20320174078292,936.912,2017_yk_348,Yukon,2016,0.709308336916872,1.1350686914049,0.00240115100011273,339.945649,500.9051851,954.728,0.708949002,238.25850491803286
895,468.98,0.709125531916745,1.22511445778955,937.96,2017_yk_348,Yukon,2016,0.709308533202592,1.13692260383528,0.00185391243037936,339.945649,500.9051851,954.728,0.708949002,238.25850491803286
896,469.504,0.709443104373716,1.21783639769722,939.008,2017_yk_348,Yukon,2016,0.709310918491425,1.13902356637156,0.00210096253627978,339.945649,500.9051851,954.728,0.708949002,238.25850491803286
897,470.028,0.708715737794739,1.19658336031282,940.056,2017_yk_348,Yukon,2016,0.709303898286757,1.14092878754814,0.00190522117658332,339.945649,500.9051851,954.728,0.708949002,238.25850491803286
898,470.552,0.709934165399068,1.17863468702596,941.104,2017_yk_348,Yukon,2016,0.709321122123747,1.14247666902812,0.00154788147997564,339.945649,500.9051851,954.728,0.708949002,238.25850491803286
899,471.076,0.71004868142486,1.18245762917142,942.152,2017_yk_348,Yukon,2016,0.709338610758938,1.14378946949167,0.00131280046355098,339.945649,500.9051851,954.728,0.708949002,238.25850491803286
900,471.6,0.709095270498075,1.17986368981891,943.2,2017_yk_348,Yukon,2016,0.709328930328061,1.14490725777762,0.00111778828595388,339.945649,500.9051851,954.728,0.708949002,238.25850491803286
901,472.124,0.70989522251388,1.18004225187486,944.248,2017_yk_348,Yukon,2016,0.709319327187945,1.14634225026394,0.00143499248631995,339.945649,500.9051851,954.728,0.708949002,238.25850491803286
902,472.648,0.708281431234471,1.15781157821134,945.296,2017_yk_348,Yukon,2016,0.709324268542936,1.14790936466487,0.00156711440093349,339.945649,500.9051851,954.728,0.708949002,238.25850491803286
903,473.172,0.709908606984007,1.15946935782833,946.344,2017_yk_348,Yukon,2016,0.709335709570533,1.14940398319604,0.00149461853116883,339.945649,500.9051851,954.728,0.708949002,238.25850491803286
904,473.696,0.70864873479552,1.13425819916128,947.392,2017_yk_348,Yukon,2016,0.709314418834737,1.15057219808962,0.00116821489357366,339.945649,500.9051851,954.728,0.708949002,238.25850491803286
905,474.22,0.709074512239311,1.14405619814596,948.44,2017_yk_348,Yukon,2016,0.709320625168198,1.15261284362842,0.00204064553880201,339.945649,500.9051851,954.728,0.708949002,238.25850491803286
906,474.744,0.709592597219334,1.16455527313649,949.488,2017_yk_348,Yukon,2016,0.70932461086195,1.15507450155727,0.00246165792885455,339.945649,500.9051851,954.728,0.708949002,238.25850491803286
907,475.268,0.708978222247332,1.18357020960781,950.536,2017_yk_348,Yukon,2016,0.709339590841099,1.1579035821253,0.00282908056802977,339.945649,500.9051851,954.728,0.708949002,238.25850491803286
908,475.792,0.709802125029286,1.19995177157711,951.584,2017_yk_348,Yukon,2016,0.709301779565485,1.15995453656934,0.0020509544440408,339.945649,500.9051851,954.728,0.708949002,238.25850491803286
909,476.316,0.709324870793739,1.21434755817493,952.632,2017_yk_348,Yukon,2016,0.709279533295593,1.16187661080049,0.0019220742311421,339.945649,500.9051851,954.728,0.708949002,238.25850491803286
910,476.84,0.710400876049588,1.19726917587029,953.68,2017_yk_348,Yukon,2016,0.709273825811875,1.1636576300741,0.00178101927361851,339.945649,500.9051851,954.728,0.708949002,238.25850491803286
911,477.364,0.708359937428287,1.21063311873411,954.728,2017_yk_348,Yukon,2016,0.709272288929906,1.16445863546948,8.0100539537175e-4,339.945649,500.9051851,954.728,0.708949002,238.25850491803286
912,477.888,0.708862694680693,1.18963499756827,955.776,2017_yk_348,Yukon,2016,0.70926832103669,1.16509465406533,6.3601859585915e-4,339.945649,500.9051851,954.728,0.708949002,238.25850491803286
913,478.412,0.709193681418498,1.1875387288645,956.824,2017_yk_348,Yukon,2016,0.709276028029142,1.16638540326142,0.00129074919609007,339.945649,500.9051851,954.728,0.708949002,238.25850491803286
914,478.936,0.709510411613996,1.19049063665215,957.872,2017_yk_348,Yukon,2016,0.709306028987525,1.16785183986349,0.0014664366020698,339.945649,500.9051851,954.728,0.708949002,238.25850491803286
915,479.46,0.708825713606939,1.19485418372829,958.92,2017_yk_348,Yukon,2016,0.70929236594502,1.16982008513904,0.0019682452755494,339.945649,500.9051851,954.728,0.708949002,238.25850491803286
916,479.984,0.7098682617384,1.2058001831218501,959.968,2017_yk_348,Yukon,2016,0.709275122189777,1.17098535032503,0.00116526518598614,339.945649,500.9051851,954.728,0.708949002,238.25850491803286
917,480.508,0.70775383270711,1.17799089241807,961.016,2017_yk_348,Yukon,2016,0.709307172162204,1.17154078492868,5.5543460365314e-4,339.945649,500.9051851,954.728,0.708949002,238.25850491803286
918,481.032,0.709582351504547,1.14345201704638,962.064,2017_yk_348,Yukon,2016,0.709304891383887,1.17249710303871,9.5631811002361e-4,339.945649,500.9051851,954.728,0.708949002,238.25850491803286
919,481.556,0.708732830337626,1.14401698278353,963.112,2017_yk_348,Yukon,2016,0.709328550972885,1.17372212164014,0.00122501860142865,339.945649,500.9051851,954.728,0.708949002,238.25850491803286
920,482.08,0.709292176271378,1.15234068621187,964.16,2017_yk_348,Yukon,2016,0.709334838198337,1.17487797951868,0.00115585787854,339.945649,500.9051851,954.728,0.708949002,238.25850491803286
921,482.604,0.709523499442278,1.14644475758373,965.208,2017_yk_348,Yukon,2016,0.709320507299051,1.17629296618136,0.0014149866626858,339.945649,500.9051851,954.728,0.708949002,238.25850491803286
922,483.128,0.708739285104606,1.14086019479724,966.256,2017_yk_348,Yukon,2016,0.709308817077662,1.17714426386584,8.5129768447522e-4,339.945649,500.9051851,954.728,0.708949002,238.25850491803286
923,483.652,0.70814536597589,1.14239358170336,967.304,2017_yk_348,Yukon,2016,0.709321890028253,1.1779614542442,8.1719037836136e-4,339.945649,500.9051851,954.728,0.708949002,238.25850491803286
924,484.176,0.7092950745034,1.10166616723998,968.352,2017_yk_348,Yukon,2016,0.709329235749615,1.17937343517709,0.00141198093289252,339.945649,500.9051851,954.728,0.708949002,238.25850491803286
925,484.7,0.709902077864373,1.10257733228957,969.4,2017_yk_348,Yukon,2016,0.709326176116612,1.18083313835977,0.00145970318267707,339.945649,500.9051851,954.728,0.708949002,238.25850491803286
926,485.224,0.709863600791803,1.11742591383943,970.448,2017_yk_348,Yukon,2016,0.709317718321591,1.18268311169679,0.00184997333702386,339.945649,500.9051851,954.728,0.708949002,238.25850491803286
927,485.748,0.708990624819664,1.13005743164963,971.496,2017_yk_348,Yukon,2016,0.709336314949856,1.18413405925274,0.0014509475559481,339.945649,500.9051851,954.728,0.708949002,238.25850491803286
928,486.272,0.709854321047223,1.13079467587714,972.544,2017_yk_348,Yukon,2016,0.709324227541041,1.18619074415175,0.00205668489901001,339.945649,500.9051851,954.728,0.708949002,238.25850491803286
929,486.796,0.70962793132693,1.15259733972252,973.592,2017_yk_348,Yukon,2016,0.709317057775368,1.18832894783657,0.00213820368481787,339.945649,500.9051851,954.728,0.708949002,238.25850491803286
930,487.32,0.709047354576957,1.15383405443759,974.64,2017_yk_348,Yukon,2016,0.709330091348075,1.19053651888075,0.00220757104418179,339.945649,500.9051851,954.728,0.708949002,238.25850491803286
931,487.844,0.709278315608903,1.16738683819286,975.688,2017_yk_348,Yukon,2016,0.709324952091104,1.19300692821976,0.00247040933901488,339.945649,500.9051851,954.728,0.708949002,238.25850491803286
932,488.368,0.709077334305836,1.18036582889182,976.736,2017_yk_348,Yukon,2016,0.709332100282686,1.19567367347557,0.00266674525580823,339.945649,500.9051851,954.728,0.708949002,238.25850491803286
933,488.892,0.709639909108768,1.17248200954903,977.784,2017_yk_348,Yukon,2016,0.709329502875366,1.19787364857,0.00219997509443082,339.945649,500.9051851,954.728,0.708949002,238.25850491803286
934,489.416,0.709231159526718,1.17247974974026,978.832,2017_yk_348,Yukon,2016,0.709351248760977,1.2003778082875,0.0025041597175004,339.945649,500.9051851,954.728,0.708949002,238.25850491803286
935,489.94,0.709362668604794,1.19769875969464,979.88,2017_yk_348,Yukon,2016,0.709365872481626,1.20301907609583,0.00264126780832785,339.945649,500.9051851,954.728,0.708949002,238.25850491803286
936,490.464,0.70953164847489,1.20431460110408,980.928,2017_yk_348,Yukon,2016,0.709357842600282,1.20540443637575,0.00238536027991487,339.945649,500.9051851,954.728,0.708949002,238.25850491803286
937,490.988,0.710500312208998,1.21317485733148,981.976,2017_yk_348,Yukon,2016,0.709372799506502,1.2075731980737,0.0021687616979531,339.945649,500.9051851,954.728,0.708949002,238.25850491803286
938,491.512,0.708121079249931,1.18733099450862,983.024,2017_yk_348,Yukon,2016,0.709373316885312,1.2099019989283,0.00232880085459808,339.945649,500.9051851,954.728,0.708949002,238.25850491803286
939,492.036,0.709167126116424,1.18495588673183,984.072,2017_yk_348,Yukon,2016,0.709374252548296,1.2118612518838,0.0019592529555037,339.945649,500.9051851,954.728,0.708949002,238.25850491803286
940,492.56,0.708858743767323,1.18872208400886,985.12,2017_yk_348,Yukon,2016,0.709367524363793,1.21379536893754,0.00193411705373858,339.945649,500.9051851,954.728,0.708949002,238.25850491803286
941,493.084,0.709230279061267,1.16629587727547,986.168,2017_yk_348,Yukon,2016,0.709391327680232,1.21518854156663,0.00139317262909389,339.945649,500.9051851,954.728,0.708949002,238.25850491803286
942,493.608,0.709342769461113,1.17545087995773,987.216,2017_yk_348,Yukon,2016,0.709391604544355,1.21700031476483,0.00181177319819947,339.945649,500.9051851,954.728,0.708949002,238.25850491803286
943,494.132,0.709986688200165,1.1904327023934,988.264,2017_yk_348,Yukon,2016,0.709395169701755,1.21852422365386,0.00152390888902887,339.945649,500.9051851,954.728,0.708949002,238.25850491803286
944,494.656,0.710390107770235,1.18675825763123,989.312,2017_yk_348,Yukon,2016,0.709398977852708,1.2202657480232,0.00174152436933706,339.945649,500.9051851,954.728,0.708949002,238.25850491803286
945,495.18,0.709562074698882,1.22353321478541,990.36,2017_yk_348,Yukon,2016,0.709419816130426,1.22180406063605,0.00153831261285498,339.945649,500.9051851,954.728,0.708949002,238.25850491803286
946,495.704,0.708896070659525,1.18543368703173,991.408,2017_yk_348,Yukon,2016,0.709419839170174,1.22361976165871,0.00181570102265249,339.945649,500.9051851,954.728,0.708949002,238.25850491803286
947,496.228,0.710186857521385,1.16238774789205,992.456,2017_yk_348,Yukon,2016,0.709462854169698,1.22560506072426,0.00198529906554845,339.945649,500.9051851,954.728,0.708949002,238.25850491803286
948,496.752,0.709097954628251,1.18321160525153,993.504,2017_yk_348,Yukon,2016,0.709454159729634,1.22832344145322,0.00271838072896746,339.945649,500.9051851,954.728,0.708949002,238.25850491803286
949,497.276,0.710966459233447,1.20737279773913,994.552,2017_yk_348,Yukon,2016,0.709467136356121,1.23095324568437,0.00262980423114723,339.945649,500.9051851,954.728,0.708949002,238.25850491803286
950,497.8,0.708994119295921,1.21678583680463,995.6,2017_yk_348,Yukon,2016,0.709473079595874,1.23370130963874,0.00274806395436955,339.945649,500.9051851,954.728,0.708949002,238.25850491803286
951,498.324,0.708789909285874,1.22939348200919,996.648,2017_yk_348,Yukon,2016,0.709478738329707,1.23685527127745,0.00315396163871173,339.945649,500.9051851,954.728,0.708949002,238.25850491803286
952,498.848,0.708829698951893,1.20600832957809,997.696,2017_yk_348,Yukon,2016,0.709491052674723,1.23974526695879,0.0028899956813373,339.945649,500.9051851,954.728,0.708949002,238.25850491803286
953,499.372,0.709819357247412,1.24128381409237,998.744,2017_yk_348,Yukon,2016,0.709496505938631,1.24250809571933,0.00276282876053746,339.945649,500.9051851,954.728,0.708949002,238.25850491803286
954,499.896,0.709652784714697,1.28792059675647,999.792,2017_yk_348,Yukon,2016,0.709492895316493,1.24617631173196,0.00366821601263179,339.945649,500.9051851,954.728,0.708949002,238.25850491803286
955,500.42,0.708941953936566,1.31269664875019,1000.84,2017_yk_348,Yukon,2016,0.709483550474111,1.24966329380712,0.00348698207516396,339.945649,500.9051851,954.728,0.708949002,238.25850491803286
956,500.944,0.708935636672438,1.32883479791864,1001.888,2017_yk_348,Yukon,2016,0.709483560345005,1.25242376462766,0.0027604708205422,339.945649,500.9051851,954.728,0.708949002,238.25850491803286
957,501.468,0.70983153549067,1.28364021366973,1002.936,2017_yk_348,Yukon,2016,0.70950248148572,1.25450213085555,0.00207836622788338,339.945649,500.9051851,954.728,0.708949002,238.25850491803286
958,501.992,0.709208920870173,1.30203578096656,1003.984,2017_yk_348,Yukon,2016,0.709504169449405,1.25739769985702,0.00289556900147758,339.945649,500.9051851,954.728,0.708949002,238.25850491803286
959,502.516,0.709618495484472,1.31074985026048,1005.032,2017_yk_348,Yukon,2016,0.709514959725278,1.2603049821373,0.00290728228027137,339.945649,500.9051851,954.728,0.708949002,238.25850491803286
960,503.04,0.709877284860451,1.31231795246982,1006.08,2017_yk_348,Yukon,2016,0.709532215609176,1.26306676295259,0.00276178081529044,339.945649,500.9051851,954.728,0.708949002,238.25850491803286
961,503.564,0.709586867095644,1.32826681221575,1007.128,2017_yk_348,Yukon,2016,0.709519711017355,1.26554005232751,0.00247328937492108,339.945649,500.9051851,954.728,0.708949002,238.25850491803286
962,504.088,0.708710322729404,1.31781629355984,1008.176,2017_yk_348,Yukon,2016,0.709506575654626,1.26722542355948,0.00168537123197154,339.945649,500.9051851,954.728,0.708949002,238.25850491803286
963,504.612,0.709752762544814,1.29146786349417,1009.224,2017_yk_348,Yukon,2016,0.709502917687634,1.26915703648032,0.00193161292084554,339.945649,500.9051851,954.728,0.708949002,238.25850491803286
964,505.136,0.709953487932178,1.2845077822113,1010.272,2017_yk_348,Yukon,2016,0.709499773790882,1.27099937809148,0.00184234161115215,339.945649,500.9051851,954.728,0.708949002,238.25850491803286
965,505.66,0.709951935478257,1.30253226664563,1011.32,2017_yk_348,Yukon,2016,0.709501125840054,1.27327816927288,0.00227879118140417,339.945649,500.9051851,954.728,0.708949002,238.25850491803286
966,506.184,0.709110804338667,1.30767688993139,1012.368,2017_yk_348,Yukon,2016,0.70949029031123,1.27520679784246,0.00192862856957876,339.945649,500.9051851,954.728,0.708949002,238.25850491803286
967,506.708,0.709875636620537,1.313695911485,1013.416,2017_yk_348,Yukon,2016,0.709471395329785,1.27699306365488,0.00178626581241881,339.945649,500.9051851,954.728,0.708949002,238.25850491803286
968,507.232,0.70983316775787,1.339679822853,1014.464,2017_yk_348,Yukon,2016,0.709494040122273,1.27892857569642,0.00193551204154296,339.945649,500.9051851,954.728,0.708949002,238.25850491803286
969,507.756,0.7093810105728,1.33190273550516,1015.512,2017_yk_348,Yukon,2016,0.709493582410205,1.28073559821667,0.00180702252025156,339.945649,500.9051851,954.728,0.708949002,238.25850491803286
970,508.28,0.709997184979404,1.3133161990946,1016.56,2017_yk_348,Yukon,2016,0.709503242437867,1.28257635772838,0.00184075951170382,339.945649,500.9051851,954.728,0.708949002,238.25850491803286
971,508.804,0.709788136414624,1.29422347647975,1017.608,2017_yk_348,Yukon,2016,0.709508093950606,1.28449723432318,0.001920876594806,339.945649,500.9051851,954.728,0.708949002,238.25850491803286
972,509.328,0.708879306528091,1.29834138946024,1018.656,2017_yk_348,Yukon,2016,0.709514958058578,1.2861232400431,0.00162600571991245,339.945649,500.9051851,954.728,0.708949002,238.25850491803286
973,509.852,0.709407590862468,1.27897326220622,1019.704,2017_yk_348,Yukon,2016,0.709519248716323,1.28741982158907,0.00129658154597223,339.945649,500.9051851,954.728,0.708949002,238.25850491803286
974,510.376,0.709738900671164,1.29498209881238,1020.752,2017_yk_348,Yukon,2016,0.709490783584695,1.28930420141002,0.0018843798209498,339.945649,500.9051851,954.728,0.708949002,238.25850491803286
975,510.9,0.710076010270038,1.28715294049959,1021.8,2017_yk_348,Yukon,2016,0.709499776022522,1.2907939033854,0.00148970197538523,339.945649,500.9051851,954.728,0.708949002,238.25850491803286
976,511.424,0.709869644123302,1.31474224448099,1022.848,2017_yk_348,Yukon,2016,0.709494079635884,1.29258261081049,0.00178870742509218,339.945649,500.9051851,954.728,0.708949002,238.25850491803286
977,511.948,0.710334732678502,1.29710883635097,1023.896,2017_yk_348,Yukon,2016,0.70951209772445,1.29445188077447,0.00186926996397285,339.945649,500.9051851,954.728,0.708949002,238.25850491803286
978,512.472,0.709060685100706,1.30655486078443,1024.944,2017_yk_348,Yukon,2016,0.70952309642033,1.29625901234534,0.0018071315708692,339.945649,500.9051851,954.728,0.708949002,238.25850491803286
979,512.996,0.709511427926838,1.30180523665237,1025.992,2017_yk_348,Yukon,2016,0.709495862525962,1.29751736025196,0.00125834790662682,339.945649,500.9051851,954.728,0.708949002,238.25850491803286
980,513.52,0.709648770656573,1.31722452347403,1027.04,2017_yk_348,Yukon,2016,0.709487970147966,1.29866504926038,0.00114768900841167,339.945649,500.9051851,954.728,0.708949002,238.25850491803286
981,514.044,0.709863023472262,1.33568245590643,1028.088,2017_yk_348,Yukon,2016,0.709487119845714,1.2996294701507,9.6442089032278e-4,339.945649,500.9051851,954.728,0.708949002,238.25850491803286
982,514.568,0.709478145805556,1.31425993567748,1029.136,2017_yk_348,Yukon,2016,0.709490913879832,1.30051779845612,8.8832830541818e-4,339.945649,500.9051851,954.728,0.708949002,238.25850491803286
983,515.092,0.708472561810415,1.3081633073356,1030.184,2017_yk_348,Yukon,2016,0.709477797003558,1.30163294751143,0.00111514905531851,339.945649,500.9051851,954.728,0.708949002,238.25850491803286
984,515.616,0.709078437175117,1.32175912799789,1031.232,2017_yk_348,Yukon,2016,0.709481817853314,1.30233068159782,6.9773408638185e-4,339.945649,500.9051851,954.728,0.708949002,238.25850491803286
985,516.14,0.709341387321403,1.31179625679941,1032.28,2017_yk_348,Yukon,2016,0.70949130451811,1.30328487649965,9.541949018339e-4,339.945649,500.9051851,954.728,0.708949002,238.25850491803286
986,516.664,0.709864193045457,1.28305416307195,1033.328,2017_yk_348,Yukon,2016,0.709503167719418,1.30395101534931,6.6613884965982e-4,339.945649,500.9051851,954.728,0.708949002,238.25850491803286
987,517.188,0.710125893262587,1.25475940532264,1034.376,2017_yk_348,Yukon,2016,0.709505959070424,1.30531582126508,0.00136480591576493,339.945649,500.9051851,954.728,0.708949002,238.25850491803286
988,517.712,0.709955598868327,1.3045288159658,1035.424,2017_yk_348,Yukon,2016,0.709530529094306,1.30651370758849,0.001197886323417,339.945649,500.9051851,954.728,0.708949002,238.25850491803286
989,518.236,0.710275347879317,1.3270342765388,1036.472,2017_yk_348,Yukon,2016,0.709532218943674,1.30730680824796,7.9310065946769e-4,339.945649,500.9051851,954.728,0.708949002,238.25850491803286
990,518.76,0.710082707610787,1.31954090335502,1037.52,2017_yk_348,Yukon,2016,0.709527766895004,1.30796335892177,6.5655067381031e-4,339.945649,500.9051851,954.728,0.708949002,238.25850491803286
991,519.284,0.708528040099679,1.31578420068812,1038.568,2017_yk_348,Yukon,2016,0.709516102539452,1.30849501664815,5.3165772638208e-4,339.945649,500.9051851,954.728,0.708949002,238.25850491803286
992,519.808,0.70828921254207,1.28148810281011,1039.616,2017_yk_348,Yukon,2016,0.70952480251216,1.30935402239102,8.5900574287034e-4,339.945649,500.9051851,954.728,0.708949002,238.25850491803286
993,520.332,0.709420431089255,1.28837878479977,1040.664,2017_yk_348,Yukon,2016,0.709521391925756,1.31083319827216,0.001479175881135,339.945649,500.9051851,954.728,0.708949002,238.25850491803286
994,520.856,0.709042525721629,1.28302024640939,1041.712,2017_yk_348,Yukon,2016,0.709508077154874,1.31216224590823,0.00132904763607233,339.945649,500.9051851,954.728,0.708949002,238.25850491803286
995,521.38,0.709443791555102,1.33442623057889,1042.76,2017_yk_348,Yukon,2016,0.709485246320675,1.31282793884551,6.6569293728457e-4,339.945649,500.9051851,954.728,0.708949002,238.25850491803286
996,521.904,0.708881516745427,1.3200323152788,1043.808,2017_yk_348,Yukon,2016,0.709505761801675,1.31403715152737,0.00120921268185836,339.945649,500.9051851,954.728,0.708949002,238.25850491803286
997,522.428,0.709366613322295,1.32035080607662,1044.856,2017_yk_348,Yukon,2016,0.70948686011788,1.31506477731984,0.00102762579246507,339.945649,500.9051851,954.728,0.708949002,238.25850491803286
998,522.952,0.709479766799226,1.30346171700118,1045.904,2017_yk_348,Yukon,2016,0.709473199000818,1.31511145673714,4.66794173010765e-5,339.945649,500.9051851,954.728,0.708949002,238.25850491803286
999,523.476,0.709139663392363,1.29337723794693,1046.952,2017_yk_348,Yukon,2016,0.709467821218482,1.3146472435988,-4.6421313834232e-4,339.945649,500.9051851,954.728,0.708949002,238.25850491803286
1000,524,0.709438345427027,1.29916765471109,1048,2017_yk_348,Yukon,2016,0.709439800267824,1.3144485537234,-1.9868987540183e-4,339.945649,500.9051851,954.728,0.708949002,238.25850491803286
1001,524.524,0.70952136982563,1.28154847296382,1049.048,2017_yk_348,Yukon,2016,0.709449875526697,1.31453082606788,8.22723444839912e-5,339.945649,500.9051851,954.728,0.708949002,238.25850491803286
1002,525.048,0.709754615939396,1.27301122315247,1050.096,2017_yk_348,Yukon,2016,0.709446646389614,1.31486083977901,3.3001371113328e-4,339.945649,500.9051851,954.728,0.708949002,238.25850491803286
1003,525.572,0.710244127664895,1.26822759515172,1051.144,2017_yk_348,Yukon,2016,0.709449184582513,1.31566269914373,8.0185936471388e-4,339.945649,500.9051851,954.728,0.708949002,238.25850491803286
1004,526.096,0.708682199872559,1.29982104688822,1052.192,2017_yk_348,Yukon,2016,0.709448649927744,1.31568396991454,2.12707708113768e-5,339.945649,500.9051851,954.728,0.708949002,238.25850491803286
1005,526.62,0.710101620968484,1.31291533330854,1053.24,2017_yk_348,Yukon,2016,0.709433221354415,1.31590376071409,2.1979079954825e-4,339.945649,500.9051851,954.728,0.708949002,238.25850491803286
1006,527.144,0.708554287461268,1.29275613253726,1054.288,2017_yk_348,Yukon,2016,0.709436262428721,1.31559006975902,-3.1369095506872e-4,339.945649,500.9051851,954.728,0.708949002,238.25850491803286
1007,527.668,0.71126794283531,1.27454394573043,1055.336,2017_yk_348,Yukon,2016,0.709402242002274,1.315435461372,-1.5460838701209e-4,339.945649,500.9051851,954.728,0.708949002,238.25850491803286
1008,528.192,0.709757876381052,1.29163949950368,1056.384,2017_yk_348,Yukon,2016,0.709406388506631,1.31501713680914,-4.1832456286106e-4,339.945649,500.9051851,954.728,0.708949002,238.25850491803286
1009,528.716,0.709332425571388,1.28287367213675,1057.432,2017_yk_348,Yukon,2016,0.709391955398495,1.3144998387668,-5.1729804234312e-4,339.945649,500.9051851,954.728,0.708949002,238.25850491803286
1010,529.24,0.708520576616146,1.28564717730933,1058.48,2017_yk_348,Yukon,2016,0.709386951098665,1.31368495699344,-8.1488177336197e-4,339.945649,500.9051851,954.728,0.708949002,238.25850491803286
1011,529.764,0.70873889115075,1.28725873542856,1059.528,2017_yk_348,Yukon,2016,0.709377603274396,1.31323171072579,-4.5324626765141e-4,339.945649,500.9051851,954.728,0.708949002,238.25850491803286
1012,530.288,0.709057340998979,1.25930802790318,1060.576,2017_yk_348,Yukon,2016,0.70936718332326,1.31338816243029,1.5645170450162e-4,339.945649,500.9051851,954.728,0.708949002,238.25850491803286
1013,530.812,0.70903234467098,1.30819275741148,1061.624,2017_yk_348,Yukon,2016,0.709402458101289,1.31327321147008,-1.1495096021074e-4,339.945649,500.9051851,954.728,0.708949002,238.25850491803286
1014,531.336,0.709894035700051,1.32978464193938,1062.672,2017_yk_348,Yukon,2016,0.70941077756482,1.3131520962329,-1.2111523718272e-4,339.945649,500.9051851,954.728,0.708949002,238.25850491803286
1015,531.86,0.709511153824353,1.36994834286022,1063.72,2017_yk_348,Yukon,2016,0.709400533410822,1.31303685007481,-1.1524615808267e-4,339.945649,500.9051851,954.728,0.708949002,238.25850491803286
1016,532.384,0.70964742875092,1.36880312889822,1064.768,2017_yk_348,Yukon,2016,0.709387265113514,1.31375779995706,7.2094988224646e-4,339.945649,500.9051851,954.728,0.708949002,238.25850491803286
1017,532.908,0.709999016551009,1.36552856861561,1065.816,2017_yk_348,Yukon,2016,0.709366356739006,1.31442562810416,6.6782814710375e-4,339.945649,500.9051851,954.728,0.708949002,238.25850491803286
1018,533.432,0.710683122303086,1.37390896037158,1066.864,2017_yk_348,Yukon,2016,0.709344912880099,1.31458343754907,1.5780944490329e-4,339.945649,500.9051851,954.728,0.708949002,238.25850491803286
1019,533.956,0.709719886446552,1.35833588982855,1067.912,2017_yk_348,Yukon,2016,0.709328544911951,1.31390335918224,-6.8007836682948e-4,339.945649,500.9051851,954.728,0.708949002,238.25850491803286
1020,534.48,0.709610161940267,1.35171099289843,1068.96,2017_yk_348,Yukon,2016,0.709329467873891,1.31380785133573,-9.55078465096904e-5,339.945649,500.9051851,954.728,0.708949002,238.25850491803286
1021,535.004,0.708887005762498,1.36016627579867,1070.008,2017_yk_348,Yukon,2016,0.709340267202309,1.31425598527248,4.4813393675191e-4,339.945649,500.9051851,954.728,0.708949002,238.25850491803286
1022,535.528,0.709232321091894,1.36935663813205,1071.056,2017_yk_348,Yukon,2016,0.709360553099744,1.31512993533329,8.7395006081059e-4,339.945649,500.9051851,954.728,0.708949002,238.25850491803286
1023,536.052,0.709548127360583,1.38021841636227,1072.104,2017_yk_348,Yukon,2016,0.709360338367034,1.31557891651546,4.4898118216774e-4,339.945649,500.9051851,954.728,0.708949002,238.25850491803286
1024,536.576,0.709154601679277,1.36425064037565,1073.152,2017_yk_348,Yukon,2016,0.709376049918963,1.31585298464057,2.7406812510877e-4,339.945649,500.9051851,954.728,0.708949002,238.25850491803286
1025,537.1,0.708582085426297,1.3424738428827,1074.2,2017_yk_348,Yukon,2016,0.709378539042914,1.31423438465189,-0.00161859998867708,339.945649,500.9051851,954.728,0.708949002,238.25850491803286
1026,537.624,0.710341733198682,1.3802296508429,1075.248,2017_yk_348,Yukon,2016,0.709384703125949,1.31293940163049,-0.00129498302140285,339.945649,500.9051851,954.728,0.708949002,238.25850491803286
1027,538.148,0.708741535592791,1.37535345903292,1076.296,2017_yk_348,Yukon,2016,0.709385991918717,1.31108769562976,-0.00185170600072393,339.945649,500.9051851,954.728,0.708949002,238.25850491803286
1028,538.672,0.709013500734152,1.34248058789106,1077.344,2017_yk_348,Yukon,2016,0.709367896543995,1.3095058104444,-0.00158188518536062,339.945649,500.9051851,954.728,0.708949002,238.25850491803286
1029,539.196,0.709058343632652,1.30404994720462,1078.392,2017_yk_348,Yukon,2016,0.709372961530141,1.30835385968911,-0.0011519507552924,339.945649,500.9051851,954.728,0.708949002,238.25850491803286
1030,539.72,0.708315927939966,1.30139480657049,1079.44,2017_yk_348,Yukon,2016,0.70937089754568206,1.30775919740268,-5.9466228643279e-4,339.945649,500.9051851,954.728,0.708949002,238.25850491803286
1031,540.244,0.710392651946974,1.29915981714877,1080.488,2017_yk_348,Yukon,2016,0.709364745348396,1.30769994319225,-5.92542104236315e-5,339.945649,500.9051851,954.728,0.708949002,238.25850491803286
1032,540.768,0.708685558303136,1.31814221212823,1081.536,2017_yk_348,Yukon,2016,0.709357981719942,1.30787676154439,1.7681835213667e-4,339.945649,500.9051851,954.728,0.708949002,238.25850491803286
1033,541.292,0.709559882436372,1.32708482408905,1082.584,2017_yk_348,Yukon,2016,0.709327986401618,1.30859899797204,7.222364276469e-4,339.945649,500.9051851,954.728,0.708949002,238.25850491803286
1034,541.816,0.709706821385066,1.29625834506105,1083.632,2017_yk_348,Yukon,2016,0.709330808708737,1.30885478666161,2.5578868956954e-4,339.945649,500.9051851,954.728,0.708949002,238.25850491803286
1035,542.34,0.709150295870236,1.30034038847249,1084.68,2017_yk_348,Yukon,2016,0.709320617143304,1.3083171772218,-5.3760943980396e-4,339.945649,500.9051851,954.728,0.708949002,238.25850491803286
1036,542.864,0.710052108581696,1.29592078717686,1085.728,2017_yk_348,Yukon,2016,0.709332341973799,1.30804825314928,-2.6892407252421e-4,339.945649,500.9051851,954.728,0.708949002,238.25850491803286
1037,543.388,0.708293507091689,1.28783233313025,1086.776,2017_yk_348,Yukon,2016,0.709294811971154,1.30835281221953,3.0455907024751e-4,339.945649,500.9051851,954.728,0.708949002,238.25850491803286
1038,543.912,0.709309475362124,1.28145538701276,1087.824,2017_yk_348,Yukon,2016,0.709292208419865,1.30868580771135,3.3299549182408e-4,339.945649,500.9051851,954.728,0.708949002,238.25850491803286
1039,544.436,0.708645441438637,1.27076735411177,1088.872,2017_yk_348,Yukon,2016,0.709298305444461,1.30875385640657,6.80486952198134e-5,339.945649,500.9051851,954.728,0.708949002,238.25850491803286
1040,544.96,0.709348512666825,1.26833161707231,1089.92,2017_yk_348,Yukon,2016,0.709333665447228,1.30920005358968,4.4619718311e-4,339.945649,500.9051851,954.728,0.708949002,238.25850491803286
1041,545.484,0.709302154016119,1.30848767984733,1090.968,2017_yk_348,Yukon,2016,0.709374402121377,1.30990611589153,7.0606230184666e-4,339.945649,500.9051851,954.728,0.708949002,238.25850491803286
1042,546.008,0.70885294873736,1.32364703794757,1092.016,2017_yk_348,Yukon,2016,0.709371328034944,1.31133522229177,0.0014291064002423,339.945649,500.9051851,954.728,0.708949002,238.25850491803286
1043,546.532,0.710589048492157,1.30126624972295,1093.064,2017_yk_348,Yukon,2016,0.709361584583644,1.3113225506911,-1.26716006647598e-5,339.945649,500.9051851,954.728,0.708949002,238.25850491803286
1044,547.056,0.709577604986976,1.31449221376693,1094.112,2017_yk_348,Yukon,2016,0.70934680074839,1.31030826569693,-0.00101428499417389,339.945649,500.9051851,954.728,0.708949002,238.25850491803286
1045,547.58,0.708726738081559,1.30488148731445,1095.16,2017_yk_348,Yukon,2016,0.709344472256727,1.30890311626611,-0.00140514943082204,339.945649,500.9051851,954.728,0.708949002,238.25850491803286
1046,548.104,0.709068095206957,1.32631115600674,1096.208,2017_yk_348,Yukon,2016,0.709336560958008,1.30805926689706,-8.4384936904657e-4,339.945649,500.9051851,954.728,0.708949002,238.25850491803286
1047,548.628,0.708871390792114,1.29482909414887,1097.256,2017_yk_348,Yukon,2016,0.70931758104212,1.30682872732278,-0.00123053957428443,339.945649,500.9051851,954.728,0.708949002,238.25850491803286
1048,549.152,0.708668967333879,1.31399738265999,1098.304,2017_yk_348,Yukon,2016,0.709304645594005,1.30552611841263,-0.00130260891015044,339.945649,500.9051851,954.728,0.708949002,238.25850491803286
1049,549.676,0.709293269790462,1.28622957452903,1099.352,2017_yk_348,Yukon,2016,0.709298790126046,1.30457069261141,-9.5542580121565e-4,339.945649,500.9051851,954.728,0.708949002,238.25850491803286
1050,550.2,0.710138085327172,1.31381043256443,1100.4,2017_yk_348,Yukon,2016,0.709299792862627,1.30412876858209,-4.4192402932075e-4,339.945649,500.9051851,954.728,0.708949002,238.25850491803286
1051,550.724,0.709175999804751,1.34267223689324,1101.448,2017_yk_348,Yukon,2016,0.70932538542158,1.30277116557777,-0.00135760300431764,339.945649,500.9051851,954.728,0.708949002,238.25850491803286
1052,551.248,0.709506366388214,1.33392510645874,1102.496,2017_yk_348,Yukon,2016,0.709324981922629,1.30117572014513,-0.00159544543264611,339.945649,500.9051851,954.728,0.708949002,238.25850491803286
1053,551.772,0.709407547126644,1.31531765572984,1103.544,2017_yk_348,Yukon,2016,0.709372274303033,1.29979801744435,-0.00137770270077553,339.945649,500.9051851,954.728,0.708949002,238.25850491803286
1054,552.296,0.709985218837374,1.29946433391589,1104.592,2017_yk_348,Yukon,2016,0.709384779932066,1.2989193320424,-8.7868540195068e-4,339.945649,500.9051851,954.728,0.708949002,238.25850491803286
1055,552.82,0.709593138992129,1.23731023125827,1105.64,2017_yk_348,Yukon,2016,0.709410010769558,1.29796915299727,-9.5017904512873e-4,339.945649,500.9051851,954.728,0.708949002,238.25850491803286
1056,553.344,0.709251361727561,1.24233333399463,1106.688,2017_yk_348,Yukon,2016,0.709409138867102,1.29599754871068,-0.00197160428658916,339.945649,500.9051851,954.728,0.708949002,238.25850491803286
1057,553.868,0.709443940888341,1.20924844603319,1107.736,2017_yk_348,Yukon,2016,0.709405826600519,1.29442036913271,-0.00157717957797154,339.945649,500.9051851,954.728,0.708949002,238.25850491803286
1058,554.392,0.708394044315916,1.20854860587955,1108.784,2017_yk_348,Yukon,2016,0.709407802874802,1.29362212141456,-7.982477181534e-4,339.945649,500.9051851,954.728,0.708949002,238.25850491803286
1059,554.916,0.709443562561114,1.22426019262938,1109.832,2017_yk_348,Yukon,2016,0.709410648501307,1.29304798501933,-5.7413639522208e-4,339.945649,500.9051851,954.728,0.708949002,238.25850491803286
1060,555.44,0.709314506359484,1.26348791752511,1110.88,2017_yk_348,Yukon,2016,0.709423254620565,1.29188819845126,-0.00115978656807592,339.945649,500.9051851,954.728,0.708949002,238.25850491803286
1061,555.964,0.709152237988483,1.2779932203384,1111.928,2017_yk_348,Yukon,2016,0.709398007247051,1.29112302205427,-7.6517639698892e-4,339.945649,500.9051851,954.728,0.708949002,238.25850491803286
1062,556.488,0.709348798232172,1.28362032428068,1112.976,2017_yk_348,Yukon,2016,0.709411155833312,1.29015930101454,-9.6372103972597e-4,339.945649,500.9051851,954.728,0.708949002,238.25850491803286
1063,557.012,0.708444408565431,1.31156178081053,1114.024,2017_yk_348,Yukon,2016,0.709413456944442,1.2889902183899,-0.00116908262464133,339.945649,500.9051851,954.728,0.708949002,238.25850491803286
1064,557.536,0.708851538299693,1.3151683682624,1115.072,2017_yk_348,Yukon,2016,0.709403757901069,1.2880027853174,-9.8743307249993e-4,339.945649,500.9051851,954.728,0.708949002,238.25850491803286
1065,558.06,0.709490127042544,1.28065876692029,1116.12,2017_yk_348,Yukon,2016,0.709403936108016,1.28721343188095,-7.8935343645469e-4,339.945649,500.9051851,954.728,0.708949002,238.25850491803286
1066,558.584,0.709257777290945,1.27662068818581,1117.168,2017_yk_348,Yukon,2016,0.709392101592878,1.28626654952361,-9.4688235734175e-4,339.945649,500.9051851,954.728,0.708949002,238.25850491803286
1067,559.108,0.709016142676618,1.29281748994529,1118.216,2017_yk_348,Yukon,2016,0.709409968225131,1.28546551748847,-8.0103203513881e-4,339.945649,500.9051851,954.728,0.708949002,238.25850491803286
1068,559.632,0.709601663303719,1.31161922901312,1119.264,2017_yk_348,Yukon,2016,0.709411005584303,1.28478184428826,-6.8367320021023e-4,339.945649,500.9051851,954.728,0.708949002,238.25850491803286
1069,560.156,0.709698247047127,1.28695659384994,1120.312,2017_yk_348,Yukon,2016,0.709412181679059,1.28368200027914,-0.00109984400912033,339.945649,500.9051851,954.728,0.708949002,238.25850491803286
1070,560.68,0.710642176782161,1.31241900829592,1121.36,2017_yk_348,Yukon,2016,0.709425163263175,1.2830029839879,-6.7901629124134e-4,339.945649,500.9051851,954.728,0.708949002,238.25850491803286
1071,561.204,0.71118309159971,1.32962247353936,1122.408,2017_yk_348,Yukon,2016,0.709423034787204,1.2826028833106,-4.0010067729912e-4,339.945649,500.9051851,954.728,0.708949002,238.25850491803286
1072,561.728,0.708872895813002,1.34505441191772,1123.456,2017_yk_348,Yukon,2016,0.70941605330352,1.28154873796952,-0.00105414534107884,339.945649,500.9051851,954.728,0.708949002,238.25850491803286
1073,562.252,0.708447737592956,1.30743246137159,1124.504,2017_yk_348,Yukon,2016,0.709406317832465,1.28128381829693,-2.6491967258834e-4,339.945649,500.9051851,954.728,0.708949002,238.25850491803286
1074,562.776,0.709007005584855,1.26892754228895,1125.552,2017_yk_348,Yukon,2016,0.709401427485653,1.2803138616664,-9.6995663053167e-4,339.945649,500.9051851,954.728,0.708949002,238.25850491803286
1075,563.3,0.709371444324561,1.28563937701089,1126.6,2017_yk_348,Yukon,2016,0.709417947253175,1.27967291950005,-6.4094216634802e-4,339.945649,500.9051851,954.728,0.708949002,238.25850491803286
1076,563.824,0.70917275082779,1.31817216675543,1127.648,2017_yk_348,Yukon,2016,0.709422465532665,1.27821022013228,-0.00146269936776533,339.945649,500.9051851,954.728,0.708949002,238.25850491803286
1077,564.348,0.708860221597673,1.29169619415854,1128.696,2017_yk_348,Yukon,2016,0.709420403466064,1.27737371911051,-8.3650102177301e-4,339.945649,500.9051851,954.728,0.708949002,238.25850491803286
1078,564.872,0.709906995416185,1.29575242576256,1129.744,2017_yk_348,Yukon,2016,0.70943334744552,1.27585040295149,-0.00152331615902446,339.945649,500.9051851,954.728,0.708949002,238.25850491803286
1079,565.396,0.709368558369041,1.30101034175561,1130.792,2017_yk_348,Yukon,2016,0.709433719383085,1.27487118947234,-9.7921347914353e-4,339.945649,500.9051851,954.728,0.708949002,238.25850491803286
1080,565.92,0.709670326135159,1.32519555113919,1131.84,2017_yk_348,Yukon,2016,0.709414210657849,1.27373763308496,-0.001133556387382,339.945649,500.9051851,954.728,0.708949002,238.25850491803286
1081,566.444,0.710422559299659,1.2787100955396,1132.888,2017_yk_348,Yukon,2016,0.709430159107826,1.27226874047933,-0.00146889260562988,339.945649,500.9051851,954.728,0.708949002,238.25850491803286
1082,566.968,0.709208111154814,1.27362991217329,1133.936,2017_yk_348,Yukon,2016,0.70940355169626,1.27104099689018,-0.00122774358915012,339.945649,500.9051851,954.728,0.708949002,238.25850491803286
1083,567.492,0.712385670184846,1.29755625431575,1134.984,2017_yk_348,Yukon,2016,0.709387299100999,1.26991664997822,-0.00112434691196617,339.945649,500.9051851,954.728,0.708949002,238.25850491803286
1084,568.016,0.709904939421253,1.31152951625861,1136.032,2017_yk_348,Yukon,2016,0.709367367153811,1.26868021003822,-0.00123643993999201,339.945649,500.9051851,954.728,0.708949002,238.25850491803286
1085,568.54,0.710095935675813,1.28546310017497,1137.08,2017_yk_348,Yukon,2016,0.709355657911094,1.26910115312177,4.2094308354867e-4,339.945649,500.9051851,954.728,0.708949002,238.25850491803286
1086,569.064,0.710289419051334,1.26193339364756,1138.128,2017_yk_348,Yukon,2016,0.709359682594423,1.26960693064509,5.057775233157e-4,339.945649,500.9051851,954.728,0.708949002,238.25850491803286
1087,569.588,0.708542799597783,1.28072268435463,1139.176,2017_yk_348,Yukon,2016,0.70936512854923,1.27046986472187,8.6293407678428e-4,339.945649,500.9051851,954.728,0.708949002,238.25850491803286
1088,570.112,0.709132077191148,1.29458572480186,1140.224,2017_yk_348,Yukon,2016,0.70936621347679,1.27106843144541,5.9856672353486e-4,339.945649,500.9051851,954.728,0.708949002,238.25850491803286
1089,570.636,0.709229081222909,1.2696017634913,1141.272,2017_yk_348,Yukon,2016,0.709385129493568,1.2717877632135,7.1933176809713e-4,339.945649,500.9051851,954.728,0.708949002,238.25850491803286
1090,571.16,0.709072295095449,1.23180761248593,1142.32,2017_yk_348,Yukon,2016,0.709389371425349,1.27163608952553,-1.5167368797497e-4,339.945649,500.9051851,954.728,0.708949002,238.25850491803286
1091,571.684,0.708877809536141,1.25324923332944,1143.368,2017_yk_348,Yukon,2016,0.70940488666099,1.27164782334874,1.17338232115127e-5,339.945649,500.9051851,954.728,0.708949002,238.25850491803286
1092,572.208,0.709474473478801,1.26031894974467,1144.416,2017_yk_348,Yukon,2016,0.709393557033147,1.27112912296866,-5.1870038007817e-4,339.945649,500.9051851,954.728,0.708949002,238.25850491803286
1093,572.732,0.70969794910421,1.25693986661058,1145.464,2017_yk_348,Yukon,2016,0.70941605157362,1.27010016472492,-0.00102895824374349,339.945649,500.9051851,954.728,0.708949002,238.25850491803286
1094,573.256,0.709124878782661,1.23701236071106,1146.512,2017_yk_348,Yukon,2016,0.709443741632768,1.26896660093585,-0.00113356378906859,339.945649,500.9051851,954.728,0.708949002,238.25850491803286
1095,573.78,0.709160988287087,1.25297918228521,1147.56,2017_yk_348,Yukon,2016,0.709434983682768,1.26831042228322,-6.5617865263067e-4,339.945649,500.9051851,954.728,0.708949002,238.25850491803286
1096,574.304,0.709342037673416,1.23910784573635,1148.608,2017_yk_348,Yukon,2016,0.709426905275145,1.26777051288138,-5.3990940184278e-4,339.945649,500.9051851,954.728,0.708949002,238.25850491803286
1097,574.828,0.709365505026855,1.23977041102193,1149.656,2017_yk_348,Yukon,2016,0.709436711411124,1.26743212791125,-3.3838497012994e-4,339.945649,500.9051851,954.728,0.708949002,238.25850491803286
1098,575.352,0.709371716912432,1.24043499500014,1150.704,2017_yk_348,Yukon,2016,0.709433392886115,1.2674398743323,7.7464210512801e-6,339.945649,500.9051851,954.728,0.708949002,238.25850491803286
1099,575.876,0.708716007123998,1.20477671356456,1151.752,2017_yk_348,Yukon,2016,0.709440814873704,1.26754251326851,1.0263893621154e-4,339.945649,500.9051851,954.728,0.708949002,238.25850491803286
1100,576.4,0.710127407713771,1.22759063959783,1152.8,2017_yk_348,Yukon,2016,0.709414383078875,1.26727112590887,-2.713873596345e-4,339.945649,500.9051851,954.728,0.708949002,238.25850491803286
1101,576.924,0.709174445457886,1.28448163920939,1153.848,2017_yk_348,Yukon,2016,0.70937713984148,1.26647564467213,-7.9548123674078e-4,339.945649,500.9051851,954.728,0.708949002,238.25850491803286
1102,577.448,0.708434059716312,1.26039831748284,1154.896,2017_yk_348,Yukon,2016,0.70939636198674,1.26577548107457,-7.0016359756897e-4,339.945649,500.9051851,954.728,0.708949002,238.25850491803286
1103,577.972,0.710004920228835,1.28537106936765,1155.944,2017_yk_348,Yukon,2016,0.70940519178327,1.26516240284834,-6.1307822622569e-4,339.945649,500.9051851,954.728,0.708949002,238.25850491803286
1104,578.496,0.709284184178275,1.25629481593503,1156.992,2017_yk_348,Yukon,2016,0.709424345154149,1.26486965893612,-2.9274391222111e-4,339.945649,500.9051851,954.728,0.708949002,238.25850491803286
1105,579.02,0.709717924132898,1.26642495733357,1158.04,2017_yk_348,Yukon,2016,0.7094252557663,1.26353639307373,-0.00133326586239102,339.945649,500.9051851,954.728,0.708949002,238.25850491803286
1106,579.544,0.709339191976306,1.23854919394083,1159.088,2017_yk_348,Yukon,2016,0.709414460549163,1.26157912240815,-0.00195727066557261,339.945649,500.9051851,954.728,0.708949002,238.25850491803286
1107,580.068,0.70874766679609,1.24463903284249,1160.136,2017_yk_348,Yukon,2016,0.709440531437799,1.2602060533758,-0.00137306903235368,339.945649,500.9051851,954.728,0.708949002,238.25850491803286
1108,580.592,0.709445606101219,1.22259841311851,1161.184,2017_yk_348,Yukon,2016,0.709427786896227,1.25875001384241,-0.00145603953339557,339.945649,500.9051851,954.728,0.708949002,238.25850491803286
1109,581.116,0.709315586044371,1.22747676578042,1162.232,2017_yk_348,Yukon,2016,0.709430653248623,1.2572816912215,-0.00146832262090513,339.945649,500.9051851,954.728,0.708949002,238.25850491803286
1110,581.64,0.708967561812987,1.2457970493215,1163.28,2017_yk_348,Yukon,2016,0.709414540344934,1.25574826621963,-0.00153342500186704,339.945649,500.9051851,954.728,0.708949002,238.25850491803286
1111,582.164,0.710132906803418,1.25453868055546,1164.328,2017_yk_348,Yukon,2016,0.709387998308058,1.25492595842965,-8.2230778997916e-4,339.945649,500.9051851,954.728,0.708949002,238.25850491803286
1112,582.688,0.707909921694196,1.26026049110973,1165.376,2017_yk_348,Yukon,2016,0.709388237809935,1.25418255083418,-7.4340759547353e-4,339.945649,500.9051851,954.728,0.708949002,238.25850491803286
1113,583.212,0.708432391410999,1.24785684101188,1166.424,2017_yk_348,Yukon,2016,0.709345571805805,1.25228949863146,-0.00189305220271896,339.945649,500.9051851,954.728,0.708949002,238.25850491803286
1114,583.736,0.708789302006124,1.22527793751637,1167.472,2017_yk_348,Yukon,2016,0.709332241965114,1.25029013232455,-0.00199936630690911,339.945649,500.9051851,954.728,0.708949002,238.25850491803286
1115,584.26,0.708890584429119,1.26256681627119,1168.52,2017_yk_348,Yukon,2016,0.709309091249505,1.24936743094705,-9.2270137750571e-4,339.945649,500.9051851,954.728,0.708949002,238.25850491803286
1116,584.784,0.70949284272727,1.27267998539357,1169.568,2017_yk_348,Yukon,2016,0.709298356932289,1.24858478603342,-7.82644913629e-4,339.945649,500.9051851,954.728,0.708949002,238.25850491803286
1117,585.308,0.709770698176764,1.26102449064024,1170.616,2017_yk_348,Yukon,2016,0.709312431099041,1.24652040573551,-0.00206438029791189,339.945649,500.9051851,954.728,0.708949002,238.25850491803286
1118,585.832,0.708459139969517,1.24446260929164,1171.664,2017_yk_348,Yukon,2016,0.709309582436903,1.24402072256173,-0.00249968317377314,339.945649,500.9051851,954.728,0.708949002,238.25850491803286
1119,586.356,0.710578523567799,1.26742009871521,1172.712,2017_yk_348,Yukon,2016,0.709311942629896,1.24165187881287,-0.00236884374886559,339.945649,500.9051851,954.728,0.708949002,238.25850491803286
1120,586.88,0.709569022266353,1.25438749624661,1173.76,2017_yk_348,Yukon,2016,0.709297513018669,1.24002822566989,-0.00162365314297697,339.945649,500.9051851,954.728,0.708949002,238.25850491803286
1121,587.404,0.710083152126913,1.27869724973109,1174.808,2017_yk_348,Yukon,2016,0.709291444382787,1.23854922292487,-0.00147900274502288,339.945649,500.9051851,954.728,0.708949002,238.25850491803286
1122,587.928,0.7086690205616,1.25249830147599,1175.856,2017_yk_348,Yukon,2016,0.709298237324419,1.23739236075623,-0.00115686216863997,339.945649,500.9051851,954.728,0.708949002,238.25850491803286
1123,588.452,0.709794080993828,1.24982428618592,1176.904,2017_yk_348,Yukon,2016,0.709306577439938,1.23664943482661,-7.4292592961877e-4,339.945649,500.9051851,954.728,0.708949002,238.25850491803286
1124,588.976,0.710512941848595,1.24715454091828,1177.952,2017_yk_348,Yukon,2016,0.709315444495872,1.23623135895279,-4.1807587381992e-4,339.945649,500.9051851,954.728,0.708949002,238.25850491803286
1125,589.5,0.708964650042523,1.24128804776245,1179,2017_yk_348,Yukon,2016,0.709340933995983,1.23537547326035,-8.5588569243544e-4,339.945649,500.9051851,954.728,0.708949002,238.25850491803286
1126,590.024,0.708773072833556,1.24422612407524,1180.048,2017_yk_348,Yukon,2016,0.709343369502228,1.23429593227473,-0.00107954098562435,339.945649,500.9051851,954.728,0.708949002,238.25850491803286
1127,590.548,0.70960451083539,1.27251439173749,1181.096,2017_yk_348,Yukon,2016,0.709341413709334,1.23308272264963,-0.00121320962510052,339.945649,500.9051851,954.728,0.708949002,238.25850491803286
1128,591.072,0.709402551803193,1.3120840142762,1182.144,2017_yk_348,Yukon,2016,0.709353745357869,1.23126994564652,-0.00181277700310423,339.945649,500.9051851,954.728,0.708949002,238.25850491803286
1129,591.596,0.710143566302428,1.29311493002264,1183.192,2017_yk_348,Yukon,2016,0.709360582510664,1.22979022509843,-0.00147972054808942,339.945649,500.9051851,954.728,0.708949002,238.25850491803286
1130,592.12,0.709056269092462,1.29613576671785,1184.24,2017_yk_348,Yukon,2016,0.709335413950042,1.22789495699874,-0.00189526809969243,339.945649,500.9051851,954.728,0.708949002,238.25850491803286
1131,592.644,0.708948497355998,1.28189359933491,1185.288,2017_yk_348,Yukon,2016,0.709329507811459,1.22499955390813,-0.00289540309061409,339.945649,500.9051851,954.728,0.708949002,238.25850491803286
1132,593.168,0.710026224528572,1.30304459606358,1186.336,2017_yk_348,Yukon,2016,0.709354800683102,1.22212584716531,-0.00287370674281462,339.945649,500.9051851,954.728,0.708949002,238.25850491803286
1133,593.692,0.708977525384784,1.27064776779805,1187.384,2017_yk_348,Yukon,2016,0.709333428209788,1.21869216792392,-0.00343367924139559,339.945649,500.9051851,954.728,0.708949002,238.25850491803286
1134,594.216,0.710156207837581,1.25136290755569,1188.432,2017_yk_348,Yukon,2016,0.709327040600685,1.21530505057291,-0.00338711735100605,339.945649,500.9051851,954.728,0.708949002,238.25850491803286
1135,594.74,0.709426081053643,1.20564342526742,1189.48,2017_yk_348,Yukon,2016,0.709307460415957,1.21228404637496,-0.00302100419795504,339.945649,500.9051851,954.728,0.708949002,238.25850491803286
1136,595.264,0.708525037799531,1.20073592682109,1190.528,2017_yk_348,Yukon,2016,0.709307830968273,1.20969066977879,-0.00259337659617098,339.945649,500.9051851,954.728,0.708949002,238.25850491803286
1137,595.788,0.710424474915861,1.20931205221733,1191.576,2017_yk_348,Yukon,2016,0.709300114724151,1.20694200133273,-0.00274866844605626,339.945649,500.9051851,954.728,0.708949002,238.25850491803286
1138,596.312,0.709142322921866,1.20839005375882,1192.624,2017_yk_348,Yukon,2016,0.709303384688001,1.20393818904568,-0.00300381228704572,339.945649,500.9051851,954.728,0.708949002,238.25850491803286
1139,596.836,0.709540539512797,1.2129109845013,1193.672,2017_yk_348,Yukon,2016,0.709298860385923,1.20063428929022,-0.00330389975546752,339.945649,500.9051851,954.728,0.708949002,238.25850491803286
1140,597.36,0.708703551913831,1.23319005102716,1194.72,2017_yk_348,Yukon,2016,0.709326622846305,1.19753745459953,-0.00309683469068545,339.945649,500.9051851,954.728,0.708949002,238.25850491803286
1141,597.884,0.708830037087111,1.22937162814085,1195.768,2017_yk_348,Yukon,2016,0.709313265722401,1.19410078283705,-0.00343667176247675,339.945649,500.9051851,954.728,0.708949002,238.25850491803286
1142,598.408,0.709222481267381,1.22902545644489,1196.816,2017_yk_348,Yukon,2016,0.709339026780596,1.19070791575118,-0.00339286708587361,339.945649,500.9051851,954.728,0.708949002,238.25850491803286
1143,598.932,0.709825709937042,1.1839731221526,1197.864,2017_yk_348,Yukon,2016,0.70934748481088306,1.18806341522195,-0.00264450052923193,339.945649,500.9051851,954.728,0.708949002,238.25850491803286
1144,599.456,0.709105148979798,1.19156753784407,1198.912,2017_yk_348,Yukon,2016,0.709364428554059,1.18581734203284,-0.00224607318911207,339.945649,500.9051851,954.728,0.708949002,238.25850491803286
1145,599.98,0.708706892739306,1.23010101752462,1199.96,2017_yk_348,Yukon,2016,0.709364298203429,1.18251484142472,-0.00330250060811643,339.945649,500.9051851,954.728,0.708949002,238.25850491803286
1146,600.504,0.709645360018393,1.21497469882982,1201.008,2017_yk_348,Yukon,2016,0.709363987503686,1.17851149813171,-0.0040033432930151,339.945649,500.9051851,954.728,0.708949002,238.25850491803286
1147,601.028,0.709387249602881,1.15685986647993,1202.056,2017_yk_348,Yukon,2016,0.709366167815147,1.17534941703031,-0.00316208110139637,339.945649,500.9051851,954.728,0.708949002,238.25850491803286
1148,601.552,0.708961157462874,1.14460473437548,1203.104,2017_yk_348,Yukon,2016,0.709382447840627,1.17200262549923,-0.00334679153107964,339.945649,500.9051851,954.728,0.708949002,238.25850491803286
1149,602.076,0.709370692802512,1.12747113855936,1204.152,2017_yk_348,Yukon,2016,0.709355183368355,1.16852575355512,-0.00347687194410828,339.945649,500.9051851,954.728,0.708949002,238.25850491803286
1150,602.6,0.708206518421777,1.13438842390732,1205.2,2017_yk_348,Yukon,2016,0.70935679851288,1.1657086212752,-0.0028171322799222,339.945649,500.9051851,954.728,0.708949002,238.25850491803286
1151,603.124,0.708513691383278,1.16450906862805,1206.248,2017_yk_348,Yukon,2016,0.709350229888976,1.16201516781386,-0.00369345346133665,339.945649,500.9051851,954.728,0.708949002,238.25850491803286
1152,603.648,0.709882049976674,1.19090721962626,1207.296,2017_yk_348,Yukon,2016,0.70937158126198,1.15874375662458,-0.00327141118928465,339.945649,500.9051851,954.728,0.708949002,238.25850491803286
1153,604.172,0.710198356035344,1.21236431083346,1208.344,2017_yk_348,Yukon,2016,0.709370542850447,1.15538101290188,-0.00336274372269685,339.945649,500.9051851,954.728,0.708949002,238.25850491803286
1154,604.696,0.709656902138718,1.21192780828187,1209.392,2017_yk_348,Yukon,2016,0.709337544465783,1.15252221679165,-0.00285879611023132,339.945649,500.9051851,954.728,0.708949002,238.25850491803286
1155,605.22,0.710690358293743,1.20162604073909,1210.44,2017_yk_348,Yukon,2016,0.70933377347942,1.14986342719099,-0.00265878960066024,339.945649,500.9051851,954.728,0.708949002,238.25850491803286
1156,605.744,0.709488168048109,1.17433538659889,1211.488,2017_yk_348,Yukon,2016,0.709347763811058,1.14688521851155,-0.00297820867944232,339.945649,500.9051851,954.728,0.708949002,238.25850491803286
1157,606.268,0.709248157453222,1.16697783351591,1212.536,2017_yk_348,Yukon,2016,0.709324931272847,1.14340720152035,-0.00347801699119521,339.945649,500.9051851,954.728,0.708949002,238.25850491803286
1158,606.792,0.710111615824529,1.13166837481388,1213.584,2017_yk_348,Yukon,2016,0.709320267217329,1.13917328499865,-0.00423391652169847,339.945649,500.9051851,954.728,0.708949002,238.25850491803286
1159,607.316,0.709126236291713,1.1159934806792,1214.632,2017_yk_348,Yukon,2016,0.70930251682532,1.13550742195446,-0.00366586304419503,339.945649,500.9051851,954.728,0.708949002,238.25850491803286
1160,607.84,0.708617294076439,1.11387455361628,1215.68,2017_yk_348,Yukon,2016,0.709297921980502,1.13178785622235,-0.00371956573210874,339.945649,500.9051851,954.728,0.708949002,238.25850491803286
1161,608.364,0.708820077142952,1.11075745377255,1216.728,2017_yk_348,Yukon,2016,0.709304944168159,1.12818866082023,-0.00359919540211751,339.945649,500.9051851,954.728,0.708949002,238.25850491803286
1162,608.888,0.709951632014855,1.08797591291396,1217.776,2017_yk_348,Yukon,2016,0.709296717998977,1.12426100362997,-0.00392765719025667,339.945649,500.9051851,954.728,0.708949002,238.25850491803286
1163,609.412,0.708722571830024,1.0793503148839,1218.824,2017_yk_348,Yukon,2016,0.70929804463792,1.12001601598158,-0.00424498764839365,339.945649,500.9051851,954.728,0.708949002,238.25850491803286
1164,609.936,0.708900927632071,1.05306777487468,1219.872,2017_yk_348,Yukon,2016,0.709297985859047,1.11625127061771,-0.00376474536387206,339.945649,500.9051851,954.728,0.708949002,238.25850491803286
1165,610.46,0.708543113049244,1.08516470545626,1220.92,2017_yk_348,Yukon,2016,0.709296517478386,1.11364830926991,-0.0026029613477967,339.945649,500.9051851,954.728,0.708949002,238.25850491803286
1166,610.984,0.709361425115254,1.08294659817056,1221.968,2017_yk_348,Yukon,2016,0.709324595008493,1.11119136340828,-0.00245694586163436,339.945649,500.9051851,954.728,0.708949002,238.25850491803286
1167,611.508,0.708284692148755,1.07971892607912,1223.016,2017_yk_348,Yukon,2016,0.709309180084058,1.10908824474387,-0.00210311866441026,339.945649,500.9051851,954.728,0.708949002,238.25850491803286
1168,612.032,0.709641803932187,1.04236967589577,1224.064,2017_yk_348,Yukon,2016,0.709314020807831,1.10680863289352,-0.00227961185034942,339.945649,500.9051851,954.728,0.708949002,238.25850491803286
1169,612.556,0.709044127919726,1.02924278045236,1225.112,2017_yk_348,Yukon,2016,0.709306123251068,1.10480172396358,-0.00200690892994082,339.945649,500.9051851,954.728,0.708949002,238.25850491803286
1170,613.08,0.710633309435906,1.05998696788038,1226.16,2017_yk_348,Yukon,2016,0.709318407953995,1.10275302325545,-0.00204870070812668,339.945649,500.9051851,954.728,0.708949002,238.25850491803286
1171,613.604,0.709331479369188,1.04833837480686,1227.208,2017_yk_348,Yukon,2016,0.709339632027708,1.10085378859877,-0.00189923465667841,339.945649,500.9051851,954.728,0.708949002,238.25850491803286
1172,614.128,0.709455585185883,1.05668846595732,1228.256,2017_yk_348,Yukon,2016,0.709351853046057,1.09917299708539,-0.00168079151338207,339.945649,500.9051851,954.728,0.708949002,238.25850491803286
1173,614.652,0.708939873228222,1.08918680925796,1229.304,2017_yk_348,Yukon,2016,0.709345773721439,1.09852828477242,-6.4471231297091e-4,339.945649,500.9051851,954.728,0.708949002,238.25850491803286
1174,615.176,0.709805926596669,1.09051354616964,1230.352,2017_yk_348,Yukon,2016,0.709354459327439,1.09740949992948,-0.00111878484294348,339.945649,500.9051851,954.728,0.708949002,238.25850491803286
1175,615.7,0.708882763391336,1.06441677978422,1231.4,2017_yk_348,Yukon,2016,0.709357115515912,1.09541699515488,-0.00199250477459723,339.945649,500.9051851,954.728,0.708949002,238.25850491803286
1176,616.224,0.709474200742708,1.03247938781266,1232.448,2017_yk_348,Yukon,2016,0.709324714702442,1.09365500747476,-0.00176198768011981,339.945649,500.9051851,954.728,0.708949002,238.25850491803286
1177,616.748,0.709901516864409,1.07129962455647,1233.496,2017_yk_348,Yukon,2016,0.70932624375637,1.09248801721292,-0.00116699026184008,339.945649,500.9051851,954.728,0.708949002,238.25850491803286
1178,617.272,0.709435941498292,1.04365511742686,1234.544,2017_yk_348,Yukon,2016,0.709341819677327,1.09115224294447,-0.001335774268451,339.945649,500.9051851,954.728,0.708949002,238.25850491803286
1179,617.796,0.708942655231471,1.05880778206872,1235.592,2017_yk_348,Yukon,2016,0.709347273349208,1.08998770173171,-0.0011645412127621,339.945649,500.9051851,954.728,0.708949002,238.25850491803286
1180,618.32,0.709665930937903,1.08535955945127,1236.64,2017_yk_348,Yukon,2016,0.709347718876383,1.08889909887013,-0.00108860286157286,339.945649,500.9051851,954.728,0.708949002,238.25850491803286
1181,618.844,0.709689034692645,1.05709004205088,1237.688,2017_yk_348,Yukon,2016,0.709360889430481,1.08743533588798,-0.00146376298214856,339.945649,500.9051851,954.728,0.708949002,238.25850491803286
1182,619.368,0.709950102941865,1.05621363011891,1238.736,2017_yk_348,Yukon,2016,0.709361413656804,1.08609596879775,-0.00133936709023597,339.945649,500.9051851,954.728,0.708949002,238.25850491803286
1183,619.892,0.709731776301852,1.04805966282411,1239.784,2017_yk_348,Yukon,2016,0.709324378103596,1.08417277647565,-0.00192319232210059,339.945649,500.9051851,954.728,0.708949002,238.25850491803286
1184,620.416,0.708533038768735,1.0756267743044,1240.832,2017_yk_348,Yukon,2016,0.709331811436135,1.0812862796562701,-0.00288649681937403,339.945649,500.9051851,954.728,0.708949002,238.25850491803286
1185,620.94,0.708738390860716,1.08176067172284,1241.88,2017_yk_348,Yukon,2016,0.709309112014913,1.07779242123942,-0.00349385841685135,339.945649,500.9051851,954.728,0.708949002,238.25850491803286
1186,621.464,0.709612492731875,1.06553360330871,1242.928,2017_yk_348,Yukon,2016,0.709305270544052,1.07557869585161,-0.00221372538781583,339.945649,500.9051851,954.728,0.708949002,238.25850491803286
1187,621.988,0.708234558542685,1.06383337226578,1243.976,2017_yk_348,Yukon,2016,0.709315358716291,1.07378734531196,-0.00179135053964452,339.945649,500.9051851,954.728,0.708949002,238.25850491803286
1188,622.512,0.709122708472118,1.05804902297429,1245.024,2017_yk_348,Yukon,2016,0.709303246891745,1.07255010478303,-0.00123724052893226,339.945649,500.9051851,954.728,0.708949002,238.25850491803286
1189,623.036,0.709078542781922,1.07316314737093,1246.072,2017_yk_348,Yukon,2016,0.709307985000896,1.07225635430484,-2.9375047818591e-4,339.945649,500.9051851,954.728,0.708949002,238.25850491803286
1190,623.56,0.708780578403395,1.07296182279133,1247.12,2017_yk_348,Yukon,2016,0.709333900454612,1.07266159199019,4.0523768534117e-4,339.945649,500.9051851,954.728,0.708949002,238.25850491803286
1191,624.084,0.709369828615403,1.06594187520787,1248.168,2017_yk_348,Yukon,2016,0.709351468768579,1.07298315302801,3.2156103782865e-4,339.945649,500.9051851,954.728,0.708949002,238.25850491803286
1192,624.608,0.709532654377639,1.06738516464818,1249.216,2017_yk_348,Yukon,2016,0.70933360773289,1.07322466217958,2.415091515644e-4,339.945649,500.9051851,954.728,0.708949002,238.25850491803286
1193,625.132,0.709057123721334,1.01594850889444,1250.264,2017_yk_348,Yukon,2016,0.709333468597526,1.07405247233402,8.2781015444166e-4,339.945649,500.9051851,954.728,0.708949002,238.25850491803286
1194,625.656,0.71015268110523,1.02547818572336,1251.312,2017_yk_348,Yukon,2016,0.709352561413335,1.07543133054631,0.00137885821228712,339.945649,500.9051851,954.728,0.708949002,238.25850491803286
1195,626.18,0.709337978213983,1.04946574439963,1252.36,2017_yk_348,Yukon,2016,0.709343923129542,1.07614509151137,7.1376096506514e-4,339.945649,500.9051851,954.728,0.708949002,238.25850491803286
1196,626.704,0.710209689605972,1.05331917512303,1253.408,2017_yk_348,Yukon,2016,0.709347591765339,1.07657827373473,4.3318222336252e-4,339.945649,500.9051851,954.728,0.708949002,238.25850491803286
1197,627.228,0.70949957944974,1.0831249323527,1254.456,2017_yk_348,Yukon,2016,0.709357619207764,1.07643717391868,-1.4109981605514e-4,339.945649,500.9051851,954.728,0.708949002,238.25850491803286
1198,627.752,0.709432766348271,1.07161334273786,1255.504,2017_yk_348,Yukon,2016,0.709372894689498,1.0771961662953,7.5899237662202e-4,339.945649,500.9051851,954.728,0.708949002,238.25850491803286
1199,628.276,0.709066686107011,1.09249644870485,1256.552,2017_yk_348,Yukon,2016,0.709356320170414,1.07838194620654,0.00118577991123847,339.945649,500.9051851,954.728,0.708949002,238.25850491803286
1200,628.8,0.709440634089409,1.11026800853957,1257.6,2017_yk_348,Yukon,2016,0.709339040058397,1.07882190975784,4.3996355130171e-4,339.945649,500.9051851,954.728,0.708949002,238.25850491803286
1201,629.324,0.710103481509884,1.11541754874015,1258.648,2017_yk_348,Yukon,2016,0.709347529989955,1.07951459019707,6.9268043922465e-4,339.945649,500.9051851,954.728,0.708949002,238.25850491803286
1202,629.848,0.709955742368371,1.12817796564197,1259.696,2017_yk_348,Yukon,2016,0.709337392056276,1.08078860609323,0.00127401589616238,339.945649,500.9051851,954.728,0.708949002,238.25850491803286
1203,630.372,0.709460950459941,1.14529038337435,1260.744,2017_yk_348,Yukon,2016,0.709344868341736,1.08163591580743,8.4730971419766e-4,339.945649,500.9051851,954.728,0.708949002,238.25850491803286
1204,630.896,0.709626285339818,1.12444044726746,1261.792,2017_yk_348,Yukon,2016,0.709349053884325,1.08186507631886,2.2916051143639e-4,339.945649,500.9051851,954.728,0.708949002,238.25850491803286
1205,631.42,0.708866264047664,1.11055073104878,1262.84,2017_yk_348,Yukon,2016,0.70934676208999,1.0829241345691,0.00105905825023678,339.945649,500.9051851,954.728,0.708949002,238.25850491803286
1206,631.944,0.707701311210166,1.10925543802263,1263.888,2017_yk_348,Yukon,2016,0.70934929306161,1.08449197371038,0.00156783914127923,339.945649,500.9051851,954.728,0.708949002,238.25850491803286
1207,632.468,0.709478992838588,1.08684045076953,1264.936,2017_yk_348,Yukon,2016,0.709343238380941,1.0853679337643,8.7596005391765e-4,339.945649,500.9051851,954.728,0.708949002,238.25850491803286
1208,632.992,0.709895712720323,1.06445827826842,1265.984,2017_yk_348,Yukon,2016,0.70934646755433,1.08601197379747,6.4404003316975e-4,339.945649,500.9051851,954.728,0.708949002,238.25850491803286
1209,633.516,0.709697913115359,1.05759866579364,1267.032,2017_yk_348,Yukon,2016,0.709365583551755,1.08643655538825,4.2458159078728e-4,339.945649,500.9051851,954.728,0.708949002,238.25850491803286
1210,634.04,0.708233250052278,1.0690722522129401,1268.08,2017_yk_348,Yukon,2016,0.709365864118084,1.0868579647642,4.2140937594226e-4,339.945649,500.9051851,954.728,0.708949002,238.25850491803286
1211,634.564,0.709303924629135,1.07668328969914,1269.128,2017_yk_348,Yukon,2016,0.709363929839623,1.08781138940855,9.534246443541e-4,339.945649,500.9051851,954.728,0.708949002,238.25850491803286
1212,635.088,0.709913503556043,1.11054519421211,1270.176,2017_yk_348,Yukon,2016,0.709343961510062,1.0890331119486,0.00122172254005348,339.945649,500.9051851,954.728,0.708949002,238.25850491803286
1213,635.612,0.707976222842906,1.09697277150743,1271.224,2017_yk_348,Yukon,2016,0.709340435600611,1.09028715151377,0.00125403956516434,339.945649,500.9051851,954.728,0.708949002,238.25850491803286
1214,636.136,0.710102902091041,1.03873799911942,1272.272,2017_yk_348,Yukon,2016,0.709352942587636,1.09127474915171,9.8759763794542e-4,339.945649,500.9051851,954.728,0.708949002,238.25850491803286
1215,636.66,0.70932839302041,0.991994535728011,1273.32,2017_yk_348,Yukon,2016,0.709366079995138,1.09160520588879,3.3045673707432e-4,339.945649,500.9051851,954.728,0.708949002,238.25850491803286
1216,637.184,0.709257679796454,1.04151186332994,1274.368,2017_yk_348,Yukon,2016,0.709358990761336,1.09206289022884,4.57684340049e-4,339.945649,500.9051851,954.728,0.708949002,238.25850491803286
1217,637.708,0.709853447787548,1.05949680113723,1275.416,2017_yk_348,Yukon,2016,0.709362862223682,1.09226015324297,1.9726301413092e-4,339.945649,500.9051851,954.728,0.708949002,238.25850491803286
1218,638.232,0.709384906351777,1.05743394307794,1276.464,2017_yk_348,Yukon,2016,0.709369657955662,1.09291637840651,6.5622516354491e-4,339.945649,500.9051851,954.728,0.708949002,238.25850491803286
1219,638.756,0.709410522840801,1.09836845198804,1277.512,2017_yk_348,Yukon,2016,0.709386421003249,1.09321326125231,2.9688284579387e-4,339.945649,500.9051851,954.728,0.708949002,238.25850491803286
1220,639.28,0.710172221299341,1.13818881473675,1278.56,2017_yk_348,Yukon,2016,0.709390779402721,1.09341736902368,2.0410777137591e-4,339.945649,500.9051851,954.728,0.708949002,238.25850491803286
1221,639.804,0.709874175980995,1.13005111604228,1279.608,2017_yk_348,Yukon,2016,0.709397117863653,1.09385106332552,4.336943018357e-4,339.945649,500.9051851,954.728,0.708949002,238.25850491803286
1222,640.328,0.708879969873528,1.10246646200783,1280.656,2017_yk_348,Yukon,2016,0.709394534411799,1.09456549444916,7.1443112364622e-4,339.945649,500.9051851,954.728,0.708949002,238.25850491803286
1223,640.852,0.708714223708177,1.12901892415038,1281.704,2017_yk_348,Yukon,2016,0.709402859054033,1.09563895178076,0.00107345733159137,339.945649,500.9051851,954.728,0.708949002,238.25850491803286
1224,641.376,0.710046496580628,1.13579926761191,1282.752,2017_yk_348,Yukon,2016,0.709387731212488,1.09666991877476,0.00103096699400052,339.945649,500.9051851,954.728,0.708949002,238.25850491803286
1225,641.9,0.708024816021668,1.12799036336018,1283.8,2017_yk_348,Yukon,2016,0.709407850175673,1.09715316752183,4.8324874707472e-4,339.945649,500.9051851,954.728,0.708949002,238.25850491803286
1226,642.424,0.70958154326304,1.1089375315723,1284.848,2017_yk_348,Yukon,2016,0.709389410875449,1.09770825037939,5.5508285755778e-4,339.945649,500.9051851,954.728,0.708949002,238.25850491803286
1227,642.948,0.708886338694239,1.07125293711581,1285.896,2017_yk_348,Yukon,2016,0.709400334101648,1.09809265500231,3.8440462292155e-4,339.945649,500.9051851,954.728,0.708949002,238.25850491803286
1228,643.472,0.710558332836258,1.08790921849311,1286.944,2017_yk_348,Yukon,2016,0.709378218684248,1.09914646700461,0.00105381200229804,339.945649,500.9051851,954.728,0.708949002,238.25850491803286
1229,643.996,0.708049656774692,1.10038957512666,1287.992,2017_yk_348,Yukon,2016,0.709379314642626,1.09975492712155,6.0846011694648e-4,339.945649,500.9051851,954.728,0.708949002,238.25850491803286
1230,644.52,0.709596502714881,1.08638478095848,1289.04,2017_yk_348,Yukon,2016,0.709372888382804,1.10000808581434,2.531586927903e-4,339.945649,500.9051851,954.728,0.708949002,238.25850491803286
1231,645.044,0.709840875262634,1.08989920116033,1290.088,2017_yk_348,Yukon,2016,0.709356724646435,1.09960208110357,-4.0600471077145e-4,339.945649,500.9051851,954.728,0.708949002,238.25850491803286
1232,645.568,0.708847309165179,1.13312941972707,1291.136,2017_yk_348,Yukon,2016,0.709342757087016,1.09967953808071,7.74569771369027e-5,339.945649,500.9051851,954.728,0.708949002,238.25850491803286
1233,646.092,0.709388450355801,1.14002539210983,1292.184,2017_yk_348,Yukon,2016,0.709347809242897,1.09944571848137,-2.3381959933765e-4,339.945649,500.9051851,954.728,0.708949002,238.25850491803286
1234,646.616,0.710057059152006,1.10426317685581,1293.232,2017_yk_348,Yukon,2016,0.709349910893267,1.09969529971505,2.4958123367557e-4,339.945649,500.9051851,954.728,0.708949002,238.25850491803286
1235,647.14,0.708745255731288,1.12796027479842,1294.28,2017_yk_348,Yukon,2016,0.70934784992183,1.10040254407509,7.0724436004532e-4,339.945649,500.9051851,954.728,0.708949002,238.25850491803286
1236,647.664,0.709626059039869,1.12654973628942,1295.328,2017_yk_348,Yukon,2016,0.709391614129712,1.10135279185719,9.5024778209706e-4,339.945649,500.9051851,954.728,0.708949002,238.25850491803286
1237,648.188,0.709538236024314,1.12385722779153,1296.376,2017_yk_348,Yukon,2016,0.709388825803538,1.10200016820575,6.4737634855505e-4,339.945649,500.9051851,954.728,0.708949002,238.25850491803286
1238,648.712,0.709629691901635,1.08229751941705,1297.424,2017_yk_348,Yukon,2016,0.709355837365506,1.10283356694129,8.3339873554488e-4,339.945649,500.9051851,954.728,0.708949002,238.25850491803286
1239,649.236,0.710089615076967,1.08428267751595,1298.472,2017_yk_348,Yukon,2016,0.709349702574838,1.10387901438849,0.00104544744720325,339.945649,500.9051851,954.728,0.708949002,238.25850491803286
1240,649.76,0.709682764917594,1.11064412200781,1299.52,2017_yk_348,Yukon,2016,0.709360279917543,1.10487741934332,9.9840495482173e-4,339.945649,500.9051851,954.728,0.708949002,238.25850491803286
1241,650.284,0.709572977985006,1.11429552071212,1300.568,2017_yk_348,Yukon,2016,0.709352411326236,1.10476475905547,-1.1266028784828e-4,339.945649,500.9051851,954.728,0.708949002,238.25850491803286
1242,650.808,0.708752003168203,1.12951698252212,1301.616,2017_yk_348,Yukon,2016,0.709337761020249,1.10365783286491,-0.00110692619055341,339.945649,500.9051851,954.728,0.708949002,238.25850491803286
1243,651.332,0.709520221734817,1.1233020367339701,1302.664,2017_yk_348,Yukon,2016,0.709352933862701,1.10333195218411,-3.2588068080863e-4,339.945649,500.9051851,954.728,0.708949002,238.25850491803286
1244,651.856,0.709283457990217,1.13488263258113,1303.712,2017_yk_348,Yukon,2016,0.709341603301151,1.10436201205688,0.00103005987277238,339.945649,500.9051851,954.728,0.708949002,238.25850491803286
1245,652.38,0.709526635310807,1.1015880759473,1304.76,2017_yk_348,Yukon,2016,0.709342770227352,1.10645228198249,0.00209026992561068,339.945649,500.9051851,954.728,0.708949002,238.25850491803286
1246,652.904,0.709187138703778,1.09299466371165,1305.808,2017_yk_348,Yukon,2016,0.709348672652118,1.10708605031463,6.337683321429e-4,339.945649,500.9051851,954.728,0.708949002,238.25850491803286
1247,653.428,0.708466846283428,1.07566915311363,1306.856,2017_yk_348,Yukon,2016,0.709355646684147,1.10745566961792,3.6961930328915e-4,339.945649,500.9051851,954.728,0.708949002,238.25850491803286
1248,653.952,0.709530452390952,1.09742253278699,1307.904,2017_yk_348,Yukon,2016,0.709347196904022,1.10796897818101,5.133085630864e-4,339.945649,500.9051851,954.728,0.708949002,238.25850491803286
1249,654.476,0.710084325637098,1.09097611811858,1308.952,2017_yk_348,Yukon,2016,0.709357853781117,1.10865211089893,6.8313271792552e-4,339.945649,500.9051851,954.728,0.708949002,238.25850491803286
1250,655,0.70904208237175,1.08520828907387,1310,2017_yk_348,Yukon,2016,0.709367812027293,1.10880621584941,1.5410495047452e-4,339.945649,500.9051851,954.728,0.708949002,238.25850491803286
1251,655.524,0.709750136271308,1.09196353331802,1311.048,2017_yk_348,Yukon,2016,0.709373699057388,1.10859774000538,-2.0847584402949e-4,339.945649,500.9051851,954.728,0.708949002,238.25850491803286
1252,656.048,0.709377647266405,1.11025103206695,1312.096,2017_yk_348,Yukon,2016,0.70939328947677,1.10944499344979,8.4725344441682e-4,339.945649,500.9051851,954.728,0.708949002,238.25850491803286
1253,656.572,0.709556602255402,1.08035594878992,1313.144,2017_yk_348,Yukon,2016,0.709413643593688,1.10977383965972,3.2884620992179e-4,339.945649,500.9051851,954.728,0.708949002,238.25850491803286
1254,657.096,0.709245010612521,1.0873362053634,1314.192,2017_yk_348,Yukon,2016,0.709386454745065,1.10947697921219,-2.9686044752996e-4,339.945649,500.9051851,954.728,0.708949002,238.25850491803286
1255,657.62,0.71054511600504,1.0784606692241,1315.24,2017_yk_348,Yukon,2016,0.709406837641025,1.10944138608954,-3.559312264656e-5,339.945649,500.9051851,954.728,0.708949002,238.25850491803286
1256,658.144,0.709103331592575,1.0866241465765,1316.288,2017_yk_348,Yukon,2016,0.709386622581419,1.11018771437354,7.4632828399701e-4,339.945649,500.9051851,954.728,0.708949002,238.25850491803286
1257,658.668,0.71015497302168,1.10618920972799,1317.336,2017_yk_348,Yukon,2016,0.709382765523964,1.11121403347635,0.00102631910281814,339.945649,500.9051851,954.728,0.708949002,238.25850491803286
1258,659.192,0.708105841304253,1.13484206287575,1318.384,2017_yk_348,Yukon,2016,0.709352794447122,1.11187776246432,6.6372898796118e-4,339.945649,500.9051851,954.728,0.708949002,238.25850491803286
1259,659.716,0.709132443609713,1.12900405572164,1319.432,2017_yk_348,Yukon,2016,0.709386624249866,1.11244120399854,5.6344153422727e-4,339.945649,500.9051851,954.728,0.708949002,238.25850491803286
1260,660.24,0.70905505850004,1.12545753010699,1320.48,2017_yk_348,Yukon,2016,0.709394870966959,1.11332315118086,8.8194718231293e-4,339.945649,500.9051851,954.728,0.708949002,238.25850491803286
1261,660.764,0.709133657327746,1.09105726609387,1321.528,2017_yk_348,Yukon,2016,0.70937989013946,1.1138366243791,5.1347319824612e-4,339.945649,500.9051851,954.728,0.708949002,238.25850491803286
1262,661.288,0.70911768880326,1.13282538427018,1322.576,2017_yk_348,Yukon,2016,0.709400105671052,1.11339499127808,-4.4163310101952e-4,339.945649,500.9051851,954.728,0.708949002,238.25850491803286
1263,661.812,0.709764079812778,1.13126120741408,1323.624,2017_yk_348,Yukon,2016,0.709382590872414,1.11257506789473,-8.1992338335035e-4,339.945649,500.9051851,954.728,0.708949002,238.25850491803286
1264,662.336,0.709752384362036,1.13941532128799,1324.672,2017_yk_348,Yukon,2016,0.709375177633172,1.11168913914232,-0.00088592875240989005,339.945649,500.9051851,954.728,0.708949002,238.25850491803286
1265,662.86,0.708742605761417,1.1529853926515,1325.72,2017_yk_348,Yukon,2016,0.709399449595201,1.11057226190776,-0.00111687723456644,339.945649,500.9051851,954.728,0.708949002,238.25850491803286
1266,663.384,0.710327163683141,1.16627030494845,1326.768,2017_yk_348,Yukon,2016,0.709393407211523,1.10882032104341,-0.0017519408643436,339.945649,500.9051851,954.728,0.708949002,238.25850491803286
1267,663.908,0.709311693268147,1.12568303168283,1327.816,2017_yk_348,Yukon,2016,0.709401241164299,1.10737798419384,-0.00144233684957684,339.945649,500.9051851,954.728,0.708949002,238.25850491803286
1268,664.432,0.707916406438391,1.11446220240111,1328.864,2017_yk_348,Yukon,2016,0.709393636578815,1.1066628670708,-7.1511712303951e-4,339.945649,500.9051851,954.728,0.708949002,238.25850491803286
1269,664.956,0.709329825675257,1.12032551262584,1329.912,2017_yk_348,Yukon,2016,0.709390208645822,1.10659476539458,-6.81016762205111e-5,339.945649,500.9051851,954.728,0.708949002,238.25850491803286
1270,665.48,0.708867890614588,1.12897654950225,1330.96,2017_yk_348,Yukon,2016,0.709376146014187,1.10672375636196,1.2899096738294e-4,339.945649,500.9051851,954.728,0.708949002,238.25850491803286
1271,666.004,0.708831809150744,1.06992367242824,1332.008,2017_yk_348,Yukon,2016,0.709381772678129,1.10745084881013,7.2709244816859e-4,339.945649,500.9051851,954.728,0.708949002,238.25850491803286
1272,666.528,0.709034485196793,1.0441296227789,1333.056,2017_yk_348,Yukon,2016,0.709388063226098,1.10746516319653,1.43143863990947e-5,339.945649,500.9051851,954.728,0.708949002,238.25850491803286
1273,667.052,0.708886593390049,1.07741993065891,1334.104,2017_yk_348,Yukon,2016,0.709383584111894,1.10701010720088,-4.5505599564488e-4,339.945649,500.9051851,954.728,0.708949002,238.25850491803286
1274,667.576,0.709423068398002,1.10054159148577,1335.152,2017_yk_348,Yukon,2016,0.709394501989453,1.10570774249971,-0.00130236470117584,339.945649,500.9051851,954.728,0.708949002,238.25850491803286
1275,668.1,0.709398408592495,1.11741073126466,1336.2,2017_yk_348,Yukon,2016,0.709386697486456,1.10507660534433,-6.3113715537621e-4,339.945649,500.9051851,954.728,0.708949002,238.25850491803286
1276,668.624,0.70961182528239,1.07953796325852,1337.248,2017_yk_348,Yukon,2016,0.709397324670883,1.10460375987026,-4.7284547407144e-4,339.945649,500.9051851,954.728,0.708949002,238.25850491803286
1277,669.148,0.710271889709317,1.08167395933459,1338.296,2017_yk_348,Yukon,2016,0.709416830543607,1.10448710467744,-1.1665519281356e-4,339.945649,500.9051851,954.728,0.708949002,238.25850491803286
1278,669.672,0.708877919544287,1.08823245686313,1339.344,2017_yk_348,Yukon,2016,0.709399830764865,1.10382900432982,-6.5810034762603e-4,339.945649,500.9051851,954.728,0.708949002,238.25850491803286
1279,670.196,0.710049935466478,1.13935641506356,1340.392,2017_yk_348,Yukon,2016,0.709374072881554,1.10345587369122,-3.7313063859856e-4,339.945649,500.9051851,954.728,0.708949002,238.25850491803286
1280,670.72,0.710769716069915,1.14743511176524,1341.44,2017_yk_348,Yukon,2016,0.709393981257115,1.09874790602769,-0.00470796766352977,339.945649,500.9051851,954.728,0.708949002,238.25850491803286
1281,671.244,0.710227397786706,1.11754256540052,1342.488,2017_yk_348,Yukon,2016,0.70936344536198,1.0862474905522,-0.0125004154754853,339.945649,500.9051851,954.728,0.708949002,238.25850491803286
1282,671.768,0.710055395036398,1.15330166867283,1343.536,2017_yk_348,Yukon,2016,NA,NA,NA,339.945649,500.9051851,954.728,0.708949002,238.25850491803286
1283,672.292,0.709935470723311,1.1487496967457,1344.584,2017_yk_348,Yukon,2016,NA,NA,NA,339.945649,500.9051851,954.728,0.708949002,238.25850491803286
1284,672.816,0.708415165663217,1.11798764076011,1345.632,2017_yk_348,Yukon,2016,NA,NA,NA,339.945649,500.9051851,954.728,0.708949002,238.25850491803286
1285,673.34,0.709247789779254,1.12585477600139,1346.68,2017_yk_348,Yukon,2016,NA,NA,NA,339.945649,500.9051851,954.728,0.708949002,238.25850491803286
1286,673.864,0.70836863968671,1.15371722861212,1347.728,2017_yk_348,Yukon,2016,NA,NA,NA,339.945649,500.9051851,954.728,0.708949002,238.25850491803286
1287,674.388,0.708654915246898,1.13283208328491,1348.776,2017_yk_348,Yukon,2016,NA,NA,NA,339.945649,500.9051851,954.728,0.708949002,238.25850491803286
1288,674.912,0.708760068225786,1.12773295777077,1349.824,2017_yk_348,Yukon,2016,NA,NA,NA,339.945649,500.9051851,954.728,0.708949002,238.25850491803286
1289,675.436,0.71007944493933,1.1341960671803,1350.872,2017_yk_348,Yukon,2016,NA,NA,NA,339.945649,500.9051851,954.728,0.708949002,238.25850491803286
1290,675.96,0.710091305740464,1.13930161189726,1351.92,2017_yk_348,Yukon,2016,NA,NA,NA,339.945649,500.9051851,954.728,0.708949002,238.25850491803286
1291,676.484,0.708942025612657,1.12070759305511,1352.968,2017_yk_348,Yukon,2016,NA,NA,NA,339.945649,500.9051851,954.728,0.708949002,238.25850491803286
1292,677.008,0.710060241060738,1.1066314336659,1354.016,2017_yk_348,Yukon,2016,NA,NA,NA,339.945649,500.9051851,954.728,0.708949002,238.25850491803286
1293,677.532,0.708337562437472,1.09082998910881,1355.064,2017_yk_348,Yukon,2016,NA,NA,NA,339.945649,500.9051851,954.728,0.708949002,238.25850491803286
1294,678.056,0.70961226479754,1.05110745171122,1356.112,2017_yk_348,Yukon,2016,NA,NA,NA,339.945649,500.9051851,954.728,0.708949002,238.25850491803286
1295,678.58,0.71020157345303,1.06094764072443,1357.16,2017_yk_348,Yukon,2016,NA,NA,NA,339.945649,500.9051851,954.728,0.708949002,238.25850491803286
1296,679.104,0.709263516019179,1.02143328442879,1358.208,2017_yk_348,Yukon,2016,NA,NA,NA,339.945649,500.9051851,954.728,0.708949002,238.25850491803286
1297,679.628,0.71000827319086,1.03731701681693,1359.256,2017_yk_348,Yukon,2016,NA,NA,NA,339.945649,500.9051851,954.728,0.708949002,238.25850491803286
1298,680.152,0.709173416772621,1.03939049203467,1360.304,2017_yk_348,Yukon,2016,NA,NA,NA,339.945649,500.9051851,954.728,0.708949002,238.25850491803286
1299,680.676,0.709883939097365,1.08019657694272,1361.352,2017_yk_348,Yukon,2016,NA,NA,NA,339.945649,500.9051851,954.728,0.708949002,238.25850491803286
1300,681.2,0.70883900701946,1.11838358005079,1362.4,2017_yk_348,Yukon,2016,NA,NA,NA,339.945649,500.9051851,954.728,0.708949002,238.25850491803286
1301,681.724,0.709910577821579,1.15792106760224,1363.448,2017_yk_348,Yukon,2016,NA,NA,NA,339.945649,500.9051851,954.728,0.708949002,238.25850491803286
1302,682.248,0.709129436046308,1.13037584570608,1364.496,2017_yk_348,Yukon,2016,NA,NA,NA,339.945649,500.9051851,954.728,0.708949002,238.25850491803286
1303,682.772,0.709251474882568,1.09599867699527,1365.544,2017_yk_348,Yukon,2016,NA,NA,NA,339.945649,500.9051851,954.728,0.708949002,238.25850491803286
1304,683.296,0.709938530643801,1.05674075051057,1366.592,2017_yk_348,Yukon,2016,NA,NA,NA,339.945649,500.9051851,954.728,0.708949002,238.25850491803286
1305,683.82,0.709058365130944,1.06371984662473,1367.64,2017_yk_348,Yukon,2016,NA,NA,NA,339.945649,500.9051851,954.728,0.708949002,238.25850491803286
1306,684.344,0.709824769769397,1.06462393526736,1368.688,2017_yk_348,Yukon,2016,NA,NA,NA,339.945649,500.9051851,954.728,0.708949002,238.25850491803286
1307,684.868,0.709637198646912,1.06866984154483,1369.736,2017_yk_348,Yukon,2016,NA,NA,NA,339.945649,500.9051851,954.728,0.708949002,238.25850491803286
1308,685.392,0.708510465666433,1.05793651192942,1370.784,2017_yk_348,Yukon,2016,NA,NA,NA,339.945649,500.9051851,954.728,0.708949002,238.25850491803286
1309,685.916,0.708538852638409,1.06858827980265,1371.832,2017_yk_348,Yukon,2016,NA,NA,NA,339.945649,500.9051851,954.728,0.708949002,238.25850491803286
1310,686.44,0.710236584905419,0.802730229262088,1372.88,2017_yk_348,Yukon,2016,NA,NA,NA,339.945649,500.9051851,954.728,0.708949002,238.25850491803286
1311,686.964,0.707917982563189,0.341938604788897,1373.928,2017_yk_348,Yukon,2016,NA,NA,NA,339.945649,500.9051851,954.728,0.708949002,238.25850491803286
