Cycle,Time,Iso,Sr88,Microns,Fish_id,Watershed,Year,Iso_MA,Sr88_MA,Sr88_MA_Gradient,natal_microns_start,natal_microns_end,marine_start,natal_origin_iso,Core
144,75.456,0.731375705222122,0.120378522914462,150.912,2019_yk_138,Yukon,2019,NA,NA,NA,726.273139980126,868.351039050808,1366.592,0.721171354994726,549.8000433195359
145,75.98,0.724466839484883,0.13847746582688,151.96,2019_yk_138,Yukon,2019,NA,NA,NA,726.273139980126,868.351039050808,1366.592,0.721171354994726,549.8000433195359
146,76.504,0.722065935229573,0.144823677118014,153.008,2019_yk_138,Yukon,2019,NA,NA,NA,726.273139980126,868.351039050808,1366.592,0.721171354994726,549.8000433195359
147,77.028,0.726424428209355,0.148166524313709,154.056,2019_yk_138,Yukon,2019,NA,NA,NA,726.273139980126,868.351039050808,1366.592,0.721171354994726,549.8000433195359
148,77.552,0.723008752085254,0.144487997660491,155.104,2019_yk_138,Yukon,2019,NA,NA,NA,726.273139980126,868.351039050808,1366.592,0.721171354994726,549.8000433195359
149,78.076,0.73142267848494,0.14070262197959,156.152,2019_yk_138,Yukon,2019,NA,NA,NA,726.273139980126,868.351039050808,1366.592,0.721171354994726,549.8000433195359
150,78.6,0.718518144760929,0.136295875394495,157.2,2019_yk_138,Yukon,2019,NA,NA,NA,726.273139980126,868.351039050808,1366.592,0.721171354994726,549.8000433195359
151,79.124,0.722579461211345,0.141537743436212,158.248,2019_yk_138,Yukon,2019,NA,NA,NA,726.273139980126,868.351039050808,1366.592,0.721171354994726,549.8000433195359
152,79.648,0.718698940004674,0.152017365209848,159.296,2019_yk_138,Yukon,2019,NA,NA,NA,726.273139980126,868.351039050808,1366.592,0.721171354994726,549.8000433195359
153,80.172,0.717769141917621,0.166645305083863,160.344,2019_yk_138,Yukon,2019,NA,NA,NA,726.273139980126,868.351039050808,1366.592,0.721171354994726,549.8000433195359
154,80.696,0.728460665834986,0.182677723543244,161.392,2019_yk_138,Yukon,2019,NA,NA,NA,726.273139980126,868.351039050808,1366.592,0.721171354994726,549.8000433195359
155,81.22,0.723489069569534,0.199598668146267,162.44,2019_yk_138,Yukon,2019,NA,NA,NA,726.273139980126,868.351039050808,1366.592,0.721171354994726,549.8000433195359
156,81.744,0.72292894345754,0.209538739396944,163.488,2019_yk_138,Yukon,2019,NA,NA,NA,726.273139980126,868.351039050808,1366.592,0.721171354994726,549.8000433195359
157,82.268,0.725118660802275,0.22519057258216,164.536,2019_yk_138,Yukon,2019,NA,NA,NA,726.273139980126,868.351039050808,1366.592,0.721171354994726,549.8000433195359
158,82.792,0.717611195691704,0.232297602087764,165.584,2019_yk_138,Yukon,2019,NA,NA,NA,726.273139980126,868.351039050808,1366.592,0.721171354994726,549.8000433195359
159,83.316,0.72295629376875,0.238990855182397,166.632,2019_yk_138,Yukon,2019,NA,NA,NA,726.273139980126,868.351039050808,1366.592,0.721171354994726,549.8000433195359
160,83.84,0.72236331791734,0.24358280219154,167.68,2019_yk_138,Yukon,2019,NA,NA,NA,726.273139980126,868.351039050808,1366.592,0.721171354994726,549.8000433195359
161,84.364,0.724230708116598,0.25171148624529,168.728,2019_yk_138,Yukon,2019,NA,NA,NA,726.273139980126,868.351039050808,1366.592,0.721171354994726,549.8000433195359
162,84.888,0.722038067500516,0.255633639889162,169.776,2019_yk_138,Yukon,2019,NA,NA,NA,726.273139980126,868.351039050808,1366.592,0.721171354994726,549.8000433195359
163,85.412,0.723522999160718,0.261316492547351,170.824,2019_yk_138,Yukon,2019,NA,NA,NA,726.273139980126,868.351039050808,1366.592,0.721171354994726,549.8000433195359
164,85.936,0.721627255720488,0.254947595883317,171.872,2019_yk_138,Yukon,2019,NA,NA,NA,726.273139980126,868.351039050808,1366.592,0.721171354994726,549.8000433195359
165,86.46,0.720116249453238,0.251045340514478,172.92,2019_yk_138,Yukon,2019,NA,NA,NA,726.273139980126,868.351039050808,1366.592,0.721171354994726,549.8000433195359
166,86.984,0.722709283941644,0.24795007428888,173.968,2019_yk_138,Yukon,2019,NA,NA,NA,726.273139980126,868.351039050808,1366.592,0.721171354994726,549.8000433195359
167,87.508,0.718428636149573,0.248631229640892,175.016,2019_yk_138,Yukon,2019,NA,NA,NA,726.273139980126,868.351039050808,1366.592,0.721171354994726,549.8000433195359
168,88.032,0.725780577321361,0.246356104095002,176.064,2019_yk_138,Yukon,2019,NA,NA,NA,726.273139980126,868.351039050808,1366.592,0.721171354994726,549.8000433195359
169,88.556,0.722711895176025,0.249253342642286,177.112,2019_yk_138,Yukon,2019,NA,NA,NA,726.273139980126,868.351039050808,1366.592,0.721171354994726,549.8000433195359
170,89.08,0.721359021763645,0.247923443867691,178.16,2019_yk_138,Yukon,2019,NA,NA,NA,726.273139980126,868.351039050808,1366.592,0.721171354994726,549.8000433195359
171,89.604,0.723213617827655,0.248770335424935,179.208,2019_yk_138,Yukon,2019,NA,NA,NA,726.273139980126,868.351039050808,1366.592,0.721171354994726,549.8000433195359
172,90.128,0.723839037468977,0.248688522073852,180.256,2019_yk_138,Yukon,2019,NA,NA,NA,726.273139980126,868.351039050808,1366.592,0.721171354994726,549.8000433195359
173,90.652,0.718834499809262,0.249043267524022,181.304,2019_yk_138,Yukon,2019,0.722329066777693,0.249347072510997,NA,726.273139980126,868.351039050808,1366.592,0.721171354994726,549.8000433195359
174,91.176,0.72446703852683,0.260744975868245,182.352,2019_yk_138,Yukon,2019,0.722196414501987,0.252825139708191,0.00347806719719385,726.273139980126,868.351039050808,1366.592,0.721171354994726,549.8000433195359
175,91.7,0.720757870998666,0.253764680861619,183.4,2019_yk_138,Yukon,2019,0.72213816698497,0.255965469493414,0.003140329785223,726.273139980126,868.351039050808,1366.592,0.721171354994726,549.8000433195359
176,92.224,0.723463144564731,0.250308580047204,184.448,2019_yk_138,Yukon,2019,0.722165426898761,0.259130281125305,0.00316481163189103,726.273139980126,868.351039050808,1366.592,0.721171354994726,549.8000433195359
177,92.748,0.722266495565603,0.25703615170023,185.496,2019_yk_138,Yukon,2019,0.722056005289066,0.262396529491148,0.00326624836584316,726.273139980126,868.351039050808,1366.592,0.721171354994726,549.8000433195359
178,93.272,0.72266533824836,0.260187410482971,186.544,2019_yk_138,Yukon,2019,0.721958750119718,0.265636559855687,0.00324003036453974,726.273139980126,868.351039050808,1366.592,0.721171354994726,549.8000433195359
179,93.796,0.72372622925422,0.262607953576642,187.592,2019_yk_138,Yukon,2019,0.72177987790495,0.268983684154685,0.00334712429899797,726.273139980126,868.351039050808,1366.592,0.721171354994726,549.8000433195359
180,94.32,0.720115882487502,0.266302209199715,188.64,2019_yk_138,Yukon,2019,0.721811207407077,0.272477212201135,0.00349352804644909,726.273139980126,868.351039050808,1366.592,0.721171354994726,549.8000433195359
181,94.844,0.722092237707162,0.263245948849787,189.688,2019_yk_138,Yukon,2019,0.721804078863422,0.275809843820869,0.00333263161973457,726.273139980126,868.351039050808,1366.592,0.721171354994726,549.8000433195359
182,95.368,0.721730478838264,0.265241882435527,190.736,2019_yk_138,Yukon,2019,0.721820171744132,0.279088894458731,0.00327905063786238,726.273139980126,868.351039050808,1366.592,0.721171354994726,549.8000433195359
183,95.892,0.722031107295677,0.270993982996981,191.784,2019_yk_138,Yukon,2019,0.721912540407955,0.282105923020657,0.00301702856192548,726.273139980126,868.351039050808,1366.592,0.721171354994726,549.8000433195359
184,96.416,0.720621802996989,0.274113089775162,192.832,2019_yk_138,Yukon,2019,0.721721657308672,0.284859701469314,0.00275377844865682,726.273139980126,868.351039050808,1366.592,0.721171354994726,549.8000433195359
185,96.94,0.717879817260448,0.279721510492507,193.88,2019_yk_138,Yukon,2019,0.721743782779484,0.287337974102202,0.00247827263288841,726.273139980126,868.351039050808,1366.592,0.721171354994726,549.8000433195359
186,97.464,0.722428309316657,0.289622724112614,194.928,2019_yk_138,Yukon,2019,0.721719357578426,0.289672433605392,0.00233445950319011,726.273139980126,868.351039050808,1366.592,0.721171354994726,549.8000433195359
187,97.988,0.723416482829778,0.297048786352668,195.976,2019_yk_138,Yukon,2019,0.721689905135267,0.291852844790225,0.00218041118483298,726.273139980126,868.351039050808,1366.592,0.721171354994726,549.8000433195359
188,98.512,0.721864439486407,0.300511639199042,197.024,2019_yk_138,Yukon,2019,0.721738318750441,0.293912994247048,0.00206014945682287,726.273139980126,868.351039050808,1366.592,0.721171354994726,549.8000433195359
189,99.036,0.72251066199197,0.304980799781593,198.072,2019_yk_138,Yukon,2019,0.721695743501149,0.295863857049519,0.00195086280247037,726.273139980126,868.351039050808,1366.592,0.721171354994726,549.8000433195359
190,99.56,0.720613645652058,0.305938709024912,199.12,2019_yk_138,Yukon,2019,0.721717195224576,0.297803050657977,0.00193919360845834,726.273139980126,868.351039050808,1366.592,0.721171354994726,549.8000433195359
191,100.084,0.717807762278745,0.306133612778109,200.168,2019_yk_138,Yukon,2019,0.721670679625796,0.299629046255381,0.00182599559740371,726.273139980126,868.351039050808,1366.592,0.721171354994726,549.8000433195359
192,100.608,0.72198339193373,0.301187350837183,201.216,2019_yk_138,Yukon,2019,0.721668370845916,0.301376868196081,0.00174782194070028,726.273139980126,868.351039050808,1366.592,0.721171354994726,549.8000433195359
193,101.132,0.723029083004893,0.299206294223196,202.264,2019_yk_138,Yukon,2019,0.72167648950841,0.303066879771967,0.00169001157588594,726.273139980126,868.351039050808,1366.592,0.721171354994726,549.8000433195359
194,101.656,0.720173879846206,0.304486311582551,203.312,2019_yk_138,Yukon,2019,0.721644398963955,0.304892880719489,0.00182600094752233,726.273139980126,868.351039050808,1366.592,0.721171354994726,549.8000433195359
195,102.18,0.71840592057395,0.307685001754426,204.36,2019_yk_138,Yukon,2019,0.721660211488392,0.306834632451447,0.00194175173195815,726.273139980126,868.351039050808,1366.592,0.721171354994726,549.8000433195359
196,102.704,0.722459180384059,0.314776912648666,205.408,2019_yk_138,Yukon,2019,0.721683097500754,0.308914789946364,0.00208015749491708,726.273139980126,868.351039050808,1366.592,0.721171354994726,549.8000433195359
197,103.228,0.722596088611519,0.318385883110844,206.456,2019_yk_138,Yukon,2019,0.721718595710985,0.31100112033229,0.00208633038592571,726.273139980126,868.351039050808,1366.592,0.721171354994726,549.8000433195359
198,103.752,0.716988323783036,0.315819409633489,207.504,2019_yk_138,Yukon,2019,0.721649126439711,0.313106967898355,0.00210584756606541,726.273139980126,868.351039050808,1366.592,0.721171354994726,549.8000433195359
199,104.276,0.722982159577619,0.313321975000616,208.552,2019_yk_138,Yukon,2019,0.721654035144081,0.315192596749489,0.00208562885113356,726.273139980126,868.351039050808,1366.592,0.721171354994726,549.8000433195359
200,104.8,0.726609446097832,0.318612182452959,209.6,2019_yk_138,Yukon,2019,0.721615441837821,0.31734715831832,0.00215456156883115,726.273139980126,868.351039050808,1366.592,0.721171354994726,549.8000433195359
201,105.324,0.722199174478905,0.321857412049079,210.648,2019_yk_138,Yukon,2019,0.721584044586392,0.319501596993243,0.00215443867492321,726.273139980126,868.351039050808,1366.592,0.721171354994726,549.8000433195359
202,105.848,0.721665664813998,0.325297901803702,211.696,2019_yk_138,Yukon,2019,0.721590588408654,0.321674636273958,0.00217303928071477,726.273139980126,868.351039050808,1366.592,0.721171354994726,549.8000433195359
203,106.372,0.722522925193245,0.325002131322527,212.744,2019_yk_138,Yukon,2019,0.721656181705398,0.32386284557723,0.00218820930327213,726.273139980126,868.351039050808,1366.592,0.721171354994726,549.8000433195359
204,106.896,0.723416568679772,0.329062554746092,213.792,2019_yk_138,Yukon,2019,0.721642355448661,0.325816283307268,0.00195343773003798,726.273139980126,868.351039050808,1366.592,0.721171354994726,549.8000433195359
205,107.42,0.720971988463825,0.326897252940263,214.84,2019_yk_138,Yukon,2019,0.721629853023302,0.328018660259442,0.00220237695217373,726.273139980126,868.351039050808,1366.592,0.721171354994726,549.8000433195359
206,107.944,0.723701530057068,0.334712375031476,215.888,2019_yk_138,Yukon,2019,0.721576385583941,0.330319587106335,0.0023009268468927,726.273139980126,868.351039050808,1366.592,0.721171354994726,549.8000433195359
207,108.468,0.719859131627626,0.344141426264296,216.936,2019_yk_138,Yukon,2019,0.721528675198808,0.332595094476369,0.00227550737003396,726.273139980126,868.351039050808,1366.592,0.721171354994726,549.8000433195359
208,108.992,0.71717344192441,0.338889819532877,217.984,2019_yk_138,Yukon,2019,0.721534101771781,0.334758774769117,0.00216368029274794,726.273139980126,868.351039050808,1366.592,0.721171354994726,549.8000433195359
209,109.516,0.720690345598863,0.34153007991947,219.032,2019_yk_138,Yukon,2019,0.721488625013775,0.3368627984969,0.00210402372778346,726.273139980126,868.351039050808,1366.592,0.721171354994726,549.8000433195359
210,110.04,0.720397914888562,0.34590755818144,220.08,2019_yk_138,Yukon,2019,0.721543261268238,0.338935602505819,0.00207280400891924,726.273139980126,868.351039050808,1366.592,0.721171354994726,549.8000433195359
211,110.564,0.722151748592022,0.341495640620287,221.128,2019_yk_138,Yukon,2019,0.721549074316557,0.341086972696725,0.00215137019090567,726.273139980126,868.351039050808,1366.592,0.721171354994726,549.8000433195359
212,111.088,0.719664512847269,0.348760403481587,222.176,2019_yk_138,Yukon,2019,0.721563092633456,0.343126651997228,0.00203967930050342,726.273139980126,868.351039050808,1366.592,0.721171354994726,549.8000433195359
213,111.612,0.72331126174703,0.347667018799393,223.224,2019_yk_138,Yukon,2019,0.721522879939492,0.344970234388962,0.00184358239173321,726.273139980126,868.351039050808,1366.592,0.721171354994726,549.8000433195359
214,112.136,0.717007679877982,0.347904430462653,224.272,2019_yk_138,Yukon,2019,0.7214873593389,0.346770453429193,0.00180021904023181,726.273139980126,868.351039050808,1366.592,0.721171354994726,549.8000433195359
215,112.66,0.724816597818277,0.34829502611957,225.32,2019_yk_138,Yukon,2019,0.721554691139704,0.348603233341657,0.0018327799124635,726.273139980126,868.351039050808,1366.592,0.721171354994726,549.8000433195359
216,113.184,0.721463431394021,0.349606309588353,226.368,2019_yk_138,Yukon,2019,0.721573957896761,0.350259412928541,0.00165617958688452,726.273139980126,868.351039050808,1366.592,0.721171354994726,549.8000433195359
217,113.708,0.723351514212758,0.356015243672138,227.416,2019_yk_138,Yukon,2019,0.721514645011438,0.351728600171417,0.00146918724287531,726.273139980126,868.351039050808,1366.592,0.721171354994726,549.8000433195359
218,114.232,0.720516012602133,0.355906569497134,228.464,2019_yk_138,Yukon,2019,0.721492469367908,0.353176194522432,0.00144759435101488,726.273139980126,868.351039050808,1366.592,0.721171354994726,549.8000433195359
219,114.756,0.720401778811217,0.356042623330618,229.512,2019_yk_138,Yukon,2019,0.72145532240419,0.354693742964461,0.00151754844202906,726.273139980126,868.351039050808,1366.592,0.721171354994726,549.8000433195359
220,115.28,0.723650421322984,0.359934418699041,230.56,2019_yk_138,Yukon,2019,0.721482602021954,0.356271375162729,0.00157763219826845,726.273139980126,868.351039050808,1366.592,0.721171354994726,549.8000433195359
221,115.804,0.721439772189758,0.361271222089512,231.608,2019_yk_138,Yukon,2019,0.721573056766037,0.357949939400807,0.00167856423807805,726.273139980126,868.351039050808,1366.592,0.721171354994726,549.8000433195359
222,116.328,0.721899540707743,0.360502956331178,232.656,2019_yk_138,Yukon,2019,0.721562504422885,0.359766729061936,0.00181678966112897,726.273139980126,868.351039050808,1366.592,0.721171354994726,549.8000433195359
223,116.852,0.724010118910352,0.362717187100507,233.704,2019_yk_138,Yukon,2019,0.721523401489829,0.361604201270296,0.00183747220836006,726.273139980126,868.351039050808,1366.592,0.721171354994726,549.8000433195359
224,117.376,0.719701823053185,0.364507652734658,234.752,2019_yk_138,Yukon,2019,0.721568897911997,0.363320113122579,0.00171591185228276,726.273139980126,868.351039050808,1366.592,0.721171354994726,549.8000433195359
225,117.9,0.721065000919472,0.367550444431967,235.8,2019_yk_138,Yukon,2019,0.721668346262469,0.364929651644212,0.00160953852163281,726.273139980126,868.351039050808,1366.592,0.721171354994726,549.8000433195359
226,118.424,0.724082444683343,0.372759523983905,236.848,2019_yk_138,Yukon,2019,0.721656307760668,0.366354294577478,0.00142464293326577,726.273139980126,868.351039050808,1366.592,0.721171354994726,549.8000433195359
227,118.948,0.720558528763424,0.373811052796434,237.896,2019_yk_138,Yukon,2019,0.721654915408705,0.367778570497167,0.00142427591968985,726.273139980126,868.351039050808,1366.592,0.721171354994726,549.8000433195359
228,119.472,0.721612421044962,0.372706958058927,238.944,2019_yk_138,Yukon,2019,0.721737106863466,0.369299911274638,0.00152134077747068,726.273139980126,868.351039050808,1366.592,0.721171354994726,549.8000433195359
229,119.996,0.7230064174382,0.374391073710301,239.992,2019_yk_138,Yukon,2019,0.721705311744418,0.370819100951814,0.00151918967717546,726.273139980126,868.351039050808,1366.592,0.721171354994726,549.8000433195359
230,120.52,0.719043423388044,0.377197137997559,241.04,2019_yk_138,Yukon,2019,0.721644882858451,0.372153955020983,0.00133485406916944,726.273139980126,868.351039050808,1366.592,0.721171354994726,549.8000433195359
231,121.044,0.721329782741928,0.378036655920328,242.088,2019_yk_138,Yukon,2019,0.721616313212894,0.373419706890119,0.00126575186913575,726.273139980126,868.351039050808,1366.592,0.721171354994726,549.8000433195359
232,121.568,0.724231666804689,0.37907087891674,243.136,2019_yk_138,Yukon,2019,0.721654540330385,0.37472201271324,0.00130230582312119,726.273139980126,868.351039050808,1366.592,0.721171354994726,549.8000433195359
233,122.092,0.722770097613917,0.380335825720347,244.184,2019_yk_138,Yukon,2019,0.721629402183734,0.376036753814129,0.00131474110088908,726.273139980126,868.351039050808,1366.592,0.721171354994726,549.8000433195359
234,122.616,0.723637463122588,0.377951239670527,245.232,2019_yk_138,Yukon,2019,0.721555929313099,0.377359268293444,0.0013225144793147,726.273139980126,868.351039050808,1366.592,0.721171354994726,549.8000433195359
235,123.14,0.720007725477153,0.38590729799204,246.28,2019_yk_138,Yukon,2019,0.721557359982777,0.378659815420836,0.00130054712739214,726.273139980126,868.351039050808,1366.592,0.721171354994726,549.8000433195359
236,123.664,0.720255098203054,0.388364190860767,247.328,2019_yk_138,Yukon,2019,0.721536856186448,0.37982744452845,0.00116762910761414,726.273139980126,868.351039050808,1366.592,0.721171354994726,549.8000433195359
237,124.188,0.719403872457636,0.393566593902268,248.376,2019_yk_138,Yukon,2019,0.721590840760488,0.380842746527381,0.00101530199893152,726.273139980126,868.351039050808,1366.592,0.721171354994726,549.8000433195359
238,124.712,0.722990932626717,0.390008228047849,249.424,2019_yk_138,Yukon,2019,0.721704407758354,0.381931031574822,0.00108828504744041,726.273139980126,868.351039050808,1366.592,0.721171354994726,549.8000433195359
239,125.236,0.720997623773875,0.388849377243648,250.472,2019_yk_138,Yukon,2019,0.721719056680555,0.382958463185823,0.001027431611001,726.273139980126,868.351039050808,1366.592,0.721171354994726,549.8000433195359
240,125.76,0.723394057755271,0.390670449734867,251.52,2019_yk_138,Yukon,2019,0.721751198376211,0.383898192647681,9.3972946185821e-4,726.273139980126,868.351039050808,1366.592,0.721171354994726,549.8000433195359
241,126.284,0.722441020606301,0.392328160304131,252.568,2019_yk_138,Yukon,2019,0.721691717570875,0.384926834161654,0.00102864151397281,726.273139980126,868.351039050808,1366.592,0.721171354994726,549.8000433195359
242,126.808,0.722571577852238,0.387622640465729,253.616,2019_yk_138,Yukon,2019,0.72172546983125,0.385867534618632,9.4070045697763e-4,726.273139980126,868.351039050808,1366.592,0.721171354994726,549.8000433195359
243,127.332,0.719618345657797,0.381608926500975,254.664,2019_yk_138,Yukon,2019,0.721681714469634,0.38686764843132,0.00100011381268883,726.273139980126,868.351039050808,1366.592,0.721171354994726,549.8000433195359
244,127.856,0.718490566961459,0.382126232189071,255.712,2019_yk_138,Yukon,2019,0.721747793524767,0.387843389643182,9.7574121186139e-4,726.273139980126,868.351039050808,1366.592,0.721171354994726,549.8000433195359
245,128.38,0.721919725308698,0.389688305240315,256.76,2019_yk_138,Yukon,2019,0.721678704316911,0.388703295975531,8.5990633234939e-4,726.273139980126,868.351039050808,1366.592,0.721171354994726,549.8000433195359
246,128.904,0.723584314740086,0.388993499325685,257.808,2019_yk_138,Yukon,2019,0.721680509591484,0.389518318423676,8.1502244814518e-4,726.273139980126,868.351039050808,1366.592,0.721171354994726,549.8000433195359
247,129.428,0.719857709710386,0.385200020925185,258.856,2019_yk_138,Yukon,2019,0.7216492014476,0.390243165904496,7.2484748081991e-4,726.273139980126,868.351039050808,1366.592,0.721171354994726,549.8000433195359
248,129.952,0.720533900874656,0.387367300259938,259.904,2019_yk_138,Yukon,2019,0.721679051666207,0.391052731108053,8.0956520355646e-4,726.273139980126,868.351039050808,1366.592,0.721171354994726,549.8000433195359
249,130.476,0.720281844168859,0.396033706303336,260.952,2019_yk_138,Yukon,2019,0.72172772455244,0.391883392281062,8.3066117300917e-4,726.273139980126,868.351039050808,1366.592,0.721171354994726,549.8000433195359
250,131,0.722250422717927,0.40059664092102,262,2019_yk_138,Yukon,2019,0.72165248470641,0.392728436876102,8.4504459503992e-4,726.273139980126,868.351039050808,1366.592,0.721171354994726,549.8000433195359
251,131.524,0.723235046923713,0.406847467062789,263.048,2019_yk_138,Yukon,2019,0.721615111089453,0.393609946254581,8.8150937847914e-4,726.273139980126,868.351039050808,1366.592,0.721171354994726,549.8000433195359
252,132.048,0.721350251344599,0.410194730504925,264.096,2019_yk_138,Yukon,2019,0.72158626323776,0.394434720880036,8.247746254551e-4,726.273139980126,868.351039050808,1366.592,0.721171354994726,549.8000433195359
253,132.572,0.72068290702155,0.409454626724796,265.144,2019_yk_138,Yukon,2019,0.721492511551295,0.395245618430438,8.1089755040225e-4,726.273139980126,868.351039050808,1366.592,0.721171354994726,549.8000433195359
254,133.096,0.722903665176229,0.407441022719516,266.192,2019_yk_138,Yukon,2019,0.721519998230017,0.395983140263524,7.3752183308606e-4,726.273139980126,868.351039050808,1366.592,0.721171354994726,549.8000433195359
255,133.62,0.724372821602319,0.404257313052394,267.24,2019_yk_138,Yukon,2019,0.721524535723153,0.396608206405251,6.2506614172652e-4,726.273139980126,868.351039050808,1366.592,0.721171354994726,549.8000433195359
256,134.144,0.721736870275978,0.400255488644612,268.288,2019_yk_138,Yukon,2019,0.721442280661412,0.397137264345524,5.2905794027308e-4,726.273139980126,868.351039050808,1366.592,0.721171354994726,549.8000433195359
257,134.668,0.722512547493735,0.403842438292235,269.336,2019_yk_138,Yukon,2019,0.721497241092242,0.39767797393434,5.4070958881635e-4,726.273139980126,868.351039050808,1366.592,0.721171354994726,549.8000433195359
258,135.192,0.721919811068726,0.407099856281731,270.384,2019_yk_138,Yukon,2019,0.721452156570272,0.398166986249829,4.8901231548886e-4,726.273139980126,868.351039050808,1366.592,0.721171354994726,549.8000433195359
259,135.716,0.721074452434739,0.404473355631143,271.432,2019_yk_138,Yukon,2019,0.721405569038741,0.398620613695081,4.5362744525201e-4,726.273139980126,868.351039050808,1366.592,0.721171354994726,549.8000433195359
260,136.24,0.722983712939816,0.398703426603124,272.48,2019_yk_138,Yukon,2019,0.7214501100513,0.39901279673009,3.9218303500926e-4,726.273139980126,868.351039050808,1366.592,0.721171354994726,549.8000433195359
261,136.764,0.72048499574543,0.397802524197224,273.528,2019_yk_138,Yukon,2019,0.721458663788085,0.399458910467701,4.4611373761055e-4,726.273139980126,868.351039050808,1366.592,0.721171354994726,549.8000433195359
262,137.288,0.7239592918635,0.403436251190977,274.576,2019_yk_138,Yukon,2019,0.721422653454409,0.399850307017579,3.9139654987785e-4,726.273139980126,868.351039050808,1366.592,0.721171354994726,549.8000433195359
263,137.812,0.721014636394169,0.40388659737587,275.624,2019_yk_138,Yukon,2019,0.721383142616096,0.40011743803189,2.6713101431108e-4,726.273139980126,868.351039050808,1366.592,0.721171354994726,549.8000433195359
264,138.336,0.719008196441648,0.408413423504976,276.672,2019_yk_138,Yukon,2019,0.721325283037237,0.400389053978578,2.7161594668823e-4,726.273139980126,868.351039050808,1366.592,0.721171354994726,549.8000433195359
265,138.86,0.721057828644552,0.404930080583791,277.72,2019_yk_138,Yukon,2019,0.721360141959405,0.400459868601989,7.0814623410409e-5,726.273139980126,868.351039050808,1366.592,0.721171354994726,549.8000433195359
266,139.384,0.722471302277335,0.404770121488322,278.768,2019_yk_138,Yukon,2019,0.721389969647925,0.400480411972831,2.05433708422853e-5,726.273139980126,868.351039050808,1366.592,0.721171354994726,549.8000433195359
267,139.908,0.72309820606999,0.405059546200186,279.816,2019_yk_138,Yukon,2019,0.721398252088551,0.400471081823612,-9.33014921911113e-6,726.273139980126,868.351039050808,1366.592,0.721171354994726,549.8000433195359
268,140.432,0.723987461796397,0.404186922379301,280.864,2019_yk_138,Yukon,2019,0.721334185189102,0.400417160512252,-5.39213113600057e-5,726.273139980126,868.351039050808,1366.592,0.721171354994726,549.8000433195359
269,140.956,0.721569280930898,0.403175976579528,281.912,2019_yk_138,Yukon,2019,0.721324422391562,0.400387390062595,-2.97704496571849e-5,726.273139980126,868.351039050808,1366.592,0.721171354994726,549.8000433195359
270,141.48,0.722326416627925,0.402291325892931,282.96,2019_yk_138,Yukon,2019,0.721329491453188,0.40044797047709,6.05804144954702e-5,726.273139980126,868.351039050808,1366.592,0.721171354994726,549.8000433195359
271,142.004,0.718582900271889,0.403214131458656,284.008,2019_yk_138,Yukon,2019,0.721236505995108,0.400385984870016,-6.19856070736002e-5,726.273139980126,868.351039050808,1366.592,0.721171354994726,549.8000433195359
272,142.528,0.721689648469772,0.405202430900245,285.056,2019_yk_138,Yukon,2019,0.72121733137714,0.400406326668793,2.03417987769683e-5,726.273139980126,868.351039050808,1366.592,0.721171354994726,549.8000433195359
273,143.052,0.720685940050019,0.407673847560721,286.104,2019_yk_138,Yukon,2019,0.721247118955984,0.400425010339632,1.86836708387927e-5,726.273139980126,868.351039050808,1366.592,0.721171354994726,549.8000433195359
274,143.576,0.720972423185983,0.406448903174337,287.152,2019_yk_138,Yukon,2019,0.721273249804966,0.400418548371473,-6.46196815878852e-6,726.273139980126,868.351039050808,1366.592,0.721171354994726,549.8000433195359
275,144.1,0.720671245346917,0.399889406060535,288.2,2019_yk_138,Yukon,2019,0.721258827343535,0.400272363041201,-1.461853302721e-4,726.273139980126,868.351039050808,1366.592,0.721171354994726,549.8000433195359
276,144.624,0.7215717478684,0.39850765647706,289.248,2019_yk_138,Yukon,2019,0.721227034340399,0.40014718372628,-1.2517931492112e-4,726.273139980126,868.351039050808,1366.592,0.721171354994726,549.8000433195359
277,145.148,0.721473025579724,0.399506092521333,290.296,2019_yk_138,Yukon,2019,0.721216686514556,0.400061094714086,-8.6089012194146e-5,726.273139980126,868.351039050808,1366.592,0.721171354994726,549.8000433195359
278,145.672,0.722307025718534,0.40448048171052,291.344,2019_yk_138,Yukon,2019,0.721221133722934,0.399902389231317,-1.5870548276858e-4,726.273139980126,868.351039050808,1366.592,0.721171354994726,549.8000433195359
279,146.196,0.723322151985213,0.405882293711169,292.392,2019_yk_138,Yukon,2019,0.721203551725147,0.39959153611022,-3.1085312109741e-4,726.273139980126,868.351039050808,1366.592,0.721171354994726,549.8000433195359
280,146.72,0.719136030561184,0.410637094401439,293.44,2019_yk_138,Yukon,2019,0.721177716513754,0.399136361356107,-4.5517475411349e-4,726.273139980126,868.351039050808,1366.592,0.721171354994726,549.8000433195359
281,147.244,0.719197355172351,0.414161784798257,294.488,2019_yk_138,Yukon,2019,0.721174693481221,0.398488075752774,-6.4828560333274e-4,726.273139980126,868.351039050808,1366.592,0.721171354994726,549.8000433195359
282,147.768,0.720168669606117,0.409989433858486,295.536,2019_yk_138,Yukon,2019,0.721114592967738,0.397736700638352,-7.5137511442202e-4,726.273139980126,868.351039050808,1366.592,0.721171354994726,549.8000433195359
283,148.292,0.718385017722464,0.41137104012464,296.584,2019_yk_138,Yukon,2019,0.72106119436716,0.396949361599694,-7.8733903865824e-4,726.273139980126,868.351039050808,1366.592,0.721171354994726,549.8000433195359
284,148.816,0.721351023776544,0.408758962719821,297.632,2019_yk_138,Yukon,2019,0.721029171543781,0.396190511473542,-7.5885012615123e-4,726.273139980126,868.351039050808,1366.592,0.721171354994726,549.8000433195359
285,149.34,0.721337250507615,0.40505441293556,298.68,2019_yk_138,Yukon,2019,0.720899687104153,0.395464114377451,-7.2639709609118e-4,726.273139980126,868.351039050808,1366.592,0.721171354994726,549.8000433195359
286,149.864,0.719147140978877,0.404503000400291,299.728,2019_yk_138,Yukon,2019,0.720902909050114,0.394879523429093,-5.8459094835783e-4,726.273139980126,868.351039050808,1366.592,0.721171354994726,549.8000433195359
287,150.388,0.72385615461325,0.406253628125415,300.776,2019_yk_138,Yukon,2019,0.720896063377933,0.394261792387761,-6.1773104133217e-4,726.273139980126,868.351039050808,1366.592,0.721171354994726,549.8000433195359
288,150.912,0.718907349726736,0.402047696988258,301.824,2019_yk_138,Yukon,2019,0.720908813331926,0.393600665542589,-6.6112684517172e-4,726.273139980126,868.351039050808,1366.592,0.721171354994726,549.8000433195359
289,151.436,0.720211165546354,0.40160872042542,302.872,2019_yk_138,Yukon,2019,0.720903600447997,0.392981722893981,-6.1894264860856e-4,726.273139980126,868.351039050808,1366.592,0.721171354994726,549.8000433195359
290,151.96,0.721715884141606,0.400728120098115,303.92,2019_yk_138,Yukon,2019,0.720886545607428,0.392423317216645,-5.5840567733611e-4,726.273139980126,868.351039050808,1366.592,0.721171354994726,549.8000433195359
291,152.484,0.72184300694901,0.40480348017696,304.968,2019_yk_138,Yukon,2019,0.72087978207869,0.391863868479302,-5.594487373432e-4,726.273139980126,868.351039050808,1366.592,0.721171354994726,549.8000433195359
292,153.008,0.722071046784087,0.402554671909409,306.016,2019_yk_138,Yukon,2019,0.720772713094395,0.391172254341923,-6.9161413737828e-4,726.273139980126,868.351039050808,1366.592,0.721171354994726,549.8000433195359
293,153.532,0.720399447315193,0.396363686579015,307.064,2019_yk_138,Yukon,2019,0.720713396563218,0.390547648085105,-6.2460625681865e-4,726.273139980126,868.351039050808,1366.592,0.721171354994726,549.8000433195359
294,154.056,0.72016588839103,0.394248196471819,308.112,2019_yk_138,Yukon,2019,0.720673889292759,0.389865316286023,-6.8233179908144e-4,726.273139980126,868.351039050808,1366.592,0.721171354994726,549.8000433195359
295,154.58,0.722099260807199,0.390156175396666,309.16,2019_yk_138,Yukon,2019,0.720674189111913,0.389143058816026,-7.2225746999721e-4,726.273139980126,868.351039050808,1366.592,0.721171354994726,549.8000433195359
296,155.104,0.722044759514253,0.389596793111302,310.208,2019_yk_138,Yukon,2019,0.720612583925009,0.388528946257226,-6.141125587995e-4,726.273139980126,868.351039050808,1366.592,0.721171354994726,549.8000433195359
297,155.628,0.719900818895207,0.393006784949121,311.256,2019_yk_138,Yukon,2019,0.72054409863645,0.38788028934778,-6.4865690944659e-4,726.273139980126,868.351039050808,1366.592,0.721171354994726,549.8000433195359
298,156.152,0.719146918659768,0.386772949366249,312.304,2019_yk_138,Yukon,2019,0.720463542167205,0.387177325590613,-7.0296375716721e-4,726.273139980126,868.351039050808,1366.592,0.721171354994726,549.8000433195359
299,156.676,0.720411855921502,0.387063150264216,313.352,2019_yk_138,Yukon,2019,0.720412260664984,0.386390433345133,-7.8689224547989e-4,726.273139980126,868.351039050808,1366.592,0.721171354994726,549.8000433195359
300,157.2,0.723698201452838,0.394305274604595,314.4,2019_yk_138,Yukon,2019,0.72037445536756,0.385620087287197,-7.7034605793591e-4,726.273139980126,868.351039050808,1366.592,0.721171354994726,549.8000433195359
301,157.724,0.716861893121499,0.388609023879715,315.448,2019_yk_138,Yukon,2019,0.72039337203318,0.384850437569705,-7.696497174916e-4,726.273139980126,868.351039050808,1366.592,0.721171354994726,549.8000433195359
302,158.248,0.721421100774153,0.388843148392346,316.496,2019_yk_138,Yukon,2019,0.720347962092358,0.384161455761548,-6.8898180815757e-4,726.273139980126,868.351039050808,1366.592,0.721171354994726,549.8000433195359
303,158.772,0.721405600388408,0.382729946751302,317.544,2019_yk_138,Yukon,2019,0.720344542947386,0.383363998250118,-7.974575114294e-4,726.273139980126,868.351039050808,1366.592,0.721171354994726,549.8000433195359
304,159.296,0.720058417900418,0.381738514099542,318.592,2019_yk_138,Yukon,2019,0.720324091529701,0.382547795279775,-8.1620297034312e-4,726.273139980126,868.351039050808,1366.592,0.721171354994726,549.8000433195359
305,159.82,0.721054377622823,0.38091718542399,319.64,2019_yk_138,Yukon,2019,0.720314511062712,0.381894924746709,-6.5287053306573e-4,726.273139980126,868.351039050808,1366.592,0.721171354994726,549.8000433195359
306,160.344,0.721676734551918,0.381482740430419,320.688,2019_yk_138,Yukon,2019,0.720266164143772,0.381213263678308,-6.8166106840106e-4,726.273139980126,868.351039050808,1366.592,0.721171354994726,549.8000433195359
307,160.868,0.719236840159823,0.380034680193532,321.736,2019_yk_138,Yukon,2019,0.720215239033387,0.380487079870699,-7.2618380760969e-4,726.273139980126,868.351039050808,1366.592,0.721171354994726,549.8000433195359
308,161.392,0.720800733377334,0.377844971293823,322.784,2019_yk_138,Yukon,2019,0.720236484891858,0.379734782831721,-7.52297038978e-4,726.273139980126,868.351039050808,1366.592,0.721171354994726,549.8000433195359
309,161.916,0.719226924301631,0.37738251903749,323.832,2019_yk_138,Yukon,2019,0.720179720069747,0.378886132729546,-8.4865010217444e-4,726.273139980126,868.351039050808,1366.592,0.721171354994726,549.8000433195359
310,162.44,0.720700310034342,0.373286155674212,324.88,2019_yk_138,Yukon,2019,0.72016189816335,0.378052971889726,-8.3316083982049e-4,726.273139980126,868.351039050808,1366.592,0.721171354994726,549.8000433195359
311,162.964,0.723053664971722,0.36795033086282,325.928,2019_yk_138,Yukon,2019,0.72015717681367,0.377158840081269,-8.941318084566e-4,726.273139980126,868.351039050808,1366.592,0.721171354994726,549.8000433195359
312,163.488,0.71774422053562,0.365112223639606,326.976,2019_yk_138,Yukon,2019,0.720114718790302,0.376207837485475,-9.5100259579411e-4,726.273139980126,868.351039050808,1366.592,0.721171354994726,549.8000433195359
313,164.012,0.717478990986853,0.362214284405301,328.024,2019_yk_138,Yukon,2019,0.720138304956761,0.375054027941362,-0.00115380954411293,726.273139980126,868.351039050808,1366.592,0.721171354994726,549.8000433195359
314,164.536,0.720982295773498,0.361910015150443,329.072,2019_yk_138,Yukon,2019,0.720150639125037,0.373931533047934,-0.00112249489342786,726.273139980126,868.351039050808,1366.592,0.721171354994726,549.8000433195359
315,165.06,0.716603755224656,0.360673487286926,330.12,2019_yk_138,Yukon,2019,0.720069801156959,0.372894022495738,-0.00103751055219603,726.273139980126,868.351039050808,1366.592,0.721171354994726,549.8000433195359
316,165.584,0.721930187033641,0.365180031743143,331.168,2019_yk_138,Yukon,2019,0.720051913757895,0.37186471672851,-0.00102930576722782,726.273139980126,868.351039050808,1366.592,0.721171354994726,549.8000433195359
317,166.108,0.722101807162866,0.366778575812307,332.216,2019_yk_138,Yukon,2019,0.719926548757217,0.370913768032619,-9.5094869589151e-4,726.273139980126,868.351039050808,1366.592,0.721171354994726,549.8000433195359
318,166.632,0.722684808308324,0.367432245571427,333.264,2019_yk_138,Yukon,2019,0.71992228351751,0.370132014799266,-7.8175323335255e-4,726.273139980126,868.351039050808,1366.592,0.721171354994726,549.8000433195359
319,167.156,0.720761679399001,0.367336796714628,334.312,2019_yk_138,Yukon,2019,0.71988008671009,0.369479066589189,-6.5294821007727e-4,726.273139980126,868.351039050808,1366.592,0.721171354994726,549.8000433195359
320,167.68,0.721960422505655,0.365199085962958,335.36,2019_yk_138,Yukon,2019,0.719867912392585,0.368796708933828,-6.8235765536084e-4,726.273139980126,868.351039050808,1366.592,0.721171354994726,549.8000433195359
321,168.204,0.72007918402114,0.364235599956631,336.408,2019_yk_138,Yukon,2019,0.719837911889356,0.367993538789496,-8.0317014433173e-4,726.273139980126,868.351039050808,1366.592,0.721171354994726,549.8000433195359
322,168.728,0.717535152805832,0.36193940294828,337.456,2019_yk_138,Yukon,2019,0.719754350512069,0.367091267334192,-9.0227145530452e-4,726.273139980126,868.351039050808,1366.592,0.721171354994726,549.8000433195359
323,169.252,0.717455644523508,0.366410221966753,338.504,2019_yk_138,Yukon,2019,0.719748762370081,0.366246369550243,-8.4489778394869e-4,726.273139980126,868.351039050808,1366.592,0.721171354994726,549.8000433195359
324,169.776,0.716637760214129,0.367473515560087,339.552,2019_yk_138,Yukon,2019,0.71972986499109,0.365362221910158,-8.8414764008515e-4,726.273139980126,868.351039050808,1366.592,0.721171354994726,549.8000433195359
325,170.3,0.721075817793821,0.361594632383961,340.6,2019_yk_138,Yukon,2019,0.719687133138008,0.364362656338017,-9.9956557214059e-4,726.273139980126,868.351039050808,1366.592,0.721171354994726,549.8000433195359
326,170.824,0.718774991063102,0.367923367960351,341.648,2019_yk_138,Yukon,2019,0.719631121478326,0.363395933265268,-9.667230727493e-4,726.273139980126,868.351039050808,1366.592,0.721171354994726,549.8000433195359
327,171.348,0.718989088756422,0.366140131633391,342.696,2019_yk_138,Yukon,2019,0.719591498241852,0.362361876672238,-0.00103405659302969,726.273139980126,868.351039050808,1366.592,0.721171354994726,549.8000433195359
328,171.872,0.719154073641713,0.362009096949267,343.744,2019_yk_138,Yukon,2019,0.719621651561013,0.361471760535143,-8.9011613709533e-4,726.273139980126,868.351039050808,1366.592,0.721171354994726,549.8000433195359
329,172.396,0.718492390797647,0.355962441850733,344.792,2019_yk_138,Yukon,2019,0.719668875845187,0.360615276796743,-8.5648373839986e-4,726.273139980126,868.351039050808,1366.592,0.721171354994726,549.8000433195359
330,172.92,0.720058098782438,0.356070562416779,345.84,2019_yk_138,Yukon,2019,0.719620458757526,0.359625869608111,-9.8940718863188e-4,726.273139980126,868.351039050808,1366.592,0.721171354994726,549.8000433195359
331,173.444,0.71971790020912,0.357035148409161,346.888,2019_yk_138,Yukon,2019,0.719645348347568,0.358829262872134,-7.9660673597709e-4,726.273139980126,868.351039050808,1366.592,0.721171354994726,549.8000433195359
332,173.968,0.718965052020428,0.363863522410791,347.936,2019_yk_138,Yukon,2019,0.7195696801411,0.358063832401505,-7.654304706296e-4,726.273139980126,868.351039050808,1366.592,0.721171354994726,549.8000433195359
333,174.492,0.72048079135173,0.359826396874956,348.984,2019_yk_138,Yukon,2019,0.719549183806998,0.357419643627758,-6.4418877374694e-4,726.273139980126,868.351039050808,1366.592,0.721171354994726,549.8000433195359
334,175.016,0.7197453381249,0.357476724953749,350.032,2019_yk_138,Yukon,2019,0.719490736368126,0.356815090159034,-6.0455346872329e-4,726.273139980126,868.351039050808,1366.592,0.721171354994726,549.8000433195359
335,175.54,0.720096417327568,0.360717174076591,351.08,2019_yk_138,Yukon,2019,0.719463769614832,0.3562241652195,-5.9092493953472e-4,726.273139980126,868.351039050808,1366.592,0.721171354994726,549.8000433195359
336,176.064,0.718670932731954,0.357607992372996,352.128,2019_yk_138,Yukon,2019,0.719482145467928,0.35561411138551,-6.1005383398921e-4,726.273139980126,868.351039050808,1366.592,0.721171354994726,549.8000433195359
337,176.588,0.718417518956622,0.355935064064749,353.176,2019_yk_138,Yukon,2019,0.71945373786005,0.355107565605829,-5.0654577968167e-4,726.273139980126,868.351039050808,1366.592,0.721171354994726,549.8000433195359
338,177.112,0.723581777226788,0.359342659371842,354.224,2019_yk_138,Yukon,2019,0.719472485991976,0.354567960162355,-5.3960544347386e-4,726.273139980126,868.351039050808,1366.592,0.721171354994726,549.8000433195359
339,177.636,0.719916262658561,0.354963287580703,355.272,2019_yk_138,Yukon,2019,0.719413398924047,0.354012784026197,-5.5517613615813e-4,726.273139980126,868.351039050808,1366.592,0.721171354994726,549.8000433195359
340,178.16,0.718066716177398,0.36064744401221,356.32,2019_yk_138,Yukon,2019,0.719379627591479,0.353530234762164,-4.8254926403301e-4,726.273139980126,868.351039050808,1366.592,0.721171354994726,549.8000433195359
341,178.684,0.718914074191549,0.36051387629086,357.368,2019_yk_138,Yukon,2019,0.719332552901787,0.353147857830468,-3.8237693169629e-4,726.273139980126,868.351039050808,1366.592,0.721171354994726,549.8000433195359
342,179.208,0.717621188204008,0.352929278110839,358.416,2019_yk_138,Yukon,2019,0.719339767258106,0.352791022994972,-3.5683483549581e-4,726.273139980126,868.351039050808,1366.592,0.721171354994726,549.8000433195359
343,179.732,0.71980018771004906,0.342142467477867,359.464,2019_yk_138,Yukon,2019,0.719398245576103,0.352447823144507,-3.4319985046515e-4,726.273139980126,868.351039050808,1366.592,0.721171354994726,549.8000433195359
344,180.256,0.722091073873066,0.341409269114147,360.512,2019_yk_138,Yukon,2019,0.719321299934264,0.352137372905036,-3.1045023947062e-4,726.273139980126,868.351039050808,1366.592,0.721171354994726,549.8000433195359
345,180.78,0.716486972422951,0.342803779803801,361.56,2019_yk_138,Yukon,2019,0.71935975910329,0.351753101590903,-3.8427131413282e-4,726.273139980126,868.351039050808,1366.592,0.721171354994726,549.8000433195359
346,181.304,0.718073897035011,0.342744654366619,362.608,2019_yk_138,Yukon,2019,0.719329761741306,0.351281151504481,-4.7195008642192e-4,726.273139980126,868.351039050808,1366.592,0.721171354994726,549.8000433195359
347,181.828,0.716334254572574,0.349196706371927,363.656,2019_yk_138,Yukon,2019,0.719238199292973,0.350767279407896,-5.1387209658476e-4,726.273139980126,868.351039050808,1366.592,0.721171354994726,549.8000433195359
348,182.352,0.718651435344356,0.355142502987104,364.704,2019_yk_138,Yukon,2019,0.719161451331605,0.35027252487672,-4.9475453117647e-4,726.273139980126,868.351039050808,1366.592,0.721171354994726,549.8000433195359
349,182.876,0.717679357101102,0.362431827820783,365.752,2019_yk_138,Yukon,2019,0.719135961810189,0.349878516591728,-3.940082849923e-4,726.273139980126,868.351039050808,1366.592,0.721171354994726,549.8000433195359
350,183.4,0.72098542509133,0.359786660776469,366.8,2019_yk_138,Yukon,2019,0.719122575618835,0.349535709328907,-3.4280726282048e-4,726.273139980126,868.351039050808,1366.592,0.721171354994726,549.8000433195359
351,183.924,0.720042976755263,0.356613271517053,367.848,2019_yk_138,Yukon,2019,0.719134264792711,0.349280338358016,-2.5537097089156e-4,726.273139980126,868.351039050808,1366.592,0.721171354994726,549.8000433195359
352,184.448,0.717057364146871,0.348418384591142,368.896,2019_yk_138,Yukon,2019,0.719167408782754,0.349091729138205,-1.8860921981017e-4,726.273139980126,868.351039050808,1366.592,0.721171354994726,549.8000433195359
353,184.972,0.720064158795914,0.345669819542094,369.944,2019_yk_138,Yukon,2019,0.719226211124241,0.34890232864269,-1.8940049551557e-4,726.273139980126,868.351039050808,1366.592,0.721171354994726,549.8000433195359
354,185.496,0.719032045651552,0.34119933806671,370.992,2019_yk_138,Yukon,2019,0.719296003701182,0.348659915381923,-2.4241326076668e-4,726.273139980126,868.351039050808,1366.592,0.721171354994726,549.8000433195359
355,186.02,0.719535349622293,0.330182241068232,372.04,2019_yk_138,Yukon,2019,0.719271823819824,0.348498531000374,-1.6138438154911e-4,726.273139980126,868.351039050808,1366.592,0.721171354994726,549.8000433195359
356,186.544,0.718684059933323,0.331593408746342,373.088,2019_yk_138,Yukon,2019,0.719329849167811,0.348279403650655,-2.1912734971929e-4,726.273139980126,868.351039050808,1366.592,0.721171354994726,549.8000433195359
357,187.068,0.717523424706788,0.330963389367338,374.136,2019_yk_138,Yukon,2019,0.719351452353782,0.348142588060968,-1.3681558968703e-4,726.273139980126,868.351039050808,1366.592,0.721171354994726,549.8000433195359
358,187.592,0.720956117809413,0.33336598114053,375.184,2019_yk_138,Yukon,2019,0.719337352150281,0.348085862210014,-5.67258509535651e-5,726.273139980126,868.351039050808,1366.592,0.721171354994726,549.8000433195359
359,188.116,0.72324531297195,0.335674125960224,376.232,2019_yk_138,Yukon,2019,0.719364089651984,0.348287111558865,2.0124934885079e-4,726.273139980126,868.351039050808,1366.592,0.721171354994726,549.8000433195359
360,188.64,0.720793176193185,0.334940843286681,377.28,2019_yk_138,Yukon,2019,0.719329051735835,0.348553556628822,2.6644506995687e-4,726.273139980126,868.351039050808,1366.592,0.721171354994726,549.8000433195359
361,189.164,0.71835526852401,0.34081261972109,378.328,2019_yk_138,Yukon,2019,0.719328447952512,0.349179974945356,6.2641831653415e-4,726.273139980126,868.351039050808,1366.592,0.721171354994726,549.8000433195359
362,189.688,0.716881008386086,0.342917320154567,379.376,2019_yk_138,Yukon,2019,0.719362056291308,0.34983616486914,6.561899237843e-4,726.273139980126,868.351039050808,1366.592,0.721171354994726,549.8000433195359
363,190.212,0.720175820342299,0.344078620326487,380.424,2019_yk_138,Yukon,2019,0.719307219447293,0.350510523603728,6.7435873458798e-4,726.273139980126,868.351039050808,1366.592,0.721171354994726,549.8000433195359
364,190.736,0.716551571568087,0.345465305976145,381.472,2019_yk_138,Yukon,2019,0.719307327218131,0.351180302873402,6.6977926967365e-4,726.273139980126,868.351039050808,1366.592,0.721171354994726,549.8000433195359
365,191.26,0.719436372425174,0.345461689051906,382.52,2019_yk_138,Yukon,2019,0.719291109002885,0.351661148238913,4.8084536551101e-4,726.273139980126,868.351039050808,1366.592,0.721171354994726,549.8000433195359
366,191.784,0.722779285737705,0.344879510391066,383.568,2019_yk_138,Yukon,2019,0.719284404842477,0.3521353211422,4.7417290328732e-4,726.273139980126,868.351039050808,1366.592,0.721171354994726,549.8000433195359
367,192.308,0.717532383687142,0.349641933412632,384.616,2019_yk_138,Yukon,2019,0.719281276782686,0.352560188949288,4.2486780708783e-4,726.273139980126,868.351039050808,1366.592,0.721171354994726,549.8000433195359
368,192.832,0.721925621292884,0.345468644685391,385.664,2019_yk_138,Yukon,2019,0.719237165931391,0.353083108058157,5.229191088687e-4,726.273139980126,868.351039050808,1366.592,0.721171354994726,549.8000433195359
369,193.356,0.715681700225858,0.344071950868003,386.712,2019_yk_138,Yukon,2019,0.719184732734224,0.353573638697444,4.9053063928766e-4,726.273139980126,868.351039050808,1366.592,0.721171354994726,549.8000433195359
370,193.88,0.71867403008029,0.344333199832232,387.76,2019_yk_138,Yukon,2019,0.719183602702635,0.353963892036721,3.9025333927661e-4,726.273139980126,868.351039050808,1366.592,0.721171354994726,549.8000433195359
371,194.404,0.720229183590202,0.345007714961041,388.808,2019_yk_138,Yukon,2019,0.719117596707455,0.354270664363665,3.0677232694403e-4,726.273139980126,868.351039050808,1366.592,0.721171354994726,549.8000433195359
372,194.928,0.718177081914743,0.343702133509858,389.856,2019_yk_138,Yukon,2019,0.719137872841359,0.354771345762244,5.0068139857922e-4,726.273139980126,868.351039050808,1366.592,0.721171354994726,549.8000433195359
373,195.452,0.720987690066679,0.34162229337739,390.904,2019_yk_138,Yukon,2019,0.719110682077776,0.355508667734856,7.373219726115e-4,726.273139980126,868.351039050808,1366.592,0.721171354994726,549.8000433195359
374,195.976,0.716365557263152,0.343283000782207,391.952,2019_yk_138,Yukon,2019,0.7190609619271,0.356330481407612,8.2181367275613e-4,726.273139980126,868.351039050808,1366.592,0.721171354994726,549.8000433195359
375,196.5,0.718911305366232,0.337617208438955,393,2019_yk_138,Yukon,2019,0.71910976673338,0.356977967873474,6.474864658616e-4,726.273139980126,868.351039050808,1366.592,0.721171354994726,549.8000433195359
376,197.024,0.720130345314607,0.336863026557828,394.048,2019_yk_138,Yukon,2019,0.719151912640523,0.357569151693599,5.9118382012562e-4,726.273139980126,868.351039050808,1366.592,0.721171354994726,549.8000433195359
377,197.548,0.716608060262876,0.335946250017222,395.096,2019_yk_138,Yukon,2019,0.719224707435612,0.358007349474107,4.3819778050824e-4,726.273139980126,868.351039050808,1366.592,0.721171354994726,549.8000433195359
378,198.072,0.718079930626221,0.337746973700838,396.144,2019_yk_138,Yukon,2019,0.719230660798164,0.358421876075519,4.145266014115e-4,726.273139980126,868.351039050808,1366.592,0.721171354994726,549.8000433195359
379,198.596,0.71923230811407,0.34369629961509,397.192,2019_yk_138,Yukon,2019,0.719212345070007,0.358728582903181,3.0670682766237e-4,726.273139980126,868.351039050808,1366.592,0.721171354994726,549.8000433195359
380,199.12,0.721157251024373,0.34463065019373,398.24,2019_yk_138,Yukon,2019,0.719191096183484,0.359077579727828,3.4899682464645e-4,726.273139980126,868.351039050808,1366.592,0.721171354994726,549.8000433195359
381,199.644,0.72078053445373,0.348913341703135,399.288,2019_yk_138,Yukon,2019,0.719155411198086,0.359495213848564,4.1763412073653e-4,726.273139980126,868.351039050808,1366.592,0.721171354994726,549.8000433195359
382,200.168,0.719523792208438,0.350622849759669,400.336,2019_yk_138,Yukon,2019,0.719272479005866,0.359988198618757,4.9298477019221e-4,726.273139980126,868.351039050808,1366.592,0.721171354994726,549.8000433195359
383,200.692,0.720983785012676,0.355046192235818,401.384,2019_yk_138,Yukon,2019,0.719249638633225,0.36042245612522,4.3425750646319e-4,726.273139980126,868.351039050808,1366.592,0.721171354994726,549.8000433195359
384,201.216,0.720825314830632,0.352928719914087,402.432,2019_yk_138,Yukon,2019,0.719221081516874,0.360885023333888,4.6256720866794e-4,726.273139980126,868.351039050808,1366.592,0.721171354994726,549.8000433195359
385,201.74,0.719625024912343,0.351911569491014,403.48,2019_yk_138,Yukon,2019,0.719184832060861,0.36146464480962,5.7962147573237e-4,726.273139980126,868.351039050808,1366.592,0.721171354994726,549.8000433195359
386,202.264,0.722256511942312,0.354775726977192,404.528,2019_yk_138,Yukon,2019,0.719221059800527,0.362100459165438,6.3581435581811e-4,726.273139980126,868.351039050808,1366.592,0.721171354994726,549.8000433195359
387,202.788,0.720285279914692,0.357931196252168,405.576,2019_yk_138,Yukon,2019,0.719242466586116,0.362687037336655,5.865781712171e-4,726.273139980126,868.351039050808,1366.592,0.721171354994726,549.8000433195359
388,203.312,0.718308061431634,0.358605545892055,406.624,2019_yk_138,Yukon,2019,0.719200840320573,0.363253418780322,5.6638144366655e-4,726.273139980126,868.351039050808,1366.592,0.721171354994726,549.8000433195359
389,203.836,0.720096640899834,0.368037402781779,407.672,2019_yk_138,Yukon,2019,0.719115885114173,0.363793888174133,0.00054046939381101995,726.273139980126,868.351039050808,1366.592,0.721171354994726,549.8000433195359
390,204.36,0.717955823813461,0.372057266614193,408.72,2019_yk_138,Yukon,2019,0.71912824880739,0.364386024617556,5.921364434232e-4,726.273139980126,868.351039050808,1366.592,0.721171354994726,549.8000433195359
391,204.884,0.719681673209766,0.394620247401211,409.768,2019_yk_138,Yukon,2019,0.719078309203569,0.364825174957342,4.3915033978603e-4,726.273139980126,868.351039050808,1366.592,0.721171354994726,549.8000433195359
392,205.408,0.72098155234817,0.403234917837849,410.816,2019_yk_138,Yukon,2019,0.719121628601872,0.365137969837042,3.127948796997e-4,726.273139980126,868.351039050808,1366.592,0.721171354994726,549.8000433195359
393,205.932,0.717190580710834,0.400287920950236,411.864,2019_yk_138,Yukon,2019,0.719124861803429,0.365407042698842,2.6907286180011e-4,726.273139980126,868.351039050808,1366.592,0.721171354994726,549.8000433195359
394,206.456,0.719751804375201,0.397663481134167,412.912,2019_yk_138,Yukon,2019,0.719161064829413,0.365683714914139,2.7667221529681e-4,726.273139980126,868.351039050808,1366.592,0.721171354994726,549.8000433195359
395,206.98,0.719123324412779,0.389567896007255,413.96,2019_yk_138,Yukon,2019,0.719090667413124,0.365895465786851,2.117508727123e-4,726.273139980126,868.351039050808,1366.592,0.721171354994726,549.8000433195359
396,207.504,0.71826868310752,0.386058366570233,415.008,2019_yk_138,Yukon,2019,0.719040899902292,0.366134443781314,2.3897799446337e-4,726.273139980126,868.351039050808,1366.592,0.721171354994726,549.8000433195359
397,208.028,0.718229835369183,0.381427132490021,416.056,2019_yk_138,Yukon,2019,0.719027895891586,0.366287005762181,1.5256198086693e-4,726.273139980126,868.351039050808,1366.592,0.721171354994726,549.8000433195359
398,208.552,0.720935126149038,0.390717805903964,417.104,2019_yk_138,Yukon,2019,0.718960103817989,0.366353631740142,6.66259779602552e-5,726.273139980126,868.351039050808,1366.592,0.721171354994726,549.8000433195359
399,209.076,0.716770270828591,0.384395125937964,418.152,2019_yk_138,Yukon,2019,0.718977843690328,0.366450496133746,9.6864393603957e-5,726.273139980126,868.351039050808,1366.592,0.721171354994726,549.8000433195359
400,209.6,0.717998914282022,0.384062644368807,419.2,2019_yk_138,Yukon,2019,0.719027318532507,0.366552157716959,1.0166158321384e-4,726.273139980126,868.351039050808,1366.592,0.721171354994726,549.8000433195359
401,210.124,0.714953714480738,0.378920215907502,420.248,2019_yk_138,Yukon,2019,0.719012854947024,0.366648789002977,9.66312860177232e-5,726.273139980126,868.351039050808,1366.592,0.721171354994726,549.8000433195359
402,210.648,0.718837756238261,0.382970162025594,421.296,2019_yk_138,Yukon,2019,0.718982070072902,0.366802607307839,1.5381830486177e-4,726.273139980126,868.351039050808,1366.592,0.721171354994726,549.8000433195359
403,211.172,0.718168741895067,0.386381785834554,422.344,2019_yk_138,Yukon,2019,0.718997663676988,0.36708054184373,2.7793453589097e-4,726.273139980126,868.351039050808,1366.592,0.721171354994726,549.8000433195359
404,211.696,0.719107864832531,0.390718089479516,423.392,2019_yk_138,Yukon,2019,0.719009222625741,0.36725245417187,1.7191232813995e-4,726.273139980126,868.351039050808,1366.592,0.721171354994726,549.8000433195359
405,212.22,0.719415260799768,0.3816529677555,424.44,2019_yk_138,Yukon,2019,0.719024566247431,0.367523373961205,2.7091978933524e-4,726.273139980126,868.351039050808,1366.592,0.721171354994726,549.8000433195359
406,212.744,0.720602651463538,0.378215683574159,425.488,2019_yk_138,Yukon,2019,0.718991543809646,0.367834635460872,3.1126149966676e-4,726.273139980126,868.351039050808,1366.592,0.721171354994726,549.8000433195359
407,213.268,0.720701942277921,0.375488573202422,426.536,2019_yk_138,Yukon,2019,0.718984492753323,0.368150590547284,3.1595508641263e-4,726.273139980126,868.351039050808,1366.592,0.721171354994726,549.8000433195359
408,213.792,0.719008637097478,0.380014099071795,427.584,2019_yk_138,Yukon,2019,0.718951288092984,0.368507115663755,3.5652511647082e-4,726.273139980126,868.351039050808,1366.592,0.721171354994726,549.8000433195359
409,214.316,0.716580413411702,0.380834237480524,428.632,2019_yk_138,Yukon,2019,0.718957243488971,0.36874080676276,2.3369109900511e-4,726.273139980126,868.351039050808,1366.592,0.721171354994726,549.8000433195359
410,214.84,0.719710491899952,0.380726470255256,429.68,2019_yk_138,Yukon,2019,0.718891004134985,0.368972379918421,2.3157315566096e-4,726.273139980126,868.351039050808,1366.592,0.721171354994726,549.8000433195359
411,215.364,0.71790187763137,0.381671318761242,430.728,2019_yk_138,Yukon,2019,0.718929364826553,0.369078926053785,1.0654613536365e-4,726.273139980126,868.351039050808,1366.592,0.721171354994726,549.8000433195359
412,215.888,0.724081432613667,0.377997470802676,431.776,2019_yk_138,Yukon,2019,0.718922925385459,0.369195829237214,1.1690318342871e-4,726.273139980126,868.351039050808,1366.592,0.721171354994726,549.8000433195359
413,216.412,0.718693736437424,0.371725269929885,432.824,2019_yk_138,Yukon,2019,0.718849940470189,0.369233773592502,3.79443552878667e-5,726.273139980126,868.351039050808,1366.592,0.721171354994726,549.8000433195359
414,216.936,0.717318618670514,0.36895337058679,433.872,2019_yk_138,Yukon,2019,0.718817160723018,0.369215445444867,-1.83281476342501e-5,726.273139980126,868.351039050808,1366.592,0.721171354994726,549.8000433195359
415,217.46,0.717360382261502,0.364959529612173,434.92,2019_yk_138,Yukon,2019,0.718808332487025,0.36919624173155,-1.92037133174283e-5,726.273139980126,868.351039050808,1366.592,0.721171354994726,549.8000433195359
416,217.984,0.720857724313292,0.369742270095428,435.968,2019_yk_138,Yukon,2019,0.718763178115009,0.369184788622756,-1.1453108794246e-5,726.273139980126,868.351039050808,1366.592,0.721171354994726,549.8000433195359
417,218.508,0.718807831842142,0.366158079640363,437.016,2019_yk_138,Yukon,2019,0.718723635156424,0.369091452750598,-9.33358721577626e-5,726.273139980126,868.351039050808,1366.592,0.721171354994726,549.8000433195359
418,219.032,0.718458541876849,0.36734886776052,438.064,2019_yk_138,Yukon,2019,0.71871016214592,0.368969446118766,-1.220066318322e-4,726.273139980126,868.351039050808,1366.592,0.721171354994726,549.8000433195359
419,219.556,0.718148000587913,0.368102289588887,439.112,2019_yk_138,Yukon,2019,0.718669237206699,0.368673206404358,-2.9623971440778e-4,726.273139980126,868.351039050808,1366.592,0.721171354994726,549.8000433195359
420,220.08,0.72153499778625,0.370469029892073,440.16,2019_yk_138,Yukon,2019,0.718720642286326,0.368287999015358,-3.852073889996e-4,726.273139980126,868.351039050808,1366.592,0.721171354994726,549.8000433195359
421,220.604,0.715358892294703,0.367161640108251,441.208,2019_yk_138,Yukon,2019,0.71872663231625,0.367551199654242,-7.3679936111587e-4,726.273139980126,868.351039050808,1366.592,0.721171354994726,549.8000433195359
422,221.128,0.719480172284279,0.361685012936547,442.256,2019_yk_138,Yukon,2019,0.718706801228052,0.366663745227014,-8.8745442722831e-4,726.273139980126,868.351039050808,1366.592,0.721171354994726,549.8000433195359
423,221.652,0.720369812435721,0.360222992034492,443.304,2019_yk_138,Yukon,2019,0.71873629274774,0.365836105460389,-8.2763976662503e-4,726.273139980126,868.351039050808,1366.592,0.721171354994726,549.8000433195359
424,222.176,0.718723753127109,0.362065638893954,444.352,2019_yk_138,Yukon,2019,0.718682845551555,0.3650587998342,-7.7730562618866e-4,726.273139980126,868.351039050808,1366.592,0.721171354994726,549.8000433195359
425,222.7,0.71521252744785,0.358166741414645,445.4,2019_yk_138,Yukon,2019,0.718682788714198,0.364301455783204,-7.5734405099647e-4,726.273139980126,868.351039050808,1366.592,0.721171354994726,549.8000433195359
426,223.224,0.719793235087799,0.359218190058868,446.448,2019_yk_138,Yukon,2019,0.718683891933053,0.363805659450266,-4.9579633293778e-4,726.273139980126,868.351039050808,1366.592,0.721171354994726,549.8000433195359
427,223.748,0.716752143044807,0.358795652264647,447.496,2019_yk_138,Yukon,2019,0.718710478120813,0.363305838728768,-4.998207214979e-4,726.273139980126,868.351039050808,1366.592,0.721171354994726,549.8000433195359
428,224.272,0.717858096877062,0.349466203363009,448.544,2019_yk_138,Yukon,2019,0.71868059865857,0.362642269643203,-6.6356908556553e-4,726.273139980126,868.351039050808,1366.592,0.721171354994726,549.8000433195359
429,224.796,0.716746092566198,0.349883814484241,449.592,2019_yk_138,Yukon,2019,0.718679253934857,0.361917379592619,-7.2489005058412e-4,726.273139980126,868.351039050808,1366.592,0.721171354994726,549.8000433195359
430,225.32,0.721642520610989,0.350432894825062,450.64,2019_yk_138,Yukon,2019,0.718696000233384,0.361188257545793,-7.2912204682579e-4,726.273139980126,868.351039050808,1366.592,0.721171354994726,549.8000433195359
431,225.844,0.719361368461249,0.350805592122101,451.688,2019_yk_138,Yukon,2019,0.718770367256132,0.360566861603074,-6.2139594271837e-4,726.273139980126,868.351039050808,1366.592,0.721171354994726,549.8000433195359
432,226.368,0.716329989467445,0.352931231801566,452.736,2019_yk_138,Yukon,2019,0.718746049026275,0.359846747654946,-7.2011394812804e-4,726.273139980126,868.351039050808,1366.592,0.721171354994726,549.8000433195359
433,226.892,0.72192330631181,0.35829836553085,453.784,2019_yk_138,Yukon,2019,0.718701401197003,0.359155321151952,-6.9142650299458e-4,726.273139980126,868.351039050808,1366.592,0.721171354994726,549.8000433195359
434,227.416,0.717059094188355,0.353597740470606,454.832,2019_yk_138,Yukon,2019,0.718675176695781,0.358388008091197,-7.673130607545e-4,726.273139980126,868.351039050808,1366.592,0.721171354994726,549.8000433195359
435,227.94,0.719831922667612,0.353872395799067,455.88,2019_yk_138,Yukon,2019,0.71858956332885,0.357756040545024,-6.3196754617367e-4,726.273139980126,868.351039050808,1366.592,0.721171354994726,549.8000433195359
436,228.464,0.718148999047493,0.355538716537836,456.928,2019_yk_138,Yukon,2019,0.718515149834262,0.357173195081563,-5.8284546346015e-4,726.273139980126,868.351039050808,1366.592,0.721171354994726,549.8000433195359
437,228.988,0.716184996883517,0.354903555201977,457.976,2019_yk_138,Yukon,2019,0.718400675557023,0.356669148974857,-5.0404610670662e-4,726.273139980126,868.351039050808,1366.592,0.721171354994726,549.8000433195359
438,229.512,0.716087651005851,0.359138480689092,459.024,2019_yk_138,Yukon,2019,0.718395863457668,0.355900449121264,-7.6869985359334e-4,726.273139980126,868.351039050808,1366.592,0.721171354994726,549.8000433195359
439,230.036,0.719589631873334,0.357717765555396,460.072,2019_yk_138,Yukon,2019,0.718426457373449,0.355119016910945,-7.8143221031828e-4,726.273139980126,868.351039050808,1366.592,0.721171354994726,549.8000433195359
440,230.56,0.717182889785181,0.358525039533386,461.12,2019_yk_138,Yukon,2019,0.718370877320151,0.354245667875866,-8.7334903507885e-4,726.273139980126,868.351039050808,1366.592,0.721171354994726,549.8000433195359
441,231.084,0.723082175947815,0.355306109824956,462.168,2019_yk_138,Yukon,2019,0.718413270718312,0.353382431589875,-8.6323628599144e-4,726.273139980126,868.351039050808,1366.592,0.721171354994726,549.8000433195359
442,231.608,0.719137425742835,0.357637040765392,463.216,2019_yk_138,Yukon,2019,0.718310632331299,0.352516942773819,-8.6548881605597e-4,726.273139980126,868.351039050808,1366.592,0.721171354994726,549.8000433195359
443,232.132,0.716604690096456,0.357322853553091,464.264,2019_yk_138,Yukon,2019,0.718231640618828,0.351763619868766,-7.5332290505286e-4,726.273139980126,868.351039050808,1366.592,0.721171354994726,549.8000433195359
444,232.656,0.718858530000346,0.351829031056031,465.312,2019_yk_138,Yukon,2019,0.71818668990379,0.351102031520131,-6.6158834863472e-4,726.273139980126,868.351039050808,1366.592,0.721171354994726,549.8000433195359
445,233.18,0.719095330752789,0.350759346691969,466.36,2019_yk_138,Yukon,2019,0.71823078318488,0.350505225945539,-5.9680557459246e-4,726.273139980126,868.351039050808,1366.592,0.721171354994726,549.8000433195359
446,233.704,0.719547249621349,0.354088540449539,467.408,2019_yk_138,Yukon,2019,0.71817941423899,0.349766053338332,-7.3917260720701e-4,726.273139980126,868.351039050808,1366.592,0.721171354994726,549.8000433195359
447,234.228,0.717912702399592,0.352331043922699,468.456,2019_yk_138,Yukon,2019,0.718142561435548,0.349102214707026,-6.6383863130553e-4,726.273139980126,868.351039050808,1366.592,0.721171354994726,549.8000433195359
448,234.752,0.717499680801359,0.351285147982122,469.504,2019_yk_138,Yukon,2019,0.718131392694547,0.348312663277152,-7.895514298743e-4,726.273139980126,868.351039050808,1366.592,0.721171354994726,549.8000433195359
449,235.276,0.717641144546577,0.350263019917311,470.552,2019_yk_138,Yukon,2019,0.718120842213533,0.347485632900448,-8.2703037670434e-4,726.273139980126,868.351039050808,1366.592,0.721171354994726,549.8000433195359
450,235.8,0.721040128591132,0.348944823274217,471.6,2019_yk_138,Yukon,2019,0.718012128887078,0.34662005050709,-8.6558239335804e-4,726.273139980126,868.351039050808,1366.592,0.721171354994726,549.8000433195359
451,236.324,0.720041075005184,0.350412285734258,472.648,2019_yk_138,Yukon,2019,0.718073121678575,0.345861905919268,-7.5814458782125e-4,726.273139980126,868.351039050808,1366.592,0.721171354994726,549.8000433195359
452,236.848,0.719791687056307,0.349987652204148,473.696,2019_yk_138,Yukon,2019,0.71803737805044,0.345238764068092,-6.2314185117595e-4,726.273139980126,868.351039050808,1366.592,0.721171354994726,549.8000433195359
453,237.372,0.718960071892107,0.350629534952737,474.744,2019_yk_138,Yukon,2019,0.71797557458774,0.344595740604439,-6.4302346365319e-4,726.273139980126,868.351039050808,1366.592,0.721171354994726,549.8000433195359
454,237.896,0.716544972604119,0.351025143562846,475.792,2019_yk_138,Yukon,2019,0.717971614988054,0.343933066008482,-6.6267459595725e-4,726.273139980126,868.351039050808,1366.592,0.721171354994726,549.8000433195359
455,238.42,0.719119914171324,0.344127252947464,476.84,2019_yk_138,Yukon,2019,0.71804948626139,0.343317185347588,-6.158806608944e-4,726.273139980126,868.351039050808,1366.592,0.721171354994726,549.8000433195359
456,238.944,0.718334876238828,0.356310586593969,477.888,2019_yk_138,Yukon,2019,0.718005308939269,0.342757766121933,-5.5941922565455e-4,726.273139980126,868.351039050808,1366.592,0.721171354994726,549.8000433195359
457,239.468,0.719825006634756,0.351437889200146,478.936,2019_yk_138,Yukon,2019,0.718059388936887,0.342176019296867,-5.8174682506562e-4,726.273139980126,868.351039050808,1366.592,0.721171354994726,549.8000433195359
458,239.992,0.719142358414509,0.350903660770033,479.984,2019_yk_138,Yukon,2019,0.718097687278099,0.341710362648463,-4.656566484042e-4,726.273139980126,868.351039050808,1366.592,0.721171354994726,549.8000433195359
459,240.516,0.716689587405792,0.340901722902918,481.032,2019_yk_138,Yukon,2019,0.718135527909438,0.34124976368315,-4.6059896531275e-4,726.273139980126,868.351039050808,1366.592,0.721171354994726,549.8000433195359
460,241.04,0.719003692193616,0.340315321559259,482.08,2019_yk_138,Yukon,2019,0.718072525143264,0.340800316410433,-4.4944727271784e-4,726.273139980126,868.351039050808,1366.592,0.721171354994726,549.8000433195359
461,241.564,0.719415735845602,0.341636459344398,483.128,2019_yk_138,Yukon,2019,0.71808369573712,0.340341533714759,-4.5878269567328e-4,726.273139980126,868.351039050808,1366.592,0.721171354994726,549.8000433195359
462,242.088,0.717378662446876,0.339763325137912,484.176,2019_yk_138,Yukon,2019,0.718068128488277,0.339852291736253,-4.8924197850613e-4,726.273139980126,868.351039050808,1366.592,0.721171354994726,549.8000433195359
463,242.612,0.715489872138717,0.34489619565488,485.224,2019_yk_138,Yukon,2019,0.718005273417996,0.339352284531814,-5.0000720443904e-4,726.273139980126,868.351039050808,1366.592,0.721171354994726,549.8000433195359
464,243.136,0.71753439475926,0.344679305834243,486.272,2019_yk_138,Yukon,2019,0.717967903836394,0.338961187829743,-3.9109670207149e-4,726.273139980126,868.351039050808,1366.592,0.721171354994726,549.8000433195359
465,243.66,0.71427845878388,0.343734914985081,487.32,2019_yk_138,Yukon,2019,0.717907884663751,0.338502547488073,-4.5864034166981e-4,726.273139980126,868.351039050808,1366.592,0.721171354994726,549.8000433195359
466,244.184,0.716137841788254,0.343244955766548,488.368,2019_yk_138,Yukon,2019,0.71783738876476,0.338015629259722,-4.8691822835073e-4,726.273139980126,868.351039050808,1366.592,0.721171354994726,549.8000433195359
467,244.708,0.713833485643568,0.345245806800028,489.416,2019_yk_138,Yukon,2019,0.717924622968266,0.337535232144849,-4.8039711487346e-4,726.273139980126,868.351039050808,1366.592,0.721171354994726,549.8000433195359
468,245.232,0.718719911136197,0.333892107856191,490.464,2019_yk_138,Yukon,2019,0.717982139520711,0.337037699399568,-4.975327452808e-4,726.273139980126,868.351039050808,1366.592,0.721171354994726,549.8000433195359
469,245.756,0.718416048358551,0.333948304861429,491.512,2019_yk_138,Yukon,2019,0.717934203163349,0.336603122305003,-4.3457709456468e-4,726.273139980126,868.351039050808,1366.592,0.721171354994726,549.8000433195359
470,246.28,0.716375688702054,0.328325528150522,492.56,2019_yk_138,Yukon,2019,0.717935041220196,0.336006803713398,-5.9631859160508e-4,726.273139980126,868.351039050808,1366.592,0.721171354994726,549.8000433195359
471,246.804,0.720445481521045,0.329877141601755,493.608,2019_yk_138,Yukon,2019,0.717822593896086,0.335504567238783,-5.022364746155e-4,726.273139980126,868.351039050808,1366.592,0.721171354994726,549.8000433195359
472,247.328,0.717923129392908,0.326068141839317,494.656,2019_yk_138,Yukon,2019,0.717789344668308,0.334916538079627,-5.8802915915595e-4,726.273139980126,868.351039050808,1366.592,0.721171354994726,549.8000433195359
473,247.852,0.713954233689153,0.326525895626712,495.704,2019_yk_138,Yukon,2019,0.7178210642689,0.334364542684269,-5.5199539535766e-4,726.273139980126,868.351039050808,1366.592,0.721171354994726,549.8000433195359
474,248.376,0.71462157576821,0.329258069668706,496.752,2019_yk_138,Yukon,2019,0.717816432169701,0.333902398862678,-4.6214382159121e-4,726.273139980126,868.351039050808,1366.592,0.721171354994726,549.8000433195359
475,248.9,0.72000597912695,0.329151195136628,497.8,2019_yk_138,Yukon,2019,0.717794128153112,0.33345093785665,-4.5146100602777e-4,726.273139980126,868.351039050808,1366.592,0.721171354994726,549.8000433195359
476,249.424,0.717775587559876,0.325391913663008,498.848,2019_yk_138,Yukon,2019,0.717702049859498,0.333024171441874,-4.2676641477601e-4,726.273139980126,868.351039050808,1366.592,0.721171354994726,549.8000433195359
477,249.948,0.716596663635635,0.326327761762028,499.896,2019_yk_138,Yukon,2019,0.71771340792308,0.332566930316246,-4.5724112562839e-4,726.273139980126,868.351039050808,1366.592,0.721171354994726,549.8000433195359
478,250.472,0.717788417416746,0.31997578196806,500.944,2019_yk_138,Yukon,2019,0.717723704978914,0.332127534175737,-4.3939614050825e-4,726.273139980126,868.351039050808,1366.592,0.721171354994726,549.8000433195359
479,250.996,0.717514971727072,0.318480466986628,501.992,2019_yk_138,Yukon,2019,0.717752233015829,0.331627168179753,-5.0036599598424e-4,726.273139980126,868.351039050808,1366.592,0.721171354994726,549.8000433195359
480,251.52,0.715012198198989,0.318534086290588,503.04,2019_yk_138,Yukon,2019,0.71766193462725,0.33125405754648,-3.7311063327327e-4,726.273139980126,868.351039050808,1366.592,0.721171354994726,549.8000433195359
481,252.044,0.719018459784471,0.321672964838975,504.088,2019_yk_138,Yukon,2019,0.717566844771451,0.330768610223473,-4.8544732300653e-4,726.273139980126,868.351039050808,1366.592,0.721171354994726,549.8000433195359
482,252.568,0.717335554596182,0.324296501865989,505.136,2019_yk_138,Yukon,2019,0.717542672219911,0.330326368052083,-4.422421713906e-4,726.273139980126,868.351039050808,1366.592,0.721171354994726,549.8000433195359
483,253.092,0.71666160467375,0.321641584215301,506.184,2019_yk_138,Yukon,2019,0.717571976190841,0.329835791064051,-4.9057698803195e-4,726.273139980126,868.351039050808,1366.592,0.721171354994726,549.8000433195359
484,253.616,0.71848617714594,0.322305163136518,507.232,2019_yk_138,Yukon,2019,0.717617911026837,0.329414784137343,-4.2100692670793e-4,726.273139980126,868.351039050808,1366.592,0.721171354994726,549.8000433195359
485,254.14,0.719884803847997,0.32121390176098,508.28,2019_yk_138,Yukon,2019,0.717621383477234,0.329118576639959,-2.9620749738362e-4,726.273139980126,868.351039050808,1366.592,0.721171354994726,549.8000433195359
486,254.664,0.717142595760552,0.325653036519596,509.328,2019_yk_138,Yukon,2019,0.717610196450848,0.328576967249276,-5.416093906832e-4,726.273139980126,868.351039050808,1366.592,0.721171354994726,549.8000433195359
487,255.188,0.719996942901903,0.32389084276071,510.376,2019_yk_138,Yukon,2019,0.717569416176453,0.328240236204736,-3.3673104454012e-4,726.273139980126,868.351039050808,1366.592,0.721171354994726,549.8000433195359
488,255.712,0.720155997349766,0.321526804458758,511.424,2019_yk_138,Yukon,2019,0.717590288655947,0.327935853511767,-3.0438269296906e-4,726.273139980126,868.351039050808,1366.592,0.721171354994726,549.8000433195359
489,256.236,0.719016530446544,0.322247876565474,512.472,2019_yk_138,Yukon,2019,0.717596744510462,0.327836745259709,-9.91082520576114e-5,726.273139980126,868.351039050808,1366.592,0.721171354994726,549.8000433195359
490,256.76,0.717862354640525,0.323466058461994,513.52,2019_yk_138,Yukon,2019,0.717580053408405,0.327626082688149,-2.1066257155977e-4,726.273139980126,868.351039050808,1366.592,0.721171354994726,549.8000433195359
491,257.284,0.720031604092601,0.323278630381704,514.568,2019_yk_138,Yukon,2019,0.717556092420933,0.327550114006108,-7.59686820414052e-5,726.273139980126,868.351039050808,1366.592,0.721171354994726,549.8000433195359
492,257.808,0.715395954536877,0.323576713091198,515.616,2019_yk_138,Yukon,2019,0.717570591964164,0.327498589526953,-5.15244791549629e-5,726.273139980126,868.351039050808,1366.592,0.721171354994726,549.8000433195359
493,258.332,0.718152002094932,0.328297933264507,516.664,2019_yk_138,Yukon,2019,0.717617058615702,0.327427768309081,-7.08212178721634e-5,726.273139980126,868.351039050808,1366.592,0.721171354994726,549.8000433195359
494,258.856,0.714816919292266,0.330131938346316,517.712,2019_yk_138,Yukon,2019,0.717600480803222,0.32730282691173,-1.2494139735047e-4,726.273139980126,868.351039050808,1366.592,0.721171354994726,549.8000433195359
495,259.38,0.716230772309008,0.326353975298877,518.76,2019_yk_138,Yukon,2019,0.717616107322498,0.327244742411798,-5.8084499932165e-5,726.273139980126,868.351039050808,1366.592,0.721171354994726,549.8000433195359
496,259.904,0.71391924510802,0.32632362283679,519.808,2019_yk_138,Yukon,2019,0.717673346926213,0.327166559965854,-7.81824459442637e-5,726.273139980126,868.351039050808,1366.592,0.721171354994726,549.8000433195359
497,260.428,0.721419049093922,0.326079728309568,520.856,2019_yk_138,Yukon,2019,0.717731167840956,0.327162897698871,-3.66226698256256e-6,726.273139980126,868.351039050808,1366.592,0.721171354994726,549.8000433195359
498,260.952,0.719538644152559,0.329286515972243,521.904,2019_yk_138,Yukon,2019,0.717625638016583,0.327357435208133,1.9453750926207e-4,726.273139980126,868.351039050808,1366.592,0.721171354994726,549.8000433195359
499,261.476,0.716713450431571,0.331643139881517,522.952,2019_yk_138,Yukon,2019,0.717513292273912,0.327481094974142,1.2365976600831e-4,726.273139980126,868.351039050808,1366.592,0.721171354994726,549.8000433195359
500,262,0.717233173196022,0.32274592403708,524,2019_yk_138,Yukon,2019,0.717504461645667,0.327765867637085,2.8477266294324e-4,726.273139980126,868.351039050808,1366.592,0.721171354994726,549.8000433195359
501,262.524,0.716335336501191,0.325171921348029,525.048,2019_yk_138,Yukon,2019,0.717480571097076,0.327961768307175,1.9590067008984e-4,726.273139980126,868.351039050808,1366.592,0.721171354994726,549.8000433195359
502,263.048,0.717142472076186,0.322355291216033,526.096,2019_yk_138,Yukon,2019,0.71747937745822,0.32813977128793,1.7800298075554e-4,726.273139980126,868.351039050808,1366.592,0.721171354994726,549.8000433195359
503,263.572,0.718507866131975,0.324203129831631,527.144,2019_yk_138,Yukon,2019,0.71753148190218,0.32825694580500703,1.1717451707632e-4,726.273139980126,868.351039050808,1366.592,0.721171354994726,549.8000433195359
504,264.096,0.718580604048384,0.324100401760557,528.192,2019_yk_138,Yukon,2019,0.717595076120034,0.328279988651681,2.30428466745369e-5,726.273139980126,868.351039050808,1366.592,0.721171354994726,549.8000433195359
505,264.62,0.717757089757463,0.323671686330303,529.24,2019_yk_138,Yukon,2019,0.717538911019947,0.328357089246314,7.71005946330616e-5,726.273139980126,868.351039050808,1366.592,0.721171354994726,549.8000433195359
506,265.144,0.71402255200453,0.328482555562979,530.288,2019_yk_138,Yukon,2019,0.717512217659847,0.32844875986013,9.16706138155976e-5,726.273139980126,868.351039050808,1366.592,0.721171354994726,549.8000433195359
507,265.668,0.718594186214489,0.324896576384996,531.336,2019_yk_138,Yukon,2019,0.717527253158519,0.32847138416765,2.26243075204247e-5,726.273139980126,868.351039050808,1366.592,0.721171354994726,549.8000433195359
508,266.192,0.718117504151402,0.324921379551627,532.384,2019_yk_138,Yukon,2019,0.717523565469938,0.328534473818366,6.30896507159973e-5,726.273139980126,868.351039050808,1366.592,0.721171354994726,549.8000433195359
509,266.716,0.719352826761503,0.320241060158257,533.432,2019_yk_138,Yukon,2019,0.717520997053848,0.328717134082476,1.8266026410995e-4,726.273139980126,868.351039050808,1366.592,0.721171354994726,549.8000433195359
510,267.24,0.715622225276372,0.326558185277818,534.48,2019_yk_138,Yukon,2019,0.717544363499606,0.32884565367727,1.2851959479365e-4,726.273139980126,868.351039050808,1366.592,0.721171354994726,549.8000433195359
511,267.764,0.714335683657259,0.321285446353865,535.528,2019_yk_138,Yukon,2019,0.717547592109129,0.328951940273917,1.0628659664685e-4,726.273139980126,868.351039050808,1366.592,0.721171354994726,549.8000433195359
512,268.288,0.718341333963901,0.323453121920711,536.576,2019_yk_138,Yukon,2019,0.717579838788291,0.329092162462072,1.4022218815484e-4,726.273139980126,868.351039050808,1366.592,0.721171354994726,549.8000433195359
513,268.812,0.720718310147894,0.321194915670818,537.624,2019_yk_138,Yukon,2019,0.7176021932572,0.329209900268902,1.1773780683072e-4,726.273139980126,868.351039050808,1366.592,0.721171354994726,549.8000433195359
514,269.336,0.719301062763896,0.325764727960371,538.672,2019_yk_138,Yukon,2019,0.71757694665083,0.329221396407348,1.14961384456436e-5,726.273139980126,868.351039050808,1366.592,0.721171354994726,549.8000433195359
515,269.86,0.719328261195101,0.326354803104447,539.72,2019_yk_138,Yukon,2019,0.717527281278089,0.32935810812079,1.3671171344226e-4,726.273139980126,868.351039050808,1366.592,0.721171354994726,549.8000433195359
516,270.384,0.717663654655703,0.323814023152975,540.768,2019_yk_138,Yukon,2019,0.717599100122055,0.329623151384054,2.6504326326337e-4,726.273139980126,868.351039050808,1366.592,0.721171354994726,549.8000433195359
517,270.908,0.717378190171052,0.33123402652774,541.816,2019_yk_138,Yukon,2019,0.717534943600623,0.329753728625123,1.3057724106913e-4,726.273139980126,868.351039050808,1366.592,0.721171354994726,549.8000433195359
518,271.432,0.72039470718417,0.33264069919189,542.864,2019_yk_138,Yukon,2019,0.717490519127688,0.330028155262724,2.7442663760141e-4,726.273139980126,868.351039050808,1366.592,0.721171354994726,549.8000433195359
519,271.956,0.717076938676653,0.334955227779461,543.912,2019_yk_138,Yukon,2019,0.717456941917318,0.330309594943744,2.814396810199e-4,726.273139980126,868.351039050808,1366.592,0.721171354994726,549.8000433195359
520,272.48,0.718002226070194,0.327675567265676,544.96,2019_yk_138,Yukon,2019,0.717484249926877,0.330509962848484,2.0036790473998e-4,726.273139980126,868.351039050808,1366.592,0.721171354994726,549.8000433195359
521,273.004,0.717978076597268,0.337078338421914,546.008,2019_yk_138,Yukon,2019,0.71744531971619,0.330701000041498,1.9103719301361e-4,726.273139980126,868.351039050808,1366.592,0.721171354994726,549.8000433195359
522,273.528,0.718248635040781,0.336671856388616,547.056,2019_yk_138,Yukon,2019,0.717526447967859,0.330825722127431,1.2472208593383e-4,726.273139980126,868.351039050808,1366.592,0.721171354994726,549.8000433195359
523,274.052,0.718277871231001,0.340646922582552,548.104,2019_yk_138,Yukon,2019,0.717460784012442,0.330906514436886,8.07923094549023e-5,726.273139980126,868.351039050808,1366.592,0.721171354994726,549.8000433195359
524,274.576,0.716539726010425,0.337182821993211,549.152,2019_yk_138,Yukon,2019,0.71747884017911,0.331145323971496,2.3880953461008e-4,726.273139980126,868.351039050808,1366.592,0.721171354994726,549.8000433195359
525,275.1,0.715216049940463,0.340249844989152,550.2,2019_yk_138,Yukon,2019,0.717554550727444,0.331373625223585,2.2830125208894e-4,726.273139980126,868.351039050808,1366.592,0.721171354994726,549.8000433195359
526,275.624,0.719572218011115,0.33855400900989,551.248,2019_yk_138,Yukon,2019,0.717602403708667,0.331486999953655,1.1337473006956e-4,726.273139980126,868.351039050808,1366.592,0.721171354994726,549.8000433195359
527,276.148,0.717302740528152,0.345026070781075,552.296,2019_yk_138,Yukon,2019,0.717552119340496,0.331582044455189,9.50445015344692e-5,726.273139980126,868.351039050808,1366.592,0.721171354994726,549.8000433195359
528,276.672,0.712388121673842,0.345564358411912,553.344,2019_yk_138,Yukon,2019,0.71751017340753,0.331521936890682,-6.01075645074167e-5,726.273139980126,868.351039050808,1366.592,0.721171354994726,549.8000433195359
529,277.196,0.711675303798296,0.341367890821928,554.392,2019_yk_138,Yukon,2019,0.717559870194904,0.331525096064466,3.15917378396202e-6,726.273139980126,868.351039050808,1366.592,0.721171354994726,549.8000433195359
530,277.72,0.715845851007317,0.345411887927115,555.44,2019_yk_138,Yukon,2019,0.717519585233555,0.331707784045789,1.8268798132303e-4,726.273139980126,868.351039050808,1366.592,0.721171354994726,549.8000433195359
531,278.244,0.719012048605625,0.341631181807148,556.488,2019_yk_138,Yukon,2019,0.717573983496474,0.331949883349993,2.4209930420393e-4,726.273139980126,868.351039050808,1366.592,0.721171354994726,549.8000433195359
532,278.768,0.717851511061552,0.336748320684649,557.536,2019_yk_138,Yukon,2019,0.717538617040317,0.332286495691794,3.3661234180143e-4,726.273139980126,868.351039050808,1366.592,0.721171354994726,549.8000433195359
533,279.292,0.717080500326745,0.333556366651291,558.584,2019_yk_138,Yukon,2019,0.717513987028062,0.332653382223544,3.6688653174926e-4,726.273139980126,868.351039050808,1366.592,0.721171354994726,549.8000433195359
534,279.816,0.718437228839464,0.330640640469175,559.632,2019_yk_138,Yukon,2019,0.717472408273539,0.332974513185021,3.2113096147762e-4,726.273139980126,868.351039050808,1366.592,0.721171354994726,549.8000433195359
535,280.34,0.716636073121677,0.333777230814614,560.68,2019_yk_138,Yukon,2019,0.717487111832178,0.333503238110376,5.2872492535516e-4,726.273139980126,868.351039050808,1366.592,0.721171354994726,549.8000433195359
536,280.864,0.716173985953919,0.330892150491941,561.728,2019_yk_138,Yukon,2019,0.717562038970271,0.333914084131818,4.1084602144136e-4,726.273139980126,868.351039050808,1366.592,0.721171354994726,549.8000433195359
537,281.388,0.717498793555915,0.327685220213254,562.776,2019_yk_138,Yukon,2019,0.717570438023027,0.334248639388027,3.3455525620917e-4,726.273139980126,868.351039050808,1366.592,0.721171354994726,549.8000433195359
538,281.912,0.717567156101889,0.323761161011019,563.824,2019_yk_138,Yukon,2019,0.71760976829505,0.334563003986363,3.1436459833628e-4,726.273139980126,868.351039050808,1366.592,0.721171354994726,549.8000433195359
539,282.436,0.717360866761717,0.329440082833226,564.872,2019_yk_138,Yukon,2019,0.717574995304489,0.335012831820742,4.4982783437858e-4,726.273139980126,868.351039050808,1366.592,0.721171354994726,549.8000433195359
540,282.96,0.716414184944425,0.326245261978205,565.92,2019_yk_138,Yukon,2019,0.717580283468023,0.335394153648378,3.8132182763567e-4,726.273139980126,868.351039050808,1366.592,0.721171354994726,549.8000433195359
541,283.484,0.719212176355848,0.328050160637787,566.968,2019_yk_138,Yukon,2019,0.717655842325971,0.335956674561979,5.6252091360115e-4,726.273139980126,868.351039050808,1366.592,0.721171354994726,549.8000433195359
542,284.008,0.719270355345945,0.33270983315528,568.016,2019_yk_138,Yukon,2019,0.717671691440857,0.336411940814673,4.5526625269426e-4,726.273139980126,868.351039050808,1366.592,0.721171354994726,549.8000433195359
543,284.532,0.718002872808245,0.328705852625144,569.064,2019_yk_138,Yukon,2019,0.717615574100879,0.336853021938388,4.410811237146e-4,726.273139980126,868.351039050808,1366.592,0.721171354994726,549.8000433195359
544,285.056,0.716971380763776,0.322994931443257,570.112,2019_yk_138,Yukon,2019,0.717584637308365,0.337476973346477,6.2395140808951e-4,726.273139980126,868.351039050808,1366.592,0.721171354994726,549.8000433195359
545,285.58,0.716904881483541,0.329416604567514,571.16,2019_yk_138,Yukon,2019,0.717532971023141,0.338642363311357,0.00116538996487975,726.273139980126,868.351039050808,1366.592,0.721171354994726,549.8000433195359
546,286.104,0.721451726398475,0.341555632315402,572.208,2019_yk_138,Yukon,2019,0.717566533366916,0.340043575246736,0.0014012119353789,726.273139980126,868.351039050808,1366.592,0.721171354994726,549.8000433195359
547,286.628,0.716147551616003,0.331725477224856,573.256,2019_yk_138,Yukon,2019,0.717586033163389,0.341082489209892,0.00103891396315647,726.273139980126,868.351039050808,1366.592,0.721171354994726,549.8000433195359
548,287.152,0.717490528973643,0.337992402714843,574.304,2019_yk_138,Yukon,2019,0.717558812334092,0.34205204325484,9.6955404494769e-4,726.273139980126,868.351039050808,1366.592,0.721171354994726,549.8000433195359
549,287.676,0.71700189782434,0.339134257426667,575.352,2019_yk_138,Yukon,2019,0.717558331175641,0.342803729282441,7.5168602760145e-4,726.273139980126,868.351039050808,1366.592,0.721171354994726,549.8000433195359
550,288.2,0.719500835214076,0.335488132746393,576.4,2019_yk_138,Yukon,2019,0.71754762614953,0.343492347539617,6.8861825717603e-4,726.273139980126,868.351039050808,1366.592,0.721171354994726,549.8000433195359
551,288.724,0.717695791451418,0.33474086196252,577.448,2019_yk_138,Yukon,2019,0.717559325179234,0.34406687095466,5.7452341504221e-4,726.273139980126,868.351039050808,1366.592,0.721171354994726,549.8000433195359
552,289.248,0.720263649636984,0.331060038247227,578.496,2019_yk_138,Yukon,2019,0.717530604523252,0.34463374512176,5.6687416710071e-4,726.273139980126,868.351039050808,1366.592,0.721171354994726,549.8000433195359
553,289.772,0.714212164769892,0.3331454718318,579.544,2019_yk_138,Yukon,2019,0.717546812218186,0.345075367047882,4.4162192612151e-4,726.273139980126,868.351039050808,1366.592,0.721171354994726,549.8000433195359
554,290.296,0.715900289292348,0.344460510422923,580.592,2019_yk_138,Yukon,2019,0.717558859508444,0.345832988189415,7.5762114153316e-4,726.273139980126,868.351039050808,1366.592,0.721171354994726,549.8000433195359
555,290.82,0.720773405209075,0.340052050424212,581.64,2019_yk_138,Yukon,2019,0.717617288069918,0.346478994379771,6.4600619035648e-4,726.273139980126,868.351039050808,1366.592,0.721171354994726,549.8000433195359
556,291.344,0.716790423981403,0.333126106640963,582.688,2019_yk_138,Yukon,2019,0.717575621549991,0.347250251586507,7.7125720673582e-4,726.273139980126,868.351039050808,1366.592,0.721171354994726,549.8000433195359
557,291.868,0.718401987003685,0.331782398401635,583.736,2019_yk_138,Yukon,2019,0.717551015842456,0.347923379932801,6.7312834629362e-4,726.273139980126,868.351039050808,1366.592,0.721171354994726,549.8000433195359
558,292.392,0.717021888174593,0.325680062101801,584.784,2019_yk_138,Yukon,2019,0.717645170029968,0.34859157604892,6.6819611611868e-4,726.273139980126,868.351039050808,1366.592,0.721171354994726,549.8000433195359
559,292.916,0.719695257674009,0.331832690308554,585.832,2019_yk_138,Yukon,2019,0.717792106764464,0.349344397206309,7.5282115738917e-4,726.273139980126,868.351039050808,1366.592,0.721171354994726,549.8000433195359
560,293.44,0.714816075515084,0.333707202916463,586.88,2019_yk_138,Yukon,2019,0.717823077011048,0.350074807064895,7.3040985858657e-4,726.273139980126,868.351039050808,1366.592,0.721171354994726,549.8000433195359
561,293.964,0.719599232276342,0.339697879600264,587.928,2019_yk_138,Yukon,2019,0.717836467432064,0.351035252606333,9.6044554143792e-4,726.273139980126,868.351039050808,1366.592,0.721171354994726,549.8000433195359
562,294.488,0.71502048470673,0.342552031724121,588.976,2019_yk_138,Yukon,2019,0.717870968421037,0.352070882868427,0.00103563026209336,726.273139980126,868.351039050808,1366.592,0.721171354994726,549.8000433195359
563,295.012,0.717030065396658,0.346216321736584,590.024,2019_yk_138,Yukon,2019,0.717853835952913,0.353096858186919,0.00102597531849263,726.273139980126,868.351039050808,1366.592,0.721171354994726,549.8000433195359
564,295.536,0.716085878777045,0.343368259449214,591.072,2019_yk_138,Yukon,2019,0.717837522967211,0.354067334121318,9.704759343988e-4,726.273139980126,868.351039050808,1366.592,0.721171354994726,549.8000433195359
565,296.06,0.7186393032758,0.355395181851617,592.12,2019_yk_138,Yukon,2019,0.717829415011977,0.355035014912583,9.6768079126491e-4,726.273139980126,868.351039050808,1366.592,0.721171354994726,549.8000433195359
566,296.584,0.718518180290116,0.353133316849458,593.168,2019_yk_138,Yukon,2019,0.717879772026798,0.356042443463141,0.00100742855055841,726.273139980126,868.351039050808,1366.592,0.721171354994726,549.8000433195359
567,297.108,0.71909812937983,0.344969891757548,594.216,2019_yk_138,Yukon,2019,0.717891200691392,0.35718162748855,0.00113918402540825,726.273139980126,868.351039050808,1366.592,0.721171354994726,549.8000433195359
568,297.632,0.720477320472794,0.343783255451801,595.264,2019_yk_138,Yukon,2019,0.717903987231261,0.358168491277987,9.8686378943763e-4,726.273139980126,868.351039050808,1366.592,0.721171354994726,549.8000433195359
569,298.156,0.717266447327815,0.347230730220974,596.312,2019_yk_138,Yukon,2019,0.717898409719888,0.359098954465753,9.3046318776535e-4,726.273139980126,868.351039050808,1366.592,0.721171354994726,549.8000433195359
570,298.68,0.715939515088398,0.349437494935957,597.36,2019_yk_138,Yukon,2019,0.717899507479345,0.36002644912501,9.2749465925767e-4,726.273139980126,868.351039050808,1366.592,0.721171354994726,549.8000433195359
571,299.204,0.718869215134162,0.355036701169931,598.408,2019_yk_138,Yukon,2019,0.717899934029251,0.360931577288873,9.0512816386312e-4,726.273139980126,868.351039050808,1366.592,0.721171354994726,549.8000433195359
572,299.728,0.719292280857077,0.350769097082366,599.456,2019_yk_138,Yukon,2019,0.717861420448243,0.361752148010158,8.2057072128422e-4,726.273139980126,868.351039050808,1366.592,0.721171354994726,549.8000433195359
573,300.252,0.717351269749173,0.347659783093697,600.504,2019_yk_138,Yukon,2019,0.717855928733179,0.362691583110215,9.3943510005761e-4,726.273139980126,868.351039050808,1366.592,0.721171354994726,549.8000433195359
574,300.776,0.717444855213059,0.363201812445742,601.552,2019_yk_138,Yukon,2019,0.717939588478044,0.363756692225876,0.00106510911566066,726.273139980126,868.351039050808,1366.592,0.721171354994726,549.8000433195359
575,301.3,0.716228284081691,0.39627820099723,602.6,2019_yk_138,Yukon,2019,0.718021278012917,0.364672369960098,9.1567773422218e-4,726.273139980126,868.351039050808,1366.592,0.721171354994726,549.8000433195359
576,301.824,0.719677395282182,0.40788673927571,603.648,2019_yk_138,Yukon,2019,0.71798745700011,0.365420580946957,7.4821098685884e-4,726.273139980126,868.351039050808,1366.592,0.721171354994726,549.8000433195359
577,302.348,0.718548177959427,0.39356886431713,604.696,2019_yk_138,Yukon,2019,0.718006902670327,0.366222372190621,8.0179124366403e-4,726.273139980126,868.351039050808,1366.592,0.721171354994726,549.8000433195359
578,302.872,0.718761457426379,0.390813941888753,605.744,2019_yk_138,Yukon,2019,0.718058984698779,0.366906651360669,6.8427917004787e-4,726.273139980126,868.351039050808,1366.592,0.721171354994726,549.8000433195359
579,303.396,0.717048069169564,0.380056389435545,606.792,2019_yk_138,Yukon,2019,0.718072063286537,0.367795867372381,8.8921601171199e-4,726.273139980126,868.351039050808,1366.592,0.721171354994726,549.8000433195359
580,303.92,0.717359924503533,0.36899266269624,607.84,2019_yk_138,Yukon,2019,0.718113150103379,0.368709613976062,9.1374660368082e-4,726.273139980126,868.351039050808,1366.592,0.721171354994726,549.8000433195359
581,304.444,0.718680018379548,0.371549743324447,608.888,2019_yk_138,Yukon,2019,0.718108928721255,0.369548088680119,8.3847470405706e-4,726.273139980126,868.351039050808,1366.592,0.721171354994726,549.8000433195359
582,304.968,0.716525395681828,0.370684306414654,609.936,2019_yk_138,Yukon,2019,0.718117129251597,0.3704653782075,9.1728952738168e-4,726.273139980126,868.351039050808,1366.592,0.721171354994726,549.8000433195359
583,305.492,0.719250332927074,0.367144238149845,610.984,2019_yk_138,Yukon,2019,0.718190572076782,0.371447967172367,9.8258896486674e-4,726.273139980126,868.351039050808,1366.592,0.721171354994726,549.8000433195359
584,306.016,0.717262563425905,0.382640090485196,612.032,2019_yk_138,Yukon,2019,0.718268753885871,0.372173531133061,7.2556396069428e-4,726.273139980126,868.351039050808,1366.592,0.721171354994726,549.8000433195359
585,306.54,0.718721763628862,0.379010216410543,613.08,2019_yk_138,Yukon,2019,0.71824607700948,0.373022550119327,8.4901898626527e-4,726.273139980126,868.351039050808,1366.592,0.721171354994726,549.8000433195359
586,307.064,0.71707222681552,0.384829441414042,614.128,2019_yk_138,Yukon,2019,0.718293148363228,0.374182605223832,0.00116005510450573,726.273139980126,868.351039050808,1366.592,0.721171354994726,549.8000433195359
587,307.588,0.715826398076038,0.385413771558694,615.176,2019_yk_138,Yukon,2019,0.718296348718641,0.375248794874293,0.00106618965046057,726.273139980126,868.351039050808,1366.592,0.721171354994726,549.8000433195359
588,308.112,0.718037372924558,0.385656125379032,616.224,2019_yk_138,Yukon,2019,0.718309862821346,0.376456367445545,0.00120757257125231,726.273139980126,868.351039050808,1366.592,0.721171354994726,549.8000433195359
589,308.636,0.720491507868051,0.386537160265278,617.272,2019_yk_138,Yukon,2019,0.718284500665607,0.377564108033846,0.00110774058830027,726.273139980126,868.351039050808,1366.592,0.721171354994726,549.8000433195359
590,309.16,0.717704065802396,0.389236479442311,618.32,2019_yk_138,Yukon,2019,0.718350247630125,0.378642436959028,0.00107832892518261,726.273139980126,868.351039050808,1366.592,0.721171354994726,549.8000433195359
591,309.684,0.719815473866536,0.399257914293422,619.368,2019_yk_138,Yukon,2019,0.718366082245304,0.379570547623907,9.2811066487869e-4,726.273139980126,868.351039050808,1366.592,0.721171354994726,549.8000433195359
592,310.208,0.719921570399966,0.39888613641025,620.416,2019_yk_138,Yukon,2019,0.71842947432134,0.38039750388176,8.2695625785322e-4,726.273139980126,868.351039050808,1366.592,0.721171354994726,549.8000433195359
593,310.732,0.716052552239306,0.395114885760849,621.464,2019_yk_138,Yukon,2019,0.718465203092874,0.381164092599397,7.6658871763701e-4,726.273139980126,868.351039050808,1366.592,0.721171354994726,549.8000433195359
594,311.256,0.717458449697352,0.388869196533104,622.512,2019_yk_138,Yukon,2019,0.718472254935176,0.381968905040515,8.0481244111824e-4,726.273139980126,868.351039050808,1366.592,0.721171354994726,549.8000433195359
595,311.78,0.716149595807645,0.391838078290508,623.56,2019_yk_138,Yukon,2019,0.718469628643478,0.382545496292655,5.765912521401e-4,726.273139980126,868.351039050808,1366.592,0.721171354994726,549.8000433195359
596,312.304,0.719195406843164,0.391337863525445,624.608,2019_yk_138,Yukon,2019,0.718480570444227,0.38328292751066,7.3743121800423e-4,726.273139980126,868.351039050808,1366.592,0.721171354994726,549.8000433195359
597,312.828,0.718184513431539,0.396036261737747,625.656,2019_yk_138,Yukon,2019,0.71853172267833,0.38411124773911,8.2832022845008e-4,726.273139980126,868.351039050808,1366.592,0.721171354994726,549.8000433195359
598,313.352,0.718334348494041,0.382972988377276,626.704,2019_yk_138,Yukon,2019,0.718506983387376,0.385008910313318,8.9766257420831e-4,726.273139980126,868.351039050808,1366.592,0.721171354994726,549.8000433195359
599,313.876,0.717026216079323,0.385267874099146,627.752,2019_yk_138,Yukon,2019,0.718473401712918,0.385875892659622,8.6698234630372e-4,726.273139980126,868.351039050808,1366.592,0.721171354994726,549.8000433195359
600,314.4,0.71648005051182,0.381894941533668,628.8,2019_yk_138,Yukon,2019,0.718505462157215,0.386544973485214,6.6908082559236e-4,726.273139980126,868.351039050808,1366.592,0.721171354994726,549.8000433195359
601,314.924,0.719237769350208,0.382357850469576,629.848,2019_yk_138,Yukon,2019,0.718496987514032,0.387156280022824,6.1130653760999e-4,726.273139980126,868.351039050808,1366.592,0.721171354994726,549.8000433195359
602,315.448,0.716959540485458,0.38194407643233,630.896,2019_yk_138,Yukon,2019,0.718495211827904,0.388048857034229,0.00089257701140488005,726.273139980126,868.351039050808,1366.592,0.721171354994726,549.8000433195359
603,315.972,0.71767336990445,0.385071958628604,631.944,2019_yk_138,Yukon,2019,0.718544900696365,0.389161958415951,0.00111310138172238,726.273139980126,868.351039050808,1366.592,0.721171354994726,549.8000433195359
604,316.496,0.721990965455648,0.386901478382896,632.992,2019_yk_138,Yukon,2019,0.718563033944837,0.389960306911669,7.9834849571774e-4,726.273139980126,868.351039050808,1366.592,0.721171354994726,549.8000433195359
605,317.02,0.721806253575932,0.384357268620847,634.04,2019_yk_138,Yukon,2019,0.718585940253607,0.39015944384448,1.9913693281092e-4,726.273139980126,868.351039050808,1366.592,0.721171354994726,549.8000433195359
606,317.544,0.719422465630083,0.386448291526934,635.088,2019_yk_138,Yukon,2019,0.718563261429098,0.390124652382871,-3.47914616090073e-5,726.273139980126,868.351039050808,1366.592,0.721171354994726,549.8000433195359
607,318.068,0.717314291828979,0.379832951844695,636.136,2019_yk_138,Yukon,2019,0.718606043945604,0.390420879017752,2.9622663488126e-4,726.273139980126,868.351039050808,1366.592,0.721171354994726,549.8000433195359
608,318.592,0.72061545068077,0.379049152917717,637.184,2019_yk_138,Yukon,2019,0.718612899124808,0.390576379548804,1.5550053105201e-4,726.273139980126,868.351039050808,1366.592,0.721171354994726,549.8000433195359
609,319.116,0.717786613089827,0.392487218129386,638.232,2019_yk_138,Yukon,2019,0.71867016305584,0.39112988455228,5.5350500347567e-4,726.273139980126,868.351039050808,1366.592,0.721171354994726,549.8000433195359
610,319.64,0.721966044224592,0.390312928967241,639.28,2019_yk_138,Yukon,2019,0.718700080817659,0.391802164559601,6.72280007321e-4,726.273139980126,868.351039050808,1366.592,0.721171354994726,549.8000433195359
611,320.164,0.71744250852398,0.385049344205947,640.328,2019_yk_138,Yukon,2019,0.718726383651484,0.392449446241949,6.4728168234834e-4,726.273139980126,868.351039050808,1366.592,0.721171354994726,549.8000433195359
612,320.688,0.720755681457524,0.386097409890127,641.376,2019_yk_138,Yukon,2019,0.718752011856349,0.393103430999223,6.5398475727346e-4,726.273139980126,868.351039050808,1366.592,0.721171354994726,549.8000433195359
613,321.212,0.718618734280965,0.392100809723807,642.424,2019_yk_138,Yukon,2019,0.718771988053632,0.393753950577423,6.5051957819972e-4,726.273139980126,868.351039050808,1366.592,0.721171354994726,549.8000433195359
614,321.736,0.720591197837689,0.387994348064581,643.472,2019_yk_138,Yukon,2019,0.718778480798233,0.394114052377007,3.6010179958456e-4,726.273139980126,868.351039050808,1366.592,0.721171354994726,549.8000433195359
615,322.26,0.719412792625656,0.390993189600127,644.52,2019_yk_138,Yukon,2019,0.718821825126039,0.394522239955165,4.0818757815813e-4,726.273139980126,868.351039050808,1366.592,0.721171354994726,549.8000433195359
616,322.784,0.719614705206234,0.402729412911306,645.568,2019_yk_138,Yukon,2019,0.718858540257564,0.394792360417925,2.701204627592e-4,726.273139980126,868.351039050808,1366.592,0.721171354994726,549.8000433195359
617,323.308,0.718594008328475,0.395753777429269,646.616,2019_yk_138,Yukon,2019,0.718909847852008,0.395142741328168,3.503809102438e-4,726.273139980126,868.351039050808,1366.592,0.721171354994726,549.8000433195359
618,323.832,0.717832734336921,0.398134416376938,647.664,2019_yk_138,Yukon,2019,0.71894808450963,0.395506193839845,3.6345251167702e-4,726.273139980126,868.351039050808,1366.592,0.721171354994726,549.8000433195359
619,324.356,0.71817352832964,0.398297125606571,648.712,2019_yk_138,Yukon,2019,0.718934492791813,0.396011532606917,5.0533876707159e-4,726.273139980126,868.351039050808,1366.592,0.721171354994726,549.8000433195359
620,324.88,0.718760893386155,0.398406938427421,649.76,2019_yk_138,Yukon,2019,0.718907896404697,0.396463381017736,4.5184841081896e-4,726.273139980126,868.351039050808,1366.592,0.721171354994726,549.8000433195359
621,325.404,0.720549309187082,0.395384519492985,650.808,2019_yk_138,Yukon,2019,0.718927925243085,0.396708561379945,2.4518036220883e-4,726.273139980126,868.351039050808,1366.592,0.721171354994726,549.8000433195359
622,325.928,0.718824009268867,0.392169407195318,651.856,2019_yk_138,Yukon,2019,0.718963706989453,0.396969644788448,2.6108340850339e-4,726.273139980126,868.351039050808,1366.592,0.721171354994726,549.8000433195359
623,326.452,0.719173791688758,0.392211644794802,652.904,2019_yk_138,Yukon,2019,0.71903440565883,0.39719409497785,2.2445018940181e-4,726.273139980126,868.351039050808,1366.592,0.721171354994726,549.8000433195359
624,326.976,0.716508989315157,0.391657005916311,653.952,2019_yk_138,Yukon,2019,0.719078863875705,0.397602027032567,4.0793205471673e-4,726.273139980126,868.351039050808,1366.592,0.721171354994726,549.8000433195359
625,327.5,0.718481725773917,0.389990656980022,655,2019_yk_138,Yukon,2019,0.719110253478608,0.397991084944802,3.8905791223575e-4,726.273139980126,868.351039050808,1366.592,0.721171354994726,549.8000433195359
626,328.024,0.719174688335041,0.397379189929713,656.048,2019_yk_138,Yukon,2019,0.719165861659568,0.398422675945192,4.3159100038936e-4,726.273139980126,868.351039050808,1366.592,0.721171354994726,549.8000433195359
627,328.548,0.722167263425997,0.394669105464554,657.096,2019_yk_138,Yukon,2019,0.719177879175713,0.398713194168713,2.9051822352127e-4,726.273139980126,868.351039050808,1366.592,0.721171354994726,549.8000433195359
628,329.072,0.718992963015576,0.397643009904299,658.144,2019_yk_138,Yukon,2019,0.719256698024892,0.39939746836068,6.8427419196681e-4,726.273139980126,868.351039050808,1366.592,0.721171354994726,549.8000433195359
629,329.596,0.715251546860337,0.399249670999195,659.192,2019_yk_138,Yukon,2019,0.719254460971437,0.400031588446219,6.3412008553859e-4,726.273139980126,868.351039050808,1366.592,0.721171354994726,549.8000433195359
630,330.12,0.717863141746224,0.389582344471502,660.24,2019_yk_138,Yukon,2019,0.719331692811858,0.400588798456465,5.572100102465e-4,726.273139980126,868.351039050808,1366.592,0.721171354994726,549.8000433195359
631,330.644,0.718360736543138,0.391715093426527,661.288,2019_yk_138,Yukon,2019,0.719351574686704,0.401213259604734,6.2446114826925e-4,726.273139980126,868.351039050808,1366.592,0.721171354994726,549.8000433195359
632,331.168,0.719185739689404,0.404323717766661,662.336,2019_yk_138,Yukon,2019,0.71943443908996,0.401949949989949,7.3669038521462e-4,726.273139980126,868.351039050808,1366.592,0.721171354994726,549.8000433195359
633,331.692,0.720332601856876,0.414445865997038,663.384,2019_yk_138,Yukon,2019,0.719448315362973,0.402555113222601,6.0516323265186e-4,726.273139980126,868.351039050808,1366.592,0.721171354994726,549.8000433195359
634,332.216,0.718532850121346,0.411102722188811,664.432,2019_yk_138,Yukon,2019,0.719444830988583,0.403198911312764,6.4379809016307e-4,726.273139980126,868.351039050808,1366.592,0.721171354994726,549.8000433195359
635,332.74,0.717602662607908,0.408226416965886,665.48,2019_yk_138,Yukon,2019,0.719417786481484,0.403898606768434,6.9969545567066e-4,726.273139980126,868.351039050808,1366.592,0.721171354994726,549.8000433195359
636,333.264,0.71831666581164,0.405799251579168,666.528,2019_yk_138,Yukon,2019,0.719419988309067,0.404608011734596,7.0940496616134e-4,726.273139980126,868.351039050808,1366.592,0.721171354994726,549.8000433195359
637,333.788,0.721115128949805,0.411342462410006,667.576,2019_yk_138,Yukon,2019,0.719433439899767,0.405360722873283,7.5271113868763e-4,726.273139980126,868.351039050808,1366.592,0.721171354994726,549.8000433195359
638,334.312,0.719172768178572,0.400143973751874,668.624,2019_yk_138,Yukon,2019,0.719409893034325,0.406177881868511,8.1715899522766e-4,726.273139980126,868.351039050808,1366.592,0.721171354994726,549.8000433195359
639,334.836,0.720483905031476,0.413266689644087,669.672,2019_yk_138,Yukon,2019,0.719405531456843,0.406969967380974,7.9208551246323e-4,726.273139980126,868.351039050808,1366.592,0.721171354994726,549.8000433195359
640,335.36,0.719154990212705,0.409329463135498,670.72,2019_yk_138,Yukon,2019,0.719409390619467,0.407642893200348,6.7292581937367e-4,726.273139980126,868.351039050808,1366.592,0.721171354994726,549.8000433195359
641,335.884,0.720258188409039,0.410386644265347,671.768,2019_yk_138,Yukon,2019,0.719444768427216,0.408365592821083,7.226996207349e-4,726.273139980126,868.351039050808,1366.592,0.721171354994726,549.8000433195359
642,336.408,0.718063087973723,0.40992339185106,672.816,2019_yk_138,Yukon,2019,0.719426382178218,0.409139216107945,7.7362328686159e-4,726.273139980126,868.351039050808,1366.592,0.721171354994726,549.8000433195359
643,336.932,0.720448904764079,0.406175412841829,673.864,2019_yk_138,Yukon,2019,0.71948267046619,0.409839995987727,7.0077987978267e-4,726.273139980126,868.351039050808,1366.592,0.721171354994726,549.8000433195359
644,337.456,0.717652128101935,0.404246198460272,674.912,2019_yk_138,Yukon,2019,0.719488889626174,0.410557875635257,7.1787964752989e-4,726.273139980126,868.351039050808,1366.592,0.721171354994726,549.8000433195359
645,337.98,0.72132242329722,0.403501471100028,675.96,2019_yk_138,Yukon,2019,0.719497920675439,0.41094724227857,3.8936664331301e-4,726.273139980126,868.351039050808,1366.592,0.721171354994726,549.8000433195359
646,338.504,0.719275134707057,0.401036669179595,677.008,2019_yk_138,Yukon,2019,0.71955751463070206,0.410883965637181,-6.32766413886099e-5,726.273139980126,868.351039050808,1366.592,0.721171354994726,549.8000433195359
647,339.028,0.718904853742646,0.406436626173321,678.056,2019_yk_138,Yukon,2019,0.719608487054146,0.41083075171295,-5.32139242317986e-5,726.273139980126,868.351039050808,1366.592,0.721171354994726,549.8000433195359
648,339.552,0.720331572381898,0.407463276079653,679.104,2019_yk_138,Yukon,2019,0.719657663273914,0.410539011371207,-2.9174034174245e-4,726.273139980126,868.351039050808,1366.592,0.721171354994726,549.8000433195359
649,340.076,0.719676004799,0.416857486289574,680.152,2019_yk_138,Yukon,2019,0.719712805845416,0.410576056096758,3.70447255506612e-5,726.273139980126,868.351039050808,1366.592,0.721171354994726,549.8000433195359
650,340.6,0.716108282575434,0.416347384091449,681.2,2019_yk_138,Yukon,2019,0.719714350373786,0.410614367734674,3.8311637916455e-5,726.273139980126,868.351039050808,1366.592,0.721171354994726,549.8000433195359
651,341.124,0.721017204169823,0.413968736025955,682.248,2019_yk_138,Yukon,2019,0.719727168582418,0.410622513956004,8.14622132966347e-6,726.273139980126,868.351039050808,1366.592,0.721171354994726,549.8000433195359
652,341.648,0.722068475182028,0.414551140920453,683.296,2019_yk_138,Yukon,2019,0.719775185647264,0.410575402046781,-4.71119092230743e-5,726.273139980126,868.351039050808,1366.592,0.721171354994726,549.8000433195359
653,342.172,0.720294472401947,0.408581897124955,684.344,2019_yk_138,Yukon,2019,0.719802350770704,0.410581535587144,6.13354036343994e-6,726.273139980126,868.351039050808,1366.592,0.721171354994726,549.8000433195359
654,342.696,0.720125942709839,0.413345119816112,685.392,2019_yk_138,Yukon,2019,0.719871698562374,0.410646210287855,6.4674700711087e-5,726.273139980126,868.351039050808,1366.592,0.721171354994726,549.8000433195359
655,343.22,0.718032971981815,0.415181553024653,686.44,2019_yk_138,Yukon,2019,0.719905881150313,0.410813256207303,1.6704591944793e-4,726.273139980126,868.351039050808,1366.592,0.721171354994726,549.8000433195359
656,343.744,0.722531897700785,0.41723332354881,687.488,2019_yk_138,Yukon,2019,0.719968484103805,0.4109522494294,1.3899322209626e-4,726.273139980126,868.351039050808,1366.592,0.721171354994726,549.8000433195359
657,344.268,0.718905564400246,0.413467355149021,688.536,2019_yk_138,Yukon,2019,0.719929238060867,0.411310211694391,3.5796226499162e-4,726.273139980126,868.351039050808,1366.592,0.721171354994726,549.8000433195359
658,344.792,0.723063479444773,0.424029439895285,689.584,2019_yk_138,Yukon,2019,0.719924286560673,0.411725204442894,4.1499274850237e-4,726.273139980126,868.351039050808,1366.592,0.721171354994726,549.8000433195359
659,345.316,0.716891992872009,0.423315079231462,690.632,2019_yk_138,Yukon,2019,0.720019317831646,0.412177680424385,4.5247598149139e-4,726.273139980126,868.351039050808,1366.592,0.721171354994726,549.8000433195359
660,345.84,0.721113960937083,0.415327542148454,691.68,2019_yk_138,Yukon,2019,0.720093891362113,0.412748637106002,5.7095668161694e-4,726.273139980126,868.351039050808,1366.592,0.721171354994726,549.8000433195359
661,346.364,0.72043068184101,0.419825519365733,692.728,2019_yk_138,Yukon,2019,0.720138615027499,0.413246160135489,4.975230294868e-4,726.273139980126,868.351039050808,1366.592,0.721171354994726,549.8000433195359
662,346.888,0.721931404680812,0.426145499545206,693.776,2019_yk_138,Yukon,2019,0.72018833370957,0.413458266847163,2.1210671167398e-4,726.273139980126,868.351039050808,1366.592,0.721171354994726,549.8000433195359
663,347.412,0.718505946285218,0.421381752587716,694.824,2019_yk_138,Yukon,2019,0.720182934942532,0.413503630170586,4.53633234233641e-5,726.273139980126,868.351039050808,1366.592,0.721171354994726,549.8000433195359
664,347.936,0.72178190299223,0.425529363792681,695.872,2019_yk_138,Yukon,2019,0.720190102989681,0.41342859868305,-7.50314875358482e-5,726.273139980126,868.351039050808,1366.592,0.721171354994726,549.8000433195359
665,348.46,0.720183583150038,0.426338995961087,696.92,2019_yk_138,Yukon,2019,0.720244637712027,0.413363577446968,-6.50212360827629e-5,726.273139980126,868.351039050808,1366.592,0.721171354994726,549.8000433195359
666,348.984,0.719554575285026,0.429012589496615,697.968,2019_yk_138,Yukon,2019,0.720262473224685,0.41341645737541,5.28799284427173e-5,726.273139980126,868.351039050808,1366.592,0.721171354994726,549.8000433195359
667,349.508,0.718121387271001,0.424995620165951,699.016,2019_yk_138,Yukon,2019,0.720275815663039,0.413321968499806,-9.44888756047035e-5,726.273139980126,868.351039050808,1366.592,0.721171354994726,549.8000433195359
668,350.032,0.719202638754237,0.428078692631379,700.064,2019_yk_138,Yukon,2019,0.720291512854279,0.41347584104579,1.5387254598464e-4,726.273139980126,868.351039050808,1366.592,0.721171354994726,549.8000433195359
669,350.556,0.71752491844089,0.44001234887718,701.112,2019_yk_138,Yukon,2019,0.720285470318996,0.41330700287334,-1.6883817245005e-4,726.273139980126,868.351039050808,1366.592,0.721171354994726,549.8000433195359
670,351.08,0.722197593982035,0.430688478129662,702.16,2019_yk_138,Yukon,2019,0.720319210186902,0.413138485218561,-1.6851765477876e-4,726.273139980126,868.351039050808,1366.592,0.721171354994726,549.8000433195359
671,351.604,0.719565176988906,0.428411321450043,703.208,2019_yk_138,Yukon,2019,0.720345657566126,0.413053707460067,-8.47777584942477e-5,726.273139980126,868.351039050808,1366.592,0.721171354994726,549.8000433195359
672,352.128,0.71965250651767,0.432514807101823,704.256,2019_yk_138,Yukon,2019,0.720420559950458,0.413031915600339,-2.17918597285593e-5,726.273139980126,868.351039050808,1366.592,0.721171354994726,549.8000433195359
673,352.652,0.721996031559265,0.434147602510768,705.304,2019_yk_138,Yukon,2019,0.720458270241101,0.413083697317243,5.17817169044532e-5,726.273139980126,868.351039050808,1366.592,0.721171354994726,549.8000433195359
674,353.176,0.720964347436782,0.431067126916372,706.352,2019_yk_138,Yukon,2019,0.720487379081342,0.413061551786719,-2.21455305243756e-5,726.273139980126,868.351039050808,1366.592,0.721171354994726,549.8000433195359
675,353.7,0.719954655581557,0.414355188198912,707.4,2019_yk_138,Yukon,2019,0.72046177955731,0.413043059374124,-1.84924125949393e-5,726.273139980126,868.351039050808,1366.592,0.721171354994726,549.8000433195359
676,354.224,0.723190342521996,0.398932814427986,708.448,2019_yk_138,Yukon,2019,0.720478703225236,0.413046096151023,3.03677689900139e-6,726.273139980126,868.351039050808,1366.592,0.721171354994726,549.8000433195359
677,354.748,0.721652353735117,0.392560941975364,709.496,2019_yk_138,Yukon,2019,0.720526430402246,0.41309162902367,4.55328726470805e-5,726.273139980126,868.351039050808,1366.592,0.721171354994726,549.8000433195359
678,355.272,0.72078330752296,0.38062999587239,710.544,2019_yk_138,Yukon,2019,0.720522207887237,0.412965279355844,-1.2634966782604e-4,726.273139980126,868.351039050808,1366.592,0.721171354994726,549.8000433195359
679,355.796,0.72148208261981,0.400519809139608,711.592,2019_yk_138,Yukon,2019,0.720542366049239,0.412734573135173,-2.3070622067084e-4,726.273139980126,868.351039050808,1366.592,0.721171354994726,549.8000433195359
680,356.32,0.718853565088318,0.40070563670241,712.64,2019_yk_138,Yukon,2019,0.720681048322017,0.412653091602966,-8.14815322071616e-5,726.273139980126,868.351039050808,1366.592,0.721171354994726,549.8000433195359
681,356.844,0.721318401705028,0.395873292772766,713.688,2019_yk_138,Yukon,2019,0.720669052055897,0.41242757701396,-2.255145890061e-4,726.273139980126,868.351039050808,1366.592,0.721171354994726,549.8000433195359
682,357.368,0.721705033159597,0.389342692641933,714.736,2019_yk_138,Yukon,2019,0.720681108927843,0.412135958729431,-2.9161828452822e-4,726.273139980126,868.351039050808,1366.592,0.721171354994726,549.8000433195359
683,357.892,0.720803699095165,0.392579657216611,715.784,2019_yk_138,Yukon,2019,0.720717912096448,0.411945168268413,-1.907904610181e-4,726.273139980126,868.351039050808,1366.592,0.721171354994726,549.8000433195359
684,358.416,0.720669856815383,0.395537487958974,716.832,2019_yk_138,Yukon,2019,0.720767313035873,0.411772308743015,-1.7285952539841e-4,726.273139980126,868.351039050808,1366.592,0.721171354994726,549.8000433195359
685,358.94,0.720532681050259,0.400013412146899,717.88,2019_yk_138,Yukon,2019,0.720797216828088,0.411471817691505,-3.0049105151036e-4,726.273139980126,868.351039050808,1366.592,0.721171354994726,549.8000433195359
686,359.464,0.722930865544552,0.405718783255488,718.928,2019_yk_138,Yukon,2019,0.720756607532195,0.41119006763764,-2.8175005386499e-4,726.273139980126,868.351039050808,1366.592,0.721171354994726,549.8000433195359
687,359.988,0.719812500849722,0.416146841364053,719.976,2019_yk_138,Yukon,2019,0.720763099287598,0.410982097205351,-2.0797043228809e-4,726.273139980126,868.351039050808,1366.592,0.721171354994726,549.8000433195359
688,360.512,0.718695873003904,0.422542574814443,721.024,2019_yk_138,Yukon,2019,0.72071208457142,0.410516225697649,-4.6587150770216e-4,726.273139980126,868.351039050808,1366.592,0.721171354994726,549.8000433195359
689,361.036,0.72095342311876,0.426398229888677,722.072,2019_yk_138,Yukon,2019,0.72078747661759,0.410132012984212,-3.8421271343686e-4,726.273139980126,868.351039050808,1366.592,0.721171354994726,549.8000433195359
690,361.56,0.722337553574198,0.423839745368519,723.12,2019_yk_138,Yukon,2019,0.720816052963564,0.409873430944332,-2.585820398801e-4,726.273139980126,868.351039050808,1366.592,0.721171354994726,549.8000433195359
691,362.084,0.721044156466307,0.421566475195738,724.168,2019_yk_138,Yukon,2019,0.72083232554587,0.409559718841577,-3.1371210275515e-4,726.273139980126,868.351039050808,1366.592,0.721171354994726,549.8000433195359
692,362.608,0.722168860613685,0.417050120467102,725.216,2019_yk_138,Yukon,2019,0.720789442646903,0.4091647284725,-3.9499036907669e-4,726.273139980126,868.351039050808,1366.592,0.721171354994726,549.8000433195359
693,363.132,0.720008675834577,0.417167665402439,726.264,2019_yk_138,Yukon,2019,0.720821216810393,0.408930295661924,-2.3443281057644e-4,726.273139980126,868.351039050808,1366.592,0.721171354994726,549.8000433195359
694,363.656,0.718962932950311,0.406600832936659,727.312,2019_yk_138,Yukon,2019,0.720776518202217,0.408686875641478,-2.434200204463e-4,726.273139980126,868.351039050808,1366.592,0.721171354994726,549.8000433195359
695,364.18,0.720874745948627,0.404325142800921,728.36,2019_yk_138,Yukon,2019,0.720786040502717,0.408418595702687,-2.6827993879086e-4,726.273139980126,868.351039050808,1366.592,0.721171354994726,549.8000433195359
696,364.704,0.719386796571142,0.408972047285734,729.408,2019_yk_138,Yukon,2019,0.720823366357016,0.408203679581333,-2.1491612135349e-4,726.273139980126,868.351039050808,1366.592,0.721171354994726,549.8000433195359
697,365.228,0.721915675251054,0.405673129873725,730.456,2019_yk_138,Yukon,2019,0.720841743864134,0.408006794917531,-1.9688466380191e-4,726.273139980126,868.351039050808,1366.592,0.721171354994726,549.8000433195359
698,365.752,0.720114599652967,0.409376326510953,731.504,2019_yk_138,Yukon,2019,0.720848859248945,0.407817524852969,-1.8927006456204e-4,726.273139980126,868.351039050808,1366.592,0.721171354994726,549.8000433195359
699,366.276,0.720121352914494,0.403136399297082,732.552,2019_yk_138,Yukon,2019,0.720924067820222,0.407400048160286,-4.1747669268366e-4,726.273139980126,868.351039050808,1366.592,0.721171354994726,549.8000433195359
700,366.8,0.721179382287063,0.399218403848774,733.6,2019_yk_138,Yukon,2019,0.720930607735308,0.407147716247209,-2.523319130771e-4,726.273139980126,868.351039050808,1366.592,0.721171354994726,549.8000433195359
701,367.324,0.721845031162459,0.405299978755693,734.648,2019_yk_138,Yukon,2019,0.720941402583564,0.40689914159553,-2.4857465167871e-4,726.273139980126,868.351039050808,1366.592,0.721171354994726,549.8000433195359
702,367.848,0.72255723103366,0.408615880267346,735.696,2019_yk_138,Yukon,2019,0.720976415104112,0.406751970859507,-1.4717073602288e-4,726.273139980126,868.351039050808,1366.592,0.721171354994726,549.8000433195359
703,368.372,0.722711522202653,0.409282315856094,736.744,2019_yk_138,Yukon,2019,0.72099700420221,0.406733618187397,-1.83526721104776e-5,726.273139980126,868.351039050808,1366.592,0.721171354994726,549.8000433195359
704,368.896,0.719398658516424,0.402917466628813,737.792,2019_yk_138,Yukon,2019,0.721001906413499,0.406709883652899,-2.37345344978324e-5,726.273139980126,868.351039050808,1366.592,0.721171354994726,549.8000433195359
705,369.42,0.719786451855295,0.40239192634433,738.84,2019_yk_138,Yukon,2019,0.721004029773894,0.407016882378355,3.0699872545647e-4,726.273139980126,868.351039050808,1366.592,0.721171354994726,549.8000433195359
706,369.944,0.720290554782598,0.401218875793533,739.888,2019_yk_138,Yukon,2019,0.720997566664735,0.407505949120315,4.8906674196003e-4,726.273139980126,868.351039050808,1366.592,0.721171354994726,549.8000433195359
707,370.468,0.721768484363241,0.409168598532143,740.936,2019_yk_138,Yukon,2019,0.720976266979774,0.408037309417607,5.3136029729133e-4,726.273139980126,868.351039050808,1366.592,0.721171354994726,549.8000433195359
708,370.992,0.720078221481355,0.399882296010089,741.984,2019_yk_138,Yukon,2019,0.720987204768108,0.408756231366178,7.1892194857098e-4,726.273139980126,868.351039050808,1366.592,0.721171354994726,549.8000433195359
709,371.516,0.720885494519124,0.403015113049327,743.032,2019_yk_138,Yukon,2019,0.720992996298664,0.409103734129984,3.4750276380629e-4,726.273139980126,868.351039050808,1366.592,0.721171354994726,549.8000433195359
710,372.04,0.724429218942119,0.411458492159018,744.08,2019_yk_138,Yukon,2019,0.721014166943217,0.409363852125903,2.6011799591912e-4,726.273139980126,868.351039050808,1366.592,0.721171354994726,549.8000433195359
711,372.564,0.720297428202618,0.40043786068559,745.128,2019_yk_138,Yukon,2019,0.720979977004098,0.409869797656791,5.05945530888e-4,726.273139980126,868.351039050808,1366.592,0.721171354994726,549.8000433195359
712,373.088,0.722791887498778,0.397054043848761,746.176,2019_yk_138,Yukon,2019,0.720964681335302,0.410487811689228,6.1801403243699e-4,726.273139980126,868.351039050808,1366.592,0.721171354994726,549.8000433195359
713,373.612,0.722502662518261,0.397134469463867,747.224,2019_yk_138,Yukon,2019,0.720957730088844,0.410991821025353,5.040093361251e-4,726.273139980126,868.351039050808,1366.592,0.721171354994726,549.8000433195359
714,374.136,0.723089999075376,0.402973548292207,748.272,2019_yk_138,Yukon,2019,0.72098314147189,0.411392342568908,4.0052154355496e-4,726.273139980126,868.351039050808,1366.592,0.721171354994726,549.8000433195359
715,374.66,0.719827199514709,0.397152089934032,749.32,2019_yk_138,Yukon,2019,0.720982174735996,0.411689852304202,2.9750973529368e-4,726.273139980126,868.351039050808,1366.592,0.721171354994726,549.8000433195359
716,375.184,0.720095339947161,0.400328320316907,750.368,2019_yk_138,Yukon,2019,0.720980038307917,0.41190279547744,2.1294317323777e-4,726.273139980126,868.351039050808,1366.592,0.721171354994726,549.8000433195359
717,375.708,0.719295069724456,0.400989129211738,751.416,2019_yk_138,Yukon,2019,0.721024744242124,0.412010931780237,1.0813630279765e-4,726.273139980126,868.351039050808,1366.592,0.721171354994726,549.8000433195359
718,376.232,0.720002596474116,0.396077149433155,752.464,2019_yk_138,Yukon,2019,0.721084687428178,0.411942012183682,-6.89195965549727e-5,726.273139980126,868.351039050808,1366.592,0.721171354994726,549.8000433195359
719,376.756,0.721415515642187,0.40026231642525,753.512,2019_yk_138,Yukon,2019,0.721131191512613,0.411923583866995,-1.84283166867472e-5,726.273139980126,868.351039050808,1366.592,0.721171354994726,549.8000433195359
720,377.28,0.722828541695541,0.39981261975565,754.56,2019_yk_138,Yukon,2019,0.721085093430726,0.411815694296353,-1.0788957064267e-4,726.273139980126,868.351039050808,1366.592,0.721171354994726,549.8000433195359
721,377.804,0.721407036779338,0.40100279320042,755.608,2019_yk_138,Yukon,2019,0.721055063149575,0.411801559104145,-1.41351922080535e-5,726.273139980126,868.351039050808,1366.592,0.721171354994726,549.8000433195359
722,378.328,0.71935843074279,0.402446077400605,756.656,2019_yk_138,Yukon,2019,0.721024662975743,0.411822399095231,2.08399910859303e-5,726.273139980126,868.351039050808,1366.592,0.721171354994726,549.8000433195359
723,378.852,0.720412396094662,0.407315783953129,757.704,2019_yk_138,Yukon,2019,0.721055605660686,0.411723735922335,-9.8663172895419e-5,726.273139980126,868.351039050808,1366.592,0.721171354994726,549.8000433195359
724,379.376,0.719099986501611,0.410924162565901,758.752,2019_yk_138,Yukon,2019,0.721084960452743,0.41181450229941,9.07663770742806e-5,726.273139980126,868.351039050808,1366.592,0.721171354994726,549.8000433195359
725,379.9,0.720754921180063,0.410242199633637,759.8,2019_yk_138,Yukon,2019,0.721044534408694,0.411949312162324,1.348098629148e-4,726.273139980126,868.351039050808,1366.592,0.721171354994726,549.8000433195359
726,380.424,0.721794126542945,0.416117622215403,760.848,2019_yk_138,Yukon,2019,0.721053399821121,0.411891900308288,-5.74118540367929e-5,726.273139980126,868.351039050808,1366.592,0.721171354994726,549.8000433195359
727,380.948,0.719224037698098,0.413182540337839,761.896,2019_yk_138,Yukon,2019,0.721071495275818,0.412000716341032,1.0881603274454e-4,726.273139980126,868.351039050808,1366.592,0.721171354994726,549.8000433195359
728,381.472,0.719629561842903,0.416722488757656,762.944,2019_yk_138,Yukon,2019,0.721088087246958,0.412160893338044,1.6017699701192e-4,726.273139980126,868.351039050808,1366.592,0.721171354994726,549.8000433195359
729,381.996,0.722037432717487,0.414963747316163,763.992,2019_yk_138,Yukon,2019,0.721117792441564,0.412274519721184,1.1362638314038e-4,726.273139980126,868.351039050808,1366.592,0.721171354994726,549.8000433195359
730,382.52,0.722589988887219,0.415548563345035,765.04,2019_yk_138,Yukon,2019,0.721106351563612,0.412515762406425,2.4124268524033e-4,726.273139980126,868.351039050808,1366.592,0.721171354994726,549.8000433195359
731,383.044,0.720212867884252,0.41349684234932,766.088,2019_yk_138,Yukon,2019,0.721054566603242,0.412593829455407,7.80670489824442e-5,726.273139980126,868.351039050808,1366.592,0.721171354994726,549.8000433195359
732,383.568,0.721753257750539,0.423684562940448,767.136,2019_yk_138,Yukon,2019,0.721017590608997,0.412526317163959,-6.75122914485793e-5,726.273139980126,868.351039050808,1366.592,0.721171354994726,549.8000433195359
733,384.092,0.723231377445136,0.43304644218414,768.184,2019_yk_138,Yukon,2019,0.720966943628297,0.412564387398718,3.80702347598239e-5,726.273139980126,868.351039050808,1366.592,0.721171354994726,549.8000433195359
734,384.616,0.721258480114149,0.429643054846501,769.232,2019_yk_138,Yukon,2019,0.720998472423814,0.412800734352107,2.3634695338836e-4,726.273139980126,868.351039050808,1366.592,0.721171354994726,549.8000433195359
735,385.14,0.720082057205275,0.432775111726301,770.28,2019_yk_138,Yukon,2019,0.721008125920972,0.413025070650746,2.2433629863949e-4,726.273139980126,868.351039050808,1366.592,0.721171354994726,549.8000433195359
736,385.664,0.72280255597244,0.428276818945586,771.328,2019_yk_138,Yukon,2019,0.721083150016112,0.41323274307121,2.0767242046337e-4,726.273139980126,868.351039050808,1366.592,0.721171354994726,549.8000433195359
737,386.188,0.720374372637434,0.424442559812846,772.376,2019_yk_138,Yukon,2019,0.721047181143691,0.413249035087153,1.62920159436086e-5,726.273139980126,868.351039050808,1366.592,0.721171354994726,549.8000433195359
738,386.712,0.721439574823022,0.42376531278665,773.424,2019_yk_138,Yukon,2019,0.721086984587386,0.413335303578199,8.62684910453715e-5,726.273139980126,868.351039050808,1366.592,0.721171354994726,549.8000433195359
739,387.236,0.72182957445315,0.421369974967984,774.472,2019_yk_138,Yukon,2019,0.721098304177271,0.41336408803968,2.87844614815236e-5,726.273139980126,868.351039050808,1366.592,0.721171354994726,549.8000433195359
740,387.76,0.720123803761519,0.416312716457557,775.52,2019_yk_138,Yukon,2019,0.721063105824207,0.413236650505621,-1.2743753405869e-4,726.273139980126,868.351039050808,1366.592,0.721171354994726,549.8000433195359
741,388.284,0.719267005357916,0.426230024626049,776.568,2019_yk_138,Yukon,2019,0.721060083480011,0.413365189414031,1.2853890840974e-4,726.273139980126,868.351039050808,1366.592,0.721171354994726,549.8000433195359
742,388.808,0.720787293031796,0.426423534588155,777.616,2019_yk_138,Yukon,2019,0.72100698878149,0.413679311438209,3.1412202417802e-4,726.273139980126,868.351039050808,1366.592,0.721171354994726,549.8000433195359
743,389.332,0.720386624307728,0.422820217384116,778.664,2019_yk_138,Yukon,2019,0.720981027103668,0.413928370006967,2.4905856875823e-4,726.273139980126,868.351039050808,1366.592,0.721171354994726,549.8000433195359
744,389.856,0.722194539798114,0.419568780572271,779.712,2019_yk_138,Yukon,2019,0.720959976924439,0.414008972251214,8.06022442463306e-5,726.273139980126,868.351039050808,1366.592,0.721171354994726,549.8000433195359
745,390.38,0.720474676896633,0.41786399626452,780.76,2019_yk_138,Yukon,2019,0.721019535249297,0.414094293715657,8.53214644436773e-5,726.273139980126,868.351039050808,1366.592,0.721171354994726,549.8000433195359
746,390.904,0.722802679859824,0.418495373649751,781.808,2019_yk_138,Yukon,2019,0.721034946880617,0.414169402441954,7.51087262965133e-5,726.273139980126,868.351039050808,1366.592,0.721171354994726,549.8000433195359
747,391.428,0.722494856902131,0.422635019531913,782.856,2019_yk_138,Yukon,2019,0.721126914269513,0.414133180925188,-3.62215167656887e-5,726.273139980126,868.351039050808,1366.592,0.721171354994726,549.8000433195359
748,391.952,0.722292464167154,0.418407399021146,783.904,2019_yk_138,Yukon,2019,0.721094680358237,0.414232894242708,9.9713317519623e-5,726.273139980126,868.351039050808,1366.592,0.721171354994726,549.8000433195359
749,392.476,0.723743668184819,0.425292530887471,784.952,2019_yk_138,Yukon,2019,0.721120097065717,0.414257888291258,2.49940485501088e-5,726.273139980126,868.351039050808,1366.592,0.721171354994726,549.8000433195359
750,393,0.71957166866098,0.417366371129957,786,2019_yk_138,Yukon,2019,0.721075104678848,0.414288041659817,3.01533685592714e-5,726.273139980126,868.351039050808,1366.592,0.721171354994726,549.8000433195359
751,393.524,0.719242339597273,0.420718363663254,787.048,2019_yk_138,Yukon,2019,0.721104279307373,0.414368781651907,8.07399920900731e-5,726.273139980126,868.351039050808,1366.592,0.721171354994726,549.8000433195359
752,394.048,0.720344850183781,0.41830051993226,788.096,2019_yk_138,Yukon,2019,0.721138252442274,0.414430204606389,6.14229544813605e-5,726.273139980126,868.351039050808,1366.592,0.721171354994726,549.8000433195359
753,394.572,0.721865236931163,0.411247875028715,789.144,2019_yk_138,Yukon,2019,0.721191272861614,0.414539287678277,1.0908307188872e-4,726.273139980126,868.351039050808,1366.592,0.721171354994726,549.8000433195359
754,395.096,0.720724220473682,0.412046815561115,790.192,2019_yk_138,Yukon,2019,0.721286835273542,0.414407441716848,-1.3184596142901e-4,726.273139980126,868.351039050808,1366.592,0.721171354994726,549.8000433195359
755,395.62,0.71844918330571,0.41241373457581,791.24,2019_yk_138,Yukon,2019,0.721303857764083,0.414238564292383,-1.6887742446497e-4,726.273139980126,868.351039050808,1366.592,0.721171354994726,549.8000433195359
756,396.144,0.719918721316738,0.405527336043528,792.288,2019_yk_138,Yukon,2019,0.721256454628942,0.413936331824222,-3.0223246816113e-4,726.273139980126,868.351039050808,1366.592,0.721171354994726,549.8000433195359
757,396.668,0.723001402532891,0.412202091838399,793.336,2019_yk_138,Yukon,2019,0.721312066659711,0.41362613180556,-3.1020001866188e-4,726.273139980126,868.351039050808,1366.592,0.721171354994726,549.8000433195359
758,397.192,0.721110117921385,0.418986946331668,794.384,2019_yk_138,Yukon,2019,0.721373747358982,0.413192942560066,-4.3318924549434e-4,726.273139980126,868.351039050808,1366.592,0.721171354994726,549.8000433195359
759,397.716,0.721903664590824,0.409953982285503,795.432,2019_yk_138,Yukon,2019,0.721336304931545,0.412621484395823,-5.7145816424319e-4,726.273139980126,868.351039050808,1366.592,0.721171354994726,549.8000433195359
760,398.24,0.720492929609974,0.413692964963194,796.48,2019_yk_138,Yukon,2019,0.721325158062824,0.411921794018675,-6.9969037714834e-4,726.273139980126,868.351039050808,1366.592,0.721171354994726,549.8000433195359
761,398.764,0.718737933540218,0.409984001694643,797.528,2019_yk_138,Yukon,2019,0.721342087894534,0.411252019011973,-6.6977500670173e-4,726.273139980126,868.351039050808,1366.592,0.721171354994726,549.8000433195359
762,399.288,0.720338671378964,0.404565142780429,798.576,2019_yk_138,Yukon,2019,0.721337130960727,0.410286267255125,-9.6575175684809e-4,726.273139980126,868.351039050808,1366.592,0.721171354994726,549.8000433195359
763,399.812,0.719672703360688,0.411566529941684,799.624,2019_yk_138,Yukon,2019,0.721286146103418,0.409210115798312,-0.00107615145681295,726.273139980126,868.351039050808,1366.592,0.721171354994726,549.8000433195359
764,400.336,0.721290386247396,0.417098283832114,800.672,2019_yk_138,Yukon,2019,0.721251327157618,0.408058518164125,-0.00115159763418643,726.273139980126,868.351039050808,1366.592,0.721171354994726,549.8000433195359
765,400.86,0.720365661684827,0.415852104262702,801.72,2019_yk_138,Yukon,2019,0.721277175721526,0.406667746293898,-0.00139077187022779,726.273139980126,868.351039050808,1366.592,0.721171354994726,549.8000433195359
766,401.384,0.724792000490959,0.413679221021335,802.768,2019_yk_138,Yukon,2019,0.721269874479223,0.405212646728452,-0.00145509956544526,726.273139980126,868.351039050808,1366.592,0.721171354994726,549.8000433195359
767,401.908,0.719610352018009,0.41014611948876,803.816,2019_yk_138,Yukon,2019,0.72128454831409206,0.40376439769951,-0.00144824902894247,726.273139980126,868.351039050808,1366.592,0.721171354994726,549.8000433195359
768,402.432,0.722466428103036,0.405058405472811,804.864,2019_yk_138,Yukon,2019,0.721293635682419,0.402096753310703,-0.00166764438880634,726.273139980126,868.351039050808,1366.592,0.721171354994726,549.8000433195359
769,402.956,0.721564669912222,0.404742180738219,805.912,2019_yk_138,Yukon,2019,0.721268419665432,0.400350534563108,-0.00174621874759573,726.273139980126,868.351039050808,1366.592,0.721171354994726,549.8000433195359
770,403.48,0.722317317758251,0.403812240115496,806.96,2019_yk_138,Yukon,2019,0.721254890959103,0.39867701781751,-0.00167351674559774,726.273139980126,868.351039050808,1366.592,0.721171354994726,549.8000433195359
771,404.004,0.720116087550865,0.408150195190177,808.008,2019_yk_138,Yukon,2019,0.721343583611824,0.396974985955982,-0.00170203186152823,726.273139980126,868.351039050808,1366.592,0.721171354994726,549.8000433195359
772,404.528,0.719606205587522,0.415901365299441,809.056,2019_yk_138,Yukon,2019,0.721330314729034,0.395339076368539,-0.00163590958744292,726.273139980126,868.351039050808,1366.592,0.721171354994726,549.8000433195359
773,405.052,0.720944961848957,0.41207798358936,810.104,2019_yk_138,Yukon,2019,0.721318171994906,0.393875457498176,-0.00146361887036334,726.273139980126,868.351039050808,1366.592,0.721171354994726,549.8000433195359
774,405.576,0.721826988321636,0.407809682946988,811.152,2019_yk_138,Yukon,2019,0.721262372358248,0.39253205518876,-0.00134340230941521,726.273139980126,868.351039050808,1366.592,0.721171354994726,549.8000433195359
775,406.1,0.72340069900616,0.402271377800653,812.2,2019_yk_138,Yukon,2019,0.721257980178733,0.391237727692515,-0.00129432749624503,726.273139980126,868.351039050808,1366.592,0.721171354994726,549.8000433195359
776,406.624,0.721020037826384,0.404834843894698,813.248,2019_yk_138,Yukon,2019,0.721180346380754,0.389919334405771,-0.00131839328674455,726.273139980126,868.351039050808,1366.592,0.721171354994726,549.8000433195359
777,407.148,0.724813113058202,0.398815838205798,814.296,2019_yk_138,Yukon,2019,0.721132560386372,0.388520800920982,-0.00139853348478886,726.273139980126,868.351039050808,1366.592,0.721171354994726,549.8000433195359
778,407.672,0.71806856179756,0.402059948484332,815.344,2019_yk_138,Yukon,2019,0.721127938896136,0.387104297134802,-0.00141650378617952,726.273139980126,868.351039050808,1366.592,0.721171354994726,549.8000433195359
779,408.196,0.72294051809098,0.401761959338252,816.392,2019_yk_138,Yukon,2019,0.721084674158696,0.38556342316551,-0.00154087396929209,726.273139980126,868.351039050808,1366.592,0.721171354994726,549.8000433195359
780,408.72,0.720128998483402,0.40162182186921,817.44,2019_yk_138,Yukon,2019,0.721108264910296,0.384104085797691,-0.00145933736781956,726.273139980126,868.351039050808,1366.592,0.721171354994726,549.8000433195359
781,409.244,0.72315751449085,0.405847192725825,818.488,2019_yk_138,Yukon,2019,0.721197256770032,0.382628609240921,-0.00147547655676977,726.273139980126,868.351039050808,1366.592,0.721171354994726,549.8000433195359
782,409.768,0.721396818836859,0.406131454669484,819.536,2019_yk_138,Yukon,2019,0.721156464535719,0.381260076075748,-0.00136853316517249,726.273139980126,868.351039050808,1366.592,0.721171354994726,549.8000433195359
783,410.292,0.723593621255062,0.413860768266454,820.584,2019_yk_138,Yukon,2019,0.721159997713101,0.379942242896094,-0.00131783317965423,726.273139980126,868.351039050808,1366.592,0.721171354994726,549.8000433195359
784,410.816,0.724833731217287,0.403013404880158,821.632,2019_yk_138,Yukon,2019,0.72119638831678,0.378609417181575,-0.00133282571451876,726.273139980126,868.351039050808,1366.592,0.721171354994726,549.8000433195359
785,411.34,0.721776270612538,0.400109554165737,822.68,2019_yk_138,Yukon,2019,0.721192785424058,0.377322273725404,-0.00128714345617192,726.273139980126,868.351039050808,1366.592,0.721171354994726,549.8000433195359
786,411.864,0.718949938434492,0.397983674125735,823.728,2019_yk_138,Yukon,2019,0.721236600759312,0.3761123132335,-0.00120996049190308,726.273139980126,868.351039050808,1366.592,0.721171354994726,549.8000433195359
787,412.388,0.722560759544237,0.394570539218125,824.776,2019_yk_138,Yukon,2019,0.721200864561915,0.374857193224671,-0.0012551200088296,726.273139980126,868.351039050808,1366.592,0.721171354994726,549.8000433195359
788,412.912,0.723330403799179,0.390731134027993,825.824,2019_yk_138,Yukon,2019,0.721204472603074,0.373525386580404,-0.00133180664426646,726.273139980126,868.351039050808,1366.592,0.721171354994726,549.8000433195359
789,413.436,0.71979088707125,0.38067625746157,826.872,2019_yk_138,Yukon,2019,0.721205792908974,0.37247571070489,-0.00104967587551441,726.273139980126,868.351039050808,1366.592,0.721171354994726,549.8000433195359
790,413.96,0.72192117676397,0.373567140716136,827.92,2019_yk_138,Yukon,2019,0.7212332208892,0.371513791409084,-9.6191929580646e-4,726.273139980126,868.351039050808,1366.592,0.721171354994726,549.8000433195359
791,414.484,0.721228657786838,0.373310341947215,828.968,2019_yk_138,Yukon,2019,0.721294660142666,0.370573104999725,-9.406864093589e-4,726.273139980126,868.351039050808,1366.592,0.721171354994726,549.8000433195359
792,415.008,0.721455841722114,0.365739457529561,830.016,2019_yk_138,Yukon,2019,0.721298164156357,0.369716494118553,-8.5661088117172e-4,726.273139980126,868.351039050808,1366.592,0.721171354994726,549.8000433195359
793,415.532,0.720172286006561,0.368477354775361,831.064,2019_yk_138,Yukon,2019,0.721341009408841,0.368642983596495,-0.00107351052205745,726.273139980126,868.351039050808,1366.592,0.721171354994726,549.8000433195359
794,416.056,0.719169343366185,0.360547196795316,832.112,2019_yk_138,Yukon,2019,0.72136133570479,0.367515043645403,-0.00112793995109195,726.273139980126,868.351039050808,1366.592,0.721171354994726,549.8000433195359
795,416.58,0.721632971039735,0.349328799512632,833.16,2019_yk_138,Yukon,2019,0.721407730779657,0.366324229353275,-0.00119081429212875,726.273139980126,868.351039050808,1366.592,0.721171354994726,549.8000433195359
796,417.104,0.722364481434273,0.340970845018869,834.208,2019_yk_138,Yukon,2019,0.721327819494302,0.365150195341181,-0.00117403401209415,726.273139980126,868.351039050808,1366.592,0.721171354994726,549.8000433195359
797,417.628,0.721254802729549,0.3375476180763,835.256,2019_yk_138,Yukon,2019,0.721364767789276,0.364004363628743,-0.00114583171243776,726.273139980126,868.351039050808,1366.592,0.721171354994726,549.8000433195359
798,418.152,0.721984816922659,0.323706649458267,836.304,2019_yk_138,Yukon,2019,0.721365370134526,0.362957022402787,-0.00104734122595601,726.273139980126,868.351039050808,1366.592,0.721171354994726,549.8000433195359
799,418.676,0.720316613433936,0.31659685011224,837.352,2019_yk_138,Yukon,2019,0.721333518210398,0.362019076857595,-9.3794554519194e-4,726.273139980126,868.351039050808,1366.592,0.721171354994726,549.8000433195359
800,419.2,0.719312081381786,0.315901711721694,838.4,2019_yk_138,Yukon,2019,0.721308322192577,0.361174828251414,-8.4424860618065e-4,726.273139980126,868.351039050808,1366.592,0.721171354994726,549.8000433195359
801,419.724,0.724588564521148,0.324108112934354,839.448,2019_yk_138,Yukon,2019,0.721316065417714,0.360253307455174,-9.2152079624036e-4,726.273139980126,868.351039050808,1366.592,0.721171354994726,549.8000433195359
802,420.248,0.71999116006441,0.328268959341581,840.496,2019_yk_138,Yukon,2019,0.72131844644563,0.359247533269558,-0.00100577418561559,726.273139980126,868.351039050808,1366.592,0.721171354994726,549.8000433195359
803,420.772,0.71965806026007,0.33500308516231603,841.544,2019_yk_138,Yukon,2019,0.72135231067254,0.358289235280221,-9.5829798933716e-4,726.273139980126,868.351039050808,1366.592,0.721171354994726,549.8000433195359
804,421.296,0.718846561598626,0.338964642007358,842.592,2019_yk_138,Yukon,2019,0.721345430559332,0.357421618146695,-8.6761713352651e-4,726.273139980126,868.351039050808,1366.592,0.721171354994726,549.8000433195359
805,421.82,0.720211146125743,0.340204346489818,843.64,2019_yk_138,Yukon,2019,0.721269039142447,0.356655269621121,-7.6634852557311e-4,726.273139980126,868.351039050808,1366.592,0.721171354994726,549.8000433195359
806,422.344,0.718144651981083,0.339391776445079,844.688,2019_yk_138,Yukon,2019,0.721304490806085,0.355907465611012,-7.4780401010987e-4,726.273139980126,868.351039050808,1366.592,0.721171354994726,549.8000433195359
807,422.868,0.71962769723921,0.33872301044458,845.736,2019_yk_138,Yukon,2019,0.721237545485771,0.355366801665713,-5.4066394529811e-4,726.273139980126,868.351039050808,1366.592,0.721171354994726,549.8000433195359
808,423.392,0.72201517475297206,0.333417171850375,846.784,2019_yk_138,Yukon,2019,0.721329265408603,0.354703029212705,-6.6377245300886e-4,726.273139980126,868.351039050808,1366.592,0.721171354994726,549.8000433195359
809,423.916,0.721147783938405,0.332840092729946,847.832,2019_yk_138,Yukon,2019,0.721253676244657,0.353943592185337,-7.5943702736719e-4,726.273139980126,868.351039050808,1366.592,0.721171354994726,549.8000433195359
810,424.44,0.720987113757018,0.329806129060785,848.88,2019_yk_138,Yukon,2019,0.721306757285017,0.353314030212514,-6.2956197282343e-4,726.273139980126,868.351039050808,1366.592,0.721171354994726,549.8000433195359
811,424.964,0.724581851181413,0.332189770257064,849.928,2019_yk_138,Yukon,2019,0.721290583165665,0.352602904963796,-7.1112524871785e-4,726.273139980126,868.351039050808,1366.592,0.721171354994726,549.8000433195359
812,425.488,0.717897316124973,0.336188530021913,850.976,2019_yk_138,Yukon,2019,0.721285315512755,0.351898378684683,-7.0452627911338e-4,726.273139980126,868.351039050808,1366.592,0.721171354994726,549.8000433195359
813,426.012,0.722077227574096,0.332177884249461,852.024,2019_yk_138,Yukon,2019,0.721253919611,0.351227263621848,-6.7111506283479e-4,726.273139980126,868.351039050808,1366.592,0.721171354994726,549.8000433195359
814,426.536,0.722907656694411,0.332077272689988,853.072,2019_yk_138,Yukon,2019,0.721183189310284,0.3509118742342,-3.1538938764846e-4,726.273139980126,868.351039050808,1366.592,0.721171354994726,549.8000433195359
815,427.06,0.718233009742399,0.335185127205494,854.12,2019_yk_138,Yukon,2019,0.72115544991652,0.350738843144576,-1.7303108962335e-4,726.273139980126,868.351039050808,1366.592,0.721171354994726,549.8000433195359
816,427.584,0.722547641432001,0.332929706529343,855.168,2019_yk_138,Yukon,2019,0.721144566749647,0.350595402732177,-1.4344041239955e-4,726.273139980126,868.351039050808,1366.592,0.721171354994726,549.8000433195359
817,428.108,0.720857230689044,0.336894891308626,856.216,2019_yk_138,Yukon,2019,0.721095708900353,0.350253097424825,-3.4230530735168e-4,726.273139980126,868.351039050808,1366.592,0.721171354994726,549.8000433195359
818,428.632,0.721326600390915,0.339078547675679,857.264,2019_yk_138,Yukon,2019,0.721046168323036,0.3499575018027,-2.9559562212461e-4,726.273139980126,868.351039050808,1366.592,0.721171354994726,549.8000433195359
819,429.156,0.721982882944851,0.346973429754637,858.312,2019_yk_138,Yukon,2019,0.721087573518005,0.349791910877194,-1.6559092550644e-4,726.273139980126,868.351039050808,1366.592,0.721171354994726,549.8000433195359
820,429.68,0.722138608423516,0.355977807214808,859.36,2019_yk_138,Yukon,2019,0.721094645952064,0.349762216408029,-2.96944691652312e-5,726.273139980126,868.351039050808,1366.592,0.721171354994726,549.8000433195359
821,430.204,0.722424288748207,0.353542817133108,860.408,2019_yk_138,Yukon,2019,0.721109732634022,0.34968196634936,-8.02500586681298e-5,726.273139980126,868.351039050808,1366.592,0.721171354994726,549.8000433195359
822,430.728,0.720548912200395,0.353168489910128,861.456,2019_yk_138,Yukon,2019,0.721113603791707,0.349626419185204,-5.55471641562888e-5,726.273139980126,868.351039050808,1366.592,0.721171354994726,549.8000433195359
823,431.252,0.722243418509782,0.347155898618236,862.504,2019_yk_138,Yukon,2019,0.721108436702943,0.349560500585347,-6.5918599856829e-5,726.273139980126,868.351039050808,1366.592,0.721171354994726,549.8000433195359
824,431.776,0.722509964004346,0.349421886766596,863.552,2019_yk_138,Yukon,2019,0.721156434080355,0.349545404631632,-1.50959537152939e-5,726.273139980126,868.351039050808,1366.592,0.721171354994726,549.8000433195359
825,432.3,0.723149366176794,0.344403246734977,864.6,2019_yk_138,Yukon,2019,0.721095439834021,0.3496542333298,1.0882869816775e-4,726.273139980126,868.351039050808,1366.592,0.721171354994726,549.8000433195359
826,432.824,0.719997323369656,0.343237180295688,865.648,2019_yk_138,Yukon,2019,0.721116105639199,0.349947762969158,2.9352963935852e-4,726.273139980126,868.351039050808,1366.592,0.721171354994726,549.8000433195359
827,433.348,0.721827249716476,0.341396216742495,866.696,2019_yk_138,Yukon,2019,0.721124201162371,0.350213866386395,2.6610341723631e-4,726.273139980126,868.351039050808,1366.592,0.721171354994726,549.8000433195359
828,433.872,0.722502568818057,0.34221793191545,867.744,2019_yk_138,Yukon,2019,0.721094488763223,0.350661986912611,4.481205262159e-4,726.273139980126,868.351039050808,1366.592,0.721171354994726,549.8000433195359
829,434.396,0.71965355446451,0.348465448026704,868.792,2019_yk_138,Yukon,2019,0.721161565618347,0.351264448236058,6.0246132344737e-4,726.273139980126,868.351039050808,1366.592,0.721171354994726,549.8000433195359
830,434.92,0.720805556689011,0.353157323744656,869.84,2019_yk_138,Yukon,2019,0.721187889378048,0.351754290751092,4.8984251503453e-4,726.273139980126,868.351039050808,1366.592,0.721171354994726,549.8000433195359
831,435.444,0.720580681059055,0.352858947415756,870.888,2019_yk_138,Yukon,2019,0.721116962741777,0.352087266857293,3.3297610620025e-4,726.273139980126,868.351039050808,1366.592,0.721171354994726,549.8000433195359
832,435.968,0.719749067262512,0.355554914162503,871.936,2019_yk_138,Yukon,2019,0.721108263964599,0.352275914121502,1.8864726420936e-4,726.273139980126,868.351039050808,1366.592,0.721171354994726,549.8000433195359
833,436.492,0.722976815463548,0.35458010422913,872.984,2019_yk_138,Yukon,2019,0.721111754711808,0.35239484834008,1.1893421857789e-4,726.273139980126,868.351039050808,1366.592,0.721171354994726,549.8000433195359
834,437.016,0.721414181529151,0.355752654935399,874.032,2019_yk_138,Yukon,2019,0.721159087893665,0.352523716326168,1.2886798608785e-4,726.273139980126,868.351039050808,1366.592,0.721171354994726,549.8000433195359
835,437.54,0.718817213993083,0.356290466266263,875.08,2019_yk_138,Yukon,2019,0.721213417928678,0.352449296805592,-7.44195205760745e-5,726.273139980126,868.351039050808,1366.592,0.721171354994726,549.8000433195359
836,438.064,0.723147137644647,0.359966603288109,876.128,2019_yk_138,Yukon,2019,0.721264721913211,0.352369988515844,-7.93082897475039e-5,726.273139980126,868.351039050808,1366.592,0.721171354994726,549.8000433195359
837,438.588,0.720796393839361,0.36637600148791,877.176,2019_yk_138,Yukon,2019,0.721298221007624,0.352174004224719,-1.9598429112532e-4,726.273139980126,868.351039050808,1366.592,0.721171354994726,549.8000433195359
838,439.112,0.723571757167473,0.362233601303801,878.224,2019_yk_138,Yukon,2019,0.72126785531209,0.352188800169632,1.47959449129376e-5,726.273139980126,868.351039050808,1366.592,0.721171354994726,549.8000433195359
839,439.636,0.718405168254226,0.35619573769622,879.272,2019_yk_138,Yukon,2019,0.721271159495904,0.352053468851579,-1.3533131805304e-4,726.273139980126,868.351039050808,1366.592,0.721171354994726,549.8000433195359
840,440.16,0.723313860904991,0.363848103499802,880.32,2019_yk_138,Yukon,2019,0.721309467673246,0.351928783263318,-1.2468558826067e-4,726.273139980126,868.351039050808,1366.592,0.721171354994726,549.8000433195359
841,440.684,0.722187067329749,0.363179677802754,881.368,2019_yk_138,Yukon,2019,0.72124216159963,0.351832927334308,-9.58559290099581e-5,726.273139980126,868.351039050808,1366.592,0.721171354994726,549.8000433195359
842,441.208,0.721080759662271,0.36385987792268,882.416,2019_yk_138,Yukon,2019,0.721377695592046,0.351482812630748,-3.5011470356022e-4,726.273139980126,868.351039050808,1366.592,0.721171354994726,549.8000433195359
843,441.732,0.721709867149772,0.373593864496369,883.464,2019_yk_138,Yukon,2019,0.721396656008486,0.351166952683,-3.1585994774757e-4,726.273139980126,868.351039050808,1366.592,0.721171354994726,549.8000433195359
844,442.256,0.720589913174325,0.384090041621249,884.512,2019_yk_138,Yukon,2019,0.72131435607775,0.350950863472035,-2.1608921096583e-4,726.273139980126,868.351039050808,1366.592,0.721171354994726,549.8000433195359
845,442.78,0.720111906986666,0.389727688788338,885.56,2019_yk_138,Yukon,2019,0.721363611699988,0.35056535391731,-3.8550955472443e-4,726.273139980126,868.351039050808,1366.592,0.721171354994726,549.8000433195359
846,443.304,0.718296948422141,0.389377249381762,886.608,2019_yk_138,Yukon,2019,0.721319219591153,0.350275478110577,-2.8987580673312e-4,726.273139980126,868.351039050808,1366.592,0.721171354994726,549.8000433195359
847,443.828,0.719629288586598,0.374032220777023,887.656,2019_yk_138,Yukon,2019,0.721379509076364,0.349767201182718,-5.0827692785893e-4,726.273139980126,868.351039050808,1366.592,0.721171354994726,549.8000433195359
848,444.352,0.720357969160122,0.372995396700514,888.704,2019_yk_138,Yukon,2019,0.721391895273179,0.349224877183458,-5.4232399925963e-4,726.273139980126,868.351039050808,1366.592,0.721171354994726,549.8000433195359
849,444.876,0.722275198769417,0.370740801931186,889.752,2019_yk_138,Yukon,2019,0.721358997378047,0.348462321185428,-7.6255599803054e-4,726.273139980126,868.351039050808,1366.592,0.721171354994726,549.8000433195359
850,445.4,0.722345522807502,0.371785472566222,890.8,2019_yk_138,Yukon,2019,0.721338797391368,0.347608020069106,-8.5430111632145e-4,726.273139980126,868.351039050808,1366.592,0.721171354994726,549.8000433195359
851,445.924,0.722133858704334,0.368495338427125,891.848,2019_yk_138,Yukon,2019,0.721268578805131,0.34680331013648,-8.0470993262621e-4,726.273139980126,868.351039050808,1366.592,0.721171354994726,549.8000433195359
852,446.448,0.721688111183161,0.362406627680183,892.896,2019_yk_138,Yukon,2019,0.72126278732465,0.345973214410686,-8.3009572579406e-4,726.273139980126,868.351039050808,1366.592,0.721171354994726,549.8000433195359
853,446.972,0.719862260680723,0.364522238783952,893.944,2019_yk_138,Yukon,2019,0.721240267383077,0.345115979080108,-8.5723533057857e-4,726.273139980126,868.351039050808,1366.592,0.721171354994726,549.8000433195359
854,447.496,0.722049186010955,0.359641439572398,894.992,2019_yk_138,Yukon,2019,0.721189671606982,0.344149052294256,-9.6692678585164e-4,726.273139980126,868.351039050808,1366.592,0.721171354994726,549.8000433195359
855,448.02,0.717973316259657,0.355858521402698,896.04,2019_yk_138,Yukon,2019,0.721142665224627,0.343243848355705,-9.0520393855048e-4,726.273139980126,868.351039050808,1366.592,0.721171354994726,549.8000433195359
856,448.544,0.723604429744951,0.358582623380381,897.088,2019_yk_138,Yukon,2019,0.721137301670627,0.342357233110531,-8.8661524517486e-4,726.273139980126,868.351039050808,1366.592,0.721171354994726,549.8000433195359
857,449.068,0.721740534119888,0.353513823110478,898.136,2019_yk_138,Yukon,2019,0.721141457736658,0.341428318983406,-9.2891412712437e-4,726.273139980126,868.351039050808,1366.592,0.721171354994726,549.8000433195359
858,449.592,0.720202072973766,0.350593881031222,899.184,2019_yk_138,Yukon,2019,0.72113260296189,0.340526779632658,-9.0153935074843e-4,726.273139980126,868.351039050808,1366.592,0.721171354994726,549.8000433195359
859,450.116,0.724341224741405,0.352744529519084,900.232,2019_yk_138,Yukon,2019,0.721183354274807,0.339478307647824,-0.00104847198483393,726.273139980126,868.351039050808,1366.592,0.721171354994726,549.8000433195359
860,450.64,0.72089150696381,0.345292262623767,901.28,2019_yk_138,Yukon,2019,0.721165719082458,0.338257553202235,-0.00122075444558867,726.273139980126,868.351039050808,1366.592,0.721171354994726,549.8000433195359
861,451.164,0.720332966344889,0.344086679306368,902.328,2019_yk_138,Yukon,2019,0.721119094384636,0.337037839218397,-0.00121971398383813,726.273139980126,868.351039050808,1366.592,0.721171354994726,549.8000433195359
862,451.688,0.719469233433747,0.339587795194146,903.376,2019_yk_138,Yukon,2019,0.721173687954151,0.335794946193785,-0.0012428930246125,726.273139980126,868.351039050808,1366.592,0.721171354994726,549.8000433195359
863,452.212,0.719867505092583,0.342139138276986,904.424,2019_yk_138,Yukon,2019,0.721113904518555,0.33455438950555,-0.0012405566882342,726.273139980126,868.351039050808,1366.592,0.721171354994726,549.8000433195359
864,452.736,0.721686552510065,0.346696721172631,905.472,2019_yk_138,Yukon,2019,0.721152785862322,0.333376731473519,-0.00117765803203151,726.273139980126,868.351039050808,1366.592,0.721171354994726,549.8000433195359
865,453.26,0.723470948226547,0.335739175255253,906.52,2019_yk_138,Yukon,2019,0.721149618670283,0.332187097135382,-0.00118963433813735,726.273139980126,868.351039050808,1366.592,0.721171354994726,549.8000433195359
866,453.784,0.721222891053042,0.334633279060226,907.568,2019_yk_138,Yukon,2019,0.721132771384587,0.330932978966196,-0.00125411816918525,726.273139980126,868.351039050808,1366.592,0.721171354994726,549.8000433195359
867,454.308,0.721637642904004,0.326963952977061,908.616,2019_yk_138,Yukon,2019,0.721147737562257,0.329557364318938,-0.00137561464725822,726.273139980126,868.351039050808,1366.592,0.721171354994726,549.8000433195359
868,454.832,0.720193233020937,0.334304928545151,909.664,2019_yk_138,Yukon,2019,0.721115204962283,0.328157153649681,-0.00140021066925722,726.273139980126,868.351039050808,1366.592,0.721171354994726,549.8000433195359
869,455.356,0.721346034967234,0.324720213646766,910.712,2019_yk_138,Yukon,2019,0.721233382433268,0.326876534932844,-0.00128061871683727,726.273139980126,868.351039050808,1366.592,0.721171354994726,549.8000433195359
870,455.88,0.723285604397509,0.322324993765142,911.76,2019_yk_138,Yukon,2019,0.721100068944877,0.325400320221736,-0.00147621471110787,726.273139980126,868.351039050808,1366.592,0.721171354994726,549.8000433195359
871,456.404,0.720543486764457,0.326438414516469,912.808,2019_yk_138,Yukon,2019,0.721108241112783,0.323892449754377,-0.00150787046735879,726.273139980126,868.351039050808,1366.592,0.721171354994726,549.8000433195359
872,456.928,0.726029355669924,0.315181647808297,913.856,2019_yk_138,Yukon,2019,0.721095488547203,0.322395157036669,-0.0014972927177081,726.273139980126,868.351039050808,1366.592,0.721171354994726,549.8000433195359
873,457.452,0.723214852560541,0.313226287384609,914.904,2019_yk_138,Yukon,2019,0.721082850084043,0.320763740961843,-0.0016314160748262,726.273139980126,868.351039050808,1366.592,0.721171354994726,549.8000433195359
874,457.976,0.717969660850223,0.319111920032039,915.952,2019_yk_138,Yukon,2019,0.721036308640741,0.318906776053132,-0.00185696490871068,726.273139980126,868.351039050808,1366.592,0.721171354994726,549.8000433195359
875,458.5,0.721188347076702,0.312054553922028,917,2019_yk_138,Yukon,2019,0.721029846542518,0.317013657681856,-0.00189311837127593,726.273139980126,868.351039050808,1366.592,0.721171354994726,549.8000433195359
876,459.024,0.719884114901873,0.315537158125357,918.048,2019_yk_138,Yukon,2019,0.72112044343149,0.31513689826675,-0.00187675941510634,726.273139980126,868.351039050808,1366.592,0.721171354994726,549.8000433195359
877,459.548,0.724474599801699,0.30639827563709,919.096,2019_yk_138,Yukon,2019,0.721200721760698,0.313489914640252,-0.00164698362649718,726.273139980126,868.351039050808,1366.592,0.721171354994726,549.8000433195359
878,460.072,0.722069772199845,0.306539107720104,920.144,2019_yk_138,Yukon,2019,0.7213005329023,0.311835668175777,-0.00165424646447515,726.273139980126,868.351039050808,1366.592,0.721171354994726,549.8000433195359
879,460.596,0.7200090092369,0.301220069872804,921.192,2019_yk_138,Yukon,2019,0.721290597385583,0.31014514699023,-0.00169052118554697,726.273139980126,868.351039050808,1366.592,0.721171354994726,549.8000433195359
880,461.12,0.720926609222813,0.304719740235522,922.24,2019_yk_138,Yukon,2019,0.721260198797646,0.308442095543696,-0.00170305144653404,726.273139980126,868.351039050808,1366.592,0.721171354994726,549.8000433195359
881,461.644,0.718211173573965,0.305260221175534,923.288,2019_yk_138,Yukon,2019,0.721280983234895,0.306697411294265,-0.00174468424943153,726.273139980126,868.351039050808,1366.592,0.721171354994726,549.8000433195359
882,462.168,0.720201423371559,0.303362746362483,924.336,2019_yk_138,Yukon,2019,0.721295429978393,0.305062787897615,-0.00163462339664994,726.273139980126,868.351039050808,1366.592,0.721171354994726,549.8000433195359
883,462.692,0.720892222015409,0.295721778783523,925.384,2019_yk_138,Yukon,2019,0.721316782988649,0.303390019245775,-0.00167276865183957,726.273139980126,868.351039050808,1366.592,0.721171354994726,549.8000433195359
884,463.216,0.719474217438641,0.291406279615497,926.432,2019_yk_138,Yukon,2019,0.721351651583165,0.3016958625811,-0.00169415666467515,726.273139980126,868.351039050808,1366.592,0.721171354994726,549.8000433195359
885,463.74,0.720328983235464,0.290091010421944,927.48,2019_yk_138,Yukon,2019,0.721457423147681,0.300166800446058,-0.00152906213504206,726.273139980126,868.351039050808,1366.592,0.721171354994726,549.8000433195359
886,464.264,0.719675510129653,0.290040265585197,928.528,2019_yk_138,Yukon,2019,0.721474285416919,0.298506038531756,-0.00166076191430203,726.273139980126,868.351039050808,1366.592,0.721171354994726,549.8000433195359
887,464.788,0.722076613678376,0.285661369115034,929.576,2019_yk_138,Yukon,2019,0.721494976740417,0.29704820850882,-0.00145783002293576,726.273139980126,868.351039050808,1366.592,0.721171354994726,549.8000433195359
888,465.312,0.72197128233199,0.288125570870545,930.624,2019_yk_138,Yukon,2019,0.721477779637976,0.295591337104954,-0.00145687140386669,726.273139980126,868.351039050808,1366.592,0.721171354994726,549.8000433195359
889,465.836,0.722698633239494,0.285557128936666,931.672,2019_yk_138,Yukon,2019,0.721515524179875,0.294061808232137,-0.00152952887281688,726.273139980126,868.351039050808,1366.592,0.721171354994726,549.8000433195359
890,466.36,0.719747445148068,0.279912057009336,932.72,2019_yk_138,Yukon,2019,0.72150529736461,0.292709235046367,-0.00135257318576926,726.273139980126,868.351039050808,1366.592,0.721171354994726,549.8000433195359
891,466.884,0.717783199189716,0.279676108385467,933.768,2019_yk_138,Yukon,2019,0.721540075202716,0.291285992243807,-0.00142324280256095,726.273139980126,868.351039050808,1366.592,0.721171354994726,549.8000433195359
892,467.408,0.723024681433441,0.280981332685755,934.816,2019_yk_138,Yukon,2019,0.721598610114347,0.289977815327892,-0.00130817691591473,726.273139980126,868.351039050808,1366.592,0.721171354994726,549.8000433195359
893,467.932,0.719389809327787,0.280146702935078,935.864,2019_yk_138,Yukon,2019,0.721595472622242,0.288594523291786,-0.00138329203610582,726.273139980126,868.351039050808,1366.592,0.721171354994726,549.8000433195359
894,468.456,0.723747062155169,0.285093173013509,936.912,2019_yk_138,Yukon,2019,0.721647733842585,0.287150603288131,-0.00144392000365462,726.273139980126,868.351039050808,1366.592,0.721171354994726,549.8000433195359
895,468.98,0.718627182470743,0.28491240597802,937.96,2019_yk_138,Yukon,2019,0.721626931651406,0.285919737477637,-0.00123086581049453,726.273139980126,868.351039050808,1366.592,0.721171354994726,549.8000433195359
896,469.504,0.722136300502864,0.284719513136998,939.008,2019_yk_138,Yukon,2019,0.721654959899985,0.284784107591812,-0.00113562988582455,726.273139980126,868.351039050808,1366.592,0.721171354994726,549.8000433195359
897,470.028,0.721694364499558,0.283839122652416,940.056,2019_yk_138,Yukon,2019,0.721736676678347,0.283767617039287,-0.00101649055252551,726.273139980126,868.351039050808,1366.592,0.721171354994726,549.8000433195359
898,470.552,0.721619801169048,0.278220961148368,941.104,2019_yk_138,Yukon,2019,0.721697670192808,0.282498007487897,-0.00126960955138955,726.273139980126,868.351039050808,1366.592,0.721171354994726,549.8000433195359
899,471.076,0.725495816513321,0.279358614685984,942.152,2019_yk_138,Yukon,2019,0.721681888440463,0.281386089955594,-0.00111191753230311,726.273139980126,868.351039050808,1366.592,0.721171354994726,549.8000433195359
900,471.6,0.71531505160155,0.275275220833329,943.2,2019_yk_138,Yukon,2019,0.721679716209401,0.280264499879426,-0.00112159007616808,726.273139980126,868.351039050808,1366.592,0.721171354994726,549.8000433195359
901,472.124,0.722677397404113,0.272707449761225,944.248,2019_yk_138,Yukon,2019,0.721762038197307,0.278954350363333,-0.00131014951609326,726.273139980126,868.351039050808,1366.592,0.721171354994726,549.8000433195359
902,472.648,0.720315605727433,0.274022314860194,945.296,2019_yk_138,Yukon,2019,0.721670472208173,0.277893011336897,-0.00106133902643529,726.273139980126,868.351039050808,1366.592,0.721171354994726,549.8000433195359
903,473.172,0.720951559360189,0.275708900006801,946.344,2019_yk_138,Yukon,2019,0.721639240678206,0.276837779034882,-0.00105523230201593,726.273139980126,868.351039050808,1366.592,0.721171354994726,549.8000433195359
904,473.696,0.71779742657619106,0.272672147098606,947.392,2019_yk_138,Yukon,2019,0.721671743501185,0.275659441704837,-0.00117833733004419,726.273139980126,868.351039050808,1366.592,0.721171354994726,549.8000433195359
905,474.22,0.719724181093311,0.276140586511782,948.44,2019_yk_138,Yukon,2019,0.721679607300803,0.274648767446541,-0.00101067425829598,726.273139980126,868.351039050808,1366.592,0.721171354994726,549.8000433195359
906,474.744,0.723732761760443,0.276771684475382,949.488,2019_yk_138,Yukon,2019,0.721740522364616,0.273587718413429,-0.00106104903311238,726.273139980126,868.351039050808,1366.592,0.721171354994726,549.8000433195359
907,475.268,0.724445988339107,0.275213203187192,950.536,2019_yk_138,Yukon,2019,0.721657971094283,0.27262184796266,-9.6587045076851e-4,726.273139980126,868.351039050808,1366.592,0.721171354994726,549.8000433195359
908,475.792,0.726346637656233,0.273740608832004,951.584,2019_yk_138,Yukon,2019,0.721664803912777,0.27165431858909,-9.6752937357047e-4,726.273139980126,868.351039050808,1366.592,0.721171354994726,549.8000433195359
909,476.316,0.721679067766358,0.269309530798367,952.632,2019_yk_138,Yukon,2019,0.721670431866754,0.270745158707089,-9.0915988200085e-4,726.273139980126,868.351039050808,1366.592,0.721171354994726,549.8000433195359
910,476.84,0.720521607531335,0.269602385774181,953.68,2019_yk_138,Yukon,2019,0.721720247960674,0.269914924149266,-8.3023455782299e-4,726.273139980126,868.351039050808,1366.592,0.721171354994726,549.8000433195359
911,477.364,0.72338092493923,0.26381428346123,954.728,2019_yk_138,Yukon,2019,0.721774901270148,0.268919519698185,-9.9540445108087e-4,726.273139980126,868.351039050808,1366.592,0.721171354994726,549.8000433195359
912,477.888,0.722554915793045,0.264329223881188,955.776,2019_yk_138,Yukon,2019,0.721756380149293,0.268046096733768,-8.734229644175e-4,726.273139980126,868.351039050808,1366.592,0.721171354994726,549.8000433195359
913,478.412,0.721143441296112,0.26415611967358,956.824,2019_yk_138,Yukon,2019,0.721761634832294,0.267275840280029,-7.7025645373918e-4,726.273139980126,868.351039050808,1366.592,0.721171354994726,549.8000433195359
914,478.936,0.724141301681902,0.257992039691887,957.872,2019_yk_138,Yukon,2019,0.721841023739377,0.266570056648174,-7.0578363185414e-4,726.273139980126,868.351039050808,1366.592,0.721171354994726,549.8000433195359
915,479.46,0.724319610130634,0.264114793300175,958.92,2019_yk_138,Yukon,2019,0.721899088416958,0.26590569518564,-6.6436146253406e-4,726.273139980126,868.351039050808,1366.592,0.721171354994726,549.8000433195359
916,479.984,0.724616165899194,0.258936908522258,959.968,2019_yk_138,Yukon,2019,0.721918068843138,0.265227877324601,-6.7781786103893e-4,726.273139980126,868.351039050808,1366.592,0.721171354994726,549.8000433195359
917,480.508,0.722982013529802,0.266044021734334,961.016,2019_yk_138,Yukon,2019,0.721958949258015,0.264672296438578,-5.5558088602353e-4,726.273139980126,868.351039050808,1366.592,0.721171354994726,549.8000433195359
918,481.032,0.719170246827277,0.263181596799219,962.064,2019_yk_138,Yukon,2019,0.721975064176799,0.264091826513451,-5.80469925127e-4,726.273139980126,868.351039050808,1366.592,0.721171354994726,549.8000433195359
919,481.556,0.726605897255349,0.260972797150073,963.112,2019_yk_138,Yukon,2019,0.721962960116991,0.263469623319192,-6.2220319425887e-4,726.273139980126,868.351039050808,1366.592,0.721171354994726,549.8000433195359
920,482.08,0.720277898047903,0.264137871477611,964.16,2019_yk_138,Yukon,2019,0.722046922101063,0.262826322524419,-6.4330079477315e-4,726.273139980126,868.351039050808,1366.592,0.721171354994726,549.8000433195359
921,482.604,0.722419636631279,0.258692111152711,965.208,2019_yk_138,Yukon,2019,0.722143175155553,0.262168594863578,-6.5772766084076e-4,726.273139980126,868.351039050808,1366.592,0.721171354994726,549.8000433195359
922,483.128,0.722981328131623,0.261097180239262,966.256,2019_yk_138,Yukon,2019,0.722100651900346,0.261494930381522,-6.7366448205591e-4,726.273139980126,868.351039050808,1366.592,0.721171354994726,549.8000433195359
923,483.652,0.719679255566288,0.259141616110639,967.304,2019_yk_138,Yukon,2019,0.722148685892552,0.260818442748073,-6.7648763344968e-4,726.273139980126,868.351039050808,1366.592,0.721171354994726,549.8000433195359
924,484.176,0.724822225730624,0.260061520953353,968.352,2019_yk_138,Yukon,2019,0.722187205568408,0.260060141628435,-7.5830111963742e-4,726.273139980126,868.351039050808,1366.592,0.721171354994726,549.8000433195359
925,484.7,0.722222816755813,0.26188722662558,969.4,2019_yk_138,Yukon,2019,0.72223610823932,0.259366900049095,-6.9324157934014e-4,726.273139980126,868.351039050808,1366.592,0.721171354994726,549.8000433195359
926,485.224,0.722904585967777,0.266495485910756,970.448,2019_yk_138,Yukon,2019,0.722227387525752,0.258673380295338,-6.9351975375675e-4,726.273139980126,868.351039050808,1366.592,0.721171354994726,549.8000433195359
927,485.748,0.726540649605676,0.26597451982553,971.496,2019_yk_138,Yukon,2019,0.722210247672621,0.25803656470925,-6.3681558608796e-4,726.273139980126,868.351039050808,1366.592,0.721171354994726,549.8000433195359
928,486.272,0.717852843888649,0.258128355461777,972.544,2019_yk_138,Yukon,2019,0.722220154789718,0.257415437692142,-6.2112701710842e-4,726.273139980126,868.351039050808,1366.592,0.721171354994726,549.8000433195359
929,486.796,0.720399129826541,0.258005161708575,973.592,2019_yk_138,Yukon,2019,0.722122774846742,0.256767009098862,-6.484285932794e-4,726.273139980126,868.351039050808,1366.592,0.721171354994726,549.8000433195359
930,487.32,0.723155270533771,0.255029589195059,974.64,2019_yk_138,Yukon,2019,0.722261732151638,0.256223027243266,-5.4398185559673e-4,726.273139980126,868.351039050808,1366.592,0.721171354994726,549.8000433195359
931,487.844,0.725482806038816,0.247829443550873,975.688,2019_yk_138,Yukon,2019,0.722225359422779,0.255633807500654,-5.892197426115e-4,726.273139980126,868.351039050808,1366.592,0.721171354994726,549.8000433195359
932,488.368,0.720535396321853,0.25150130622218,976.736,2019_yk_138,Yukon,2019,0.72227166412622,0.255077679609453,-5.561278912014e-4,726.273139980126,868.351039050808,1366.592,0.721171354994726,549.8000433195359
933,488.892,0.721340960762564,0.249912349263652,977.784,2019_yk_138,Yukon,2019,0.72231556799864,0.254493278257305,-5.8440135214726e-4,726.273139980126,868.351039050808,1366.592,0.721171354994726,549.8000433195359
934,489.416,0.719919830228972,0.248411680229388,978.832,2019_yk_138,Yukon,2019,0.722382340240374,0.253907581347912,-5.8569690939336e-4,726.273139980126,868.351039050808,1366.592,0.721171354994726,549.8000433195359
935,489.94,0.721660175053783,0.251414098424268,979.88,2019_yk_138,Yukon,2019,0.722417178690466,0.253355485167281,-5.5209618063067e-4,726.273139980126,868.351039050808,1366.592,0.721171354994726,549.8000433195359
936,490.464,0.723539018730636,0.25187421613861,980.928,2019_yk_138,Yukon,2019,0.722382974701953,0.252726933218717,-6.2855194856426e-4,726.273139980126,868.351039050808,1366.592,0.721171354994726,549.8000433195359
937,490.988,0.719521523581729,0.248446048590981,981.976,2019_yk_138,Yukon,2019,0.722386134697813,0.252122722917218,-6.0421030149926e-4,726.273139980126,868.351039050808,1366.592,0.721171354994726,549.8000433195359
938,491.512,0.722479741309473,0.248487345305871,983.024,2019_yk_138,Yukon,2019,0.72228629173559,0.251530310680346,-5.9241223687173e-4,726.273139980126,868.351039050808,1366.592,0.721171354994726,549.8000433195359
939,492.036,0.720346686475534,0.246670476952752,984.072,2019_yk_138,Yukon,2019,0.722308427793027,0.251093336227283,-4.3697445306367e-4,726.273139980126,868.351039050808,1366.592,0.721171354994726,549.8000433195359
940,492.56,0.723915574857974,0.254905666766139,985.12,2019_yk_138,Yukon,2019,0.722392195028295,0.250654752483329,-4.3858374395305e-4,726.273139980126,868.351039050808,1366.592,0.721171354994726,549.8000433195359
941,493.084,0.721490372142421,0.245535954110681,986.168,2019_yk_138,Yukon,2019,0.722393567215344,0.25034365092958,-3.1110155374897e-4,726.273139980126,868.351039050808,1366.592,0.721171354994726,549.8000433195359
942,493.608,0.719090156120232,0.250957368497434,987.216,2019_yk_138,Yukon,2019,0.722371578696229,0.250089235974488,-2.5441495509231e-4,726.273139980126,868.351039050808,1366.592,0.721171354994726,549.8000433195359
943,494.132,0.721207502995513,0.249506391559171,988.264,2019_yk_138,Yukon,2019,0.722324862628859,0.249741640280355,-3.475956941327e-4,726.273139980126,868.351039050808,1366.592,0.721171354994726,549.8000433195359
944,494.656,0.724237551863617,0.249059261704247,989.312,2019_yk_138,Yukon,2019,0.722260669341265,0.249540477201573,-2.0116307878231e-4,726.273139980126,868.351039050808,1366.592,0.721171354994726,549.8000433195359
945,495.18,0.723812863890309,0.2502293226699,990.36,2019_yk_138,Yukon,2019,0.722190355618764,0.249247296250371,-2.9318095120212e-4,726.273139980126,868.351039050808,1366.592,0.721171354994726,549.8000433195359
946,495.704,0.720814335700425,0.249371193922862,991.408,2019_yk_138,Yukon,2019,0.722140788682716,0.249096380064049,-1.5091618632195e-4,726.273139980126,868.351039050808,1366.592,0.721171354994726,549.8000433195359
947,496.228,0.724529438571032,0.252326515953623,992.456,2019_yk_138,Yukon,2019,0.722136950644889,0.248856237448584,-2.4014261546528e-4,726.273139980126,868.351039050808,1366.592,0.721171354994726,549.8000433195359
948,496.752,0.722938177459028,0.253297375362923,993.504,2019_yk_138,Yukon,2019,0.72212684792123,0.248633949564295,-2.2228788428863e-4,726.273139980126,868.351039050808,1366.592,0.721171354994726,549.8000433195359
949,497.276,0.721972389651004,0.248224937281134,994.552,2019_yk_138,Yukon,2019,0.722070430384257,0.24844090948833,-1.9304007596537e-4,726.273139980126,868.351039050808,1366.592,0.721171354994726,549.8000433195359
950,497.8,0.724785164192402,0.241314009322949,995.6,2019_yk_138,Yukon,2019,0.722090484786877,0.248177873863576,-2.6303562475346e-4,726.273139980126,868.351039050808,1366.592,0.721171354994726,549.8000433195359
951,498.324,0.723558382459105,0.240212448735021,996.648,2019_yk_138,Yukon,2019,0.721983909848811,0.248089858310544,-8.8015553032561e-5,726.273139980126,868.351039050808,1366.592,0.721171354994726,549.8000433195359
952,498.848,0.720473286120992,0.240561463762398,997.696,2019_yk_138,Yukon,2019,0.72190367340362,0.247895554040395,-1.9430427014835e-4,726.273139980126,868.351039050808,1366.592,0.721171354994726,549.8000433195359
953,499.372,0.722271848860144,0.239557444928098,998.744,2019_yk_138,Yukon,2019,0.721971784573395,0.247770100323722,-1.2545371667305e-4,726.273139980126,868.351039050808,1366.592,0.721171354994726,549.8000433195359
954,499.896,0.726058242706575,0.239595105835262,999.792,2019_yk_138,Yukon,2019,0.721931983036539,0.24764149495664,-1.2860536708209e-4,726.273139980126,868.351039050808,1366.592,0.721171354994726,549.8000433195359
955,500.42,0.721561342725417,0.243317911217614,1000.84,2019_yk_138,Yukon,2019,0.721888154826112,0.247474891579803,-1.6660337683691e-4,726.273139980126,868.351039050808,1366.592,0.721171354994726,549.8000433195359
956,500.944,0.721613057688835,0.243108327911592,1001.888,2019_yk_138,Yukon,2019,0.721749716674394,0.247192868978788,-2.8202260101567e-4,726.273139980126,868.351039050808,1366.592,0.721171354994726,549.8000433195359
957,501.468,0.720665973311684,0.245630187487137,1002.936,2019_yk_138,Yukon,2019,0.721664974368333,0.246956005374979,-2.3686360380914e-4,726.273139980126,868.351039050808,1366.592,0.721171354994726,549.8000433195359
958,501.992,0.722214228194838,0.240953340121865,1003.984,2019_yk_138,Yukon,2019,0.721776111753858,0.246850991599201,-1.0501377577737e-4,726.273139980126,868.351039050808,1366.592,0.721171354994726,549.8000433195359
959,502.516,0.719653019934811,0.240452899089218,1005.032,2019_yk_138,Yukon,2019,0.721769940221541,0.24675765089781,-9.33407013910537e-5,726.273139980126,868.351039050808,1366.592,0.721171354994726,549.8000433195359
960,503.04,0.723652489895264,0.242636309497525,1006.08,2019_yk_138,Yukon,2019,0.721737693918526,0.246707440373184,-5.02105246261708e-5,726.273139980126,868.351039050808,1366.592,0.721171354994726,549.8000433195359
961,503.564,0.720495033672615,0.237354265204536,1007.128,2019_yk_138,Yukon,2019,0.7216615297623,0.24675896379419,5.15234210058391e-5,726.273139980126,868.351039050808,1366.592,0.721171354994726,549.8000433195359
962,504.088,0.723093887933835,0.240654641388106,1008.176,2019_yk_138,Yukon,2019,0.721648754635781,0.246723488587143,-3.54752070464981e-5,726.273139980126,868.351039050808,1366.592,0.721171354994726,549.8000433195359
963,504.612,0.723585791705388,0.240644818877968,1009.224,2019_yk_138,Yukon,2019,0.721668498404763,0.246761393940004,3.79053528603013e-5,726.273139980126,868.351039050808,1366.592,0.721171354994726,549.8000433195359
964,505.136,0.721803761080263,0.237530332535004,1010.272,2019_yk_138,Yukon,2019,0.721687066349364,0.246894524653951,1.3313071394763e-4,726.273139980126,868.351039050808,1366.592,0.721171354994726,549.8000433195359
965,505.66,0.721814488098855,0.24301481567394,1011.32,2019_yk_138,Yukon,2019,0.72172045310071,0.24692869985372,3.41751997691153e-5,726.273139980126,868.351039050808,1366.592,0.721171354994726,549.8000433195359
966,506.184,0.721680522449655,0.239058567561525,1012.368,2019_yk_138,Yukon,2019,0.72168036081947,0.246966359587395,3.76597336751161e-5,726.273139980126,868.351039050808,1366.592,0.721171354994726,549.8000433195359
967,506.708,0.724635588090674,0.238960585097239,1013.416,2019_yk_138,Yukon,2019,0.721688126786511,0.247017605036825,5.12454494296932e-5,726.273139980126,868.351039050808,1366.592,0.721171354994726,549.8000433195359
968,507.232,0.720356059922862,0.238195874619699,1014.464,2019_yk_138,Yukon,2019,0.721608823321101,0.247115063429775,9.74583929495842e-5,726.273139980126,868.351039050808,1366.592,0.721171354994726,549.8000433195359
969,507.756,0.723007231212562,0.243091063614547,1015.512,2019_yk_138,Yukon,2019,0.721546924309668,0.247198306689611,8.32432598360799e-5,726.273139980126,868.351039050808,1366.592,0.721171354994726,549.8000433195359
970,508.28,0.725547641647428,0.243287361136997,1016.56,2019_yk_138,Yukon,2019,0.721478407187095,0.247121319412078,-7.69872775324698e-5,726.273139980126,868.351039050808,1366.592,0.721171354994726,549.8000433195359
971,508.804,0.723463256162209,0.245148190236292,1017.608,2019_yk_138,Yukon,2019,0.721509629417234,0.247191369494173,7.00500820942918e-5,726.273139980126,868.351039050808,1366.592,0.721171354994726,549.8000433195359
972,509.328,0.721235604646111,0.249064326575648,1018.656,2019_yk_138,Yukon,2019,0.721559723236557,0.247177051798976,-1.43176951967194e-5,726.273139980126,868.351039050808,1366.592,0.721171354994726,549.8000433195359
973,509.852,0.71834047725395,0.243300378025617,1019.704,2019_yk_138,Yukon,2019,0.721612569527609,0.247139532405454,-3.75193935220342e-5,726.273139980126,868.351039050808,1366.592,0.721171354994726,549.8000433195359
974,510.376,0.720289704426215,0.245922254964949,1020.752,2019_yk_138,Yukon,2019,0.721560192925662,0.247134370517116,-5.16188833815656e-6,726.273139980126,868.351039050808,1366.592,0.721171354994726,549.8000433195359
975,510.9,0.720100786780619,0.246523936228047,1021.8,2019_yk_138,Yukon,2019,0.721546985339065,0.247198500606646,6.41300895306007e-5,726.273139980126,868.351039050808,1366.592,0.721171354994726,549.8000433195359
976,511.424,0.721642149736277,0.249881937342942,1022.848,2019_yk_138,Yukon,2019,0.721548005053133,0.247254950244601,5.64496379545087e-5,726.273139980126,868.351039050808,1366.592,0.721171354994726,549.8000433195359
977,511.948,0.722751731260182,0.251635464806414,1023.896,2019_yk_138,Yukon,2019,0.721588720032497,0.247251107317252,-3.84292734867397e-6,726.273139980126,868.351039050808,1366.592,0.721171354994726,549.8000433195359
978,512.472,0.718564083407768,0.249844323741901,1024.944,2019_yk_138,Yukon,2019,0.72160426552446,0.247282742122797,3.16348055452165e-5,726.273139980126,868.351039050808,1366.592,0.721171354994726,549.8000433195359
979,512.996,0.723220845036945,0.249390392592149,1025.992,2019_yk_138,Yukon,2019,0.721571989388377,0.247371063011171,8.83208883736553e-5,726.273139980126,868.351039050808,1366.592,0.721171354994726,549.8000433195359
980,513.52,0.721481162205105,0.248355733992404,1027.04,2019_yk_138,Yukon,2019,0.721488548940227,0.247587087738846,2.1602472767512e-4,726.273139980126,868.351039050808,1366.592,0.721171354994726,549.8000433195359
981,514.044,0.71602514034732,0.253411177970756,1028.088,2019_yk_138,Yukon,2019,0.721420770657189,0.247857799373342,2.7071163449582e-4,726.273139980126,868.351039050808,1366.592,0.721171354994726,549.8000433195359
982,514.568,0.718167141420147,0.24943892403036,1029.136,2019_yk_138,Yukon,2019,0.721362151106038,0.248117823070024,2.6002369668248e-4,726.273139980126,868.351039050808,1366.592,0.721171354994726,549.8000433195359
983,515.092,0.723765925752797,0.251614393110256,1030.184,2019_yk_138,Yukon,2019,0.721371691992871,0.248443302670654,3.2547960063e-4,726.273139980126,868.351039050808,1366.592,0.721171354994726,549.8000433195359
984,515.616,0.72243413351927,0.252345198928426,1031.232,2019_yk_138,Yukon,2019,0.721125562675135,0.248790052830976,3.467501603217e-4,726.273139980126,868.351039050808,1366.592,0.721171354994726,549.8000433195359
985,516.14,0.719593124130189,0.251891024015366,1032.28,2019_yk_138,Yukon,2019,0.721026465786119,0.249136801706907,3.4674887593122e-4,726.273139980126,868.351039050808,1366.592,0.721171354994726,549.8000433195359
986,516.664,0.714598296864698,0.249574129849815,1033.328,2019_yk_138,Yukon,2019,0.720988890752896,0.249401819934819,2.6501822791186e-4,726.273139980126,868.351039050808,1366.592,0.721171354994726,549.8000433195359
987,517.188,0.72145611124206,0.25176270359698,1034.376,2019_yk_138,Yukon,2019,0.72108411757497,0.249749539113529,3.4771917870984e-4,726.273139980126,868.351039050808,1366.592,0.721171354994726,549.8000433195359
988,517.712,0.724521087020098,0.251827528915134,1035.424,2019_yk_138,Yukon,2019,0.721079127362274,0.250299440741018,5.4990162748863e-4,726.273139980126,868.351039050808,1366.592,0.721171354994726,549.8000433195359
989,518.236,0.720028837887543,0.252404719625112,1036.472,2019_yk_138,Yukon,2019,0.721164938736682,0.250846167998653,5.4672725763504e-4,726.273139980126,868.351039050808,1366.592,0.721171354994726,549.8000433195359
990,518.76,0.721220492352856,0.252016957717489,1037.52,2019_yk_138,Yukon,2019,0.721214997493764,0.251355080638689,5.089126400361e-4,726.273139980126,868.351039050808,1366.592,0.721171354994726,549.8000433195359
991,519.284,0.720912956665293,0.250920848811223,1038.568,2019_yk_138,Yukon,2019,0.721234060902696,0.251891687884691,5.3660724600174e-4,726.273139980126,868.351039050808,1366.592,0.721171354994726,549.8000433195359
992,519.808,0.719768888730697,0.24937279379939,1039.616,2019_yk_138,Yukon,2019,0.72118507119924,0.252432469079237,5.4078119454609e-4,726.273139980126,868.351039050808,1366.592,0.721171354994726,549.8000433195359
993,520.332,0.722525586901498,0.252186670435271,1040.664,2019_yk_138,Yukon,2019,0.721174222141841,0.252972847864159,5.4037878492263e-4,726.273139980126,868.351039050808,1366.592,0.721171354994726,549.8000433195359
994,520.856,0.721033906905024,0.256399523066245,1041.712,2019_yk_138,Yukon,2019,0.721148945856354,0.253590526616143,6.176787519837e-4,726.273139980126,868.351039050808,1366.592,0.721171354994726,549.8000433195359
995,521.38,0.723663380134568,0.253464610410415,1042.76,2019_yk_138,Yukon,2019,0.721089191685078,0.254134452441526,5.4392582538259e-4,726.273139980126,868.351039050808,1366.592,0.721171354994726,549.8000433195359
996,521.904,0.721133481856223,0.254133800159116,1043.808,2019_yk_138,Yukon,2019,0.721074758412746,0.254821566394556,6.871139530305e-4,726.273139980126,868.351039050808,1366.592,0.721171354994726,549.8000433195359
997,522.428,0.719987481604186,0.251520775556762,1044.856,2019_yk_138,Yukon,2019,0.720998751124956,0.255447481273685,6.2591487912899e-4,726.273139980126,868.351039050808,1366.592,0.721171354994726,549.8000433195359
998,522.952,0.717721533384884,0.254334848882847,1045.904,2019_yk_138,Yukon,2019,0.721025472512543,0.2560888589678,6.413776941152e-4,726.273139980126,868.351039050808,1366.592,0.721171354994726,549.8000433195359
999,523.476,0.716632745789528,0.251665072542917,1046.952,2019_yk_138,Yukon,2019,0.720976336162986,0.256696506422308,6.0764745450731e-4,726.273139980126,868.351039050808,1366.592,0.721171354994726,549.8000433195359
1000,524,0.719804547503586,0.250286430114189,1048,2019_yk_138,Yukon,2019,0.72092705175194,0.257367694145995,6.7118772368768e-4,726.273139980126,868.351039050808,1366.592,0.721171354994726,549.8000433195359
1001,524.524,0.723363705950766,0.24973895903634,1049.048,2019_yk_138,Yukon,2019,0.720894708015956,0.257964119571622,5.9642542562687e-4,726.273139980126,868.351039050808,1366.592,0.721171354994726,549.8000433195359
1002,525.048,0.722095785279608,0.25009830678563,1050.096,2019_yk_138,Yukon,2019,0.720916986478328,0.258490501542426,5.2638197080373e-4,726.273139980126,868.351039050808,1366.592,0.721171354994726,549.8000433195359
1003,525.572,0.724378280458623,0.24725522794785,1051.144,2019_yk_138,Yukon,2019,0.720960091958494,0.259091769342312,6.0126779988573e-4,726.273139980126,868.351039050808,1366.592,0.721171354994726,549.8000433195359
1004,526.096,0.721094955746826,0.248749548403957,1052.192,2019_yk_138,Yukon,2019,0.720959957661606,0.259674838277262,5.8306893495024e-4,726.273139980126,868.351039050808,1366.592,0.721171354994726,549.8000433195359
1005,526.62,0.723020408694473,0.254077128041736,1053.24,2019_yk_138,Yukon,2019,0.720954697156738,0.260186294996814,5.1145671955238e-4,726.273139980126,868.351039050808,1366.592,0.721171354994726,549.8000433195359
1006,527.144,0.720875518544507,0.252758172200134,1054.288,2019_yk_138,Yukon,2019,0.720979795367625,0.26061850234447,4.3220734765608e-4,726.273139980126,868.351039050808,1366.592,0.721171354994726,549.8000433195359
1007,527.668,0.726972337332851,0.252095940312702,1055.336,2019_yk_138,Yukon,2019,0.72090179142082,0.261093374232317,4.7487188784628e-4,726.273139980126,868.351039050808,1366.592,0.721171354994726,549.8000433195359
1008,528.192,0.723870906976796,0.255195463695638,1056.384,2019_yk_138,Yukon,2019,0.720935534803172,0.261629479395227,5.3610516291025e-4,726.273139980126,868.351039050808,1366.592,0.721171354994726,549.8000433195359
1009,528.716,0.720035821486031,0.253524190583552,1057.432,2019_yk_138,Yukon,2019,0.720852475682889,0.262136930456396,5.0745106116872e-4,726.273139980126,868.351039050808,1366.592,0.721171354994726,549.8000433195359
1010,529.24,0.719778737303395,0.254275492983457,1058.48,2019_yk_138,Yukon,2019,0.720854311570111,0.262734928561423,5.9799810502747e-4,726.273139980126,868.351039050808,1366.592,0.721171354994726,549.8000433195359
1011,529.764,0.719491685476828,0.256455146804771,1059.528,2019_yk_138,Yukon,2019,0.72099341382059,0.263307772567234,5.7284400581109e-4,726.273139980126,868.351039050808,1366.592,0.721171354994726,549.8000433195359
1012,530.288,0.716956113051932,0.256162885563348,1060.576,2019_yk_138,Yukon,2019,0.72099967372065,0.263778020103146,4.7024753591212e-4,726.273139980126,868.351039050808,1366.592,0.721171354994726,549.8000433195359
1013,530.812,0.722844302070164,0.259086220965899,1061.624,2019_yk_138,Yukon,2019,0.720917020441752,0.264204199200719,4.2617909757214e-4,726.273139980126,868.351039050808,1366.592,0.721171354994726,549.8000433195359
1014,531.336,0.71129048364239,0.260400115454565,1062.672,2019_yk_138,Yukon,2019,0.720942476418997,0.264557984533828,3.5378533310975e-4,726.273139980126,868.351039050808,1366.592,0.721171354994726,549.8000433195359
1015,531.86,0.715615529384439,0.264122843773487,1063.72,2019_yk_138,Yukon,2019,0.720946173384895,0.264876658691231,3.1867415740294e-4,726.273139980126,868.351039050808,1366.592,0.721171354994726,549.8000433195359
1016,532.384,0.719358555695481,0.259009421586304,1064.768,2019_yk_138,Yukon,2019,0.721104928234166,0.265366372254745,4.8971356351357e-4,726.273139980126,868.351039050808,1366.592,0.721171354994726,549.8000433195359
1017,532.908,0.72637958263614,0.266493338209729,1065.816,2019_yk_138,Yukon,2019,0.721049201081606,0.265750528162504,3.8415590775925e-4,726.273139980126,868.351039050808,1366.592,0.721171354994726,549.8000433195359
1018,533.432,0.721914815433051,0.273947437771181,1066.864,2019_yk_138,Yukon,2019,0.720960804236521,0.266069744830239,3.1921666773526e-4,726.273139980126,868.351039050808,1366.592,0.721171354994726,549.8000433195359
1019,533.956,0.724801702399311,0.273256534547323,1067.912,2019_yk_138,Yukon,2019,0.720900861145447,0.266397796039549,3.2805120930923e-4,726.273139980126,868.351039050808,1366.592,0.721171354994726,549.8000433195359
1020,534.48,0.726656015320146,0.273171067899688,1068.96,2019_yk_138,Yukon,2019,0.720940876689307,0.266822913866411,4.2511782686227e-4,726.273139980126,868.351039050808,1366.592,0.721171354994726,549.8000433195359
1021,535.004,0.721638838208572,0.269550699964642,1070.008,2019_yk_138,Yukon,2019,0.720931220793593,0.267175373047706,3.5245918129484e-4,726.273139980126,868.351039050808,1366.592,0.721171354994726,549.8000433195359
1022,535.528,0.720154505726443,0.273101513060873,1071.056,2019_yk_138,Yukon,2019,0.720913231586645,0.267571925576019,3.9655252831355e-4,726.273139980126,868.351039050808,1366.592,0.721171354994726,549.8000433195359
1023,536.052,0.722934848261495,0.273067545973325,1072.104,2019_yk_138,Yukon,2019,0.720863741896441,0.267822660684474,2.507351084548e-4,726.273139980126,868.351039050808,1366.592,0.721171354994726,549.8000433195359
1024,536.576,0.720287183951036,0.274591057654029,1073.152,2019_yk_138,Yukon,2019,0.720856029029541,0.267942882396361,1.2022171188691e-4,726.273139980126,868.351039050808,1366.592,0.721171354994726,549.8000433195359
1025,537.1,0.718229237822306,0.275650365196894,1074.2,2019_yk_138,Yukon,2019,0.720760591117564,0.268111746622102,1.6886422574108e-4,726.273139980126,868.351039050808,1366.592,0.721171354994726,549.8000433195359
1026,537.624,0.720814526109717,0.280285404743355,1075.248,2019_yk_138,Yukon,2019,0.72071694734167,0.268268881011153,1.5713438905123e-4,726.273139980126,868.351039050808,1366.592,0.721171354994726,549.8000433195359
1027,538.148,0.720075150823245,0.276515477844978,1076.296,2019_yk_138,Yukon,2019,0.720639385064267,0.268475561405207,2.0668039405402e-4,726.273139980126,868.351039050808,1366.592,0.721171354994726,549.8000433195359
1028,538.672,0.721959343178082,0.276678536266612,1077.344,2019_yk_138,Yukon,2019,0.720680718033995,0.268543109376732,6.75479715247507e-5,726.273139980126,868.351039050808,1366.592,0.721171354994726,549.8000433195359
1029,539.196,0.720059050239164,0.279549910884986,1078.392,2019_yk_138,Yukon,2019,0.720737175723364,0.268587868570638,4.47591939062297e-5,726.273139980126,868.351039050808,1366.592,0.721171354994726,549.8000433195359
1030,539.72,0.722590576984656,0.283558624558258,1079.44,2019_yk_138,Yukon,2019,0.720720022333569,0.268643091499661,5.52229290229356e-5,726.273139980126,868.351039050808,1366.592,0.721171354994726,549.8000433195359
1031,540.244,0.721522632003205,0.280933715773907,1080.488,2019_yk_138,Yukon,2019,0.720670801881211,0.268653194544701,1.01030450394557e-5,726.273139980126,868.351039050808,1366.592,0.721171354994726,549.8000433195359
1032,540.768,0.722572312388406,0.280647244823873,1081.536,2019_yk_138,Yukon,2019,0.720648722547568,0.268624333708429,-2.8860836271849e-5,726.273139980126,868.351039050808,1366.592,0.721171354994726,549.8000433195359
1033,541.292,0.720926806063885,0.279376446018762,1082.584,2019_yk_138,Yukon,2019,0.720576477675419,0.268633850712824,9.51700439488778e-6,726.273139980126,868.351039050808,1366.592,0.721171354994726,549.8000433195359
1034,541.816,0.720281646612965,0.280906391061961,1083.632,2019_yk_138,Yukon,2019,0.720566482402886,0.268669288249758,3.54375369341353e-5,726.273139980126,868.351039050808,1366.592,0.721171354994726,549.8000433195359
1035,542.34,0.719785156488556,0.277211339401193,1084.68,2019_yk_138,Yukon,2019,0.720605370903838,0.268568076154304,-1.0121209545382e-4,726.273139980126,868.351039050808,1366.592,0.721171354994726,549.8000433195359
1036,542.864,0.723148042389451,0.275814378202307,1085.728,2019_yk_138,Yukon,2019,0.720620506109267,0.268571823433519,3.74727921537144e-6,726.273139980126,868.351039050808,1366.592,0.721171354994726,549.8000433195359
1037,543.388,0.718071494451899,0.280127778077193,1086.776,2019_yk_138,Yukon,2019,0.720521329869658,0.268471454040652,-1.0036939286745e-4,726.273139980126,868.351039050808,1366.592,0.721171354994726,549.8000433195359
1038,543.912,0.720588686348917,0.282010633516516,1087.824,2019_yk_138,Yukon,2019,0.720422005659057,0.268378365214947,-9.30888257051343e-5,726.273139980126,868.351039050808,1366.592,0.721171354994726,549.8000433195359
1039,544.436,0.718237297819929,0.279837456262272,1088.872,2019_yk_138,Yukon,2019,0.72046215501291,0.268349189387538,-2.9175827408523e-5,726.273139980126,868.351039050808,1366.592,0.721171354994726,549.8000433195359
1040,544.96,0.721591315438456,0.284235620294054,1089.92,2019_yk_138,Yukon,2019,0.720454198259639,0.26826355844602,-8.56309415185885e-5,726.273139980126,868.351039050808,1366.592,0.721171354994726,549.8000433195359
1041,545.484,0.724371275376024,0.287781818319423,1090.968,2019_yk_138,Yukon,2019,0.720518929714675,0.268145754768297,-1.1780367772312e-4,726.273139980126,868.351039050808,1366.592,0.721171354994726,549.8000433195359
1042,546.008,0.718542735423749,0.277653776185086,1092.016,2019_yk_138,Yukon,2019,0.720570514175638,0.267976533295088,-1.6922147320819e-4,726.273139980126,868.351039050808,1366.592,0.721171354994726,549.8000433195359
1043,546.532,0.718806729018917,0.277185138964587,1093.064,2019_yk_138,Yukon,2019,0.720528138251794,0.267782180269074,-1.9435302601394e-4,726.273139980126,868.351039050808,1366.592,0.721171354994726,549.8000433195359
1044,547.056,0.723961492153977,0.273572318915011,1094.112,2019_yk_138,Yukon,2019,0.720653177669816,0.26764544519013,-1.3673507894401e-4,726.273139980126,868.351039050808,1366.592,0.721171354994726,549.8000433195359
1045,547.58,0.71981494208409,0.271011473459543,1095.16,2019_yk_138,Yukon,2019,0.720714296911078,0.267511406828328,-1.3403836180214e-4,726.273139980126,868.351039050808,1366.592,0.721171354994726,549.8000433195359
1046,548.104,0.724123587820928,0.278956943660629,1096.208,2019_yk_138,Yukon,2019,0.720676240846547,0.267505997942452,-5.40888587652333e-6,726.273139980126,868.351039050808,1366.592,0.721171354994726,549.8000433195359
1047,548.628,0.718112482088472,0.274812058062536,1097.256,2019_yk_138,Yukon,2019,0.720569148087703,0.267385913626315,-1.2008431613685e-4,726.273139980126,868.351039050808,1366.592,0.721171354994726,549.8000433195359
1048,549.152,0.719217276315022,0.270980528979249,1098.304,2019_yk_138,Yukon,2019,0.720559739170563,0.267130494554801,-2.554190715141e-4,726.273139980126,868.351039050808,1366.592,0.721171354994726,549.8000433195359
1049,549.676,0.716432252423128,0.272087792183666,1099.352,2019_yk_138,Yukon,2019,0.720496304081413,0.266811171925887,-3.1932262891393e-4,726.273139980126,868.351039050808,1366.592,0.721171354994726,549.8000433195359
1050,550.2,0.723621424984451,0.27752402732923,1100.4,2019_yk_138,Yukon,2019,0.720418206141683,0.266587912618893,-2.2325930699335e-4,726.273139980126,868.351039050808,1366.592,0.721171354994726,549.8000433195359
1051,550.724,0.720333602922412,0.272068399688911,1101.448,2019_yk_138,Yukon,2019,0.720422123740179,0.266554087819073,-3.38247998201147e-5,726.273139980126,868.351039050808,1366.592,0.721171354994726,549.8000433195359
1052,551.248,0.718689536313822,0.2731659454982,1102.496,2019_yk_138,Yukon,2019,0.7203221909546,0.266315246419229,-2.3884139984481e-4,726.273139980126,868.351039050808,1366.592,0.721171354994726,549.8000433195359
1053,551.772,0.719556205489251,0.267230776942561,1103.544,2019_yk_138,Yukon,2019,0.720306519684462,0.26604764179062,-2.6760462860842e-4,726.273139980126,868.351039050808,1366.592,0.721171354994726,549.8000433195359
1054,552.296,0.72057113489105,0.26361282577946,1104.592,2019_yk_138,Yukon,2019,0.72028361201435,0.265806795283405,-2.4084650721517e-4,726.273139980126,868.351039050808,1366.592,0.721171354994726,549.8000433195359
1055,552.82,0.717937105415932,0.26359646395488,1105.64,2019_yk_138,Yukon,2019,0.720376933712735,0.265512164044278,-2.9463123912726e-4,726.273139980126,868.351039050808,1366.592,0.721171354994726,549.8000433195359
1056,553.344,0.718514855302557,0.263561863502193,1106.688,2019_yk_138,Yukon,2019,0.72033144525837,0.265123905024978,-3.8825901929934e-4,726.273139980126,868.351039050808,1366.592,0.721171354994726,549.8000433195359
1057,553.868,0.715333744960039,0.263921599200004,1107.736,2019_yk_138,Yukon,2019,0.720291085842423,0.264864690581116,-2.5921444386195e-4,726.273139980126,868.351039050808,1366.592,0.721171354994726,549.8000433195359
1058,554.392,0.720201511568565,0.258387727174333,1108.784,2019_yk_138,Yukon,2019,0.720163516401935,0.264637409039794,-2.2728154132239e-4,726.273139980126,868.351039050808,1366.592,0.721171354994726,549.8000433195359
1059,554.916,0.720020207151649,0.254350624177288,1109.832,2019_yk_138,Yukon,2019,0.720132341363483,0.264513731719911,-1.236773198826e-4,726.273139980126,868.351039050808,1366.592,0.721171354994726,549.8000433195359
1060,555.44,0.718775344115868,0.253599805855567,1110.88,2019_yk_138,Yukon,2019,0.720086993550734,0.26450466485027,-9.06686964158299e-6,726.273139980126,868.351039050808,1366.592,0.721171354994726,549.8000433195359
1061,555.964,0.720410478809329,0.250345141738708,1111.928,2019_yk_138,Yukon,2019,0.720063876896181,0.264553688546684,4.90236964146851e-5,726.273139980126,868.351039050808,1366.592,0.721171354994726,549.8000433195359
1062,556.488,0.720771025260987,0.248366656609321,1112.976,2019_yk_138,Yukon,2019,0.719976851466204,0.264610334813429,5.66462667440648e-5,726.273139980126,868.351039050808,1366.592,0.721171354994726,549.8000433195359
1063,557.012,0.720043588129694,0.247826248211543,1114.024,2019_yk_138,Yukon,2019,0.719869686028943,0.264783452635528,1.7311782209922e-4,726.273139980126,868.351039050808,1366.592,0.721171354994726,549.8000433195359
1064,557.536,0.720495239394852,0.25087580062001,1115.072,2019_yk_138,Yukon,2019,0.71984255343577,0.264810451217369,2.69985818411311e-5,726.273139980126,868.351039050808,1366.592,0.721171354994726,549.8000433195359
1065,558.06,0.725353718751582,0.248004402314504,1116.12,2019_yk_138,Yukon,2019,0.719838321765823,0.264824489499899,1.40382825297158e-5,726.273139980126,868.351039050808,1366.592,0.721171354994726,549.8000433195359
1066,558.584,0.721783630870285,0.252983008953057,1117.168,2019_yk_138,Yukon,2019,0.719759239727315,0.264815503543749,-8.98595614962083e-6,726.273139980126,868.351039050808,1366.592,0.721171354994726,549.8000433195359
1067,559.108,0.721021762956292,0.246073776740655,1118.216,2019_yk_138,Yukon,2019,0.719755512052182,0.26469423900455,-1.2126453919897e-4,726.273139980126,868.351039050808,1366.592,0.721171354994726,549.8000433195359
1068,559.632,0.717911454340696,0.249610134153332,1119.264,2019_yk_138,Yukon,2019,0.71978576996403,0.26446450825945,-2.2973074510013e-4,726.273139980126,868.351039050808,1366.592,0.721171354994726,549.8000433195359
1069,560.156,0.72244478271722,0.251773640939039,1120.312,2019_yk_138,Yukon,2019,0.719766218818141,0.26421572495735,-2.4878330209987e-4,726.273139980126,868.351039050808,1366.592,0.721171354994726,549.8000433195359
1070,560.68,0.719301332107122,0.249137636492343,1121.36,2019_yk_138,Yukon,2019,0.719742005415695,0.263773570270577,-4.4215468677305e-4,726.273139980126,868.351039050808,1366.592,0.721171354994726,549.8000433195359
1071,561.204,0.72337557277903,0.249386926141383,1122.408,2019_yk_138,Yukon,2019,0.719597342183488,0.263228256228766,-5.4531404181079e-4,726.273139980126,868.351039050808,1366.592,0.721171354994726,549.8000433195359
1072,561.728,0.720051180709707,0.246009597170858,1123.456,2019_yk_138,Yukon,2019,0.719604311381448,0.262751254477775,-4.7700175099096e-4,726.273139980126,868.351039050808,1366.592,0.721171354994726,549.8000433195359
1073,562.252,0.720301746639511,0.247425039405061,1124.504,2019_yk_138,Yukon,2019,0.719659352018136,0.262313152009743,-4.3810246803227e-4,726.273139980126,868.351039050808,1366.592,0.721171354994726,549.8000433195359
1074,562.776,0.718792848723733,0.252196010717928,1125.552,2019_yk_138,Yukon,2019,0.719623049816781,0.262069121476603,-2.4403053314009e-4,726.273139980126,868.351039050808,1366.592,0.721171354994726,549.8000433195359
1075,563.3,0.719282683860129,0.256080542065356,1126.6,2019_yk_138,Yukon,2019,0.719637282672337,0.261805503505317,-2.6361797128615e-4,726.273139980126,868.351039050808,1366.592,0.721171354994726,549.8000433195359
1076,563.824,0.717075191823621,0.258684888433712,1127.648,2019_yk_138,Yukon,2019,0.719534214130923,0.261392319110732,-4.1318439458498e-4,726.273139980126,868.351039050808,1366.592,0.721171354994726,549.8000433195359
1077,564.348,0.719954017105495,0.259288279241518,1128.696,2019_yk_138,Yukon,2019,0.719544157538244,0.261113672653815,-2.7864645691694e-4,726.273139980126,868.351039050808,1366.592,0.721171354994726,549.8000433195359
1078,564.872,0.721350280404649,0.258622293480335,1129.744,2019_yk_138,Yukon,2019,0.719484984617482,0.260866809962043,-2.4686269177187e-4,726.273139980126,868.351039050808,1366.592,0.721171354994726,549.8000433195359
1079,565.396,0.720995597050341,0.254097176812488,1130.792,2019_yk_138,Yukon,2019,0.719582762345967,0.260604215699979,-2.6259426206348e-4,726.273139980126,868.351039050808,1366.592,0.721171354994726,549.8000433195359
1080,565.92,0.721970138936355,0.259775509480085,1131.84,2019_yk_138,Yukon,2019,0.719527194881183,0.260355895861641,-2.48319838338e-4,726.273139980126,868.351039050808,1366.592,0.721171354994726,549.8000433195359
1081,566.444,0.721873894118307,0.267521211975437,1132.888,2019_yk_138,Yukon,2019,0.719466603605623,0.260274933021404,-8.09628402374529e-5,726.273139980126,868.351039050808,1366.592,0.721171354994726,549.8000433195359
1082,566.968,0.714158538591712,0.258771029070183,1133.936,2019_yk_138,Yukon,2019,0.719474136973728,0.260189154533436,-8.57784879682022e-5,726.273139980126,868.351039050808,1366.592,0.721171354994726,549.8000433195359
1083,567.492,0.721994572053194,0.25701126825682,1134.984,2019_yk_138,Yukon,2019,0.71940705639085,0.260283338640274,9.41841068382576e-5,726.273139980126,868.351039050808,1366.592,0.721171354994726,549.8000433195359
1084,568.016,0.718912723744348,0.260140267221117,1136.032,2019_yk_138,Yukon,2019,0.719367944149001,0.260303296510821,1.99578705474268e-5,726.273139980126,868.351039050808,1366.592,0.721171354994726,549.8000433195359
1085,568.54,0.723828539725386,0.257972490849258,1137.08,2019_yk_138,Yukon,2019,0.719367756253918,0.260310723333216,7.4268223944074e-6,726.273139980126,868.351039050808,1366.592,0.721171354994726,549.8000433195359
1086,569.064,0.718085218847812,0.256989863585395,1138.128,2019_yk_138,Yukon,2019,0.719397257437429,0.260232334175719,-7.83891574972495e-5,726.273139980126,868.351039050808,1366.592,0.721171354994726,549.8000433195359
1087,569.588,0.717653585866447,0.260962611213263,1139.176,2019_yk_138,Yukon,2019,0.719476088003184,0.260180444608217,-5.1889567501906e-5,726.273139980126,868.351039050808,1366.592,0.721171354994726,549.8000433195359
1088,570.112,0.71430517674879,0.263041643787266,1140.224,2019_yk_138,Yukon,2019,0.719484918373098,0.260248731708808,6.82871005915353e-5,726.273139980126,868.351039050808,1366.592,0.721171354994726,549.8000433195359
1089,570.636,0.718188547932019,0.27212927169203,1141.272,2019_yk_138,Yukon,2019,0.719440997285831,0.260456390777753,2.0765906894432e-4,726.273139980126,868.351039050808,1366.592,0.721171354994726,549.8000433195359
1090,571.16,0.719869708219756,0.283014612379762,1142.32,2019_yk_138,Yukon,2019,0.719349218629979,0.260708587021777,2.5219624402472e-4,726.273139980126,868.351039050808,1366.592,0.721171354994726,549.8000433195359
1091,571.684,0.720135632730012,0.283875137558788,1143.368,2019_yk_138,Yukon,2019,0.719270043799705,0.261080245664339,3.7165864256222e-4,726.273139980126,868.351039050808,1366.592,0.721171354994726,549.8000433195359
1092,572.208,0.717350786589786,0.284046020828518,1144.416,2019_yk_138,Yukon,2019,0.719191764587257,0.261353876737116,2.7363107277633e-4,726.273139980126,868.351039050808,1366.592,0.721171354994726,549.8000433195359
1093,572.732,0.714496879828234,0.289763515344717,1145.464,2019_yk_138,Yukon,2019,0.719183198610401,0.261509993007581,1.5611627046485e-4,726.273139980126,868.351039050808,1366.592,0.721171354994726,549.8000433195359
1094,573.256,0.718653691022552,0.28252630597243,1146.512,2019_yk_138,Yukon,2019,0.719122046661328,0.261521533833037,1.15408254561244e-5,726.273139980126,868.351039050808,1366.592,0.721171354994726,549.8000433195359
1095,573.78,0.719531256291743,0.278053636352973,1147.56,2019_yk_138,Yukon,2019,0.719029171361152,0.261513430579744,-8.10325329270167e-6,726.273139980126,868.351039050808,1366.592,0.721171354994726,549.8000433195359
1096,574.304,0.718403120078995,0.275275220833329,1148.608,2019_yk_138,Yukon,2019,0.718975427913862,0.261387347772006,-1.260828077379e-4,726.273139980126,868.351039050808,1366.592,0.721171354994726,549.8000433195359
1097,574.828,0.717847833943895,0.272851905725255,1149.656,2019_yk_138,Yukon,2019,0.718966395881965,0.261374972772799,-1.23749992067546e-5,726.273139980126,868.351039050808,1366.592,0.721171354994726,549.8000433195359
1098,575.352,0.722404161059845,0.268226788810509,1150.704,2019_yk_138,Yukon,2019,0.719020634852331,0.261295764789651,-7.92079831488657e-5,726.273139980126,868.351039050808,1366.592,0.721171354994726,549.8000433195359
1099,575.876,0.717064229066538,0.26491045813628,1151.752,2019_yk_138,Yukon,2019,0.718945196950477,0.261164911498471,-1.3085329117978e-4,726.273139980126,868.351039050808,1366.592,0.721171354994726,549.8000433195359
1100,576.4,0.720138511291696,0.257706339087671,1152.8,2019_yk_138,Yukon,2019,0.718985154858539,0.261064932108456,-9.99793900148815e-5,726.273139980126,868.351039050808,1366.592,0.721171354994726,549.8000433195359
1101,576.924,0.71569148144362,0.25506297581077497,1153.848,2019_yk_138,Yukon,2019,0.71886161218587,0.260923115468328,-1.4181664012769e-4,726.273139980126,868.351039050808,1366.592,0.721171354994726,549.8000433195359
1102,577.448,0.718960887301324,0.249033671125629,1154.896,2019_yk_138,Yukon,2019,0.718853023323023,0.260853233804827,-6.98816635016364e-5,726.273139980126,868.351039050808,1366.592,0.721171354994726,549.8000433195359
1103,577.972,0.722109167220215,0.25089899088265,1155.944,2019_yk_138,Yukon,2019,0.718829306032647,0.260658799768887,-1.9443403594005e-4,726.273139980126,868.351039050808,1366.592,0.721171354994726,549.8000433195359
1104,578.496,0.721783360072702,0.258930486926605,1156.992,2019_yk_138,Yukon,2019,0.718795564926346,0.260363367781795,-2.9543198709164e-4,726.273139980126,868.351039050808,1366.592,0.721171354994726,549.8000433195359
1105,579.02,0.720668913417412,0.255194395182375,1158.04,2019_yk_138,Yukon,2019,0.718803417745774,0.260021392625014,-3.4197515678074e-4,726.273139980126,868.351039050808,1366.592,0.721171354994726,549.8000433195359
1106,579.544,0.717939475336129,0.254165879985529,1159.088,2019_yk_138,Yukon,2019,0.718772077154277,0.259625306619668,-3.9608600534579e-4,726.273139980126,868.351039050808,1366.592,0.721171354994726,549.8000433195359
1107,580.068,0.718709086527705,0.258093270647519,1160.136,2019_yk_138,Yukon,2019,0.718700576515127,0.259201822682087,-4.2348393758107e-4,726.273139980126,868.351039050808,1366.592,0.721171354994726,549.8000433195359
1108,580.592,0.715666901069331,0.256168767472937,1161.184,2019_yk_138,Yukon,2019,0.71868946049755,0.258778132066321,-4.2369061576635e-4,726.273139980126,868.351039050808,1366.592,0.721171354994726,549.8000433195359
1109,581.116,0.72229891613222,0.256332136459856,1162.232,2019_yk_138,Yukon,2019,0.718653961200615,0.258409523208253,-3.6860885806749e-4,726.273139980126,868.351039050808,1366.592,0.721171354994726,549.8000433195359
1110,581.64,0.720287377097386,0.262624837028952,1163.28,2019_yk_138,Yukon,2019,0.718646803887424,0.257983497329888,-4.2602587836515e-4,726.273139980126,868.351039050808,1366.592,0.721171354994726,549.8000433195359
1111,582.164,0.716698126388811,0.267210629274664,1164.328,2019_yk_138,Yukon,2019,0.718579615551313,0.257478744109405,-5.0475322048348e-4,726.273139980126,868.351039050808,1366.592,0.721171354994726,549.8000433195359
1112,582.688,0.719141538400106,0.268019236220108,1165.376,2019_yk_138,Yukon,2019,0.71870548585899,0.257208413788868,-2.7033032053652e-4,726.273139980126,868.351039050808,1366.592,0.721171354994726,549.8000433195359
1113,583.212,0.715531370516613,0.272881823352854,1166.424,2019_yk_138,Yukon,2019,0.718563199205937,0.25696997918105,-2.3843460781813e-4,726.273139980126,868.351039050808,1366.592,0.721171354994726,549.8000433195359
1114,583.736,0.718224400380068,0.264810298012307,1167.472,2019_yk_138,Yukon,2019,0.718578265038144,0.256685228960731,-2.8475022031948e-4,726.273139980126,868.351039050808,1366.592,0.721171354994726,549.8000433195359
1115,584.26,0.717925831711007,0.264042073298544,1168.52,2019_yk_138,Yukon,2019,0.718504152188206,0.256470767746956,-2.1446121377433e-4,726.273139980126,868.351039050808,1366.592,0.721171354994726,549.8000433195359
1116,584.784,0.720284926313159,0.25885851405236,1169.568,2019_yk_138,Yukon,2019,0.718481292778541,0.256341150311666,-1.2961743528977e-4,726.273139980126,868.351039050808,1366.592,0.721171354994726,549.8000433195359
1117,585.308,0.72006357890538,0.260808225149888,1170.616,2019_yk_138,Yukon,2019,0.718556977441691,0.256164913071654,-1.7623724001236e-4,726.273139980126,868.351039050808,1366.592,0.721171354994726,549.8000433195359
1118,585.832,0.720731333763393,0.262484953209826,1171.664,2019_yk_138,Yukon,2019,0.718576616121588,0.255944851034412,-2.2006203724256e-4,726.273139980126,868.351039050808,1366.592,0.721171354994726,549.8000433195359
1119,586.356,0.717384941915617,0.266810168313946,1172.712,2019_yk_138,Yukon,2019,0.718552533020476,0.25550789878108,-4.3695225333134e-4,726.273139980126,868.351039050808,1366.592,0.721171354994726,549.8000433195359
1120,586.88,0.713268624764767,0.268731580497051,1173.76,2019_yk_138,Yukon,2019,0.71862353579613,0.254932266707137,-5.7563207394317e-4,726.273139980126,868.351039050808,1366.592,0.721171354994726,549.8000433195359
1121,587.404,0.715659988992913,0.272644660292439,1174.808,2019_yk_138,Yukon,2019,0.718571679882057,0.254395152215422,-5.3711449171489e-4,726.273139980126,868.351039050808,1366.592,0.721171354994726,549.8000433195359
1122,587.928,0.716074272514052,0.264784520975901,1175.856,2019_yk_138,Yukon,2019,0.718591665590366,0.253787127329424,-6.0802488599776e-4,726.273139980126,868.351039050808,1366.592,0.721171354994726,549.8000433195359
1123,588.452,0.719529629518338,0.257193224439434,1176.904,2019_yk_138,Yukon,2019,0.718674248982933,0.253080093094747,-7.070342346771e-4,726.273139980126,868.351039050808,1366.592,0.721171354994726,549.8000433195359
1124,588.976,0.716826122450506,0.251568250147378,1177.952,2019_yk_138,Yukon,2019,0.718678801605114,0.252535264458005,-5.448286367421e-4,726.273139980126,868.351039050808,1366.592,0.721171354994726,549.8000433195359
1125,589.5,0.719781200741019,0.247518207116944,1179,2019_yk_138,Yukon,2019,0.718650926183834,0.252103201015829,-4.3206344217638e-4,726.273139980126,868.351039050808,1366.592,0.721171354994726,549.8000433195359
1126,590.024,0.718559024032883,0.24541804048878,1180.048,2019_yk_138,Yukon,2019,0.718608391460288,0.251684750928504,-4.1845008732482e-4,726.273139980126,868.351039050808,1366.592,0.721171354994726,549.8000433195359
1127,590.548,0.720479841042447,0.24533127678825,1181.096,2019_yk_138,Yukon,2019,0.718575743728903,0.251332748491422,-3.5200243708205e-4,726.273139980126,868.351039050808,1366.592,0.721171354994726,549.8000433195359
1128,591.072,0.721165792562678,0.244857655164401,1182.144,2019_yk_138,Yukon,2019,0.718430068775124,0.251152937162474,-1.7981132894795e-4,726.273139980126,868.351039050808,1366.592,0.721171354994726,549.8000433195359
1129,591.596,0.717918508605943,0.243922443468253,1183.192,2019_yk_138,Yukon,2019,0.718441766243229,0.251069706718813,-8.32304436608755e-5,726.273139980126,868.351039050808,1366.592,0.721171354994726,549.8000433195359
1130,592.12,0.721698806590872,0.243138873091448,1184.24,2019_yk_138,Yukon,2019,0.718446470362027,0.251094676194482,2.49694756687124e-5,726.273139980126,868.351039050808,1366.592,0.721171354994726,549.8000433195359
1131,592.644,0.715963012418902,0.240877927733724,1185.288,2019_yk_138,Yukon,2019,0.718455420891486,0.251234196592834,1.3952039835224e-4,726.273139980126,868.351039050808,1366.592,0.721171354994726,549.8000433195359
1132,593.168,0.719535848938855,0.24181669736076,1186.336,2019_yk_138,Yukon,2019,0.718401468616123,0.251444077045116,2.0988045228231e-4,726.273139980126,868.351039050808,1366.592,0.721171354994726,549.8000433195359
1133,593.692,0.718878709216942,0.235758997248657,1187.384,2019_yk_138,Yukon,2019,0.718273028979159,0.251635573191656,1.9149614653929e-4,726.273139980126,868.351039050808,1366.592,0.721171354994726,549.8000433195359
1134,594.216,0.716768382345723,0.23447009149243,1188.432,2019_yk_138,Yukon,2019,0.718173155732003,0.251762193441496,1.2662024984083e-4,726.273139980126,868.351039050808,1366.592,0.721171354994726,549.8000433195359
1135,594.74,0.719753853025774,0.235562032658512,1189.48,2019_yk_138,Yukon,2019,0.718096965941087,0.252038574903722,2.7638146222552e-4,726.273139980126,868.351039050808,1366.592,0.721171354994726,549.8000433195359
1136,595.264,0.715194756333838,0.234919728112964,1190.528,2019_yk_138,Yukon,2019,0.718021388320787,0.252311205664285,2.7263076056327e-4,726.273139980126,868.351039050808,1366.592,0.721171354994726,549.8000433195359
1137,595.788,0.715663978756473,0.233879242986655,1191.576,2019_yk_138,Yukon,2019,0.71801425112822,0.252597423194169,2.8621752988367e-4,726.273139980126,868.351039050808,1366.592,0.721171354994726,549.8000433195359
1138,596.312,0.720683319349999,0.233200856534353,1192.624,2019_yk_138,Yukon,2019,0.718021813659358,0.252993378949151,3.9595575498163e-4,726.273139980126,868.351039050808,1366.592,0.721171354994726,549.8000433195359
1139,596.836,0.718865639234276,0.231980645328436,1193.672,2019_yk_138,Yukon,2019,0.717915918310945,0.253461877488464,4.6849853931368e-4,726.273139980126,868.351039050808,1366.592,0.721171354994726,549.8000433195359
1140,597.36,0.721540700144867,0.234213956778177,1194.72,2019_yk_138,Yukon,2019,0.71781411605947,0.253808653444526,3.4677595606214e-4,726.273139980126,868.351039050808,1366.592,0.721171354994726,549.8000433195359
1141,597.884,0.717842593951639,0.237236018746429,1195.768,2019_yk_138,Yukon,2019,0.717840865508523,0.254213308969753,4.0465552522644e-4,726.273139980126,868.351039050808,1366.592,0.721171354994726,549.8000433195359
1142,598.408,0.721710757052339,0.242551209837992,1196.816,2019_yk_138,Yukon,2019,0.717762121415115,0.254641768101686,4.2845913193362e-4,726.273139980126,868.351039050808,1366.592,0.721171354994726,549.8000433195359
1143,598.932,0.71345737287001,0.242705191787731,1197.864,2019_yk_138,Yukon,2019,0.717734130784323,0.25520196167826,5.6019357657316e-4,726.273139980126,868.351039050808,1366.592,0.721171354994726,549.8000433195359
1144,599.456,0.719816673676757,0.243055254001946,1198.912,2019_yk_138,Yukon,2019,0.717662264003108,0.255841493265079,6.3953158681917e-4,726.273139980126,868.351039050808,1366.592,0.721171354994726,549.8000433195359
1145,599.98,0.719381768729104,0.245104818022798,1199.96,2019_yk_138,Yukon,2019,0.717596432054212,0.256452539604156,0.00061104633907760005,726.273139980126,868.351039050808,1366.592,0.721171354994726,549.8000433195359
1146,600.504,0.716713654267957,0.24921281746801,1201.008,2019_yk_138,Yukon,2019,0.717538797055346,0.257201954513867,7.494149097107e-4,726.273139980126,868.351039050808,1366.592,0.721171354994726,549.8000433195359
1147,601.028,0.722194665655448,0.250388376812518,1202.056,2019_yk_138,Yukon,2019,0.717393400872993,0.257923513023713,7.2155850984601e-4,726.273139980126,868.351039050808,1366.592,0.721171354994726,549.8000433195359
1148,601.552,0.715483497542578,0.249837921552713,1203.104,2019_yk_138,Yukon,2019,0.71727186275775,0.258723239281022,7.9972625730917e-4,726.273139980126,868.351039050808,1366.592,0.721171354994726,549.8000433195359
1149,602.076,0.716743561865334,0.245912136492151,1204.152,2019_yk_138,Yukon,2019,0.717200195355476,0.259515324327521,7.9208504649863e-4,726.273139980126,868.351039050808,1366.592,0.721171354994726,549.8000433195359
1150,602.6,0.724129874758989,0.248476687943169,1205.2,2019_yk_138,Yukon,2019,0.717294499167083,0.260248967336116,7.3364300859518e-4,726.273139980126,868.351039050808,1366.592,0.721171354994726,549.8000433195359
1151,603.124,0.71702427788564,0.251648268055895,1206.248,2019_yk_138,Yukon,2019,0.717256401466624,0.26097785312229,7.2888578617386e-4,726.273139980126,868.351039050808,1366.592,0.721171354994726,549.8000433195359
1152,603.648,0.718549929088327,0.247564527668651,1207.296,2019_yk_138,Yukon,2019,0.717221298104959,0.261966685225213,9.8883210292322e-4,726.273139980126,868.351039050808,1366.592,0.721171354994726,549.8000433195359
1153,604.172,0.719451883382234,0.247341461264091,1208.344,2019_yk_138,Yukon,2019,0.717154996188604,0.263157412217791,0.00119072699257766,726.273139980126,868.351039050808,1366.592,0.721171354994726,549.8000433195359
1154,604.696,0.718926848353421,0.24983658776790801,1209.392,2019_yk_138,Yukon,2019,0.717076538352094,0.264607867456403,0.00145045523861254,726.273139980126,868.351039050808,1366.592,0.721171354994726,549.8000433195359
1155,605.22,0.71785873101493,0.25212982982239,1210.44,2019_yk_138,Yukon,2019,0.717005965976257,0.266143039933001,0.00153517247659751,726.273139980126,868.351039050808,1366.592,0.721171354994726,549.8000433195359
1156,605.744,0.715851036666257,0.250168215593836,1211.488,2019_yk_138,Yukon,2019,0.716939716081908,0.267848019842631,0.00170497990962987,726.273139980126,868.351039050808,1366.592,0.721171354994726,549.8000433195359
1157,606.268,0.715888970060755,0.251731759500331,1212.536,2019_yk_138,Yukon,2019,0.716833269552299,0.269770273335325,0.00192225349269387,726.273139980126,868.351039050808,1366.592,0.721171354994726,549.8000433195359
1158,606.792,0.713663663833148,0.257438109073634,1213.584,2019_yk_138,Yukon,2019,0.716686677862592,0.271818878411332,0.00204860507600763,726.273139980126,868.351039050808,1366.592,0.721171354994726,549.8000433195359
1159,607.316,0.717766077152819,0.259916631516629,1214.632,2019_yk_138,Yukon,2019,0.716649591072839,0.273933871629278,0.00211499321794539,726.273139980126,868.351039050808,1366.592,0.721171354994726,549.8000433195359
1160,607.84,0.720420758419597,0.259204507627794,1215.68,2019_yk_138,Yukon,2019,0.716538628616034,0.276205895770748,0.00227202414147076,726.273139980126,868.351039050808,1366.592,0.721171354994726,549.8000433195359
1161,608.364,0.716228513211111,0.263434199711908,1216.728,2019_yk_138,Yukon,2019,0.716474329113099,0.278528553796123,0.00232265802537412,726.273139980126,868.351039050808,1366.592,0.721171354994726,549.8000433195359
1162,608.888,0.71572375077957,0.261626498262569,1217.776,2019_yk_138,Yukon,2019,0.71639364758451,0.280911473054363,0.00238291925824008,726.273139980126,868.351039050808,1366.592,0.721171354994726,549.8000433195359
1163,609.412,0.714402789002387,0.262388759675006,1218.824,2019_yk_138,Yukon,2019,0.716289765347186,0.283430679559968,0.00251920650560533,726.273139980126,868.351039050808,1366.592,0.721171354994726,549.8000433195359
1164,609.936,0.715790965243308,0.266527701917055,1219.872,2019_yk_138,Yukon,2019,0.716229963858365,0.286123084680989,0.00269240512102092,726.273139980126,868.351039050808,1366.592,0.721171354994726,549.8000433195359
1165,610.46,0.716097525962474,0.271777282915907,1220.92,2019_yk_138,Yukon,2019,0.716147971310156,0.288983369950745,0.00286028526975612,726.273139980126,868.351039050808,1366.592,0.721171354994726,549.8000433195359
1166,610.984,0.71340481811813,0.270523725619328,1221.968,2019_yk_138,Yukon,2019,0.71610197615245,0.291889508325181,0.00290613837443565,726.273139980126,868.351039050808,1366.592,0.721171354994726,549.8000433195359
1167,611.508,0.718280854973653,0.275266322440539,1223.016,2019_yk_138,Yukon,2019,0.71607432835996,0.294973704993939,0.00308419666875809,726.273139980126,868.351039050808,1366.592,0.721171354994726,549.8000433195359
1168,612.032,0.716120652937606,0.279926112771834,1224.064,2019_yk_138,Yukon,2019,0.71591804573157,0.298163170637602,0.00318946564366296,726.273139980126,868.351039050808,1366.592,0.721171354994726,549.8000433195359
1169,612.556,0.715945195227434,0.284442048818678,1225.112,2019_yk_138,Yukon,2019,0.715830493440829,0.301442507759526,0.00327933712192457,726.273139980126,868.351039050808,1366.592,0.721171354994726,549.8000433195359
1170,613.08,0.714179242008881,0.283431394392679,1226.16,2019_yk_138,Yukon,2019,0.715697224939025,0.30470190971091,0.00325940195138402,726.273139980126,868.351039050808,1366.592,0.721171354994726,549.8000433195359
1171,613.604,0.718303093332045,0.291489960788254,1227.208,2019_yk_138,Yukon,2019,0.715643351447851,0.308017700481864,0.00331579077095362,726.273139980126,868.351039050808,1366.592,0.721171354994726,549.8000433195359
1172,614.128,0.71441689279561,0.293726784136125,1228.256,2019_yk_138,Yukon,2019,0.715487367597392,0.311315010855032,0.00329731037316794,726.273139980126,868.351039050808,1366.592,0.721171354994726,549.8000433195359
1173,614.652,0.713851932669079,0.306493437947244,1229.304,2019_yk_138,Yukon,2019,0.715487182157854,0.314530769482698,0.00321575862766582,726.273139980126,868.351039050808,1366.592,0.721171354994726,549.8000433195359
1174,615.176,0.713912393507185,0.303182193221456,1230.352,2019_yk_138,Yukon,2019,0.715370188473901,0.317778526256636,0.00324775677393829,726.273139980126,868.351039050808,1366.592,0.721171354994726,549.8000433195359
1175,615.7,0.713975914777248,0.3007048536432,1231.4,2019_yk_138,Yukon,2019,0.715255477679529,0.321154739974591,0.00337621371795455,726.273139980126,868.351039050808,1366.592,0.721171354994726,549.8000433195359
1176,616.224,0.716826826381189,0.303823408635001,1232.448,2019_yk_138,Yukon,2019,0.71516045542038,0.324514638282198,0.00335989830760719,726.273139980126,868.351039050808,1366.592,0.721171354994726,549.8000433195359
1177,616.748,0.711339807964167,0.304101735740649,1233.496,2019_yk_138,Yukon,2019,0.71503326228319,0.327803944469771,0.00328930618757312,726.273139980126,868.351039050808,1366.592,0.721171354994726,549.8000433195359
1178,617.272,0.713439046848847,0.310468528648376,1234.544,2019_yk_138,Yukon,2019,0.715005314456465,0.331109017463469,0.00330507299369787,726.273139980126,868.351039050808,1366.592,0.721171354994726,549.8000433195359
1179,617.796,0.713084897779147,0.314335271103863,1235.592,2019_yk_138,Yukon,2019,0.714913083753611,0.334591732649294,0.0034827151858251,726.273139980126,868.351039050808,1366.592,0.721171354994726,549.8000433195359
1180,618.32,0.71892685346123,0.312750161012765,1236.64,2019_yk_138,Yukon,2019,0.71467233420666,0.33807731640608,0.00348558375678615,726.273139980126,868.351039050808,1366.592,0.721171354994726,549.8000433195359
1181,618.844,0.713374126965363,0.316377807462868,1237.688,2019_yk_138,Yukon,2019,0.714624327333757,0.341583772263589,0.0035064558575093,726.273139980126,868.351039050808,1366.592,0.721171354994726,549.8000433195359
1182,619.368,0.713968070814131,0.324114447151296,1238.736,2019_yk_138,Yukon,2019,0.714490920606382,0.3451165271765,0.00353275491291088,726.273139980126,868.351039050808,1366.592,0.721171354994726,549.8000433195359
1183,619.892,0.715551514537053,0.328636843994094,1239.784,2019_yk_138,Yukon,2019,0.714400682271718,0.348801419506246,0.00368489232974545,726.273139980126,868.351039050808,1366.592,0.721171354994726,549.8000433195359
1184,620.416,0.712118652259918,0.338595564464129,1240.832,2019_yk_138,Yukon,2019,0.71429858042973,0.352499062670866,0.00369764316462073,726.273139980126,868.351039050808,1366.592,0.721171354994726,549.8000433195359
1185,620.94,0.715546858190823,0.339628555712795,1241.88,2019_yk_138,Yukon,2019,0.714171552231088,0.356230927606961,0.00373186493609501,726.273139980126,868.351039050808,1366.592,0.721171354994726,549.8000433195359
1186,621.464,0.714584030371907,0.347716835066573,1242.928,2019_yk_138,Yukon,2019,0.714104288016836,0.360100698148294,0.00386977054133225,726.273139980126,868.351039050808,1366.592,0.721171354994726,549.8000433195359
1187,621.988,0.714093049265906,0.360666486349882,1243.976,2019_yk_138,Yukon,2019,0.7140424893354,0.364049678607064,0.00394898045877085,726.273139980126,868.351039050808,1366.592,0.721171354994726,549.8000433195359
1188,622.512,0.712370291180243,0.367773959724857,1245.024,2019_yk_138,Yukon,2019,0.714003951286128,0.368020772921011,0.0039710943139461,726.273139980126,868.351039050808,1366.592,0.721171354994726,549.8000433195359
1189,623.036,0.715693301220814,0.370822036544979,1246.072,2019_yk_138,Yukon,2019,0.713865199727937,0.371952269976468,0.00393149705545726,726.273139980126,868.351039050808,1366.592,0.721171354994726,549.8000433195359
1190,623.56,0.715041059182555,0.379460321579696,1247.12,2019_yk_138,Yukon,2019,0.71367607283765,0.376003887333161,0.00405161735669357,726.273139980126,868.351039050808,1366.592,0.721171354994726,549.8000433195359
1191,624.084,0.712105042242795,0.380237409256171,1248.168,2019_yk_138,Yukon,2019,0.713604969858002,0.380196392530804,0.0041925051976428,726.273139980126,868.351039050808,1366.592,0.721171354994726,549.8000433195359
1192,624.608,0.714694957223498,0.384791852855167,1249.216,2019_yk_138,Yukon,2019,0.713563902172596,0.384449729890791,0.00425333735998668,726.273139980126,868.351039050808,1366.592,0.721171354994726,549.8000433195359
1193,625.132,0.712645774977527,0.386911387584977,1250.264,2019_yk_138,Yukon,2019,0.713542683294171,0.388710388874981,0.00426065898419009,726.273139980126,868.351039050808,1366.592,0.721171354994726,549.8000433195359
1194,625.656,0.713180293016478,0.396014398753685,1251.312,2019_yk_138,Yukon,2019,0.713439713195159,0.392932581453506,0.00422219257852496,726.273139980126,868.351039050808,1366.592,0.721171354994726,549.8000433195359
1195,626.18,0.714834300133219,0.40717914884388,1252.36,2019_yk_138,Yukon,2019,0.713361882435887,0.397081369828794,0.00414878837528804,726.273139980126,868.351039050808,1366.592,0.721171354994726,549.8000433195359
1196,626.704,0.712435046871454,0.409288030579102,1253.408,2019_yk_138,Yukon,2019,0.713349618545422,0.401453688550949,0.00437231872215493,726.273139980126,868.351039050808,1366.592,0.721171354994726,549.8000433195359
1197,627.228,0.714005111207081,0.418931043112142,1254.456,2019_yk_138,Yukon,2019,0.713236956565943,0.405781435088477,0.00432774653752849,726.273139980126,868.351039050808,1366.592,0.721171354994726,549.8000433195359
1198,627.752,0.711306361646615,0.424568795154131,1255.504,2019_yk_138,Yukon,2019,0.713144538752652,0.410106437259352,0.00432500217087423,726.273139980126,868.351039050808,1366.592,0.721171354994726,549.8000433195359
1199,628.276,0.713612501789833,0.428740872643907,1256.552,2019_yk_138,Yukon,2019,0.713066205195002,0.414512560497863,0.00440612323851136,726.273139980126,868.351039050808,1366.592,0.721171354994726,549.8000433195359
1200,628.8,0.713544590036614,0.429778073861219,1257.6,2019_yk_138,Yukon,2019,0.71302438879926,0.419073375900852,0.00456081540298936,726.273139980126,868.351039050808,1366.592,0.721171354994726,549.8000433195359
1201,629.324,0.714610184481183,0.436183465003646,1258.648,2019_yk_138,Yukon,2019,0.712907719262741,0.423633643531385,0.0045602676305323,726.273139980126,868.351039050808,1366.592,0.721171354994726,549.8000433195359
1202,629.848,0.712351726024816,0.440389832228068,1259.696,2019_yk_138,Yukon,2019,0.712851979610771,0.428159364610864,0.00452572107947941,726.273139980126,868.351039050808,1366.592,0.721171354994726,549.8000433195359
1203,630.372,0.713446246497739,0.435650709447682,1260.744,2019_yk_138,Yukon,2019,0.712827760132081,0.432677032095013,0.00451766748414911,726.273139980126,868.351039050808,1366.592,0.721171354994726,549.8000433195359
1204,630.896,0.71279705263958,0.437920660438241,1261.792,2019_yk_138,Yukon,2019,0.712769147406167,0.437287466578906,0.0046104344838927,726.273139980126,868.351039050808,1366.592,0.721171354994726,549.8000433195359
1205,631.42,0.712499121066756,0.44767764110007,1262.84,2019_yk_138,Yukon,2019,0.712700836385291,0.44213740955922,0.00484994298031449,726.273139980126,868.351039050808,1366.592,0.721171354994726,549.8000433195359
1206,631.944,0.711012318719032,0.450806715924445,1263.888,2019_yk_138,Yukon,2019,0.712592711819022,0.447008027306309,0.00487061774708836,726.273139980126,868.351039050808,1366.592,0.721171354994726,549.8000433195359
1207,632.468,0.714563077424034,0.447746748066902,1264.936,2019_yk_138,Yukon,2019,0.712576780395631,0.451982608960386,0.00497458165407716,726.273139980126,868.351039050808,1366.592,0.721171354994726,549.8000433195359
1208,632.992,0.713806627939062,0.448142301174587,1265.984,2019_yk_138,Yukon,2019,0.712526759772403,0.456920190804742,0.00493758184435616,726.273139980126,868.351039050808,1366.592,0.721171354994726,549.8000433195359
1209,633.516,0.711209719694136,0.454875047641658,1267.032,2019_yk_138,Yukon,2019,0.712474003753569,0.461896071437722,0.00497588063298043,726.273139980126,868.351039050808,1366.592,0.721171354994726,549.8000433195359
1210,634.04,0.70968490194193,0.457611713350338,1268.08,2019_yk_138,Yukon,2019,0.712322222406711,0.467100507141526,0.00520443570380391,726.273139980126,868.351039050808,1366.592,0.721171354994726,549.8000433195359
1211,634.564,0.714143865511425,0.462035619506455,1269.128,2019_yk_138,Yukon,2019,0.712267541680922,0.47228005773212,0.00517955059059338,726.273139980126,868.351039050808,1366.592,0.721171354994726,549.8000433195359
1212,635.088,0.710545525445854,0.459529822443305,1270.176,2019_yk_138,Yukon,2019,0.712201448687303,0.477388301216041,0.00510824348392092,726.273139980126,868.351039050808,1366.592,0.721171354994726,549.8000433195359
1213,635.612,0.714037583302383,0.468435001048817,1271.224,2019_yk_138,Yukon,2019,0.712107241639704,0.482496455681007,0.00510815446496621,726.273139980126,868.351039050808,1366.592,0.721171354994726,549.8000433195359
1214,636.136,0.712800737834159,0.471695177645151,1272.272,2019_yk_138,Yukon,2019,0.712093451694965,0.487511644214939,0.00501518853393246,726.273139980126,868.351039050808,1366.592,0.721171354994726,549.8000433195359
1215,636.66,0.710237039096396,0.476041725988092,1273.32,2019_yk_138,Yukon,2019,0.712009377618611,0.49270481510142,0.00519317088648025,726.273139980126,868.351039050808,1366.592,0.721171354994726,549.8000433195359
1216,637.184,0.711815183811161,0.482354448073769,1274.368,2019_yk_138,Yukon,2019,0.711943653620215,0.497791596164096,0.00508678106267663,726.273139980126,868.351039050808,1366.592,0.721171354994726,549.8000433195359
1217,637.708,0.712181049174532,0.488670587026583,1275.416,2019_yk_138,Yukon,2019,0.711861144061926,0.502730843809305,0.00493924764520892,726.273139980126,868.351039050808,1366.592,0.721171354994726,549.8000433195359
1218,638.232,0.711351380876851,0.495703767910401,1276.464,2019_yk_138,Yukon,2019,0.711814988950955,0.507657667806689,0.00492682399738431,726.273139980126,868.351039050808,1366.592,0.721171354994726,549.8000433195359
1219,638.756,0.7094409836614,0.495806454844063,1277.512,2019_yk_138,Yukon,2019,0.711727567804049,0.512609819294291,0.00495215148760142,726.273139980126,868.351039050808,1366.592,0.721171354994726,549.8000433195359
1220,639.28,0.709073145002335,0.502301549029408,1278.56,2019_yk_138,Yukon,2019,0.711653870604547,0.517576860116316,0.00496704082202548,726.273139980126,868.351039050808,1366.592,0.721171354994726,549.8000433195359
1221,639.804,0.711962334432277,0.514984511570478,1279.608,2019_yk_138,Yukon,2019,0.711653330072411,0.522616199433625,0.00503933931730849,726.273139980126,868.351039050808,1366.592,0.721171354994726,549.8000433195359
1222,640.328,0.713259689655188,0.516826739861769,1280.656,2019_yk_138,Yukon,2019,0.711588592028259,0.527467460209871,0.00485126077624631,726.273139980126,868.351039050808,1366.592,0.721171354994726,549.8000433195359
1223,640.852,0.713129656296872,0.518028298726412,1281.704,2019_yk_138,Yukon,2019,0.711547705785022,0.532408544962746,0.00494108475287502,726.273139980126,868.351039050808,1366.592,0.721171354994726,549.8000433195359
1224,641.376,0.709612759302564,0.519859256628551,1282.752,2019_yk_138,Yukon,2019,0.711526408051986,0.537158565867319,0.0047500209045731,726.273139980126,868.351039050808,1366.592,0.721171354994726,549.8000433195359
1225,641.9,0.711427680406202,0.520704585433187,1283.8,2019_yk_138,Yukon,2019,0.711445800289329,0.541622022410755,0.00446345654343594,726.273139980126,868.351039050808,1366.592,0.721171354994726,549.8000433195359
1226,642.424,0.712668984690219,0.532862848948625,1284.848,2019_yk_138,Yukon,2019,0.711427175463309,0.546155293500838,0.00453327109008295,726.273139980126,868.351039050808,1366.592,0.721171354994726,549.8000433195359
1227,642.948,0.711521136204919,0.534931114692246,1285.896,2019_yk_138,Yukon,2019,0.711403382443293,0.550506427863562,0.00435113436272394,726.273139980126,868.351039050808,1366.592,0.721171354994726,549.8000433195359
1228,643.472,0.71057558414011,0.539426243024291,1286.944,2019_yk_138,Yukon,2019,0.711369982496938,0.55464197081772,0.00413554295415841,726.273139980126,868.351039050808,1366.592,0.721171354994726,549.8000433195359
1229,643.996,0.711245181768419,0.548809443129358,1287.992,2019_yk_138,Yukon,2019,0.711347604376746,0.558764839633514,0.00412286881579316,726.273139980126,868.351039050808,1366.592,0.721171354994726,549.8000433195359
1230,644.52,0.711670258264389,0.557080318572039,1289.04,2019_yk_138,Yukon,2019,0.711296773415965,0.562826310330047,0.00406147069653362,726.273139980126,868.351039050808,1366.592,0.721171354994726,549.8000433195359
1231,645.044,0.711302921140884,0.565106018620194,1290.088,2019_yk_138,Yukon,2019,0.711213927086973,0.566742274916474,0.00391596458642673,726.273139980126,868.351039050808,1366.592,0.721171354994726,549.8000433195359
1232,645.568,0.711072513677437,0.565270048904889,1291.136,2019_yk_138,Yukon,2019,0.711192370322723,0.570644546637467,0.00390227172099278,726.273139980126,868.351039050808,1366.592,0.721171354994726,549.8000433195359
1233,646.092,0.712398763947688,0.577553486996192,1292.184,2019_yk_138,Yukon,2019,0.711129076838288,0.574496352810794,0.00385180617332681,726.273139980126,868.351039050808,1366.592,0.721171354994726,549.8000433195359
1234,646.616,0.710395629952349,0.579808262255018,1293.232,2019_yk_138,Yukon,2019,0.711071792071364,0.578449381502326,0.00395302869153225,726.273139980126,868.351039050808,1366.592,0.721171354994726,549.8000433195359
1235,647.14,0.709877253524683,0.591701432462068,1294.28,2019_yk_138,Yukon,2019,0.71104715025236,0.582287839980849,0.00383845847852315,726.273139980126,868.351039050808,1366.592,0.721171354994726,549.8000433195359
1236,647.664,0.710339352405026,0.596060473460302,1295.328,2019_yk_138,Yukon,2019,0.711013515675186,0.586072130421915,0.00378429044106587,726.273139980126,868.351039050808,1366.592,0.721171354994726,549.8000433195359
1237,648.188,0.710383922560725,0.602576634985276,1296.376,2019_yk_138,Yukon,2019,0.71090827563366,0.589883232523016,0.00381110210110125,726.273139980126,868.351039050808,1366.592,0.721171354994726,549.8000433195359
1238,648.712,0.710437809455142,0.606723439309745,1297.424,2019_yk_138,Yukon,2019,0.710836763833252,0.59380620648522,0.00392297396220387,726.273139980126,868.351039050808,1366.592,0.721171354994726,549.8000433195359
1239,649.236,0.709919536649107,0.612888109082689,1298.472,2019_yk_138,Yukon,2019,0.710829296478143,0.597625005907839,0.00381879942261909,726.273139980126,868.351039050808,1366.592,0.721171354994726,549.8000433195359
1240,649.76,0.70981997264974,0.625016303241002,1299.52,2019_yk_138,Yukon,2019,0.710807492922843,0.601460681853118,0.00383567594527889,726.273139980126,868.351039050808,1366.592,0.721171354994726,549.8000433195359
1241,650.284,0.710093283418068,0.62715084289847,1300.568,2019_yk_138,Yukon,2019,0.710740070625836,0.605276242006992,0.00381556015387452,726.273139980126,868.351039050808,1366.592,0.721171354994726,549.8000433195359
1242,650.808,0.710002491196977,0.630609056186551,1301.616,2019_yk_138,Yukon,2019,0.710749409445165,0.609124178384654,0.00384793637766201,726.273139980126,868.351039050808,1366.592,0.721171354994726,549.8000433195359
1243,651.332,0.70989909168112,0.635126111892068,1302.664,2019_yk_138,Yukon,2019,0.710690197831223,0.6128893921095,0.00376521372484573,726.273139980126,868.351039050808,1366.592,0.721171354994726,549.8000433195359
1244,651.856,0.711291255575545,0.639506876500075,1303.712,2019_yk_138,Yukon,2019,0.710647072109111,0.616671316022673,0.00378192391317289,726.273139980126,868.351039050808,1366.592,0.721171354994726,549.8000433195359
1245,652.38,0.710502413609615,0.651218808901611,1304.76,2019_yk_138,Yukon,2019,0.71066862681719,0.620351666491318,0.00368035046864501,726.273139980126,868.351039050808,1366.592,0.721171354994726,549.8000433195359
1246,652.904,0.710640590468105,0.652923698827171,1305.808,2019_yk_138,Yukon,2019,0.710628513451212,0.623876115191398,0.00352444870007984,726.273139980126,868.351039050808,1366.592,0.721171354994726,549.8000433195359
1247,653.428,0.709142475768571,0.657021345062419,1306.856,2019_yk_138,Yukon,2019,0.710578244004967,0.627199790464537,0.00332367527313926,726.273139980126,868.351039050808,1366.592,0.721171354994726,549.8000433195359
1248,653.952,0.70960098452199,0.663383399567912,1307.904,2019_yk_138,Yukon,2019,0.710542472519818,0.630325514130282,0.00312572366574515,726.273139980126,868.351039050808,1366.592,0.721171354994726,549.8000433195359
1249,654.476,0.710448032406435,0.667951125801064,1308.952,2019_yk_138,Yukon,2019,0.710534275294692,0.633528303853945,0.00320278972366261,726.273139980126,868.351039050808,1366.592,0.721171354994726,549.8000433195359
1250,655,0.710619227212431,0.677482770901225,1310,2019_yk_138,Yukon,2019,0.710553601851091,0.636844498989355,0.00331619513540982,726.273139980126,868.351039050808,1366.592,0.721171354994726,549.8000433195359
1251,655.524,0.71207261031468,0.682597768294684,1311.048,2019_yk_138,Yukon,2019,0.710512065145385,0.639778258909671,0.00293375992031597,726.273139980126,868.351039050808,1366.592,0.721171354994726,549.8000433195359
1252,656.048,0.710810674574381,0.675867499429946,1312.096,2019_yk_138,Yukon,2019,0.71043295091224,0.642679026362488,0.00290076745281698,726.273139980126,868.351039050808,1366.592,0.721171354994726,549.8000433195359
1253,656.572,0.71019260038329,0.683376472757479,1313.144,2019_yk_138,Yukon,2019,0.710382684316442,0.645702628053426,0.00302360169093863,726.273139980126,868.351039050808,1366.592,0.721171354994726,549.8000433195359
1254,657.096,0.711902429034312,0.68101565302807,1314.192,2019_yk_138,Yukon,2019,0.71039241071677,0.648564602742433,0.00286197468900695,726.273139980126,868.351039050808,1366.592,0.721171354994726,549.8000433195359
1255,657.62,0.709997834373811,0.674986541450037,1315.24,2019_yk_138,Yukon,2019,0.710376563373966,0.651380917725506,0.00281631498307255,726.273139980126,868.351039050808,1366.592,0.721171354994726,549.8000433195359
1256,658.144,0.711317557310247,0.681284295984077,1316.288,2019_yk_138,Yukon,2019,0.710327530686745,0.653968634223283,0.00258771649777689,726.273139980126,868.351039050808,1366.592,0.721171354994726,549.8000433195359
1257,658.668,0.712577530006123,0.679999104875583,1317.336,2019_yk_138,Yukon,2019,0.710300760650357,0.656639235054159,0.00267060083087611,726.273139980126,868.351039050808,1366.592,0.721171354994726,549.8000433195359
1258,659.192,0.709302364865302,0.672701372403641,1318.384,2019_yk_138,Yukon,2019,0.710272640277374,0.659133782921517,0.00249454786735803,726.273139980126,868.351039050808,1366.592,0.721171354994726,549.8000433195359
1259,659.716,0.71226981457832,0.676113001591499,1319.432,2019_yk_138,Yukon,2019,0.710257754047147,0.661402370992991,0.00226858807147434,726.273139980126,868.351039050808,1366.592,0.721171354994726,549.8000433195359
1260,660.24,0.710494732389757,0.673466315653233,1320.48,2019_yk_138,Yukon,2019,0.710254941168793,0.663526670437861,0.00212429944486947,726.273139980126,868.351039050808,1366.592,0.721171354994726,549.8000433195359
1261,660.764,0.709639404741682,0.671141340189254,1321.528,2019_yk_138,Yukon,2019,0.710198274678806,0.665544320546749,0.00201765010888844,726.273139980126,868.351039050808,1366.592,0.721171354994726,549.8000433195359
1262,661.288,0.711058320169799,0.674526135487631,1322.576,2019_yk_138,Yukon,2019,0.710192775575655,0.667477732355646,0.00193341180889672,726.273139980126,868.351039050808,1366.592,0.721171354994726,549.8000433195359
1263,661.812,0.709648637431655,0.666759079847296,1323.624,2019_yk_138,Yukon,2019,0.710156781462003,0.669148173965638,0.00167044160999208,726.273139980126,868.351039050808,1366.592,0.721171354994726,549.8000433195359
1264,662.336,0.709359966624122,0.675102381930177,1324.672,2019_yk_138,Yukon,2019,0.710149466594659,0.670829306112996,0.00168113214735777,726.273139980126,868.351039050808,1366.592,0.721171354994726,549.8000433195359
1265,662.86,0.711020611926538,0.677985149811458,1325.72,2019_yk_138,Yukon,2019,0.710165535734128,0.672368281758058,0.00153897564506222,726.273139980126,868.351039050808,1366.592,0.721171354994726,549.8000433195359
1266,663.384,0.708994244088586,0.677864142388398,1326.768,2019_yk_138,Yukon,2019,0.710138439705502,0.674063581996671,0.00169530023861342,726.273139980126,868.351039050808,1366.592,0.721171354994726,549.8000433195359
1267,663.908,0.708248674932481,0.676412874132975,1327.816,2019_yk_138,Yukon,2019,0.710144849312625,0.67563732571255,0.00157374371587837,726.273139980126,868.351039050808,1366.592,0.721171354994726,549.8000433195359
1268,664.432,0.709515919914588,0.683520738906817,1328.864,2019_yk_138,Yukon,2019,0.710140206285224,0.67746446503356,0.00182713932101031,726.273139980126,868.351039050808,1366.592,0.721171354994726,549.8000433195359
1269,664.956,0.710761678387547,0.684003012998808,1329.912,2019_yk_138,Yukon,2019,0.71013106971032,0.679062490461061,0.00159802542750076,726.273139980126,868.351039050808,1366.592,0.721171354994726,549.8000433195359
1270,665.48,0.708376688623936,0.687752270067073,1330.96,2019_yk_138,Yukon,2019,0.710121602695871,0.680526775022513,0.00146428456145198,726.273139980126,868.351039050808,1366.592,0.721171354994726,549.8000433195359
1271,666.004,0.710098527691007,0.690969228738926,1332.008,2019_yk_138,Yukon,2019,0.710091873345192,0.682132696085425,0.00160592106291202,726.273139980126,868.351039050808,1366.592,0.721171354994726,549.8000433195359
1272,666.528,0.71110585460562,0.690406005103026,1333.056,2019_yk_138,Yukon,2019,0.710084061684341,0.683637651342495,0.00150495525706995,726.273139980126,868.351039050808,1366.592,0.721171354994726,549.8000433195359
1273,667.052,0.710484886465864,0.694347824539565,1334.104,2019_yk_138,Yukon,2019,0.710078693227452,0.68538199579651,0.00174434445401539,726.273139980126,868.351039050808,1366.592,0.721171354994726,549.8000433195359
1274,667.576,0.710213194507399,0.698610612435523,1335.152,2019_yk_138,Yukon,2019,0.710080141391478,0.686937913104534,0.0015559173080234,726.273139980126,868.351039050808,1366.592,0.721171354994726,549.8000433195359
1275,668.1,0.711530321581126,0.696862754106793,1336.2,2019_yk_138,Yukon,2019,0.710063120917124,0.688495088246773,0.00155717514223985,726.273139980126,868.351039050808,1366.592,0.721171354994726,549.8000433195359
1276,668.624,0.709408381852543,0.693821370078556,1337.248,2019_yk_138,Yukon,2019,0.710033833598159,0.689917500328825,0.00142241208205207,726.273139980126,868.351039050808,1366.592,0.721171354994726,549.8000433195359
1277,669.148,0.709164882399835,0.688091103414942,1338.296,2019_yk_138,Yukon,2019,0.710021986126492,0.691451332631208,0.00153383230238202,726.273139980126,868.351039050808,1366.592,0.721171354994726,549.8000433195359
1278,669.672,0.70920509176788,0.683247187855108,1339.344,2019_yk_138,Yukon,2019,0.710038781872856,0.692812909233336,0.00136157660212843,726.273139980126,868.351039050808,1366.592,0.721171354994726,549.8000433195359
1279,670.196,0.708949150153873,0.687973838263821,1340.392,2019_yk_138,Yukon,2019,0.710012165392138,0.694081103768285,0.00126819453494875,726.273139980126,868.351039050808,1366.592,0.721171354994726,549.8000433195359
1280,670.72,0.710232738386234,0.701273257153998,1341.44,2019_yk_138,Yukon,2019,0.709991551424546,0.695370037045491,0.00128893327720625,726.273139980126,868.351039050808,1366.592,0.721171354994726,549.8000433195359
1281,671.244,0.709470132089945,0.691010106789434,1342.488,2019_yk_138,Yukon,2019,0.70993805917042,0.696719638915215,0.00134960186972455,726.273139980126,868.351039050808,1366.592,0.721171354994726,549.8000433195359
1282,671.768,0.7085128356665,0.690872787030785,1343.536,2019_yk_138,Yukon,2019,0.709916691200597,0.698205132314717,0.0014854933995011,726.273139980126,868.351039050808,1366.592,0.721171354994726,549.8000433195359
1283,672.292,0.710113660548975,0.699444400182734,1344.584,2019_yk_138,Yukon,2019,0.709886763735393,0.699712465368702,0.00150733305398498,726.273139980126,868.351039050808,1366.592,0.721171354994726,549.8000433195359
1284,672.816,0.710196343322254,0.691577737968966,1345.632,2019_yk_138,Yukon,2019,0.70984903557518,0.701229416220879,0.00151695085217785,726.273139980126,868.351039050808,1366.592,0.721171354994726,549.8000433195359
1285,673.34,0.710476839837924,0.689683484417544,1346.68,2019_yk_138,Yukon,2019,0.709869522668257,0.70296950722942,0.00174009100854045,726.273139980126,868.351039050808,1366.592,0.721171354994726,549.8000433195359
1286,673.864,0.709727023456995,0.688125838815242,1347.728,2019_yk_138,Yukon,2019,0.709824017632447,0.70437257072564,0.00140306349621988,726.273139980126,868.351039050808,1366.592,0.721171354994726,549.8000433195359
1287,674.388,0.709914934021644,0.695167164544808,1348.776,2019_yk_138,Yukon,2019,0.709751140993943,0.705836843720165,0.00146427299452545,726.273139980126,868.351039050808,1366.592,0.721171354994726,549.8000433195359
1288,674.912,0.708888361761097,0.689099115065773,1349.824,2019_yk_138,Yukon,2019,0.709764706616429,0.707528673286766,0.00169182956660108,726.273139980126,868.351039050808,1366.592,0.721171354994726,549.8000433195359
1289,675.436,0.710352007954804,0.684924727417812,1350.872,2019_yk_138,Yukon,2019,0.709697763695995,0.70927700216051,0.00174832887374377,726.273139980126,868.351039050808,1366.592,0.721171354994726,549.8000433195359
1290,675.96,0.711501485563133,0.68453828526421,1351.92,2019_yk_138,Yukon,2019,0.709683248555914,0.71103048740141,0.00175348524090013,726.273139980126,868.351039050808,1366.592,0.721171354994726,549.8000433195359
1291,676.484,0.707902931741687,0.686165025153502,1352.968,2019_yk_138,Yukon,2019,0.709666721054612,0.712980720378538,0.00195023297712826,726.273139980126,868.351039050808,1366.592,0.721171354994726,549.8000433195359
1292,677.008,0.71074256748835,0.681274757438692,1354.016,2019_yk_138,Yukon,2019,0.7096509051666,0.714923610144811,0.00194288976627266,726.273139980126,868.351039050808,1366.592,0.721171354994726,549.8000433195359
1293,677.532,0.710239117128578,0.677779983595718,1355.064,2019_yk_138,Yukon,2019,0.709633671525601,0.716880876554651,0.00195726640984006,726.273139980126,868.351039050808,1366.592,0.721171354994726,549.8000433195359
1294,678.056,0.709956737911716,0.680676191096481,1356.112,2019_yk_138,Yukon,2019,0.709615684502085,0.718665138815035,0.00178426226038386,726.273139980126,868.351039050808,1366.592,0.721171354994726,549.8000433195359
1295,678.58,0.710841401892812,0.684039971165804,1357.16,2019_yk_138,Yukon,2019,0.709592799394573,0.72034704315716,0.00168190434212545,726.273139980126,868.351039050808,1366.592,0.721171354994726,549.8000433195359
1296,679.104,0.708713590687469,0.697778487777106,1358.208,2019_yk_138,Yukon,2019,0.709576393364708,0.722028820075155,0.00168177691799443,726.273139980126,868.351039050808,1366.592,0.721171354994726,549.8000433195359
1297,679.628,0.710768498988135,0.697001257937979,1359.256,2019_yk_138,Yukon,2019,0.709600200707559,0.723550935020561,0.00152211494540588,726.273139980126,868.351039050808,1366.592,0.721171354994726,549.8000433195359
1298,680.152,0.710159227811056,0.716351798570364,1360.304,2019_yk_138,Yukon,2019,0.709607137989827,0.72498422276704,0.00143328774647888,726.273139980126,868.351039050808,1366.592,0.721171354994726,549.8000433195359
1299,680.676,0.70937134215489,0.70876963473274,1361.352,2019_yk_138,Yukon,2019,0.709566222005679,0.726225111822604,0.0012408890555643,726.273139980126,868.351039050808,1366.592,0.721171354994726,549.8000433195359
1300,681.2,0.709251951782826,0.71287337692812,1362.4,2019_yk_138,Yukon,2019,0.709567404682207,0.727457377473672,0.00123226565106804,726.273139980126,868.351039050808,1366.592,0.721171354994726,549.8000433195359
1301,681.724,0.708309522377299,0.723506106673187,1363.448,2019_yk_138,Yukon,2019,0.709526073090545,0.728528489004851,0.00107111153117934,726.273139980126,868.351039050808,1366.592,0.721171354994726,549.8000433195359
1302,682.248,0.709533791545892,0.720906371610745,1364.496,2019_yk_138,Yukon,2019,0.709499024438497,0.729563137562201,0.00103464855734969,726.273139980126,868.351039050808,1366.592,0.721171354994726,549.8000433195359
1303,682.772,0.709576984267795,0.739786779132999,1365.544,2019_yk_138,Yukon,2019,0.709489401395992,0.73056319747141,0.00100005990920904,726.273139980126,868.351039050808,1366.592,0.721171354994726,549.8000433195359
1304,683.296,0.711378145417104,0.73286191498148,1366.592,2019_yk_138,Yukon,2019,0.709463751331229,0.731517074636474,9.5387716506367e-4,726.273139980126,868.351039050808,1366.592,0.721171354994726,549.8000433195359
1305,683.82,0.709481185148378,0.744649317436002,1367.64,2019_yk_138,Yukon,2019,0.709417112921499,0.73223034031854,7.1326568206675e-4,726.273139980126,868.351039050808,1366.592,0.721171354994726,549.8000433195359
1306,684.344,0.708883351330246,0.738268423750294,1368.688,2019_yk_138,Yukon,2019,0.709424862359282,0.732875210815705,6.4487049716444e-4,726.273139980126,868.351039050808,1366.592,0.721171354994726,549.8000433195359
1307,684.868,0.708431627468552,0.749051283205342,1369.736,2019_yk_138,Yukon,2019,0.709426055143384,0.733722564993873,8.473541781685e-4,726.273139980126,868.351039050808,1366.592,0.721171354994726,549.8000433195359
1308,685.392,0.71060872930378,0.745077995695615,1370.784,2019_yk_138,Yukon,2019,0.709434426762565,0.73469998158529,9.7741659141692e-4,726.273139980126,868.351039050808,1366.592,0.721171354994726,549.8000433195359
1309,685.916,0.708851043563379,0.744042797897984,1371.832,2019_yk_138,Yukon,2019,0.709471293902547,0.735463868296415,7.638867111247e-4,726.273139980126,868.351039050808,1366.592,0.721171354994726,549.8000433195359
1310,686.44,0.709382389156931,0.7548187675336,1372.88,2019_yk_138,Yukon,2019,0.709470907798867,0.736033876742801,5.700084463861e-4,726.273139980126,868.351039050808,1366.592,0.721171354994726,549.8000433195359
1311,686.964,0.708863075067104,0.763573880478153,1373.928,2019_yk_138,Yukon,2019,0.709471367330644,0.736689430688002,6.5555394520056e-4,726.273139980126,868.351039050808,1366.592,0.721171354994726,549.8000433195359
1312,687.488,0.709528596385002,0.764997103400014,1374.976,2019_yk_138,Yukon,2019,0.709488668811632,0.737458573194901,7.691425068993e-4,726.273139980126,868.351039050808,1366.592,0.721171354994726,549.8000433195359
1313,688.012,0.708396952471026,0.77381645599658,1376.024,2019_yk_138,Yukon,2019,0.709457162716585,0.738031899729107,5.7332653420616e-4,726.273139980126,868.351039050808,1366.592,0.721171354994726,549.8000433195359
1314,688.536,0.709638739421537,0.77203270415874,1377.072,2019_yk_138,Yukon,2019,0.709433816398284,0.738840835275716,8.0893554660921e-4,726.273139980126,868.351039050808,1366.592,0.721171354994726,549.8000433195359
1315,689.06,0.711227059958457,0.77939200196246206,1378.12,2019_yk_138,Yukon,2019,0.709395771809469,0.73972196758989,8.8113231417363e-4,726.273139980126,868.351039050808,1366.592,0.721171354994726,549.8000433195359
1316,689.584,0.708587255161626,0.76546810575727,1379.168,2019_yk_138,Yukon,2019,0.709396503011309,0.740701506742795,9.7953915290527e-4,726.273139980126,868.351039050808,1366.592,0.721171354994726,549.8000433195359
1317,690.108,0.708204931695885,0.767855484547114,1380.216,2019_yk_138,Yukon,2019,0.709387814268167,0.741386722786846,6.8521604405025e-4,726.273139980126,868.351039050808,1366.592,0.721171354994726,549.8000433195359
1318,690.632,0.710116302214464,0.774211146399702,1381.264,2019_yk_138,Yukon,2019,0.709385539573959,0.742217168471679,8.3044568483325e-4,726.273139980126,868.351039050808,1366.592,0.721171354994726,549.8000433195359
1319,691.156,0.70825323935227,0.781012734016126,1382.312,2019_yk_138,Yukon,2019,0.709338781141336,0.743116694529339,8.9952605766008e-4,726.273139980126,868.351039050808,1366.592,0.721171354994726,549.8000433195359
1320,691.68,0.709623823984871,0.778675430107239,1383.36,2019_yk_138,Yukon,2019,0.709287773517876,0.744099498704815,9.8280417547647e-4,726.273139980126,868.351039050808,1366.592,0.721171354994726,549.8000433195359
1321,692.204,0.708647754663612,0.788155318816952,1384.408,2019_yk_138,Yukon,2019,0.709319465136488,0.745127616239495,0.00102811753467946,726.273139980126,868.351039050808,1366.592,0.721171354994726,549.8000433195359
1322,692.728,0.71010936688903,0.791099521463992,1385.456,2019_yk_138,Yukon,2019,0.709302854724886,0.746179265479132,0.00105164923963719,726.273139980126,868.351039050808,1366.592,0.721171354994726,549.8000433195359
1323,693.252,0.70861461897174,0.784195064437701,1386.504,2019_yk_138,Yukon,2019,0.709266959293442,0.747226684904737,0.00104741942560505,726.273139980126,868.351039050808,1366.592,0.721171354994726,549.8000433195359
1324,693.776,0.708280745213135,0.782158117553207,1387.552,2019_yk_138,Yukon,2019,0.709247978409994,0.74844391732611,0.0012172324213725,726.273139980126,868.351039050808,1366.592,0.721171354994726,549.8000433195359
1325,694.3,0.709647505475863,0.778899410338987,1388.6,2019_yk_138,Yukon,2019,0.709215139174616,0.749670721068244,0.00122680374213413,726.273139980126,868.351039050808,1366.592,0.721171354994726,549.8000433195359
1326,694.824,0.708009882296659,0.778770757468063,1389.648,2019_yk_138,Yukon,2019,0.709230794203989,0.750657534558841,9.8681349059703e-4,726.273139980126,868.351039050808,1366.592,0.721171354994726,549.8000433195359
1327,695.348,0.709677115503576,0.767739770857327,1390.696,2019_yk_138,Yukon,2019,0.70920707846571,0.751551833046798,8.9429848795685e-4,726.273139980126,868.351039050808,1366.592,0.721171354994726,549.8000433195359
1328,695.872,0.709932156850661,0.769518003695549,1391.744,2019_yk_138,Yukon,2019,0.709214801200524,0.752123769375141,5.7193632834373e-4,726.273139980126,868.351039050808,1366.592,0.721171354994726,549.8000433195359
1329,696.396,0.708306719338635,0.758456356332665,1392.792,2019_yk_138,Yukon,2019,0.709246733470494,0.752720862703078,5.9709332793622e-4,726.273139980126,868.351039050808,1366.592,0.721171354994726,549.8000433195359
1330,696.92,0.708447649215615,0.761688209131162,1393.84,2019_yk_138,Yukon,2019,0.709237203475125,0.753077164679172,3.5630197609404e-4,726.273139980126,868.351039050808,1366.592,0.721171354994726,549.8000433195359
1331,697.444,0.707618632191316,0.75523592060968,1394.888,2019_yk_138,Yukon,2019,0.709272545974069,0.753376024536014,2.9885985684241e-4,726.273139980126,868.351039050808,1366.592,0.721171354994726,549.8000433195359
1332,697.968,0.709482935482734,0.752484918544012,1395.936,2019_yk_138,Yukon,2019,0.709255136815727,0.753795918147027,4.1989361101302e-4,726.273139980126,868.351039050808,1366.592,0.721171354994726,549.8000433195359
1333,698.492,0.709907503915554,0.754351419092107,1396.984,2019_yk_138,Yukon,2019,0.709271309240844,0.753616428542121,-1.7948960490643e-4,726.273139980126,868.351039050808,1366.592,0.721171354994726,549.8000433195359
1334,699.016,0.708674190621614,0.755843242339343,1398.032,2019_yk_138,Yukon,2019,0.70924399282049,0.753522817296756,-9.36112453649995e-5,726.273139980126,868.351039050808,1366.592,0.721171354994726,549.8000433195359
1335,699.54,0.708732016997311,0.739658695030796,1399.08,2019_yk_138,Yukon,2019,0.709237762018299,0.753271431836774,-2.5138545998115e-4,726.273139980126,868.351039050808,1366.592,0.721171354994726,549.8000433195359
1336,700.064,0.709873348119563,0.732513599908424,1400.128,2019_yk_138,Yukon,2019,0.709225109281986,0.753147302196798,-1.241296399761e-4,726.273139980126,868.351039050808,1366.592,0.721171354994726,549.8000433195359
1337,700.588,0.709236449445935,0.738932354105048,1401.176,2019_yk_138,Yukon,2019,0.709215485008077,0.752896262308706,-2.5103988809271e-4,726.273139980126,868.351039050808,1366.592,0.721171354994726,549.8000433195359
1338,701.112,0.709707388918728,0.741892183340129,1402.224,2019_yk_138,Yukon,2019,0.709205190322592,0.752858593654079,-3.76686546267324e-5,726.273139980126,868.351039050808,1366.592,0.721171354994726,549.8000433195359
1339,701.636,0.711161178552826,0.733807040931304,1403.272,2019_yk_138,Yukon,2019,0.709219203609756,0.75296904596063,1.1045230655093e-4,726.273139980126,868.351039050808,1366.592,0.721171354994726,549.8000433195359
1340,702.16,0.710209572165395,0.735473763937164,1404.32,2019_yk_138,Yukon,2019,0.709202363238984,0.752898566269767,-7.04796908624905e-5,726.273139980126,868.351039050808,1366.592,0.721171354994726,549.8000433195359
1341,702.684,0.709497703996569,0.730343343501473,1405.368,2019_yk_138,Yukon,2019,0.70920712084323,0.752721120802306,-1.7744546746101e-4,726.273139980126,868.351039050808,1366.592,0.721171354994726,549.8000433195359
1342,703.208,0.709550924525793,0.737021337444738,1406.416,2019_yk_138,Yukon,2019,0.709217257613282,0.752371448163757,-3.4967263854934e-4,726.273139980126,868.351039050808,1366.592,0.721171354994726,549.8000433195359
1343,703.732,0.708223294846172,0.733843992235111,1407.464,2019_yk_138,Yukon,2019,0.709237545308846,0.751960591313165,-4.1085685059238e-4,726.273139980126,868.351039050808,1366.592,0.721171354994726,549.8000433195359
1344,704.256,0.7087955642242,0.740113870765517,1408.512,2019_yk_138,Yukon,2019,0.709229926566418,0.751454288222901,-5.0630309026344e-4,726.273139980126,868.351039050808,1366.592,0.721171354994726,549.8000433195359
1345,704.78,0.708194164509012,0.74255142326796,1409.56,2019_yk_138,Yukon,2019,0.709174874815162,0.750836012022817,-6.1827620008447e-4,726.273139980126,868.351039050808,1366.592,0.721171354994726,549.8000433195359
1346,705.304,0.709770895567376,0.746898187989558,1410.608,2019_yk_138,Yukon,2019,0.709179911660775,0.750194004910072,-6.4200711274442e-4,726.273139980126,868.351039050808,1366.592,0.721171354994726,549.8000433195359
1347,705.828,0.709393609433141,0.736280127187819,1411.656,2019_yk_138,Yukon,2019,0.709210235889994,0.7495570813255,-6.369235845719e-4,726.273139980126,868.351039050808,1366.592,0.721171354994726,549.8000433195359
1348,706.352,0.708751880108628,0.738925856155765,1412.704,2019_yk_138,Yukon,2019,0.709190308643536,0.748644643783504,-9.1243754199665e-4,726.273139980126,868.351039050808,1366.592,0.721171354994726,549.8000433195359
1349,706.876,0.707546501997431,0.73889629087742,1413.752,2019_yk_138,Yukon,2019,0.709249074876937,0.7478323258525,-8.1231793100389e-4,726.273139980126,868.351039050808,1366.592,0.721171354994726,549.8000433195359
1350,707.4,0.708441028155535,0.743506535792805,1414.8,2019_yk_138,Yukon,2019,0.70927348613899,0.747056115459278,-7.7621039322217e-4,726.273139980126,868.351039050808,1366.592,0.721171354994726,549.8000433195359
1351,707.924,0.709804428858374,0.747852077234268,1415.848,2019_yk_138,Yukon,2019,0.709284903841382,0.746023783043619,-0.00103233241565892,726.273139980126,868.351039050808,1366.592,0.721171354994726,549.8000433195359
1352,708.448,0.70974594279226,0.744373711816922,1416.896,2019_yk_138,Yukon,2019,0.70930465065436,0.745007241374265,-0.00101654166935339,726.273139980126,868.351039050808,1366.592,0.721171354994726,549.8000433195359
1353,708.972,0.708085391241945,0.740625149132023,1417.944,2019_yk_138,Yukon,2019,0.709292904875085,0.744187794658149,-8.1944671611611e-4,726.273139980126,868.351039050808,1366.592,0.721171354994726,549.8000433195359
1354,709.496,0.708817884904807,0.753710136378831,1418.992,2019_yk_138,Yukon,2019,0.70930945715313,0.74320139023534,-9.8640442280961e-4,726.273139980126,868.351039050808,1366.592,0.721171354994726,549.8000433195359
1355,710.02,0.708871047770153,0.757648195693857,1420.04,2019_yk_138,Yukon,2019,0.709300558535263,0.742287096758868,-9.1429347647153e-4,726.273139980126,868.351039050808,1366.592,0.721171354994726,549.8000433195359
1356,710.544,0.70965289244984,0.756987297212928,1421.088,2019_yk_138,Yukon,2019,0.709316463421812,0.741212986224066,-0.00107411053480255,726.273139980126,868.351039050808,1366.592,0.721171354994726,549.8000433195359
1357,711.068,0.709345554691386,0.750659167215389,1422.136,2019_yk_138,Yukon,2019,0.709317580171683,0.740355832597174,-8.5715362689187e-4,726.273139980126,868.351039050808,1366.592,0.721171354994726,549.8000433195359
1358,711.592,0.710622591899907,0.750667978270989,1423.184,2019_yk_138,Yukon,2019,0.709342967654614,0.739292502439409,-0.00106333015776439,726.273139980126,868.351039050808,1366.592,0.721171354994726,549.8000433195359
1359,712.116,0.711287278353056,0.744595234408909,1424.232,2019_yk_138,Yukon,2019,0.709361834109749,0.738375610668488,-9.1689177092158e-4,726.273139980126,868.351039050808,1366.592,0.721171354994726,549.8000433195359
1360,712.64,0.708680152060685,0.73425149549376,1425.28,2019_yk_138,Yukon,2019,0.709376315838082,0.737497576456222,-8.7803421226573e-4,726.273139980126,868.351039050808,1366.592,0.721171354994726,549.8000433195359
1361,713.164,0.710430072313984,0.741437698083731,1426.328,2019_yk_138,Yukon,2019,0.709397930065477,0.736612452693262,-8.8512376295957e-4,726.273139980126,868.351039050808,1366.592,0.721171354994726,549.8000433195359
1362,713.688,0.708489242045362,0.746099988271526,1427.376,2019_yk_138,Yukon,2019,0.709397672738946,0.735892424422188,-7.2002827107475e-4,726.273139980126,868.351039050808,1366.592,0.721171354994726,549.8000433195359
1363,714.212,0.710547329774794,0.729017402838612,1428.424,2019_yk_138,Yukon,2019,0.709421363522478,0.735205753584887,-6.8667083730045e-4,726.273139980126,868.351039050808,1366.592,0.721171354994726,549.8000433195359
1364,714.736,0.709739160195853,0.727245240259582,1429.472,2019_yk_138,Yukon,2019,0.709427949976148,0.734364862737922,-8.408908469647e-4,726.273139980126,868.351039050808,1366.592,0.721171354994726,549.8000433195359
1365,715.26,0.709107337016956,0.729566189837133,1430.52,2019_yk_138,Yukon,2019,0.709444535081459,0.733781188916289,-5.8367382163349e-4,726.273139980126,868.351039050808,1366.592,0.721171354994726,549.8000433195359
1366,715.784,0.708124187151465,0.730820645351728,1431.568,2019_yk_138,Yukon,2019,0.709448761576986,0.733314910524549,-4.662783917404e-4,726.273139980126,868.351039050808,1366.592,0.721171354994726,549.8000433195359
1367,716.308,0.707854171033988,0.733988889919775,1432.616,2019_yk_138,Yukon,2019,0.709444717470067,0.732924517538252,-3.9039298629639e-4,726.273139980126,868.351039050808,1366.592,0.721171354994726,549.8000433195359
1368,716.832,0.709991048174654,0.742817876418012,1433.664,2019_yk_138,Yukon,2019,0.70941423536582,0.732531816984694,-3.9270055355855e-4,726.273139980126,868.351039050808,1366.592,0.721171354994726,549.8000433195359
1369,717.356,0.709691840793274,0.750669936291041,1434.712,2019_yk_138,Yukon,2019,0.709379266527048,0.732121774103614,-4.1004288107993e-4,726.273139980126,868.351039050808,1366.592,0.721171354994726,549.8000433195359
1370,717.88,0.708371966910615,0.750589986081846,1435.76,2019_yk_138,Yukon,2019,0.709378923908772,0.73153756879104,-5.842053125733e-4,726.273139980126,868.351039050808,1366.592,0.721171354994726,549.8000433195359
1371,718.404,0.709148531321846,0.752927152430495,1436.808,2019_yk_138,Yukon,2019,0.709375324449118,0.731036068481681,-5.0150030935969e-4,726.273139980126,868.351039050808,1366.592,0.721171354994726,549.8000433195359
1372,718.928,0.71013680258809,0.744016745087055,1437.856,2019_yk_138,Yukon,2019,0.709396469155641,0.73046951677429806,-5.6655170738217e-4,726.273139980126,868.351039050808,1366.592,0.721171354994726,549.8000433195359
1373,719.452,0.709614214204881,0.74916504496104,1438.904,2019_yk_138,Yukon,2019,0.709428820122032,0.729850540158143,-6.189766161555e-4,726.273139980126,868.351039050808,1366.592,0.721171354994726,549.8000433195359
1374,719.976,0.709181614875892,0.741654518742933,1439.952,2019_yk_138,Yukon,2019,0.709446052785499,0.72910515022988,-7.4538992826278e-4,726.273139980126,868.351039050808,1366.592,0.721171354994726,549.8000433195359
1375,720.5,0.707923954883088,0.742295429957392,1441,2019_yk_138,Yukon,2019,0.709470503522464,0.728211663523386,-8.9348670649458e-4,726.273139980126,868.351039050808,1366.592,0.721171354994726,549.8000433195359
1376,721.024,0.708889465898403,0.726947678992599,1442.048,2019_yk_138,Yukon,2019,0.709470470248471,0.727267270299765,-9.4439322362094e-4,726.273139980126,868.351039050808,1366.592,0.721171354994726,549.8000433195359
1377,721.548,0.710024385448984,0.729640069472805,1443.096,2019_yk_138,Yukon,2019,0.709490363009699,0.726387034188654,-8.8023611111043e-4,726.273139980126,868.351039050808,1366.592,0.721171354994726,549.8000433195359
1378,722.072,0.708920667427031,0.719464893879903,1444.144,2019_yk_138,Yukon,2019,0.709494693304911,0.725341307349819,-0.00104572683883497,726.273139980126,868.351039050808,1366.592,0.721171354994726,549.8000433195359
1379,722.596,0.711779213356316,0.732273658155894,1445.192,2019_yk_138,Yukon,2019,0.709523636892383,0.724331225333149,-0.00101008201667074,726.273139980126,868.351039050808,1366.592,0.721171354994726,549.8000433195359
1380,723.12,0.711088499708077,0.732102806513905,1446.24,2019_yk_138,Yukon,2019,0.709529175549208,0.72316686300223,-0.0011643623309181,726.273139980126,868.351039050808,1366.592,0.721171354994726,549.8000433195359
1381,723.644,0.709332816807122,0.726215373877423,1447.288,2019_yk_138,Yukon,2019,0.709504500750635,0.722038312978832,-0.00112855002339796,726.273139980126,868.351039050808,1366.592,0.721171354994726,549.8000433195359
1382,724.168,0.711294175667686,0.730107021302788,1448.336,2019_yk_138,Yukon,2019,0.709502844636796,0.72091987121764,-0.00111844176119213,726.273139980126,868.351039050808,1366.592,0.721171354994726,549.8000433195359
1383,724.692,0.707909872215246,0.735028261470733,1449.384,2019_yk_138,Yukon,2019,0.709516553864463,0.719917888310998,-0.001001982906642,726.273139980126,868.351039050808,1366.592,0.721171354994726,549.8000433195359
1384,725.216,0.709273881895834,0.722973852184629,1450.432,2019_yk_138,Yukon,2019,0.709498039061703,0.718861702212022,-0.00105618609897629,726.273139980126,868.351039050808,1366.592,0.721171354994726,549.8000433195359
1385,725.74,0.709113588403824,0.724041801750696,1451.48,2019_yk_138,Yukon,2019,0.709510313426443,0.717366977935242,-0.00149472427677966,726.273139980126,868.351039050808,1366.592,0.721171354994726,549.8000433195359
1386,726.264,0.708964175489609,0.714324125379914,1452.528,2019_yk_138,Yukon,2019,0.709475501940507,0.715862125267769,-0.00150485266747336,726.273139980126,868.351039050808,1366.592,0.721171354994726,549.8000433195359
1387,726.788,0.709744120495861,0.716310553243814,1453.576,2019_yk_138,Yukon,2019,0.709486822566751,0.714351460236974,-0.00151066503079511,726.273139980126,868.351039050808,1366.592,0.721171354994726,549.8000433195359
1388,727.312,0.71145540582652,0.705718194229683,1454.624,2019_yk_138,Yukon,2019,0.709485931049678,0.71278917469086,-0.00156228554611393,726.273139980126,868.351039050808,1366.592,0.721171354994726,549.8000433195359
1389,727.836,0.709438706646695,0.70344285007737,1455.672,2019_yk_138,Yukon,2019,0.709473940444573,0.711368032458391,-0.00142114223246892,726.273139980126,868.351039050808,1366.592,0.721171354994726,549.8000433195359
1390,728.36,0.709316552915632,0.709006156395216,1456.72,2019_yk_138,Yukon,2019,0.70946746226912,0.710047494022323,-0.00132053843606761,726.273139980126,868.351039050808,1366.592,0.721171354994726,549.8000433195359
1391,728.884,0.708915485834986,0.702128494832113,1457.768,2019_yk_138,Yukon,2019,0.70944790109848,0.708437601135196,-0.00160989288712787,726.273139980126,868.351039050808,1366.592,0.721171354994726,549.8000433195359
1392,729.408,0.709467495890929,0.709283222279521,1458.816,2019_yk_138,Yukon,2019,0.709426458416249,0.706638456543769,-0.00179914459142649,726.273139980126,868.351039050808,1366.592,0.721171354994726,549.8000433195359
1393,729.932,0.711328950927467,0.713151168854082,1459.864,2019_yk_138,Yukon,2019,0.709422193684064,0.704964748848496,-0.00167370769527297,726.273139980126,868.351039050808,1366.592,0.721171354994726,549.8000433195359
1394,730.456,0.709069377841792,0.70538979152146,1460.912,2019_yk_138,Yukon,2019,0.70945957379159,0.703223372046402,-0.00174137680209452,726.273139980126,868.351039050808,1366.592,0.721171354994726,549.8000433195359
1395,730.98,0.709727123315974,0.704638265732789,1461.96,2019_yk_138,Yukon,2019,0.709425346945445,0.701532985586804,-0.00169038645959796,726.273139980126,868.351039050808,1366.592,0.721171354994726,549.8000433195359
1396,731.504,0.710126937851173,0.704536896404003,1463.008,2019_yk_138,Yukon,2019,0.709436473444511,0.699841306957971,-0.00169167862883279,726.273139980126,868.351039050808,1366.592,0.721171354994726,549.8000433195359
1397,732.028,0.708993803030822,0.715508774927263,1464.056,2019_yk_138,Yukon,2019,0.709436423899547,0.698332947782434,-0.00150835917553638,726.273139980126,868.351039050808,1366.592,0.721171354994726,549.8000433195359
1398,732.552,0.707878462663869,0.718330150126621,1465.104,2019_yk_138,Yukon,2019,0.709434213737264,0.696722564538554,-0.00161038324388008,726.273139980126,868.351039050808,1366.592,0.721171354994726,549.8000433195359
1399,733.076,0.709063048226526,0.709204468066505,1466.152,2019_yk_138,Yukon,2019,0.709451916435965,0.695038527584833,-0.0016840369537211,726.273139980126,868.351039050808,1366.592,0.721171354994726,549.8000433195359
1400,733.6,0.71018901506884,0.700421445182765,1467.2,2019_yk_138,Yukon,2019,0.7094488962114,0.693300548767748,-0.00173797881708537,726.273139980126,868.351039050808,1366.592,0.721171354994726,549.8000433195359
1401,734.124,0.709281736417348,0.700253324939896,1468.248,2019_yk_138,Yukon,2019,0.709454873750082,0.691578964924748,-0.00172158384299959,726.273139980126,868.351039050808,1366.592,0.721171354994726,549.8000433195359
1402,734.648,0.710819606917119,0.703028235001806,1469.296,2019_yk_138,Yukon,2019,0.709449754549148,0.690149129150026,-0.001429835774722,726.273139980126,868.351039050808,1366.592,0.721171354994726,549.8000433195359
1403,735.172,0.710164352829655,0.696705395265785,1470.344,2019_yk_138,Yukon,2019,0.709452449479519,0.688431720817528,-0.001717408332498,726.273139980126,868.351039050808,1366.592,0.721171354994726,549.8000433195359
1404,735.696,0.709829524032204,0.695390475069751,1471.392,2019_yk_138,Yukon,2019,0.709453069101773,0.686700833925894,-0.00173088689163436,726.273139980126,868.351039050808,1366.592,0.721171354994726,549.8000433195359
1405,736.22,0.709661208726948,0.688942220878284,1472.44,2019_yk_138,Yukon,2019,0.709486388976087,0.685185384705044,-0.00151544922085034,726.273139980126,868.351039050808,1366.592,0.721171354994726,549.8000433195359
1406,736.744,0.709768899127759,0.690234594572301,1473.488,2019_yk_138,Yukon,2019,0.709494592271133,0.683735216797243,-0.00145016790780039,726.273139980126,868.351039050808,1366.592,0.721171354994726,549.8000433195359
1407,737.268,0.71058717510685,0.68346596052119,1474.536,2019_yk_138,Yukon,2019,0.709510710930525,0.682382156839788,-0.00135305995745538,726.273139980126,868.351039050808,1366.592,0.721171354994726,549.8000433195359
1408,737.792,0.70901169782137,0.676182245825671,1475.584,2019_yk_138,Yukon,2019,0.709521987656158,0.681303218651159,-0.00107893818862848,726.273139980126,868.351039050808,1366.592,0.721171354994726,549.8000433195359
1409,738.316,0.709283117245712,0.678291369877173,1476.632,2019_yk_138,Yukon,2019,0.709457116043169,0.679750487143349,-0.00155273150781043,726.273139980126,868.351039050808,1366.592,0.721171354994726,549.8000433195359
1410,738.84,0.708773347565065,0.673644795937723,1477.68,2019_yk_138,Yukon,2019,0.709438339451539,0.678300156132337,-0.00145033101101188,726.273139980126,868.351039050808,1366.592,0.721171354994726,549.8000433195359
1411,739.364,0.708323940943965,0.680139075830395,1478.728,2019_yk_138,Yukon,2019,0.709410020657421,0.676853851306131,-0.00144630482620578,726.273139980126,868.351039050808,1366.592,0.721171354994726,549.8000433195359
1412,739.888,0.709646575961929,0.677267206145394,1479.776,2019_yk_138,Yukon,2019,0.709383241711476,0.675234991128698,-0.00161886017743373,726.273139980126,868.351039050808,1366.592,0.721171354994726,549.8000433195359
1413,740.412,0.70890794490194,0.680506174733504,1480.824,2019_yk_138,Yukon,2019,0.709395013426983,0.673412036098154,-0.00182295503054319,726.273139980126,868.351039050808,1366.592,0.721171354994726,549.8000433195359
1414,740.936,0.707706996739221,0.690338970440253,1481.872,2019_yk_138,Yukon,2019,0.709415660506413,0.671899697429782,-0.0015123386683723,726.273139980126,868.351039050808,1366.592,0.721171354994726,549.8000433195359
1415,741.46,0.709607509654583,0.667964739087076,1482.92,2019_yk_138,Yukon,2019,0.709414120379664,0.670465736742364,-0.0014339606874183,726.273139980126,868.351039050808,1366.592,0.721171354994726,549.8000433195359
1416,741.984,0.707564203293683,0.666696137164527,1483.968,2019_yk_138,Yukon,2019,0.709444995946579,0.669215819938295,-0.00124991680406872,726.273139980126,868.351039050808,1366.592,0.721171354994726,549.8000433195359
1417,742.508,0.710024792266029,0.660019265367677,1485.016,2019_yk_138,Yukon,2019,0.709396229071262,0.668008056513053,-0.00120776342524165,726.273139980126,868.351039050808,1366.592,0.721171354994726,549.8000433195359
1418,743.032,0.710569100875536,0.656930845504155,1486.064,2019_yk_138,Yukon,2019,0.709339374152163,0.666779077718061,-0.00122897879499273,726.273139980126,868.351039050808,1366.592,0.721171354994726,549.8000433195359
1419,743.556,0.710567842046757,0.659326700460774,1487.112,2019_yk_138,Yukon,2019,0.709335350030389,0.665626317055891,-0.00115276066216963,726.273139980126,868.351039050808,1366.592,0.721171354994726,549.8000433195359
1420,744.08,0.708291461533474,0.655019189329709,1488.16,2019_yk_138,Yukon,2019,0.709319763357469,0.664245615772842,-0.00138070128304857,726.273139980126,868.351039050808,1366.592,0.721171354994726,549.8000433195359
1421,744.604,0.709256402075562,0.64484412485606,1489.208,2019_yk_138,Yukon,2019,0.709298661045638,0.662806022001433,-0.00143959377140923,726.273139980126,868.351039050808,1366.592,0.721171354994726,549.8000433195359
1422,745.128,0.707202681111499,0.638151312785932,1490.256,2019_yk_138,Yukon,2019,0.709306626148513,0.661284475720319,-0.00152154628111467,726.273139980126,868.351039050808,1366.592,0.721171354994726,549.8000433195359
1423,745.652,0.710291445843694,0.628594941122235,1491.304,2019_yk_138,Yukon,2019,0.709294173829833,0.659779815817965,-0.00150465990235404,726.273139980126,868.351039050808,1366.592,0.721171354994726,549.8000433195359
1424,746.176,0.711981966647407,0.622762632133907,1492.352,2019_yk_138,Yukon,2019,0.709278938825493,0.658399952466885,-0.00137986335107976,726.273139980126,868.351039050808,1366.592,0.721171354994726,549.8000433195359
1425,746.7,0.707053726248309,0.628143002261261,1493.4,2019_yk_138,Yukon,2019,0.709289092705964,0.656874475335787,-0.00152547713109796,726.273139980126,868.351039050808,1366.592,0.721171354994726,549.8000433195359
1426,747.224,0.708791777095417,0.629319927621757,1494.448,2019_yk_138,Yukon,2019,0.709258884722938,0.65547598768352,-0.00139848765226669,726.273139980126,868.351039050808,1366.592,0.721171354994726,549.8000433195359
1427,747.748,0.707851198336139,0.643487339387593,1495.496,2019_yk_138,Yukon,2019,0.709277219913754,0.654055732169403,-0.00142025551411751,726.273139980126,868.351039050808,1366.592,0.721171354994726,549.8000433195359
1428,748.272,0.709858438437671,0.646194881785207,1496.544,2019_yk_138,Yukon,2019,0.709293235827034,0.65248674469189,-0.00156898747751211,726.273139980126,868.351039050808,1366.592,0.721171354994726,549.8000433195359
1429,748.796,0.710754002715354,0.649627719067775,1497.592,2019_yk_138,Yukon,2019,0.709295160949815,0.651130220718426,-0.00135652397346464,726.273139980126,868.351039050808,1366.592,0.721171354994726,549.8000433195359
1430,749.32,0.70819075343671,0.646311257056723,1498.64,2019_yk_138,Yukon,2019,0.709287350886887,0.650033403300875,-0.00109681741755074,726.273139980126,868.351039050808,1366.592,0.721171354994726,549.8000433195359
1431,749.844,0.709507183642722,0.649632121850524,1499.688,2019_yk_138,Yukon,2019,0.709294105626439,0.648889301160886,-0.00114410213998928,726.273139980126,868.351039050808,1366.592,0.721171354994726,549.8000433195359
1432,750.368,0.709829650532066,0.658226598603735,1500.736,2019_yk_138,Yukon,2019,0.70927168082265,0.647651988556196,-0.00123731260469018,726.273139980126,868.351039050808,1366.592,0.721171354994726,549.8000433195359
1433,750.892,0.709775910027156,0.646120545011161,1501.784,2019_yk_138,Yukon,2019,0.709280181416014,0.646501762676581,-0.001150225879615,726.273139980126,868.351039050808,1366.592,0.721171354994726,549.8000433195359
1434,751.416,0.709218792211154,0.63780130524487,1502.832,2019_yk_138,Yukon,2019,0.709272443957415,0.645354565363501,-0.00114719731307977,726.273139980126,868.351039050808,1366.592,0.721171354994726,549.8000433195359
1435,751.94,0.709923147341909,0.651368476706368,1503.88,2019_yk_138,Yukon,2019,0.70924974326165,0.644346309598755,-0.00100825576474628,726.273139980126,868.351039050808,1366.592,0.721171354994726,549.8000433195359
1436,752.464,0.709381663601144,0.63993760452457,1504.928,2019_yk_138,Yukon,2019,0.709250070870355,0.643232232417042,-0.00111407718171286,726.273139980126,868.351039050808,1366.592,0.721171354994726,549.8000433195359
1437,752.988,0.710991505012492,0.648456472025483,1505.976,2019_yk_138,Yukon,2019,0.709219607376573,0.642267787305342,-9.6444511170013e-4,726.273139980126,868.351039050808,1366.592,0.721171354994726,549.8000433195359
1438,753.512,0.709597270965026,0.654728602562194,1507.024,2019_yk_138,Yukon,2019,0.709211424013398,0.64129357646108,-9.7421084426185e-4,726.273139980126,868.351039050808,1366.592,0.721171354994726,549.8000433195359
1439,754.036,0.707886916576991,0.639109767687272,1508.072,2019_yk_138,Yukon,2019,0.709209402897976,0.640396460653885,-8.9711580719442e-4,726.273139980126,868.351039050808,1366.592,0.721171354994726,549.8000433195359
1440,754.56,0.709961904210244,0.645082945853188,1509.12,2019_yk_138,Yukon,2019,0.709218037425143,0.639412116591692,-9.8434406219349e-4,726.273139980126,868.351039050808,1366.592,0.721171354994726,549.8000433195359
1441,755.084,0.707633689160084,0.63943708430508,1510.168,2019_yk_138,Yukon,2019,0.709253271942379,0.638128739299807,-0.00128337729188444,726.273139980126,868.351039050808,1366.592,0.721171354994726,549.8000433195359
1442,755.608,0.709687438910953,0.632975410656765,1511.216,2019_yk_138,Yukon,2019,0.709282226895556,0.637014011656424,-0.00111472764338361,726.273139980126,868.351039050808,1366.592,0.721171354994726,549.8000433195359
1443,756.132,0.708616175145661,0.625650959638141,1512.264,2019_yk_138,Yukon,2019,0.709284158182719,0.635896500145467,-0.00111751151095707,726.273139980126,868.351039050808,1366.592,0.721171354994726,549.8000433195359
1444,756.656,0.710512706661672,0.632233532082296,1513.312,2019_yk_138,Yukon,2019,0.709310225823218,0.634502093641901,-0.00139440650356559,726.273139980126,868.351039050808,1366.592,0.721171354994726,549.8000433195359
1445,757.18,0.709021180798901,0.638004160505599,1514.36,2019_yk_138,Yukon,2019,0.709296001115182,0.633428978719558,-0.00107311492234319,726.273139980126,868.351039050808,1366.592,0.721171354994726,549.8000433195359
1446,757.704,0.710816709504451,0.63932911713579,1515.408,2019_yk_138,Yukon,2019,0.709367501247902,0.632671986927515,-7.5699179204313e-4,726.273139980126,868.351039050808,1366.592,0.721171354994726,549.8000433195359
1447,758.228,0.706818107976869,0.643844747729311,1516.456,2019_yk_138,Yukon,2019,0.7093025774886,0.631854465958844,-8.1752096867038e-4,726.273139980126,868.351039050808,1366.592,0.721171354994726,549.8000433195359
1448,758.752,0.708044110680606,0.63197946653012,1517.504,2019_yk_138,Yukon,2019,0.709279077018811,0.631052702453366,-8.0176350547844e-4,726.273139980126,868.351039050808,1366.592,0.721171354994726,549.8000433195359
1449,759.276,0.709197259340237,0.634277210347201,1518.552,2019_yk_138,Yukon,2019,0.709221983588608,0.630039211288227,-0.00101349116513916,726.273139980126,868.351039050808,1366.592,0.721171354994726,549.8000433195359
1450,759.8,0.708381352540454,0.626164079412301,1519.6,2019_yk_138,Yukon,2019,0.709200515505547,0.629195872505023,-8.433387832043e-4,726.273139980126,868.351039050808,1366.592,0.721171354994726,549.8000433195359
1451,760.324,0.707649347125119,0.615752868547558,1520.648,2019_yk_138,Yukon,2019,0.709239838273812,0.628499380402244,-6.96492102779e-4,726.273139980126,868.351039050808,1366.592,0.721171354994726,549.8000433195359
1452,760.848,0.709945402063411,0.617990445412642,1521.696,2019_yk_138,Yukon,2019,0.709269399512324,0.627962165634817,-5.3721476742651e-4,726.273139980126,868.351039050808,1366.592,0.721171354994726,549.8000433195359
1453,761.372,0.710581811806655,0.622871574712836,1522.744,2019_yk_138,Yukon,2019,0.709307791952653,0.627628249979684,-3.3391565513263e-4,726.273139980126,868.351039050808,1366.592,0.721171354994726,549.8000433195359
1454,761.896,0.708155277581375,0.622597990456673,1523.792,2019_yk_138,Yukon,2019,0.70926009663372,0.627289125981695,-3.3912399798929e-4,726.273139980126,868.351039050808,1366.592,0.721171354994726,549.8000433195359
1455,762.42,0.710336356144264,0.613109637866912,1524.84,2019_yk_138,Yukon,2019,0.70930237592912,0.626928242339221,-3.6088364247377e-4,726.273139980126,868.351039050808,1366.592,0.721171354994726,549.8000433195359
1456,762.944,0.708314458869606,0.620627637268006,1525.888,2019_yk_138,Yukon,2019,0.709296406618685,0.626416250956997,-5.119913822239e-4,726.273139980126,868.351039050808,1366.592,0.721171354994726,549.8000433195359
1457,763.468,0.710093914479804,0.630293444080215,1526.936,2019_yk_138,Yukon,2019,0.709279234116825,0.625747241541015,-6.6900941598224e-4,726.273139980126,868.351039050808,1366.592,0.721171354994726,549.8000433195359
1458,763.992,0.708839417460651,0.624190901475895,1527.984,2019_yk_138,Yukon,2019,0.709264665054466,0.625026193566799,-7.2104797421612e-4,726.273139980126,868.351039050808,1366.592,0.721171354994726,549.8000433195359
1459,764.516,0.709178555593368,0.627813029658627,1529.032,2019_yk_138,Yukon,2019,0.709265631989853,0.624159476755806,-8.6671681099281e-4,726.273139980126,868.351039050808,1366.592,0.721171354994726,549.8000433195359
1460,765.04,0.70972041129318,0.634612400129715,1530.08,2019_yk_138,Yukon,2019,0.709292874991315,0.623362057003626,-7.9741975217995e-4,726.273139980126,868.351039050808,1366.592,0.721171354994726,549.8000433195359
1461,765.564,0.709687020790463,0.631607196540544,1531.128,2019_yk_138,Yukon,2019,0.709287106610554,0.622554565896758,-8.074911068685e-4,726.273139980126,868.351039050808,1366.592,0.721171354994726,549.8000433195359
1462,766.088,0.709474118689803,0.628789478720399,1532.176,2019_yk_138,Yukon,2019,0.709312591266456,0.621577333355944,-9.7723254081416e-4,726.273139980126,868.351039050808,1366.592,0.721171354994726,549.8000433195359
1463,766.612,0.710674388431441,0.62769184248888,1533.224,2019_yk_138,Yukon,2019,0.709304936176676,0.621018110799741,-5.5922255620299e-4,726.273139980126,868.351039050808,1366.592,0.721171354994726,549.8000433195359
1464,767.136,0.709365276516279,0.626558636284963,1534.272,2019_yk_138,Yukon,2019,0.709287853183169,0.620607130430786,-4.1098036895459e-4,726.273139980126,868.351039050808,1366.592,0.721171354994726,549.8000433195359
1465,767.66,0.708299166981073,0.628446874993512,1535.32,2019_yk_138,Yukon,2019,0.709292295020338,0.619740370379875,-8.6676005091146e-4,726.273139980126,868.351039050808,1366.592,0.721171354994726,549.8000433195359
1466,768.184,0.709788555650041,0.62338996366953,1536.368,2019_yk_138,Yukon,2019,0.709303745095716,0.619114595579088,-6.2577480078673e-4,726.273139980126,868.351039050808,1366.592,0.721171354994726,549.8000433195359
1467,768.708,0.708759365479949,0.62559925381918,1537.416,2019_yk_138,Yukon,2019,0.709255383461192,0.618451886101861,-6.6270947722657e-4,726.273139980126,868.351039050808,1366.592,0.721171354994726,549.8000433195359
1468,769.232,0.708520696030862,0.617729595169958,1538.464,2019_yk_138,Yukon,2019,0.70926166608736,0.617646450848102,-8.0543525375909e-4,726.273139980126,868.351039050808,1366.592,0.721171354994726,549.8000433195359
1469,769.756,0.709161850320414,0.6244644214455,1539.512,2019_yk_138,Yukon,2019,0.709305601189725,0.617024557300394,-6.218935477078e-4,726.273139980126,868.351039050808,1366.592,0.721171354994726,549.8000433195359
1470,770.28,0.709291419195075,0.61458415220612,1540.56,2019_yk_138,Yukon,2019,0.709266297637728,0.616453481250096,-5.7107605029782e-4,726.273139980126,868.351039050808,1366.592,0.721171354994726,549.8000433195359
1471,770.804,0.710438011978099,0.603136438317324,1541.608,2019_yk_138,Yukon,2019,0.709274832456062,0.6160111635592,-4.4231769089675e-4,726.273139980126,868.351039050808,1366.592,0.721171354994726,549.8000433195359
1472,771.328,0.711383873152572,0.610383547542373,1542.656,2019_yk_138,Yukon,2019,0.709289349860185,0.61566817210690306,-3.4299145229688e-4,726.273139980126,868.351039050808,1366.592,0.721171354994726,549.8000433195359
1473,771.852,0.709023822131705,0.613455484076077,1543.704,2019_yk_138,Yukon,2019,0.709310471841327,0.615634075408494,-3.40966984087032e-5,726.273139980126,868.351039050808,1366.592,0.721171354994726,549.8000433195359
1474,772.376,0.709271055169135,0.606674580226317,1544.752,2019_yk_138,Yukon,2019,0.709279310723759,0.615675762368518,4.16869600239345e-5,726.273139980126,868.351039050808,1366.592,0.721171354994726,549.8000433195359
1475,772.9,0.708754027172443,0.603577843746482,1545.8,2019_yk_138,Yukon,2019,0.709265313105015,0.61560525383835,-7.05085301677677e-5,726.273139980126,868.351039050808,1366.592,0.721171354994726,549.8000433195359
1476,773.424,0.711854211256922,0.62127662964194,1546.848,2019_yk_138,Yukon,2019,0.709244300087002,0.615501097418947,-1.041564194032e-4,726.273139980126,868.351039050808,1366.592,0.721171354994726,549.8000433195359
1477,773.948,0.706129366707904,0.610968007247452,1547.896,2019_yk_138,Yukon,2019,0.709301374279121,0.615157174198096,-3.439232208513e-4,726.273139980126,868.351039050808,1366.592,0.721171354994726,549.8000433195359
1478,774.472,0.709159072688178,0.608825035175445,1548.944,2019_yk_138,Yukon,2019,0.709358324457834,0.615138460867497,-1.87133305987741e-5,726.273139980126,868.351039050808,1366.592,0.721171354994726,549.8000433195359
1479,774.996,0.707142236234581,0.598517230552425,1549.992,2019_yk_138,Yukon,2019,0.709359401867769,0.615118955809221,-1.95050582756373e-5,726.273139980126,868.351039050808,1366.592,0.721171354994726,549.8000433195359
1480,775.52,0.707003376549795,0.604418862337446,1551.04,2019_yk_138,Yukon,2019,0.70936872751483,0.615153942756655,3.49869474339792e-5,726.273139980126,868.351039050808,1366.592,0.721171354994726,549.8000433195359
1481,776.044,0.711615768171448,0.60305459868932,1552.088,2019_yk_138,Yukon,2019,0.709386036169484,0.615310076885059,1.5613412840376e-4,726.273139980126,868.351039050808,1366.592,0.721171354994726,549.8000433195359
1482,776.568,0.708976355422226,0.605918426740344,1553.136,2019_yk_138,Yukon,2019,0.709374232972737,0.615445042137349,1.3496525229006e-4,726.273139980126,868.351039050808,1366.592,0.721171354994726,549.8000433195359
1483,777.092,0.712594992263446,0.608560001814273,1554.184,2019_yk_138,Yukon,2019,0.709327128550598,0.615421973143969,-2.30689933801154e-5,726.273139980126,868.351039050808,1366.592,0.721171354994726,549.8000433195359
1484,777.616,0.709120247511399,0.602415192254547,1555.232,2019_yk_138,Yukon,2019,0.709351675611883,0.615386202781169,-3.57703628001138e-5,726.273139980126,868.351039050808,1366.592,0.721171354994726,549.8000433195359
1485,778.14,0.709590483972313,0.606489983712832,1556.28,2019_yk_138,Yukon,2019,0.709340149447227,0.615500997023472,1.1479424230354e-4,726.273139980126,868.351039050808,1366.592,0.721171354994726,549.8000433195359
1486,778.664,0.70843361846936,0.598600444688323,1557.328,2019_yk_138,Yukon,2019,0.709346863495376,0.615608653220956,1.0765619748365e-4,726.273139980126,868.351039050808,1366.592,0.721171354994726,549.8000433195359
1487,779.188,0.706820848224514,0.603346774428662,1558.376,2019_yk_138,Yukon,2019,0.709342490867071,0.615393941579924,-2.1471164103259e-4,726.273139980126,868.351039050808,1366.592,0.721171354994726,549.8000433195359
1488,779.712,0.708984294696163,0.60293200333224,1559.424,2019_yk_138,Yukon,2019,0.709323702791446,0.615287189851556,-1.0675172836727e-4,726.273139980126,868.351039050808,1366.592,0.721171354994726,549.8000433195359
1489,780.236,0.710812018838571,0.597624710408203,1560.472,2019_yk_138,Yukon,2019,0.709312910235195,0.615294741043456,7.55119189932429e-6,726.273139980126,868.351039050808,1366.592,0.721171354994726,549.8000433195359
1490,780.76,0.709825333524379,0.598466071925927,1561.52,2019_yk_138,Yukon,2019,0.709291752890937,0.61510368877067,-1.9105227278537e-4,726.273139980126,868.351039050808,1366.592,0.721171354994726,549.8000433195359
1491,781.284,0.709161080797104,0.601182655438416,1562.568,2019_yk_138,Yukon,2019,0.709259232982019,0.614987018175008,-1.16670595662e-4,726.273139980126,868.351039050808,1366.592,0.721171354994726,549.8000433195359
1492,781.808,0.711358729886169,0.599592646154881,1563.616,2019_yk_138,Yukon,2019,0.709241394591065,0.614909462565128,-7.75556098806529e-5,726.273139980126,868.351039050808,1366.592,0.721171354994726,549.8000433195359
1493,782.332,0.70931660464035,0.612567191638982,1564.664,2019_yk_138,Yukon,2019,0.709240633608281,0.614868777858924,-4.06847062038862e-5,726.273139980126,868.351039050808,1366.592,0.721171354994726,549.8000433195359
1494,782.856,0.708193812600759,0.613142483107597,1565.712,2019_yk_138,Yukon,2019,0.709216506295026,0.614809895023585,-5.88828353382809e-5,726.273139980126,868.351039050808,1366.592,0.721171354994726,549.8000433195359
1495,783.38,0.710189657572022,0.599362873651677,1566.76,2019_yk_138,Yukon,2019,0.709215452230934,0.614633333473546,-1.7656155003986e-4,726.273139980126,868.351039050808,1366.592,0.721171354994726,549.8000433195359
1496,783.904,0.710068668123861,0.602391116477367,1567.808,2019_yk_138,Yukon,2019,0.70918648681347,0.61444258570529,-1.9074776825522e-4,726.273139980126,868.351039050808,1366.592,0.721171354994726,549.8000433195359
1497,784.428,0.708089806941019,0.60869390339189,1568.856,2019_yk_138,Yukon,2019,0.709171337955082,0.614157350997982,-2.8523470730845e-4,726.273139980126,868.351039050808,1366.592,0.721171354994726,549.8000433195359
1498,784.952,0.709974228535111,0.606402487336647,1569.904,2019_yk_138,Yukon,2019,0.709208381062686,0.614031882416015,-1.2546858196704e-4,726.273139980126,868.351039050808,1366.592,0.721171354994726,549.8000433195359
1499,785.476,0.710523022718886,0.601796154824803,1570.952,2019_yk_138,Yukon,2019,0.70919232947875,0.613892819074467,-1.3906334154756e-4,726.273139980126,868.351039050808,1366.592,0.721171354994726,549.8000433195359
1500,786,0.707603691090413,0.610818382835323,1572,2019_yk_138,Yukon,2019,0.70917375513503,0.613818990194151,-7.38288803161513e-5,726.273139980126,868.351039050808,1366.592,0.721171354994726,549.8000433195359
1501,786.524,0.70814577826013,0.612898022851267,1573.048,2019_yk_138,Yukon,2019,0.709136802433581,0.613965796022108,1.4680582795645e-4,726.273139980126,868.351039050808,1366.592,0.721171354994726,549.8000433195359
1502,787.048,0.710558483158368,0.612395923518954,1574.096,2019_yk_138,Yukon,2019,0.709095829548705,0.614065482056364,9.96860342564743e-5,726.273139980126,868.351039050808,1366.592,0.721171354994726,549.8000433195359
1503,787.572,0.709883494014178,0.623605157733616,1575.144,2019_yk_138,Yukon,2019,0.709088763470252,0.61415715289935,9.16708429854474e-5,726.273139980126,868.351039050808,1366.592,0.721171354994726,549.8000433195359
1504,788.096,0.708643039607594,0.634734749683728,1576.192,2019_yk_138,Yukon,2019,0.709065011060141,0.614516866142118,3.5971324276873e-4,726.273139980126,868.351039050808,1366.592,0.721171354994726,549.8000433195359
1505,788.62,0.708181323674262,0.633773648695535,1577.24,2019_yk_138,Yukon,2019,0.70906891019423,0.614821169645684,3.0430350356625e-4,726.273139980126,868.351039050808,1366.592,0.721171354994726,549.8000433195359
1506,789.144,0.709555928423665,0.633079731971593,1578.288,2019_yk_138,Yukon,2019,0.709010208334501,0.614867972607035,4.68029613501786e-5,726.273139980126,868.351039050808,1366.592,0.721171354994726,549.8000433195359
1507,789.668,0.710242559503991,0.623209354478233,1579.336,2019_yk_138,Yukon,2019,0.709065346295925,0.615051040379018,1.8306777198384e-4,726.273139980126,868.351039050808,1366.592,0.721171354994726,549.8000433195359
1508,790.192,0.711461121403368,0.630856666694193,1580.384,2019_yk_138,Yukon,2019,0.709054445011334,0.615386109202339,3.350688233209e-4,726.273139980126,868.351039050808,1366.592,0.721171354994726,549.8000433195359
1509,790.716,0.709261903936366,0.633106906850665,1581.432,2019_yk_138,Yukon,2019,0.709102129914397,0.61585326335833,4.6715415599096e-4,726.273139980126,868.351039050808,1366.592,0.721171354994726,549.8000433195359
1510,791.24,0.708940891364127,0.628263296258337,1582.48,2019_yk_138,Yukon,2019,0.70912531230743,0.616379774428559,5.2651107022883e-4,726.273139980126,868.351039050808,1366.592,0.721171354994726,549.8000433195359
1511,791.764,0.708687866404368,0.625120916251784,1583.528,2019_yk_138,Yukon,2019,0.709099960213316,0.616887925388965,5.0815096040546e-4,726.273139980126,868.351039050808,1366.592,0.721171354994726,549.8000433195359
1512,792.288,0.70923721025857,0.626088360550045,1584.576,2019_yk_138,Yukon,2019,0.709118023598405,0.617281308877236,3.93383488271e-4,726.273139980126,868.351039050808,1366.592,0.721171354994726,549.8000433195359
1513,792.812,0.707755546478299,0.621487435110031,1585.624,2019_yk_138,Yukon,2019,0.709093317435917,0.617538748996476,2.5744011924078e-4,726.273139980126,868.351039050808,1366.592,0.721171354994726,549.8000433195359
1514,793.336,0.709628101258515,0.620451768688662,1586.672,2019_yk_138,Yukon,2019,0.709079150442862,0.617944179049625,4.0543005314819e-4,726.273139980126,868.351039050808,1366.592,0.721171354994726,549.8000433195359
1515,793.86,0.709644786264871,0.619997292405126,1587.72,2019_yk_138,Yukon,2019,0.709099134951893,0.618337662570528,3.9348352090318e-4,726.273139980126,868.351039050808,1366.592,0.721171354994726,549.8000433195359
1516,794.384,0.708717301758547,0.627087009117022,1588.768,2019_yk_138,Yukon,2019,0.709141039096507,0.618772313181247,4.346506107189e-4,726.273139980126,868.351039050808,1366.592,0.721171354994726,549.8000433195359
1517,794.908,0.709831556781487,0.617410745618258,1589.816,2019_yk_138,Yukon,2019,0.709190226516339,0.619118289290815,3.4597610956788e-4,726.273139980126,868.351039050808,1366.592,0.721171354994726,549.8000433195359
1518,795.432,0.707712132923146,0.617785797773857,1590.864,2019_yk_138,Yukon,2019,0.709197871984852,0.619418686284488,3.0039699367323e-4,726.273139980126,868.351039050808,1366.592,0.721171354994726,549.8000433195359
1519,795.956,0.708531002218319,0.62826610117259,1591.912,2019_yk_138,Yukon,2019,0.709154294056034,0.619772540654214,3.5385436972668e-4,726.273139980126,868.351039050808,1366.592,0.721171354994726,549.8000433195359
1520,796.48,0.708450970637704,0.623149263762599,1592.96,2019_yk_138,Yukon,2019,0.709144314619293,0.620259252624771,4.867119705566e-4,726.273139980126,868.351039050808,1366.592,0.721171354994726,549.8000433195359
1521,797.004,0.707735826255409,0.624606960800826,1594.008,2019_yk_138,Yukon,2019,0.709160443615142,0.620601355844196,3.4210321942473e-4,726.273139980126,868.351039050808,1366.592,0.721171354994726,549.8000433195359
1522,797.528,0.708403815232541,0.624136142127556,1595.056,2019_yk_138,Yukon,2019,0.709124278279142,0.620923587075813,3.2223123161667e-4,726.273139980126,868.351039050808,1366.592,0.721171354994726,549.8000433195359
1523,798.052,0.710628729464427,0.625250760116651,1596.104,2019_yk_138,Yukon,2019,0.709068087384567,0.621083195541341,1.5960846552809e-4,726.273139980126,868.351039050808,1366.592,0.721171354994726,549.8000433195359
1524,798.576,0.707917637720942,0.623025666164668,1597.152,2019_yk_138,Yukon,2019,0.709110218982452,0.621347548999249,2.6435345790876e-4,726.273139980126,868.351039050808,1366.592,0.721171354994726,549.8000433195359
1525,799.1,0.708235923135555,0.617853181991119,1598.2,2019_yk_138,Yukon,2019,0.709075115760539,0.621789048085006,4.4149908575685e-4,726.273139980126,868.351039050808,1366.592,0.721171354994726,549.8000433195359
1526,799.624,0.708050630602186,0.611945097574213,1599.248,2019_yk_138,Yukon,2019,0.709047294999082,0.622238105933791,4.4905784878468e-4,726.273139980126,868.351039050808,1366.592,0.721171354994726,549.8000433195359
1527,800.148,0.707850433976683,0.608485171380675,1600.296,2019_yk_138,Yukon,2019,0.709070401021277,0.622589500500783,3.5139456699195e-4,726.273139980126,868.351039050808,1366.592,0.721171354994726,549.8000433195359
1528,800.672,0.71074328248711,0.610201480251933,1601.344,2019_yk_138,Yukon,2019,0.709052486198403,0.623317551244014,7.2805074323112e-4,726.273139980126,868.351039050808,1366.592,0.721171354994726,549.8000433195359
1529,801.196,0.708198755284257,0.616120620952649,1602.392,2019_yk_138,Yukon,2019,0.709048515207397,0.62402739870228,7.0984745826552e-4,726.273139980126,868.351039050808,1366.592,0.721171354994726,549.8000433195359
1530,801.72,0.708176958571887,0.61015441938715,1603.44,2019_yk_138,Yukon,2019,0.709090371022104,0.624601697220285,5.7429851800572e-4,726.273139980126,868.351039050808,1366.592,0.721171354994726,549.8000433195359
1531,802.244,0.708220849891129,0.611944787994712,1604.488,2019_yk_138,Yukon,2019,0.709076048464503,0.625143862109935,5.4216488964964e-4,726.273139980126,868.351039050808,1366.592,0.721171354994726,549.8000433195359
1532,802.768,0.708925500060037,0.61636470959776,1605.536,2019_yk_138,Yukon,2019,0.709084011995077,0.625890594046111,7.4673193617624e-4,726.273139980126,868.351039050808,1366.592,0.721171354994726,549.8000433195359
1533,803.292,0.708599857424503,0.618955734655208,1606.584,2019_yk_138,Yukon,2019,0.709060004937923,0.626399708514037,5.0911446792545e-4,726.273139980126,868.351039050808,1366.592,0.721171354994726,549.8000433195359
1534,803.816,0.707845910562515,0.628257374792436,1607.632,2019_yk_138,Yukon,2019,0.709081222420895,0.626667244015644,2.6753550160729e-4,726.273139980126,868.351039050808,1366.592,0.721171354994726,549.8000433195359
1535,804.34,0.708987975217728,0.621836053960451,1608.68,2019_yk_138,Yukon,2019,0.709101691003448,0.627082132721289,4.1488870564532e-4,726.273139980126,868.351039050808,1366.592,0.721171354994726,549.8000433195359
1536,804.864,0.708332099673214,0.624084807322952,1609.728,2019_yk_138,Yukon,2019,0.709123695953831,0.6274508027409,3.6867001961105e-4,726.273139980126,868.351039050808,1366.592,0.721171354994726,549.8000433195359
1537,805.388,0.70943764439336,0.621952073566488,1610.776,2019_yk_138,Yukon,2019,0.70911318756751,0.6280963499005,6.4554715959919e-4,726.273139980126,868.351039050808,1366.592,0.721171354994726,549.8000433195359
1538,805.912,0.708504995612692,0.628929164574705,1611.824,2019_yk_138,Yukon,2019,0.709070663840024,0.628667163800192,5.7081389969293e-4,726.273139980126,868.351039050808,1366.592,0.721171354994726,549.8000433195359
1539,806.436,0.710003330418352,0.626546479911881,1612.872,2019_yk_138,Yukon,2019,0.709059946094897,0.629156159031208,4.8899523101608e-4,726.273139980126,868.351039050808,1366.592,0.721171354994726,549.8000433195359
1540,806.96,0.708394320131794,0.636009526551175,1613.92,2019_yk_138,Yukon,2019,0.70907916006207,0.62966616609636,5.1000706515125e-4,726.273139980126,868.351039050808,1366.592,0.721171354994726,549.8000433195359
1541,807.484,0.710094642524588,0.633543656313652,1614.968,2019_yk_138,Yukon,2019,0.709110442545788,0.630239022744651,5.7285664829087e-4,726.273139980126,868.351039050808,1366.592,0.721171354994726,549.8000433195359
1542,808.008,0.710060158527607,0.629521436036603,1616.016,2019_yk_138,Yukon,2019,0.709102862192358,0.630984740970535,7.4571822588465e-4,726.273139980126,868.351039050808,1366.592,0.721171354994726,549.8000433195359
1543,808.532,0.711112622514118,0.624006408968719,1617.064,2019_yk_138,Yukon,2019,0.709141793481857,0.631723163910142,7.3842293960668e-4,726.273139980126,868.351039050808,1366.592,0.721171354994726,549.8000433195359
1544,809.056,0.708270227928095,0.626740995443439,1618.112,2019_yk_138,Yukon,2019,0.709124469996142,0.632643065363217,9.1990145307541e-4,726.273139980126,868.351039050808,1366.592,0.721171354994726,549.8000433195359
1545,809.58,0.710789554514224,0.630098994967021,1619.16,2019_yk_138,Yukon,2019,0.709120702134277,0.63341267797897,7.6961261575314e-4,726.273139980126,868.351039050808,1366.592,0.721171354994726,549.8000433195359
1546,810.104,0.710947867146164,0.624679481331465,1620.208,2019_yk_138,Yukon,2019,0.709138601056179,0.634136366776021,7.2368879705087e-4,726.273139980126,868.351039050808,1366.592,0.721171354994726,549.8000433195359
1547,810.628,0.709772093414435,0.624105341002735,1621.256,2019_yk_138,Yukon,2019,0.709135017084622,0.634940480006754,8.0411323073281e-4,726.273139980126,868.351039050808,1366.592,0.721171354994726,549.8000433195359
1548,811.152,0.709443022806944,0.620955822952627,1622.304,2019_yk_138,Yukon,2019,0.70915857437285,0.635622295309452,6.8181530269761e-4,726.273139980126,868.351039050808,1366.592,0.721171354994726,549.8000433195359
1549,811.676,0.708197343109493,0.61885597259181,1623.352,2019_yk_138,Yukon,2019,0.709193354461666,0.636166605637594,5.4431032814217e-4,726.273139980126,868.351039050808,1366.592,0.721171354994726,549.8000433195359
1550,812.2,0.709226567319906,0.627668790159316,1624.4,2019_yk_138,Yukon,2019,0.709193690038132,0.636839633854343,6.7302821674886e-4,726.273139980126,868.351039050808,1366.592,0.721171354994726,549.8000433195359
1551,812.724,0.710128820548048,0.621708848603903,1625.448,2019_yk_138,Yukon,2019,0.709212560492759,0.637353784119423,5.1415026508028e-4,726.273139980126,868.351039050808,1366.592,0.721171354994726,549.8000433195359
1552,813.248,0.709188809726186,0.61892652005188,1626.496,2019_yk_138,Yukon,2019,0.709223247245433,0.638060017970677,7.0623385125356e-4,726.273139980126,868.351039050808,1366.592,0.721171354994726,549.8000433195359
1553,813.772,0.705945150965859,0.622143699570671,1627.544,2019_yk_138,Yukon,2019,0.709215905798506,0.638943297453427,8.8327948275002e-4,726.273139980126,868.351039050808,1366.592,0.721171354994726,549.8000433195359
1554,814.296,0.710721708473838,0.629003690582122,1628.592,2019_yk_138,Yukon,2019,0.709231791746954,0.639883843782709,9.4054632928264e-4,726.273139980126,868.351039050808,1366.592,0.721171354994726,549.8000433195359
1555,814.82,0.708083464257287,0.625852818797088,1629.64,2019_yk_138,Yukon,2019,0.709248852805843,0.641087626090302,0.00120378230759244,726.273139980126,868.351039050808,1366.592,0.721171354994726,549.8000433195359
1556,815.344,0.708399422436427,0.629334587404448,1630.688,2019_yk_138,Yukon,2019,0.709287995748413,0.642259246347074,0.0011716202567722,726.273139980126,868.351039050808,1366.592,0.721171354994726,549.8000433195359
1557,815.868,0.709476168272737,0.62977757741140294,1631.736,2019_yk_138,Yukon,2019,0.709312653982193,0.643423238956892,0.00116399260981814,726.273139980126,868.351039050808,1366.592,0.721171354994726,549.8000433195359
1558,816.392,0.70889933916265,0.650085531930514,1632.784,2019_yk_138,Yukon,2019,0.709282509150029,0.644530860899768,0.00110762194287573,726.273139980126,868.351039050808,1366.592,0.721171354994726,549.8000433195359
1559,816.916,0.710284763258547,0.644387002320731,1633.832,2019_yk_138,Yukon,2019,0.709297259075562,0.645783852571676,0.00125299167190773,726.273139980126,868.351039050808,1366.592,0.721171354994726,549.8000433195359
1560,817.44,0.710115039972816,0.645276293915667,1634.88,2019_yk_138,Yukon,2019,0.709305853416953,0.647031552588088,0.0012477000164125,726.273139980126,868.351039050808,1366.592,0.721171354994726,549.8000433195359
1561,817.964,0.707286424804056,0.645427916230245,1635.928,2019_yk_138,Yukon,2019,0.709318899744985,0.648472764510629,0.00144121192254065,726.273139980126,868.351039050808,1366.592,0.721171354994726,549.8000433195359
1562,818.488,0.711036294992836,0.657199839689526,1636.976,2019_yk_138,Yukon,2019,0.709342933498827,0.649741966565138,0.00126920205450887,726.273139980126,868.351039050808,1366.592,0.721171354994726,549.8000433195359
1563,819.012,0.708443070584898,0.654152025809151,1638.024,2019_yk_138,Yukon,2019,0.709365846457063,0.651064658935901,0.00132269237076321,726.273139980126,868.351039050808,1366.592,0.721171354994726,549.8000433195359
1564,819.536,0.709916088585934,0.65078687978016,1639.072,2019_yk_138,Yukon,2019,0.709381746710667,0.65238453476112,0.00131987582521897,726.273139980126,868.351039050808,1366.592,0.721171354994726,549.8000433195359
1565,820.06,0.709409438627415,0.658666971034253,1640.12,2019_yk_138,Yukon,2019,0.709392796434834,0.653616345379912,0.00123181061879185,726.273139980126,868.351039050808,1366.592,0.721171354994726,549.8000433195359
1566,820.584,0.710876225446678,0.655199933148252,1641.168,2019_yk_138,Yukon,2019,0.709449698887188,0.65483422678591,0.00121788140599799,726.273139980126,868.351039050808,1366.592,0.721171354994726,549.8000433195359
1567,821.108,0.709612056324732,0.661942184054191,1642.216,2019_yk_138,Yukon,2019,0.709471971845975,0.655982655201718,0.00114842841580876,726.273139980126,868.351039050808,1366.592,0.721171354994726,549.8000433195359
1568,821.632,0.70890969775422,0.665105500675767,1643.264,2019_yk_138,Yukon,2019,0.70950294437198,0.656927713217559,9.4505801584066e-4,726.273139980126,868.351039050808,1366.592,0.721171354994726,549.8000433195359
1569,822.156,0.708618839228728,0.662446620711637,1644.312,2019_yk_138,Yukon,2019,0.709523381481025,0.657965266764153,0.00103755354659396,726.273139980126,868.351039050808,1366.592,0.721171354994726,549.8000433195359
1570,822.68,0.710093729394508,0.658863720167407,1645.36,2019_yk_138,Yukon,2019,0.709535686735433,0.658866682687621,9.0141592346804e-4,726.273139980126,868.351039050808,1366.592,0.721171354994726,549.8000433195359
1571,823.204,0.710564815427444,0.659492315149243,1646.408,2019_yk_138,Yukon,2019,0.709561570364494,0.659755690445518,8.890077578969e-4,726.273139980126,868.351039050808,1366.592,0.721171354994726,549.8000433195359
1572,823.728,0.708782389052773,0.670831454103124,1647.456,2019_yk_138,Yukon,2019,0.709558162292804,0.660847018935184,0.00109132848966587,726.273139980126,868.351039050808,1366.592,0.721171354994726,549.8000433195359
1573,824.252,0.710091423848225,0.665792811486431,1648.504,2019_yk_138,Yukon,2019,0.709538744995638,0.661987161940444,0.00114014300526066,726.273139980126,868.351039050808,1366.592,0.721171354994726,549.8000433195359
1574,824.776,0.708588692115641,0.675645855873184,1649.552,2019_yk_138,Yukon,2019,0.70955969545313,0.662965812185609,9.786502451643e-4,726.273139980126,868.351039050808,1366.592,0.721171354994726,549.8000433195359
1575,825.3,0.709418714552974,0.666174049350311,1650.6,2019_yk_138,Yukon,2019,0.70954602580369,0.664009935742496,0.00104412355688743,726.273139980126,868.351039050808,1366.592,0.721171354994726,549.8000433195359
1576,825.824,0.70979123707263,0.670508336940076,1651.648,2019_yk_138,Yukon,2019,0.709503311089268,0.665027690635325,0.0010177548928284,726.273139980126,868.351039050808,1366.592,0.721171354994726,549.8000433195359
1577,826.348,0.709616518488108,0.665657539462227,1652.696,2019_yk_138,Yukon,2019,0.709482624054317,0.66624091658646,0.00121322595113493,726.273139980126,868.351039050808,1366.592,0.721171354994726,549.8000433195359
1578,826.872,0.70912557021681,0.658694715935722,1653.744,2019_yk_138,Yukon,2019,0.709475173725974,0.667419242515692,0.00117832592923217,726.273139980126,868.351039050808,1366.592,0.721171354994726,549.8000433195359
1579,827.396,0.710617807547255,0.660924720861119,1654.792,2019_yk_138,Yukon,2019,0.709521071211899,0.668533976246977,0.00111473373128501,726.273139980126,868.351039050808,1366.592,0.721171354994726,549.8000433195359
1580,827.92,0.708471105225649,0.663530956767531,1655.84,2019_yk_138,Yukon,2019,0.709516110508899,0.669555503022693,0.00102152677571643,726.273139980126,868.351039050808,1366.592,0.721171354994726,549.8000433195359
1581,828.444,0.708868053533067,0.655455976705646,1656.888,2019_yk_138,Yukon,2019,0.709522245717491,0.670886015197727,0.00133051217503399,726.273139980126,868.351039050808,1366.592,0.721171354994726,549.8000433195359
1582,828.968,0.709045020393,0.666510173202772,1657.936,2019_yk_138,Yukon,2019,0.709531116235537,0.672184323395041,0.00129830819731347,726.273139980126,868.351039050808,1366.592,0.721171354994726,549.8000433195359
1583,829.492,0.710188242648765,0.67824752908165,1658.984,2019_yk_138,Yukon,2019,0.709596900195345,0.673440710648563,0.00125638725352217,726.273139980126,868.351039050808,1366.592,0.721171354994726,549.8000433195359
1584,830.016,0.708870794627829,0.679458445921626,1660.032,2019_yk_138,Yukon,2019,0.709552541829551,0.674613703779572,0.00117299313100871,726.273139980126,868.351039050808,1366.592,0.721171354994726,549.8000433195359
1585,830.54,0.709259586668923,0.690080120446664,1661.08,2019_yk_138,Yukon,2019,0.709591786144374,0.675740676036184,0.00112697225661296,726.273139980126,868.351039050808,1366.592,0.721171354994726,549.8000433195359
1586,831.064,0.71039920715636,0.68224231298055,1662.128,2019_yk_138,Yukon,2019,0.709583093843789,0.676992358491199,0.00125168245501461,726.273139980126,868.351039050808,1366.592,0.721171354994726,549.8000433195359
1587,831.588,0.709329928003497,0.678324727969763,1663.176,2019_yk_138,Yukon,2019,0.709571072260925,0.678217084360233,0.00122472586903399,726.273139980126,868.351039050808,1366.592,0.721171354994726,549.8000433195359
1588,832.112,0.708934592557263,0.676658796824476,1664.224,2019_yk_138,Yukon,2019,0.709583429506209,0.679245751374698,0.00102866701446469,726.273139980126,868.351039050808,1366.592,0.721171354994726,549.8000433195359
1589,832.636,0.709083750816257,0.691300121267111,1665.272,2019_yk_138,Yukon,2019,0.70956530779406,0.680480982885007,0.00123523151030946,726.273139980126,868.351039050808,1366.592,0.721171354994726,549.8000433195359
1590,833.16,0.708692619055327,0.685016420371903,1666.32,2019_yk_138,Yukon,2019,0.709542453481965,0.681885609268995,0.00140462638398797,726.273139980126,868.351039050808,1366.592,0.721171354994726,549.8000433195359
1591,833.684,0.709003629573047,0.698417503347144,1667.368,2019_yk_138,Yukon,2019,0.709570371586896,0.682945701910959,0.00106009264196372,726.273139980126,868.351039050808,1366.592,0.721171354994726,549.8000433195359
1592,834.208,0.710367525290571,0.692516832868291,1668.416,2019_yk_138,Yukon,2019,0.709521313902044,0.68372870857749,7.8300666653086e-4,726.273139980126,868.351039050808,1366.592,0.721171354994726,549.8000433195359
1593,834.732,0.709974634918672,0.698317276901003,1669.464,2019_yk_138,Yukon,2019,0.709540697128288,0.684733080570944,0.00100437199345382,726.273139980126,868.351039050808,1366.592,0.721171354994726,549.8000433195359
1594,835.256,0.708799925778763,0.707449924305572,1670.512,2019_yk_138,Yukon,2019,0.709542125426783,0.685785822360426,0.00105274178948267,726.273139980126,868.351039050808,1366.592,0.721171354994726,549.8000433195359
1595,835.78,0.709650958667746,0.695744691087969,1671.56,2019_yk_138,Yukon,2019,0.709560134633929,0.686691799914733,9.0597755430699e-4,726.273139980126,868.351039050808,1366.592,0.721171354994726,549.8000433195359
1596,836.304,0.711746246814446,0.697157691682825,1672.608,2019_yk_138,Yukon,2019,0.709543622579157,0.687688146755277,9.9634684054383e-4,726.273139980126,868.351039050808,1366.592,0.721171354994726,549.8000433195359
1597,836.828,0.710774021920556,0.690857778515015,1673.656,2019_yk_138,Yukon,2019,0.709541976195199,0.688709916197016,0.00102176944173848,726.273139980126,868.351039050808,1366.592,0.721171354994726,549.8000433195359
1598,837.352,0.710363347172998,0.685632645525142,1674.704,2019_yk_138,Yukon,2019,0.709544842483704,0.689705091071542,9.9517487452593e-4,726.273139980126,868.351039050808,1366.592,0.721171354994726,549.8000433195359
1599,837.876,0.71122955696105,0.68879969270752,1675.752,2019_yk_138,Yukon,2019,0.709543626130046,0.690844231722934,0.00113914065139242,726.273139980126,868.351039050808,1366.592,0.721171354994726,549.8000433195359
1600,838.4,0.70913263539628,0.690094481959251,1676.8,2019_yk_138,Yukon,2019,0.709551343339435,0.692029505327987,0.00118527360505305,726.273139980126,868.351039050808,1366.592,0.721171354994726,549.8000433195359
1601,838.924,0.711647660268208,0.686884121787471,1677.848,2019_yk_138,Yukon,2019,0.709541899798463,0.693341920893129,0.00131241556514194,726.273139980126,868.351039050808,1366.592,0.721171354994726,549.8000433195359
1602,839.448,0.709855674226263,0.695001145416555,1678.896,2019_yk_138,Yukon,2019,0.709547575553131,0.694386922541574,0.00104500164844468,726.273139980126,868.351039050808,1366.592,0.721171354994726,549.8000433195359
1603,839.972,0.709947584684144,0.692414989284361,1679.944,2019_yk_138,Yukon,2019,0.709514510372985,0.695543009615645,0.0011560870740716701,726.273139980126,868.351039050808,1366.592,0.721171354994726,549.8000433195359
1604,840.496,0.709527255377624,0.685460010153299,1680.992,2019_yk_138,Yukon,2019,0.709518393537295,0.696583785784081,0.00104077616843601,726.273139980126,868.351039050808,1366.592,0.721171354994726,549.8000433195359
1605,841.02,0.709969375547822,0.692746408380268,1682.04,2019_yk_138,Yukon,2019,0.709532942326473,0.697741296249433,0.00115751046535195,726.273139980126,868.351039050808,1366.592,0.721171354994726,549.8000433195359
1606,841.544,0.708384984280817,0.685744774901172,1683.088,2019_yk_138,Yukon,2019,0.709541174318126,0.698973075328629,0.00123177907919558,726.273139980126,868.351039050808,1366.592,0.721171354994726,549.8000433195359
1607,842.068,0.7085308713174,0.696898898070832,1684.136,2019_yk_138,Yukon,2019,0.709538195572475,0.70019746855502,0.00122439322639145,726.273139980126,868.351039050808,1366.592,0.721171354994726,549.8000433195359
1608,842.592,0.708996003106375,0.691655378706559,1685.184,2019_yk_138,Yukon,2019,0.709555425343932,0.701419018769292,0.00122155021427195,726.273139980126,868.351039050808,1366.592,0.721171354994726,549.8000433195359
1609,843.116,0.710951192264949,0.685739996468914,1686.232,2019_yk_138,Yukon,2019,0.709539373376123,0.702717353705407,0.00129833493611453,726.273139980126,868.351039050808,1366.592,0.721171354994726,549.8000433195359
1610,843.64,0.708928925139946,0.688960396702306,1687.28,2019_yk_138,Yukon,2019,0.709531274703371,0.703963519395053,0.00124616568964631,726.273139980126,868.351039050808,1366.592,0.721171354994726,549.8000433195359
1611,844.164,0.710496933063556,0.701539579105941,1688.328,2019_yk_138,Yukon,2019,0.709570515247446,0.705252207456287,0.00128868806123394,726.273139980126,868.351039050808,1366.592,0.721171354994726,549.8000433195359
1612,844.688,0.709721040808918,0.69682501189069,1689.376,2019_yk_138,Yukon,2019,0.709554928108949,0.706202220439276,9.5001298298858e-4,726.273139980126,868.351039050808,1366.592,0.721171354994726,549.8000433195359
1613,845.212,0.70989218855438,0.697526934782001,1690.424,2019_yk_138,Yukon,2019,0.709517831606705,0.706967262704498,7.6504226522278e-4,726.273139980126,868.351039050808,1366.592,0.721171354994726,549.8000433195359
1614,845.736,0.708060206526187,0.699383278442646,1691.472,2019_yk_138,Yukon,2019,0.709504070138668,0.707619613911921,6.5235120742257e-4,726.273139980126,868.351039050808,1366.592,0.721171354994726,549.8000433195359
1615,846.26,0.710438123146658,0.69347115419387,1692.52,2019_yk_138,Yukon,2019,0.709520868536297,0.708125013310323,5.0539939840188e-4,726.273139980126,868.351039050808,1366.592,0.721171354994726,549.8000433195359
1616,846.784,0.707877884401349,0.704435534705324,1693.568,2019_yk_138,Yukon,2019,0.709524376140903,0.708947324473264,8.223111629414e-4,726.273139980126,868.351039050808,1366.592,0.721171354994726,549.8000433195359
1617,847.308,0.708754873300855,0.703261129553444,1694.616,2019_yk_138,Yukon,2019,0.70951407357634,0.709733169919384,7.8584544612014e-4,726.273139980126,868.351039050808,1366.592,0.721171354994726,549.8000433195359
1618,847.832,0.709640773879709,0.711805552798393,1695.664,2019_yk_138,Yukon,2019,0.709518627817176,0.710393785489173,6.606155697888e-4,726.273139980126,868.351039050808,1366.592,0.721171354994726,549.8000433195359
1619,848.356,0.709197460529603,0.7185008929393,1696.712,2019_yk_138,Yukon,2019,0.709532384390303,0.710765938646854,3.7215315768091e-4,726.273139980126,868.351039050808,1366.592,0.721171354994726,549.8000433195359
1620,848.88,0.7087437812471,0.729553876954943,1697.76,2019_yk_138,Yukon,2019,0.709560456126011,0.711341149599105,5.7521095225121e-4,726.273139980126,868.351039050808,1366.592,0.721171354994726,549.8000433195359
1621,849.404,0.70896151109994,0.709033474748064,1698.808,2019_yk_138,Yukon,2019,0.709560480219545,0.711650427470617,3.0927787151169e-4,726.273139980126,868.351039050808,1366.592,0.721171354994726,549.8000433195359
1622,849.928,0.708092833901714,0.704180239681382,1699.856,2019_yk_138,Yukon,2019,0.709512806580679,0.712028597980676,3.7817051005895e-4,726.273139980126,868.351039050808,1366.592,0.721171354994726,549.8000433195359
1623,850.452,0.709606064159517,0.714414345416384,1700.904,2019_yk_138,Yukon,2019,0.709499537438213,0.712184152961718,1.5555498104213e-4,726.273139980126,868.351039050808,1366.592,0.721171354994726,549.8000433195359
1624,850.976,0.71000178649565,0.713951387149119,1701.952,2019_yk_138,Yukon,2019,0.709511906049932,0.712439155829822,2.5500286810409e-4,726.273139980126,868.351039050808,1366.592,0.721171354994726,549.8000433195359
1625,851.5,0.710489991056151,0.713025624292673,1703,2019_yk_138,Yukon,2019,0.709490872154817,0.712822959912577,3.8380408275495e-4,726.273139980126,868.351039050808,1366.592,0.721171354994726,549.8000433195359
1626,852.024,0.709885502160417,0.714980743580881,1704.048,2019_yk_138,Yukon,2019,0.70946108990013,0.713253616745488,4.3065683291077e-4,726.273139980126,868.351039050808,1366.592,0.721171354994726,549.8000433195359
1627,852.548,0.709513273287203,0.7232483505585,1705.096,2019_yk_138,Yukon,2019,0.709446293585415,0.713732304968354,4.7868822286645e-4,726.273139980126,868.351039050808,1366.592,0.721171354994726,549.8000433195359
1628,853.072,0.709081675064559,0.724815993147328,1706.144,2019_yk_138,Yukon,2019,0.709419434505105,0.71436296401953,6.3065905117565e-4,726.273139980126,868.351039050808,1366.592,0.721171354994726,549.8000433195359
1629,853.596,0.708545858009246,0.730795059795177,1707.192,2019_yk_138,Yukon,2019,0.709398740738118,0.715053097407927,6.901333883974e-4,726.273139980126,868.351039050808,1366.592,0.721171354994726,549.8000433195359
1630,854.12,0.710556761957821,0.729980136470592,1708.24,2019_yk_138,Yukon,2019,0.709398766806628,0.715936690894552,8.8359348662459e-4,726.273139980126,868.351039050808,1366.592,0.721171354994726,549.8000433195359
1631,854.644,0.709998202969135,0.738237249057757,1709.288,2019_yk_138,Yukon,2019,0.7093844921471,0.716735514063176,7.9882316862389e-4,726.273139980126,868.351039050808,1366.592,0.721171354994726,549.8000433195359
1632,855.168,0.709122934332833,0.733531553009808,1710.336,2019_yk_138,Yukon,2019,0.709372748161002,0.717270425049622,5.3491098644586e-4,726.273139980126,868.351039050808,1366.592,0.721171354994726,549.8000433195359
1633,855.692,0.708107513039509,0.735158035930725,1711.384,2019_yk_138,Yukon,2019,0.709346731985243,0.717932153415645,6.6172836602274e-4,726.273139980126,868.351039050808,1366.592,0.721171354994726,549.8000433195359
1634,856.216,0.708821681974196,0.738092425979346,1712.432,2019_yk_138,Yukon,2019,0.709358433379337,0.719256427121898,0.0013242737062531,726.273139980126,868.351039050808,1366.592,0.721171354994726,549.8000433195359
1635,856.74,0.710291641903706,0.735624677271435,1713.48,2019_yk_138,Yukon,2019,0.709328981366512,0.720011014375794,7.5458725389621e-4,726.273139980126,868.351039050808,1366.592,0.721171354994726,549.8000433195359
1636,857.264,0.71028515657178,0.744415081691807,1714.528,2019_yk_138,Yukon,2019,0.709349298041189,0.721029401489324,0.00101838711353019,726.273139980126,868.351039050808,1366.592,0.721171354994726,549.8000433195359
1637,857.788,0.70943779374903,0.739121133045719,1715.576,2019_yk_138,Yukon,2019,0.709343732184531,0.722038722639157,0.0010093211498331,726.273139980126,868.351039050808,1366.592,0.721171354994726,549.8000433195359
1638,858.312,0.710159356504234,0.731987728792037,1716.624,2019_yk_138,Yukon,2019,0.709343201949988,0.723045371394484,0.0010066487553273,726.273139980126,868.351039050808,1366.592,0.721171354994726,549.8000433195359
1639,858.836,0.709654689478742,0.738824817027988,1717.672,2019_yk_138,Yukon,2019,0.709321939250298,0.724089966879264,0.00104459548477931,726.273139980126,868.351039050808,1366.592,0.721171354994726,549.8000433195359
1640,859.36,0.707985184860552,0.738300898146307,1718.72,2019_yk_138,Yukon,2019,0.709320595474208,0.725167534323918,0.00107756744465448,726.273139980126,868.351039050808,1366.592,0.721171354994726,549.8000433195359
1641,859.884,0.711222486177543,0.732777260379688,1719.768,2019_yk_138,Yukon,2019,0.709287995050985,0.726206475521984,0.00103894119806613,726.273139980126,868.351039050808,1366.592,0.721171354994726,549.8000433195359
1642,860.408,0.708109792083172,0.723510952182083,1720.816,2019_yk_138,Yukon,2019,0.709273409762348,0.727389179110323,0.00118270358833816,726.273139980126,868.351039050808,1366.592,0.721171354994726,549.8000433195359
1643,860.932,0.707962452514117,0.724150064995014,1721.864,2019_yk_138,Yukon,2019,0.709279598606516,0.728506938279406,0.00111775916908341,726.273139980126,868.351039050808,1366.592,0.721171354994726,549.8000433195359
1644,861.456,0.708045106545647,0.718599518366977,1722.912,2019_yk_138,Yukon,2019,0.709291352561172,0.729502467227026,9.9552894761967e-4,726.273139980126,868.351039050808,1366.592,0.721171354994726,549.8000433195359
1645,861.98,0.710267490526622,0.720404084350779,1723.96,2019_yk_138,Yukon,2019,0.709257671891942,0.730602453619491,0.00109998639246567,726.273139980126,868.351039050808,1366.592,0.721171354994726,549.8000433195359
1646,862.504,0.710609663432741,0.731580982757036,1725.008,2019_yk_138,Yukon,2019,0.709295526544139,0.731675943697924,0.00107349007843272,726.273139980126,868.351039050808,1366.592,0.721171354994726,549.8000433195359
1647,863.028,0.708711774129693,0.725475454736966,1726.056,2019_yk_138,Yukon,2019,0.709267622630977,0.732691593406113,0.00101564970818857,726.273139980126,868.351039050808,1366.592,0.721171354994726,549.8000433195359
1648,863.552,0.70920784700741,0.716295731011807,1727.104,2019_yk_138,Yukon,2019,0.709273105929474,0.733673124143335,9.8153073722206e-4,726.273139980126,868.351039050808,1366.592,0.721171354994726,549.8000433195359
1649,864.076,0.709909145203897,0.713629310727968,1728.152,2019_yk_138,Yukon,2019,0.709293752785748,0.734494426317836,8.2130217450138e-4,726.273139980126,868.351039050808,1366.592,0.721171354994726,549.8000433195359
1650,864.6,0.71037692319784,0.719529077506978,1729.2,2019_yk_138,Yukon,2019,0.70932257868523,0.735099159538429,6.0473322059251e-4,726.273139980126,868.351039050808,1366.592,0.721171354994726,549.8000433195359
1651,865.124,0.709005075185084,0.716974175637846,1730.248,2019_yk_138,Yukon,2019,0.709318602320408,0.735999551045097,9.0039150666876e-4,726.273139980126,868.351039050808,1366.592,0.721171354994726,549.8000433195359
1652,865.648,0.707507106958579,0.715207063471828,1731.296,2019_yk_138,Yukon,2019,0.709351338782666,0.73719223005321,0.00119267900811293,726.273139980126,868.351039050808,1366.592,0.721171354994726,549.8000433195359
1653,866.172,0.709178486370747,0.707650575763533,1732.344,2019_yk_138,Yukon,2019,0.7093447977198,0.738076650118508,8.8442006529798e-4,726.273139980126,868.351039050808,1366.592,0.721171354994726,549.8000433195359
1654,866.696,0.709542042481857,0.722750096391822,1733.392,2019_yk_138,Yukon,2019,0.709322621035126,0.739015495793979,9.3884567547097e-4,726.273139980126,868.351039050808,1366.592,0.721171354994726,549.8000433195359
1655,867.22,0.708388924960854,0.718772936053267,1734.44,2019_yk_138,Yukon,2019,0.709308702302421,0.73983079812509,8.1530233111026e-4,726.273139980126,868.351039050808,1366.592,0.721171354994726,549.8000433195359
1656,867.744,0.709959311533213,0.722997101657468,1735.488,2019_yk_138,Yukon,2019,0.709291041390601,0.740478209633438,6.4741150834846e-4,726.273139980126,868.351039050808,1366.592,0.721171354994726,549.8000433195359
1657,868.268,0.709886243037649,0.719579071887004,1736.536,2019_yk_138,Yukon,2019,0.709277810758356,0.741107519809948,6.2931017651002e-4,726.273139980126,868.351039050808,1366.592,0.721171354994726,549.8000433195359
1658,868.792,0.70875180235443,0.723472188595683,1737.584,2019_yk_138,Yukon,2019,0.709288038691375,0.741335867800072,2.2834799012427e-4,726.273139980126,868.351039050808,1366.592,0.721171354994726,549.8000433195359
1659,869.316,0.709987930941824,0.730207696011364,1738.632,2019_yk_138,Yukon,2019,0.70930404452117,0.741580470215787,2.4460241571444e-4,726.273139980126,868.351039050808,1366.592,0.721171354994726,549.8000433195359
1660,869.84,0.709134199506847,0.743110091156728,1739.68,2019_yk_138,Yukon,2019,0.709256096169461,0.741981833591707,4.0136337592078e-4,726.273139980126,868.351039050808,1366.592,0.721171354994726,549.8000433195359
1661,870.364,0.710791180696556,0.734813511904906,1740.728,2019_yk_138,Yukon,2019,0.709235879712557,0.741963014229803,-1.88193619046206e-5,726.273139980126,868.351039050808,1366.592,0.721171354994726,549.8000433195359
1662,870.888,0.709151035060372,0.727095804603312,1741.776,2019_yk_138,Yukon,2019,0.709230595447804,0.742094799566506,1.317853367031e-4,726.273139980126,868.351039050808,1366.592,0.721171354994726,549.8000433195359
1663,871.412,0.708386614138626,0.732118691245727,1742.824,2019_yk_138,Yukon,2019,0.709273258475347,0.742135438591307,4.06390248011146e-5,726.273139980126,868.351039050808,1366.592,0.721171354994726,549.8000433195359
1664,871.936,0.710229339023252,0.764916432528481,1743.872,2019_yk_138,Yukon,2019,0.709320607297137,0.742330002845714,1.9456425440656e-4,726.273139980126,868.351039050808,1366.592,0.721171354994726,549.8000433195359
1665,872.46,0.708202254778342,0.738021643614039,1744.92,2019_yk_138,Yukon,2019,0.709282074662657,0.742874436635702,5.444337899888e-4,726.273139980126,868.351039050808,1366.592,0.721171354994726,549.8000433195359
1666,872.984,0.709603984761411,0.746848001712986,1745.968,2019_yk_138,Yukon,2019,0.709269651326451,0.742885978818114,1.15421824117279e-5,726.273139980126,868.351039050808,1366.592,0.721171354994726,549.8000433195359
1667,873.508,0.708196919917922,0.757458167060812,1747.016,2019_yk_138,Yukon,2019,0.709279029375214,0.742917617795136,3.16389770218528e-5,726.273139980126,868.351039050808,1366.592,0.721171354994726,549.8000433195359
1668,874.032,0.708964189033786,0.752054304026198,1748.064,2019_yk_138,Yukon,2019,0.70927905688843,0.743118844995749,2.0122720061321e-4,726.273139980126,868.351039050808,1366.592,0.721171354994726,549.8000433195359
1669,874.556,0.709675430283539,0.748415725555667,1749.112,2019_yk_138,Yukon,2019,0.709282307448236,0.743096991578912,-2.18534168376916e-5,726.273139980126,868.351039050808,1366.592,0.721171354994726,549.8000433195359
1670,875.08,0.708848298574582,0.753614443381577,1750.16,2019_yk_138,Yukon,2019,0.709295478374076,0.743098615376059,1.62379714752081e-6,726.273139980126,868.351039050808,1366.592,0.721171354994726,549.8000433195359
1671,875.604,0.70854090767015,0.763876050989908,1751.208,2019_yk_138,Yukon,2019,0.709275516055682,0.743432722378111,3.3410700205216e-4,726.273139980126,868.351039050808,1366.592,0.721171354994726,549.8000433195359
1672,876.128,0.708845923490735,0.76778722719098,1752.256,2019_yk_138,Yukon,2019,0.70930831921955,0.7438676588939,4.3493651578852e-4,726.273139980126,868.351039050808,1366.592,0.721171354994726,549.8000433195359
1673,876.652,0.710263519204421,0.764592484927001,1753.304,2019_yk_138,Yukon,2019,0.709348486893902,0.744440848703023,5.731898091229e-4,726.273139980126,868.351039050808,1366.592,0.721171354994726,549.8000433195359
1674,877.176,0.708765443805593,0.759115015299827,1754.352,2019_yk_138,Yukon,2019,0.709363644509073,0.74506786985041,6.2702114738721e-4,726.273139980126,868.351039050808,1366.592,0.721171354994726,549.8000433195359
1675,877.7,0.708417282992826,0.759470337741806,1755.4,2019_yk_138,Yukon,2019,0.709355283349169,0.745752569980998,6.8470013058863e-4,726.273139980126,868.351039050808,1366.592,0.721171354994726,549.8000433195359
1676,878.224,0.71014916353319,0.768844939411286,1756.448,2019_yk_138,Yukon,2019,0.709356634539719,0.74619230671245,4.3973673145203e-4,726.273139980126,868.351039050808,1366.592,0.721171354994726,549.8000433195359
1677,878.748,0.707080638511114,0.764200112044762,1757.496,2019_yk_138,Yukon,2019,0.709351338444241,0.746753686442812,5.6137973036196e-4,726.273139980126,868.351039050808,1366.592,0.721171354994726,549.8000433195359
1678,879.272,0.709969771789557,0.770697397031713,1758.544,2019_yk_138,Yukon,2019,0.709359659218423,0.747353278058687,5.9959161587486e-4,726.273139980126,868.351039050808,1366.592,0.721171354994726,549.8000433195359
1679,879.796,0.710436271905998,0.767779023409389,1759.592,2019_yk_138,Yukon,2019,0.709350896903717,0.748133100777581,7.7982271889331e-4,726.273139980126,868.351039050808,1366.592,0.721171354994726,549.8000433195359
1680,880.32,0.710473335216046,0.765837870190492,1760.64,2019_yk_138,Yukon,2019,0.709348755062518,0.748657016109271,5.2391533168993e-4,726.273139980126,868.351039050808,1366.592,0.721171354994726,549.8000433195359
1681,880.844,0.708722929210588,0.763056965148192,1761.688,2019_yk_138,Yukon,2019,0.709339766827881,0.749222523059094,5.655069498236e-4,726.273139980126,868.351039050808,1366.592,0.721171354994726,549.8000433195359
1682,881.368,0.710057021637227,0.775740980168157,1762.736,2019_yk_138,Yukon,2019,0.709373019682341,0.749669112233464,4.4658917437012e-4,726.273139980126,868.351039050808,1366.592,0.721171354994726,549.8000433195359
1683,881.892,0.709213600387544,0.767479549334265,1763.784,2019_yk_138,Yukon,2019,0.709390644120799,0.750325819219453,6.5670698598896e-4,726.273139980126,868.351039050808,1366.592,0.721171354994726,549.8000433195359
1684,882.416,0.708671185415207,0.770282127677382,1764.832,2019_yk_138,Yukon,2019,0.709388189134809,0.750720489091459,3.9466987200564e-4,726.273139980126,868.351039050808,1366.592,0.721171354994726,549.8000433195359
1685,882.94,0.709654867093833,0.761943764159288,1765.88,2019_yk_138,Yukon,2019,0.709394264289083,0.751178779163414,4.5829007195541e-4,726.273139980126,868.351039050808,1366.592,0.721171354994726,549.8000433195359
1686,883.464,0.708825847451266,0.753825434081793,1766.928,2019_yk_138,Yukon,2019,0.709364262032412,0.751581606609897,4.0282744648256e-4,726.273139980126,868.351039050808,1366.592,0.721171354994726,549.8000433195359
1687,883.988,0.708719435352511,0.761006961149104,1767.976,2019_yk_138,Yukon,2019,0.709364330638727,0.752111810924803,5.3020431490569e-4,726.273139980126,868.351039050808,1366.592,0.721171354994726,549.8000433195359
1688,884.512,0.709695351045697,0.738516872554776,1769.024,2019_yk_138,Yukon,2019,0.709388958931227,0.752524377547329,4.1256662252653e-4,726.273139980126,868.351039050808,1366.592,0.721171354994726,549.8000433195359
1689,885.036,0.709506207796902,0.745471204738046,1770.072,2019_yk_138,Yukon,2019,0.709384060490885,0.752760825271662,2.3644772433306e-4,726.273139980126,868.351039050808,1366.592,0.721171354994726,549.8000433195359
1690,885.56,0.707679860855296,0.754061939025844,1771.12,2019_yk_138,Yukon,2019,0.709373129644221,0.752944009463734,1.8318419207219e-4,726.273139980126,868.351039050808,1366.592,0.721171354994726,549.8000433195359
1691,886.084,0.70878521555492,0.737108087343479,1772.168,2019_yk_138,Yukon,2019,0.709327304528791,0.753140951033305,1.9694156957106e-4,726.273139980126,868.351039050808,1366.592,0.721171354994726,549.8000433195359
1692,886.608,0.708805878447642,0.741438673212001,1773.216,2019_yk_138,Yukon,2019,0.709334556073251,0.753487095452951,3.4614441964542e-4,726.273139980126,868.351039050808,1366.592,0.721171354994726,549.8000433195359
1693,887.132,0.710667294692094,0.737596377418795,1774.264,2019_yk_138,Yukon,2019,0.709355983697435,0.753966498369734,4.794029167835e-4,726.273139980126,868.351039050808,1366.592,0.721171354994726,549.8000433195359
1694,887.656,0.711662611281594,0.749766281243738,1775.312,2019_yk_138,Yukon,2019,0.709335122543407,0.753818015575366,-1.4848279436885e-4,726.273139980126,868.351039050808,1366.592,0.721171354994726,549.8000433195359
1695,888.18,0.707979683834887,0.768290704670767,1776.36,2019_yk_138,Yukon,2019,0.709355988781813,0.754090679539669,2.7266396430358e-4,726.273139980126,868.351039050808,1366.592,0.721171354994726,549.8000433195359
1696,888.704,0.709539756399424,0.745107612636508,1777.408,2019_yk_138,Yukon,2019,0.709351877869387,0.7540062130261,-8.44665135694145e-5,726.273139980126,868.351039050808,1366.592,0.721171354994726,549.8000433195359
1697,889.228,0.71000047667482,0.741019471667028,1778.456,2019_yk_138,Yukon,2019,0.709373893812032,0.753797592684104,-2.0862034199598e-4,726.273139980126,868.351039050808,1366.592,0.721171354994726,549.8000433195359
1698,889.752,0.710161007297171,0.74406136082883,1779.504,2019_yk_138,Yukon,2019,0.70936031052484,0.753776233221581,-2.13594625223523e-5,726.273139980126,868.351039050808,1366.592,0.721171354994726,549.8000433195359
1699,890.276,0.709849723067118,0.737513612017729,1780.552,2019_yk_138,Yukon,2019,0.709342052427649,0.754014160651903,2.3792743032125e-4,726.273139980126,868.351039050808,1366.592,0.721171354994726,549.8000433195359
1700,890.8,0.708775440410942,0.738398325975155,1781.6,2019_yk_138,Yukon,2019,0.709384266007524,0.753920197596519,-9.39630553837834e-5,726.273139980126,868.351039050808,1366.592,0.721171354994726,549.8000433195359
1701,891.324,0.710024747073907,0.752823680502819,1782.648,2019_yk_138,Yukon,2019,0.709399420655398,0.753436962673311,-4.8323492320778e-4,726.273139980126,868.351039050808,1366.592,0.721171354994726,549.8000433195359
1702,891.848,0.710077981915225,0.749607143129398,1783.696,2019_yk_138,Yukon,2019,0.70940540198573,0.753038644163698,-3.9831850961336e-4,726.273139980126,868.351039050808,1366.592,0.721171354994726,549.8000433195359
1703,892.372,0.710372512975238,0.758541453542383,1784.744,2019_yk_138,Yukon,2019,0.709388997698977,0.752930343161522,-1.0830100217551e-4,726.273139980126,868.351039050808,1366.592,0.721171354994726,549.8000433195359
1704,892.896,0.708954563455909,0.756220787210218,1785.792,2019_yk_138,Yukon,2019,0.709390543304044,0.752806447927927,-1.2389523359568e-4,726.273139980126,868.351039050808,1366.592,0.721171354994726,549.8000433195359
1705,893.42,0.709765820932406,0.761486092186095,1786.84,2019_yk_138,Yukon,2019,0.709424856177399,0.752631808321247,-1.7463960667929e-4,726.273139980126,868.351039050808,1366.592,0.721171354994726,549.8000433195359
1706,893.944,0.71069073486572,0.757965186644161,1787.888,2019_yk_138,Yukon,2019,0.70940451931828,0.752224568017255,-4.0724030399252e-4,726.273139980126,868.351039050808,1366.592,0.721171354994726,549.8000433195359
1707,894.468,0.708394008401023,0.759158238558684,1788.936,2019_yk_138,Yukon,2019,0.709443378992104,0.75183717192275,-3.8739609450511e-4,726.273139980126,868.351039050808,1366.592,0.721171354994726,549.8000433195359
1708,894.992,0.709707093458356,0.752271227964298,1789.984,2019_yk_138,Yukon,2019,0.709453438765959,0.751462320096258,-3.7485182649144e-4,726.273139980126,868.351039050808,1366.592,0.721171354994726,549.8000433195359
1709,895.516,0.709383406321503,0.760418673861566,1791.032,2019_yk_138,Yukon,2019,0.709473548362529,0.751199609892745,-2.6271020351342e-4,726.273139980126,868.351039050808,1366.592,0.721171354994726,549.8000433195359
1710,896.04,0.710248412725909,0.75096399740838,1792.08,2019_yk_138,Yukon,2019,0.709470935406059,0.750844773209205,-3.5483668354008e-4,726.273139980126,868.351039050808,1366.592,0.721171354994726,549.8000433195359
1711,896.564,0.708465781106848,0.750904592627263,1793.128,2019_yk_138,Yukon,2019,0.709480870837126,0.750548638929026,-2.9613428017871e-4,726.273139980126,868.351039050808,1366.592,0.721171354994726,549.8000433195359
1712,897.088,0.709502278226212,0.742002413934035,1794.176,2019_yk_138,Yukon,2019,0.709466796286233,0.7500347782063,-5.1386072272641e-4,726.273139980126,868.351039050808,1366.592,0.721171354994726,549.8000433195359
1713,897.612,0.710235952678217,0.747052994922869,1795.224,2019_yk_138,Yukon,2019,0.709455622387225,0.749538873080576,-4.959051257235e-4,726.273139980126,868.351039050808,1366.592,0.721171354994726,549.8000433195359
1714,898.136,0.709394743322431,0.746430288712163,1796.272,2019_yk_138,Yukon,2019,0.709450809544738,0.749084883061541,-4.5399001903534e-4,726.273139980126,868.351039050808,1366.592,0.721171354994726,549.8000433195359
1715,898.66,0.708753434217338,0.746270340370591,1797.32,2019_yk_138,Yukon,2019,0.70944158472328,0.748820353297128,-2.6452976441293e-4,726.273139980126,868.351039050808,1366.592,0.721171354994726,549.8000433195359
1716,899.184,0.708159176132901,0.747166748446422,1798.368,2019_yk_138,Yukon,2019,0.709454903251408,0.74866585962563,-1.5449367149766e-4,726.273139980126,868.351039050808,1366.592,0.721171354994726,549.8000433195359
1717,899.708,0.709890359416583,0.751391330781344,1799.416,2019_yk_138,Yukon,2019,0.70948300840146294,0.748211625478535,-4.5423414709455e-4,726.273139980126,868.351039050808,1366.592,0.721171354994726,549.8000433195359
1718,900.232,0.71022949990443,0.74822618594727,1800.464,2019_yk_138,Yukon,2019,0.70949144747722,0.748261839073464,5.02135949285165e-5,726.273139980126,868.351039050808,1366.592,0.721171354994726,549.8000433195359
1719,900.756,0.709694024521265,0.744394559471349,1801.512,2019_yk_138,Yukon,2019,0.70948622552781,0.748198460625632,-6.33784478319965e-5,726.273139980126,868.351039050808,1366.592,0.721171354994726,549.8000433195359
1720,901.28,0.708478348707019,0.754101142681064,1802.56,2019_yk_138,Yukon,2019,0.709528534575682,0.747993870198491,-2.0459042714071e-4,726.273139980126,868.351039050808,1366.592,0.721171354994726,549.8000433195359
1721,901.804,0.708041673770785,0.746630006079165,1803.608,2019_yk_138,Yukon,2019,0.709519881151583,0.748042221524411,4.83513259197377e-5,726.273139980126,868.351039050808,1366.592,0.721171354994726,549.8000433195359
1722,902.328,0.709586127727975,0.747864469782038,1804.656,2019_yk_138,Yukon,2019,0.709501991135277,0.748155232564371,1.1301103995986e-4,726.273139980126,868.351039050808,1366.592,0.721171354994726,549.8000433195359
1723,902.852,0.70967227158965,0.760882866252735,1805.704,2019_yk_138,Yukon,2019,0.709454297316425,0.74830730818794,1.5207562356933e-4,726.273139980126,868.351039050808,1366.592,0.721171354994726,549.8000433195359
1724,903.376,0.708977669781578,0.756007464866349,1806.752,2019_yk_138,Yukon,2019,0.709409510291152,0.74813243999864,-1.7486818930068e-4,726.273139980126,868.351039050808,1366.592,0.721171354994726,549.8000433195359
1725,903.9,0.709454229082675,0.754381481472254,1807.8,2019_yk_138,Yukon,2019,0.7094347806954,0.747770934189855,-3.6150580878446e-4,726.273139980126,868.351039050808,1366.592,0.721171354994726,549.8000433195359
1726,904.424,0.709357330015881,0.741780010898819,1808.848,2019_yk_138,Yukon,2019,0.709445183753421,0.747950183018817,1.792488289618e-4,726.273139980126,868.351039050808,1366.592,0.721171354994726,549.8000433195359
1727,904.948,0.709517876476613,0.744940946541058,1809.896,2019_yk_138,Yukon,2019,0.709429260603443,0.748141507986093,1.9132496727658e-4,726.273139980126,868.351039050808,1366.592,0.721171354994726,549.8000433195359
1728,905.472,0.708149191802287,0.750772736274854,1810.944,2019_yk_138,Yukon,2019,0.709401829609953,0.748233535524697,9.20275386037117e-5,726.273139980126,868.351039050808,1366.592,0.721171354994726,549.8000433195359
1729,905.996,0.708579944452069,0.762691371374939,1811.992,2019_yk_138,Yukon,2019,0.709405283596243,0.74851933995065,2.8580442595249e-4,726.273139980126,868.351039050808,1366.592,0.721171354994726,549.8000433195359
1730,906.52,0.711381113367054,0.747976660058543,1813.04,2019_yk_138,Yukon,2019,0.709423643647284,0.748725308156097,2.0596820544693e-4,726.273139980126,868.351039050808,1366.592,0.721171354994726,549.8000433195359
1731,907.044,0.709450186542583,0.734881955597448,1814.088,2019_yk_138,Yukon,2019,0.709384357995636,0.748442455804419,-2.8285235167757e-4,726.273139980126,868.351039050808,1366.592,0.721171354994726,549.8000433195359
1732,907.568,0.709204803310674,0.743888116614171,1815.136,2019_yk_138,Yukon,2019,0.709351086704849,0.748173182597449,-2.6927320697023e-4,726.273139980126,868.351039050808,1366.592,0.721171354994726,549.8000433195359
1733,908.092,0.709279261999249,0.758094424796475,1816.184,2019_yk_138,Yukon,2019,0.709336309432575,0.747835563973537,-3.3761862391146e-4,726.273139980126,868.351039050808,1366.592,0.721171354994726,549.8000433195359
1734,908.616,0.708858180109601,0.751681301284078,1817.232,2019_yk_138,Yukon,2019,0.709363111716783,0.747541619314379,-2.939446591581e-4,726.273139980126,868.351039050808,1366.592,0.721171354994726,549.8000433195359
1735,909.14,0.710476055394122,0.748991961341052,1818.28,2019_yk_138,Yukon,2019,0.709360262545337,0.747195221907874,-3.463974065051e-4,726.273139980126,868.351039050808,1366.592,0.721171354994726,549.8000433195359
1736,909.664,0.708928951986073,0.744410521171738,1819.328,2019_yk_138,Yukon,2019,0.709309321937662,0.746908650331198,-2.8657157667644e-4,726.273139980126,868.351039050808,1366.592,0.721171354994726,549.8000433195359
1737,910.188,0.709412218940535,0.740956346374451,1820.376,2019_yk_138,Yukon,2019,0.709317660836938,0.746457721060847,-4.5092927035084e-4,726.273139980126,868.351039050808,1366.592,0.721171354994726,549.8000433195359
1738,910.712,0.71057335822089,0.748206287442227,1821.424,2019_yk_138,Yukon,2019,0.709304738839111,0.746224687382686,-2.3303367816085e-4,726.273139980126,868.351039050808,1366.592,0.721171354994726,549.8000433195359
1739,911.236,0.711642847700167,0.752016411198591,1822.472,2019_yk_138,Yukon,2019,0.70929446037815,0.745800843383309,-4.2384399937689e-4,726.273139980126,868.351039050808,1366.592,0.721171354994726,549.8000433195359
1740,911.76,0.71031655782786,0.744547669178086,1823.52,2019_yk_138,Yukon,2019,0.709300304408355,0.745281083804345,-5.1975957896399e-4,726.273139980126,868.351039050808,1366.592,0.721171354994726,549.8000433195359
1741,912.284,0.709319055074567,0.74528890833747,1824.568,2019_yk_138,Yukon,2019,0.709325770294895,0.744640895864327,-6.4018794001796e-4,726.273139980126,868.351039050808,1366.592,0.721171354994726,549.8000433195359
1742,912.808,0.709212548583678,0.744909336804572,1825.616,2019_yk_138,Yukon,2019,0.709317515734063,0.74424803824942,-3.9285761490748e-4,726.273139980126,868.351039050808,1366.592,0.721171354994726,549.8000433195359
1743,913.332,0.708543166447047,0.73772524179085,1826.664,2019_yk_138,Yukon,2019,0.709302543361958,0.743913531779372,-3.3450647004729e-4,726.273139980126,868.351039050808,1366.592,0.721171354994726,549.8000433195359
1744,913.856,0.708382414865999,0.743042726535261,1827.712,2019_yk_138,Yukon,2019,0.709333734690951,0.743636962144897,-2.7656963447531e-4,726.273139980126,868.351039050808,1366.592,0.721171354994726,549.8000433195359
1745,914.38,0.709101377806336,0.746071978294516,1828.76,2019_yk_138,Yukon,2019,0.709341434152312,0.743138115700933,-4.9884644396369e-4,726.273139980126,868.351039050808,1366.592,0.721171354994726,549.8000433195359
1746,914.904,0.709624959138999,0.744555813791926,1829.808,2019_yk_138,Yukon,2019,0.709375152659899,0.742458267932171,-6.7984776876239e-4,726.273139980126,868.351039050808,1366.592,0.721171354994726,549.8000433195359
1747,915.428,0.710405744355758,0.733752912323426,1830.856,2019_yk_138,Yukon,2019,0.709372697627281,0.741612607818668,-8.4566011350262e-4,726.273139980126,868.351039050808,1366.592,0.721171354994726,549.8000433195359
1748,915.952,0.71020169559117,0.741529688250487,1831.904,2019_yk_138,Yukon,2019,0.709336202508156,0.740881849504448,-7.3075831422075e-4,726.273139980126,868.351039050808,1366.592,0.721171354994726,549.8000433195359
1749,916.476,0.709192890832256,0.74166849786813,1832.952,2019_yk_138,Yukon,2019,0.709305403948516,0.740189827906591,-6.9202159785686e-4,726.273139980126,868.351039050808,1366.592,0.721171354994726,549.8000433195359
1750,917,0.710218403727616,0.741786513397396,1834,2019_yk_138,Yukon,2019,0.709320756240789,0.739380898513582,-8.0892939300913e-4,726.273139980126,868.351039050808,1366.592,0.721171354994726,549.8000433195359
1751,917.524,0.708266010109001,0.740009166898663,1835.048,2019_yk_138,Yukon,2019,0.709330901478152,0.738954452978161,-4.2644553542059e-4,726.273139980126,868.351039050808,1366.592,0.721171354994726,549.8000433195359
1752,918.048,0.707732477469266,0.748219335609597,1836.096,2019_yk_138,Yukon,2019,0.709350102083681,0.738357475348418,-5.9697762974342e-4,726.273139980126,868.351039050808,1366.592,0.721171354994726,549.8000433195359
1753,918.572,0.707805665560983,0.746720914832954,1837.144,2019_yk_138,Yukon,2019,0.709362071723847,0.737599077607042,-7.5839774137598e-4,726.273139980126,868.351039050808,1366.592,0.721171354994726,549.8000433195359
1754,919.096,0.708975389765233,0.739274189885695,1838.192,2019_yk_138,Yukon,2019,0.709351026268516,0.737112624277361,-4.8645332968066e-4,726.273139980126,868.351039050808,1366.592,0.721171354994726,549.8000433195359
1755,919.62,0.709495908089731,0.746600356143699,1839.24,2019_yk_138,Yukon,2019,0.709346513559614,0.736434586165986,-6.7803811137512e-4,726.273139980126,868.351039050808,1366.592,0.721171354994726,549.8000433195359
1756,920.144,0.710163939880731,0.755862542374217,1840.288,2019_yk_138,Yukon,2019,0.709344226366594,0.735976510143643,-4.5807602234315e-4,726.273139980126,868.351039050808,1366.592,0.721171354994726,549.8000433195359
1757,920.668,0.709045087676104,0.752498969703628,1841.336,2019_yk_138,Yukon,2019,0.709324820825006,0.735491110965269,-4.8539917837375e-4,726.273139980126,868.351039050808,1366.592,0.721171354994726,549.8000433195359
1758,921.192,0.70851514768779,0.749583013145047,1842.384,2019_yk_138,Yukon,2019,0.709335836448885,0.73489095658574,-6.0015437952842e-4,726.273139980126,868.351039050808,1366.592,0.721171354994726,549.8000433195359
1759,921.716,0.710056962244498,0.754661877574882,1843.432,2019_yk_138,Yukon,2019,0.709363380768275,0.734082258337336,-8.086982484049e-4,726.273139980126,868.351039050808,1366.592,0.721171354994726,549.8000433195359
1760,922.24,0.709877043473426,0.750756418301969,1844.48,2019_yk_138,Yukon,2019,0.7093158393011,0.733441482710149,-6.4077562718623e-4,726.273139980126,868.351039050808,1366.592,0.721171354994726,549.8000433195359
1761,922.764,0.707667607975008,0.735852539402161,1845.528,2019_yk_138,Yukon,2019,0.709300999706441,0.73303025085341,-4.1123185673952e-4,726.273139980126,868.351039050808,1366.592,0.721171354994726,549.8000433195359
1762,923.288,0.708081704467996,0.733450750711177,1846.576,2019_yk_138,Yukon,2019,0.709290516070746,0.732418592920117,-6.1165793329254e-4,726.273139980126,868.351039050808,1366.592,0.721171354994726,549.8000433195359
1763,923.812,0.709485876638823,0.7382843361077,1847.624,2019_yk_138,Yukon,2019,0.709300185250519,0.731517056963343,-9.01535956774e-4,726.273139980126,868.351039050808,1366.592,0.721171354994726,549.8000433195359
1764,924.336,0.710562700508375,0.738584107660731,1848.672,2019_yk_138,Yukon,2019,0.70933793300816,0.730793600431463,-7.2345653188044e-4,726.273139980126,868.351039050808,1366.592,0.721171354994726,549.8000433195359
1765,924.86,0.709594870645668,0.740702247795783,1849.72,2019_yk_138,Yukon,2019,0.709332698148636,0.730063677331376,-7.2992310008701e-4,726.273139980126,868.351039050808,1366.592,0.721171354994726,549.8000433195359
1766,925.384,0.707634298405185,0.740770892043573,1850.768,2019_yk_138,Yukon,2019,0.709334790760735,0.729557619622404,-5.0605770897227e-4,726.273139980126,868.351039050808,1366.592,0.721171354994726,549.8000433195359
1767,925.908,0.708894342357594,0.732102482337636,1851.816,2019_yk_138,Yukon,2019,0.709362847961032,0.729121205848169,-4.3641377423497e-4,726.273139980126,868.351039050808,1366.592,0.721171354994726,549.8000433195359
1768,926.432,0.708931773588721,0.738289207274643,1852.864,2019_yk_138,Yukon,2019,0.709333195314567,0.728780520367933,-3.4068548023513e-4,726.273139980126,868.351039050808,1366.592,0.721171354994726,549.8000433195359
1769,926.956,0.708766698663887,0.734988033898954,1853.912,2019_yk_138,Yukon,2019,0.709299470744808,0.728598490850083,-1.8202951785018e-4,726.273139980126,868.351039050808,1366.592,0.721171354994726,549.8000433195359
1770,927.48,0.710599054538168,0.719778422670542,1854.96,2019_yk_138,Yukon,2019,0.709244366549784,0.728356103230267,-2.4238761981598e-4,726.273139980126,868.351039050808,1366.592,0.721171354994726,549.8000433195359
1771,928.004,0.709993734299262,0.712493316226181,1856.008,2019_yk_138,Yukon,2019,0.709255763870385,0.72818597921637,-1.7012401389671e-4,726.273139980126,868.351039050808,1366.592,0.721171354994726,549.8000433195359
1772,928.528,0.709007004576308,0.718430957039585,1857.056,2019_yk_138,Yukon,2019,0.709270063476497,0.728177888220019,-8.09099635135091e-6,726.273139980126,868.351039050808,1366.592,0.721171354994726,549.8000433195359
1773,929.052,0.709337610351874,0.726982606720035,1858.104,2019_yk_138,Yukon,2019,0.709293736859787,0.728074862811682,-1.0302540833762e-4,726.273139980126,868.351039050808,1366.592,0.721171354994726,549.8000433195359
1774,929.576,0.711266223062022,0.72983611064364,1859.152,2019_yk_138,Yukon,2019,0.709323871837208,0.727872295034952,-2.0256777672944e-4,726.273139980126,868.351039050808,1366.592,0.721171354994726,549.8000433195359
1775,930.1,0.709215401899013,0.71633955373277,1860.2,2019_yk_138,Yukon,2019,0.709342405511557,0.727427612698273,-4.4468233667938e-4,726.273139980126,868.351039050808,1366.592,0.721171354994726,549.8000433195359
1776,930.624,0.710182286588145,0.706375882320674,1861.248,2019_yk_138,Yukon,2019,0.709320104536482,0.727031921764446,-3.9569093382629e-4,726.273139980126,868.351039050808,1366.592,0.721171354994726,549.8000433195359
1777,931.148,0.709743057459454,0.700651723971192,1862.296,2019_yk_138,Yukon,2019,0.709292310541672,0.726784469129228,-2.4745263521841e-4,726.273139980126,868.351039050808,1366.592,0.721171354994726,549.8000433195359
1778,931.672,0.708039792756973,0.704380687094025,1863.344,2019_yk_138,Yukon,2019,0.709308962454185,0.726322452622107,-4.6201650712096e-4,726.273139980126,868.351039050808,1366.592,0.721171354994726,549.8000433195359
1779,932.196,0.70784611094285,0.702873263599939,1864.392,2019_yk_138,Yukon,2019,0.709310731202345,0.725966146982503,-3.5630563960398e-4,726.273139980126,868.351039050808,1366.592,0.721171354994726,549.8000433195359
1780,932.72,0.709399486243407,0.705565379100511,1865.44,2019_yk_138,Yukon,2019,0.709300513815591,0.725921664403798,-4.44825787052627e-5,726.273139980126,868.351039050808,1366.592,0.721171354994726,549.8000433195359
1781,933.244,0.708650388012539,0.72104327395393,1866.488,2019_yk_138,Yukon,2019,0.709305571754251,0.725890319421377,-3.13449824204115e-5,726.273139980126,868.351039050808,1366.592,0.721171354994726,549.8000433195359
1782,933.768,0.710738164059749,0.712045811997436,1867.536,2019_yk_138,Yukon,2019,0.709356287568665,0.725661526750129,-2.2879267124875e-4,726.273139980126,868.351039050808,1366.592,0.721171354994726,549.8000433195359
1783,934.292,0.710390449999626,0.715379001770171,1868.584,2019_yk_138,Yukon,2019,0.709400171520656,0.725400727572126,-2.6079917800225e-4,726.273139980126,868.351039050808,1366.592,0.721171354994726,549.8000433195359
1784,934.816,0.708314942461669,0.726820265085512,1869.632,2019_yk_138,Yukon,2019,0.709407734024945,0.725283787267608,-1.1694030451836e-4,726.273139980126,868.351039050808,1366.592,0.721171354994726,549.8000433195359
1785,935.34,0.709183466548564,0.71369919478974,1870.68,2019_yk_138,Yukon,2019,0.709407317183013,0.724930697350115,-3.5308991749349e-4,726.273139980126,868.351039050808,1366.592,0.721171354994726,549.8000433195359
1786,935.864,0.709220098434713,0.714295449558233,1871.728,2019_yk_138,Yukon,2019,0.709392013752515,0.724508307560812,-4.2238978930264e-4,726.273139980126,868.351039050808,1366.592,0.721171354994726,549.8000433195359
1787,936.388,0.70835354398132,0.715816995838632,1872.776,2019_yk_138,Yukon,2019,0.709383275152251,0.723907186648584,-6.011209122283e-4,726.273139980126,868.351039050808,1366.592,0.721171354994726,549.8000433195359
1788,936.912,0.708810129235022,0.714763473503144,1873.824,2019_yk_138,Yukon,2019,0.709385093031725,0.723511595325454,-3.9559132312971e-4,726.273139980126,868.351039050808,1366.592,0.721171354994726,549.8000433195359
1789,937.436,0.71023260361545,0.714169476470644,1874.872,2019_yk_138,Yukon,2019,0.709382260048293,0.72305124978285,-4.603455426041e-4,726.273139980126,868.351039050808,1366.592,0.721171354994726,549.8000433195359
1790,937.96,0.708528625336594,0.709530122427368,1875.92,2019_yk_138,Yukon,2019,0.709369839643499,0.722583977333956,-4.6727244889333e-4,726.273139980126,868.351039050808,1366.592,0.721171354994726,549.8000433195359
1791,938.484,0.708559810863044,0.71020804419308,1876.968,2019_yk_138,Yukon,2019,0.709408942493596,0.722441832446139,-1.4214488781727e-4,726.273139980126,868.351039050808,1366.592,0.721171354994726,549.8000433195359
1792,939.008,0.708575785168955,0.707188640616621,1878.016,2019_yk_138,Yukon,2019,0.709428440199362,0.722275334646926,-1.6649779921351e-4,726.273139980126,868.351039050808,1366.592,0.721171354994726,549.8000433195359
1793,939.532,0.709859412785601,0.70400226739004,1879.064,2019_yk_138,Yukon,2019,0.709438588416009,0.722048642067861,-2.2669257906471e-4,726.273139980126,868.351039050808,1366.592,0.721171354994726,549.8000433195359
1794,940.056,0.711123045568105,0.70827390937125,1880.112,2019_yk_138,Yukon,2019,0.709431205456502,0.721807649164868,-2.4099290299273e-4,726.273139980126,868.351039050808,1366.592,0.721171354994726,549.8000433195359
1795,940.58,0.710161963822623,0.705196575335831,1881.16,2019_yk_138,Yukon,2019,0.70942230479376,0.721596335240784,-2.1131392408402e-4,726.273139980126,868.351039050808,1366.592,0.721171354994726,549.8000433195359
1796,941.104,0.70905450871202,0.714047058633408,1882.208,2019_yk_138,Yukon,2019,0.709452617603596,0.721314759597172,-2.8157564361253e-4,726.273139980126,868.351039050808,1366.592,0.721171354994726,549.8000433195359
1797,941.628,0.711095650958373,0.71477151992035,1883.256,2019_yk_138,Yukon,2019,0.709465495940918,0.721156691202353,-1.5806839481813e-4,726.273139980126,868.351039050808,1366.592,0.721171354994726,549.8000433195359
1798,942.152,0.708794199433008,0.727765158628117,1884.304,2019_yk_138,Yukon,2019,0.709491270072869,0.720757890736259,-3.9880046609486e-4,726.273139980126,868.351039050808,1366.592,0.721171354994726,549.8000433195359
1799,942.676,0.709619373514585,0.741094640127583,1885.352,2019_yk_138,Yukon,2019,0.70948574932162,0.7204046334026,-3.5325733365909e-4,726.273139980126,868.351039050808,1366.592,0.721171354994726,549.8000433195359
1800,943.2,0.707010306126469,0.730004411989128,1886.4,2019_yk_138,Yukon,2019,0.709441932356387,0.720394280387296,-1.03530153031661e-5,726.273139980126,868.351039050808,1366.592,0.721171354994726,549.8000433195359
1801,943.724,0.710002894310581,0.735081467503668,1887.448,2019_yk_138,Yukon,2019,0.709434107116374,0.720562461116136,1.6818072883939e-4,726.273139980126,868.351039050808,1366.592,0.721171354994726,549.8000433195359
1802,944.248,0.710070524950412,0.74442387702349,1888.496,2019_yk_138,Yukon,2019,0.709453916774727,0.720510945833017,-5.15152831183086e-5,726.273139980126,868.351039050808,1366.592,0.721171354994726,549.8000433195359
1803,944.772,0.709963569444479,0.731543717290591,1889.544,2019_yk_138,Yukon,2019,0.709438983461288,0.720392010596396,-1.1893523662165e-4,726.273139980126,868.351039050808,1366.592,0.721171354994726,549.8000433195359
1804,945.296,0.710190513511246,0.730888659931491,1890.592,2019_yk_138,Yukon,2019,0.709401204416702,0.720211938995035,-1.800716013609e-4,726.273139980126,868.351039050808,1366.592,0.721171354994726,549.8000433195359
1805,945.82,0.710213398267271,0.719391038093751,1891.64,2019_yk_138,Yukon,2019,0.709389759010357,0.720110476312471,-1.0146268256383e-4,726.273139980126,868.351039050808,1366.592,0.721171354994726,549.8000433195359
1806,946.344,0.708286900634515,0.72081435776235,1892.688,2019_yk_138,Yukon,2019,0.709370632885651,0.720030250538688,-8.02257737831935e-5,726.273139980126,868.351039050808,1366.592,0.721171354994726,549.8000433195359
1807,946.868,0.70873810466712,0.718905754210323,1893.736,2019_yk_138,Yukon,2019,0.709368926172338,0.71995901553195,-7.12350067373357e-5,726.273139980126,868.351039050808,1366.592,0.721171354994726,549.8000433195359
1808,947.392,0.711200810341987,0.713808697823233,1894.784,2019_yk_138,Yukon,2019,0.709365784523876,0.719807019067906,-1.5199646404429e-4,726.273139980126,868.351039050808,1366.592,0.721171354994726,549.8000433195359
1809,947.916,0.709299015721835,0.720290159491889,1895.832,2019_yk_138,Yukon,2019,0.709398397863229,0.719718558954466,-8.84601134403251e-5,726.273139980126,868.351039050808,1366.592,0.721171354994726,549.8000433195359
1810,948.44,0.709605360522361,0.739117558675077,1896.88,2019_yk_138,Yukon,2019,0.709420697202689,0.719675668922015,-4.28900324513926e-5,726.273139980126,868.351039050808,1366.592,0.721171354994726,549.8000433195359
1811,948.964,0.708569486428644,0.738128467953436,1897.928,2019_yk_138,Yukon,2019,0.709406283839523,0.719387398597741,-2.8827032427369e-4,726.273139980126,868.351039050808,1366.592,0.721171354994726,549.8000433195359
1812,949.488,0.710775426334096,0.734491775334676,1898.976,2019_yk_138,Yukon,2019,0.709384945908179,0.719281494175223,-1.0590442251812e-4,726.273139980126,868.351039050808,1366.592,0.721171354994726,549.8000433195359
1813,950.012,0.710438702680416,0.731072964152823,1900.024,2019_yk_138,Yukon,2019,0.709364292056863,0.718934598196728,-3.4689597849479e-4,726.273139980126,868.351039050808,1366.592,0.721171354994726,549.8000433195359
1814,950.536,0.709429140022606,0.732257771614586,1901.072,2019_yk_138,Yukon,2019,0.709384817428802,0.718529835550044,-4.0476264668387e-4,726.273139980126,868.351039050808,1366.592,0.721171354994726,549.8000433195359
1815,951.06,0.709470897573769,0.72541496109409,1902.12,2019_yk_138,Yukon,2019,0.709372430423025,0.718419967640219,-1.0986790982492e-4,726.273139980126,868.351039050808,1366.592,0.721171354994726,549.8000433195359
1816,951.584,0.709245734050888,0.730519155016056,1903.168,2019_yk_138,Yukon,2019,0.709356948568353,0.71844924068022,2.92730400011099e-5,726.273139980126,868.351039050808,1366.592,0.721171354994726,549.8000433195359
1817,952.108,0.708520771660271,0.716431714969935,1904.216,2019_yk_138,Yukon,2019,0.709380000417753,0.718228416486268,-2.2082419395219e-4,726.273139980126,868.351039050808,1366.592,0.721171354994726,549.8000433195359
1818,952.632,0.708624220456194,0.725847533757267,1905.264,2019_yk_138,Yukon,2019,0.709406873488205,0.718110365848767,-1.1805063750058e-4,726.273139980126,868.351039050808,1366.592,0.721171354994726,549.8000433195359
1819,953.156,0.709886983238617,0.727041145018632,1906.312,2019_yk_138,Yukon,2019,0.709402439983008,0.717875895145275,-2.344707034928e-4,726.273139980126,868.351039050808,1366.592,0.721171354994726,549.8000433195359
1820,953.68,0.709131819185743,0.722720071368374,1907.36,2019_yk_138,Yukon,2019,0.709403483324536,0.717623810660671,-2.5208448460334e-4,726.273139980126,868.351039050808,1366.592,0.721171354994726,549.8000433195359
1821,954.204,0.710013778980845,0.727323846133125,1908.408,2019_yk_138,Yukon,2019,0.709438082431478,0.717268779738017,-3.5503092265454e-4,726.273139980126,868.351039050808,1366.592,0.721171354994726,549.8000433195359
1822,954.728,0.709251566813985,0.723460882758365,1909.456,2019_yk_138,Yukon,2019,0.709439686642101,0.717100226956421,-1.6855278159533e-4,726.273139980126,868.351039050808,1366.592,0.721171354994726,549.8000433195359
1823,955.252,0.7100947696376,0.724682781363812,1910.504,2019_yk_138,Yukon,2019,0.709437502631297,0.716988352946793,-1.1187400962819e-4,726.273139980126,868.351039050808,1366.592,0.721171354994726,549.8000433195359
1824,955.776,0.710119722937971,0.724124533481173,1911.552,2019_yk_138,Yukon,2019,0.709411286355933,0.716917057374962,-7.12955718311648e-5,726.273139980126,868.351039050808,1366.592,0.721171354994726,549.8000433195359
1825,956.3,0.709060830881118,0.728023412350741,1912.6,2019_yk_138,Yukon,2019,0.709414199098277,0.716879779308975,-3.72780659870786e-5,726.273139980126,868.351039050808,1366.592,0.721171354994726,549.8000433195359
1826,956.824,0.709453066995357,0.723876353426819,1913.648,2019_yk_138,Yukon,2019,0.709418774266002,0.716706611199284,-1.731681096907e-4,726.273139980126,868.351039050808,1366.592,0.721171354994726,549.8000433195359
1827,957.348,0.70966704259693,0.722618378648552,1914.696,2019_yk_138,Yukon,2019,0.709376506800763,0.716417062802202,-2.8954839708239e-4,726.273139980126,868.351039050808,1366.592,0.721171354994726,549.8000433195359
1828,957.872,0.710478221505802,0.71436117930895,1915.744,2019_yk_138,Yukon,2019,0.709389239254401,0.716092358548608,-3.2470425359432e-4,726.273139980126,868.351039050808,1366.592,0.721171354994726,549.8000433195359
1829,958.396,0.708435453588963,0.713792593879404,1916.792,2019_yk_138,Yukon,2019,0.709404018934777,0.715461516956237,-6.3084159237036e-4,726.273139980126,868.351039050808,1366.592,0.721171354994726,549.8000433195359
1830,958.92,0.707970036624176,0.719157241752353,1917.84,2019_yk_138,Yukon,2019,0.709465503015898,0.715050080337288,-4.114366189496e-4,726.273139980126,868.351039050808,1366.592,0.721171354994726,549.8000433195359
1831,959.444,0.709524219898444,0.722584159956543,1918.888,2019_yk_138,Yukon,2019,0.70945709698676,0.714493746697809,-5.5633363947871e-4,726.273139980126,868.351039050808,1366.592,0.721171354994726,549.8000433195359
1832,959.968,0.710195584077523,0.715340040052489,1919.936,2019_yk_138,Yukon,2019,0.709445166565279,0.713868673547035,-6.2507315077364e-4,726.273139980126,868.351039050808,1366.592,0.721171354994726,549.8000433195359
1833,960.492,0.708441611545498,0.71984649252274,1920.984,2019_yk_138,Yukon,2019,0.709434677370273,0.713495688434586,-3.7298511244887e-4,726.273139980126,868.351039050808,1366.592,0.721171354994726,549.8000433195359
1834,961.016,0.708999480386884,0.719031814561983,1922.032,2019_yk_138,Yukon,2019,0.709393528409013,0.712959605312282,-5.3608312230457e-4,726.273139980126,868.351039050808,1366.592,0.721171354994726,549.8000433195359
1835,961.54,0.708528677518308,0.710251792778946,1923.08,2019_yk_138,Yukon,2019,0.709370995453793,0.712620936671192,-3.3866864109011e-4,726.273139980126,868.351039050808,1366.592,0.721171354994726,549.8000433195359
1836,962.064,0.709034719105799,0.701562335893677,1924.128,2019_yk_138,Yukon,2019,0.709390440710743,0.712468104692651,-1.5283197854021e-4,726.273139980126,868.351039050808,1366.592,0.721171354994726,549.8000433195359
1837,962.588,0.709640654660646,0.696377623566955,1925.176,2019_yk_138,Yukon,2019,0.709390151094286,0.71229707544694,-1.7102924571088e-4,726.273139980126,868.351039050808,1366.592,0.721171354994726,549.8000433195359
1838,963.112,0.707851293849284,0.695260899251371,1926.224,2019_yk_138,Yukon,2019,0.70936514004009,0.712352772654242,5.56972073011419e-5,726.273139980126,868.351039050808,1366.592,0.721171354994726,549.8000433195359
1839,963.636,0.709802911304035,0.697565656793519,1927.272,2019_yk_138,Yukon,2019,0.709343771466198,0.712193338503653,-1.594341505885e-4,726.273139980126,868.351039050808,1366.592,0.721171354994726,549.8000433195359
1840,964.16,0.710737446610994,0.702991977153423,1928.32,2019_yk_138,Yukon,2019,0.709319517589911,0.711663565070972,-5.2977343268079e-4,726.273139980126,868.351039050808,1366.592,0.721171354994726,549.8000433195359
1841,964.684,0.707785586222562,0.703747054497509,1929.368,2019_yk_138,Yukon,2019,0.709327278566509,0.711161171390719,-5.0239368025351e-4,726.273139980126,868.351039050808,1366.592,0.721171354994726,549.8000433195359
1842,965.208,0.709457888179105,0.705691546646349,1930.416,2019_yk_138,Yukon,2019,0.709314631391822,0.71056196704046,-5.9920435025839e-4,726.273139980126,868.351039050808,1366.592,0.721171354994726,549.8000433195359
1843,965.732,0.70915121892072,0.694565243060479,1931.464,2019_yk_138,Yukon,2019,0.709295070093051,0.71010654055602,-4.5542648444085e-4,726.273139980126,868.351039050808,1366.592,0.721171354994726,549.8000433195359
1844,966.256,0.709546464777949,0.702534506284485,1932.512,2019_yk_138,Yukon,2019,0.709299353530838,0.709494293417154,-6.1224713886542e-4,726.273139980126,868.351039050808,1366.592,0.721171354994726,549.8000433195359
1845,966.78,0.708440246201942,0.707107120200245,1933.56,2019_yk_138,Yukon,2019,0.709290474579596,0.708874884857765,-6.1940855938902e-4,726.273139980126,868.351039050808,1366.592,0.721171354994726,549.8000433195359
1846,967.304,0.708291187154445,0.716051831958297,1934.608,2019_yk_138,Yukon,2019,0.70929655993229,0.70826125248613,-6.1363237163514e-4,726.273139980126,868.351039050808,1366.592,0.721171354994726,549.8000433195359
1847,967.828,0.709736654945318,0.702567544201502,1935.656,2019_yk_138,Yukon,2019,0.709320747244473,0.707993320498783,-2.6793198734664e-4,726.273139980126,868.351039050808,1366.592,0.721171354994726,549.8000433195359
1848,968.352,0.710422513462143,0.707680435253105,1936.704,2019_yk_138,Yukon,2019,0.709346953805274,0.707517241399651,-4.7607909913205e-4,726.273139980126,868.351039050808,1366.592,0.721171354994726,549.8000433195359
1849,968.876,0.709966593303601,0.700101234261078,1937.752,2019_yk_138,Yukon,2019,0.709338076292273,0.707085704441609,-4.3153695804254e-4,726.273139980126,868.351039050808,1366.592,0.721171354994726,549.8000433195359
1850,969.4,0.708591225828287,0.694405053351168,1938.8,2019_yk_138,Yukon,2019,0.709336761613456,0.706784816874342,-3.0088756726665e-4,726.273139980126,868.351039050808,1366.592,0.721171354994726,549.8000433195359
1851,969.924,0.710635757279555,0.688906188833801,1939.848,2019_yk_138,Yukon,2019,0.70932324860002,0.706225036157899,-5.5978071644347e-4,726.273139980126,868.351039050808,1366.592,0.721171354994726,549.8000433195359
1852,970.448,0.708672037806352,0.6970754737209,1940.896,2019_yk_138,Yukon,2019,0.709301380283172,0.705739322980231,-4.8571317766743e-4,726.273139980126,868.351039050808,1366.592,0.721171354994726,549.8000433195359
1853,970.972,0.709728372137349,0.697289826812355,1941.944,2019_yk_138,Yukon,2019,0.709294689643213,0.705372975782946,-3.663471972849e-4,726.273139980126,868.351039050808,1366.592,0.721171354994726,549.8000433195359
1854,971.496,0.709550069046275,0.703996175061379,1942.992,2019_yk_138,Yukon,2019,0.709300551502977,0.704849267272335,-5.2370851061112e-4,726.273139980126,868.351039050808,1366.592,0.721171354994726,549.8000433195359
1855,972.02,0.710336728363231,0.702959891376609,1944.04,2019_yk_138,Yukon,2019,0.70932659173417,0.704185433735777,-6.6383353655796e-4,726.273139980126,868.351039050808,1366.592,0.721171354994726,549.8000433195359
1856,972.544,0.709329018775496,0.703656972051967,1945.088,2019_yk_138,Yukon,2019,0.709340563715015,0.70356286607717,-6.2256765860724e-4,726.273139980126,868.351039050808,1366.592,0.721171354994726,549.8000433195359
1857,973.068,0.708559603044059,0.697398616095402,1946.136,2019_yk_138,Yukon,2019,0.70932243411396,0.703074949115583,-4.8791696158712e-4,726.273139980126,868.351039050808,1366.592,0.721171354994726,549.8000433195359
1858,973.592,0.709558146651318,0.708282903412462,1947.184,2019_yk_138,Yukon,2019,0.709290851448363,0.702828592359288,-2.4635675629514e-4,726.273139980126,868.351039050808,1366.592,0.721171354994726,549.8000433195359
1859,974.116,0.710506154337117,0.703244144585359,1948.232,2019_yk_138,Yukon,2019,0.709301444108245,0.702570414250837,-2.5817810845041e-4,726.273139980126,868.351039050808,1366.592,0.721171354994726,549.8000433195359
1860,974.64,0.710699350993736,0.705318214852158,1949.28,2019_yk_138,Yukon,2019,0.709303038124994,0.702317777903262,-2.5263634757533e-4,726.273139980126,868.351039050808,1366.592,0.721171354994726,549.8000433195359
1861,975.164,0.709498532562265,0.701701449134946,1950.328,2019_yk_138,Yukon,2019,0.709320724625671,0.702006893321654,-3.1088458160799e-4,726.273139980126,868.351039050808,1366.592,0.721171354994726,549.8000433195359
1862,975.688,0.709354699661561,0.706919487977073,1951.376,2019_yk_138,Yukon,2019,0.709293028408282,0.701712045736338,-2.948475853155e-4,726.273139980126,868.351039050808,1366.592,0.721171354994726,549.8000433195359
1863,976.212,0.709334217744136,0.709164610543662,1952.424,2019_yk_138,Yukon,2019,0.709284595734988,0.701400222060316,-3.1182367602211e-4,726.273139980126,868.351039050808,1366.592,0.721171354994726,549.8000433195359
1864,976.736,0.707721575835638,0.698723672593211,1953.472,2019_yk_138,Yukon,2019,0.709281391162874,0.701174599069468,-2.2562299084805e-4,726.273139980126,868.351039050808,1366.592,0.721171354994726,549.8000433195359
1865,977.26,0.708861420954073,0.699070919628343,1954.52,2019_yk_138,Yukon,2019,0.709280823947374,0.701229162830788,5.456376132007e-5,726.273139980126,868.351039050808,1366.592,0.721171354994726,549.8000433195359
1866,977.784,0.709453616051533,0.711644439049935,1955.568,2019_yk_138,Yukon,2019,0.70930277238252,0.701472872093284,2.4370926249583e-4,726.273139980126,868.351039050808,1366.592,0.721171354994726,549.8000433195359
1867,978.308,0.70872072767967,0.708643999467673,1956.616,2019_yk_138,Yukon,2019,0.709324004668354,0.701711744223715,2.3887213043105e-4,726.273139980126,868.351039050808,1366.592,0.721171354994726,549.8000433195359
1868,978.832,0.709700147090231,0.717150530261297,1957.664,2019_yk_138,Yukon,2019,0.709341918155404,0.702071203680791,3.5945945707605e-4,726.273139980126,868.351039050808,1366.592,0.721171354994726,549.8000433195359
1869,979.356,0.708016901288326,0.710724110456582,1958.712,2019_yk_138,Yukon,2019,0.709331923078284,0.702368763611859,2.9755993106783e-4,726.273139980126,868.351039050808,1366.592,0.721171354994726,549.8000433195359
1870,979.88,0.70815012794515,0.707331152714227,1959.76,2019_yk_138,Yukon,2019,0.709304357707582,0.702734739184646,3.6597557278661e-4,726.273139980126,868.351039050808,1366.592,0.721171354994726,549.8000433195359
1871,980.404,0.709035145024514,0.707984847138225,1960.808,2019_yk_138,Yukon,2019,0.70932372817823,0.703036774590561,3.0203540591522e-4,726.273139980126,868.351039050808,1366.592,0.721171354994726,549.8000433195359
1872,980.928,0.710016595852865,0.698539514319176,1961.856,2019_yk_138,Yukon,2019,0.709317321096962,0.70336019358022,3.2341898965915e-4,726.273139980126,868.351039050808,1366.592,0.721171354994726,549.8000433195359
1873,981.452,0.70926502475417,0.703747375086371,1962.904,2019_yk_138,Yukon,2019,0.709339516905405,0.703889667527049,5.2947394682845e-4,726.273139980126,868.351039050808,1366.592,0.721171354994726,549.8000433195359
1874,981.976,0.70968614628978,0.695522943282653,1963.952,2019_yk_138,Yukon,2019,0.709332612894837,0.704097850579958,2.0818305290937e-4,726.273139980126,868.351039050808,1366.592,0.721171354994726,549.8000433195359
1875,982.5,0.708938160499302,0.688250447530747,1965,2019_yk_138,Yukon,2019,0.709361740578145,0.704234336071786,1.364854918282e-4,726.273139980126,868.351039050808,1366.592,0.721171354994726,549.8000433195359
1876,983.024,0.709610855212502,0.693701212717948,1966.048,2019_yk_138,Yukon,2019,0.709364239474376,0.704169751110242,-6.45849615441563e-5,726.273139980126,868.351039050808,1366.592,0.721171354994726,549.8000433195359
1877,983.548,0.709972010391282,0.70035579572914,1967.096,2019_yk_138,Yukon,2019,0.709354442314251,0.704450352304697,2.8060119445494e-4,726.273139980126,868.351039050808,1366.592,0.721171354994726,549.8000433195359
1878,984.072,0.710196614104248,0.697282787809346,1968.144,2019_yk_138,Yukon,2019,0.709325641204016,0.704677851079704,2.2749877500749e-4,726.273139980126,868.351039050808,1366.592,0.721171354994726,549.8000433195359
1879,984.596,0.709354332458518,0.701148927536079,1969.192,2019_yk_138,Yukon,2019,0.709307396065674,0.70493336606193,2.5551498222597e-4,726.273139980126,868.351039050808,1366.592,0.721171354994726,549.8000433195359
1880,985.12,0.709052938456745,0.704666817332374,1970.24,2019_yk_138,Yukon,2019,0.709343743678839,0.705419735013875,4.8636895194431e-4,726.273139980126,868.351039050808,1366.592,0.721171354994726,549.8000433195359
1881,985.644,0.709202998174718,0.693737003146519,1971.288,2019_yk_138,Yukon,2019,0.709325137787299,0.705725255647409,3.055206335345e-4,726.273139980126,868.351039050808,1366.592,0.721171354994726,549.8000433195359
1882,986.168,0.707939467803077,0.694318092098321,1972.336,2019_yk_138,Yukon,2019,0.709331131604288,0.705947632996827,2.2237734941743e-4,726.273139980126,868.351039050808,1366.592,0.721171354994726,549.8000433195359
1883,986.692,0.709693331240054,0.70270194952671,1973.384,2019_yk_138,Yukon,2019,0.709342791295087,0.705998278819355,5.0645822527895e-5,726.273139980126,868.351039050808,1366.592,0.721171354994726,549.8000433195359
1884,987.216,0.71047143452382,0.692702022844509,1974.432,2019_yk_138,Yukon,2019,0.709327765038396,0.706018601078013,2.0322258658112e-5,726.273139980126,868.351039050808,1366.592,0.721171354994726,549.8000433195359
1885,987.74,0.710623244752719,0.688193400157266,1975.48,2019_yk_138,Yukon,2019,0.709283957289092,0.70597274983213,-4.58512458823002e-5,726.273139980126,868.351039050808,1366.592,0.721171354994726,549.8000433195359
1886,988.264,0.710291385845996,0.686522293910378,1976.528,2019_yk_138,Yukon,2019,0.709269643500353,0.705751559883533,-2.2118994859732e-4,726.273139980126,868.351039050808,1366.592,0.721171354994726,549.8000433195359
1887,988.788,0.708579266533655,0.693343360953327,1977.576,2019_yk_138,Yukon,2019,0.709280776312164,0.705877958436927,1.2639855339402e-4,726.273139980126,868.351039050808,1366.592,0.721171354994726,549.8000433195359
1888,989.312,0.708583261569961,0.699579773931244,1978.624,2019_yk_138,Yukon,2019,0.709295577796917,0.705727661445454,-1.5029699147306e-4,726.273139980126,868.351039050808,1366.592,0.721171354994726,549.8000433195359
1889,989.836,0.709071013181922,0.698301907372376,1979.672,2019_yk_138,Yukon,2019,0.709289635760829,0.70573921733117,1.155588571633e-5,726.273139980126,868.351039050808,1366.592,0.721171354994726,549.8000433195359
1890,990.36,0.708065677629116,0.703999060897834,1980.72,2019_yk_138,Yukon,2019,0.709271398266105,0.70576936940649,3.01520753192008e-5,726.273139980126,868.351039050808,1366.592,0.721171354994726,549.8000433195359
1891,990.884,0.710585409939023,0.703931085060069,1981.768,2019_yk_138,Yukon,2019,0.709305364510627,0.705783841746345,1.44723398554092e-5,726.273139980126,868.351039050808,1366.592,0.721171354994726,549.8000433195359
1892,991.408,0.708533811034182,0.697649184933559,1982.816,2019_yk_138,Yukon,2019,0.709301936645306,0.705637419193181,-1.464225531641e-4,726.273139980126,868.351039050808,1366.592,0.721171354994726,549.8000433195359
1893,991.932,0.707935651147899,0.70113707196141,1983.864,2019_yk_138,Yukon,2019,0.709299937771625,0.705388581238787,-2.4883795439401e-4,726.273139980126,868.351039050808,1366.592,0.721171354994726,549.8000433195359
1894,992.456,0.708807206060034,0.705494435111103,1984.912,2019_yk_138,Yukon,2019,0.709317764402274,0.705455639729278,6.70584904907123e-5,726.273139980126,868.351039050808,1366.592,0.721171354994726,549.8000433195359
1895,992.98,0.708494644588301,0.713525618458146,1985.96,2019_yk_138,Yukon,2019,0.709319531500177,0.705613081270247,1.5744154096897e-4,726.273139980126,868.351039050808,1366.592,0.721171354994726,549.8000433195359
1896,993.504,0.710351625214555,0.716184891643428,1987.008,2019_yk_138,Yukon,2019,0.70931927214334,0.705497129772646,-1.1595149760101e-4,726.273139980126,868.351039050808,1366.592,0.721171354994726,549.8000433195359
1897,994.028,0.71091459181069,0.71070995139282,1988.056,2019_yk_138,Yukon,2019,0.709338964690761,0.705307877563953,-1.8925220869225e-4,726.273139980126,868.351039050808,1366.592,0.721171354994726,549.8000433195359
1898,994.552,0.70892610307226,0.716828466675931,1989.104,2019_yk_138,Yukon,2019,0.709312904697581,0.70496125745428,-3.4662010967367e-4,726.273139980126,868.351039050808,1366.592,0.721171354994726,549.8000433195359
1899,995.076,0.709203206676858,0.715419252657587,1990.152,2019_yk_138,Yukon,2019,0.709305706310229,0.704670289812585,-2.9096764169467e-4,726.273139980126,868.351039050808,1366.592,0.721171354994726,549.8000433195359
1900,995.6,0.709083524368886,0.724950511520623,1991.2,2019_yk_138,Yukon,2019,0.709334861543839,0.704412531903692,-2.5775790889248e-4,726.273139980126,868.351039050808,1366.592,0.721171354994726,549.8000433195359
1901,996.124,0.70894781446143,0.72186917885242,1992.248,2019_yk_138,Yukon,2019,0.709359654152988,0.704129055360807,-2.8347654288529e-4,726.273139980126,868.351039050808,1366.592,0.721171354994726,549.8000433195359
1902,996.648,0.709073463302993,0.725096686025902,1993.296,2019_yk_138,Yukon,2019,0.709309502291519,0.703945865110784,-1.8319025002344e-4,726.273139980126,868.351039050808,1366.592,0.721171354994726,549.8000433195359
1903,997.172,0.71048296742735,0.726333679870182,1994.344,2019_yk_138,Yukon,2019,0.709318428360833,0.703805596935403,-1.4026817538115e-4,726.273139980126,868.351039050808,1366.592,0.721171354994726,549.8000433195359
1904,997.696,0.709132224143843,0.715025489459052,1995.392,2019_yk_138,Yukon,2019,0.709325338980222,0.70379376053698794,-1.1836398414955e-5,726.273139980126,868.351039050808,1366.592,0.721171354994726,549.8000433195359
1905,998.22,0.710187907200413,0.715296249709932,1996.44,2019_yk_138,Yukon,2019,0.709314147212684,0.703809882321226,1.61217842384875e-5,726.273139980126,868.351039050808,1366.592,0.721171354994726,549.8000433195359
1906,998.744,0.70844112092829,0.712176734265649,1997.488,2019_yk_138,Yukon,2019,0.709315761165392,0.703693926144188,-1.1595617703852e-4,726.273139980126,868.351039050808,1366.592,0.721171354994726,549.8000433195359
1907,999.268,0.709148825337846,0.719403615868799,1998.536,2019_yk_138,Yukon,2019,0.709282180265008,0.703427781432251,-2.6614471193653e-4,726.273139980126,868.351039050808,1366.592,0.721171354994726,549.8000433195359
1908,999.792,0.708694446848054,0.721330361753551,1999.584,2019_yk_138,Yukon,2019,0.709286049023482,0.703181317843398,-2.4646358885305e-4,726.273139980126,868.351039050808,1366.592,0.721171354994726,549.8000433195359
1909,1000.316,0.708871885003098,0.715432133194637,2000.632,2019_yk_138,Yukon,2019,0.709301491198547,0.702866610633539,-3.1470720985904e-4,726.273139980126,868.351039050808,1366.592,0.721171354994726,549.8000433195359
1910,1000.84,0.710772082618164,0.723587190467827,2001.68,2019_yk_138,Yukon,2019,0.709302193485274,0.702556951572671,-3.096590608681e-4,726.273139980126,868.351039050808,1366.592,0.721171354994726,549.8000433195359
1911,1001.364,0.709519403787138,0.707237426845866,2002.728,2019_yk_138,Yukon,2019,0.709313132651071,0.702465312443832,-9.16391288384721e-5,726.273139980126,868.351039050808,1366.592,0.721171354994726,549.8000433195359
1912,1001.888,0.709031666825687,0.710418114685951,2003.776,2019_yk_138,Yukon,2019,0.7093209461844,0.702344644025949,-1.2066841788305e-4,726.273139980126,868.351039050808,1366.592,0.721171354994726,549.8000433195359
1913,1002.412,0.710427953585337,0.70032857616403,2004.824,2019_yk_138,Yukon,2019,0.709311554203518,0.701898043627683,-4.4660039826616e-4,726.273139980126,868.351039050808,1366.592,0.721171354994726,549.8000433195359
1914,1002.936,0.708648493644764,0.705215510580864,2005.872,2019_yk_138,Yukon,2019,0.709282670986343,0.701677237853215,-2.2080577446803e-4,726.273139980126,868.351039050808,1366.592,0.721171354994726,549.8000433195359
1915,1003.46,0.707708263405015,0.700208816623669,2006.92,2019_yk_138,Yukon,2019,0.70926227782193,0.701469922021556,-2.07315831659e-4,726.273139980126,868.351039050808,1366.592,0.721171354994726,549.8000433195359
1916,1003.984,0.708470191451167,0.690385575136124,2007.968,2019_yk_138,Yukon,2019,0.709246376555098,0.701275665507925,-1.9425651363069e-4,726.273139980126,868.351039050808,1366.592,0.721171354994726,549.8000433195359
1917,1004.508,0.709227571752721,0.704982529299044,2009.016,2019_yk_138,Yukon,2019,0.709249225119571,0.700730333910033,-5.4533159789249e-4,726.273139980126,868.351039050808,1366.592,0.721171354994726,549.8000433195359
1918,1005.032,0.710446235736455,0.69926508392408,2010.064,2019_yk_138,Yukon,2019,0.709264545138622,0.700389271609707,-3.4106230032582e-4,726.273139980126,868.351039050808,1366.592,0.721171354994726,549.8000433195359
1919,1005.556,0.710149632171848,0.703937497728338,2011.112,2019_yk_138,Yukon,2019,0.709257807694602,0.699923495800998,-4.657758087091e-4,726.273139980126,868.351039050808,1366.592,0.721171354994726,549.8000433195359
1920,1006.08,0.709605101310292,0.707127339371314,2012.16,2019_yk_138,Yukon,2019,0.709255158390683,0.699223363187855,-7.0013261314327e-4,726.273139980126,868.351039050808,1366.592,0.721171354994726,549.8000433195359
1921,1006.604,0.711536507233594,0.70256978952627,2013.208,2019_yk_138,Yukon,2019,0.709257618159493,0.698493266967376,-7.3009622047859e-4,726.273139980126,868.351039050808,1366.592,0.721171354994726,549.8000433195359
1922,1007.128,0.709149027742337,0.698134134787231,2014.256,2019_yk_138,Yukon,2019,0.70931621329547,0.697869221059868,-6.2404590750819e-4,726.273139980126,868.351039050808,1366.592,0.721171354994726,549.8000433195359
1923,1007.652,0.709214285323279,0.694234333280023,2015.304,2019_yk_138,Yukon,2019,0.709314414163314,0.697071542201268,-7.9767885860038e-4,726.273139980126,868.351039050808,1366.592,0.721171354994726,549.8000433195359
1924,1008.176,0.708791173674527,0.702747182022649,2016.352,2019_yk_138,Yukon,2019,0.70931584468261,0.69629183064115,-7.7971156011702e-4,726.273139980126,868.351039050808,1366.592,0.721171354994726,549.8000433195359
1925,1008.7,0.708967446828256,0.708517412086483,2017.4,2019_yk_138,Yukon,2019,0.709351829584081,0.695291192678681,-0.0010006379624693,726.273139980126,868.351039050808,1366.592,0.721171354994726,549.8000433195359
1926,1009.224,0.709438054641363,0.704687349193878,2018.448,2019_yk_138,Yukon,2019,0.70930270888364,0.6942481810291,-0.00104301164958154,726.273139980126,868.351039050808,1366.592,0.721171354994726,549.8000433195359
1927,1009.748,0.709902280524917,0.697288866946136,2019.496,2019_yk_138,Yukon,2019,0.709273541988823,0.693264203888013,-9.8397714108655e-4,726.273139980126,868.351039050808,1366.592,0.721171354994726,549.8000433195359
1928,1010.272,0.708136547499445,0.696353323680881,2020.544,2019_yk_138,Yukon,2019,0.709253542724744,0.692378366349522,-8.8583753849069e-4,726.273139980126,868.351039050808,1366.592,0.721171354994726,549.8000433195359
1929,1010.796,0.707584998047204,0.693266051954901,2021.592,2019_yk_138,Yukon,2019,0.70925020748912,0.691716402506385,-6.6196384313777e-4,726.273139980126,868.351039050808,1366.592,0.721171354994726,549.8000433195359
1930,1011.32,0.709899441961701,0.691865678180678,2022.64,2019_yk_138,Yukon,2019,0.709293622347842,0.690890107670814,-8.2629483557061e-4,726.273139980126,868.351039050808,1366.592,0.721171354994726,549.8000433195359
1931,1011.844,0.710522701573468,0.690976254565101,2023.688,2019_yk_138,Yukon,2019,0.709275212319934,0.690055848722416,-8.3425894839817e-4,726.273139980126,868.351039050808,1366.592,0.721171354994726,549.8000433195359
1932,1012.368,0.707007484164737,0.687548099317768,2024.736,2019_yk_138,Yukon,2019,0.709292235835759,0.689032744770281,-0.00102310395213512,726.273139980126,868.351039050808,1366.592,0.721171354994726,549.8000433195359
1933,1012.892,0.709800588913002,0.695331284563499,2025.784,2019_yk_138,Yukon,2019,0.709242538507765,0.687955629469442,-0.00107711530083909,726.273139980126,868.351039050808,1366.592,0.721171354994726,549.8000433195359
1934,1013.416,0.710100783453116,0.694812759377759,2026.832,2019_yk_138,Yukon,2019,0.709254237151465,0.687096149681174,-8.5947978826794e-4,726.273139980126,868.351039050808,1366.592,0.721171354994726,549.8000433195359
1935,1013.94,0.708266654447042,0.689217754585058,2027.88,2019_yk_138,Yukon,2019,0.70924984696605,0.686300269270384,-7.9588041079015e-4,726.273139980126,868.351039050808,1366.592,0.721171354994726,549.8000433195359
1936,1014.464,0.70970769237495,0.686743842095629,2028.928,2019_yk_138,Yukon,2019,0.70924607623654,0.685459297653825,-8.4097161655893e-4,726.273139980126,868.351039050808,1366.592,0.721171354994726,549.8000433195359
1937,1014.988,0.707957156368261,0.684387113012952,2029.976,2019_yk_138,Yukon,2019,0.709254255326188,0.6845028906311,-9.564070227247e-4,726.273139980126,868.351039050808,1366.592,0.721171354994726,549.8000433195359
1938,1015.512,0.710428739612717,0.682494972478163,2031.024,2019_yk_138,Yukon,2019,0.709255877184825,0.683482559225878,-0.0010203314052224,726.273139980126,868.351039050808,1366.592,0.721171354994726,549.8000433195359
1939,1016.036,0.710280862962411,0.68226649494454,2032.072,2019_yk_138,Yukon,2019,0.709271370249671,0.682723954384999,-7.5860484087897e-4,726.273139980126,868.351039050808,1366.592,0.721171354994726,549.8000433195359
1940,1016.56,0.70909507566039,0.686087273680283,2033.12,2019_yk_138,Yukon,2019,0.70925758296599,0.681737515129447,-9.8643925555141e-4,726.273139980126,868.351039050808,1366.592,0.721171354994726,549.8000433195359
1941,1017.084,0.709859348122495,0.688238655416208,2034.168,2019_yk_138,Yukon,2019,0.709263697838022,0.681093810906566,-6.437042228814e-4,726.273139980126,868.351039050808,1366.592,0.721171354994726,549.8000433195359
1942,1017.608,0.70840827980286,0.687077987025343,2035.216,2019_yk_138,Yukon,2019,0.709242991644832,0.681053218980454,-4.05919261116106e-5,726.273139980126,868.351039050808,1366.592,0.721171354994726,549.8000433195359
1943,1018.132,0.709129812387088,0.675905925630743,2036.264,2019_yk_138,Yukon,2019,0.709199943699898,0.680685577455608,-3.6764152484636e-4,726.273139980126,868.351039050808,1366.592,0.721171354994726,549.8000433195359
1944,1018.656,0.708738441493353,0.67945367637643,2037.312,2019_yk_138,Yukon,2019,0.709190294160293,0.68020696319884,-4.786142567682e-4,726.273139980126,868.351039050808,1366.592,0.721171354994726,549.8000433195359
1945,1019.18,0.709399654887925,0.675754450257724,2038.36,2019_yk_138,Yukon,2019,0.709209057914018,0.679800713550419,-4.0624964842028e-4,726.273139980126,868.351039050808,1366.592,0.721171354994726,549.8000433195359
1946,1019.704,0.709337309836065,0.674866903092535,2039.408,2019_yk_138,Yukon,2019,0.709247855082468,0.679504739536544,-2.9597401387526e-4,726.273139980126,868.351039050808,1366.592,0.721171354994726,549.8000433195359
1947,1020.228,0.708750180402028,0.660623465079777,2040.456,2019_yk_138,Yukon,2019,0.709254508045022,0.678847758696456,-6.5698084008813e-4,726.273139980126,868.351039050808,1366.592,0.721171354994726,549.8000433195359
1948,1020.752,0.709502462713062,0.679116035911693,2041.504,2019_yk_138,Yukon,2019,0.70924200074552,0.678272116532822,-5.7564216363348e-4,726.273139980126,868.351039050808,1366.592,0.721171354994726,549.8000433195359
1949,1021.276,0.708666766540724,0.670355358849822,2042.552,2019_yk_138,Yukon,2019,0.709214257945794,0.67756023266593,-7.1188386689224e-4,726.273139980126,868.351039050808,1366.592,0.721171354994726,549.8000433195359
1950,1021.8,0.707906719393963,0.661991104109236,2043.6,2019_yk_138,Yukon,2019,0.709212186097265,0.676878036153251,-6.8219651267886e-4,726.273139980126,868.351039050808,1366.592,0.721171354994726,549.8000433195359
1951,1022.324,0.710732996067591,0.660125311831358,2044.648,2019_yk_138,Yukon,2019,0.709170025654739,0.676199810056847,-6.7822609640466e-4,726.273139980126,868.351039050808,1366.592,0.721171354994726,549.8000433195359
1952,1022.848,0.71204951919281,0.660206430483065,2045.696,2019_yk_138,Yukon,2019,0.709155023585189,0.675562258459987,-6.3755159685918e-4,726.273139980126,868.351039050808,1366.592,0.721171354994726,549.8000433195359
1953,1023.372,0.707827703218571,0.653276340445382,2046.744,2019_yk_138,Yukon,2019,0.709129063401766,0.675061471334576,-5.0078712541135e-4,726.273139980126,868.351039050808,1366.592,0.721171354994726,549.8000433195359
1954,1023.896,0.708893037217792,0.658711741504085,2047.792,2019_yk_138,Yukon,2019,0.709138314351317,0.67442262377906,-6.3884755551635e-4,726.273139980126,868.351039050808,1366.592,0.721171354994726,549.8000433195359
1955,1024.42,0.710653738676579,0.65348734070999,2048.84,2019_yk_138,Yukon,2019,0.709164261373556,0.673726372176397,-6.9625160266317e-4,726.273139980126,868.351039050808,1366.592,0.721171354994726,549.8000433195359
1956,1024.944,0.70740438318804,0.653604192668541,2049.888,2019_yk_138,Yukon,2019,0.70915180429943,0.673053818357311,-6.7255381908581e-4,726.273139980126,868.351039050808,1366.592,0.721171354994726,549.8000433195359
1957,1025.468,0.709164578121713,0.651671322927626,2050.936,2019_yk_138,Yukon,2019,0.70915873244911,0.672523242929579,-5.3057542773138e-4,726.273139980126,868.351039050808,1366.592,0.721171354994726,549.8000433195359
1958,1025.992,0.707726147227488,0.663678214366488,2051.984,2019_yk_138,Yukon,2019,0.709189393067087,0.671994981015826,-5.2826191375288e-4,726.273139980126,868.351039050808,1366.592,0.721171354994726,549.8000433195359
1959,1026.516,0.70900309253941,0.675701422069323,2053.032,2019_yk_138,Yukon,2019,0.709214608481816,0.671629383855589,-3.6559716023787e-4,726.273139980126,868.351039050808,1366.592,0.721171354994726,549.8000433195359
1960,1027.04,0.711688415892258,0.675372821386391,2054.08,2019_yk_138,Yukon,2019,0.7092034792114,0.671483211052562,-1.4617280302675e-4,726.273139980126,868.351039050808,1366.592,0.721171354994726,549.8000433195359
1961,1027.564,0.707843212786941,0.671813641948532,2055.128,2019_yk_138,Yukon,2019,0.709202490982371,0.671514395461388,3.11844088263236e-5,726.273139980126,868.351039050808,1366.592,0.721171354994726,549.8000433195359
1962,1028.088,0.710094874252456,0.663710448897801,2056.176,2019_yk_138,Yukon,2019,0.709234850548034,0.671565634709441,5.12392480528367e-5,726.273139980126,868.351039050808,1366.592,0.721171354994726,549.8000433195359
1963,1028.612,0.70750112774776,0.661706761819834,2057.224,2019_yk_138,Yukon,2019,0.709238420926353,0.671372078233141,-1.9355647629959e-4,726.273139980126,868.351039050808,1366.592,0.721171354994726,549.8000433195359
1964,1029.136,0.709834142765827,0.663456702162972,2058.272,2019_yk_138,Yukon,2019,0.709226939092287,0.671180088236818,-1.919899963233e-4,726.273139980126,868.351039050808,1366.592,0.721171354994726,549.8000433195359
1965,1029.66,0.70992449607549,0.66754342506253,2059.32,2019_yk_138,Yukon,2019,0.709259231960935,0.671138590696272,-4.14975405462759e-5,726.273139980126,868.351039050808,1366.592,0.721171354994726,549.8000433195359
1966,1030.184,0.708214877157687,0.661718437272108,2060.368,2019_yk_138,Yukon,2019,0.709234320156531,0.670991950794726,-1.4663990154628e-4,726.273139980126,868.351039050808,1366.592,0.721171354994726,549.8000433195359
1967,1030.708,0.709639570716725,0.662019194505321,2061.416,2019_yk_138,Yukon,2019,0.709266581696871,0.670824265031957,-1.6768576276804e-4,726.273139980126,868.351039050808,1366.592,0.721171354994726,549.8000433195359
1968,1031.232,0.708791758366285,0.660110477440204,2062.464,2019_yk_138,Yukon,2019,0.709256392362682,0.67079869314767,-2.55718842876451e-5,726.273139980126,868.351039050808,1366.592,0.721171354994726,549.8000433195359
1969,1031.756,0.709801468893852,0.669915842741902,2063.512,2019_yk_138,Yukon,2019,0.709260412744055,0.670975753442598,1.7706029492825e-4,726.273139980126,868.351039050808,1366.592,0.721171354994726,549.8000433195359
1970,1032.28,0.709944845597308,0.664400835134746,2064.56,2019_yk_138,Yukon,2019,0.709271584153657,0.670818448222221,-1.5730522037671e-4,726.273139980126,868.351039050808,1366.592,0.721171354994726,549.8000433195359
1971,1032.804,0.70988629610908,0.668615173472977,2065.608,2019_yk_138,Yukon,2019,0.709251590060742,0.670644359325554,-1.7408889666747e-4,726.273139980126,868.351039050808,1366.592,0.721171354994726,549.8000433195359
1972,1033.328,0.70778929523427,0.707982599119252,2066.656,2019_yk_138,Yukon,2019,0.709265464403258,0.670668118291341,2.37589657875459e-5,726.273139980126,868.351039050808,1366.592,0.721171354994726,549.8000433195359
1973,1033.852,0.7078450768893,0.678270084673245,2067.704,2019_yk_138,Yukon,2019,0.709265741305689,0.670779447435139,1.1132914379719e-4,726.273139980126,868.351039050808,1366.592,0.721171354994726,549.8000433195359
1974,1034.376,0.708069521268463,0.676498655174767,2068.752,2019_yk_138,Yukon,2019,0.709276922639436,0.670629007048744,-1.5044038639433e-4,726.273139980126,868.351039050808,1366.592,0.721171354994726,549.8000433195359
1975,1034.9,0.708834088628498,0.675833837718454,2069.8,2019_yk_138,Yukon,2019,0.70927615982788506,0.670598390816502,-3.06162322426529e-5,726.273139980126,868.351039050808,1366.592,0.721171354994726,549.8000433195359
1976,1035.424,0.710798021558205,0.672627134303611,2070.848,2019_yk_138,Yukon,2019,0.709272897663695,0.670589253626076,-9.13719042561212e-6,726.273139980126,868.351039050808,1366.592,0.721171354994726,549.8000433195359
1977,1035.948,0.70962674950596,0.665563678893755,2071.896,2019_yk_138,Yukon,2019,0.709281548200667,0.670820028938615,2.3077531253878e-4,726.273139980126,868.351039050808,1366.592,0.721171354994726,549.8000433195359
1978,1036.472,0.709695797766341,0.664726554106069,2072.944,2019_yk_138,Yukon,2019,0.70924236223342,0.670889337878132,6.93089395168434e-5,726.273139980126,868.351039050808,1366.592,0.721171354994726,549.8000433195359
1979,1036.996,0.708485064188273,0.661224465714798,2073.992,2019_yk_138,Yukon,2019,0.709227521817803,0.67133624071271,4.4690283457871e-4,726.273139980126,868.351039050808,1366.592,0.721171354994726,549.8000433195359
1980,1037.52,0.709480790398576,0.666195548610582,2075.04,2019_yk_138,Yukon,2019,0.709244547737821,0.671863203394914,5.2696268220409e-4,726.273139980126,868.351039050808,1366.592,0.721171354994726,549.8000433195359
1981,1038.044,0.709006880682018,0.661876223741988,2076.088,2019_yk_138,Yukon,2019,0.70924086362124406,0.672149742887137,2.8653949222246e-4,726.273139980126,868.351039050808,1366.592,0.721171354994726,549.8000433195359
1982,1038.568,0.708248903569307,0.659881038975685,2077.136,2019_yk_138,Yukon,2019,0.709193350010178,0.672519913836968,3.7017094983116e-4,726.273139980126,868.351039050808,1366.592,0.721171354994726,549.8000433195359
1983,1039.092,0.707656674317926,0.664187105755341,2078.184,2019_yk_138,Yukon,2019,0.70922044057365,0.673159457968754,6.3954413178579e-4,726.273139980126,868.351039050808,1366.592,0.721171354994726,549.8000433195359
1984,1039.616,0.709346230647575,0.664416328691665,2079.232,2019_yk_138,Yukon,2019,0.709216550293453,0.673639064445003,4.7960647624945e-4,726.273139980126,868.351039050808,1366.592,0.721171354994726,549.8000433195359
1985,1040.14,0.71052426816259,0.666742315926692,2080.28,2019_yk_138,Yukon,2019,0.709182882974868,0.674072780034484,4.3371558948102e-4,726.273139980126,868.351039050808,1366.592,0.721171354994726,549.8000433195359
1986,1040.664,0.708690630193782,0.664334120048731,2081.328,2019_yk_138,Yukon,2019,0.709200959379634,0.674597601369782,5.2482133529741e-4,726.273139980126,868.351039050808,1366.592,0.721171354994726,549.8000433195359
1987,1041.188,0.710317969505758,0.665454341282255,2082.376,2019_yk_138,Yukon,2019,0.709207290185347,0.675039526875272,4.4192550549027e-4,726.273139980126,868.351039050808,1366.592,0.721171354994726,549.8000433195359
1988,1041.712,0.709976184578047,0.664657608855707,2083.424,2019_yk_138,Yukon,2019,0.70923177754244,0.675344029072948,3.0450219767597e-4,726.273139980126,868.351039050808,1366.592,0.721171354994726,549.8000433195359
1989,1042.236,0.709097922930927,0.67133022234063,2084.472,2019_yk_138,Yukon,2019,0.709219372047082,0.675471760822034,1.2773174908631e-4,726.273139980126,868.351039050808,1366.592,0.721171354994726,549.8000433195359
1990,1042.76,0.709231685736775,0.683095309999072,2085.52,2019_yk_138,Yukon,2019,0.709205421239495,0.675535196788061,6.34359660265371e-5,726.273139980126,868.351039050808,1366.592,0.721171354994726,549.8000433195359
1991,1043.284,0.710463407831729,0.692847319094682,2086.568,2019_yk_138,Yukon,2019,0.709235393364027,0.675634117123367,9.89203353064516e-5,726.273139980126,868.351039050808,1366.592,0.721171354994726,549.8000433195359
1992,1043.808,0.708949058104533,0.690622454200939,2087.616,2019_yk_138,Yukon,2019,0.709231249256078,0.675874104014242,2.3998689087434e-4,726.273139980126,868.351039050808,1366.592,0.721171354994726,549.8000433195359
1993,1044.332,0.710014811612115,0.683717895985532,2088.664,2019_yk_138,Yukon,2019,0.709257428167089,0.676234851880585,3.6074786634299e-4,726.273139980126,868.351039050808,1366.592,0.721171354994726,549.8000433195359
1994,1044.856,0.709411873409132,0.683293359598358,2089.712,2019_yk_138,Yukon,2019,0.709253850204433,0.676624649960054,3.8979807946948e-4,726.273139980126,868.351039050808,1366.592,0.721171354994726,549.8000433195359
1995,1045.38,0.710204226565917,0.686727902152287,2090.76,2019_yk_138,Yukon,2019,0.709241820568362,0.676838275591559,2.1362563150517e-4,726.273139980126,868.351039050808,1366.592,0.721171354994726,549.8000433195359
1996,1045.904,0.708212984110737,0.677945448002854,2091.808,2019_yk_138,Yukon,2019,0.709275089859775,0.677267435547117,4.2915995555792e-4,726.273139980126,868.351039050808,1366.592,0.721171354994726,549.8000433195359
1997,1046.428,0.709892848788664,0.674325967246873,2092.856,2019_yk_138,Yukon,2019,0.709269918763535,0.677705292392706,4.378568455885e-4,726.273139980126,868.351039050808,1366.592,0.721171354994726,549.8000433195359
1998,1046.952,0.709817379561394,0.680960659420898,2093.904,2019_yk_138,Yukon,2019,0.709260083582873,0.678146642168842,4.4134977613608e-4,726.273139980126,868.351039050808,1366.592,0.721171354994726,549.8000433195359
1999,1047.476,0.710522085844778,0.692890112640241,2094.952,2019_yk_138,Yukon,2019,0.709233405785699,0.678415746473413,2.6910430457138e-4,726.273139980126,868.351039050808,1366.592,0.721171354994726,549.8000433195359
2000,1048,0.709765360236485,0.676648960457678,2096,2019_yk_138,Yukon,2019,0.709238716280102,0.678818462110823,4.0271563740934e-4,726.273139980126,868.351039050808,1366.592,0.721171354994726,549.8000433195359
2001,1048.524,0.708659702547613,0.677793321616159,2097.048,2019_yk_138,Yukon,2019,0.709233015322714,0.679099458877885,2.8099676706216e-4,726.273139980126,868.351039050808,1366.592,0.721171354994726,549.8000433195359
2002,1049.048,0.709240740353801,0.688503524972595,2098.096,2019_yk_138,Yukon,2019,0.709248171120171,0.678633406615476,-4.6605226240858e-4,726.273139980126,868.351039050808,1366.592,0.721171354994726,549.8000433195359
2003,1049.572,0.709146426532965,0.682585674258571,2099.144,2019_yk_138,Yukon,2019,0.709279418745842,0.678722212731461,8.88061159851627e-5,726.273139980126,868.351039050808,1366.592,0.721171354994726,549.8000433195359
2004,1050.096,0.709409321518152,0.670427253192773,2100.192,2019_yk_138,Yukon,2019,0.70928947819568,0.679054722592589,3.3250986112753e-4,726.273139980126,868.351039050808,1366.592,0.721171354994726,549.8000433195359
2005,1050.62,0.709353886194866,0.673917476323162,2101.24,2019_yk_138,Yukon,2019,0.709316758095392,0.679178803827915,1.2408123532625e-4,726.273139980126,868.351039050808,1366.592,0.721171354994726,549.8000433195359
2006,1051.144,0.70914157998471,0.674318671666995,2102.288,2019_yk_138,Yukon,2019,0.709264512661216,0.679178634629633,-1.69198281607663e-7,726.273139980126,868.351039050808,1366.592,0.721171354994726,549.8000433195359
2007,1051.668,0.709269212620327,0.674469983832108,2103.336,2019_yk_138,Yukon,2019,0.709231374804515,0.67951352088942,3.3488625978606e-4,726.273139980126,868.351039050808,1366.592,0.721171354994726,549.8000433195359
2008,1052.192,0.70715130467826,0.683274572282698,2104.384,2019_yk_138,Yukon,2019,0.709243228611211,0.679897261552704,3.8374066328461e-4,726.273139980126,868.351039050808,1366.592,0.721171354994726,549.8000433195359
2009,1052.716,0.707776341603695,0.697169528924546,2105.432,2019_yk_138,Yukon,2019,0.709273914631622,0.680293459824137,3.9619827143322e-4,726.273139980126,868.351039050808,1366.592,0.721171354994726,549.8000433195359
2010,1053.24,0.708928274595041,0.693608865041479,2106.48,2019_yk_138,Yukon,2019,0.709289431494988,0.6805547605519,2.6130072776242e-4,726.273139980126,868.351039050808,1366.592,0.721171354994726,549.8000433195359
2011,1053.764,0.710511949072967,0.677317681364708,2107.528,2019_yk_138,Yukon,2019,0.709314717943311,0.680930069335862,3.7530878396252e-4,726.273139980126,868.351039050808,1366.592,0.721171354994726,549.8000433195359
2012,1054.288,0.709198702528866,0.682416687472937,2108.576,2019_yk_138,Yukon,2019,0.709333487601391,0.681333780261997,4.0371092613433e-4,726.273139980126,868.351039050808,1366.592,0.721171354994726,549.8000433195359
2013,1054.812,0.70945313702688,0.691648988352525,2109.624,2019_yk_138,Yukon,2019,0.709373600064146,0.681705725277005,3.7194501500847e-4,726.273139980126,868.351039050808,1366.592,0.721171354994726,549.8000433195359
2014,1055.336,0.708659620405954,0.687488130079056,2110.672,2019_yk_138,Yukon,2019,0.709371743506116,0.682147118640781,4.4139336377557e-4,726.273139980126,868.351039050808,1366.592,0.721171354994726,549.8000433195359
2015,1055.86,0.708633699561497,0.679510276078855,2111.72,2019_yk_138,Yukon,2019,0.709331183719529,0.682472344161118,3.2522552033686e-4,726.273139980126,868.351039050808,1366.592,0.721171354994726,549.8000433195359
2016,1056.384,0.708488967474004,0.685093472786389,2112.768,2019_yk_138,Yukon,2019,0.709350234922606,0.683035261540253,5.6291737913571e-4,726.273139980126,868.351039050808,1366.592,0.721171354994726,549.8000433195359
2017,1056.908,0.709544426464475,0.678186853257038,2113.816,2019_yk_138,Yukon,2019,0.709324883875937,0.683473940057432,4.3867851717893e-4,726.273139980126,868.351039050808,1366.592,0.721171354994726,549.8000433195359
2018,1057.432,0.70919538865310106,0.681948346227049,2114.864,2019_yk_138,Yukon,2019,0.709302986482315,0.683951625945707,4.776858882749e-4,726.273139980126,868.351039050808,1366.592,0.721171354994726,549.8000433195359
2019,1057.956,0.70825876281794,0.683365327014498,2115.912,2019_yk_138,Yukon,2019,0.709311511911604,0.68432608426064,3.7445831493232e-4,726.273139980126,868.351039050808,1366.592,0.721171354994726,549.8000433195359
2020,1058.48,0.710851367437023,0.679178979347982,2116.96,2019_yk_138,Yukon,2019,0.70930265387692,0.684458960977929,1.3287671728978e-4,726.273139980126,868.351039050808,1366.592,0.721171354994726,549.8000433195359
2021,1059.004,0.709641540258882,0.677748862066924,2118.008,2019_yk_138,Yukon,2019,0.709265116980004,0.684347568168064,-1.113928098656e-4,726.273139980126,868.351039050808,1366.592,0.721171354994726,549.8000433195359
2022,1059.528,0.709846227775503,0.678109662350265,2119.056,2019_yk_138,Yukon,2019,0.709253798034372,0.684359426959293,1.18587912290025e-5,726.273139980126,868.351039050808,1366.592,0.721171354994726,549.8000433195359
2023,1060.052,0.709071862408425,0.683351633800409,2120.104,2019_yk_138,Yukon,2019,0.709257632595622,0.684512451594696,1.5302463540323e-4,726.273139980126,868.351039050808,1366.592,0.721171354994726,549.8000433195359
2024,1060.576,0.709619465006463,0.686844586931144,2121.152,2019_yk_138,Yukon,2019,0.709259102588371,0.684701318253132,1.8886665843631e-4,726.273139980126,868.351039050808,1366.592,0.721171354994726,549.8000433195359
2025,1061.1,0.709202717911198,0.680360962952842,2122.2,2019_yk_138,Yukon,2019,0.70923027782849,0.68491263586371,2.1131761057835e-4,726.273139980126,868.351039050808,1366.592,0.721171354994726,549.8000433195359
2026,1061.624,0.710211034642491,0.687468034605584,2123.248,2019_yk_138,Yukon,2019,0.70924283430148,0.685375573828274,4.6293796456353e-4,726.273139980126,868.351039050808,1366.592,0.721171354994726,549.8000433195359
2027,1062.148,0.709329304942295,0.688290605240633,2124.296,2019_yk_138,Yukon,2019,0.70925505761895,0.685667008837029,2.9143500875494e-4,726.273139980126,868.351039050808,1366.592,0.721171354994726,549.8000433195359
2028,1062.672,0.70820164752662,0.686591464008363,2125.344,2019_yk_138,Yukon,2019,0.709246843836681,0.685943150761146,2.761419241174e-4,726.273139980126,868.351039050808,1366.592,0.721171354994726,549.8000433195359
2029,1063.196,0.708200801063377,0.686062101016186,2126.392,2019_yk_138,Yukon,2019,0.709213031704927,0.686032434798068,8.92840369212111e-5,726.273139980126,868.351039050808,1366.592,0.721171354994726,549.8000433195359
2030,1063.72,0.71026347526149,0.688563773379313,2127.44,2019_yk_138,Yukon,2019,0.709189524436446,0.686485523081804,4.5308828373591e-4,726.273139980126,868.351039050808,1366.592,0.721171354994726,549.8000433195359
2031,1064.244,0.709544238665823,0.685474979496708,2128.488,2019_yk_138,Yukon,2019,0.709194811890931,0.687018135320196,5.3261223839273e-4,726.273139980126,868.351039050808,1366.592,0.721171354994726,549.8000433195359
2032,1064.768,0.708698643081646,0.680019463374732,2129.536,2019_yk_138,Yukon,2019,0.70918451298039,0.687330383066482,3.1224774628579e-4,726.273139980126,868.351039050808,1366.592,0.721171354994726,549.8000433195359
2033,1065.292,0.709719934429588,0.683598451632356,2130.584,2019_yk_138,Yukon,2019,0.709217222761592,0.687717541118081,3.8715805159894e-4,726.273139980126,868.351039050808,1366.592,0.721171354994726,549.8000433195359
2034,1065.816,0.708673088258719,0.696449246842415,2131.632,2019_yk_138,Yukon,2019,0.70921997969987,0.688158410008311,4.4086889022998e-4,726.273139980126,868.351039050808,1366.592,0.721171354994726,549.8000433195359
2035,1066.34,0.710470882611236,0.683278711838032,2132.68,2019_yk_138,Yukon,2019,0.709201225036343,0.688625499535462,4.6708952715135e-4,726.273139980126,868.351039050808,1366.592,0.721171354994726,549.8000433195359
2036,1066.864,0.707663295507678,0.672616982406715,2133.728,2019_yk_138,Yukon,2019,0.709184578172835,0.689086260492609,4.6076095714642e-4,726.273139980126,868.351039050808,1366.592,0.721171354994726,549.8000433195359
2037,1067.388,0.707638478103845,0.685656854480917,2134.776,2019_yk_138,Yukon,2019,0.709212252588852,0.689583815360503,4.9755486789426e-4,726.273139980126,868.351039050808,1366.592,0.721171354994726,549.8000433195359
2038,1067.912,0.710407026168099,0.687750993903148,2135.824,2019_yk_138,Yukon,2019,0.709238445754857,0.69005249330682,4.6867794631722e-4,726.273139980126,868.351039050808,1366.592,0.721171354994726,549.8000433195359
2039,1068.436,0.710326225412958,0.684996362000792,2136.872,2019_yk_138,Yukon,2019,0.709274982512642,0.690312904528176,2.6041122135567e-4,726.273139980126,868.351039050808,1366.592,0.721171354994726,549.8000433195359
2040,1068.96,0.710411802200551,0.681873592276326,2137.92,2019_yk_138,Yukon,2019,0.709288433979761,0.690744537153117,4.316326249415e-4,726.273139980126,868.351039050808,1366.592,0.721171354994726,549.8000433195359
2041,1069.484,0.710524067581385,0.684394750779745,2138.968,2019_yk_138,Yukon,2019,0.709278920294401,0.691256587924897,5.1205077177929e-4,726.273139980126,868.351039050808,1366.592,0.721171354994726,549.8000433195359
2042,1070.008,0.709375083054135,0.684103694543743,2140.016,2019_yk_138,Yukon,2019,0.709304664495904,0.691719739674781,4.6315174988442e-4,726.273139980126,868.351039050808,1366.592,0.721171354994726,549.8000433195359
2043,1070.532,0.710063422083203,0.686503806655845,2141.064,2019_yk_138,Yukon,2019,0.709323167671889,0.692020984664446,3.0124498966488e-4,726.273139980126,868.351039050808,1366.592,0.721171354994726,549.8000433195359
2044,1071.056,0.709234837165742,0.690899930518203,2142.112,2019_yk_138,Yukon,2019,0.709337094232065,0.692418177451685,3.9719278723893e-4,726.273139980126,868.351039050808,1366.592,0.721171354994726,549.8000433195359
2045,1071.58,0.708090680967396,0.686255847146907,2143.16,2019_yk_138,Yukon,2019,0.70934481893532,0.692807950927604,3.8977347591917e-4,726.273139980126,868.351039050808,1366.592,0.721171354994726,549.8000433195359
2046,1072.104,0.709833702378424,0.698109162796875,2144.208,2019_yk_138,Yukon,2019,0.709342667536854,0.693107596296867,2.996453692633e-4,726.273139980126,868.351039050808,1366.592,0.721171354994726,549.8000433195359
2047,1072.628,0.708796906705581,0.691775052312991,2145.256,2019_yk_138,Yukon,2019,0.709361614600206,0.693634260659043,5.2666436217541e-4,726.273139980126,868.351039050808,1366.592,0.721171354994726,549.8000433195359
2048,1073.152,0.708662340960742,0.693318762152207,2146.304,2019_yk_138,Yukon,2019,0.709354159843064,0.692728749932932,-9.0551072611089e-4,726.273139980126,868.351039050808,1366.592,0.721171354994726,549.8000433195359
2049,1073.676,0.709609448688265,0.693797721236566,2147.352,2019_yk_138,Yukon,2019,0.709382677203069,0.688302236059461,-0.00442651387347071,726.273139980126,868.351039050808,1366.592,0.721171354994726,549.8000433195359
2050,1074.2,0.708700203655709,0.69106791303646,2148.4,2019_yk_138,Yukon,2019,0.709349702589234,0.680604977724927,-0.00769725833453394,726.273139980126,868.351039050808,1366.592,0.721171354994726,549.8000433195359
2051,1074.724,0.708211194016827,0.686163750502745,2149.448,2019_yk_138,Yukon,2019,NA,NA,NA,726.273139980126,868.351039050808,1366.592,0.721171354994726,549.8000433195359
2052,1075.248,0.708269921366562,0.691333981674677,2150.496,2019_yk_138,Yukon,2019,NA,NA,NA,726.273139980126,868.351039050808,1366.592,0.721171354994726,549.8000433195359
2053,1075.772,0.710244885287122,0.692899374109733,2151.544,2019_yk_138,Yukon,2019,NA,NA,NA,726.273139980126,868.351039050808,1366.592,0.721171354994726,549.8000433195359
2054,1076.296,0.709500072974103,0.694625359104537,2152.592,2019_yk_138,Yukon,2019,NA,NA,NA,726.273139980126,868.351039050808,1366.592,0.721171354994726,549.8000433195359
2055,1076.82,0.708474740973066,0.699406958786988,2153.64,2019_yk_138,Yukon,2019,NA,NA,NA,726.273139980126,868.351039050808,1366.592,0.721171354994726,549.8000433195359
2056,1077.344,0.708966372490129,0.705721725876669,2154.688,2019_yk_138,Yukon,2019,NA,NA,NA,726.273139980126,868.351039050808,1366.592,0.721171354994726,549.8000433195359
2057,1077.868,0.710626247836834,0.691812067772167,2155.736,2019_yk_138,Yukon,2019,NA,NA,NA,726.273139980126,868.351039050808,1366.592,0.721171354994726,549.8000433195359
2058,1078.392,0.709324552625263,0.697529174867947,2156.784,2019_yk_138,Yukon,2019,NA,NA,NA,726.273139980126,868.351039050808,1366.592,0.721171354994726,549.8000433195359
2059,1078.916,0.708493357939531,0.698247154855514,2157.832,2019_yk_138,Yukon,2019,NA,NA,NA,726.273139980126,868.351039050808,1366.592,0.721171354994726,549.8000433195359
2060,1079.44,0.708354924127619,0.703834257481834,2158.88,2019_yk_138,Yukon,2019,NA,NA,NA,726.273139980126,868.351039050808,1366.592,0.721171354994726,549.8000433195359
2061,1079.964,0.708976949816768,0.709750055919724,2159.928,2019_yk_138,Yukon,2019,NA,NA,NA,726.273139980126,868.351039050808,1366.592,0.721171354994726,549.8000433195359
2062,1080.488,0.708622805721312,0.707238389749738,2160.976,2019_yk_138,Yukon,2019,NA,NA,NA,726.273139980126,868.351039050808,1366.592,0.721171354994726,549.8000433195359
2063,1081.012,0.711109013405059,0.705815157354512,2162.024,2019_yk_138,Yukon,2019,NA,NA,NA,726.273139980126,868.351039050808,1366.592,0.721171354994726,549.8000433195359
2064,1081.536,0.709574737814848,0.696879386606574,2163.072,2019_yk_138,Yukon,2019,NA,NA,NA,726.273139980126,868.351039050808,1366.592,0.721171354994726,549.8000433195359
2065,1082.06,0.708228606383263,0.701942847952249,2164.12,2019_yk_138,Yukon,2019,NA,NA,NA,726.273139980126,868.351039050808,1366.592,0.721171354994726,549.8000433195359
2066,1082.584,0.7081427681742,0.70196432909578,2165.168,2019_yk_138,Yukon,2019,NA,NA,NA,726.273139980126,868.351039050808,1366.592,0.721171354994726,549.8000433195359
2067,1083.108,0.710929677581357,0.704323275905764,2166.216,2019_yk_138,Yukon,2019,NA,NA,NA,726.273139980126,868.351039050808,1366.592,0.721171354994726,549.8000433195359
2068,1083.632,0.708722894638571,0.711395249061733,2167.264,2019_yk_138,Yukon,2019,NA,NA,NA,726.273139980126,868.351039050808,1366.592,0.721171354994726,549.8000433195359
2069,1084.156,0.70996854707081,0.71279420220589,2168.312,2019_yk_138,Yukon,2019,NA,NA,NA,726.273139980126,868.351039050808,1366.592,0.721171354994726,549.8000433195359
2070,1084.68,0.709735362622181,0.719506822537966,2169.36,2019_yk_138,Yukon,2019,NA,NA,NA,726.273139980126,868.351039050808,1366.592,0.721171354994726,549.8000433195359
2071,1085.204,0.709941127951336,0.708040727671458,2170.408,2019_yk_138,Yukon,2019,NA,NA,NA,726.273139980126,868.351039050808,1366.592,0.721171354994726,549.8000433195359
2072,1085.728,0.71074335461908,0.71020579246601,2171.456,2019_yk_138,Yukon,2019,NA,NA,NA,726.273139980126,868.351039050808,1366.592,0.721171354994726,549.8000433195359
2073,1086.252,0.710563327585973,0.709723687732418,2172.504,2019_yk_138,Yukon,2019,NA,NA,NA,726.273139980126,868.351039050808,1366.592,0.721171354994726,549.8000433195359
2074,1086.776,0.70949521401647,0.71131969731339,2173.552,2019_yk_138,Yukon,2019,NA,NA,NA,726.273139980126,868.351039050808,1366.592,0.721171354994726,549.8000433195359
2075,1087.3,0.709097181756856,0.702896684634012,2174.6,2019_yk_138,Yukon,2019,NA,NA,NA,726.273139980126,868.351039050808,1366.592,0.721171354994726,549.8000433195359
2076,1087.824,0.708359883566022,0.703072194942187,2175.648,2019_yk_138,Yukon,2019,NA,NA,NA,726.273139980126,868.351039050808,1366.592,0.721171354994726,549.8000433195359
2077,1088.348,0.710681250265556,0.709786714987563,2176.696,2019_yk_138,Yukon,2019,NA,NA,NA,726.273139980126,868.351039050808,1366.592,0.721171354994726,549.8000433195359
2078,1088.872,0.708748103224601,0.627617702660388,2177.744,2019_yk_138,Yukon,2019,NA,NA,NA,726.273139980126,868.351039050808,1366.592,0.721171354994726,549.8000433195359
2079,1089.396,0.709969804418261,0.417774494606258,2178.792,2019_yk_138,Yukon,2019,NA,NA,NA,726.273139980126,868.351039050808,1366.592,0.721171354994726,549.8000433195359
2080,1089.92,0.708872890606877,0.217343479275947,2179.84,2019_yk_138,Yukon,2019,NA,NA,NA,726.273139980126,868.351039050808,1366.592,0.721171354994726,549.8000433195359
