Cycle,Time,Iso,Sr88,Microns,Fish_id,Watershed,Year,Iso_MA,Sr88_MA,Sr88_MA_Gradient,natal_microns_start,natal_microns_end,marine_start,natal_origin_iso,Core
127,66.548,0.718355533367691,0.110835046606817,133.096,2019_yk_201,Yukon,2019,NA,NA,NA,669.536937808973,819.632814763434,1295.328,0.720456197844027,377.02798078306307
128,67.072,0.714083260402769,0.121660501378743,134.144,2019_yk_201,Yukon,2019,NA,NA,NA,669.536937808973,819.632814763434,1295.328,0.720456197844027,377.02798078306307
129,67.596,0.711847791633087,0.155630462501041,135.192,2019_yk_201,Yukon,2019,NA,NA,NA,669.536937808973,819.632814763434,1295.328,0.720456197844027,377.02798078306307
130,68.12,0.723578328772416,0.169412416700211,136.24,2019_yk_201,Yukon,2019,NA,NA,NA,669.536937808973,819.632814763434,1295.328,0.720456197844027,377.02798078306307
131,68.644,0.719173189591686,0.178031365965265,137.288,2019_yk_201,Yukon,2019,NA,NA,NA,669.536937808973,819.632814763434,1295.328,0.720456197844027,377.02798078306307
132,69.168,0.724538978352025,0.18179954753917,138.336,2019_yk_201,Yukon,2019,NA,NA,NA,669.536937808973,819.632814763434,1295.328,0.720456197844027,377.02798078306307
133,69.692,0.722917922564277,0.189344392969426,139.384,2019_yk_201,Yukon,2019,NA,NA,NA,669.536937808973,819.632814763434,1295.328,0.720456197844027,377.02798078306307
134,70.216,0.724354857494666,0.181538340664592,140.432,2019_yk_201,Yukon,2019,NA,NA,NA,669.536937808973,819.632814763434,1295.328,0.720456197844027,377.02798078306307
135,70.74,0.717758690266602,0.184248058446366,141.48,2019_yk_201,Yukon,2019,NA,NA,NA,669.536937808973,819.632814763434,1295.328,0.720456197844027,377.02798078306307
136,71.264,0.716939355782725,0.193625587012074,142.528,2019_yk_201,Yukon,2019,NA,NA,NA,669.536937808973,819.632814763434,1295.328,0.720456197844027,377.02798078306307
137,71.788,0.714828730629334,0.195453479360267,143.576,2019_yk_201,Yukon,2019,NA,NA,NA,669.536937808973,819.632814763434,1295.328,0.720456197844027,377.02798078306307
138,72.312,0.718699679466043,0.193865717700238,144.624,2019_yk_201,Yukon,2019,NA,NA,NA,669.536937808973,819.632814763434,1295.328,0.720456197844027,377.02798078306307
139,72.836,0.713806076330317,0.17888819372061,145.672,2019_yk_201,Yukon,2019,NA,NA,NA,669.536937808973,819.632814763434,1295.328,0.720456197844027,377.02798078306307
140,73.36,0.720622047755529,0.176548725948942,146.72,2019_yk_201,Yukon,2019,NA,NA,NA,669.536937808973,819.632814763434,1295.328,0.720456197844027,377.02798078306307
141,73.884,0.72195754289791,0.188158403314563,147.768,2019_yk_201,Yukon,2019,NA,NA,NA,669.536937808973,819.632814763434,1295.328,0.720456197844027,377.02798078306307
142,74.408,0.715008800526783,0.20152399247845,148.816,2019_yk_201,Yukon,2019,NA,NA,NA,669.536937808973,819.632814763434,1295.328,0.720456197844027,377.02798078306307
143,74.932,0.71358886670133,0.217915209568419,149.864,2019_yk_201,Yukon,2019,NA,NA,NA,669.536937808973,819.632814763434,1295.328,0.720456197844027,377.02798078306307
144,75.456,0.719961487061833,0.235207431239831,150.912,2019_yk_201,Yukon,2019,NA,NA,NA,669.536937808973,819.632814763434,1295.328,0.720456197844027,377.02798078306307
145,75.98,0.718108720156788,0.251704902015948,151.96,2019_yk_201,Yukon,2019,NA,NA,NA,669.536937808973,819.632814763434,1295.328,0.720456197844027,377.02798078306307
146,76.504,0.719159290181701,0.266260399371597,153.008,2019_yk_201,Yukon,2019,NA,NA,NA,669.536937808973,819.632814763434,1295.328,0.720456197844027,377.02798078306307
147,77.028,0.722086816076391,0.282258129479018,154.056,2019_yk_201,Yukon,2019,NA,NA,NA,669.536937808973,819.632814763434,1295.328,0.720456197844027,377.02798078306307
148,77.552,0.718427010453214,0.30459527745654,155.104,2019_yk_201,Yukon,2019,NA,NA,NA,669.536937808973,819.632814763434,1295.328,0.720456197844027,377.02798078306307
149,78.076,0.718320037417118,0.325350518549286,156.152,2019_yk_201,Yukon,2019,NA,NA,NA,669.536937808973,819.632814763434,1295.328,0.720456197844027,377.02798078306307
150,78.6,0.716849514767558,0.337159955009004,157.2,2019_yk_201,Yukon,2019,NA,NA,NA,669.536937808973,819.632814763434,1295.328,0.720456197844027,377.02798078306307
151,79.124,0.717992552976732,0.333758773021315,158.248,2019_yk_201,Yukon,2019,NA,NA,NA,669.536937808973,819.632814763434,1295.328,0.720456197844027,377.02798078306307
152,79.648,0.716850361993614,0.326044823365054,159.296,2019_yk_201,Yukon,2019,NA,NA,NA,669.536937808973,819.632814763434,1295.328,0.720456197844027,377.02798078306307
153,80.172,0.718395193004976,0.318825149445522,160.344,2019_yk_201,Yukon,2019,NA,NA,NA,669.536937808973,819.632814763434,1295.328,0.720456197844027,377.02798078306307
154,80.696,0.717134910715305,0.315277301060167,161.392,2019_yk_201,Yukon,2019,NA,NA,NA,669.536937808973,819.632814763434,1295.328,0.720456197844027,377.02798078306307
155,81.22,0.717425622229328,0.314670843116981,162.44,2019_yk_201,Yukon,2019,NA,NA,NA,669.536937808973,819.632814763434,1295.328,0.720456197844027,377.02798078306307
156,81.744,0.718968663817053,0.312003369044208,163.488,2019_yk_201,Yukon,2019,0.717665997292015,0.274194477174164,NA,669.536937808973,819.632814763434,1295.328,0.720456197844027,377.02798078306307
157,82.268,0.718114031000376,0.312698564514844,164.536,2019_yk_201,Yukon,2019,0.71768090371222,0.278193170139452,0.00399869296528826,669.536937808973,819.632814763434,1295.328,0.720456197844027,377.02798078306307
158,82.792,0.716608334953998,0.302273407566969,165.584,2019_yk_201,Yukon,2019,0.717650678153202,0.281968748973911,0.003775578834459,669.536937808973,819.632814763434,1295.328,0.720456197844027,377.02798078306307
159,83.316,0.717662395895626,0.297675355711409,166.632,2019_yk_201,Yukon,2019,0.717727536818902,0.285179627985081,0.00321087901116995,669.536937808973,819.632814763434,1295.328,0.720456197844027,377.02798078306307
160,83.84,0.718368340802413,0.304378558070452,167.68,2019_yk_201,Yukon,2019,0.717586606487307,0.288230881543353,0.00305125355827268,669.536937808973,819.632814763434,1295.328,0.720456197844027,377.02798078306307
161,84.364,0.719259853853015,0.308326539399711,168.728,2019_yk_201,Yukon,2019,0.717555652805274,0.291118866955538,0.00288798541218493,669.536937808973,819.632814763434,1295.328,0.720456197844027,377.02798078306307
162,84.888,0.718789521904618,0.312778300537811,169.776,2019_yk_201,Yukon,2019,0.717365672324522,0.293959340421488,0.0028404734659499,669.536937808973,819.632814763434,1295.328,0.720456197844027,377.02798078306307
163,85.412,0.715638626611643,0.311187764952703,170.824,2019_yk_201,Yukon,2019,0.717239115159813,0.296685797283056,0.00272645686156819,669.536937808973,819.632814763434,1295.328,0.720456197844027,377.02798078306307
164,85.936,0.717254641042395,0.302583431428247,171.872,2019_yk_201,Yukon,2019,0.717065626363395,0.299492282106964,0.0028064848239075,669.536937808973,819.632814763434,1295.328,0.720456197844027,377.02798078306307
165,86.46,0.716978358007631,0.300616367532625,172.92,2019_yk_201,Yukon,2019,0.717031034946932,0.302277821784984,0.00278553967801981,669.536937808973,819.632814763434,1295.328,0.720456197844027,377.02798078306307
166,86.984,0.719739510521843,0.297418672995796,173.968,2019_yk_201,Yukon,2019,0.717030061156732,0.304795575883187,0.00251775409820315,669.536937808973,819.632814763434,1295.328,0.720456197844027,377.02798078306307
167,87.508,0.717814857786817,0.292086209784048,175.016,2019_yk_201,Yukon,2019,0.717047706974668,0.307242185525477,0.00244660964229049,669.536937808973,819.632814763434,1295.328,0.720456197844027,377.02798078306307
168,88.032,0.712486538512162,0.292802173220855,176.064,2019_yk_201,Yukon,2019,0.716994794522287,0.3097786790479,0.00253649352242252,669.536937808973,819.632814763434,1295.328,0.720456197844027,377.02798078306307
169,88.556,0.716217426086727,0.30194928220993,177.112,2019_yk_201,Yukon,2019,0.716997495922768,0.312614229177652,0.0028355501297519,669.536937808973,819.632814763434,1295.328,0.720456197844027,377.02798078306307
170,89.08,0.713468617333052,0.302681422968194,178.16,2019_yk_201,Yukon,2019,0.7169288873096,0.31551619010259,0.00290196092493838,669.536937808973,819.632814763434,1295.328,0.720456197844027,377.02798078306307
171,89.604,0.720812375405588,0.309784458165992,179.208,2019_yk_201,Yukon,2019,0.716801984670666,0.318446810390688,0.00293062028809737,669.536937808973,819.632814763434,1295.328,0.720456197844027,377.02798078306307
172,90.128,0.716885374792379,0.314205166254198,180.256,2019_yk_201,Yukon,2019,0.716799621174447,0.321304823670921,0.002858013280233,669.536937808973,819.632814763434,1295.328,0.720456197844027,377.02798078306307
173,90.652,0.715013954382363,0.320881079319228,181.304,2019_yk_201,Yukon,2019,0.716836334215935,0.323879682307782,0.00257485863686097,669.536937808973,819.632814763434,1295.328,0.720456197844027,377.02798078306307
174,91.176,0.719955160065503,0.323745122160934,182.352,2019_yk_201,Yukon,2019,0.716753805655238,0.326243737320962,0.00236405501318082,669.536937808973,819.632814763434,1295.328,0.720456197844027,377.02798078306307
175,91.7,0.719742310397351,0.321089029556622,183.4,2019_yk_201,Yukon,2019,0.716650518322804,0.328432114050917,0.00218837672995437,669.536937808973,819.632814763434,1295.328,0.720456197844027,377.02798078306307
176,92.224,0.714269624146228,0.326589694835882,184.448,2019_yk_201,Yukon,2019,0.71652438174192,0.330533376749181,0.00210126269826399,669.536937808973,819.632814763434,1295.328,0.720456197844027,377.02798078306307
177,92.748,0.720914347679521,0.324897432256453,185.496,2019_yk_201,Yukon,2019,0.716399390404684,0.332381810779562,0.00184843403038076,669.536937808973,819.632814763434,1295.328,0.720456197844027,377.02798078306307
178,93.272,0.716952938501145,0.322731941771586,186.544,2019_yk_201,Yukon,2019,0.716322574747609,0.334013193855138,0.00163138307557609,669.536937808973,819.632814763434,1295.328,0.720456197844027,377.02798078306307
179,93.796,0.714288580047464,0.326187982466507,187.592,2019_yk_201,Yukon,2019,0.716220104250002,0.335489419344791,0.00147622548965298,669.536937808973,819.632814763434,1295.328,0.720456197844027,377.02798078306307
180,94.32,0.715192083436614,0.331077101942561,188.64,2019_yk_201,Yukon,2019,0.716177567982738,0.336897482614741,0.00140806326995069,669.536937808973,819.632814763434,1295.328,0.720456197844027,377.02798078306307
181,94.844,0.715590154828874,0.341430430648896,189.688,2019_yk_201,Yukon,2019,0.71610160721656,0.338334619617264,0.00143713700252268,669.536937808973,819.632814763434,1295.328,0.720456197844027,377.02798078306307
182,95.368,0.71211130859842,0.33891491853255,190.736,2019_yk_201,Yukon,2019,0.71608247647199,0.340020451555932,0.00168583193866823,669.536937808973,819.632814763434,1295.328,0.720456197844027,377.02798078306307
183,95.892,0.714865665654382,0.335537501818641,191.784,2019_yk_201,Yukon,2019,0.716030932965587,0.34195154444225,0.00193109288631749,669.536937808973,819.632814763434,1295.328,0.720456197844027,377.02798078306307
184,96.416,0.716630972478513,0.343433011042133,192.832,2019_yk_201,Yukon,2019,0.715950107738145,0.343950730495001,0.00199918605275112,669.536937808973,819.632814763434,1295.328,0.720456197844027,377.02798078306307
185,96.94,0.718236990240156,0.343991319850591,193.88,2019_yk_201,Yukon,2019,0.71588683462122,0.346088917797493,0.00213818730249232,669.536937808973,819.632814763434,1295.328,0.720456197844027,377.02798078306307
186,97.464,0.718357109167274,0.346120074883787,194.928,2019_yk_201,Yukon,2019,0.71580834613607,0.348272629885481,0.00218371208798773,669.536937808973,819.632814763434,1295.328,0.720456197844027,377.02798078306307
187,97.988,0.719249918580003,0.350756624524115,195.976,2019_yk_201,Yukon,2019,0.715745761843655,0.350477861002874,0.00220523111739268,669.536937808973,819.632814763434,1295.328,0.720456197844027,377.02798078306307
188,98.512,0.712269726861706,0.348195231446283,197.024,2019_yk_201,Yukon,2019,0.715736660941903,0.352783016331747,0.0023051553288731,669.536937808973,819.632814763434,1295.328,0.720456197844027,377.02798078306307
189,99.036,0.716459311575075,0.348283203171237,198.072,2019_yk_201,Yukon,2019,0.715685956973507,0.355176496610117,0.00239348027837044,669.536937808973,819.632814763434,1295.328,0.720456197844027,377.02798078306307
190,99.56,0.715122508876685,0.352487630196574,199.12,2019_yk_201,Yukon,2019,0.715590590352125,0.357337292440256,0.00216079583013867,669.536937808973,819.632814763434,1295.328,0.720456197844027,377.02798078306307
191,100.084,0.717315968669733,0.351310490696361,200.168,2019_yk_201,Yukon,2019,0.715521843937184,0.359362222209119,0.0020249297688637,669.536937808973,819.632814763434,1295.328,0.720456197844027,377.02798078306307
192,100.608,0.713140149506875,0.352227955496162,201.216,2019_yk_201,Yukon,2019,0.715429811338298,0.361381512986907,0.0020192907777874,669.536937808973,819.632814763434,1295.328,0.720456197844027,377.02798078306307
193,101.132,0.71532449268176,0.352931804663517,202.264,2019_yk_201,Yukon,2019,0.715417482647658,0.363422689223201,0.00204117623629407,669.536937808973,819.632814763434,1295.328,0.720456197844027,377.02798078306307
194,101.656,0.71394552970958,0.34992743009904,203.312,2019_yk_201,Yukon,2019,0.715346783655923,0.365506445502308,0.00208375627910745,669.536937808973,819.632814763434,1295.328,0.720456197844027,377.02798078306307
195,102.18,0.715683205278836,0.351380439127555,204.36,2019_yk_201,Yukon,2019,0.715292006720171,0.367664729356547,0.0021582838542385,669.536937808973,819.632814763434,1295.328,0.720456197844027,377.02798078306307
196,102.704,0.716880928370722,0.344690832904265,205.408,2019_yk_201,Yukon,2019,0.715186023502345,0.369878923752963,0.0022141943964159,669.536937808973,819.632814763434,1295.328,0.720456197844027,377.02798078306307
197,103.228,0.715887479705486,0.342250057897697,206.456,2019_yk_201,Yukon,2019,0.715112425603653,0.372085004287686,0.00220608053472321,669.536937808973,819.632814763434,1295.328,0.720456197844027,377.02798078306307
198,103.752,0.715524932323159,0.346055329045586,207.504,2019_yk_201,Yukon,2019,0.715111207865767,0.374308742209657,0.00222373792197122,669.536937808973,819.632814763434,1295.328,0.720456197844027,377.02798078306307
199,104.276,0.713968160359214,0.349021201505725,208.552,2019_yk_201,Yukon,2019,0.715046864969595,0.376542273089581,0.00223353087992351,669.536937808973,819.632814763434,1295.328,0.720456197844027,377.02798078306307
200,104.8,0.716505530965458,0.350666381445245,209.6,2019_yk_201,Yukon,2019,0.715016866781721,0.378738287402692,0.00219601431311134,669.536937808973,819.632814763434,1295.328,0.720456197844027,377.02798078306307
201,105.324,0.714343384561842,0.363995620600406,210.648,2019_yk_201,Yukon,2019,0.714938483430723,0.380742805167312,0.0020045177646203,669.536937808973,819.632814763434,1295.328,0.720456197844027,377.02798078306307
202,105.848,0.714866990753657,0.373004789292431,211.696,2019_yk_201,Yukon,2019,0.71491117979922,0.382745247229397,0.00200244206208511,669.536937808973,819.632814763434,1295.328,0.720456197844027,377.02798078306307
203,106.372,0.715791649190599,0.372406727780077,212.744,2019_yk_201,Yukon,2019,0.714889247360555,0.384700469713288,0.00195522248389063,669.536937808973,819.632814763434,1295.328,0.720456197844027,377.02798078306307
204,106.896,0.715009773420031,0.377050732030679,213.792,2019_yk_201,Yukon,2019,0.71478721055874,0.386552439427856,0.00185196971456775,669.536937808973,819.632814763434,1295.328,0.720456197844027,377.02798078306307
205,107.42,0.711911480210733,0.383007505813212,214.84,2019_yk_201,Yukon,2019,0.714666116747167,0.388526414924853,0.0019739754969969,669.536937808973,819.632814763434,1295.328,0.720456197844027,377.02798078306307
206,107.944,0.711591095328636,0.392336161267436,215.888,2019_yk_201,Yukon,2019,0.714644736634413,0.3904417500802,0.00191533515534714,669.536937808973,819.632814763434,1295.328,0.720456197844027,377.02798078306307
207,108.468,0.714587335842277,0.393164171301866,216.936,2019_yk_201,Yukon,2019,0.714541825530848,0.39248017997897,0.00203842989877018,669.536937808973,819.632814763434,1295.328,0.720456197844027,377.02798078306307
208,108.992,0.713818071028678,0.402478261991103,217.984,2019_yk_201,Yukon,2019,0.714469230352112,0.394521080323048,0.00204090034407811,669.536937808973,819.632814763434,1295.328,0.720456197844027,377.02798078306307
209,109.516,0.712171807560711,0.413924047928463,219.032,2019_yk_201,Yukon,2019,0.71444321207752,0.39657420912271,0.00205312879966169,669.536937808973,819.632814763434,1295.328,0.720456197844027,377.02798078306307
210,110.04,0.714297338731686,0.421643751206044,220.08,2019_yk_201,Yukon,2019,0.714415512854757,0.398437853332839,0.00186364421012958,669.536937808973,819.632814763434,1295.328,0.720456197844027,377.02798078306307
211,110.564,0.713434907006072,0.419986993172676,221.128,2019_yk_201,Yukon,2019,0.714377484877547,0.400223308187527,0.00178545485468784,669.536937808973,819.632814763434,1295.328,0.720456197844027,377.02798078306307
212,111.088,0.715702517319404,0.427194739685146,222.176,2019_yk_201,Yukon,2019,0.714380697205794,0.401983434987174,0.00176012679964654,669.536937808973,819.632814763434,1295.328,0.720456197844027,377.02798078306307
213,111.612,0.715302582620787,0.434690722624571,223.224,2019_yk_201,Yukon,2019,0.714289560580439,0.403608007059722,0.0016245720725479,669.536937808973,819.632814763434,1295.328,0.720456197844027,377.02798078306307
214,112.136,0.71228539706879,0.435228464225232,224.272,2019_yk_201,Yukon,2019,0.714239540793524,0.404938140195691,0.00133013313596897,669.536937808973,819.632814763434,1295.328,0.720456197844027,377.02798078306307
215,112.66,0.713629235213839,0.44296208126652,225.32,2019_yk_201,Yukon,2019,0.714151555492896,0.406296431149076,0.00135829095338513,669.536937808973,819.632814763434,1295.328,0.720456197844027,377.02798078306307
216,113.184,0.714259354708031,0.443026094323469,226.368,2019_yk_201,Yukon,2019,0.714059206184128,0.407807643584901,0.0015112124358248,669.536937808973,819.632814763434,1295.328,0.720456197844027,377.02798078306307
217,113.708,0.714358973455502,0.445012431558409,227.416,2019_yk_201,Yukon,2019,0.713992905714225,0.409123270333462,0.00131562674856112,669.536937808973,819.632814763434,1295.328,0.720456197844027,377.02798078306307
218,114.232,0.716062280848866,0.440582727299356,228.464,2019_yk_201,Yukon,2019,0.714013017645053,0.410425156135239,0.00130188580177704,669.536937808973,819.632814763434,1295.328,0.720456197844027,377.02798078306307
219,114.756,0.714620157791856,0.441284172413635,229.512,2019_yk_201,Yukon,2019,0.713929321118749,0.411631104795771,0.00120594866053214,669.536937808973,819.632814763434,1295.328,0.720456197844027,377.02798078306307
220,115.28,0.712646343519487,0.434026307878774,230.56,2019_yk_201,Yukon,2019,0.713874896388568,0.412804622542656,0.00117351774688479,669.536937808973,819.632814763434,1295.328,0.720456197844027,377.02798078306307
221,115.804,0.71513506895658,0.429822325531531,231.608,2019_yk_201,Yukon,2019,0.713817705309909,0.414329325217832,0.00152470267517618,669.536937808973,819.632814763434,1295.328,0.720456197844027,377.02798078306307
222,116.328,0.713267565971428,0.433935747205056,232.656,2019_yk_201,Yukon,2019,0.713812867027844,0.416645894678806,0.00231656946097364,669.536937808973,819.632814763434,1295.328,0.720456197844027,377.02798078306307
223,116.852,0.714898905173283,0.433658339130345,233.704,2019_yk_201,Yukon,2019,0.713753034886992,0.419223506856306,0.0025776121775003,669.536937808973,819.632814763434,1295.328,0.720456197844027,377.02798078306307
224,117.376,0.713012701538306,0.427608808174694,234.752,2019_yk_201,Yukon,2019,0.713747582515013,0.421593117660731,0.00236961080442538,669.536937808973,819.632814763434,1295.328,0.720456197844027,377.02798078306307
225,117.9,0.713691741862484,0.430113398786934,235.8,2019_yk_201,Yukon,2019,0.713665359426506,0.423595772774862,0.00200265511413039,669.536937808973,819.632814763434,1295.328,0.720456197844027,377.02798078306307
226,118.424,0.713380517452307,0.43027033678075,236.848,2019_yk_201,Yukon,2019,0.713614186411057,0.42546828977705,0.00187251700218788,669.536937808973,819.632814763434,1295.328,0.720456197844027,377.02798078306307
227,118.948,0.71339898386528,0.424451041867442,237.896,2019_yk_201,Yukon,2019,0.7135619627718,0.427219927743147,0.00175163796609751,669.536937808973,819.632814763434,1295.328,0.720456197844027,377.02798078306307
228,119.472,0.71241347423899,0.426226448539128,238.944,2019_yk_201,Yukon,2019,0.713512346387467,0.428763768283625,0.0015438405404784,669.536937808973,819.632814763434,1295.328,0.720456197844027,377.02798078306307
229,119.996,0.712356852316392,0.435961135005339,239.992,2019_yk_201,Yukon,2019,0.71346921005841,0.430147796413414,0.00138402812978849,669.536937808973,819.632814763434,1295.328,0.720456197844027,377.02798078306307
230,120.52,0.711668726060621,0.434442281754876,241.04,2019_yk_201,Yukon,2019,0.713448296343494,0.431468357612193,0.00132056119877955,669.536937808973,819.632814763434,1295.328,0.720456197844027,377.02798078306307
231,121.044,0.71610937434574,0.430055524043211,242.088,2019_yk_201,Yukon,2019,0.713465239202898,0.432573728171099,0.00110537055890542,669.536937808973,819.632814763434,1295.328,0.720456197844027,377.02798078306307
232,121.568,0.715247156902159,0.434351689979304,243.136,2019_yk_201,Yukon,2019,0.71342845178247,0.433563091985824,9.8936381472486e-4,669.536937808973,819.632814763434,1295.328,0.720456197844027,377.02798078306307
233,122.092,0.713698008062473,0.438194428352666,244.184,2019_yk_201,Yukon,2019,0.713414398529157,0.434527759050416,9.6466706459208e-4,669.536937808973,819.632814763434,1295.328,0.720456197844027,377.02798078306307
234,122.616,0.713832951956639,0.434863305034999,245.232,2019_yk_201,Yukon,2019,0.713367928323452,0.435392201260171,8.6444220975501e-4,669.536937808973,819.632814763434,1295.328,0.720456197844027,377.02798078306307
235,123.14,0.712476681702946,0.439527559376438,246.28,2019_yk_201,Yukon,2019,0.713413587814639,0.43624576923569103,8.5356797551994e-4,669.536937808973,819.632814763434,1295.328,0.720456197844027,377.02798078306307
236,123.664,0.712986817380968,0.441509804156708,247.328,2019_yk_201,Yukon,2019,0.713469097642231,0.436796533691816,5.5076445612567e-4,669.536937808973,819.632814763434,1295.328,0.720456197844027,377.02798078306307
237,124.188,0.714739681465647,0.447203226182661,248.376,2019_yk_201,Yukon,2019,0.713447147616599,0.437243021303065,4.4648761124888e-4,669.536937808973,819.632814763434,1295.328,0.720456197844027,377.02798078306307
238,124.712,0.71259722777698,0.445185962416275,249.424,2019_yk_201,Yukon,2019,0.713479945331921,0.437579940545657,3.3691924259143e-4,669.536937808973,819.632814763434,1295.328,0.720456197844027,377.02798078306307
239,125.236,0.712727483571953,0.449375710446207,250.472,2019_yk_201,Yukon,2019,0.713523189705437,0.437678962407609,9.90218619527083e-5,669.536937808973,819.632814763434,1295.328,0.720456197844027,377.02798078306307
240,125.76,0.713530130070795,0.442895754550334,251.52,2019_yk_201,Yukon,2019,0.71349279899198,0.437695409021457,1.64466138474761e-5,669.536937808973,819.632814763434,1295.328,0.720456197844027,377.02798078306307
241,126.284,0.713308476196293,0.448557721930167,252.568,2019_yk_201,Yukon,2019,0.713514236380321,0.437783019865168,8.76108437113943e-5,669.536937808973,819.632814763434,1295.328,0.720456197844027,377.02798078306307
242,126.808,0.712304048293228,0.444522526511343,253.616,2019_yk_201,Yukon,2019,0.713509703699608,0.437721341814109,-6.16780510590553e-5,669.536937808973,819.632814763434,1295.328,0.720456197844027,377.02798078306307
243,127.332,0.709397468133109,0.433011826171515,254.664,2019_yk_201,Yukon,2019,0.713468384993435,0.437484428873396,-2.369129407137e-4,669.536937808973,819.632814763434,1295.328,0.720456197844027,377.02798078306307
244,127.856,0.71362978526359,0.42324099920027,255.712,2019_yk_201,Yukon,2019,0.713469286647122,0.437294089177925,-1.9033969547022e-4,669.536937808973,819.632814763434,1295.328,0.720456197844027,377.02798078306307
245,128.38,0.712957872202501,0.425488777053702,256.76,2019_yk_201,Yukon,2019,0.713462018212256,0.437032278348787,-2.618108291385e-4,669.536937808973,819.632814763434,1295.328,0.720456197844027,377.02798078306307
246,128.904,0.712816150641201,0.436792821033273,257.808,2019_yk_201,Yukon,2019,0.713464266866045,0.436690410209325,-3.4186813946135e-4,669.536937808973,819.632814763434,1295.328,0.720456197844027,377.02798078306307
247,129.428,0.71527189038583,0.429694229437786,258.856,2019_yk_201,Yukon,2019,0.713416067000315,0.436414581598115,-2.758286112105e-4,669.536937808973,819.632814763434,1295.328,0.720456197844027,377.02798078306307
248,129.952,0.713476442711339,0.426308379552905,259.904,2019_yk_201,Yukon,2019,0.713379730227818,0.436165835852586,-2.4874574552902e-4,669.536937808973,819.632814763434,1295.328,0.720456197844027,377.02798078306307
249,130.476,0.711437519996856,0.420640122803165,260.952,2019_yk_201,Yukon,2019,0.713327344597205,0.436001993683728,-1.6384216885828e-4,669.536937808973,819.632814763434,1295.328,0.720456197844027,377.02798078306307
250,131,0.711857025065845,0.422898695009661,262,2019_yk_201,Yukon,2019,0.713351630463861,0.435902183575556,-9.98101081718938e-5,669.536937808973,819.632814763434,1295.328,0.720456197844027,377.02798078306307
251,131.524,0.71388450395019,0.442792651206934,263.048,2019_yk_201,Yukon,2019,0.713306068229907,0.435905470378096,3.28680254035874e-6,669.536937808973,819.632814763434,1295.328,0.720456197844027,377.02798078306307
252,132.048,0.712849852582945,0.491222123154578,264.096,2019_yk_201,Yukon,2019,0.713292896747255,0.435832347707249,-7.31226708470811e-5,669.536937808973,819.632814763434,1295.328,0.720456197844027,377.02798078306307
253,132.572,0.711734564230682,0.507588535313534,265.144,2019_yk_201,Yukon,2019,0.713327203196342,0.435726965925691,-1.0538178155783e-4,669.536937808973,819.632814763434,1295.328,0.720456197844027,377.02798078306307
254,133.096,0.71361838739082,0.492104078364563,266.192,2019_yk_201,Yukon,2019,0.713289698717903,0.435668984964065,-5.79809616263471e-5,669.536937808973,819.632814763434,1295.328,0.720456197844027,377.02798078306307
255,133.62,0.710749819968433,0.471539745975381,267.24,2019_yk_201,Yukon,2019,0.713287102534024,0.435572772452269,-9.62125117957568e-5,669.536937808973,819.632814763434,1295.328,0.720456197844027,377.02798078306307
256,134.144,0.713810547443758,0.457041853035536,268.288,2019_yk_201,Yukon,2019,0.713274056306738,0.435565842965671,-6.92948659791748e-6,669.536937808973,819.632814763434,1295.328,0.720456197844027,377.02798078306307
257,134.668,0.712754061350044,0.447348335863549,269.336,2019_yk_201,Yukon,2019,0.713270377366397,0.43571884620347,1.5300323779848e-4,669.536937808973,819.632814763434,1295.328,0.720456197844027,377.02798078306307
258,135.192,0.712547949263204,0.438685761474292,270.384,2019_yk_201,Yukon,2019,0.713274760377616,0.43578009214337,6.12459399001453e-5,669.536937808973,819.632814763434,1295.328,0.720456197844027,377.02798078306307
259,135.716,0.711379980615783,0.432062889293033,271.432,2019_yk_201,Yukon,2019,0.713274700009297,0.435701787045247,-7.83050981225664e-5,669.536937808973,819.632814763434,1295.328,0.720456197844027,377.02798078306307
260,136.24,0.715250708070484,0.429900053372017,272.48,2019_yk_201,Yukon,2019,0.713318029196776,0.435707038785338,5.2517400909724e-6,669.536937808973,819.632814763434,1295.328,0.720456197844027,377.02798078306307
261,136.764,0.715359956126119,0.430317854134733,273.528,2019_yk_201,Yukon,2019,0.713237242410999,0.43577218503534,6.51462500018685e-5,669.536937808973,819.632814763434,1295.328,0.720456197844027,377.02798078306307
262,137.288,0.71265974552794,0.432366618175924,274.576,2019_yk_201,Yukon,2019,0.71320103780056,0.435914455779157,1.422707438165e-4,669.536937808973,819.632814763434,1295.328,0.720456197844027,377.02798078306307
263,137.812,0.714948453991835,0.430286751655602,275.624,2019_yk_201,Yukon,2019,0.71313373461181,0.435955693985953,4.12382067961348e-5,669.536937808973,819.632814763434,1295.328,0.720456197844027,377.02798078306307
264,138.336,0.712221561077732,0.42891726461598,276.672,2019_yk_201,Yukon,2019,0.71308173833718,0.436063841348664,1.0814736271175e-4,669.536937808973,819.632814763434,1295.328,0.720456197844027,377.02798078306307
265,138.86,0.714651049681926,0.434221584344409,277.72,2019_yk_201,Yukon,2019,0.713097465489197,0.436171025448837,1.0718410017224e-4,669.536937808973,819.632814763434,1295.328,0.720456197844027,377.02798078306307
266,139.384,0.714921684984157,0.425382028634978,278.768,2019_yk_201,Yukon,2019,0.713135245864416,0.436306478360687,1.3545291185052e-4,669.536937808973,819.632814763434,1295.328,0.720456197844027,377.02798078306307
267,139.908,0.71327033430439,0.419953427976798,279.816,2019_yk_201,Yukon,2019,0.713080374881528,0.436289044706069,-1.74336546180376e-5,669.536937808973,819.632814763434,1295.328,0.720456197844027,377.02798078306307
268,140.432,0.715785933948015,0.42269341654659,280.864,2019_yk_201,Yukon,2019,0.713090924884694,0.436238434027728,-5.06106783409455e-5,669.536937808973,819.632814763434,1295.328,0.720456197844027,377.02798078306307
269,140.956,0.714766469971621,0.419865359645624,281.912,2019_yk_201,Yukon,2019,0.713098875200812,0.436118105171928,-1.2032885579993e-4,669.536937808973,819.632814763434,1295.328,0.720456197844027,377.02798078306307
270,141.48,0.712473895924312,0.422630548036892,282.96,2019_yk_201,Yukon,2019,0.713054978347888,0.436162717802787,4.46126308591421e-5,669.536937808973,819.632814763434,1295.328,0.720456197844027,377.02798078306307
271,142.004,0.714721150306501,0.425243643795361,284.008,2019_yk_201,Yukon,2019,0.713060817186124,0.436132821428672,-2.98963741156566e-5,669.536937808973,819.632814763434,1295.328,0.720456197844027,377.02798078306307
272,142.528,0.715430556476629,0.423494056621605,285.056,2019_yk_201,Yukon,2019,0.713104065243004,0.43627518578747,1.4236435879838e-4,669.536937808973,819.632814763434,1295.328,0.720456197844027,377.02798078306307
273,143.052,0.712823460250399,0.420475946181747,286.104,2019_yk_201,Yukon,2019,0.713110034901166,0.436557657989166,2.8247220169558e-4,669.536937808973,819.632814763434,1295.328,0.720456197844027,377.02798078306307
274,143.576,0.712339496290035,0.423808082497022,287.152,2019_yk_201,Yukon,2019,0.713106637024233,0.437053115719045,4.9545772987924e-4,669.536937808973,819.632814763434,1295.328,0.720456197844027,377.02798078306307
275,144.1,0.713193129121878,0.427253431518208,288.2,2019_yk_201,Yukon,2019,0.713083684549651,0.43751964830049,4.665325814448e-4,669.536937808973,819.632814763434,1295.328,0.720456197844027,377.02798078306307
276,144.624,0.714394273935372,0.422514005955787,289.248,2019_yk_201,Yukon,2019,0.713132863334763,0.437953664083192,4.3401578270224e-4,669.536937808973,819.632814763434,1295.328,0.720456197844027,377.02798078306307
277,145.148,0.711466981511688,0.428462714885783,290.296,2019_yk_201,Yukon,2019,0.713049250411075,0.438533558923745,5.798948405527e-4,669.536937808973,819.632814763434,1295.328,0.720456197844027,377.02798078306307
278,145.672,0.713882074499031,0.425657982567612,291.344,2019_yk_201,Yukon,2019,0.713012404653725,0.439229170516732,6.9561159298675e-4,669.536937808973,819.632814763434,1295.328,0.720456197844027,377.02798078306307
279,146.196,0.711477019955064,0.431453642282138,292.392,2019_yk_201,Yukon,2019,0.713030141276921,0.440030388761979,8.0121824524737e-4,669.536937808973,819.632814763434,1295.328,0.720456197844027,377.02798078306307
280,146.72,0.714103495518879,0.428037701388458,293.44,2019_yk_201,Yukon,2019,0.713058100389702,0.440699133273924,6.6874451194542e-4,669.536937808973,819.632814763434,1295.328,0.720456197844027,377.02798078306307
281,147.244,0.712401334919356,0.430019533683952,294.488,2019_yk_201,Yukon,2019,0.7130523098524,0.441114626593554,4.1549331962953e-4,669.536937808973,819.632814763434,1295.328,0.720456197844027,377.02798078306307
282,147.768,0.712477277012285,0.429548386954232,295.536,2019_yk_201,Yukon,2019,0.713041757297956,0.440754738650618,-3.5988794293628e-4,669.536937808973,819.632814763434,1295.328,0.720456197844027,377.02798078306307
283,148.292,0.716957292118519,0.427335432236873,296.584,2019_yk_201,Yukon,2019,0.713024580862379,0.44022841096922,-5.2632768139754e-4,669.536937808973,819.632814763434,1295.328,0.720456197844027,377.02798078306307
284,148.816,0.71076243283196,0.424129950477115,297.632,2019_yk_201,Yukon,2019,0.713003307123071,0.440026682033052,-2.0172893616793e-4,669.536937808973,819.632814763434,1295.328,0.720456197844027,377.02798078306307
285,149.34,0.713535970829717,0.424340648079189,298.68,2019_yk_201,Yukon,2019,0.713005623349161,0.440271197666347,2.4451563329525e-4,669.536937808973,819.632814763434,1295.328,0.720456197844027,377.02798078306307
286,149.864,0.712597743815147,0.429854567584876,299.728,2019_yk_201,Yukon,2019,0.712989409554766,0.440878474655535,6.0727698918722e-4,669.536937808973,819.632814763434,1295.328,0.720456197844027,377.02798078306307
287,150.388,0.713178247444819,0.433631236135352,300.776,2019_yk_201,Yukon,2019,0.712986439465827,0.441534338803928,6.5586414839347e-4,669.536937808973,819.632814763434,1295.328,0.720456197844027,377.02798078306307
288,150.912,0.71267645491216,0.429901204933138,301.824,2019_yk_201,Yukon,2019,0.712970578120763,0.4424937544691,9.5941566517238e-4,669.536937808973,819.632814763434,1295.328,0.720456197844027,377.02798078306307
289,151.436,0.712353230217235,0.431262829117983,302.872,2019_yk_201,Yukon,2019,0.713030495023585,0.443395524546698,9.0177007759728e-4,669.536937808973,819.632814763434,1295.328,0.720456197844027,377.02798078306307
290,151.96,0.714268477309391,0.434757386160335,303.92,2019_yk_201,Yukon,2019,0.71295868088852,0.444290141169906,8.9461662320827e-4,669.536937808973,819.632814763434,1295.328,0.720456197844027,377.02798078306307
291,152.484,0.71126216719911,0.433964299043322,304.968,2019_yk_201,Yukon,2019,0.712867615050402,0.445248898638305,9.5875746839851e-4,669.536937808973,819.632814763434,1295.328,0.720456197844027,377.02798078306307
292,153.008,0.713074880275799,0.442887934608291,306.016,2019_yk_201,Yukon,2019,0.712886924693256,0.446139865483879,8.9096684557432e-4,669.536937808973,819.632814763434,1295.328,0.720456197844027,377.02798078306307
293,153.532,0.709659816737473,0.440668720760434,307.064,2019_yk_201,Yukon,2019,0.712825851705005,0.446983799368847,8.4393388496828e-4,669.536937808973,819.632814763434,1295.328,0.720456197844027,377.02798078306307
294,154.056,0.710713175478824,0.441352146797707,308.112,2019_yk_201,Yukon,2019,0.712763194249152,0.447851313068328,8.675136994804e-4,669.536937808973,819.632814763434,1295.328,0.720456197844027,377.02798078306307
295,154.58,0.713420310823988,0.445958605386771,309.16,2019_yk_201,Yukon,2019,0.712744381176434,0.448477904818235,6.265917499072e-4,669.536937808973,819.632814763434,1295.328,0.720456197844027,377.02798078306307
296,155.104,0.71525363989412,0.44963697886774,310.208,2019_yk_201,Yukon,2019,0.712736781077996,0.449265617761375,7.8771294314039e-4,669.536937808973,819.632814763434,1295.328,0.720456197844027,377.02798078306307
297,155.628,0.711447422492347,0.446157206905579,311.256,2019_yk_201,Yukon,2019,0.712724612651194,0.45008198278735,8.1636502597509e-4,669.536937808973,819.632814763434,1295.328,0.720456197844027,377.02798078306307
298,156.152,0.713230227966989,0.442149321715819,312.304,2019_yk_201,Yukon,2019,0.712665587070545,0.450757581785506,6.7559899815594e-4,669.536937808973,819.632814763434,1295.328,0.720456197844027,377.02798078306307
299,156.676,0.713204502538987,0.442155979098208,313.352,2019_yk_201,Yukon,2019,0.712591158122225,0.451609484652753,8.5190286724662e-4,669.536937808973,819.632814763434,1295.328,0.720456197844027,377.02798078306307
300,157.2,0.710896318895364,0.445572512401883,314.4,2019_yk_201,Yukon,2019,0.712597871577662,0.452383772469164,7.7428781641081e-4,669.536937808973,819.632814763434,1295.328,0.720456197844027,377.02798078306307
301,157.724,0.713658806490473,0.446763939483228,315.448,2019_yk_201,Yukon,2019,0.712518470683156,0.453191091744579,8.0731927541577e-4,669.536937808973,819.632814763434,1295.328,0.720456197844027,377.02798078306307
302,158.248,0.714898931706032,0.453064388039244,316.496,2019_yk_201,Yukon,2019,0.712487893297884,0.454088970833796,8.9787908921695e-4,669.536937808973,819.632814763434,1295.328,0.720456197844027,377.02798078306307
303,158.772,0.709755647622812,0.44996015827325,317.544,2019_yk_201,Yukon,2019,0.712466605545767,0.455052183478694,9.6321264489779e-4,669.536937808973,819.632814763434,1295.328,0.720456197844027,377.02798078306307
304,159.296,0.713425912647611,0.452968462993026,318.592,2019_yk_201,Yukon,2019,0.712432344398784,0.456048597859495,9.9641438080078e-4,669.536937808973,819.632814763434,1295.328,0.720456197844027,377.02798078306307
305,159.82,0.71158072372758,0.453480731940388,319.64,2019_yk_201,Yukon,2019,0.712411901291972,0.457021025135431,9.7242727593582e-4,669.536937808973,819.632814763434,1295.328,0.720456197844027,377.02798078306307
306,160.344,0.715766877747902,0.462833767995405,320.688,2019_yk_201,Yukon,2019,0.712373280587274,0.458169236259527,0.00114821112409591,669.536937808973,819.632814763434,1295.328,0.720456197844027,377.02798078306307
307,160.868,0.71025511496456,0.464487919870947,321.736,2019_yk_201,Yukon,2019,0.71236445570897,0.45927648296632,0.00110724670679324,669.536937808973,819.632814763434,1295.328,0.720456197844027,377.02798078306307
308,161.392,0.711265697270365,0.468045075132113,322.784,2019_yk_201,Yukon,2019,0.712304432533585,0.460374755479829,0.00109827251350864,669.536937808973,819.632814763434,1295.328,0.720456197844027,377.02798078306307
309,161.916,0.712501717388582,0.468713217518006,323.832,2019_yk_201,Yukon,2019,0.712270811699565,0.461423605039213,0.00104884955938422,669.536937808973,819.632814763434,1295.328,0.720456197844027,377.02798078306307
310,162.44,0.713534571832692,0.463023365726386,324.88,2019_yk_201,Yukon,2019,0.71220711268037,0.462537733256258,0.00111412821704487,669.536937808973,819.632814763434,1295.328,0.720456197844027,377.02798078306307
311,162.964,0.713537071712108,0.467722250384709,325.928,2019_yk_201,Yukon,2019,0.712200122552395,0.463547956484388,0.00101022322813016,669.536937808973,819.632814763434,1295.328,0.720456197844027,377.02798078306307
312,163.488,0.712216699316261,0.469628846578402,326.976,2019_yk_201,Yukon,2019,0.712191497782309,0.464725589079855,0.00117763259546722,669.536937808973,819.632814763434,1295.328,0.720456197844027,377.02798078306307
313,164.012,0.710703978096066,0.476008874429682,328.024,2019_yk_201,Yukon,2019,0.712105894852791,0.465882382763469,0.00115679368361371,669.536937808973,819.632814763434,1295.328,0.720456197844027,377.02798078306307
314,164.536,0.712341963032375,0.480000342194486,329.072,2019_yk_201,Yukon,2019,0.712145997201112,0.467013792832944,0.00113141006947531,669.536937808973,819.632814763434,1295.328,0.720456197844027,377.02798078306307
315,165.06,0.710888793533841,0.486210683973094,330.12,2019_yk_201,Yukon,2019,0.712086875119783,0.468077484309049,0.00106369147610469,669.536937808973,819.632814763434,1295.328,0.720456197844027,377.02798078306307
316,165.584,0.712837719780012,0.493478472386768,331.168,2019_yk_201,Yukon,2019,0.712074444996819,0.468972917897232,8.9543358818311e-4,669.536937808973,819.632814763434,1295.328,0.720456197844027,377.02798078306307
317,166.108,0.712575856013737,0.486700184767161,332.216,2019_yk_201,Yukon,2019,0.712046106750551,0.469635037397137,6.6211949990474e-4,669.536937808973,819.632814763434,1295.328,0.720456197844027,377.02798078306307
318,166.632,0.711596268559349,0.496250701384635,333.264,2019_yk_201,Yukon,2019,0.712015845150992,0.470190092628942,5.5505523180549e-4,669.536937808973,819.632814763434,1295.328,0.720456197844027,377.02798078306307
319,167.156,0.714974994785136,0.48616909394887,334.312,2019_yk_201,Yukon,2019,0.7120341708484,0.470484854011791,2.9476138284906e-4,669.536937808973,819.632814763434,1295.328,0.720456197844027,377.02798078306307
320,167.68,0.710941859966543,0.483577050764512,335.36,2019_yk_201,Yukon,2019,0.712015526042919,0.470500973645421,1.6119633630296e-5,669.536937808973,819.632814763434,1295.328,0.720456197844027,377.02798078306307
321,168.204,0.70989600583905,0.487843302238643,336.408,2019_yk_201,Yukon,2019,0.712021445886845,0.470398780907442,-1.0219273797951e-4,669.536937808973,819.632814763434,1295.328,0.720456197844027,377.02798078306307
322,168.728,0.713818324099179,0.485824628910383,337.456,2019_yk_201,Yukon,2019,0.712003077301622,0.470214244517115,-1.8453639032661e-4,669.536937808973,819.632814763434,1295.328,0.720456197844027,377.02798078306307
323,169.252,0.71128407469678,0.4809227847537,338.504,2019_yk_201,Yukon,2019,0.712029474369738,0.469984845418362,-2.2939909875363e-4,669.536937808973,819.632814763434,1295.328,0.720456197844027,377.02798078306307
324,169.776,0.708462113726532,0.480968086584804,339.552,2019_yk_201,Yukon,2019,0.712088568795639,0.469791458313265,-1.9338710509708e-4,669.536937808973,819.632814763434,1295.328,0.720456197844027,377.02798078306307
325,170.3,0.713522265318882,0.471817089338842,340.6,2019_yk_201,Yukon,2019,0.712064430754252,0.469729620187785,-6.18381254796629e-5,669.536937808973,819.632814763434,1295.328,0.720456197844027,377.02798078306307
326,170.824,0.71446567907785,0.472644805223402,341.648,2019_yk_201,Yukon,2019,0.711977826922135,0.469853175498787,1.2355531100233e-4,669.536937808973,819.632814763434,1295.328,0.720456197844027,377.02798078306307
327,171.348,0.712540228696252,0.468935329535305,342.696,2019_yk_201,Yukon,2019,0.711968145584756,0.469913668684048,6.04931852605239e-5,669.536937808973,819.632814763434,1295.328,0.720456197844027,377.02798078306307
328,171.872,0.712244399109098,0.463229356435946,343.744,2019_yk_201,Yukon,2019,0.71196242917111,0.469982834857222,6.91661731740956e-5,669.536937808973,819.632814763434,1295.328,0.720456197844027,377.02798078306307
329,172.396,0.710300733072383,0.470979531680422,344.792,2019_yk_201,Yukon,2019,0.711924446998058,0.470015637032985,3.28021757630692e-5,669.536937808973,819.632814763434,1295.328,0.720456197844027,377.02798078306307
330,172.92,0.712876703250577,0.469087817021541,345.84,2019_yk_201,Yukon,2019,0.711957422114363,0.470174647968243,1.5901093525772e-4,669.536937808973,819.632814763434,1295.328,0.720456197844027,377.02798078306307
331,173.444,0.709957096636117,0.473682800320308,346.888,2019_yk_201,Yukon,2019,0.711955462580899,0.470317077840053,1.4242987180995e-4,669.536937808973,819.632814763434,1295.328,0.720456197844027,377.02798078306307
332,173.968,0.713595913360339,0.477366801974624,347.936,2019_yk_201,Yukon,2019,0.711879686158923,0.470264663073819,-5.24147662332441e-5,669.536937808973,819.632814763434,1295.328,0.720456197844027,377.02798078306307
333,174.492,0.711546195123367,0.478268704875614,348.984,2019_yk_201,Yukon,2019,0.711932671942696,0.470401141598818,1.3647852499881e-4,669.536937808973,819.632814763434,1295.328,0.720456197844027,377.02798078306307
334,175.016,0.710283827471025,0.483592945345066,350.032,2019_yk_201,Yukon,2019,0.711872604210582,0.470376197023339,-2.49445754794686e-5,669.536937808973,819.632814763434,1295.328,0.720456197844027,377.02798078306307
335,175.54,0.711966542713168,0.48559906807436,351.08,2019_yk_201,Yukon,2019,0.711878978674418,0.470232364836011,-1.4383218732788e-4,669.536937808973,819.632814763434,1295.328,0.720456197844027,377.02798078306307
336,176.064,0.712077031653486,0.491406673401542,352.128,2019_yk_201,Yukon,2019,0.711787227590099,0.470051127058113,-1.812377778978e-4,669.536937808973,819.632814763434,1295.328,0.720456197844027,377.02798078306307
337,176.588,0.710937488813494,0.494897517293374,353.176,2019_yk_201,Yukon,2019,0.711839065188637,0.469864431847556,-1.8669521055653e-4,669.536937808973,819.632814763434,1295.328,0.720456197844027,377.02798078306307
338,177.112,0.710280683975912,0.491554333378133,354.224,2019_yk_201,Yukon,2019,0.711846668004092,0.4696384784429,-2.2595340465686e-4,669.536937808973,819.632814763434,1295.328,0.720456197844027,377.02798078306307
339,177.636,0.709459769913835,0.494384615845194,355.272,2019_yk_201,Yukon,2019,0.711839097076625,0.469651498905105,1.30204622049157e-5,669.536937808973,819.632814763434,1295.328,0.720456197844027,377.02798078306307
340,178.16,0.710281554367191,0.494885394411151,356.32,2019_yk_201,Yukon,2019,0.71181381480921,0.46976283481523,1.1133591012541e-4,669.536937808973,819.632814763434,1295.328,0.720456197844027,377.02798078306307
341,178.684,0.711981927240861,0.490632927371761,357.368,2019_yk_201,Yukon,2019,0.711751352288424,0.469763029733021,1.94917790796723e-7,669.536937808973,819.632814763434,1295.328,0.720456197844027,377.02798078306307
342,179.208,0.711959790807096,0.500206342682265,358.416,2019_yk_201,Yukon,2019,0.711737717255112,0.469639177375952,-1.2385235706846e-4,669.536937808973,819.632814763434,1295.328,0.720456197844027,377.02798078306307
343,179.732,0.711821116347452,0.496743053253695,359.464,2019_yk_201,Yukon,2019,0.711698457750095,0.469423044393842,-2.1613298211065e-4,669.536937808973,819.632814763434,1295.328,0.720456197844027,377.02798078306307
344,180.256,0.713168573731212,0.492014554645634,360.512,2019_yk_201,Yukon,2019,0.711693447957913,0.469217191336204,-2.058530576372e-4,669.536937808973,819.632814763434,1295.328,0.720456197844027,377.02798078306307
345,180.78,0.709988645949968,0.488162136645467,361.56,2019_yk_201,Yukon,2019,0.711689096425966,0.46888618529366,-3.3100604254482e-4,669.536937808973,819.632814763434,1295.328,0.720456197844027,377.02798078306307
346,181.304,0.711851936437342,0.483580582875861,362.608,2019_yk_201,Yukon,2019,0.711662357224289,0.468478547505074,-4.0763778858521e-4,669.536937808973,819.632814763434,1295.328,0.720456197844027,377.02798078306307
347,181.828,0.711477952668747,0.473358406129637,363.656,2019_yk_201,Yukon,2019,0.7116640174929,0.468344623810466,-1.3392369460824e-4,669.536937808973,819.632814763434,1295.328,0.720456197844027,377.02798078306307
348,182.352,0.710860758938602,0.463204518841464,364.704,2019_yk_201,Yukon,2019,0.71165834545494,0.467971675140324,-3.7294867014248e-4,669.536937808973,819.632814763434,1295.328,0.720456197844027,377.02798078306307
349,182.876,0.71345277206173,0.448948512088928,365.752,2019_yk_201,Yukon,2019,0.711584706890808,0.467715574696019,-2.5610044430513e-4,669.536937808973,819.632814763434,1295.328,0.720456197844027,377.02798078306307
350,183.4,0.713149788980491,0.435724564178151,366.8,2019_yk_201,Yukon,2019,0.711590454719277,0.467454992788081,-2.605819079377e-4,669.536937808973,819.632814763434,1295.328,0.720456197844027,377.02798078306307
351,183.924,0.711617357834694,0.427832734764551,367.848,2019_yk_201,Yukon,2019,0.711590937533669,0.467193503891287,-2.6148889679394e-4,669.536937808973,819.632814763434,1295.328,0.720456197844027,377.02798078306307
352,184.448,0.711972765162448,0.431815751188696,368.896,2019_yk_201,Yukon,2019,0.711560108763817,0.467038243491813,-1.5526039947338e-4,669.536937808973,819.632814763434,1295.328,0.720456197844027,377.02798078306307
353,184.972,0.711243640824377,0.426904774835218,369.944,2019_yk_201,Yukon,2019,0.711540262707617,0.466864521140324,-1.7372235148954e-4,669.536937808973,819.632814763434,1295.328,0.720456197844027,377.02798078306307
354,185.496,0.714258841032931,0.429748920491881,370.992,2019_yk_201,Yukon,2019,0.711589672392336,0.466659439397448,-2.0508174287547e-4,669.536937808973,819.632814763434,1295.328,0.720456197844027,377.02798078306307
355,186.02,0.711972028340767,0.442248317857993,372.04,2019_yk_201,Yukon,2019,0.71156449125546,0.466459522470292,-1.9991692715676e-4,669.536937808973,819.632814763434,1295.328,0.720456197844027,377.02798078306307
356,186.544,0.71005740996708,0.457050297527879,373.088,2019_yk_201,Yukon,2019,0.711515142304494,0.466232559690948,-2.2696277934375e-4,669.536937808973,819.632814763434,1295.328,0.720456197844027,377.02798078306307
357,187.068,0.710866542249617,0.449786798021213,374.136,2019_yk_201,Yukon,2019,0.711505025107395,0.465918117116652,-3.144425742958e-4,669.536937808973,819.632814763434,1295.328,0.720456197844027,377.02798078306307
358,187.592,0.712887243148241,0.446299292106265,375.184,2019_yk_201,Yukon,2019,0.711476715035293,0.465638153396589,-2.7996372006305e-4,669.536937808973,819.632814763434,1295.328,0.720456197844027,377.02798078306307
359,188.116,0.710925572155849,0.44412410964399,376.232,2019_yk_201,Yukon,2019,0.711543635501128,0.465182707689042,-4.554457075469e-4,669.536937808973,819.632814763434,1295.328,0.720456197844027,377.02798078306307
360,188.64,0.712874825873682,0.455113168517345,377.28,2019_yk_201,Yukon,2019,0.711490092761501,0.464727766139327,-4.5494154971487e-4,669.536937808973,819.632814763434,1295.328,0.720456197844027,377.02798078306307
361,189.164,0.713541234482585,0.455309731791826,378.328,2019_yk_201,Yukon,2019,0.711503656419477,0.464143292155801,-5.8447398352629e-4,669.536937808973,819.632814763434,1295.328,0.720456197844027,377.02798078306307
362,189.688,0.710352346387501,0.44991950206525,379.376,2019_yk_201,Yukon,2019,0.711458647662,0.46333288057855,-8.1041157725103e-4,669.536937808973,819.632814763434,1295.328,0.720456197844027,377.02798078306307
363,190.212,0.712934794649181,0.458148869773179,380.424,2019_yk_201,Yukon,2019,0.711488087533612,0.462523689779765,-8.0919079878477e-4,669.536937808973,819.632814763434,1295.328,0.720456197844027,377.02798078306307
364,190.736,0.709821848720793,0.451471788464256,381.472,2019_yk_201,Yukon,2019,0.711500632338317,0.461488158264825,-0.00103553151493996,669.536937808973,819.632814763434,1295.328,0.720456197844027,377.02798078306307
365,191.26,0.711963191557698,0.444850800700716,382.52,2019_yk_201,Yukon,2019,0.711481794556877,0.460296433495358,-0.00119172476946761,669.536937808973,819.632814763434,1295.328,0.720456197844027,377.02798078306307
366,191.784,0.710261812688753,0.451959501321535,383.568,2019_yk_201,Yukon,2019,0.711506109218837,0.458949701068867,-0.00134673242649036,669.536937808973,819.632814763434,1295.328,0.720456197844027,377.02798078306307
367,192.308,0.713365370876861,0.453286207237558,384.616,2019_yk_201,Yukon,2019,0.711562122090795,0.457466866096934,-0.00148283497193324,669.536937808973,819.632814763434,1295.328,0.720456197844027,377.02798078306307
368,192.832,0.711721866197674,0.454487870852702,385.664,2019_yk_201,Yukon,2019,0.71161347488259,0.456120671229704,-0.00134619486723042,669.536937808973,819.632814763434,1295.328,0.720456197844027,377.02798078306307
369,193.356,0.712047461740577,0.469494445250298,386.712,2019_yk_201,Yukon,2019,0.711642816195198,0.454563931278394,-0.00155673995130923,669.536937808973,819.632814763434,1295.328,0.720456197844027,377.02798078306307
370,193.88,0.712017635787764,0.46970352033391,387.76,2019_yk_201,Yukon,2019,0.711733607763762,0.452976860726781,-0.00158707055161361,669.536937808973,819.632814763434,1295.328,0.720456197844027,377.02798078306307
371,194.404,0.709789320464964,0.467733945452155,388.808,2019_yk_201,Yukon,2019,0.711774061743245,0.451414924312124,-0.00156193641465724,669.536937808973,819.632814763434,1295.328,0.720456197844027,377.02798078306307
372,194.928,0.711398597317554,0.462197705154297,389.856,2019_yk_201,Yukon,2019,0.711745028285438,0.449624946257559,-0.00178997805456482,669.536937808973,819.632814763434,1295.328,0.720456197844027,377.02798078306307
373,195.452,0.708348407795039,0.463040895503042,390.904,2019_yk_201,Yukon,2019,0.711781654418438,0.447674848690965,-0.00195009756659364,669.536937808973,819.632814763434,1295.328,0.720456197844027,377.02798078306307
374,195.976,0.712041375501416,0.467649158736253,391.952,2019_yk_201,Yukon,2019,0.711753779039357,0.445895967907881,-0.0017788807830838,669.536937808973,819.632814763434,1295.328,0.720456197844027,377.02798078306307
375,196.5,0.710627701617042,0.466350321420401,393,2019_yk_201,Yukon,2019,0.711784440608727,0.444111821093163,-0.00178414681471833,669.536937808973,819.632814763434,1295.328,0.720456197844027,377.02798078306307
376,197.024,0.711233367679395,0.469020205071657,394.048,2019_yk_201,Yukon,2019,0.711830373265107,0.442354210829514,-0.00175761026364857,669.536937808973,819.632814763434,1295.328,0.720456197844027,377.02798078306307
377,197.548,0.712675472130394,0.478664763090663,395.096,2019_yk_201,Yukon,2019,0.711839956693098,0.440762653023934,-0.00159155780558079,669.536937808973,819.632814763434,1295.328,0.720456197844027,377.02798078306307
378,198.072,0.711255946281746,0.473873781176088,396.144,2019_yk_201,Yukon,2019,0.711848121318153,0.439312486146666,-0.00145016687726734,669.536937808973,819.632814763434,1295.328,0.720456197844027,377.02798078306307
379,198.596,0.710556680937242,0.47080306729056,397.192,2019_yk_201,Yukon,2019,0.711869909094208,0.437959081684584,-0.00135340446208271,669.536937808973,819.632814763434,1295.328,0.720456197844027,377.02798078306307
380,199.12,0.711286729674643,0.467942136288251,398.24,2019_yk_201,Yukon,2019,0.711859683538845,0.43688624482585,-0.00107283685873333,669.536937808973,819.632814763434,1295.328,0.720456197844027,377.02798078306307
381,199.644,0.70992497470256,0.472153968431005,399.288,2019_yk_201,Yukon,2019,0.711885306900119,0.436004529356769,-0.00088171546908089005,669.536937808973,819.632814763434,1295.328,0.720456197844027,377.02798078306307
382,200.168,0.711968597908109,0.476509004941979,400.336,2019_yk_201,Yukon,2019,0.711900910551566,0.43507240717088,-9.3212218588889e-4,669.536937808973,819.632814763434,1295.328,0.720456197844027,377.02798078306307
383,200.692,0.710093311324729,0.470499443664329,401.384,2019_yk_201,Yukon,2019,0.71188799935957,0.43413579106808,-9.3661610280027e-4,669.536937808973,819.632814763434,1295.328,0.720456197844027,377.02798078306307
384,201.216,0.711426694809683,0.468663182012276,402.432,2019_yk_201,Yukon,2019,0.711839533327036,0.43320103649748,-9.347545706006e-4,669.536937808973,819.632814763434,1295.328,0.720456197844027,377.02798078306307
385,201.74,0.712011397106318,0.459822073709437,403.48,2019_yk_201,Yukon,2019,0.711830029957596,0.432147252592592,-0.00105378390488775,669.536937808973,819.632814763434,1295.328,0.720456197844027,377.02798078306307
386,202.264,0.71150474201988,0.459027038462776,404.528,2019_yk_201,Yukon,2019,0.711932648871157,0.430843473380161,-0.00130377921243058,669.536937808973,819.632814763434,1295.328,0.720456197844027,377.02798078306307
387,202.788,0.711933196870347,0.450068775077555,405.576,2019_yk_201,Yukon,2019,0.711959728131069,0.429718972512,-0.00112450086816118,669.536937808973,819.632814763434,1295.328,0.720456197844027,377.02798078306307
388,203.312,0.710545794782984,0.44643153323216,406.624,2019_yk_201,Yukon,2019,0.711981784162607,0.428616308688262,-0.00110266382373847,669.536937808973,819.632814763434,1295.328,0.720456197844027,377.02798078306307
389,203.836,0.714315961022475,0.443652789227608,407.672,2019_yk_201,Yukon,2019,0.712010719692394,0.427678627501798,-9.3768118646359e-4,669.536937808973,819.632814763434,1295.328,0.720456197844027,377.02798078306307
390,204.36,0.709664138872962,0.441791324038648,408.72,2019_yk_201,Yukon,2019,0.712003178376525,0.426549547790626,-0.00112907971117243,669.536937808973,819.632814763434,1295.328,0.720456197844027,377.02798078306307
391,204.884,0.710770916114692,0.438614361308731,409.768,2019_yk_201,Yukon,2019,0.711999426437271,0.425364716100708,-0.00118483168991712,669.536937808973,819.632814763434,1295.328,0.720456197844027,377.02798078306307
392,205.408,0.71089538791167906,0.428742107339561,410.816,2019_yk_201,Yukon,2019,0.712036458411945,0.424257133746568,-0.00110758235414032,669.536937808973,819.632814763434,1295.328,0.720456197844027,377.02798078306307
393,205.932,0.713312587420129,0.429717256948527,411.864,2019_yk_201,Yukon,2019,0.712079205395432,0.423111264714327,-0.00114586903224129,669.536937808973,819.632814763434,1295.328,0.720456197844027,377.02798078306307
394,206.456,0.711036515753292,0.421461054448666,412.912,2019_yk_201,Yukon,2019,0.712154352876026,0.421989603228647,-0.00112166148567933,669.536937808973,819.632814763434,1295.328,0.720456197844027,377.02798078306307
395,206.98,0.710836275826779,0.414095581906306,413.96,2019_yk_201,Yukon,2019,0.712180044692697,0.421081263622433,-9.0833960621455e-4,669.536937808973,819.632814763434,1295.328,0.720456197844027,377.02798078306307
396,207.504,0.7135359113711,0.41060272781212,415.008,2019_yk_201,Yukon,2019,0.712236634905287,0.419969062471154,-0.00111220115127936,669.536937808973,819.632814763434,1295.328,0.720456197844027,377.02798078306307
397,208.028,0.714298261130966,0.405927418977382,416.056,2019_yk_201,Yukon,2019,0.712217592610675,0.418746967350382,-0.00122209512077198,669.536937808973,819.632814763434,1295.328,0.720456197844027,377.02798078306307
398,208.552,0.713361851483622,0.410782641344308,417.104,2019_yk_201,Yukon,2019,0.712228832085638,0.417483563712123,-0.00126340363825861,669.536937808973,819.632814763434,1295.328,0.720456197844027,377.02798078306307
399,209.076,0.711220248670266,0.400980218766639,418.152,2019_yk_201,Yukon,2019,0.71224398271227,0.416031129279747,-0.00145243443237647,669.536937808973,819.632814763434,1295.328,0.720456197844027,377.02798078306307
400,209.6,0.715729048481039,0.399661161314332,419.2,2019_yk_201,Yukon,2019,0.712258647356253,0.414521192750576,-0.00150993652917092,669.536937808973,819.632814763434,1295.328,0.720456197844027,377.02798078306307
401,210.124,0.71440916600986,0.396916742492327,420.248,2019_yk_201,Yukon,2019,0.7123308269813,0.413079387475706,-0.00144180527486959,669.536937808973,819.632814763434,1295.328,0.720456197844027,377.02798078306307
402,210.648,0.710217783338661,0.392807659408376,421.296,2019_yk_201,Yukon,2019,0.712335157248457,0.411810000215181,-0.00126938726052495,669.536937808973,819.632814763434,1295.328,0.720456197844027,377.02798078306307
403,211.172,0.714018684327478,0.379737199258077,422.344,2019_yk_201,Yukon,2019,0.712443262151679,0.410498834363239,-0.00131116585194252,669.536937808973,819.632814763434,1295.328,0.720456197844027,377.02798078306307
404,211.696,0.711496050986346,0.385281707660605,423.392,2019_yk_201,Yukon,2019,0.712447331991381,0.409054073640129,-0.00144476072310928,669.536937808973,819.632814763434,1295.328,0.720456197844027,377.02798078306307
405,212.22,0.711828340112186,0.381113327762367,424.44,2019_yk_201,Yukon,2019,0.712496430107577,0.407660901159295,-0.00139317248083409,669.536937808973,819.632814763434,1295.328,0.720456197844027,377.02798078306307
406,212.744,0.714607895820154,0.378123967056946,425.488,2019_yk_201,Yukon,2019,0.712468992157784,0.406201322164414,-0.00145957899488153,669.536937808973,819.632814763434,1295.328,0.720456197844027,377.02798078306307
407,213.268,0.712052958348149,0.377864937794789,426.536,2019_yk_201,Yukon,2019,0.712449558285427,0.40450152244051,-0.00169979972390327,669.536937808973,819.632814763434,1295.328,0.720456197844027,377.02798078306307
408,213.792,0.711350636441958,0.376194506205423,427.584,2019_yk_201,Yukon,2019,0.712468578336778,0.402892598029076,-0.00160892441143462,669.536937808973,819.632814763434,1295.328,0.720456197844027,377.02798078306307
409,214.316,0.714760038624998,0.367744244363966,428.632,2019_yk_201,Yukon,2019,0.712552852571303,0.401254192912071,-0.00163840511700453,669.536937808973,819.632814763434,1295.328,0.720456197844027,377.02798078306307
410,214.84,0.712536255658737,0.371354352654152,429.68,2019_yk_201,Yukon,2019,0.712605078301355,0.399760216392283,-0.00149397651978855,669.536937808973,819.632814763434,1295.328,0.720456197844027,377.02798078306307
411,215.364,0.713154759511086,0.374929806619699,430.728,2019_yk_201,Yukon,2019,0.712676642646006,0.398148178467361,-0.00161203792492159,669.536937808973,819.632814763434,1295.328,0.720456197844027,377.02798078306307
412,215.888,0.712908984249313,0.375888420035364,431.776,2019_yk_201,Yukon,2019,0.71266962600013,0.39652800546558,-0.00162017300178136,669.536937808973,819.632814763434,1295.328,0.720456197844027,377.02798078306307
413,216.412,0.710468969304617,0.370707808667203,432.824,2019_yk_201,Yukon,2019,0.712756499100455,0.394893778866971,-0.00163422659860846,669.536937808973,819.632814763434,1295.328,0.720456197844027,377.02798078306307
414,216.936,0.711350879080869,0.373663646255844,433.872,2019_yk_201,Yukon,2019,0.712770300437465,0.393434572306952,-0.00145920656001941,669.536937808973,819.632814763434,1295.328,0.720456197844027,377.02798078306307
415,217.46,0.711401826174339,0.379021283564727,434.92,2019_yk_201,Yukon,2019,0.712802366956833,0.392104858949174,-0.00132971335777787,669.536937808973,819.632814763434,1295.328,0.720456197844027,377.02798078306307
416,217.984,0.716214544780783,0.378823544782045,435.968,2019_yk_201,Yukon,2019,0.712821673926676,0.390767377214874,-0.00133748173430021,669.536937808973,819.632814763434,1295.328,0.720456197844027,377.02798078306307
417,218.508,0.712491297844296,0.382316745931542,437.016,2019_yk_201,Yukon,2019,0.712872996552432,0.389548644996068,-0.00121873221880603,669.536937808973,819.632814763434,1295.328,0.720456197844027,377.02798078306307
418,219.032,0.71421060504053,0.380139462681958,438.064,2019_yk_201,Yukon,2019,0.712917829506006,0.388304126957952,-0.00124451803811565,669.536937808973,819.632814763434,1295.328,0.720456197844027,377.02798078306307
419,219.556,0.712661703943083,0.387863238456174,439.112,2019_yk_201,Yukon,2019,0.712870870130424,0.38708164310548,-0.00122248385247159,669.536937808973,819.632814763434,1295.328,0.720456197844027,377.02798078306307
420,220.08,0.712422346921567,0.387368385846998,440.16,2019_yk_201,Yukon,2019,0.712867112052751,0.385835455469766,-0.00124618763571416,669.536937808973,819.632814763434,1295.328,0.720456197844027,377.02798078306307
421,220.604,0.713316118127341,0.384219830396801,441.208,2019_yk_201,Yukon,2019,0.712927990142986,0.384727304904124,-0.00110815056564184,669.536937808973,819.632814763434,1295.328,0.720456197844027,377.02798078306307
422,221.128,0.712574264867903,0.38346456081683,442.256,2019_yk_201,Yukon,2019,0.712924468450009,0.383713257160169,-0.0010140477439558,669.536937808973,819.632814763434,1295.328,0.720456197844027,377.02798078306307
423,221.652,0.715499613658425,0.389396727838705,443.304,2019_yk_201,Yukon,2019,0.712940137074582,0.382689079590923,-0.00102417756924617,669.536937808973,819.632814763434,1295.328,0.720456197844027,377.02798078306307
424,222.176,0.714330697556427,0.384172099323496,444.352,2019_yk_201,Yukon,2019,0.713004099961041,0.381833302426099,-8.5577716482354e-4,669.536937808973,819.632814763434,1295.328,0.720456197844027,377.02798078306307
425,222.7,0.713504700557947,0.390350424327842,445.4,2019_yk_201,Yukon,2019,0.713042697398475,0.381052442868122,-7.8085955797713e-4,669.536937808973,819.632814763434,1295.328,0.720456197844027,377.02798078306307
426,223.224,0.713657225444174,0.385227432244774,446.448,2019_yk_201,Yukon,2019,0.713008762665638,0.380323736302253,-7.2870656586837e-4,669.536937808973,819.632814763434,1295.328,0.720456197844027,377.02798078306307
427,223.748,0.712222833200123,0.37996049999124,447.496,2019_yk_201,Yukon,2019,0.712966734665694,0.379721236110242,-6.0250019201163e-4,669.536937808973,819.632814763434,1295.328,0.720456197844027,377.02798078306307
428,224.272,0.712396234695438,0.378683652557186,448.544,2019_yk_201,Yukon,2019,0.712952938141681,0.378962754847805,-7.5848126243699e-4,669.536937808973,819.632814763434,1295.328,0.720456197844027,377.02798078306307
429,224.796,0.712956499338497,0.382348379307712,449.592,2019_yk_201,Yukon,2019,0.712984904697436,0.378394133512737,-5.686213350679e-4,669.536937808973,819.632814763434,1295.328,0.720456197844027,377.02798078306307
430,225.32,0.712897514426752,0.379107328583657,450.64,2019_yk_201,Yukon,2019,0.712934643220024,0.377817793032013,-5.7634048072413e-4,669.536937808973,819.632814763434,1295.328,0.720456197844027,377.02798078306307
431,225.844,0.714120097967768,0.381225628959977,451.688,2019_yk_201,Yukon,2019,0.712910426904853,0.377186103684081,-6.3168934793156e-4,669.536937808973,819.632814763434,1295.328,0.720456197844027,377.02798078306307
432,226.368,0.71165841334701,0.386034469522804,452.736,2019_yk_201,Yukon,2019,0.712946586802113,0.376629582663445,-5.5652102063619e-4,669.536937808973,819.632814763434,1295.328,0.720456197844027,377.02798078306307
433,226.892,0.71483470198836,0.384370944386489,453.784,2019_yk_201,Yukon,2019,0.712932362942211,0.376397222505199,-2.3236015824568e-4,669.536937808973,819.632814763434,1295.328,0.720456197844027,377.02798078306307
434,227.416,0.712285565883558,0.380963515349697,454.832,2019_yk_201,Yukon,2019,0.712992727303633,0.37595472105657,-4.4250144862984e-4,669.536937808973,819.632814763434,1295.328,0.720456197844027,377.02798078306307
435,227.94,0.713573588588777,0.382759972570354,455.88,2019_yk_201,Yukon,2019,0.713035153086911,0.375587586993659,-3.6713406291016e-4,669.536937808973,819.632814763434,1295.328,0.720456197844027,377.02798078306307
436,228.464,0.709587090691807,0.381445465378768,456.928,2019_yk_201,Yukon,2019,0.713072356865725,0.375221317103485,-3.6626989017413e-4,669.536937808973,819.632814763434,1295.328,0.720456197844027,377.02798078306307
437,228.988,0.711509439788983,0.376676779656469,457.976,2019_yk_201,Yukon,2019,0.713079929439844,0.374869806303494,-3.5151079999151e-4,669.536937808973,819.632814763434,1295.328,0.720456197844027,377.02798078306307
438,229.512,0.712397149362794,0.377338316490011,459.024,2019_yk_201,Yukon,2019,0.713138802618543,0.374500799305476,-3.6900699801728e-4,669.536937808973,819.632814763434,1295.328,0.720456197844027,377.02798078306307
439,230.036,0.715613135008731,0.372498760270288,460.072,2019_yk_201,Yukon,2019,0.71315303496669,0.37433711537671,-1.6368392876614e-4,669.536937808973,819.632814763434,1295.328,0.720456197844027,377.02798078306307
440,230.56,0.714420273477752,0.378303545100939,461.12,2019_yk_201,Yukon,2019,0.713182658414515,0.374087770257731,-2.4934511897928e-4,669.536937808973,819.632814763434,1295.328,0.720456197844027,377.02798078306307
441,231.084,0.71421883538167,0.375431692935711,462.168,2019_yk_201,Yukon,2019,0.713176102610165,0.373743457959451,-3.4431229827969e-4,669.536937808973,819.632814763434,1295.328,0.720456197844027,377.02798078306307
442,231.608,0.711547599155523,0.379298624835096,463.216,2019_yk_201,Yukon,2019,0.713180662851882,0.373400548789774,-3.429091696776e-4,669.536937808973,819.632814763434,1295.328,0.720456197844027,377.02798078306307
443,232.132,0.715305697344253,0.37244584774782,464.264,2019_yk_201,Yukon,2019,0.713256147366161,0.373099901353309,-3.0064743646424e-4,669.536937808973,819.632814763434,1295.328,0.720456197844027,377.02798078306307
444,232.656,0.712254775030244,0.381110788411113,465.312,2019_yk_201,Yukon,2019,0.713307385705051,0.372888789058641,-2.1111229466808e-4,669.536937808973,819.632814763434,1295.328,0.720456197844027,377.02798078306307
445,233.18,0.713935388268405,0.380039272242768,466.36,2019_yk_201,Yukon,2019,0.713379025422956,0.372509161026952,-3.796280316895e-4,669.536937808973,819.632814763434,1295.328,0.720456197844027,377.02798078306307
446,233.704,0.7126631602105,0.378778134404763,467.408,2019_yk_201,Yukon,2019,0.713319066141842,0.37202662205559,-4.8253897136207e-4,669.536937808973,819.632814763434,1295.328,0.720456197844027,377.02798078306307
447,234.228,0.715012554415681,0.376944841949195,468.456,2019_yk_201,Yukon,2019,0.713290293389262,0.371512280365725,-5.1434168986447e-4,669.536937808973,819.632814763434,1295.328,0.720456197844027,377.02798078306307
448,234.752,0.713235771997433,0.371760450945218,469.504,2019_yk_201,Yukon,2019,0.713262827662717,0.370939645578409,-5.7263478731628e-4,669.536937808973,819.632814763434,1295.328,0.720456197844027,377.02798078306307
449,235.276,0.711498398487557,0.370303758079315,470.552,2019_yk_201,Yukon,2019,0.713288541816329,0.370228386978316,-7.1125860009307e-4,669.536937808973,819.632814763434,1295.328,0.720456197844027,377.02798078306307
450,235.8,0.709438654212556,0.367020065895799,471.6,2019_yk_201,Yukon,2019,0.713345567924646,0.369557080962061,-6.7130601625448e-4,669.536937808973,819.632814763434,1295.328,0.720456197844027,377.02798078306307
451,236.324,0.714423601528789,0.372125327370218,472.648,2019_yk_201,Yukon,2019,0.713353930216055,0.368882448010927,-6.7463295113434e-4,669.536937808973,819.632814763434,1295.328,0.720456197844027,377.02798078306307
452,236.848,0.710684086333092,0.367899242702213,473.696,2019_yk_201,Yukon,2019,0.713421298631746,0.368255183336908,-6.2726467401863e-4,669.536937808973,819.632814763434,1295.328,0.720456197844027,377.02798078306307
453,237.372,0.714252704894505,0.368266602793757,474.744,2019_yk_201,Yukon,2019,0.713362683190774,0.367486284438338,-7.688988985709e-4,669.536937808973,819.632814763434,1295.328,0.720456197844027,377.02798078306307
454,237.896,0.714874288940843,0.37011442455925597,475.792,2019_yk_201,Yukon,2019,0.713344900294045,0.36676639514413,-7.1988929420741e-4,669.536937808973,819.632814763434,1295.328,0.720456197844027,377.02798078306307
455,238.42,0.713152122072806,0.367244008427676,476.84,2019_yk_201,Yukon,2019,0.713406996423335,0.365946559481958,-8.1983566217203e-4,669.536937808973,819.632814763434,1295.328,0.720456197844027,377.02798078306307
456,238.944,0.711499827400899,0.366880333860019,477.888,2019_yk_201,Yukon,2019,0.713409869956433,0.365218636585684,-7.279228962741e-4,669.536937808973,819.632814763434,1295.328,0.720456197844027,377.02798078306307
457,239.468,0.711776581134291,0.369777407456684,478.936,2019_yk_201,Yukon,2019,0.713492982151821,0.364641848484082,-5.7678810160216e-4,669.536937808973,819.632814763434,1295.328,0.720456197844027,377.02798078306307
458,239.992,0.712534060042881,0.365273765598087,479.984,2019_yk_201,Yukon,2019,0.71352149768832,0.364081803113934,-5.6004537014753e-4,669.536937808973,819.632814763434,1295.328,0.720456197844027,377.02798078306307
459,240.516,0.713138242015515,0.366862938662564,481.032,2019_yk_201,Yukon,2019,0.713559426050317,0.363472524643126,-6.0927847080805e-4,669.536937808973,819.632814763434,1295.328,0.720456197844027,377.02798078306307
460,241.04,0.712713359836314,0.365080732470885,482.08,2019_yk_201,Yukon,2019,0.713524892640696,0.362961062968778,-5.1146167434829e-4,669.536937808973,819.632814763434,1295.328,0.720456197844027,377.02798078306307
461,241.564,0.712956187099622,0.359015381616436,483.128,2019_yk_201,Yukon,2019,0.713564821394351,0.362526678627235,-4.3438434154297e-4,669.536937808973,819.632814763434,1295.328,0.720456197844027,377.02798078306307
462,242.088,0.71238737717428,0.359416398170202,484.176,2019_yk_201,Yukon,2019,0.713585182524408,0.361982354652869,-5.4432397436587e-4,669.536937808973,819.632814763434,1295.328,0.720456197844027,377.02798078306307
463,242.612,0.713165252733329,0.365795589763338,485.224,2019_yk_201,Yukon,2019,0.713598430487918,0.361467887155389,-5.1446749748013e-4,669.536937808973,819.632814763434,1295.328,0.720456197844027,377.02798078306307
464,243.136,0.715117912671677,0.358731620742816,486.272,2019_yk_201,Yukon,2019,0.713620964302735,0.361000845459239,-4.6704169615013e-4,669.536937808973,819.632814763434,1295.328,0.720456197844027,377.02798078306307
465,243.66,0.714373887108847,0.359085283987755,487.32,2019_yk_201,Yukon,2019,0.713612517516259,0.360495013988893,-5.0583147034621e-4,669.536937808973,819.632814763434,1295.328,0.720456197844027,377.02798078306307
466,244.184,0.716840122549024,0.356147773646496,488.368,2019_yk_201,Yukon,2019,0.713693252937066,0.360004193257057,-4.9082073183526e-4,669.536937808973,819.632814763434,1295.328,0.720456197844027,377.02798078306307
467,244.708,0.712507312795261,0.356774289795297,489.416,2019_yk_201,Yukon,2019,0.713756377417269,0.35954524031453,-4.5895294252695e-4,669.536937808973,819.632814763434,1295.328,0.720456197844027,377.02798078306307
468,245.232,0.714883027163897,0.354054086324387,490.464,2019_yk_201,Yukon,2019,0.713840524298522,0.359090721136376,-4.5451917815481e-4,669.536937808973,819.632814763434,1295.328,0.720456197844027,377.02798078306307
469,245.756,0.715613979513834,0.357923208637995,491.512,2019_yk_201,Yukon,2019,0.713792741721775,0.358814116997811,-2.7660413856434e-4,669.536937808973,819.632814763434,1295.328,0.720456197844027,377.02798078306307
470,246.28,0.714313662528265,0.356393645515397,492.56,2019_yk_201,Yukon,2019,0.713828997191204,0.358440300930761,-3.7381606705061e-4,669.536937808973,819.632814763434,1295.328,0.720456197844027,377.02798078306307
471,246.804,0.712761411250051,0.354271068722918,493.608,2019_yk_201,Yukon,2019,0.713850422837814,0.35807697188882,-3.6332904194069e-4,669.536937808973,819.632814763434,1295.328,0.720456197844027,377.02798078306307
472,247.328,0.713182598752316,0.355313869854705,494.656,2019_yk_201,Yukon,2019,0.713921667758515,0.357652795110778,-4.241767780424e-4,669.536937808973,819.632814763434,1295.328,0.720456197844027,377.02798078306307
473,247.852,0.714998040161396,0.352668962479351,495.704,2019_yk_201,Yukon,2019,0.713932442788465,0.357409671036681,-2.4312407409687e-4,669.536937808973,819.632814763434,1295.328,0.720456197844027,377.02798078306307
474,248.376,0.714425179414282,0.360996908575759,496.752,2019_yk_201,Yukon,2019,0.714005613357024,0.356875666410361,-5.3400462631947e-4,669.536937808973,819.632814763434,1295.328,0.720456197844027,377.02798078306307
475,248.9,0.715700209248624,0.356243601663358,497.8,2019_yk_201,Yukon,2019,0.714021992905928,0.356439010744972,-4.3665566538903e-4,669.536937808973,819.632814763434,1295.328,0.720456197844027,377.02798078306307
476,249.424,0.712616987913919,0.349871206500317,498.848,2019_yk_201,Yukon,2019,0.714061798354709,0.356055078467671,-3.8393227730143e-4,669.536937808973,819.632814763434,1295.328,0.720456197844027,377.02798078306307
477,249.948,0.710764932689493,0.351456244539673,499.896,2019_yk_201,Yukon,2019,0.71404780133369,0.355745762579289,-3.0931588838212e-4,669.536937808973,819.632814763434,1295.328,0.720456197844027,377.02798078306307
478,250.472,0.712562661447836,0.345781375442979,500.944,2019_yk_201,Yukon,2019,0.714104863705419,0.355523910493377,-2.2185208591174e-4,669.536937808973,819.632814763434,1295.328,0.720456197844027,377.02798078306307
479,250.996,0.714204553159809,0.345187722450588,501.992,2019_yk_201,Yukon,2019,0.714160616050906,0.355494373215135,-2.95372782417869e-5,669.536937808973,819.632814763434,1295.328,0.720456197844027,377.02798078306307
480,251.52,0.71584391342059694,0.347090024871731,503.04,2019_yk_201,Yukon,2019,0.714205882827436,0.355285172204855,-2.0920101027993e-4,669.536937808973,819.632814763434,1295.328,0.720456197844027,377.02798078306307
481,252.044,0.713817855611912,0.343741853328741,504.088,2019_yk_201,Yukon,2019,0.714221839634949,0.355040333782925,-2.4483842193029e-4,669.536937808973,819.632814763434,1295.328,0.720456197844027,377.02798078306307
482,252.568,0.716616369809334,0.345828680375712,505.136,2019_yk_201,Yukon,2019,0.714254489938127,0.354809511458789,-2.3082232413618e-4,669.536937808973,819.632814763434,1295.328,0.720456197844027,377.02798078306307
483,253.092,0.711982687200123,0.343262793924452,506.184,2019_yk_201,Yukon,2019,0.714233985574915,0.354456299648085,-3.5321181070402e-4,669.536937808973,819.632814763434,1295.328,0.720456197844027,377.02798078306307
484,253.616,0.713263723752667,0.340978741671051,507.232,2019_yk_201,Yukon,2019,0.71424697447594,0.354085385107474,-3.7091454061094e-4,669.536937808973,819.632814763434,1295.328,0.720456197844027,377.02798078306307
485,254.14,0.717230468315355,0.341160284597519,508.28,2019_yk_201,Yukon,2019,0.714297184507409,0.353812786670528,-2.7259843694599e-4,669.536937808973,819.632814763434,1295.328,0.720456197844027,377.02798078306307
486,254.664,0.713829637430068,0.341552058468326,509.328,2019_yk_201,Yukon,2019,0.714374412741744,0.353604129198504,-2.0865747202342e-4,669.536937808973,819.632814763434,1295.328,0.720456197844027,377.02798078306307
487,255.188,0.71720956492337,0.345353213895112,510.376,2019_yk_201,Yukon,2019,0.714418350491346,0.353188660790046,-4.1546840845846e-4,669.536937808973,819.632814763434,1295.328,0.720456197844027,377.02798078306307
488,255.712,0.714107166885412,0.345080930348335,511.424,2019_yk_201,Yukon,2019,0.714526627074003,0.353164111427215,-2.45493628305282e-5,669.536937808973,819.632814763434,1295.328,0.720456197844027,377.02798078306307
489,256.236,0.71523220105831,0.345791671059227,512.472,2019_yk_201,Yukon,2019,0.714565579524631,0.353052098377023,-1.120130501927e-4,669.536937808973,819.632814763434,1295.328,0.720456197844027,377.02798078306307
490,256.76,0.710825509849456,0.34841962812276,513.52,2019_yk_201,Yukon,2019,0.714644232582118,0.352866071504563,-1.8602687245994e-4,669.536937808973,819.632814763434,1295.328,0.720456197844027,377.02798078306307
491,257.284,0.716515823187076,0.355162568467397,514.568,2019_yk_201,Yukon,2019,0.714688875954527,0.352830392506349,-3.56789982132732e-5,669.536937808973,819.632814763434,1295.328,0.720456197844027,377.02798078306307
492,257.808,0.712880081150448,0.353375031060853,515.616,2019_yk_201,Yukon,2019,0.714785889497022,0.352733106933808,-9.72855725413502e-5,669.536937808973,819.632814763434,1295.328,0.720456197844027,377.02798078306307
493,258.332,0.71562957979897,0.353502894537678,516.664,2019_yk_201,Yukon,2019,0.714795267540729,0.3525175524633,-2.1555447050847e-4,669.536937808973,819.632814763434,1295.328,0.720456197844027,377.02798078306307
494,258.856,0.71363759477255,0.352941013580688,517.712,2019_yk_201,Yukon,2019,0.714851138444299,0.352391577352887,-1.2597511041223e-4,669.536937808973,819.632814763434,1295.328,0.720456197844027,377.02798078306307
495,259.38,0.713066781400237,0.35241008434958,518.76,2019_yk_201,Yukon,2019,0.714884471341622,0.352283545963804,-1.0803138908299e-4,669.536937808973,819.632814763434,1295.328,0.720456197844027,377.02798078306307
496,259.904,0.714431215940235,0.351996221468652,519.808,2019_yk_201,Yukon,2019,0.714855819034363,0.352225114742031,-5.84312217735694e-5,669.536937808973,819.632814763434,1295.328,0.720456197844027,377.02798078306307
497,260.428,0.715296908601136,0.34913960310485,520.856,2019_yk_201,Yukon,2019,0.71488260015342,0.352322244240586,9.71294985550597e-5,669.536937808973,819.632814763434,1295.328,0.720456197844027,377.02798078306307
498,260.952,0.717445962237983,0.350067165800723,521.904,2019_yk_201,Yukon,2019,0.714880689770998,0.352535790578311,2.1354633772552e-4,669.536937808973,819.632814763434,1295.328,0.720456197844027,377.02798078306307
499,261.476,0.712746180403932,0.355902511956427,522.952,2019_yk_201,Yukon,2019,0.714868230047995,0.352517294154854,-1.84964234570262e-5,669.536937808973,819.632814763434,1295.328,0.720456197844027,377.02798078306307
500,262,0.716595601643488,0.3558745810779,524,2019_yk_201,Yukon,2019,0.714862286460477,0.352600739078727,8.34449238724666e-5,669.536937808973,819.632814763434,1295.328,0.720456197844027,377.02798078306307
501,262.524,0.715504374178223,0.353631950419273,525.048,2019_yk_201,Yukon,2019,0.715018556321262,0.352620040825176,1.93017464490963e-5,669.536937808973,819.632814763434,1295.328,0.720456197844027,377.02798078306307
502,263.048,0.715822294397604,0.35384801815255,526.096,2019_yk_201,Yukon,2019,0.714999834953723,0.35254196995664,-7.8070868536062e-5,669.536937808973,819.632814763434,1295.328,0.720456197844027,377.02798078306307
503,263.572,0.715952199141288,0.357858403302007,527.144,2019_yk_201,Yukon,2019,0.715078088616327,0.352565715361936,2.37454052957053e-5,669.536937808973,819.632814763434,1295.328,0.720456197844027,377.02798078306307
504,264.096,0.716645009143729,0.349070510831945,528.192,2019_yk_201,Yukon,2019,0.715132433908491,0.352465689852873,-1.0002550906296e-4,669.536937808973,819.632814763434,1295.328,0.720456197844027,377.02798078306307
505,264.62,0.71491816120267,0.353839932319427,529.24,2019_yk_201,Yukon,2019,0.715123933777051,0.352393264425195,-7.24254276779357e-5,669.536937808973,819.632814763434,1295.328,0.720456197844027,377.02798078306307
506,265.144,0.715051487137338,0.355742197766676,530.288,2019_yk_201,Yukon,2019,0.715183471974931,0.352305419097052,-8.78453281430436e-5,669.536937808973,819.632814763434,1295.328,0.720456197844027,377.02798078306307
507,265.668,0.714172733154551,0.358385888646269,531.336,2019_yk_201,Yukon,2019,0.71530282417237,0.352299474288226,-5.9448088258196e-6,669.536937808973,819.632814763434,1295.328,0.720456197844027,377.02798078306307
508,266.192,0.716659514301206,0.358449325790514,532.384,2019_yk_201,Yukon,2019,0.715392933780901,0.352493478353156,1.940040649298e-4,669.536937808973,819.632814763434,1295.328,0.720456197844027,377.02798078306307
509,266.716,0.71484353921677,0.368531521384806,533.432,2019_yk_201,Yukon,2019,0.715405267706723,0.352704400320528,2.1092196737249e-4,669.536937808973,819.632814763434,1295.328,0.720456197844027,377.02798078306307
510,267.24,0.71215466080436,0.354468005279003,534.48,2019_yk_201,Yukon,2019,0.715410518925879,0.352575293790088,-1.2910653044029e-4,669.536937808973,819.632814763434,1295.328,0.720456197844027,377.02798078306307
511,267.764,0.715381009979543,0.357435022054403,535.528,2019_yk_201,Yukon,2019,0.71545414209245894,0.352444643466063,-1.3065032402492e-4,669.536937808973,819.632814763434,1295.328,0.720456197844027,377.02798078306307
512,268.288,0.712643104523793,0.354049903254043,536.576,2019_yk_201,Yukon,2019,0.715487790305538,0.352373824650588,-7.08188154744382e-5,669.536937808973,819.632814763434,1295.328,0.720456197844027,377.02798078306307
513,268.812,0.713022443101756,0.347073894151515,537.624,2019_yk_201,Yukon,2019,0.715584467577823,0.352136141039691,-2.3768361089771e-4,669.536937808973,819.632814763434,1295.328,0.720456197844027,377.02798078306307
514,269.336,0.715653623002376,0.3478595521226,538.672,2019_yk_201,Yukon,2019,0.715625140481797,0.351895081860847,-2.4105917884381e-4,669.536937808973,819.632814763434,1295.328,0.720456197844027,377.02798078306307
515,269.86,0.716164723960924,0.350888102210918,539.72,2019_yk_201,Yukon,2019,0.715624732543961,0.351696650617123,-1.9843124372354e-4,669.536937808973,819.632814763434,1295.328,0.720456197844027,377.02798078306307
516,270.384,0.716133521461023,0.354360885538613,540.768,2019_yk_201,Yukon,2019,0.715635529949908,0.351511406445499,-1.8524417162413e-4,669.536937808973,819.632814763434,1295.328,0.720456197844027,377.02798078306307
517,270.908,0.714412846110407,0.344849302949173,541.816,2019_yk_201,Yukon,2019,0.715654221800177,0.351250048208239,-2.613582372607e-4,669.536937808973,819.632814763434,1295.328,0.720456197844027,377.02798078306307
518,271.432,0.719030655002288,0.363800803828254,542.864,2019_yk_201,Yukon,2019,0.715698205593642,0.351106724557153,-1.4332365108532e-4,669.536937808973,819.632814763434,1295.328,0.720456197844027,377.02798078306307
519,271.956,0.715475389053171,0.360142155651002,543.912,2019_yk_201,Yukon,2019,0.71574083951255,0.350983335330734,-1.2338922641935e-4,669.536937808973,819.632814763434,1295.328,0.720456197844027,377.02798078306307
520,272.48,0.717432543285571,0.353919120123287,544.96,2019_yk_201,Yukon,2019,0.715838218290392,0.350942133527194,-4.12018035402251e-5,669.536937808973,819.632814763434,1295.328,0.720456197844027,377.02798078306307
521,273.004,0.715634789444137,0.356874641723641,546.008,2019_yk_201,Yukon,2019,0.715836732272075,0.35070039398552,-2.4173954167344e-4,669.536937808973,819.632814763434,1295.328,0.720456197844027,377.02798078306307
522,273.528,0.718208189723974,0.35357926381772,547.056,2019_yk_201,Yukon,2019,0.715863161821069,0.350611368521968,-8.90254635518284e-5,669.536937808973,819.632814763434,1295.328,0.720456197844027,377.02798078306307
523,274.052,0.713727935355745,0.35286232153283,548.104,2019_yk_201,Yukon,2019,0.715906715253556,0.350530615511218,-8.0753010750223e-5,669.536937808973,819.632814763434,1295.328,0.720456197844027,377.02798078306307
524,274.576,0.718470166885863,0.351173114118083,549.152,2019_yk_201,Yukon,2019,0.716022042690354,0.350484012533121,-4.66029780971655e-5,669.536937808973,819.632814763434,1295.328,0.720456197844027,377.02798078306307
525,275.1,0.716373860948279,0.352603400642773,550.2,2019_yk_201,Yukon,2019,0.716090880033558,0.350271366804935,-2.1264572818563e-4,669.536937808973,819.632814763434,1295.328,0.720456197844027,377.02798078306307
526,275.624,0.715120984113467,0.352641900340082,551.248,2019_yk_201,Yukon,2019,0.716191223816002,0.350013342205895,-2.5802459904061e-4,669.536937808973,819.632814763434,1295.328,0.720456197844027,377.02798078306307
527,276.148,0.714114179938694,0.362602059708602,552.296,2019_yk_201,Yukon,2019,0.71626568293244,0.34976926365223,-2.4407855366498e-4,669.536937808973,819.632814763434,1295.328,0.720456197844027,377.02798078306307
528,276.672,0.714768404218559,0.366866866587919,553.344,2019_yk_201,Yukon,2019,0.716250317682676,0.349481080318851,-2.8818333337882e-4,669.536937808973,819.632814763434,1295.328,0.720456197844027,377.02798078306307
529,277.196,0.714866396133628,0.356813423230578,554.392,2019_yk_201,Yukon,2019,0.716311197362655,0.349039554903939,-4.4152541491154e-4,669.536937808973,819.632814763434,1295.328,0.720456197844027,377.02798078306307
530,277.72,0.71395704727723,0.361400340947743,555.44,2019_yk_201,Yukon,2019,0.716329486862583,0.348615482243406,-4.2407266053368e-4,669.536937808973,819.632814763434,1295.328,0.720456197844027,377.02798078306307
531,278.244,0.722137602897107,0.355429173509862,556.488,2019_yk_201,Yukon,2019,0.716409530104147,0.348233416358018,-3.8206588538786e-4,669.536937808973,819.632814763434,1295.328,0.720456197844027,377.02798078306307
532,278.768,0.712059316699999,0.350629617742542,557.536,2019_yk_201,Yukon,2019,0.716395634152533,0.347866357806881,-3.6705855113661e-4,669.536937808973,819.632814763434,1295.328,0.720456197844027,377.02798078306307
533,279.292,0.719693259917612,0.354093686797096,558.584,2019_yk_201,Yukon,2019,0.716387725532935,0.347300845111857,-5.6551269502463e-4,669.536937808973,819.632814763434,1295.328,0.720456197844027,377.02798078306307
534,279.816,0.717685896944151,0.354995378031982,559.632,2019_yk_201,Yukon,2019,0.716374652284859,0.346779369583821,-5.2147552803527e-4,669.536937808973,819.632814763434,1295.328,0.720456197844027,377.02798078306307
535,280.34,0.715190201362207,0.351898076002681,560.68,2019_yk_201,Yukon,2019,0.716367852922045,0.346170904324729,-6.0846525909275e-4,669.536937808973,819.632814763434,1295.328,0.720456197844027,377.02798078306307
536,280.864,0.716189279786716,0.344600486811734,561.728,2019_yk_201,Yukon,2019,0.716398219747202,0.345538069161609,-6.3283516311951e-4,669.536937808973,819.632814763434,1295.328,0.720456197844027,377.02798078306307
537,281.388,0.717926064535847,0.351099556010122,562.776,2019_yk_201,Yukon,2019,0.716456690852431,0.344992763750526,-5.4530541108288e-4,669.536937808973,819.632814763434,1295.328,0.720456197844027,377.02798078306307
538,281.912,0.717969237959682,0.35742161933877,563.824,2019_yk_201,Yukon,2019,0.71655408522509,0.344534967832342,-4.5779591818417e-4,669.536937808973,819.632814763434,1295.328,0.720456197844027,377.02798078306307
539,282.436,0.714944588709157,0.357843040492937,564.872,2019_yk_201,Yukon,2019,0.716556456023943,0.343838145110041,-6.9682272230131e-4,669.536937808973,819.632814763434,1295.328,0.720456197844027,377.02798078306307
540,282.96,0.716158986569955,0.339343633045312,565.92,2019_yk_201,Yukon,2019,0.716632926912663,0.343348361029232,-4.8978408080885e-4,669.536937808973,819.632814763434,1295.328,0.720456197844027,377.02798078306307
541,283.484,0.716435245606708,0.335902833887246,566.968,2019_yk_201,Yukon,2019,0.716709029794167,0.342730787527134,-6.1757350209817e-4,669.536937808973,819.632814763434,1295.328,0.720456197844027,377.02798078306307
542,284.008,0.718635262594054,0.341579551447244,568.016,2019_yk_201,Yukon,2019,0.716792777928356,0.342149296283876,-5.8149124325779e-4,669.536937808973,819.632814763434,1295.328,0.720456197844027,377.02798078306307
543,284.532,0.717783323537249,0.32900177727059,569.064,2019_yk_201,Yukon,2019,0.716881869004336,0.341775027829757,-3.7426845411914e-4,669.536937808973,819.632814763434,1295.328,0.720456197844027,377.02798078306307
544,285.056,0.715704097991086,0.326515190940421,570.112,2019_yk_201,Yukon,2019,0.716906683820199,0.341172678945693,-6.0234888406396e-4,669.536937808973,819.632814763434,1295.328,0.720456197844027,377.02798078306307
545,285.58,0.717205992045199,0.329254409974108,571.16,2019_yk_201,Yukon,2019,0.716971585292554,0.340543636261663,-6.2904268403013e-4,669.536937808973,819.632814763434,1295.328,0.720456197844027,377.02798078306307
546,286.104,0.714477481786909,0.330437408170877,572.208,2019_yk_201,Yukon,2019,0.717037650499288,0.339804191072214,-7.3944518944824e-4,669.536937808973,819.632814763434,1295.328,0.720456197844027,377.02798078306307
547,286.628,0.718331075939463,0.329671719659468,573.256,2019_yk_201,Yukon,2019,0.717074932661593,0.33921011129301,-5.9407977920417e-4,669.536937808973,819.632814763434,1295.328,0.720456197844027,377.02798078306307
548,287.152,0.716746194493353,0.336481511283215,574.304,2019_yk_201,Yukon,2019,0.717068638913744,0.338273307936389,-9.3680335662077e-4,669.536937808973,819.632814763434,1295.328,0.720456197844027,377.02798078306307
549,287.676,0.717790236192781,0.338388317474065,575.352,2019_yk_201,Yukon,2019,0.717137921603387,0.337501309150437,-7.7199878595257e-4,669.536937808973,819.632814763434,1295.328,0.720456197844027,377.02798078306307
550,288.2,0.716668236519954,0.345947519910346,576.4,2019_yk_201,Yukon,2019,0.71713591464423,0.336764718581815,-7.3659056862146e-4,669.536937808973,819.632814763434,1295.328,0.720456197844027,377.02798078306307
551,288.724,0.716426662088067,0.340658195966988,577.448,2019_yk_201,Yukon,2019,0.717216128747276,0.336216928059321,-5.4779052249465e-4,669.536937808973,819.632814763434,1295.328,0.720456197844027,377.02798078306307
552,289.248,0.714465854090083,0.348033503247746,578.496,2019_yk_201,Yukon,2019,0.717229568602416,0.335946358312924,-2.705697463971e-4,669.536937808973,819.632814763434,1295.328,0.720456197844027,377.02798078306307
553,289.772,0.718242785748177,0.348657713892667,579.544,2019_yk_201,Yukon,2019,0.717325336214364,0.335770435118334,-1.7592319458936e-4,669.536937808973,819.632814763434,1295.328,0.720456197844027,377.02798078306307
554,290.296,0.720557240980458,0.350144834894857,580.592,2019_yk_201,Yukon,2019,0.717367696112733,0.335550082000787,-2.2035311754686e-4,669.536937808973,819.632814763434,1295.328,0.720456197844027,377.02798078306307
555,290.82,0.717197021992485,0.339651340658443,581.64,2019_yk_201,Yukon,2019,0.717408138123563,0.335361482606924,-1.8859939386339e-4,669.536937808973,819.632814763434,1295.328,0.720456197844027,377.02798078306307
556,291.344,0.720451842886876,0.336514745526214,582.688,2019_yk_201,Yukon,2019,0.717466876649991,0.335221214829577,-1.4026777734732e-4,669.536937808973,819.632814763434,1295.328,0.720456197844027,377.02798078306307
557,291.868,0.719764455587406,0.334494889884949,583.736,2019_yk_201,Yukon,2019,0.71754696246185,0.33503513537987,-1.8607944970705e-4,669.536937808973,819.632814763434,1295.328,0.720456197844027,377.02798078306307
558,292.392,0.716524047252145,0.332776165797996,584.784,2019_yk_201,Yukon,2019,0.71764588462493,0.334700033933923,-3.3510144594672e-4,669.536937808973,819.632814763434,1295.328,0.720456197844027,377.02798078306307
559,292.916,0.716398961202692,0.329410987061734,585.832,2019_yk_201,Yukon,2019,0.717679191032626,0.33448765195809,-2.1238197583273e-4,669.536937808973,819.632814763434,1295.328,0.720456197844027,377.02798078306307
560,293.44,0.71769297163917,0.330430221445878,586.88,2019_yk_201,Yukon,2019,0.717756301953768,0.334301039230852,-1.8661272723857e-4,669.536937808973,819.632814763434,1295.328,0.720456197844027,377.02798078306307
561,293.964,0.720306968672039,0.330707997296001,587.928,2019_yk_201,Yukon,2019,0.717705062188079,0.334207863715404,-9.31755154471303e-5,669.536937808973,819.632814763434,1295.328,0.720456197844027,377.02798078306307
562,294.488,0.714988537300749,0.331824505084355,588.976,2019_yk_201,Yukon,2019,0.717827751021662,0.334265765529134,5.79018137292775e-5,669.536937808973,819.632814763434,1295.328,0.720456197844027,377.02798078306307
563,295.012,0.715477681965397,0.323927641600526,590.024,2019_yk_201,Yukon,2019,0.717851277598028,0.334380945258866,1.1517972973218e-4,669.536937808973,819.632814763434,1295.328,0.720456197844027,377.02798078306307
564,295.536,0.715860614259179,0.31778197914983,591.072,2019_yk_201,Yukon,2019,0.717897234199789,0.33449121006585,1.1026480698372e-4,669.536937808973,819.632814763434,1295.328,0.720456197844027,377.02798078306307
565,296.06,0.714510199433814,0.31733201677386,592.12,2019_yk_201,Yukon,2019,0.717974576649197,0.334720756429031,2.2954636318095e-4,669.536937808973,819.632814763434,1295.328,0.720456197844027,377.02798078306307
566,296.584,0.716873496646783,0.317772087979504,593.168,2019_yk_201,Yukon,2019,0.71801996064276,0.334995089764678,2.7433333564791e-4,669.536937808973,819.632814763434,1295.328,0.720456197844027,377.02798078306307
567,297.108,0.717680999468313,0.325667563981294,594.216,2019_yk_201,Yukon,2019,0.718047968654965,0.335248523609058,2.5343384437909e-4,669.536937808973,819.632814763434,1295.328,0.720456197844027,377.02798078306307
568,297.632,0.722503176660718,0.330981570699465,595.264,2019_yk_201,Yukon,2019,0.718084518234273,0.335307290231697,5.8766622639872e-5,669.536937808973,819.632814763434,1295.328,0.720456197844027,377.02798078306307
569,298.156,0.714985787147991,0.326722158046727,596.312,2019_yk_201,Yukon,2019,0.718145253314745,0.335331629659223,2.43394275257769e-5,669.536937808973,819.632814763434,1295.328,0.720456197844027,377.02798078306307
570,298.68,0.716742914127507,0.325080960430468,597.36,2019_yk_201,Yukon,2019,0.71820283081264,0.335646970012372,3.153403531485e-4,669.536937808973,819.632814763434,1295.328,0.720456197844027,377.02798078306307
571,299.204,0.719947182869805,0.320380611928512,598.408,2019_yk_201,Yukon,2019,0.718288509537008,0.336041939655941,3.9496964356922e-4,669.536937808973,819.632814763434,1295.328,0.720456197844027,377.02798078306307
572,299.728,0.717667992575137,0.319160428658577,599.456,2019_yk_201,Yukon,2019,0.718335453083562,0.336209872729653,1.6793307371193e-4,669.536937808973,819.632814763434,1295.328,0.720456197844027,377.02798078306307
573,300.252,0.71836790766054,0.324617786904366,600.504,2019_yk_201,Yukon,2019,0.718410252070473,0.336483569602446,2.7369687279299e-4,669.536937808973,819.632814763434,1295.328,0.720456197844027,377.02798078306307
574,300.776,0.717142511954166,0.311718619078759,601.552,2019_yk_201,Yukon,2019,0.718494991163624,0.336940143746958,4.5657414451177e-4,669.536937808973,819.632814763434,1295.328,0.720456197844027,377.02798078306307
575,301.3,0.720058812302219,0.313145541169113,602.6,2019_yk_201,Yukon,2019,0.718540504554636,0.337389372234715,4.4922848775741e-4,669.536937808973,819.632814763434,1295.328,0.720456197844027,377.02798078306307
576,301.824,0.720097433865052,0.309994174171718,603.648,2019_yk_201,Yukon,2019,0.71855340486387,0.337701279795833,3.1190756111759e-4,669.536937808973,819.632814763434,1295.328,0.720456197844027,377.02798078306307
577,302.348,0.716649775848747,0.309204516196924,604.696,2019_yk_201,Yukon,2019,0.718532692385924,0.338107364408125,4.0608461229285e-4,669.536937808973,819.632814763434,1295.328,0.720456197844027,377.02798078306307
578,302.872,0.718653030131336,0.307592602431008,605.744,2019_yk_201,Yukon,2019,0.718525608725258,0.338313949695473,2.0658528734779e-4,669.536937808973,819.632814763434,1295.328,0.720456197844027,377.02798078306307
579,303.396,0.719632350431747,0.313822228493847,606.792,2019_yk_201,Yukon,2019,0.718569283077563,0.338623886197256,3.0993650178223e-4,669.536937808973,819.632814763434,1295.328,0.720456197844027,377.02798078306307
580,303.92,0.717312125736109,0.309723686005997,607.84,2019_yk_201,Yukon,2019,0.718629332893496,0.338743821333523,1.1993513626706e-4,669.536937808973,819.632814763434,1295.328,0.720456197844027,377.02798078306307
581,304.444,0.720447635626938,0.324007210373961,608.888,2019_yk_201,Yukon,2019,0.718663847387136,0.338902600137203,1.5877880367998e-4,669.536937808973,819.632814763434,1295.328,0.720456197844027,377.02798078306307
582,304.968,0.719014581032367,0.337345079033895,609.936,2019_yk_201,Yukon,2019,0.718728277876835,0.338822047123468,-8.05530137344412e-5,669.536937808973,819.632814763434,1295.328,0.720456197844027,377.02798078306307
583,305.492,0.719473992072605,0.342306929857467,610.984,2019_yk_201,Yukon,2019,0.718831236858394,0.338745325049213,-7.67220742548536e-5,669.536937808973,819.632814763434,1295.328,0.720456197844027,377.02798078306307
584,306.016,0.721011760788017,0.337951927065273,612.032,2019_yk_201,Yukon,2019,0.71884583787245,0.338699028851692,-4.62961975211673e-5,669.536937808973,819.632814763434,1295.328,0.720456197844027,377.02798078306307
585,306.54,0.718800381598099,0.341287437010968,613.08,2019_yk_201,Yukon,2019,0.71890308794231,0.33874368170285,4.46528511579558e-5,669.536937808973,819.632814763434,1295.328,0.720456197844027,377.02798078306307
586,307.064,0.718645295699154,0.344225833699242,614.128,2019_yk_201,Yukon,2019,0.718914684694858,0.338920650207351,1.7696850450105e-4,669.536937808973,819.632814763434,1295.328,0.720456197844027,377.02798078306307
587,307.588,0.718919328650221,0.351437292726181,615.176,2019_yk_201,Yukon,2019,0.718953407584843,0.33902866351658,1.080133092291e-4,669.536937808973,819.632814763434,1295.328,0.720456197844027,377.02798078306307
588,308.112,0.720703734003365,0.346760779831114,616.224,2019_yk_201,Yukon,2019,0.718999871800715,0.339178849039079,1.501855224989e-4,669.536937808973,819.632814763434,1295.328,0.720456197844027,377.02798078306307
589,308.636,0.716864780595382,0.344070504680615,617.272,2019_yk_201,Yukon,2019,0.719037882697118,0.339473824142701,2.9497510362214e-4,669.536937808973,819.632814763434,1295.328,0.720456197844027,377.02798078306307
590,309.16,0.718583702545722,0.35020357731343,618.32,2019_yk_201,Yukon,2019,0.719036570695149,0.339631340521739,1.5751637903749e-4,669.536937808973,819.632814763434,1295.328,0.720456197844027,377.02798078306307
591,309.684,0.719063216955754,0.349838642583035,619.368,2019_yk_201,Yukon,2019,0.719065148017448,0.339886578280373,2.5523775863384e-4,669.536937808973,819.632814763434,1295.328,0.720456197844027,377.02798078306307
592,310.208,0.71942064671500106,0.354103726566297,620.416,2019_yk_201,Yukon,2019,0.71914201348189,0.340077535737667,1.9095745729469e-4,669.536937808973,819.632814763434,1295.328,0.720456197844027,377.02798078306307
593,310.732,0.721104854499588,0.361004470581026,621.464,2019_yk_201,Yukon,2019,0.719218191603709,0.340400505574234,3.2296983656676e-4,669.536937808973,819.632814763434,1295.328,0.720456197844027,377.02798078306307
594,311.256,0.720443293049829,0.361611266451007,622.512,2019_yk_201,Yukon,2019,0.719296450845683,0.34093979370584,5.3928813160625e-4,669.536937808973,819.632814763434,1295.328,0.720456197844027,377.02798078306307
595,311.78,0.719830748326643,0.365670857793539,623.56,2019_yk_201,Yukon,2019,0.71934264937577,0.341341989294214,4.0219558837378e-4,669.536937808973,819.632814763434,1295.328,0.720456197844027,377.02798078306307
596,312.304,0.718912319400535,0.361060486950609,624.608,2019_yk_201,Yukon,2019,0.719357988824579,0.341802550939183,4.605616449691e-4,669.536937808973,819.632814763434,1295.328,0.720456197844027,377.02798078306307
597,312.828,0.719606545268154,0.36630558667287,625.656,2019_yk_201,Yukon,2019,0.719410815726198,0.342116584736233,3.1403379705019e-4,669.536937808973,819.632814763434,1295.328,0.720456197844027,377.02798078306307
598,313.352,0.720162212718117,0.360947616697162,626.704,2019_yk_201,Yukon,2019,0.719422302882321,0.342323618146409,2.0703341017541e-4,669.536937808973,819.632814763434,1295.328,0.720456197844027,377.02798078306307
599,313.876,0.718588693537499,0.35930340614448403,627.752,2019_yk_201,Yukon,2019,0.719537679828401,0.34267200758493,3.483894385215e-4,669.536937808973,819.632814763434,1295.328,0.720456197844027,377.02798078306307
600,314.4,0.719613636443659,0.358264054234226,628.8,2019_yk_201,Yukon,2019,0.719542728497042,0.3430124747776,3.4046719267e-4,669.536937808973,819.632814763434,1295.328,0.720456197844027,377.02798078306307
601,314.924,0.721575969068792,0.359601012501398,629.848,2019_yk_201,Yukon,2019,0.71955779335339,0.343483727319717,4.7125254211627e-4,669.536937808973,819.632814763434,1295.328,0.720456197844027,377.02798078306307
602,315.448,0.721451875387273,0.351655535869959,630.896,2019_yk_201,Yukon,2019,0.719617317709453,0.344200559745553,7.168324258362e-4,669.536937808973,819.632814763434,1295.328,0.720456197844027,377.02798078306307
603,315.972,0.722271262751932,0.345423589638173,631.944,2019_yk_201,Yukon,2019,0.719596047301285,0.344700569630166,5.0000988461285e-4,669.536937808973,819.632814763434,1295.328,0.720456197844027,377.02798078306307
604,316.496,0.720788443580123,0.353909639611125,632.992,2019_yk_201,Yukon,2019,0.719667963883082,0.345428706608445,7.2813697827917e-4,669.536937808973,819.632814763434,1295.328,0.720456197844027,377.02798078306307
605,317.02,0.719936795505906,0.356208119239555,634.04,2019_yk_201,Yukon,2019,0.719638758684056,0.346214040666336,7.8533405789099e-4,669.536937808973,819.632814763434,1295.328,0.720456197844027,377.02798078306307
606,317.544,0.715251500340948,0.34915186183793,635.088,2019_yk_201,Yukon,2019,0.719613744252033,0.346988119661999,7.7407899566317e-4,669.536937808973,819.632814763434,1295.328,0.720456197844027,377.02798078306307
607,318.068,0.717088327262712,0.354036796397037,636.136,2019_yk_201,Yukon,2019,0.719669309190911,0.347784392278331,7.9627261633191e-4,669.536937808973,819.632814763434,1295.328,0.720456197844027,377.02798078306307
608,318.592,0.716321174853418,0.348876628524081,637.184,2019_yk_201,Yukon,2019,0.719727480836094,0.348536134591947,7.5174231361646e-4,669.536937808973,819.632814763434,1295.328,0.720456197844027,377.02798078306307
609,319.116,0.720410697331071,0.356984507581001,638.232,2019_yk_201,Yukon,2019,0.71979161369187,0.349225903244348,6.8976865240066e-4,669.536937808973,819.632814763434,1295.328,0.720456197844027,377.02798078306307
610,319.64,0.720271225475908,0.353143628086369,639.28,2019_yk_201,Yukon,2019,0.719840681107864,0.350067064692741,8.4116144839296e-4,669.536937808973,819.632814763434,1295.328,0.720456197844027,377.02798078306307
611,320.164,0.718497531706512,0.350184924187792,640.328,2019_yk_201,Yukon,2019,0.719849520717024,0.350593863436882,5.2679874414102e-4,669.536937808973,819.632814763434,1295.328,0.720456197844027,377.02798078306307
612,320.688,0.718331683472015,0.34320032242368,641.376,2019_yk_201,Yukon,2019,0.719892140220376,0.351047311069582,4.5344763269994e-4,669.536937808973,819.632814763434,1295.328,0.720456197844027,377.02798078306307
613,321.212,0.724420324641696,0.344054389437374,642.424,2019_yk_201,Yukon,2019,0.719889590924958,0.35135550612804,3.0819505845791e-4,669.536937808973,819.632814763434,1295.328,0.720456197844027,377.02798078306307
614,321.736,0.721433301823853,0.34736706304359,643.472,2019_yk_201,Yukon,2019,0.719848984507956,0.3517295417658,3.7403563776028e-4,669.536937808973,819.632814763434,1295.328,0.720456197844027,377.02798078306307
615,322.26,0.720632026184036,0.342330511727919,644.52,2019_yk_201,Yukon,2019,0.71984906768589,0.352144118045603,4.1457627980262e-4,669.536937808973,819.632814763434,1295.328,0.720456197844027,377.02798078306307
616,322.784,0.721147648039757,0.347132855796276,645.568,2019_yk_201,Yukon,2019,0.719825071771265,0.352561887338912,4.1776929330938e-4,669.536937808973,819.632814763434,1295.328,0.720456197844027,377.02798078306307
617,323.308,0.72208782898656,0.340975688438696,646.616,2019_yk_201,Yukon,2019,0.71988337606647,0.352882795628795,3.2090828988296e-4,669.536937808973,819.632814763434,1295.328,0.720456197844027,377.02798078306307
618,323.832,0.719311900204436,0.341787297147927,647.664,2019_yk_201,Yukon,2019,0.719879517007602,0.353143447879184,2.6065225038879e-4,669.536937808973,819.632814763434,1295.328,0.720456197844027,377.02798078306307
619,324.356,0.718679614986861,0.347109493279064,648.712,2019_yk_201,Yukon,2019,0.719904742235182,0.353513340856842,3.6989297765799e-4,669.536937808973,819.632814763434,1295.328,0.720456197844027,377.02798078306307
620,324.88,0.717614251521065,0.339881204188128,649.76,2019_yk_201,Yukon,2019,0.719933001290087,0.353730611229874,2.1727037303237e-4,669.536937808973,819.632814763434,1295.328,0.720456197844027,377.02798078306307
621,325.404,0.72202160800997806,0.346022262814029,650.808,2019_yk_201,Yukon,2019,0.720002848644552,0.354052125218585,3.2151398871022e-4,669.536937808973,819.632814763434,1295.328,0.720456197844027,377.02798078306307
622,325.928,0.719600465167236,0.343281952522037,651.856,2019_yk_201,Yukon,2019,0.720022456949592,0.354287840760042,2.3571554145795e-4,669.536937808973,819.632814763434,1295.328,0.720456197844027,377.02798078306307
623,326.452,0.720048369274573,0.343305831794534,652.904,2019_yk_201,Yukon,2019,0.720033789754142,0.354429110105798,1.412693457552e-4,669.536937808973,819.632814763434,1295.328,0.720456197844027,377.02798078306307
624,326.976,0.720556168777608,0.350139267046203,653.952,2019_yk_201,Yukon,2019,0.720034789951364,0.354583918450564,1.5480834476594e-4,669.536937808973,819.632814763434,1295.328,0.720456197844027,377.02798078306307
625,327.5,0.717282111239048,0.341463752076288,655,2019_yk_201,Yukon,2019,0.720024841147205,0.354620702506351,3.67840557877752e-5,669.536937808973,819.632814763434,1295.328,0.720456197844027,377.02798078306307
626,328.024,0.717793863575295,0.34540578667765,656.048,2019_yk_201,Yukon,2019,0.720046698933069,0.354560054712821,-6.06477935306549e-5,669.536937808973,819.632814763434,1295.328,0.720456197844027,377.02798078306307
627,328.548,0.720850613565448,0.344509591804306,657.096,2019_yk_201,Yukon,2019,0.720035490277944,0.354519247321676,-4.08073911452589e-5,669.536937808973,819.632814763434,1295.328,0.720456197844027,377.02798078306307
628,329.072,0.723192406028087,0.343403575309989,658.144,2019_yk_201,Yukon,2019,0.720057993090488,0.354590625999861,7.13786781856851e-5,669.536937808973,819.632814763434,1295.328,0.720456197844027,377.02798078306307
629,329.596,0.721908403912824,0.347625524358019,659.192,2019_yk_201,Yukon,2019,0.720076062846182,0.354690202037672,9.95760378104671e-5,669.536937808973,819.632814763434,1295.328,0.720456197844027,377.02798078306307
630,330.12,0.717045834245959,0.345508991990667,660.24,2019_yk_201,Yukon,2019,0.720073498151501,0.354754766237503,6.45641998311408e-5,669.536937808973,819.632814763434,1295.328,0.720456197844027,377.02798078306307
631,330.644,0.720851074250694,0.348655764455487,661.288,2019_yk_201,Yukon,2019,0.720076755776454,0.354775767376564,2.10011390610054e-5,669.536937808973,819.632814763434,1295.328,0.720456197844027,377.02798078306307
632,331.168,0.721239453938933,0.362170374208747,662.336,2019_yk_201,Yukon,2019,0.7200681256946,0.35489969903866,1.239316620959e-4,669.536937808973,819.632814763434,1295.328,0.720456197844027,377.02798078306307
633,331.692,0.717091683170451,0.354618379981136,663.384,2019_yk_201,Yukon,2019,0.72003084822906,0.35515447968561,2.5478064695072e-4,669.536937808973,819.632814763434,1295.328,0.720456197844027,377.02798078306307
634,332.216,0.721457506861974,0.35540683777551,664.432,2019_yk_201,Yukon,2019,0.720014577081843,0.355263729187508,1.0924950189805e-4,669.536937808973,819.632814763434,1295.328,0.720456197844027,377.02798078306307
635,332.74,0.718306500360638,0.360265584642574,665.48,2019_yk_201,Yukon,2019,0.720026372773267,0.355394142296214,1.3041310870581e-4,669.536937808973,819.632814763434,1295.328,0.720456197844027,377.02798078306307
636,333.264,0.718596567943713,0.35643891391151,666.528,2019_yk_201,Yukon,2019,0.720108420223543,0.355640192713204,2.4605041699016e-4,669.536937808973,819.632814763434,1295.328,0.720456197844027,377.02798078306307
637,333.788,0.719983672181424,0.356980873176839,667.576,2019_yk_201,Yukon,2019,0.72011996011187,0.355824659854287,1.8446714108205e-4,669.536937808973,819.632814763434,1295.328,0.720456197844027,377.02798078306307
638,334.312,0.722143328842315,0.352697141247993,668.624,2019_yk_201,Yukon,2019,0.720235780582717,0.356078913901519,2.5425404723211e-4,669.536937808973,819.632814763434,1295.328,0.720456197844027,377.02798078306307
639,334.836,0.723480321778294,0.355208347637887,669.672,2019_yk_201,Yukon,2019,0.72026332348683,0.356139444617137,6.05307156183454e-5,669.536937808973,819.632814763434,1295.328,0.720456197844027,377.02798078306307
640,335.36,0.720256170695744,0.360193372909577,670.72,2019_yk_201,Yukon,2019,0.720280699400643,0.356278995964981,1.3955134784415e-4,669.536937808973,819.632814763434,1295.328,0.720456197844027,377.02798078306307
641,335.884,0.720978012176553,0.355615135022424,671.768,2019_yk_201,Yukon,2019,0.720309387765031,0.356490624833425,2.1162886844405e-4,669.536937808973,819.632814763434,1295.328,0.720456197844027,377.02798078306307
642,336.408,0.72157175123347606,0.364551936995891,672.816,2019_yk_201,Yukon,2019,0.720334682797771,0.356858926498483,3.6830166505796e-4,669.536937808973,819.632814763434,1295.328,0.720456197844027,377.02798078306307
643,336.932,0.719321034347527,0.360798633364943,673.864,2019_yk_201,Yukon,2019,0.720288359524306,0.357138328597632,2.794020991485e-4,669.536937808973,819.632814763434,1295.328,0.720456197844027,377.02798078306307
644,337.456,0.718575375767909,0.360394065330889,674.912,2019_yk_201,Yukon,2019,0.720290331879523,0.35734320220955,2.048736119179e-4,669.536937808973,819.632814763434,1295.328,0.720456197844027,377.02798078306307
645,337.98,0.718805372274106,0.366162013799124,675.96,2019_yk_201,Yukon,2019,0.720271356288152,0.357673689314851,3.3048710530181e-4,669.536937808973,819.632814763434,1295.328,0.720456197844027,377.02798078306307
646,338.504,0.717205540821648,0.369291991297806,677.008,2019_yk_201,Yukon,2019,0.720270379647961,0.357871004462345,1.9731514749399e-4,669.536937808973,819.632814763434,1295.328,0.720456197844027,377.02798078306307
647,339.028,0.722417586362516,0.37069179011916,678.056,2019_yk_201,Yukon,2019,0.720195148498319,0.358097894399937,2.2688993759162e-4,669.536937808973,819.632814763434,1295.328,0.720456197844027,377.02798078306307
648,339.552,0.720472190471351,0.362399914854444,679.104,2019_yk_201,Yukon,2019,0.720217748104749,0.358278344128532,1.8044972859543e-4,669.536937808973,819.632814763434,1295.328,0.720456197844027,377.02798078306307
649,340.076,0.718378294250178,0.366264083340093,680.152,2019_yk_201,Yukon,2019,0.72024897996935,0.358341771304223,6.34271756904115e-5,669.536937808973,819.632814763434,1295.328,0.720456197844027,377.02798078306307
650,340.6,0.720279245840016,0.363239799695371,681.2,2019_yk_201,Yukon,2019,0.72026772433929,0.35849393280391,1.5216149968677e-4,669.536937808973,819.632814763434,1295.328,0.720456197844027,377.02798078306307
651,341.124,0.723254058223641,0.369129481905649,682.248,2019_yk_201,Yukon,2019,0.72025748386419,0.358614734252749,1.2080144883946e-4,669.536937808973,819.632814763434,1295.328,0.720456197844027,377.02798078306307
652,341.648,0.72059714501739,0.368246659053774,683.296,2019_yk_201,Yukon,2019,0.720300017389899,0.35885666955267,2.4193529992044e-4,669.536937808973,819.632814763434,1295.328,0.720456197844027,377.02798078306307
653,342.172,0.721784822772587,0.369480631326335,684.344,2019_yk_201,Yukon,2019,0.720312301615887,0.358990911919613,1.3424236694381e-4,669.536937808973,819.632814763434,1295.328,0.720456197844027,377.02798078306307
654,342.696,0.720503304883167,0.370899767136965,685.392,2019_yk_201,Yukon,2019,0.720335940543018,0.359030153587804,3.92416681908037e-5,669.536937808973,819.632814763434,1295.328,0.720456197844027,377.02798078306307
655,343.22,0.71923382007709,0.367877901140803,686.44,2019_yk_201,Yukon,2019,0.720408310602292,0.359211983465566,1.8182987776199e-4,669.536937808973,819.632814763434,1295.328,0.720456197844027,377.02798078306307
656,343.744,0.720223786552375,0.35742161933877,687.488,2019_yk_201,Yukon,2019,0.720435452478274,0.359363220372074,1.5123690650764e-4,669.536937808973,819.632814763434,1295.328,0.720456197844027,377.02798078306307
657,344.268,0.718934025960635,0.363857143204153,688.536,2019_yk_201,Yukon,2019,0.720452189489768,0.35955069112884,1.8747075676617e-4,669.536937808973,819.632814763434,1295.328,0.720456197844027,377.02798078306307
658,344.792,0.721512381470766,0.365230337388307,689.584,2019_yk_201,Yukon,2019,0.72040891740086,0.359846339377495,2.9564824865463e-4,669.536937808973,819.632814763434,1295.328,0.720456197844027,377.02798078306307
659,345.316,0.71967287887916,0.365277968413112,690.632,2019_yk_201,Yukon,2019,0.720423862249335,0.360045147588331,1.9880821083673e-4,669.536937808973,819.632814763434,1295.328,0.720456197844027,377.02798078306307
660,345.84,0.71945975476278,0.362137906224094,691.68,2019_yk_201,Yukon,2019,0.720514745163836,0.360310087319544,2.6493973121311e-4,669.536937808973,819.632814763434,1295.328,0.720456197844027,377.02798078306307
661,346.364,0.721771426565993,0.360861080845056,692.728,2019_yk_201,Yukon,2019,0.720486637907227,0.360468088019363,1.5800069981886e-4,669.536937808973,819.632814763434,1295.328,0.720456197844027,377.02798078306307
662,346.888,0.720934070476032,0.359091435595717,693.776,2019_yk_201,Yukon,2019,0.720481522743031,0.360397990979938,-7.009703942501e-5,669.536937808973,819.632814763434,1295.328,0.720456197844027,377.02798078306307
663,347.412,0.720034614819492,0.360710428455216,694.824,2019_yk_201,Yukon,2019,0.720535896031007,0.360677101941269,2.7911096133065e-4,669.536937808973,819.632814763434,1295.328,0.720456197844027,377.02798078306307
664,347.936,0.719812174747142,0.360464609725006,695.872,2019_yk_201,Yukon,2019,0.720501123624898,0.360925215387365,2.4811344609643e-4,669.536937808973,819.632814763434,1295.328,0.720456197844027,377.02798078306307
665,348.46,0.720644536991306,0.364032905761905,696.92,2019_yk_201,Yukon,2019,0.720518266703162,0.361247070273322,3.2185488595687e-4,669.536937808973,819.632814763434,1295.328,0.720456197844027,377.02798078306307
666,348.984,0.720174347357554,0.363914886857341,697.968,2019_yk_201,Yukon,2019,0.720553812782609,0.36165962254731,4.1255227398723e-4,669.536937808973,819.632814763434,1295.328,0.720456197844027,377.02798078306307
667,349.508,0.717780720562299,0.365104824861961,699.016,2019_yk_201,Yukon,2019,0.720530587737844,0.362083628865384,4.2400631807421e-4,669.536937808973,819.632814763434,1295.328,0.720456197844027,377.02798078306307
668,350.032,0.723270403104225,0.36413187135801,700.064,2019_yk_201,Yukon,2019,0.720501842788401,0.362563873030866,4.802441654827e-4,669.536937808973,819.632814763434,1295.328,0.720456197844027,377.02798078306307
669,350.556,0.722063271577856,0.360616350518104,701.112,2019_yk_201,Yukon,2019,0.72044205287426,0.363054417575369,4.9054454450242e-4,669.536937808973,819.632814763434,1295.328,0.720456197844027,377.02798078306307
670,351.08,0.721313780304698,0.361516708957018,702.16,2019_yk_201,Yukon,2019,0.720416439766443,0.363507494931582,4.5307735621308e-4,669.536937808973,819.632814763434,1295.328,0.720456197844027,377.02798078306307
671,351.604,0.720218833569796,0.362882656294437,703.208,2019_yk_201,Yukon,2019,0.720381959477636,0.364122625687002,6.1513075541969e-4,669.536937808973,819.632814763434,1295.328,0.720456197844027,377.02798078306307
672,352.128,0.719849385436429,0.365298422327155,704.256,2019_yk_201,Yukon,2019,0.720384035647839,0.364587911978388,4.652862913862e-4,669.536937808973,819.632814763434,1295.328,0.720456197844027,377.02798078306307
673,352.652,0.721640928233777,0.360818515386285,705.304,2019_yk_201,Yukon,2019,0.720404257597903,0.365190723326983,6.0281134859541e-4,669.536937808973,819.632814763434,1295.328,0.720456197844027,377.02798078306307
674,353.176,0.721551643136863,0.359659479758665,706.352,2019_yk_201,Yukon,2019,0.720452072424339,0.365837268038119,6.4654471113573e-4,669.536937808973,819.632814763434,1295.328,0.720456197844027,377.02798078306307
675,353.7,0.719493490701778,0.362159738046028,707.4,2019_yk_201,Yukon,2019,0.720496857488847,0.366397544236111,5.6027619799226e-4,669.536937808973,819.632814763434,1295.328,0.720456197844027,377.02798078306307
676,354.224,0.721089049628319,0.358971764645917,708.448,2019_yk_201,Yukon,2019,0.720549970531617,0.366847741066454,4.5019683034297e-4,669.536937808973,819.632814763434,1295.328,0.720456197844027,377.02798078306307
677,354.748,0.717573960008027,0.354589084694192,709.496,2019_yk_201,Yukon,2019,0.720477148913227,0.367348265130348,5.0052406389428e-4,669.536937808973,819.632814763434,1295.328,0.720456197844027,377.02798078306307
678,355.272,0.720667876590243,0.352614280863655,710.544,2019_yk_201,Yukon,2019,0.72051305128688,0.368000774049289,6.5250891894092e-4,669.536937808973,819.632814763434,1295.328,0.720456197844027,377.02798078306307
679,355.796,0.720553526862893,0.350915123820489,711.592,2019_yk_201,Yukon,2019,0.720567733420141,0.368582255926923,5.8148187763379e-4,669.536937808973,819.632814763434,1295.328,0.720456197844027,377.02798078306307
680,356.32,0.718738913717503,0.349010894169334,712.64,2019_yk_201,Yukon,2019,0.720608011921656,0.369300556231128,7.1830030420483e-4,669.536937808973,819.632814763434,1295.328,0.720456197844027,377.02798078306307
681,356.844,0.721407179503972,0.353270349744397,713.688,2019_yk_201,Yukon,2019,0.720545388098512,0.369912908804675,6.1235257354713e-4,669.536937808973,819.632814763434,1295.328,0.720456197844027,377.02798078306307
682,357.368,0.722152476709742,0.357798070517264,714.736,2019_yk_201,Yukon,2019,0.720536850630299,0.370717833038235,8.0492423356021e-4,669.536937808973,819.632814763434,1295.328,0.720456197844027,377.02798078306307
683,357.892,0.720785422833894,0.351360373811166,715.784,2019_yk_201,Yukon,2019,0.720497357774108,0.371564799044312,8.4696600607625e-4,669.536937808973,819.632814763434,1295.328,0.720456197844027,377.02798078306307
684,358.416,0.721974504405431,0.352493767137649,716.832,2019_yk_201,Yukon,2019,0.720492971426121,0.372288347648515,7.2354860420353e-4,669.536937808973,819.632814763434,1295.328,0.720456197844027,377.02798078306307
685,358.94,0.721624314795506,0.35237354474201,717.88,2019_yk_201,Yukon,2019,0.720544214229021,0.37304627897122,7.5793132270507e-4,669.536937808973,819.632814763434,1295.328,0.720456197844027,377.02798078306307
686,359.464,0.719422376134212,0.354480001068108,718.928,2019_yk_201,Yukon,2019,0.720510122232877,0.374185009853433,0.00113873088221234,669.536937808973,819.632814763434,1295.328,0.720456197844027,377.02798078306307
687,359.988,0.721854834255063,0.355757837210275,719.976,2019_yk_201,Yukon,2019,0.720563484758737,0.375183722852274,9.9871299884168e-4,669.536937808973,819.632814763434,1295.328,0.720456197844027,377.02798078306307
688,360.512,0.72059608069364,0.36114247022927,721.024,2019_yk_201,Yukon,2019,0.720540549737195,0.376166413020148,9.8269016787327e-4,669.536937808973,819.632814763434,1295.328,0.720456197844027,377.02798078306307
689,361.036,0.722805094821323,0.35955401700822,722.072,2019_yk_201,Yukon,2019,0.720554156012563,0.37710329088412,9.3687786397278e-4,669.536937808973,819.632814763434,1295.328,0.720456197844027,377.02798078306307
690,361.56,0.722498809115983,0.361405375863454,723.12,2019_yk_201,Yukon,2019,0.720581519778129,0.378136089237041,0.00103279835292053,669.536937808973,819.632814763434,1295.328,0.720456197844027,377.02798078306307
691,362.084,0.719164638854206,0.358135806444618,724.168,2019_yk_201,Yukon,2019,0.720552012941015,0.379287376945745,0.00115128770870393,669.536937808973,819.632814763434,1295.328,0.720456197844027,377.02798078306307
692,362.608,0.720932544087125,0.357964551843247,725.216,2019_yk_201,Yukon,2019,0.720515051941722,0.380454161326626,0.0011667843808808,669.536937808973,819.632814763434,1295.328,0.720456197844027,377.02798078306307
693,363.132,0.720354080449058,0.371365037660975,726.264,2019_yk_201,Yukon,2019,0.720532071847116,0.381445336581289,9.9117525466307e-4,669.536937808973,819.632814763434,1295.328,0.720456197844027,377.02798078306307
694,363.656,0.71937116249541,0.370293644541295,727.312,2019_yk_201,Yukon,2019,0.720548847078176,0.382430023807523,9.846872262344e-4,669.536937808973,819.632814763434,1295.328,0.720456197844027,377.02798078306307
695,364.18,0.719335085056465,0.379576877799989,728.36,2019_yk_201,Yukon,2019,0.720546477142539,0.383387432496237,9.5740868871374e-4,669.536937808973,819.632814763434,1295.328,0.720456197844027,377.02798078306307
696,364.704,0.720729332710538,0.381192050350744,729.408,2019_yk_201,Yukon,2019,0.720572307800462,0.384417620872889,0.00103018837665225,669.536937808973,819.632814763434,1295.328,0.720456197844027,377.02798078306307
697,365.228,0.718590169495539,0.38242125226129,730.456,2019_yk_201,Yukon,2019,0.720638696658862,0.38528878127368,8.7116040079138e-4,669.536937808973,819.632814763434,1295.328,0.720456197844027,377.02798078306307
698,365.752,0.720418631875758,0.381511791176958,731.504,2019_yk_201,Yukon,2019,0.720614933232068,0.386314648142113,0.00102586686843215,669.536937808973,819.632814763434,1295.328,0.720456197844027,377.02798078306307
699,366.276,0.719892926929769,0.38464102030803,732.552,2019_yk_201,Yukon,2019,0.720572577785347,0.387279363319648,9.647151775356e-4,669.536937808973,819.632814763434,1295.328,0.720456197844027,377.02798078306307
700,366.8,0.718719384226738,0.38737801428236,733.6,2019_yk_201,Yukon,2019,0.720540029312652,0.388125663087649,8.4629976800054e-4,669.536937808973,819.632814763434,1295.328,0.720456197844027,377.02798078306307
701,367.324,0.718909194848172,0.392522980347607,734.648,2019_yk_201,Yukon,2019,0.720546319470825,0.388904211864912,7.7854877726307e-4,669.536937808973,819.632814763434,1295.328,0.720456197844027,377.02798078306307
702,367.848,0.721696321445641,0.392469114479063,735.696,2019_yk_201,Yukon,2019,0.7205676751319,0.389790467494762,8.8625562985034e-4,669.536937808973,819.632814763434,1295.328,0.720456197844027,377.02798078306307
703,368.372,0.720534351351366,0.396967314280667,736.744,2019_yk_201,Yukon,2019,0.720511161140883,0.390615076595064,8.2460910030224e-4,669.536937808973,819.632814763434,1295.328,0.720456197844027,377.02798078306307
704,368.896,0.721444265354054,0.399186747999034,737.792,2019_yk_201,Yukon,2019,0.720483906153815,0.391490314276966,8.7523768190178e-4,669.536937808973,819.632814763434,1295.328,0.720456197844027,377.02798078306307
705,369.42,0.72149247614458,0.399778585678657,738.84,2019_yk_201,Yukon,2019,0.720478182366069,0.392386604301838,8.9629002487212e-4,669.536937808973,819.632814763434,1295.328,0.720456197844027,377.02798078306307
706,369.944,0.720392323387849,0.396303801118385,739.888,2019_yk_201,Yukon,2019,0.720481422124496,0.393249071746581,8.6246744474283e-4,669.536937808973,819.632814763434,1295.328,0.720456197844027,377.02798078306307
707,370.468,0.71804828925911,0.400723233952816,740.936,2019_yk_201,Yukon,2019,0.720533029771853,0.394257712247719,0.0010086405011383,669.536937808973,819.632814763434,1295.328,0.720456197844027,377.02798078306307
708,370.992,0.72262633289057,0.4015504499909,741.984,2019_yk_201,Yukon,2019,0.720562314331491,0.395321275639353,0.00106356339163388,669.536937808973,819.632814763434,1295.328,0.720456197844027,377.02798078306307
709,371.516,0.721659222245812,0.401152995998118,743.032,2019_yk_201,Yukon,2019,0.720560910985532,0.396448881397801,0.001127605758448,669.536937808973,819.632814763434,1295.328,0.720456197844027,377.02798078306307
710,372.04,0.72269595593094,0.406337817947661,744.08,2019_yk_201,Yukon,2019,0.72057513904955806,0.397765702156375,0.00131682075857398,669.536937808973,819.632814763434,1295.328,0.720456197844027,377.02798078306307
711,372.564,0.719496628835006,0.405870636318475,745.128,2019_yk_201,Yukon,2019,0.720532187229011,0.398977799811232,0.00121209765485719,669.536937808973,819.632814763434,1295.328,0.720456197844027,377.02798078306307
712,373.088,0.72008489692461,0.416542113067387,746.176,2019_yk_201,Yukon,2019,0.720490103620944,0.400254804216987,0.00127700440575451,669.536937808973,819.632814763434,1295.328,0.720456197844027,377.02798078306307
713,373.612,0.719415251401112,0.420298591690911,747.224,2019_yk_201,Yukon,2019,0.7204590562003,0.40158069551138,0.00132589129439248,669.536937808973,819.632814763434,1295.328,0.720456197844027,377.02798078306307
714,374.136,0.720240124003951,0.414312683389178,748.272,2019_yk_201,Yukon,2019,0.720475007154779,0.402893787016858,0.0013130915054782,669.536937808973,819.632814763434,1295.328,0.720456197844027,377.02798078306307
715,374.66,0.722308388251071,0.413353780503111,749.32,2019_yk_201,Yukon,2019,0.720444207830705,0.404161157467331,0.00126737045047304,669.536937808973,819.632814763434,1295.328,0.720456197844027,377.02798078306307
716,375.184,0.718178266783763,0.425745472271509,750.368,2019_yk_201,Yukon,2019,0.720472099004102,0.405405111257099,0.00124395378976783,669.536937808973,819.632814763434,1295.328,0.720456197844027,377.02798078306307
717,375.708,0.72213577751221,0.423779923134657,751.416,2019_yk_201,Yukon,2019,0.720424625128482,0.406674641526596,0.001269530269497,669.536937808973,819.632814763434,1295.328,0.720456197844027,377.02798078306307
718,376.232,0.720136280178267,0.424191747460703,752.464,2019_yk_201,Yukon,2019,0.720385619756193,0.408015982440576,0.00134134091398053,669.536937808973,819.632814763434,1295.328,0.720456197844027,377.02798078306307
719,376.756,0.720489255401217,0.421490640251477,753.512,2019_yk_201,Yukon,2019,0.720340104655807,0.409377833530765,0.00136185109018933,669.536937808973,819.632814763434,1295.328,0.720456197844027,377.02798078306307
720,377.28,0.721101580696752,0.424105807399329,754.56,2019_yk_201,Yukon,2019,0.720271401917072,0.410710689503269,0.00133285597250316,669.536937808973,819.632814763434,1295.328,0.720456197844027,377.02798078306307
721,377.804,0.72000101633916,0.429938343367291,755.608,2019_yk_201,Yukon,2019,0.720276359929526,0.412050871444547,0.00134018194127872,669.536937808973,819.632814763434,1295.328,0.720456197844027,377.02798078306307
722,378.328,0.71871641051845,0.429098498448565,756.656,2019_yk_201,Yukon,2019,0.720248755129841,0.413384414733035,0.001333543288488,669.536937808973,819.632814763434,1295.328,0.720456197844027,377.02798078306307
723,378.852,0.721055809143119,0.420180943735001,757.704,2019_yk_201,Yukon,2019,0.720235030654817,0.414359403364039,9.7498863100331e-4,669.536937808973,819.632814763434,1295.328,0.720456197844027,377.02798078306307
724,379.376,0.720818688610738,0.41954584329907,758.752,2019_yk_201,Yukon,2019,0.720220632253122,0.415317793319766,9.5838995572716e-4,669.536937808973,819.632814763434,1295.328,0.720456197844027,377.02798078306307
725,379.9,0.720502340853088,0.42147742708473,759.8,2019_yk_201,Yukon,2019,0.720259368279234,0.416102478928988,7.8468560922218e-4,669.536937808973,819.632814763434,1295.328,0.720456197844027,377.02798078306307
726,380.424,0.721724186832911,0.425726189456475,760.848,2019_yk_201,Yukon,2019,0.720291728628841,0.416873616659814,7.7113773082593e-4,669.536937808973,819.632814763434,1295.328,0.720456197844027,377.02798078306307
727,380.948,0.721764052066335,0.417374448909443,761.896,2019_yk_201,Yukon,2019,0.720298642889928,0.417556013784552,6.8239712473838e-4,669.536937808973,819.632814763434,1295.328,0.720456197844027,377.02798078306307
728,381.472,0.721844597496604,0.425683883463938,762.944,2019_yk_201,Yukon,2019,0.720269247329944,0.418146500799784,5.9048701523206e-4,669.536937808973,819.632814763434,1295.328,0.720456197844027,377.02798078306307
729,381.996,0.719521944774563,0.418499261170242,763.992,2019_yk_201,Yukon,2019,0.720331917509672,0.418763615178605,6.1711437882083e-4,669.536937808973,819.632814763434,1295.328,0.720456197844027,377.02798078306307
730,382.52,0.719360871943011,0.412294695037052,765.04,2019_yk_201,Yukon,2019,0.720331865983082,0.419324553197841,5.6093801923551e-4,669.536937808973,819.632814763434,1295.328,0.720456197844027,377.02798078306307
731,383.044,0.720596243060156,0.409595582930221,766.088,2019_yk_201,Yukon,2019,0.720385610317811,0.419859955704362,5.3540250652117e-4,669.536937808973,819.632814763434,1295.328,0.720456197844027,377.02798078306307
732,383.568,0.721130725100908,0.418473760118174,767.136,2019_yk_201,Yukon,2019,0.720352953009571,0.420506066083732,6.4611037937023e-4,669.536937808973,819.632814763434,1295.328,0.720456197844027,377.02798078306307
733,384.092,0.718250088772807,0.410295061404424,768.184,2019_yk_201,Yukon,2019,0.72038408916482,0.421143650868984,6.3758478525166e-4,669.536937808973,819.632814763434,1295.328,0.720456197844027,377.02798078306307
734,384.616,0.719916343912735,0.412173740672771,769.232,2019_yk_201,Yukon,2019,0.720360404934142,0.421695941947338,5.5229107835375e-4,669.536937808973,819.632814763434,1295.328,0.720456197844027,377.02798078306307
735,385.14,0.719150063437076,0.415937139538359,770.28,2019_yk_201,Yukon,2019,0.72036893354219,0.422159778988938,4.6383704160057e-4,669.536937808973,819.632814763434,1295.328,0.720456197844027,377.02798078306307
736,385.664,0.721283435133928,0.410719811330485,771.328,2019_yk_201,Yukon,2019,0.720383443546614,0.422722490059044,5.627110701058e-4,669.536937808973,819.632814763434,1295.328,0.720456197844027,377.02798078306307
737,386.188,0.720670418849448,0.415107514762491,772.376,2019_yk_201,Yukon,2019,0.720430318866949,0.42326109988895,5.3860982990566e-4,669.536937808973,819.632814763434,1295.328,0.720456197844027,377.02798078306307
738,386.712,0.722424950168536,0.416428084361686,773.424,2019_yk_201,Yukon,2019,0.720388939636322,0.423757699293478,4.9659940452828e-4,669.536937808973,819.632814763434,1295.328,0.720456197844027,377.02798078306307
739,387.236,0.720469326105314,0.418571469327368,774.472,2019_yk_201,Yukon,2019,0.72038286662341,0.424349176723243,5.9147742976545e-4,669.536937808973,819.632814763434,1295.328,0.720456197844027,377.02798078306307
740,387.76,0.719592597559095,0.428020139683774,775.52,2019_yk_201,Yukon,2019,0.720364110551318,0.424755992202684,4.0681547944054e-4,669.536937808973,819.632814763434,1295.328,0.720456197844027,377.02798078306307
741,388.284,0.718830070271143,0.425996209035829,776.568,2019_yk_201,Yukon,2019,0.720396557619107,0.425265118791206,5.0912658852225e-4,669.536937808973,819.632814763434,1295.328,0.720456197844027,377.02798078306307
742,388.808,0.719627460225692,0.434418334862537,777.616,2019_yk_201,Yukon,2019,0.720416759921267,0.425680793747055,4.156749558486e-4,669.536937808973,819.632814763434,1295.328,0.720456197844027,377.02798078306307
743,389.332,0.718922577595293,0.430913851474715,778.664,2019_yk_201,Yukon,2019,0.72045903456405,0.425934042654393,2.5324890733868e-4,669.536937808973,819.632814763434,1295.328,0.720456197844027,377.02798078306307
744,389.856,0.722931561674128,0.43127925746634,779.712,2019_yk_201,Yukon,2019,0.720460986572168,0.4264886134939,5.5457083950649e-4,669.536937808973,819.632814763434,1295.328,0.720456197844027,377.02798078306307
745,390.38,0.719776355351106,0.428415771770391,780.76,2019_yk_201,Yukon,2019,0.720438628669853,0.426814833343761,3.2621984986153e-4,669.536937808973,819.632814763434,1295.328,0.720456197844027,377.02798078306307
746,390.904,0.721095846538007,0.429117228454177,781.808,2019_yk_201,Yukon,2019,0.720479343355155,0.426988325305255,1.7349196149407e-4,669.536937808973,819.632814763434,1295.328,0.720456197844027,377.02798078306307
747,391.428,0.719006401717901,0.431929653380096,782.856,2019_yk_201,Yukon,2019,0.720437207227842,0.427125096184935,1.3677087967989e-4,669.536937808973,819.632814763434,1295.328,0.720456197844027,377.02798078306307
748,391.952,0.718255758356278,0.441622925068099,783.904,2019_yk_201,Yukon,2019,0.720440483519167,0.42724371613302,1.1861994808459e-4,669.536937808973,819.632814763434,1295.328,0.720456197844027,377.02798078306307
749,392.476,0.720074188798169,0.441265082419579,784.952,2019_yk_201,Yukon,2019,0.72045265148678,0.427407522666931,1.6380653391129e-4,669.536937808973,819.632814763434,1295.328,0.720456197844027,377.02798078306307
750,393,0.71837664479185,0.441376734213644,786,2019_yk_201,Yukon,2019,0.720415377338025,0.427409898768986,2.37610205461314e-6,669.536937808973,819.632814763434,1295.328,0.720456197844027,377.02798078306307
751,393.524,0.719462119601443,0.438546722921341,787.048,2019_yk_201,Yukon,2019,0.720355663846205,0.427223072962137,-1.8682580684925e-4,669.536937808973,819.632814763434,1295.328,0.720456197844027,377.02798078306307
752,394.048,0.719276256106067,0.437977149152527,788.096,2019_yk_201,Yukon,2019,0.720419450022932,0.427122767538805,-1.0030542333172e-4,669.536937808973,819.632814763434,1295.328,0.720456197844027,377.02798078306307
753,394.572,0.719530611947564,0.429864355521175,789.144,2019_yk_201,Yukon,2019,0.72041668486645,0.427133506457903,1.07389190977525e-5,669.536937808973,819.632814763434,1295.328,0.720456197844027,377.02798078306307
754,395.096,0.718507258393722,0.427797041884925,790.192,2019_yk_201,Yukon,2019,0.720400528269842,0.427125545086944,-7.96137095904204e-6,669.536937808973,819.632814763434,1295.328,0.720456197844027,377.02798078306307
755,395.62,0.72165924662321,0.426658014353321,791.24,2019_yk_201,Yukon,2019,0.720374320372674,0.427065923211509,-5.96218754346234e-5,669.536937808973,819.632814763434,1295.328,0.720456197844027,377.02798078306307
756,396.144,0.722670953686971,0.427460314200301,792.288,2019_yk_201,Yukon,2019,0.720312586733808,0.426982231868908,-8.3691342600889e-5,669.536937808973,819.632814763434,1295.328,0.720456197844027,377.02798078306307
757,396.668,0.719005025160755,0.42336507974559,793.336,2019_yk_201,Yukon,2019,0.720274598736376,0.427093860726187,1.1162885727894e-4,669.536937808973,819.632814763434,1295.328,0.720456197844027,377.02798078306307
758,397.192,0.718654898276711,0.416941012090883,794.384,2019_yk_201,Yukon,2019,0.720235522942016,0.427179432594787,8.55718685999762e-5,669.536937808973,819.632814763434,1295.328,0.720456197844027,377.02798078306307
759,397.716,0.72365313771341,0.421667883037278,795.432,2019_yk_201,Yukon,2019,0.720256455497966,0.42719757825585,1.8145661062563e-5,669.536937808973,819.632814763434,1295.328,0.720456197844027,377.02798078306307
760,398.24,0.718716292631386,0.42103429543649,796.48,2019_yk_201,Yukon,2019,0.720225259957455,0.427310163579941,1.125853240918e-4,669.536937808973,819.632814763434,1295.328,0.720456197844027,377.02798078306307
761,398.764,0.722133854931893,0.424647130738881,797.528,2019_yk_201,Yukon,2019,0.720204125132211,0.42739976367728,8.96000973386046e-5,669.536937808973,819.632814763434,1295.328,0.720456197844027,377.02798078306307
762,399.288,0.719736882951242,0.431235737241277,798.576,2019_yk_201,Yukon,2019,0.720216478671066,0.427450126398894,5.03627216135172e-5,669.536937808973,819.632814763434,1295.328,0.720456197844027,377.02798078306307
763,399.812,0.722402520666275,0.435222401395768,799.624,2019_yk_201,Yukon,2019,0.72023889181708,0.42754935461807,9.9228219176628e-5,669.536937808973,819.632814763434,1295.328,0.720456197844027,377.02798078306307
764,400.336,0.720023211513382,0.432324212700258,800.672,2019_yk_201,Yukon,2019,0.720245709332585,0.427567204592027,1.78499739565408e-5,669.536937808973,819.632814763434,1295.328,0.720456197844027,377.02798078306307
765,400.86,0.722004192627504,0.427608808174694,801.72,2019_yk_201,Yukon,2019,0.720255059211593,0.427462397882602,-1.0480670942425e-4,669.536937808973,819.632814763434,1295.328,0.720456197844027,377.02798078306307
766,401.384,0.721262923653246,0.430066465324733,802.768,2019_yk_201,Yukon,2019,0.720259642640959,0.427531906471738,6.9508589135514e-5,669.536937808973,819.632814763434,1295.328,0.720456197844027,377.02798078306307
767,401.908,0.720860808479196,0.433039823747159,803.816,2019_yk_201,Yukon,2019,0.720274856692971,0.427419185995174,-1.1272047656374e-4,669.536937808973,819.632814763434,1295.328,0.720456197844027,377.02798078306307
768,402.432,0.720143579053003,0.431346414262598,804.864,2019_yk_201,Yukon,2019,0.720272888229697,0.42739744360139,-2.17423937839967e-5,669.536937808973,819.632814763434,1295.328,0.720456197844027,377.02798078306307
769,402.956,0.721294841471045,0.436641641784044,805.912,2019_yk_201,Yukon,2019,0.720263970587009,0.427407551772168,1.0108170777845e-5,669.536937808973,819.632814763434,1295.328,0.720456197844027,377.02798078306307
770,403.48,0.721570591605427,0.430746746714094,806.96,2019_yk_201,Yukon,2019,0.720224665638518,0.427203357397981,-2.0419437418739e-4,669.536937808973,819.632814763434,1295.328,0.720456197844027,377.02798078306307
771,404.004,0.721443452902362,0.436418231629812,808.008,2019_yk_201,Yukon,2019,0.72023508471184,0.426999515723817,-2.0384167416365e-4,669.536937808973,819.632814763434,1295.328,0.720456197844027,377.02798078306307
772,404.528,0.721297035054233,0.441482610418301,809.056,2019_yk_201,Yukon,2019,0.720249058452681,0.426675923123601,-3.2359260021608e-4,669.536937808973,819.632814763434,1295.328,0.720456197844027,377.02798078306307
773,405.052,0.721951729968082,0.435493526131232,810.104,2019_yk_201,Yukon,2019,0.720295903377158,0.426388493618459,-2.8742950514149e-4,669.536937808973,819.632814763434,1295.328,0.720456197844027,377.02798078306307
774,405.576,0.720357244490994,0.447586933759569,811.152,2019_yk_201,Yukon,2019,0.720303824671638,0.426151457592766,-2.3703602569374e-4,669.536937808973,819.632814763434,1295.328,0.720456197844027,377.02798078306307
775,406.1,0.720966914112183,0.432926971494804,812.2,2019_yk_201,Yukon,2019,0.720272223913966,0.425877140390482,-2.7431720228349e-4,669.536937808973,819.632814763434,1295.328,0.720456197844027,377.02798078306307
776,406.624,0.720621147901861,0.436154989961154,813.248,2019_yk_201,Yukon,2019,0.720223385729042,0.425661262279552,-2.158781109306e-4,669.536937808973,819.632814763434,1295.328,0.720456197844027,377.02798078306307
777,407.148,0.71960760987347006,0.431986175915448,814.296,2019_yk_201,Yukon,2019,0.72018482860148,0.425507884809487,-1.5337747006466e-4,669.536937808973,819.632814763434,1295.328,0.720456197844027,377.02798078306307
778,407.672,0.720332857657733,0.431308944345778,815.344,2019_yk_201,Yukon,2019,0.720194039454639,0.425180626236547,-3.2725857294024e-4,669.536937808973,819.632814763434,1295.328,0.720456197844027,377.02798078306307
779,408.196,0.721219333457991,0.431319032286156,816.392,2019_yk_201,Yukon,2019,0.72024867371258,0.424680102964098,-5.0052327244909e-4,669.536937808973,819.632814763434,1295.328,0.720456197844027,377.02798078306307
780,408.72,0.718865131771507,0.424248373522607,817.44,2019_yk_201,Yukon,2019,0.720273249580358,0.424193924913299,-4.8617805079853e-4,669.536937808973,819.632814763434,1295.328,0.720456197844027,377.02798078306307
781,409.244,0.716418206829955,0.418728794956337,818.488,2019_yk_201,Yukon,2019,0.720202232910986,0.423766292495804,-4.2763241749493e-4,669.536937808973,819.632814763434,1295.328,0.720456197844027,377.02798078306307
782,409.768,0.722543581122023,0.423080173048663,819.536,2019_yk_201,Yukon,2019,0.720206085326225,0.423416086696569,-3.5020579923528e-4,669.536937808973,819.632814763434,1295.328,0.720456197844027,377.02798078306307
783,410.292,0.72088989975421,0.420825278880867,820.584,2019_yk_201,Yukon,2019,0.720238186743243,0.423165589666309,-2.5049703025975e-4,669.536937808973,819.632814763434,1295.328,0.720456197844027,377.02798078306307
784,410.816,0.719849292814301,0.419068161041526,821.632,2019_yk_201,Yukon,2019,0.72030032690848,0.423011696401308,-1.5389326500103e-4,669.536937808973,819.632814763434,1295.328,0.720456197844027,377.02798078306307
785,411.34,0.718929867022974,0.417900114558654,822.68,2019_yk_201,Yukon,2019,0.720264044227272,0.422895765312945,-1.1593108836321e-4,669.536937808973,819.632814763434,1295.328,0.720456197844027,377.02798078306307
786,411.864,0.718020168500944,0.420704708900424,823.728,2019_yk_201,Yukon,2019,0.720190769126233,0.422693739532124,-2.0202578082068e-4,669.536937808973,819.632814763434,1295.328,0.720456197844027,377.02798078306307
787,412.388,0.719484772220408,0.424072180346179,824.776,2019_yk_201,Yukon,2019,0.7202102264721,0.422584608231077,-1.0913130104761e-4,669.536937808973,819.632814763434,1295.328,0.720456197844027,377.02798078306307
788,412.912,0.719500049835061,0.430818195579936,825.824,2019_yk_201,Yukon,2019,0.720214754450454,0.4225657531958,-1.88550352766548e-5,669.536937808973,819.632814763434,1295.328,0.720456197844027,377.02798078306307
789,413.436,0.720777898131534,0.419588000833996,826.872,2019_yk_201,Yukon,2019,0.720186491574792,0.422485677520141,-8.00756756585419e-5,669.536937808973,819.632814763434,1295.328,0.720456197844027,377.02798078306307
790,413.96,0.717489139512343,0.419049814482564,827.92,2019_yk_201,Yukon,2019,0.720229383150751,0.422406873354794,-7.88041653475569e-5,669.536937808973,819.632814763434,1295.328,0.720456197844027,377.02798078306307
791,414.484,0.719328153545535,0.414971588770537,828.968,2019_yk_201,Yukon,2019,0.720179205389273,0.422340640059853,-6.62332949403766e-5,669.536937808973,819.632814763434,1295.328,0.720456197844027,377.02798078306307
792,415.008,0.721871937432181,0.421495523414985,830.016,2019_yk_201,Yukon,2019,0.720158370458444,0.422111396307001,-2.2924375285243e-4,669.536937808973,819.632814763434,1295.328,0.720456197844027,377.02798078306307
793,415.532,0.719594877533662,0.41624875455502103,831.064,2019_yk_201,Yukon,2019,0.720118812873729,0.421722696666783,-3.8869964021759e-4,669.536937808973,819.632814763434,1295.328,0.720456197844027,377.02798078306307
794,416.056,0.720325394843024,0.413244739110163,832.112,2019_yk_201,Yukon,2019,0.720101151896867,0.421501007596463,-2.2168907032083e-4,669.536937808973,819.632814763434,1295.328,0.720456197844027,377.02798078306307
795,416.58,0.71971105617756,0.409648736972904,833.16,2019_yk_201,Yukon,2019,0.720044481227436,0.4213558973301,-1.4511026636293e-4,669.536937808973,819.632814763434,1295.328,0.720456197844027,377.02798078306307
796,417.104,0.72155844089592,0.414890326678618,834.208,2019_yk_201,Yukon,2019,0.7200389932887,0.421115865285325,-2.4003204477435e-4,669.536937808973,819.632814763434,1295.328,0.720456197844027,377.02798078306307
797,417.628,0.721583261970146,0.408344286168665,835.256,2019_yk_201,Yukon,2019,0.720061770367096,0.420891467484096,-2.2439780122934e-4,669.536937808973,819.632814763434,1295.328,0.720456197844027,377.02798078306307
798,418.152,0.722306842372085,0.415123540734646,836.304,2019_yk_201,Yukon,2019,0.720085244452429,0.420731853692695,-1.5961379140094e-4,669.536937808973,819.632814763434,1295.328,0.720456197844027,377.02798078306307
799,418.676,0.719934267544038,0.419177959574041,837.352,2019_yk_201,Yukon,2019,0.720042005275055,0.420424056415589,-3.0779727710605e-4,669.536937808973,819.632814763434,1295.328,0.720456197844027,377.02798078306307
800,419.2,0.717234300649638,0.415768477232527,838.4,2019_yk_201,Yukon,2019,0.71999437769446,0.42035804380193,-6.60126136585171e-5,669.536937808973,819.632814763434,1295.328,0.720456197844027,377.02798078306307
801,419.724,0.719455214670497,0.413765708586011,839.448,2019_yk_201,Yukon,2019,0.719955293056306,0.420137365403869,-2.2067839806122e-4,669.536937808973,819.632814763434,1295.328,0.720456197844027,377.02798078306307
802,420.248,0.720465884676116,0.415002778849572,840.496,2019_yk_201,Yukon,2019,0.719941173464332,0.419803012169502,-3.3435323436714e-4,669.536937808973,819.632814763434,1295.328,0.720456197844027,377.02798078306307
803,420.772,0.721733273063932,0.413668081166229,841.544,2019_yk_201,Yukon,2019,0.719895665352035,0.419457246051614,-3.4576611788833e-4,669.536937808973,819.632814763434,1295.328,0.720456197844027,377.02798078306307
804,421.296,0.723406839342941,0.417057095924716,842.592,2019_yk_201,Yukon,2019,0.719894278515321,0.418895634813648,-5.6161123796577e-4,669.536937808973,819.632814763434,1295.328,0.720456197844027,377.02798078306307
805,421.82,0.717880309890763,0.41195673963338,843.64,2019_yk_201,Yukon,2019,0.719893803358461,0.418485695016888,-4.0993979675946e-4,669.536937808973,819.632814763434,1295.328,0.720456197844027,377.02798078306307
806,422.344,0.71816555544259,0.416164541798342,844.688,2019_yk_201,Yukon,2019,0.719879063467626,0.418156540822445,-3.2915419444334e-4,669.536937808973,819.632814763434,1295.328,0.720456197844027,377.02798078306307
807,422.868,0.716692974064176,0.422727005176219,845.736,2019_yk_201,Yukon,2019,0.719870688860834,0.417881340596357,-2.7520022608829e-4,669.536937808973,819.632814763434,1295.328,0.720456197844027,377.02798078306307
808,423.392,0.718808409545794,0.421987410691685,846.784,2019_yk_201,Yukon,2019,0.719869028437188,0.41756256350051,-3.1877709584704e-4,669.536937808973,819.632814763434,1295.328,0.720456197844027,377.02798078306307
809,423.916,0.723352244274652,0.411233686072633,847.832,2019_yk_201,Yukon,2019,0.71986299695781,0.417276026271905,-2.8653722860455e-4,669.536937808973,819.632814763434,1295.328,0.720456197844027,377.02798078306307
810,424.44,0.719851196858544,0.41220605116573,848.88,2019_yk_201,Yukon,2019,0.719817381233568,0.41704927466979,-2.2675160211527e-4,669.536937808973,819.632814763434,1295.328,0.720456197844027,377.02798078306307
811,424.964,0.715201119439074,0.412888777871643,849.928,2019_yk_201,Yukon,2019,0.719845196799371,0.416796968576075,-2.5230609371457e-4,669.536937808973,819.632814763434,1295.328,0.720456197844027,377.02798078306307
812,425.488,0.719507401020442,0.416964801198413,850.976,2019_yk_201,Yukon,2019,0.71981548660715,0.416516868450223,-2.8010012585216e-4,669.536937808973,819.632814763434,1295.328,0.720456197844027,377.02798078306307
813,426.012,0.721456696968657,0.414834533705589,852.024,2019_yk_201,Yukon,2019,0.719777168424708,0.416207024317839,-3.0984413238466e-4,669.536937808973,819.632814763434,1295.328,0.720456197844027,377.02798078306307
814,426.536,0.722235668307886,0.41856344598486,853.072,2019_yk_201,Yukon,2019,0.719780096608018,0.415921271126577,-2.8575319126128e-4,669.536937808973,819.632814763434,1295.328,0.720456197844027,377.02798078306307
815,427.06,0.719482285750769,0.419702149051526,854.12,2019_yk_201,Yukon,2019,0.719801347823113,0.415645692093729,-2.7557903284808e-4,669.536937808973,819.632814763434,1295.328,0.720456197844027,377.02798078306307
816,427.584,0.718274447624638,0.415338767351061,855.168,2019_yk_201,Yukon,2019,0.719857654179035,0.415286642599164,-3.5904949456538e-4,669.536937808973,819.632814763434,1295.328,0.720456197844027,377.02798078306307
817,428.108,0.720172465912746,0.416817201682733,856.216,2019_yk_201,Yukon,2019,0.719890998972687,0.414917764438505,-3.6887816065833e-4,669.536937808973,819.632814763434,1295.328,0.720456197844027,377.02798078306307
818,428.632,0.718926576977955,0.415809709974286,857.264,2019_yk_201,Yukon,2019,0.719871119424041,0.414406850382159,-5.1091405634617e-4,669.536937808973,819.632814763434,1295.328,0.720456197844027,377.02798078306307
819,429.156,0.721957365173697,0.416863342497763,858.312,2019_yk_201,Yukon,2019,0.719811054105743,0.414058759414924,-3.4809096723525e-4,669.536937808973,819.632814763434,1295.328,0.720456197844027,377.02798078306307
820,429.68,0.721289787188931,0.416306045515637,859.36,2019_yk_201,Yukon,2019,0.719802847468087,0.413686939345325,-3.7182006959857e-4,669.536937808973,819.632814763434,1295.328,0.720456197844027,377.02798078306307
821,430.204,0.719123189243207,0.420673133042458,860.408,2019_yk_201,Yukon,2019,0.719865864840591,0.413371891300924,-3.1504804440113e-4,669.536937808973,819.632814763434,1295.328,0.720456197844027,377.02798078306307
822,430.728,0.718486787101524,0.417481112070132,861.456,2019_yk_201,Yukon,2019,0.719826794688266,0.412948077890438,-4.2381341048586e-4,669.536937808973,819.632814763434,1295.328,0.720456197844027,377.02798078306307
823,431.252,0.720029065583352,0.411900422982709,862.504,2019_yk_201,Yukon,2019,0.71982421380022,0.412517672081428,-4.3040580901021e-4,669.536937808973,819.632814763434,1295.328,0.720456197844027,377.02798078306307
824,431.776,0.718963552901672,0.41902286848101,863.552,2019_yk_201,Yukon,2019,0.719865757089696,0.412209725602883,-3.0794647854504e-4,669.536937808973,819.632814763434,1295.328,0.720456197844027,377.02798078306307
825,432.3,0.718603952461626,0.418902192192917,864.6,2019_yk_201,Yukon,2019,0.719800250213885,0.411915849496722,-2.9387610616149e-4,669.536937808973,819.632814763434,1295.328,0.720456197844027,377.02798078306307
826,432.824,0.720933647329065,0.41566454263827,865.648,2019_yk_201,Yukon,2019,0.719779351812168,0.411509818080207,-4.0603141651435e-4,669.536937808973,819.632814763434,1295.328,0.720456197844027,377.02798078306307
827,433.348,0.722227433183001,0.419575955673399,866.696,2019_yk_201,Yukon,2019,0.7198056472469,0.411106214003656,-4.0360407655082e-4,669.536937808973,819.632814763434,1295.328,0.720456197844027,377.02798078306307
828,433.872,0.72155202417298,0.421769586778539,867.744,2019_yk_201,Yukon,2019,0.719778440890471,0.410566444480907,-5.397695227492e-4,669.536937808973,819.632814763434,1295.328,0.720456197844027,377.02798078306307
829,434.396,0.718700490828615,0.418173805157681,868.792,2019_yk_201,Yukon,2019,0.719788517758061,0.409924600685854,-6.4184379505338e-4,669.536937808973,819.632814763434,1295.328,0.720456197844027,377.02798078306307
830,434.92,0.718712936769715,0.426785989894585,869.84,2019_yk_201,Yukon,2019,0.71984630465935,0.409381943030987,-5.4265765486732e-4,669.536937808973,819.632814763434,1295.328,0.720456197844027,377.02798078306307
831,435.444,0.719098374613101,0.423177527746138,870.888,2019_yk_201,Yukon,2019,0.719885313069544,0.409018161347276,-3.6378168371098e-4,669.536937808973,819.632814763434,1295.328,0.720456197844027,377.02798078306307
832,435.968,0.720449859535799,0.421421416356275,871.936,2019_yk_201,Yukon,2019,0.719900496779995,0.408461064893842,-5.5709645343332e-4,669.536937808973,819.632814763434,1295.328,0.720456197844027,377.02798078306307
833,436.492,0.719221243230279,0.414747559057933,872.984,2019_yk_201,Yukon,2019,0.719846924523296,0.407884671485632,-5.7639340821008e-4,669.536937808973,819.632814763434,1295.328,0.720456197844027,377.02798078306307
834,437.016,0.720274034288154,0.413890259481622,874.032,2019_yk_201,Yukon,2019,0.71979658267274,0.407175563301103,-7.0910818452885e-4,669.536937808973,819.632814763434,1295.328,0.720456197844027,377.02798078306307
835,437.54,0.720938404700583,0.408330583689239,875.08,2019_yk_201,Yukon,2019,0.719787248338086,0.406614385396382,-5.6117790472182e-4,669.536937808973,819.632814763434,1295.328,0.720456197844027,377.02798078306307
836,438.064,0.719736754451754,0.41640573829455,876.128,2019_yk_201,Yukon,2019,0.719760987900077,0.405859602407022,-7.5478298935982e-4,669.536937808973,819.632814763434,1295.328,0.720456197844027,377.02798078306307
837,438.588,0.719105133465939,0.415474162350151,877.176,2019_yk_201,Yukon,2019,0.719813540353513,0.405009405083259,-8.5019732376306e-4,669.536937808973,819.632814763434,1295.328,0.720456197844027,377.02798078306307
838,439.112,0.72023323223897,0.412182318594954,878.224,2019_yk_201,Yukon,2019,0.719869079640836,0.404218594129004,-7.9081095425453e-4,669.536937808973,819.632814763434,1295.328,0.720456197844027,377.02798078306307
839,439.636,0.720857444695313,0.414126798569884,879.272,2019_yk_201,Yukon,2019,0.71986627333131,0.403570432189071,-6.4816193993272e-4,669.536937808973,819.632814763434,1295.328,0.720456197844027,377.02798078306307
840,440.16,0.716128188317008,0.410643277395689,880.32,2019_yk_201,Yukon,2019,0.719893842035256,0.40289569660678,-6.7473558229103e-4,669.536937808973,819.632814763434,1295.328,0.720456197844027,377.02798078306307
841,440.684,0.718087140778129,0.403590429333462,881.368,2019_yk_201,Yukon,2019,0.719991412631228,0.402220160868907,-6.7553573787348e-4,669.536937808973,819.632814763434,1295.328,0.720456197844027,377.02798078306307
842,441.208,0.72076096958874,0.406274165497532,882.416,2019_yk_201,Yukon,2019,0.720001965790089,0.401549496266011,-6.7066460289605e-4,669.536937808973,819.632814763434,1295.328,0.720456197844027,377.02798078306307
843,441.732,0.718590808807695,0.402234630937788,883.464,2019_yk_201,Yukon,2019,0.719997742706273,0.400918592793172,-6.3090347283839e-4,669.536937808973,819.632814763434,1295.328,0.720456197844027,377.02798078306307
844,442.256,0.720024983812937,0.40192296956585,884.512,2019_yk_201,Yukon,2019,0.719947392169111,0.400149464255107,-7.6912853806526e-4,669.536937808973,819.632814763434,1295.328,0.720456197844027,377.02798078306307
845,442.78,0.720204939928666,0.401365372587766,885.56,2019_yk_201,Yukon,2019,0.719967237005272,0.39932856454403,-8.2089971107712e-4,669.536937808973,819.632814763434,1295.328,0.720456197844027,377.02798078306307
846,443.304,0.721398549856234,0.399161739226499,886.608,2019_yk_201,Yukon,2019,0.719952194405168,0.398742163194563,-5.8640134946735e-4,669.536937808973,819.632814763434,1295.328,0.720456197844027,377.02798078306307
847,443.828,0.721485459839565,0.401939490706679,887.656,2019_yk_201,Yukon,2019,0.719988500196204,0.398063549179324,-6.7861401523872e-4,669.536937808973,819.632814763434,1295.328,0.720456197844027,377.02798078306307
848,444.352,0.718307276916286,0.400163352199166,888.704,2019_yk_201,Yukon,2019,0.720001439901282,0.39730261650468,-7.6093267464338e-4,669.536937808973,819.632814763434,1295.328,0.720456197844027,377.02798078306307
849,444.876,0.717173979033663,0.398702542799879,889.752,2019_yk_201,Yukon,2019,0.719975504267201,0.396451445245773,-8.5117125890715e-4,669.536937808973,819.632814763434,1295.328,0.720456197844027,377.02798078306307
850,445.4,0.716996741252962,0.396740610306649,890.8,2019_yk_201,Yukon,2019,0.719934520618115,0.395607586178203,-8.4385906757017e-4,669.536937808973,819.632814763434,1295.328,0.720456197844027,377.02798078306307
851,445.924,0.723109195895756,0.396068706106467,891.848,2019_yk_201,Yukon,2019,0.719948488351984,0.394768358801195,-8.3922737700847e-4,669.536937808973,819.632814763434,1295.328,0.720456197844027,377.02798078306307
852,446.448,0.719527728292704,0.396066718785833,892.896,2019_yk_201,Yukon,2019,0.719961995578527,0.393905401120202,-8.6295768099276e-4,669.536937808973,819.632814763434,1295.328,0.720456197844027,377.02798078306307
853,446.972,0.719440024250883,0.390424406014408,893.944,2019_yk_201,Yukon,2019,0.719994100937443,0.393110216539125,-7.9518458107696e-4,669.536937808973,819.632814763434,1295.328,0.720456197844027,377.02798078306307
854,447.496,0.722817992211612,0.394767950397459,894.992,2019_yk_201,Yukon,2019,0.72004003311376,0.392225361208593,-8.8485533053234e-4,669.536937808973,819.632814763434,1295.328,0.720456197844027,377.02798078306307
855,448.02,0.715780643628873,0.392016170603215,896.04,2019_yk_201,Yukon,2019,0.720064567196865,0.391459701696489,-7.6565951210322e-4,669.536937808973,819.632814763434,1295.328,0.720456197844027,377.02798078306307
856,448.544,0.72030453679293,0.390528441687754,897.088,2019_yk_201,Yukon,2019,0.720010561685445,0.39075678977832,-7.029119181699e-4,669.536937808973,819.632814763434,1295.328,0.720456197844027,377.02798078306307
857,449.068,0.723160988054046,0.384128041575618,898.136,2019_yk_201,Yukon,2019,0.7199374848612,0.389901184461937,-8.5560531638223e-4,669.536937808973,819.632814763434,1295.328,0.720456197844027,377.02798078306307
858,449.592,0.720674460986372,0.382737369369694,899.184,2019_yk_201,Yukon,2019,0.719866652742084,0.389007595483977,-8.9358897796076e-4,669.536937808973,819.632814763434,1295.328,0.720456197844027,377.02798078306307
859,450.116,0.720538879599434,0.380667331870838,900.232,2019_yk_201,Yukon,2019,0.719880905058562,0.388196711687521,-8.1088379645594e-4,669.536937808973,819.632814763434,1295.328,0.720456197844027,377.02798078306307
860,450.64,0.720701514726989,0.383209017940489,901.28,2019_yk_201,Yukon,2019,0.71989842870223,0.387241154488976,-9.5555719854495e-4,669.536937808973,819.632814763434,1295.328,0.720456197844027,377.02798078306307
861,451.164,0.721795719282119,0.391938807563352,902.328,2019_yk_201,Yukon,2019,0.719911218342988,0.386287624878007,-9.5352961096872e-4,669.536937808973,819.632814763434,1295.328,0.720456197844027,377.02798078306307
862,451.688,0.721376907303167,0.381576991643574,903.376,2019_yk_201,Yukon,2019,0.719905971153364,0.385349173770349,-9.3845110765783e-4,669.536937808973,819.632814763434,1295.328,0.720456197844027,377.02798078306307
863,452.212,0.71851893766196,0.379084476673623,904.424,2019_yk_201,Yukon,2019,0.719895358457612,0.384499762210866,-8.4941155948353e-4,669.536937808973,819.632814763434,1295.328,0.720456197844027,377.02798078306307
864,452.736,0.720386328309582,0.374510604852987,905.472,2019_yk_201,Yukon,2019,0.719881466567718,0.383641725112439,-8.5803709842619e-4,669.536937808973,819.632814763434,1295.328,0.720456197844027,377.02798078306307
865,453.26,0.717320249811566,0.378286065350068,906.52,2019_yk_201,Yukon,2019,0.719789122891458,0.382866772427127,-7.7495268531202e-4,669.536937808973,819.632814763434,1295.328,0.720456197844027,377.02798078306307
866,453.784,0.716589929162,0.370877562436755,907.568,2019_yk_201,Yukon,2019,0.719785864173758,0.382070479734135,-7.962926929918e-4,669.536937808973,819.632814763434,1295.328,0.720456197844027,377.02798078306307
867,454.308,0.719846121270358,0.371715165750436,908.616,2019_yk_201,Yukon,2019,0.719843498114746,0.38126976872557,-8.0071100856565e-4,669.536937808973,819.632814763434,1295.328,0.720456197844027,377.02798078306307
868,454.832,0.722140766785179,0.374538753436413,909.664,2019_yk_201,Yukon,2019,0.719895480991852,0.380368825888775,-9.009428367952e-4,669.536937808973,819.632814763434,1295.328,0.720456197844027,377.02798078306307
869,455.356,0.723183865703074,0.372343969676668,910.712,2019_yk_201,Yukon,2019,0.719865723521856,0.379464744341584,-9.0408154719079e-4,669.536937808973,819.632814763434,1295.328,0.720456197844027,377.02798078306307
870,455.88,0.721505319095299,0.371721916228267,911.76,2019_yk_201,Yukon,2019,0.7198407310643,0.378649068949525,-8.156753920584e-4,669.536937808973,819.632814763434,1295.328,0.720456197844027,377.02798078306307
871,456.404,0.721055355197428,0.372356633599234,912.808,2019_yk_201,Yukon,2019,0.719895847867866,0.377966293463184,-6.8277548634138e-4,669.536937808973,819.632814763434,1295.328,0.720456197844027,377.02798078306307
872,456.928,0.720140590552077,0.37672492502465,913.856,2019_yk_201,Yukon,2019,0.719898318351955,0.377224807616541,-7.4148584664324e-4,669.536937808973,819.632814763434,1295.328,0.720456197844027,377.02798078306307
873,457.452,0.721203311939736,0.37698032533528397,914.904,2019_yk_201,Yukon,2019,0.719981871980957,0.376456986669638,-7.6782094690297e-4,669.536937808973,819.632814763434,1295.328,0.720456197844027,377.02798078306307
874,457.976,0.719214636078129,0.372415733700946,915.952,2019_yk_201,Yukon,2019,0.719999117877771,0.375742703685496,-7.1428298414161e-4,669.536937808973,819.632814763434,1295.328,0.720456197844027,377.02798078306307
875,458.5,0.720672975920447,0.370448166386899,917,2019_yk_201,Yukon,2019,0.720018896596176,0.374903950998405,-8.3875268709077e-4,669.536937808973,819.632814763434,1295.328,0.720456197844027,377.02798078306307
876,459.024,0.717371891618387,0.380154686383019,918.048,2019_yk_201,Yukon,2019,0.720011015420202,0.37397715228471,-9.2679871369533e-4,669.536937808973,819.632814763434,1295.328,0.720456197844027,377.02798078306307
877,459.548,0.722350813374915,0.37610036076841,919.096,2019_yk_201,Yukon,2019,0.72003752886849,0.37308039856603,-8.9675371867969e-4,669.536937808973,819.632814763434,1295.328,0.720456197844027,377.02798078306307
878,460.072,0.71970295928261,0.37015374949568,920.144,2019_yk_201,Yukon,2019,0.720081904814008,0.372215840776689,-8.6455778934097e-4,669.536937808973,819.632814763434,1295.328,0.720456197844027,377.02798078306307
879,460.596,0.720401227128831,0.365793066963333,921.192,2019_yk_201,Yukon,2019,0.720118664099282,0.371292145761193,-9.2369501549632e-4,669.536937808973,819.632814763434,1295.328,0.720456197844027,377.02798078306307
880,461.12,0.71883076824377,0.365674501461427,922.24,2019_yk_201,Yukon,2019,0.720192514615418,0.370401783627771,-8.9036213342241e-4,669.536937808973,819.632814763434,1295.328,0.720456197844027,377.02798078306307
881,461.644,0.719961253275348,0.370319490421947,923.288,2019_yk_201,Yukon,2019,0.7201790381152,0.369490483923648,-9.1129970412234e-4,669.536937808973,819.632814763434,1295.328,0.720456197844027,377.02798078306307
882,462.168,0.719297220694118,0.365703651210568,924.336,2019_yk_201,Yukon,2019,0.720202711404865,0.3686063188505,-8.8416507314803e-4,669.536937808973,819.632814763434,1295.328,0.720456197844027,377.02798078306307
883,462.692,0.721955387118345,0.36418934811809,925.384,2019_yk_201,Yukon,2019,0.720242067495671,0.367817645151069,-7.8867369943086e-4,669.536937808973,819.632814763434,1295.328,0.720456197844027,377.02798078306307
884,463.216,0.721719483480685,0.365931548649072,926.432,2019_yk_201,Yukon,2019,0.720235954913319,0.366867684490153,-9.4996066091657e-4,669.536937808973,819.632814763434,1295.328,0.720456197844027,377.02798078306307
885,463.74,0.720075997447905,0.372962621466723,927.48,2019_yk_201,Yukon,2019,0.720339833672417,0.365995450244998,-8.7223424515514e-4,669.536937808973,819.632814763434,1295.328,0.720456197844027,377.02798078306307
886,464.264,0.717693316643882,0.373489827548076,928.528,2019_yk_201,Yukon,2019,0.720407790608617,0.365271003836903,-7.2444640809515e-4,669.536937808973,819.632814763434,1295.328,0.720456197844027,377.02798078306307
887,464.788,0.717842823728299,0.368239636690467,929.576,2019_yk_201,Yukon,2019,0.720315047769232,0.364582666212965,-6.8833762393738e-4,669.536937808973,819.632814763434,1295.328,0.720456197844027,377.02798078306307
888,465.312,0.717302097026004,0.368154248100894,930.624,2019_yk_201,Yukon,2019,0.720279639647904,0.363798243341573,-7.8442287139241e-4,669.536937808973,819.632814763434,1295.328,0.720456197844027,377.02798078306307
889,465.836,0.719555629817319,0.369520777370325,931.672,2019_yk_201,Yukon,2019,0.720281531827753,0.363050775147155,-7.4746819441734e-4,669.536937808973,819.632814763434,1295.328,0.720456197844027,377.02798078306307
890,466.36,0.719764355389811,0.369452557981887,932.72,2019_yk_201,Yukon,2019,0.720289700136052,0.362304183518068,-7.4659162908752e-4,669.536937808973,819.632814763434,1295.328,0.720456197844027,377.02798078306307
891,466.884,0.71986575305855,0.365965751088016,933.768,2019_yk_201,Yukon,2019,0.720222337291612,0.361514155220825,-7.90028297243e-4,669.536937808973,819.632814763434,1295.328,0.720456197844027,377.02798078306307
892,467.408,0.720135028158361,0.365114349896805,934.816,2019_yk_201,Yukon,2019,0.720167042071625,0.36084439334659,-6.6976187423439e-4,669.536937808973,819.632814763434,1295.328,0.720456197844027,377.02798078306307
893,467.932,0.718584481485148,0.363782865488919,935.864,2019_yk_201,Yukon,2019,0.720153143035883,0.360239712687153,-6.0468065943702e-4,669.536937808973,819.632814763434,1295.328,0.720456197844027,377.02798078306307
894,468.456,0.719440520894498,0.362408033576051,936.912,2019_yk_201,Yukon,2019,0.720147922283999,0.359848191207541,-3.915214796128e-4,669.536937808973,819.632814763434,1295.328,0.720456197844027,377.02798078306307
895,468.98,0.715397784124995,0.361833422570517,937.96,2019_yk_201,Yukon,2019,0.720197864340974,0.359349131856795,-4.990593507459e-4,669.536937808973,819.632814763434,1295.328,0.720456197844027,377.02798078306307
896,469.504,0.719541231389779,0.36862817671504,939.008,2019_yk_201,Yukon,2019,0.720240649073683,0.35889755059324,-4.5158126355515e-4,669.536937808973,819.632814763434,1295.328,0.720456197844027,377.02798078306307
897,470.028,0.722563169925203,0.367431501836212,940.056,2019_yk_201,Yukon,2019,0.720259974607575,0.358607299116197,-2.9025147704264e-4,669.536937808973,819.632814763434,1295.328,0.720456197844027,377.02798078306307
898,470.552,0.723352204865339,0.358125748387242,941.104,2019_yk_201,Yukon,2019,0.720171899866971,0.358308909503029,-2.9838961316824e-4,669.536937808973,819.632814763434,1295.328,0.720456197844027,377.02798078306307
899,471.076,0.71907199649553,0.359881905738439,942.152,2019_yk_201,Yukon,2019,0.720098553542521,0.357807538499881,-5.0137100314795e-4,669.536937808973,819.632814763434,1295.328,0.720456197844027,377.02798078306307
900,471.6,0.714628640863627,0.361702753872185,943.2,2019_yk_201,Yukon,2019,0.72011726180917,0.357213737373372,-5.9380112650925e-4,669.536937808973,819.632814763434,1295.328,0.720456197844027,377.02798078306307
901,472.124,0.721394148992097,0.362623900152979,944.248,2019_yk_201,Yukon,2019,0.720103765447008,0.356645280630356,-0.00056845674301586005,669.536937808973,819.632814763434,1295.328,0.720456197844027,377.02798078306307
902,472.648,0.720909198634085,0.361785014698938,945.296,2019_yk_201,Yukon,2019,0.720118814409681,0.356019635328496,-6.2564530185971e-4,669.536937808973,819.632814763434,1295.328,0.720456197844027,377.02798078306307
903,473.172,0.723604026547844,0.356165374123609,946.344,2019_yk_201,Yukon,2019,0.720059505453243,0.355377930785042,-6.4170454345369e-4,669.536937808973,819.632814763434,1295.328,0.720456197844027,377.02798078306307
904,473.696,0.721059737621781,0.359065990517351,947.392,2019_yk_201,Yukon,2019,0.720133457393749,0.35467630655893,-7.0162422611258e-4,669.536937808973,819.632814763434,1295.328,0.720456197844027,377.02798078306307
905,474.22,0.721391663032959,0.351040211362323,948.44,2019_yk_201,Yukon,2019,0.720134314195801,0.354198301354719,-4.7800520421081e-4,669.536937808973,819.632814763434,1295.328,0.720456197844027,377.02798078306307
906,474.744,0.720925679297764,0.343553816404778,949.488,2019_yk_201,Yukon,2019,0.720156498602034,0.35350941571312,-6.8888564159913e-4,669.536937808973,819.632814763434,1295.328,0.720456197844027,377.02798078306307
907,475.268,0.723076266736868,0.348134267585896,950.536,2019_yk_201,Yukon,2019,0.720165104377558,0.352832284261672,-6.7713145144726e-4,669.536937808973,819.632814763434,1295.328,0.720456197844027,377.02798078306307
908,475.792,0.720969833647365,0.348289884838708,951.584,2019_yk_201,Yukon,2019,0.72015150667493,0.35226044379029,-5.7184047138292e-4,669.536937808973,819.632814763434,1295.328,0.720456197844027,377.02798078306307
909,476.316,0.719379536150106,0.343280841870102,952.632,2019_yk_201,Yukon,2019,0.720156770310833,0.351711927290458,-5.4851649983173e-4,669.536937808973,819.632814763434,1295.328,0.720456197844027,377.02798078306307
910,476.84,0.721427772221152,0.343318882301301,953.68,2019_yk_201,Yukon,2019,0.720220595183402,0.351156875836513,-5.5505145394435e-4,669.536937808973,819.632814763434,1295.328,0.720456197844027,377.02798078306307
911,477.364,0.722300605882627,0.341390723859128,954.728,2019_yk_201,Yukon,2019,0.720200885530987,0.350526826738808,-6.3004909770525e-4,669.536937808973,819.632814763434,1295.328,0.720456197844027,377.02798078306307
912,477.888,0.720948125672617,0.34301681439695,955.776,2019_yk_201,Yukon,2019,0.720274477714816,0.350003113296289,-5.2371344251894e-4,669.536937808973,819.632814763434,1295.328,0.720456197844027,377.02798078306307
913,478.412,0.72180138969925,0.34310398404856,956.824,2019_yk_201,Yukon,2019,0.720227880793327,0.349503618437216,-4.9949485907369e-4,669.536937808973,819.632814763434,1295.328,0.720456197844027,377.02798078306307
914,478.936,0.722451237270498,0.337770310742464,957.872,2019_yk_201,Yukon,2019,0.720204046143983,0.348977274235003,-5.2634420221242e-4,669.536937808973,819.632814763434,1295.328,0.720456197844027,377.02798078306307
915,479.46,0.722013369174754,0.339682115893907,958.92,2019_yk_201,Yukon,2019,0.720170665506406,0.348297842694196,-6.794315408074e-4,669.536937808973,819.632814763434,1295.328,0.720456197844027,377.02798078306307
916,479.984,0.724381952964937,0.347061657202047,959.968,2019_yk_201,Yukon,2019,0.720223720396397,0.347565289745764,-7.3255294843183e-4,669.536937808973,819.632814763434,1295.328,0.720456197844027,377.02798078306307
917,480.508,0.717596417690944,0.342827784139373,961.016,2019_yk_201,Yukon,2019,0.720264491208458,0.346929573143992,-6.3571660177186e-4,669.536937808973,819.632814763434,1295.328,0.720456197844027,377.02798078306307
918,481.032,0.718549973706661,0.335671997086151,962.064,2019_yk_201,Yukon,2019,0.720364703645162,0.346309186462989,-6.2038668100294e-4,669.536937808973,819.632814763434,1295.328,0.720456197844027,377.02798078306307
919,481.556,0.72065241039039,0.335819240205797,963.112,2019_yk_201,Yukon,2019,0.720321310154239,0.345730041187672,-5.7914527531699e-4,669.536937808973,819.632814763434,1295.328,0.720456197844027,377.02798078306307
920,482.08,0.721191613224942,0.338413520195236,964.16,2019_yk_201,Yukon,2019,0.720318889449389,0.345233682315061,-4.9635887261151e-4,669.536937808973,819.632814763434,1295.328,0.720456197844027,377.02798078306307
921,482.604,0.717753948615698,0.344537109728771,965.208,2019_yk_201,Yukon,2019,0.720330853715131,0.34472657711164,-5.0710520342039e-4,669.536937808973,819.632814763434,1295.328,0.720456197844027,377.02798078306307
922,483.128,0.718059194103961,0.341391279189513,966.256,2019_yk_201,Yukon,2019,0.720338816255947,0.344204966658306,-5.2161045333426e-4,669.536937808973,819.632814763434,1295.328,0.720456197844027,377.02798078306307
923,483.652,0.717684995517414,0.34280363710740003,967.304,2019_yk_201,Yukon,2019,0.720347663081435,0.343703531937238,-5.0143472106761e-4,669.536937808973,819.632814763434,1295.328,0.720456197844027,377.02798078306307
924,484.176,0.720073083196586,0.351019316076218,968.352,2019_yk_201,Yukon,2019,0.720298261577186,0.343173024014508,-5.3050792273073e-4,669.536937808973,819.632814763434,1295.328,0.720456197844027,377.02798078306307
925,484.7,0.720316773230029,0.348342504305315,969.4,2019_yk_201,Yukon,2019,0.720354408506067,0.342646684556978,-5.2633945752966e-4,669.536937808973,819.632814763434,1295.328,0.720456197844027,377.02798078306307
926,485.224,0.719157013124585,0.343782686623447,970.448,2019_yk_201,Yukon,2019,0.720371432923887,0.342172162919179,-4.7452163779881e-4,669.536937808973,819.632814763434,1295.328,0.720456197844027,377.02798078306307
927,485.748,0.72100565330384,0.354300077127874,971.496,2019_yk_201,Yukon,2019,0.720337765557246,0.34167227928235,-4.9988363682873e-4,669.536937808973,819.632814763434,1295.328,0.720456197844027,377.02798078306307
928,486.272,0.716856282348972,0.356635376646317,972.544,2019_yk_201,Yukon,2019,0.720332159443538,0.341250108846066,-4.2217043628473e-4,669.536937808973,819.632814763434,1295.328,0.720456197844027,377.02798078306307
929,486.796,0.718783086236047,0.342261709487792,973.592,2019_yk_201,Yukon,2019,0.720337450240793,0.34085030540352,-3.9980344254508e-4,669.536937808973,819.632814763434,1295.328,0.720456197844027,377.02798078306307
930,487.32,0.722627815094242,0.336093848637708,974.64,2019_yk_201,Yukon,2019,0.720404045674118,0.340326176000754,-5.2412940276602e-4,669.536937808973,819.632814763434,1295.328,0.720456197844027,377.02798078306307
931,487.844,0.720245573467712,0.338249229018282,975.688,2019_yk_201,Yukon,2019,0.72042372870262406,0.3397915404527,-5.3463554805499e-4,669.536937808973,819.632814763434,1295.328,0.720456197844027,377.02798078306307
932,488.368,0.721043528312469,0.339186206913067,976.736,2019_yk_201,Yukon,2019,0.72043508783306,0.339278370593027,-5.1316985967248e-4,669.536937808973,819.632814763434,1295.328,0.720456197844027,377.02798078306307
933,488.892,0.717644774553434,0.338478052728062,977.784,2019_yk_201,Yukon,2019,0.720378150797354,0.338798589557129,-4.7978103589774e-4,669.536937808973,819.632814763434,1295.328,0.720456197844027,377.02798078306307
934,489.416,0.723651752508502,0.330318280134194,978.832,2019_yk_201,Yukon,2019,0.720334881675724,0.338219999761692,-5.785897954369e-4,669.536937808973,819.632814763434,1295.328,0.720456197844027,377.02798078306307
935,489.94,0.720724384043555,0.34176785413425,979.88,2019_yk_201,Yukon,2019,0.720329883777316,0.337859544909727,-3.6045485196545e-4,669.536937808973,819.632814763434,1295.328,0.720456197844027,377.02798078306307
936,490.464,0.718702955992369,0.338821547887073,980.928,2019_yk_201,Yukon,2019,0.720358977520106,0.337525496133092,-3.3404877663484e-4,669.536937808973,819.632814763434,1295.328,0.720456197844027,377.02798078306307
937,490.988,0.722867159906347,0.335472473681575,981.976,2019_yk_201,Yukon,2019,0.720366347043944,0.337111230937722,-4.1426519537013e-4,669.536937808973,819.632814763434,1295.328,0.720456197844027,377.02798078306307
938,491.512,0.718887097124982,0.335843321212703,983.024,2019_yk_201,Yukon,2019,0.720332151468413,0.336566742500225,-5.4448843749682e-4,669.536937808973,819.632814763434,1295.328,0.720456197844027,377.02798078306307
939,492.036,0.72071704528299,0.332882076973428,984.072,2019_yk_201,Yukon,2019,0.72033274965093,0.336223021199578,-3.4372130064747e-4,669.536937808973,819.632814763434,1295.328,0.720456197844027,377.02798078306307
940,492.56,0.722660260597898,0.332371414224768,985.12,2019_yk_201,Yukon,2019,0.720312913212283,0.335867627500875,-3.5539369870218e-4,669.536937808973,819.632814763434,1295.328,0.720456197844027,377.02798078306307
941,493.084,0.718778674130453,0.33251654455963,986.168,2019_yk_201,Yukon,2019,0.720303283820677,0.335577140533919,-2.9048696695671e-4,669.536937808973,819.632814763434,1295.328,0.720456197844027,377.02798078306307
942,493.608,0.723712751723883,0.334280844659435,987.216,2019_yk_201,Yukon,2019,0.720277452334646,0.335280736038815,-2.9640449510404e-4,669.536937808973,819.632814763434,1295.328,0.720456197844027,377.02798078306307
943,494.132,0.719159571828997,0.334219656573668,988.264,2019_yk_201,Yukon,2019,0.720201743400494,0.33486797329187,-4.127627469444e-4,669.536937808973,819.632814763434,1295.328,0.720456197844027,377.02798078306307
944,494.656,0.72028940452003,0.334350896516326,989.312,2019_yk_201,Yukon,2019,0.72014266392168,0.334538988274323,-3.2898501754752e-4,669.536937808973,819.632814763434,1295.328,0.720456197844027,377.02798078306307
945,495.18,0.718073159193265,0.332196729018277,990.36,2019_yk_201,Yukon,2019,0.720091933670298,0.334101143887342,-4.3784438698119e-4,669.536937808973,819.632814763434,1295.328,0.720456197844027,377.02798078306307
946,495.704,0.720876610043352,0.329536650642166,991.408,2019_yk_201,Yukon,2019,0.720059015285995,0.333450022868897,-6.5112101844488e-4,669.536937808973,819.632814763434,1295.328,0.720456197844027,377.02798078306307
947,496.228,0.720289072451959,0.330096640584154,992.456,2019_yk_201,Yukon,2019,0.720092844001935,0.332865210364538,-5.8481250435832e-4,669.536937808973,819.632814763434,1295.328,0.720456197844027,377.02798078306307
948,496.752,0.723314843228235,0.330931047240718,993.504,2019_yk_201,Yukon,2019,0.720118242030293,0.332427638480745,-4.3757188379384e-4,669.536937808973,819.632814763434,1295.328,0.720456197844027,377.02798078306307
949,497.276,0.716952020361966,0.334772060851302,994.552,2019_yk_201,Yukon,2019,0.720118274429253,0.332118451567315,-3.0918691342968e-4,669.536937808973,819.632814763434,1295.328,0.720456197844027,377.02798078306307
950,497.8,0.719619113098787,0.339671025625198,995.6,2019_yk_201,Yukon,2019,0.720083203780698,0.331723444761716,-3.9500680559928e-4,669.536937808973,819.632814763434,1295.328,0.720456197844027,377.02798078306307
951,498.324,0.720583609003059,0.335539438882793,996.648,2019_yk_201,Yukon,2019,0.720152515114591,0.331138011533521,-5.8543322819443e-4,669.536937808973,819.632814763434,1295.328,0.720456197844027,377.02798078306307
952,498.848,0.720612780607336,0.333817722696748,997.696,2019_yk_201,Yukon,2019,0.720150550715272,0.33054704601753,-5.9096551599086e-4,669.536937808973,819.632814763434,1295.328,0.720456197844027,377.02798078306307
953,499.372,0.719115291014436,0.333696782224862,998.744,2019_yk_201,Yukon,2019,0.720201098539127,0.329949980549316,-5.9706546821475e-4,669.536937808973,819.632814763434,1295.328,0.720456197844027,377.02798078306307
954,499.896,0.716476430639568,0.330577558212204,999.792,2019_yk_201,Yukon,2019,0.72020780595018,0.329177625131289,-7.7235541802606e-4,669.536937808973,819.632814763434,1295.328,0.720456197844027,377.02798078306307
955,500.42,0.718766599857847,0.330253055118739,1000.84,2019_yk_201,Yukon,2019,0.72024902561742,0.328551322954573,-6.263021767166e-4,669.536937808973,819.632814763434,1295.328,0.720456197844027,377.02798078306307
956,500.944,0.720562696458988,0.340156878447109,1001.888,2019_yk_201,Yukon,2019,0.720331223603533,0.3280415444674,-5.097784871732e-4,669.536937808973,819.632814763434,1295.328,0.720456197844027,377.02798078306307
957,501.468,0.720543127926712,0.337438483626491,1002.936,2019_yk_201,Yukon,2019,0.720359664591415,0.327248322322889,-7.9322214451099e-4,669.536937808973,819.632814763434,1295.328,0.720456197844027,377.02798078306307
958,501.992,0.723015838042901,0.332795522210157,1003.984,2019_yk_201,Yukon,2019,0.720444641896239,0.326365310984562,-8.830113383268e-4,669.536937808973,819.632814763434,1295.328,0.720456197844027,377.02798078306307
959,502.516,0.719389444330807,0.335893699185735,1005.032,2019_yk_201,Yukon,2019,0.72048593166802,0.325761391562639,-6.0391942192322e-4,669.536937808973,819.632814763434,1295.328,0.720456197844027,377.02798078306307
960,503.04,0.718624366863131,0.330254989706224,1006.08,2019_yk_201,Yukon,2019,0.720435552858678,0.325161434008239,-5.9995755439917e-4,669.536937808973,819.632814763434,1295.328,0.720456197844027,377.02798078306307
961,503.564,0.722575130702451,0.330545767269679,1007.128,2019_yk_201,Yukon,2019,0.720385335332166,0.324494506200081,-6.6692780815874e-4,669.536937808973,819.632814763434,1295.328,0.720456197844027,377.02798078306307
962,504.088,0.721590746460275,0.330994823118592,1008.176,2019_yk_201,Yukon,2019,0.720333170130911,0.323779406289319,-7.1509991076201e-4,669.536937808973,819.632814763434,1295.328,0.720456197844027,377.02798078306307
963,504.612,0.720187804405438,0.327378511969744,1009.224,2019_yk_201,Yukon,2019,0.720384257196425,0.323089023995906,-6.9038229341278e-4,669.536937808973,819.632814763434,1295.328,0.720456197844027,377.02798078306307
964,505.136,0.718463590324013,0.324350602791134,1010.272,2019_yk_201,Yukon,2019,0.720349428267182,0.322582307108716,-5.0671688718967e-4,669.536937808973,819.632814763434,1295.328,0.720456197844027,377.02798078306307
965,505.66,0.721091789128486,0.329412920244396,1011.32,2019_yk_201,Yukon,2019,0.720423284019995,0.321750687723848,-8.3161938486858e-4,669.536937808973,819.632814763434,1295.328,0.720456197844027,377.02798078306307
966,506.184,0.722671303865139,0.323510889806686,1012.368,2019_yk_201,Yukon,2019,0.720387277746988,0.320961140928324,-7.8954679552323e-4,669.536937808973,819.632814763434,1295.328,0.720456197844027,377.02798078306307
967,506.708,0.723518438167153,0.323278355863692,1013.416,2019_yk_201,Yukon,2019,0.720359178830233,0.320177258820459,-7.8388210786573e-4,669.536937808973,819.632814763434,1295.328,0.720456197844027,377.02798078306307
968,507.232,0.718918099115508,0.315620578588898,1014.464,2019_yk_201,Yukon,2019,0.72038927546736,0.3194999116644,-6.7734715605821e-4,669.536937808973,819.632814763434,1295.328,0.720456197844027,377.02798078306307
969,507.756,0.719415427101105,0.322657563831254,1015.512,2019_yk_201,Yukon,2019,0.720408036733135,0.318769271112646,-7.3064055175475e-4,669.536937808973,819.632814763434,1295.328,0.720456197844027,377.02798078306307
970,508.28,0.720237585902344,0.32199526037917,1016.56,2019_yk_201,Yukon,2019,0.720389191766342,0.318039176686808,-7.3009442583743e-4,669.536937808973,819.632814763434,1295.328,0.720456197844027,377.02798078306307
971,508.804,0.721722842386253,0.323961505841727,1017.608,2019_yk_201,Yukon,2019,0.72037682280701,0.317355600691561,-6.8357599524748e-4,669.536937808973,819.632814763434,1295.328,0.720456197844027,377.02798078306307
972,509.328,0.719398236510767,0.325232544690705,1018.656,2019_yk_201,Yukon,2019,0.720311550330254,0.316653729427429,-7.0187126413134e-4,669.536937808973,819.632814763434,1295.328,0.720456197844027,377.02798078306307
973,509.852,0.717258853650143,0.318338219231895,1019.704,2019_yk_201,Yukon,2019,0.720278462364465,0.315942017257924,-7.1171216950521e-4,669.536937808973,819.632814763434,1295.328,0.720456197844027,377.02798078306307
974,510.376,0.718906468541654,0.318031209689612,1020.752,2019_yk_201,Yukon,2019,0.720243937066332,0.315274784048761,-6.6723320916317e-4,669.536937808973,819.632814763434,1295.328,0.720456197844027,377.02798078306307
975,510.9,0.718969554091831,0.313411452675038,1021.8,2019_yk_201,Yukon,2019,0.720293950055357,0.314628687164414,-6.4609688434696e-4,669.536937808973,819.632814763434,1295.328,0.720456197844027,377.02798078306307
976,511.424,0.722406849906783,0.307994396095353,1022.848,2019_yk_201,Yukon,2019,0.720215891163802,0.313986999044738,-6.4168811967624e-4,669.536937808973,819.632814763434,1295.328,0.720456197844027,377.02798078306307
977,511.948,0.719626140647347,0.307739033877877,1023.896,2019_yk_201,Yukon,2019,0.720170468689901,0.313319054050301,-6.6794499443645e-4,669.536937808973,819.632814763434,1295.328,0.720456197844027,377.02798078306307
978,512.472,0.720073855408127,0.309417684058518,1024.944,2019_yk_201,Yukon,2019,0.72010961417697406,0.31260577910048,-7.1327494982165e-4,669.536937808973,819.632814763434,1295.328,0.720456197844027,377.02798078306307
979,512.996,0.720654354328003,0.317268025400017,1025.992,2019_yk_201,Yukon,2019,0.720161610531077,0.311830178518517,-7.7560058196241e-4,669.536937808973,819.632814763434,1295.328,0.720456197844027,377.02798078306307
980,513.52,0.719087374311628,0.314713111859276,1027.04,2019_yk_201,Yukon,2019,0.720205135046606,0.3109039677197,-9.2621079881744e-4,669.536937808973,819.632814763434,1295.328,0.720456197844027,377.02798078306307
981,514.044,0.721912628649254,0.309411116037108,1028.088,2019_yk_201,Yukon,2019,0.720167394533956,0.310045826870734,-8.581408489654e-4,669.536937808973,819.632814763434,1295.328,0.720456197844027,377.02798078306307
982,514.568,0.717941330144837,0.305933348230062,1029.136,2019_yk_201,Yukon,2019,0.720155756248291,0.309239041032488,-8.0678583824672e-4,669.536937808973,819.632814763434,1295.328,0.720456197844027,377.02798078306307
983,515.092,0.72071786494873,0.306979709014516,1030.184,2019_yk_201,Yukon,2019,0.7201228353768,0.308494505805512,-7.4453522697548e-4,669.536937808973,819.632814763434,1295.328,0.720456197844027,377.02798078306307
984,515.616,0.720475527859729,0.304677990994655,1031.232,2019_yk_201,Yukon,2019,0.720137512152109,0.307809598921482,-6.8490688403044e-4,669.536937808973,819.632814763434,1295.328,0.720456197844027,377.02798078306307
985,516.14,0.722789953264451,0.310764373702321,1032.28,2019_yk_201,Yukon,2019,0.720121371262332,0.307096810567416,-7.1278835406535e-4,669.536937808973,819.632814763434,1295.328,0.720456197844027,377.02798078306307
986,516.664,0.724088892291374,0.313195977393051,1033.328,2019_yk_201,Yukon,2019,0.720130545191545,0.306199097485611,-8.9771308180547e-4,669.536937808973,819.632814763434,1295.328,0.720456197844027,377.02798078306307
987,517.188,0.722712112576743,0.306706748457216,1034.376,2019_yk_201,Yukon,2019,0.720132361483797,0.305395182604866,-8.039148807446e-4,669.536937808973,819.632814763434,1295.328,0.720456197844027,377.02798078306307
988,517.712,0.721954920638435,0.303654696346706,1035.424,2019_yk_201,Yukon,2019,0.720105004996488,0.30462043418504,-7.7474841982627e-4,669.536937808973,819.632814763434,1295.328,0.720456197844027,377.02798078306307
989,518.236,0.721260472542885,0.306026544172399,1036.472,2019_yk_201,Yukon,2019,0.720105506554023,0.303870179487989,-7.5025469705097e-4,669.536937808973,819.632814763434,1295.328,0.720456197844027,377.02798078306307
990,518.76,0.719605086533729,0.300096395373756,1037.52,2019_yk_201,Yukon,2019,0.720138355398119,0.303082550990307,-7.8762849768171e-4,669.536937808973,819.632814763434,1295.328,0.720456197844027,377.02798078306307
991,519.284,0.717232521876998,0.298233560528758,1038.568,2019_yk_201,Yukon,2019,0.720114751947172,0.302219826434339,-8.6272455596853e-4,669.536937808973,819.632814763434,1295.328,0.720456197844027,377.02798078306307
992,519.808,0.717913616237186,0.296280212267347,1039.616,2019_yk_201,Yukon,2019,0.720079297360319,0.301382427397439,-8.3739903689988e-4,669.536937808973,819.632814763434,1295.328,0.720456197844027,377.02798078306307
993,520.332,0.720709998484251,0.297055115123296,1040.664,2019_yk_201,Yukon,2019,0.720060337063233,0.300665447761717,-7.1697963572159e-4,669.536937808973,819.632814763434,1295.328,0.720456197844027,377.02798078306307
994,520.856,0.721562016753911,0.299915266902817,1041.712,2019_yk_201,Yukon,2019,0.720077791108083,0.299905273985339,-7.6017377637838e-4,669.536937808973,819.632814763434,1295.328,0.720456197844027,377.02798078306307
995,521.38,0.725155729212328,0.291870691042134,1042.76,2019_yk_201,Yukon,2019,0.72003186678192,0.29904802994866,-8.5724403667858e-4,669.536937808973,819.632814763434,1295.328,0.720456197844027,377.02798078306307
996,521.904,0.716542579611946,0.291448740155677,1043.808,2019_yk_201,Yukon,2019,0.72001975993671,0.298304893411169,-7.4313653749164e-4,669.536937808973,819.632814763434,1295.328,0.720456197844027,377.02798078306307
997,522.428,0.721181224901081,0.288439547209633,1044.856,2019_yk_201,Yukon,2019,0.719916837538729,0.297587107021412,-7.1778638975728e-4,669.536937808973,819.632814763434,1295.328,0.720456197844027,377.02798078306307
998,522.952,0.720692895352558,0.295202491849211,1045.904,2019_yk_201,Yukon,2019,0.719843103013287,0.296941552824044,-6.4555419736739e-4,669.536937808973,819.632814763434,1295.328,0.720456197844027,377.02798078306307
999,523.476,0.721842721229551,0.28904364386814,1046.952,2019_yk_201,Yukon,2019,0.719896964097386,0.296036856024226,-9.0469679981763e-4,669.536937808973,819.632814763434,1295.328,0.720456197844027,377.02798078306307
1000,524,0.721529562590281,0.288565748674521,1048,2019_yk_201,Yukon,2019,0.719853307555543,0.295177714622691,-8.5914140153581e-4,669.536937808973,819.632814763434,1295.328,0.720456197844027,377.02798078306307
1001,524.524,0.718036536570566,0.291501984844782,1049.048,2019_yk_201,Yukon,2019,0.719777531491435,0.294193883625097,-9.8383099759374e-4,669.536937808973,819.632814763434,1295.328,0.720456197844027,377.02798078306307
1002,525.048,0.719796403118502,0.292168568811552,1050.096,2019_yk_201,Yukon,2019,0.719771642340552,0.293201138663192,-9.9274496190487e-4,669.536937808973,819.632814763434,1295.328,0.720456197844027,377.02798078306307
1003,525.572,0.717174293881626,0.291516926403352,1051.144,2019_yk_201,Yukon,2019,0.719801371440675,0.292335353353782,-8.6578530941006e-4,669.536937808973,819.632814763434,1295.328,0.720456197844027,377.02798078306307
1004,526.096,0.718217886632083,0.294316903966539,1052.192,2019_yk_201,Yukon,2019,0.71982048232641,0.291472367860447,-8.6298549333491e-4,669.536937808973,819.632814763434,1295.328,0.720456197844027,377.02798078306307
1005,526.62,0.721073938534733,0.293430915957455,1053.24,2019_yk_201,Yukon,2019,0.719869297252283,0.290668797391253,-8.035704691936e-4,669.536937808973,819.632814763434,1295.328,0.720456197844027,377.02798078306307
1006,527.144,0.716193076550091,0.291035363461594,1054.288,2019_yk_201,Yukon,2019,0.719778491444959,0.289966839063926,-7.01958327327e-4,669.536937808973,819.632814763434,1295.328,0.720456197844027,377.02798078306307
1007,527.668,0.717563724017912,0.290019940917966,1055.336,2019_yk_201,Yukon,2019,0.719850404315936,0.289307119210593,-6.5971985333335e-4,669.536937808973,819.632814763434,1295.328,0.720456197844027,377.02798078306307
1008,528.192,0.719663572452584,0.288134550251416,1056.384,2019_yk_201,Yukon,2019,0.719830032168462,0.288635064505587,-6.7205470500564e-4,669.536937808973,819.632814763434,1295.328,0.720456197844027,377.02798078306307
1009,528.716,0.720071801608164,0.288236025933559,1057.432,2019_yk_201,Yukon,2019,0.719792412274166,0.287812075264028,-8.2298924155976e-4,669.536937808973,819.632814763434,1295.328,0.720456197844027,377.02798078306307
1010,529.24,0.72223058403052,0.284098377696149,1058.48,2019_yk_201,Yukon,2019,0.719775382194461,0.287029289604215,-7.827856598131e-4,669.536937808973,819.632814763434,1295.328,0.720456197844027,377.02798078306307
1011,529.764,0.718319178244045,0.284050987944869,1059.528,2019_yk_201,Yukon,2019,0.719771168302574,0.286390145641204,-6.3914396301045e-4,669.536937808973,819.632814763434,1295.328,0.720456197844027,377.02798078306307
1012,530.288,0.71991448346745,0.285410572401945,1060.576,2019_yk_201,Yukon,2019,0.719785304579917,0.28569966554165,-6.9048009955397e-4,669.536937808973,819.632814763434,1295.328,0.720456197844027,377.02798078306307
1013,530.812,0.717140038724985,0.289024668606329,1061.624,2019_yk_201,Yukon,2019,0.719736970844818,0.285105188951362,-5.9447659028794e-4,669.536937808973,819.632814763434,1295.328,0.720456197844027,377.02798078306307
1014,531.336,0.717357037158105,0.289483145170379,1062.672,2019_yk_201,Yukon,2019,0.719624936849999,0.28450435548254,-6.0083346882261e-4,669.536937808973,819.632814763434,1295.328,0.720456197844027,377.02798078306307
1015,531.86,0.717798146471214,0.287485753874818,1063.72,2019_yk_201,Yukon,2019,0.719500254016882,0.283731179913089,-7.7317556945083e-4,669.536937808973,819.632814763434,1295.328,0.720456197844027,377.02798078306307
1016,532.384,0.721113132211741,0.286294093538782,1064.768,2019_yk_201,Yukon,2019,0.719392291787262,0.282926702789576,-8.0447712351272e-4,669.536937808973,819.632814763434,1295.328,0.720456197844027,377.02798078306307
1017,532.908,0.720652105461846,0.289203590781816,1065.816,2019_yk_201,Yukon,2019,0.719316226977007,0.282203043744679,-7.2365904489668e-4,669.536937808973,819.632814763434,1295.328,0.720456197844027,377.02798078306307
1018,533.432,0.721374448804358,0.28631061702058,1066.864,2019_yk_201,Yukon,2019,0.719276485179497,0.281447023784703,-7.5601995997648e-4,669.536937808973,819.632814763434,1295.328,0.720456197844027,377.02798078306307
1019,533.956,0.719419537782905,0.290878417362677,1067.912,2019_yk_201,Yukon,2019,0.719267868613735,0.280652481860463,-7.9454192423977e-4,669.536937808973,819.632814763434,1295.328,0.720456197844027,377.02798078306307
1020,534.48,0.720595297508902,0.282997279845318,1068.96,2019_yk_201,Yukon,2019,0.719317342151019,0.279912883811752,-7.3959804871071e-4,669.536937808973,819.632814763434,1295.328,0.720456197844027,377.02798078306307
1021,535.004,0.721158923645671,0.278782293911567,1070.008,2019_yk_201,Yukon,2019,0.719344706444793,0.27917241764126,-7.4046617049278e-4,669.536937808973,819.632814763434,1295.328,0.720456197844027,377.02798078306307
1022,535.528,0.719463471249089,0.280750880904601,1071.056,2019_yk_201,Yukon,2019,0.71940660276241,0.278435711119969,-7.3670652129082e-4,669.536937808973,819.632814763434,1295.328,0.720456197844027,377.02798078306307
1023,536.052,0.719050186580258,0.284359733826449,1072.104,2019_yk_201,Yukon,2019,0.719311059414758,0.277617805961401,-8.1790515856794e-4,669.536937808973,819.632814763434,1295.328,0.720456197844027,377.02798078306307
1024,536.576,0.719510833015002,0.27874017620843,1073.152,2019_yk_201,Yukon,2019,0.719339475745026,0.276733421480362,-8.8438448103861e-4,669.536937808973,819.632814763434,1295.328,0.720456197844027,377.02798078306307
1025,537.1,0.718336329558747,0.27797827804368,1074.2,2019_yk_201,Yukon,2019,0.719150608698809,0.27593256853192,-8.0085294844184e-4,669.536937808973,819.632814763434,1295.328,0.720456197844027,377.02798078306307
1026,537.624,0.721944893152482,0.278922697557186,1075.248,2019_yk_201,Yukon,2019,0.719063596382443,0.275114354509035,-8.1821402288495e-4,669.536937808973,819.632814763434,1295.328,0.720456197844027,377.02798078306307
1027,538.148,0.71734309428833,0.280211172478258,1076.296,2019_yk_201,Yukon,2019,0.71900331070189,0.27427533210344,-8.3902240559569e-4,669.536937808973,819.632814763434,1295.328,0.720456197844027,377.02798078306307
1028,538.672,0.714494027588966,0.276887326746857,1077.344,2019_yk_201,Yukon,2019,0.719008289901123,0.273327423164195,-9.4790893924429e-4,669.536937808973,819.632814763434,1295.328,0.720456197844027,377.02798078306307
1029,539.196,0.722647092147061,0.268375755842194,1078.392,2019_yk_201,Yukon,2019,0.718962184080852,0.272495618831888,-8.3180433230695e-4,669.536937808973,819.632814763434,1295.328,0.720456197844027,377.02798078306307
1030,539.72,0.717618193391732,0.27044677628702,1079.44,2019_yk_201,Yukon,2019,0.718895925487785,0.271689008632947,-8.0661019894195e-4,669.536937808973,819.632814763434,1295.328,0.720456197844027,377.02798078306307
1031,540.244,0.717176278539824,0.264931645986102,1080.488,2019_yk_201,Yukon,2019,0.718860817736757,0.270764015147518,-9.2499348542901e-4,669.536937808973,819.632814763434,1295.328,0.720456197844027,377.02798078306307
1032,540.768,0.719044887457773,0.265667846976411,1081.536,2019_yk_201,Yukon,2019,0.718888456404466,0.269863364098465,-9.0065104905245e-4,669.536937808973,819.632814763434,1295.328,0.720456197844027,377.02798078306307
1033,541.292,0.719042599657518,0.266391100667288,1082.584,2019_yk_201,Yukon,2019,0.718909435878751,0.268994503144582,-8.6886095388261e-4,669.536937808973,819.632814763434,1295.328,0.720456197844027,377.02798078306307
1034,541.816,0.720053121685773,0.266252080089521,1083.632,2019_yk_201,Yukon,2019,0.718950849885075,0.268041698995685,-9.5280414889781e-4,669.536937808973,819.632814763434,1295.328,0.720456197844027,377.02798078306307
1035,542.34,0.721898449644181,0.265197224523418,1084.68,2019_yk_201,Yukon,2019,0.718946582546934,0.267139539533313,-9.0215946237193e-4,669.536937808973,819.632814763434,1295.328,0.720456197844027,377.02798078306307
1036,542.864,0.716958501467361,0.265876896455734,1085.728,2019_yk_201,Yukon,2019,0.719019129559895,0.26627038047896,-8.6915905435286e-4,669.536937808973,819.632814763434,1295.328,0.720456197844027,377.02798078306307
1037,543.388,0.723940912905946,0.268155842677874,1086.776,2019_yk_201,Yukon,2019,0.718944624036562,0.265368609447784,-9.0177103117594e-4,669.536937808973,819.632814763434,1295.328,0.720456197844027,377.02798078306307
1038,543.912,0.718851526559714,0.269094401758179,1087.824,2019_yk_201,Yukon,2019,0.719001767873981,0.264423594330611,-9.4501511717326e-4,669.536937808973,819.632814763434,1295.328,0.720456197844027,377.02798078306307
1039,544.436,0.718397160670217,0.267888670906434,1088.872,2019_yk_201,Yukon,2019,0.71897947181931,0.263488345419836,-9.3524891077428e-4,669.536937808973,819.632814763434,1295.328,0.720456197844027,377.02798078306307
1040,544.96,0.718065569529337,0.267745972270488,1089.92,2019_yk_201,Yukon,2019,0.718926715326787,0.262626476133153,-8.618692866833e-4,669.536937808973,819.632814763434,1295.328,0.720456197844027,377.02798078306307
1041,545.484,0.721659795136011,0.271062478256483,1090.968,2019_yk_201,Yukon,2019,0.718860127484616,0.261904409204844,-7.2206692830884e-4,669.536937808973,819.632814763434,1295.328,0.720456197844027,377.02798078306307
1042,546.008,0.718789506785409,0.264504542256822,1092.016,2019_yk_201,Yukon,2019,0.718797553728473,0.261065578821817,-8.3883038302756e-4,669.536937808973,819.632814763434,1295.328,0.720456197844027,377.02798078306307
1043,546.532,0.717817840842802,0.27131111359724,1093.064,2019_yk_201,Yukon,2019,0.718776938198259,0.260075866702752,-9.8971211906417e-4,669.536937808973,819.632814763434,1295.328,0.720456197844027,377.02798078306307
1044,547.056,0.713753488170585,0.268627982865296,1094.112,2019_yk_201,Yukon,2019,0.718777061946552,0.259189905120858,-8.8596158189474e-4,669.536937808973,819.632814763434,1295.328,0.720456197844027,377.02798078306307
1045,547.58,0.715308983277467,0.264373839535273,1095.16,2019_yk_201,Yukon,2019,0.718710551010374,0.258353109336186,-8.367957846721e-4,669.536937808973,819.632814763434,1295.328,0.720456197844027,377.02798078306307
1046,548.104,0.717611158514173,0.264927349982288,1096.208,2019_yk_201,Yukon,2019,0.71868990618338,0.257597617360381,-7.5549197580471e-4,669.536937808973,819.632814763434,1295.328,0.720456197844027,377.02798078306307
1047,548.628,0.718148223961458,0.263287205763416,1097.256,2019_yk_201,Yukon,2019,0.718632009083989,0.25670479021593,-8.9282714445065e-4,669.536937808973,819.632814763434,1295.328,0.720456197844027,377.02798078306307
1048,549.152,0.719570412787787,0.258293498748114,1098.304,2019_yk_201,Yukon,2019,0.71860074648803,0.255862290945945,-8.4249926998558e-4,669.536937808973,819.632814763434,1295.328,0.720456197844027,377.02798078306307
1049,549.676,0.720743478597173,0.258354028718011,1099.352,2019_yk_201,Yukon,2019,0.718534985743875,0.254897751847735,-9.6453909820953e-4,669.536937808973,819.632814763434,1295.328,0.720456197844027,377.02798078306307
1050,550.2,0.722573498770755,0.255720512451116,1100.4,2019_yk_201,Yukon,2019,0.718569019256795,0.254097623681065,-8.0012816667018e-4,669.536937808973,819.632814763434,1295.328,0.720456197844027,377.02798078306307
1051,550.724,0.718874379503473,0.253805590299192,1101.448,2019_yk_201,Yukon,2019,0.718547644538144,0.253374578811185,-7.2304486988006e-4,669.536937808973,819.632814763434,1295.328,0.720456197844027,377.02798078306307
1052,551.248,0.721627395294214,0.252077820989896,1102.496,2019_yk_201,Yukon,2019,0.718509206025601,0.252622130821574,-7.5244798961038e-4,669.536937808973,819.632814763434,1295.328,0.720456197844027,377.02798078306307
1053,551.772,0.714977397625134,0.24798080560922,1103.544,2019_yk_201,Yukon,2019,0.718481161062164,0.251844253610576,-7.7787721099803e-4,669.536937808973,819.632814763434,1295.328,0.720456197844027,377.02798078306307
1054,552.296,0.723266996569991,0.246852198040503,1104.592,2019_yk_201,Yukon,2019,0.718487429612184,0.251162342884744,-6.819107258324e-4,669.536937808973,819.632814763434,1295.328,0.720456197844027,377.02798078306307
1055,552.82,0.71382370643927,0.243819514135621,1105.64,2019_yk_201,Yukon,2019,0.71845359220339,0.250575110838889,-5.872320458552e-4,669.536937808973,819.632814763434,1295.328,0.720456197844027,377.02798078306307
1056,553.344,0.711321840630033,0.242355898782577,1106.688,2019_yk_201,Yukon,2019,0.718418965018082,0.249933826398679,-6.4128444020999e-4,669.536937808973,819.632814763434,1295.328,0.720456197844027,377.02798078306307
1057,553.868,0.717564084067867,0.238098202873893,1107.736,2019_yk_201,Yukon,2019,0.718393906850976,0.249295489777737,-6.3833662094151e-4,669.536937808973,819.632814763434,1295.328,0.720456197844027,377.02798078306307
1058,554.392,0.720991647306568,0.238327955494555,1108.784,2019_yk_201,Yukon,2019,0.718351922608054,0.248733320256186,-5.6216952155152e-4,669.536937808973,819.632814763434,1295.328,0.720456197844027,377.02798078306307
1059,554.916,0.719076372013268,0.239135383929724,1109.832,2019_yk_201,Yukon,2019,0.718241011494673,0.248328762506337,-4.0455774984832e-4,669.536937808973,819.632814763434,1295.328,0.720456197844027,377.02798078306307
1060,555.44,0.717554047006279,0.240169136738003,1110.88,2019_yk_201,Yukon,2019,0.718191901116258,0.247959163137845,-3.6959936849279e-4,669.536937808973,819.632814763434,1295.328,0.720456197844027,377.02798078306307
1061,555.964,0.715930071508851,0.23600237571904,1111.928,2019_yk_201,Yukon,2019,0.718162701484465,0.247684545789573,-2.7461734827175e-4,669.536937808973,819.632814763434,1295.328,0.720456197844027,377.02798078306307
1062,556.488,0.721454723181031,0.238129505868406,1112.976,2019_yk_201,Yukon,2019,0.718145344254481,0.247463933586984,-2.2061220258942e-4,669.536937808973,819.632814763434,1295.328,0.720456197844027,377.02798078306307
1063,557.012,0.718433062338752,0.239385269170398,1114.024,2019_yk_201,Yukon,2019,0.718144749902243,0.247285422433325,-1.7851115365891e-4,669.536937808973,819.632814763434,1295.328,0.720456197844027,377.02798078306307
1064,557.536,0.720702727011511,0.237148655032668,1115.072,2019_yk_201,Yukon,2019,0.718043841128194,0.247098236161685,-1.8718627163943e-4,669.536937808973,819.632814763434,1295.328,0.720456197844027,377.02798078306307
1065,558.06,0.720817898246262,0.239301348215141,1116.12,2019_yk_201,Yukon,2019,0.717934839891205,0.247017545195162,-8.06909665230782e-5,669.536937808973,819.632814763434,1295.328,0.720456197844027,377.02798078306307
1066,558.584,0.720545897327768,0.238885820200423,1117.168,2019_yk_201,Yukon,2019,0.717909741800613,0.246886509054651,-1.3103614051143e-4,669.536937808973,819.632814763434,1295.328,0.720456197844027,377.02798078306307
1067,559.108,0.713093392617917,0.235913679047407,1118.216,2019_yk_201,Yukon,2019,0.717813639645067,0.246735532452919,-1.5097660173127e-4,669.536937808973,819.632814763434,1295.328,0.720456197844027,377.02798078306307
1068,559.632,0.72309220269772,0.23143364322102,1119.264,2019_yk_201,Yukon,2019,0.717765564600452,0.246643389182054,-9.21432708652359e-5,669.536937808973,819.632814763434,1295.328,0.720456197844027,377.02798078306307
1069,560.156,0.718734038327924,0.232121091287103,1120.312,2019_yk_201,Yukon,2019,0.717730520916652,0.246598849545808,-4.45396362465378e-5,669.536937808973,819.632814763434,1295.328,0.720456197844027,377.02798078306307
1070,560.68,0.719065194479104,0.232386220495149,1121.36,2019_yk_201,Yukon,2019,0.717662366022074,0.246572318872443,-2.65306733647774e-5,669.536937808973,819.632814763434,1295.328,0.720456197844027,377.02798078306307
1071,561.204,0.714323907713781,0.240726972246339,1122.408,2019_yk_201,Yukon,2019,0.717478109799208,0.246521151138194,-5.11677342489025e-5,669.536937808973,819.632814763434,1295.328,0.720456197844027,377.02798078306307
1072,561.728,0.716160058098866,0.235080749420289,1123.456,2019_yk_201,Yukon,2019,0.717440293088878,0.246683241300165,1.6209016197066e-4,669.536937808973,819.632814763434,1295.328,0.720456197844027,377.02798078306307
1073,562.252,0.715903106912178,0.229641941462478,1124.504,2019_yk_201,Yukon,2019,0.717429930930842,0.246786012278786,1.0277097862154e-4,669.536937808973,819.632814763434,1295.328,0.720456197844027,377.02798078306307
1074,562.776,0.717364462055696,0.236325450256694,1125.552,2019_yk_201,Yukon,2019,0.717484023613467,0.246968705601487,1.8269332270101e-4,669.536937808973,819.632814763434,1295.328,0.720456197844027,377.02798078306307
1075,563.3,0.713807490300537,0.237278006794491,1126.6,2019_yk_201,Yukon,2019,0.717446437174628,0.247285554307631,3.1684870614406e-4,669.536937808973,819.632814763434,1295.328,0.720456197844027,377.02798078306307
1076,563.824,0.719874442592069,0.240964574990502,1127.648,2019_yk_201,Yukon,2019,0.717403162241363,0.247622011385889,3.3645707825735e-4,669.536937808973,819.632814763434,1295.328,0.720456197844027,377.02798078306307
1077,564.348,0.717178279498399,0.235633962114775,1128.696,2019_yk_201,Yukon,2019,0.717316516740901,0.248125697032009,5.0368564612021e-4,669.536937808973,819.632814763434,1295.328,0.720456197844027,377.02798078306307
1078,564.872,0.719498693046787,0.235760660821447,1129.744,2019_yk_201,Yukon,2019,0.717228616796068,0.248647025072392,5.213280403829e-4,669.536937808973,819.632814763434,1295.328,0.720456197844027,377.02798078306307
1079,565.396,0.71547389313363,0.233006071470106,1130.792,2019_yk_201,Yukon,2019,0.717129613880105,0.24917196886268,5.2494379028789e-4,669.536937808973,819.632814763434,1295.328,0.720456197844027,377.02798078306307
1080,565.92,0.72263730828412,0.234989589845104,1131.84,2019_yk_201,Yukon,2019,0.71698763325997,0.249794852850446,6.2288398776674e-4,669.536937808973,819.632814763434,1295.328,0.720456197844027,377.02798078306307
1081,566.444,0.719876440526576,0.235399601718765,1132.888,2019_yk_201,Yukon,2019,0.716952311922609,0.25050695553517,7.1210268472321e-4,669.536937808973,819.632814763434,1295.328,0.720456197844027,377.02798078306307
1082,566.968,0.717157160496554,0.235604001527978,1133.936,2019_yk_201,Yukon,2019,0.71684253994051,0.251378211464366,8.7125592919651e-4,669.536937808973,819.632814763434,1295.328,0.720456197844027,377.02798078306307
1083,567.492,0.717367488774015,0.237687101166566,1134.984,2019_yk_201,Yukon,2019,0.716838481632139,0.252307348192695,9.2913672832878e-4,669.536937808973,819.632814763434,1295.328,0.720456197844027,377.02798078306307
1084,568.016,0.71988694601623,0.237825532658487,1136.032,2019_yk_201,Yukon,2019,0.716686345627736,0.253329250445139,0.00102190225244403,669.536937808973,819.632814763434,1295.328,0.720456197844027,377.02798078306307
1085,568.54,0.716306085031067,0.242744355292366,1137.08,2019_yk_201,Yukon,2019,0.716744588492427,0.254430226650075,0.00110097620493632,669.536937808973,819.632814763434,1295.328,0.720456197844027,377.02798078306307
1086,569.064,0.719867262033998,0.240445631144588,1138.128,2019_yk_201,Yukon,2019,0.71679376726858,0.255598901237555,0.00116867458747943,669.536937808973,819.632814763434,1295.328,0.720456197844027,377.02798078306307
1087,569.588,0.715839604261979,0.241910975221767,1139.176,2019_yk_201,Yukon,2019,0.71676060231106,0.256919341211031,0.00132043997347686,669.536937808973,819.632814763434,1295.328,0.720456197844027,377.02798078306307
1088,570.112,0.711974973013674,0.243157155453766,1140.224,2019_yk_201,Yukon,2019,0.716645599061045,0.258251562836657,0.00133222162562574,669.536937808973,819.632814763434,1295.328,0.720456197844027,377.02798078306307
1089,570.636,0.715992425344171,0.244102290851293,1141.272,2019_yk_201,Yukon,2019,0.716567176662026,0.259610278388543,0.0013587155518856,669.536937808973,819.632814763434,1295.328,0.720456197844027,377.02798078306307
1090,571.16,0.714671570686816,0.248270814177452,1142.32,2019_yk_201,Yukon,2019,0.716474431976891,0.260956912285844,0.00134663389730127,669.536937808973,819.632814763434,1295.328,0.720456197844027,377.02798078306307
1091,571.684,0.715424300632289,0.248454605089797,1143.368,2019_yk_201,Yukon,2019,0.716392944204911,0.262402735635485,0.00144582334964122,669.536937808973,819.632814763434,1295.328,0.720456197844027,377.02798078306307
1092,572.208,0.7180034536587,0.252431114821047,1144.416,2019_yk_201,Yukon,2019,0.716246389013288,0.26387797817287,0.00147524253738429,669.536937808973,819.632814763434,1295.328,0.720456197844027,377.02798078306307
1093,572.732,0.719006938523235,0.255680431447753,1145.464,2019_yk_201,Yukon,2019,0.716145895049877,0.265424061988932,0.00154608381606242,669.536937808973,819.632814763434,1295.328,0.720456197844027,377.02798078306307
1094,573.256,0.713998595242867,0.255020903791154,1146.512,2019_yk_201,Yukon,2019,0.716032863687231,0.267059107825596,0.00163504583666363,669.536937808973,819.632814763434,1295.328,0.720456197844027,377.02798078306307
1095,573.78,0.715358375424831,0.260355766532034,1147.56,2019_yk_201,Yukon,2019,0.715892146304279,0.268696001801085,0.00163689397548927,669.536937808973,819.632814763434,1295.328,0.720456197844027,377.02798078306307
1096,574.304,0.715452616031817,0.258014728025046,1148.608,2019_yk_201,Yukon,2019,0.715752668695627,0.270421675319037,0.00172567351795255,669.536937808973,819.632814763434,1295.328,0.720456197844027,377.02798078306307
1097,574.828,0.718174783573222,0.259097246573998,1149.656,2019_yk_201,Yukon,2019,0.715671664915746,0.27218047759096,0.0017588022719221,669.536937808973,819.632814763434,1295.328,0.720456197844027,377.02798078306307
1098,575.352,0.715967023882802,0.263565805506263,1150.704,2019_yk_201,Yukon,2019,0.715513463989026,0.27413545142768,0.00195497383672044,669.536937808973,819.632814763434,1295.328,0.720456197844027,377.02798078306307
1099,575.876,0.716294539642237,0.265216292731642,1151.752,2019_yk_201,Yukon,2019,0.715424679150941,0.276068744558966,0.00193329313128587,669.536937808973,819.632814763434,1295.328,0.720456197844027,377.02798078306307
1100,576.4,0.713976275854628,0.266154131868602,1152.8,2019_yk_201,Yukon,2019,0.7153466709526,0.278061580032053,0.00199283547308704,669.536937808973,819.632814763434,1295.328,0.720456197844027,377.02798078306307
1101,576.924,0.710604421764027,0.267992414201548,1153.848,2019_yk_201,Yukon,2019,0.715315805295312,0.279988822354673,0.00192724232262004,669.536937808973,819.632814763434,1295.328,0.720456197844027,377.02798078306307
1102,577.448,0.716520504165651,0.274229951975061,1154.896,2019_yk_201,Yukon,2019,0.715256339559643,0.282113687526854,0.00212486517218097,669.536937808973,819.632814763434,1295.328,0.720456197844027,377.02798078306307
1103,577.972,0.717196111360624,0.277477372314533,1155.944,2019_yk_201,Yukon,2019,0.715172165233819,0.284390419435602,0.00227673190874816,669.536937808973,819.632814763434,1295.328,0.720456197844027,377.02798078306307
1104,578.496,0.716999049128096,0.279589582227357,1156.992,2019_yk_201,Yukon,2019,0.715091573335521,0.28660425498033,0.00221383554472837,669.536937808973,819.632814763434,1295.328,0.720456197844027,377.02798078306307
1105,579.02,0.713053796947108,0.283384761903918,1158.04,2019_yk_201,Yukon,2019,0.715069024150578,0.288814576839378,0.00221032185904763,669.536937808973,819.632814763434,1295.328,0.720456197844027,377.02798078306307
1106,579.544,0.715014662518263,0.28511477467773,1159.088,2019_yk_201,Yukon,2019,0.714945389662464,0.290932499559463,0.00211792272008465,669.536937808973,819.632814763434,1295.328,0.720456197844027,377.02798078306307
1107,580.068,0.712949493933774,0.293508344530628,1160.136,2019_yk_201,Yukon,2019,0.714864492308716,0.293210056954458,0.00227755739499563,669.536937808973,819.632814763434,1295.328,0.720456197844027,377.02798078306307
1108,580.592,0.714296416097808,0.289573181171089,1161.184,2019_yk_201,Yukon,2019,0.714765093563971,0.295565506387643,0.00235544943318505,669.536937808973,819.632814763434,1295.328,0.720456197844027,377.02798078306307
1109,581.116,0.714803303639396,0.289850656135285,1162.232,2019_yk_201,Yukon,2019,0.714723226204044,0.298038141630785,0.00247263524314162,669.536937808973,819.632814763434,1295.328,0.720456197844027,377.02798078306307
1110,581.64,0.714054661562653,0.29309355171712,1163.28,2019_yk_201,Yukon,2019,0.714553429245198,0.300473358568268,0.00243521693748316,669.536937808973,819.632814763434,1295.328,0.720456197844027,377.02798078306307
1111,582.164,0.716755099261817,0.296531751382585,1164.328,2019_yk_201,Yukon,2019,0.714376614405446,0.302878876988728,0.00240551842045966,669.536937808973,819.632814763434,1295.328,0.720456197844027,377.02798078306307
1112,582.688,0.715041076368221,0.304353176741685,1165.376,2019_yk_201,Yukon,2019,0.714337857924712,0.305310076072615,0.00243119908388689,669.536937808973,819.632814763434,1295.328,0.720456197844027,377.02798078306307
1113,583.212,0.714733899122898,0.303729009308948,1166.424,2019_yk_201,Yukon,2019,0.714257051261094,0.307811385353048,0.00250130928043329,669.536937808973,819.632814763434,1295.328,0.720456197844027,377.02798078306307
1114,583.736,0.714138836305826,0.308166333187143,1167.472,2019_yk_201,Yukon,2019,0.71413547900807,0.310396637563494,0.00258525221044614,669.536937808973,819.632814763434,1295.328,0.720456197844027,377.02798078306307
1115,584.26,0.717318278320725,0.309878086431803,1168.52,2019_yk_201,Yukon,2019,0.714046786716394,0.313017168550125,0.00262053098663079,669.536937808973,819.632814763434,1295.328,0.720456197844027,377.02798078306307
1116,584.784,0.714272567199246,0.312476374031343,1169.568,2019_yk_201,Yukon,2019,0.713933318437986,0.315620120196159,0.00260295164603375,669.536937808973,819.632814763434,1295.328,0.720456197844027,377.02798078306307
1117,585.308,0.715574186616629,0.317324601282502,1170.616,2019_yk_201,Yukon,2019,0.713876013887489,0.318236642276611,0.00261652208045232,669.536937808973,819.632814763434,1295.328,0.720456197844027,377.02798078306307
1118,585.832,0.714091452305703,0.318261253032099,1171.664,2019_yk_201,Yukon,2019,0.713929309368494,0.320889614631038,0.00265297235442735,669.536937808973,819.632814763434,1295.328,0.720456197844027,377.02798078306307
1119,586.356,0.714371028072075,0.320658317042859,1172.712,2019_yk_201,Yukon,2019,0.713942340745972,0.323592407851251,0.0027027932202125,669.536937808973,819.632814763434,1295.328,0.720456197844027,377.02798078306307
1120,586.88,0.71198936589821,0.32096717057608,1173.76,2019_yk_201,Yukon,2019,0.713884996728956,0.326277339357243,0.00268493150599203,669.536937808973,819.632814763434,1295.328,0.720456197844027,377.02798078306307
1121,587.404,0.71104080519006,0.322751776697513,1174.808,2019_yk_201,Yukon,2019,0.713851211522226,0.329005901072753,0.0027285617155105,669.536937808973,819.632814763434,1295.328,0.720456197844027,377.02798078306307
1122,587.928,0.712661411683626,0.326644058111467,1175.856,2019_yk_201,Yukon,2019,0.713784448710703,0.33175853613448397,0.0027526350617309,669.536937808973,819.632814763434,1295.328,0.720456197844027,377.02798078306307
1123,588.452,0.712403424534095,0.33215029813414,1176.904,2019_yk_201,Yukon,2019,0.713640622907718,0.334564552747368,0.00280601661288316,669.536937808973,819.632814763434,1295.328,0.720456197844027,377.02798078306307
1124,588.976,0.713920845252766,0.335251405232489,1177.952,2019_yk_201,Yukon,2019,0.713628148522689,0.337206191380574,0.00264163863320693,669.536937808973,819.632814763434,1295.328,0.720456197844027,377.02798078306307
1125,589.5,0.712374855269141,0.337514986744497,1179,2019_yk_201,Yukon,2019,0.713548455331902,0.339786565310945,0.00258037393037069,669.536937808973,819.632814763434,1295.328,0.720456197844027,377.02798078306307
1126,590.024,0.712177240808659,0.342426231277573,1180.048,2019_yk_201,Yukon,2019,0.713471196324023,0.342516631809385,0.00273006649843999,669.536937808973,819.632814763434,1295.328,0.720456197844027,377.02798078306307
1127,590.548,0.708233165825071,0.341441815362735,1181.096,2019_yk_201,Yukon,2019,0.7133522362636,0.345085980864406,0.00256934905502126,669.536937808973,819.632814763434,1295.328,0.720456197844027,377.02798078306307
1128,591.072,0.713600147094504,0.348732073424245,1182.144,2019_yk_201,Yukon,2019,0.713295782283595,0.347779619010772,0.00269363814636514,669.536937808973,819.632814763434,1295.328,0.720456197844027,377.02798078306307
1129,591.596,0.713406948042836,0.348118679164256,1183.192,2019_yk_201,Yukon,2019,0.713165411960252,0.350567318535,0.00278769952422819,669.536937808973,819.632814763434,1295.328,0.720456197844027,377.02798078306307
1130,592.12,0.714384702578597,0.351956348880374,1184.24,2019_yk_201,Yukon,2019,0.713105918865174,0.35331348193921,0.00274616340421041,669.536937808973,819.632814763434,1295.328,0.720456197844027,377.02798078306307
1131,592.644,0.712471968276557,0.356361511603541,1185.288,2019_yk_201,Yukon,2019,0.713074837329665,0.356020000328364,0.0027065183891537,669.536937808973,819.632814763434,1295.328,0.720456197844027,377.02798078306307
1132,593.168,0.712592113958684,0.362572659751144,1186.336,2019_yk_201,Yukon,2019,0.712985347669947,0.358597541195282,0.0025775408669178,669.536937808973,819.632814763434,1295.328,0.720456197844027,377.02798078306307
1133,593.692,0.710852647362746,0.366245855987368,1187.384,2019_yk_201,Yukon,2019,0.712856382181883,0.361121164862737,0.00252362366745507,669.536937808973,819.632814763434,1295.328,0.720456197844027,377.02798078306307
1134,594.216,0.712528948157795,0.369155582940396,1188.432,2019_yk_201,Yukon,2019,0.712805170142154,0.363665612237604,0.00254444737486692,669.536937808973,819.632814763434,1295.328,0.720456197844027,377.02798078306307
1135,594.74,0.71245453920395,0.369897318337348,1189.48,2019_yk_201,Yukon,2019,0.712796309544804,0.366251808713991,0.00258619647638703,669.536937808973,819.632814763434,1295.328,0.720456197844027,377.02798078306307
1136,595.264,0.712456373305268,0.368039938195582,1190.528,2019_yk_201,Yukon,2019,0.712696997471295,0.368892461943426,0.00264065322943541,669.536937808973,819.632814763434,1295.328,0.720456197844027,377.02798078306307
1137,595.788,0.712324438273507,0.372287405814514,1191.576,2019_yk_201,Yukon,2019,0.712659879872687,0.371334385759101,0.00244192381567476,669.536937808973,819.632814763434,1295.328,0.720456197844027,377.02798078306307
1138,596.312,0.713534768362081,0.37708762681255,1192.624,2019_yk_201,Yukon,2019,0.712600297626605,0.373883043716836,0.00254865795773551,669.536937808973,819.632814763434,1295.328,0.720456197844027,377.02798078306307
1139,596.836,0.712961851538004,0.381364186058603,1193.672,2019_yk_201,Yukon,2019,0.712543373686265,0.37637869055731,0.00249564684047365,669.536937808973,819.632814763434,1295.328,0.720456197844027,377.02798078306307
1140,597.36,0.712449490753369,0.381102606094094,1194.72,2019_yk_201,Yukon,2019,0.712469140714912,0.378737811354047,0.00235912079673745,669.536937808973,819.632814763434,1295.328,0.720456197844027,377.02798078306307
1141,597.884,0.709267550141453,0.379730706946349,1195.768,2019_yk_201,Yukon,2019,0.712356714165348,0.381086453716372,0.00234864236232452,669.536937808973,819.632814763434,1295.328,0.720456197844027,377.02798078306307
1142,598.408,0.714831771652511,0.38147594656119,1196.816,2019_yk_201,Yukon,2019,0.712344406586651,0.383397316593448,0.00231086287707633,669.536937808973,819.632814763434,1295.328,0.720456197844027,377.02798078306307
1143,598.932,0.712519088956935,0.387765657992563,1197.864,2019_yk_201,Yukon,2019,0.712268083058694,0.38592017238166,0.00252285578821149,669.536937808973,819.632814763434,1295.328,0.720456197844027,377.02798078306307
1144,599.456,0.712592610834763,0.392940665285257,1198.912,2019_yk_201,Yukon,2019,0.712240415562886,0.388503552872928,0.00258338049126844,669.536937808973,819.632814763434,1295.328,0.720456197844027,377.02798078306307
1145,599.98,0.71098454753054,0.399976214490212,1199.96,2019_yk_201,Yukon,2019,0.712135410228505,0.39096140302201,0.0024578501490814,669.536937808973,819.632814763434,1295.328,0.720456197844027,377.02798078306307
1146,600.504,0.713059165329494,0.396622729906614,1201.008,2019_yk_201,Yukon,2019,0.712063517381878,0.393367003756723,0.0024056007347138,669.536937808973,819.632814763434,1295.328,0.720456197844027,377.02798078306307
1147,601.028,0.712401331232196,0.398902300048907,1202.056,2019_yk_201,Yukon,2019,0.712002153600952,0.395768790915024,0.0024017871583002,669.536937808973,819.632814763434,1295.328,0.720456197844027,377.02798078306307
1148,601.552,0.715172701873964,0.402335496719406,1203.104,2019_yk_201,Yukon,2019,0.711915898937902,0.398136666118757,0.00236787520373327,669.536937808973,819.632814763434,1295.328,0.720456197844027,377.02798078306307
1149,602.076,0.716774307992819,0.406269884064042,1204.152,2019_yk_201,Yukon,2019,0.711854143964521,0.400461403217507,0.00232473709874986,669.536937808973,819.632814763434,1295.328,0.720456197844027,377.02798078306307
1150,602.6,0.711230929665871,0.409366704536975,1205.2,2019_yk_201,Yukon,2019,0.711810212245258,0.402776575818269,0.00231517260076192,669.536937808973,819.632814763434,1295.328,0.720456197844027,377.02798078306307
1151,603.124,0.713397188228504,0.412168308020427,1206.248,2019_yk_201,Yukon,2019,0.711796166138227,0.405162144838535,0.00238556902026626,669.536937808973,819.632814763434,1295.328,0.720456197844027,377.02798078306307
1152,603.648,0.713997684967322,0.417589218524904,1207.296,2019_yk_201,Yukon,2019,0.71172729447615,0.407517224905718,0.00235508006718327,669.536937808973,819.632814763434,1295.328,0.720456197844027,377.02798078306307
1153,604.172,0.710377390344106,0.424041428220744,1208.344,2019_yk_201,Yukon,2019,0.711695010191471,0.409880373411253,0.00236314850553437,669.536937808973,819.632814763434,1295.328,0.720456197844027,377.02798078306307
1154,604.696,0.713250132141157,0.413519221783568,1209.392,2019_yk_201,Yukon,2019,0.711616981665277,0.412359380799041,0.00247900738778867,669.536937808973,819.632814763434,1295.328,0.720456197844027,377.02798078306307
1155,605.22,0.710576783977606,0.415178202354276,1210.44,2019_yk_201,Yukon,2019,0.711537219753394,0.414851679547633,0.00249229874859147,669.536937808973,819.632814763434,1295.328,0.720456197844027,377.02798078306307
1156,605.744,0.710817075559075,0.421818717931443,1211.488,2019_yk_201,Yukon,2019,0.711479419041925,0.417345542128638,0.0024938625810057,669.536937808973,819.632814763434,1295.328,0.720456197844027,377.02798078306307
1157,606.268,0.711037179947876,0.413258189875274,1212.536,2019_yk_201,Yukon,2019,0.71152374890901,0.419912113040322,0.00256657091168366,669.536937808973,819.632814763434,1295.328,0.720456197844027,377.02798078306307
1158,606.792,0.7125797850825,0.425184094288171,1213.584,2019_yk_201,Yukon,2019,0.711453730740992,0.422286883229935,0.00237477018961324,669.536937808973,819.632814763434,1295.328,0.720456197844027,377.02798078306307
1159,607.316,0.708472320241633,0.432478264185334,1214.632,2019_yk_201,Yukon,2019,0.711365933355903,0.424690638943495,0.00240375571356005,669.536937808973,819.632814763434,1295.328,0.720456197844027,377.02798078306307
1160,607.84,0.710406690149958,0.430923936121228,1215.68,2019_yk_201,Yukon,2019,0.711309687950075,0.427083944719476,0.0023933057759809,669.536937808973,819.632814763434,1295.328,0.720456197844027,377.02798078306307
1161,608.364,0.708739529633488,0.43038351755077,1216.728,2019_yk_201,Yukon,2019,0.711303842925317,0.429406395204915,0.00232245048543828,669.536937808973,819.632814763434,1295.328,0.720456197844027,377.02798078306307
1162,608.888,0.711151124582566,0.428882403990127,1217.776,2019_yk_201,Yukon,2019,0.711294649445982,0.431617462713931,0.00221106750901678,669.536937808973,819.632814763434,1295.328,0.720456197844027,377.02798078306307
1163,609.412,0.709458182076764,0.42889479236184,1218.824,2019_yk_201,Yukon,2019,0.711264092917466,0.433840804984336,0.0022233422704051,669.536937808973,819.632814763434,1295.328,0.720456197844027,377.02798078306307
1164,609.936,0.713926326744359,0.432256424719371,1219.872,2019_yk_201,Yukon,2019,0.711242175997784,0.436157354698471,0.0023165497141342,669.536937808973,819.632814763434,1295.328,0.720456197844027,377.02798078306307
1165,610.46,0.71252216110611,0.438556550487138,1220.92,2019_yk_201,Yukon,2019,0.711221120168522,0.438495676316009,0.00233832161753833,669.536937808973,819.632814763434,1295.328,0.720456197844027,377.02798078306307
1166,610.984,0.7090559381077,0.443553968443856,1221.968,2019_yk_201,Yukon,2019,0.711221252254944,0.440859545137688,0.00236386882167949,669.536937808973,819.632814763434,1295.328,0.720456197844027,377.02798078306307
1167,611.508,0.710722438017326,0.440023773471112,1223.016,2019_yk_201,Yukon,2019,0.711189638791932,0.443207632355212,0.00234808721752333,669.536937808973,819.632814763434,1295.328,0.720456197844027,377.02798078306307
1168,612.032,0.710721481332893,0.442492658635219,1224.064,2019_yk_201,Yukon,2019,0.711109233843639,0.445522995292727,0.00231536293751539,669.536937808973,819.632814763434,1295.328,0.720456197844027,377.02798078306307
1169,612.556,0.711387867218955,0.439589466563705,1225.112,2019_yk_201,Yukon,2019,0.71109789553163,0.447853288997297,0.00233029370456955,669.536937808973,819.632814763434,1295.328,0.720456197844027,377.02798078306307
1170,613.08,0.709600683281501,0.434640799521369,1226.16,2019_yk_201,Yukon,2019,0.711076506997041,0.450173723207887,0.00232043421058992,669.536937808973,819.632814763434,1295.328,0.720456197844027,377.02798078306307
1171,613.604,0.71000950628797,0.437450293122055,1227.208,2019_yk_201,Yukon,2019,0.71109880710429,0.452517715156652,0.00234399194876544,669.536937808973,819.632814763434,1295.328,0.720456197844027,377.02798078306307
1172,614.128,0.714302621646439,0.443004949366264,1228.256,2019_yk_201,Yukon,2019,0.711023009234676,0.454828488523124,0.00231077336647173,669.536937808973,819.632814763434,1295.328,0.720456197844027,377.02798078306307
1173,614.652,0.71015448744548,0.455100356601636,1229.304,2019_yk_201,Yukon,2019,0.710973183253822,0.457010185560123,0.00218169703699883,669.536937808973,819.632814763434,1295.328,0.720456197844027,377.02798078306307
1174,615.176,0.712478786557306,0.46316916266325,1230.352,2019_yk_201,Yukon,2019,0.710953974162867,0.459172236360144,0.00216205080002124,669.536937808973,819.632814763434,1295.328,0.720456197844027,377.02798078306307
1175,615.7,0.711017958257904,0.457349095376686,1231.4,2019_yk_201,Yukon,2019,0.710909905078984,0.461274370924406,0.00210213456426256,669.536937808973,819.632814763434,1295.328,0.720456197844027,377.02798078306307
1176,616.224,0.709958996401615,0.45681241811417,1232.448,2019_yk_201,Yukon,2019,0.710902974188089,0.463423793157363,0.00214942223295611,669.536937808973,819.632814763434,1295.328,0.720456197844027,377.02798078306307
1177,616.748,0.711892359761062,0.461431830780514,1233.496,2019_yk_201,Yukon,2019,0.710863788931867,0.465518814211148,0.00209502105378528,669.536937808973,819.632814763434,1295.328,0.720456197844027,377.02798078306307
1178,617.272,0.708916172522707,0.460333765256097,1234.544,2019_yk_201,Yukon,2019,0.710768124453572,0.467672505407106,0.00215369119595771,669.536937808973,819.632814763434,1295.328,0.720456197844027,377.02798078306307
1179,617.796,0.710665729669192,0.46014254296785,1235.592,2019_yk_201,Yukon,2019,0.710649187658523,0.469663127670286,0.00199062226318092,669.536937808973,819.632814763434,1295.328,0.720456197844027,377.02798078306307
1180,618.32,0.709353462742424,0.459877526621791,1236.64,2019_yk_201,Yukon,2019,0.71063496981605,0.471651017953045,0.0019878902827587,669.536937808973,819.632814763434,1295.328,0.720456197844027,377.02798078306307
1181,618.844,0.71019803876824,0.465885917913489,1237.688,2019_yk_201,Yukon,2019,0.710580772744874,0.473605733293349,0.00195471534030395,669.536937808973,819.632814763434,1295.328,0.720456197844027,377.02798078306307
1182,619.368,0.70852911195899,0.467948862142461,1238.736,2019_yk_201,Yukon,2019,0.710524866112988,0.475580402712087,0.00197466941873792,669.536937808973,819.632814763434,1295.328,0.720456197844027,377.02798078306307
1183,619.892,0.710466367453361,0.473939208466205,1239.784,2019_yk_201,Yukon,2019,0.710538491201188,0.477454117548663,0.00187371483657556,669.536937808973,819.632814763434,1295.328,0.720456197844027,377.02798078306307
1184,620.416,0.709239133681093,0.483991848499809,1240.832,2019_yk_201,Yukon,2019,0.710483371343025,0.479685220073215,0.00223110252455233,669.536937808973,819.632814763434,1295.328,0.720456197844027,377.02798078306307
1185,620.94,0.707589140556204,0.487052911659985,1241.88,2019_yk_201,Yukon,2019,0.710490371523243,0.481858398826258,0.00217317875304263,669.536937808973,819.632814763434,1295.328,0.720456197844027,377.02798078306307
1186,621.464,0.708709198120511,0.492057986137917,1242.928,2019_yk_201,Yukon,2019,0.710471378110984,0.484054787867362,0.0021963890411042,669.536937808973,819.632814763434,1295.328,0.720456197844027,377.02798078306307
1187,621.988,0.710892957850136,0.495436070063752,1243.976,2019_yk_201,Yukon,2019,0.710463791392112,0.48638404642253,0.00232925855516852,669.536937808973,819.632814763434,1295.328,0.720456197844027,377.02798078306307
1188,622.512,0.709399057013457,0.491218284801041,1245.024,2019_yk_201,Yukon,2019,0.710418655517641,0.488580465144143,0.00219641872161308,669.536937808973,819.632814763434,1295.328,0.720456197844027,377.02798078306307
1189,623.036,0.708139104937495,0.492344021977858,1246.072,2019_yk_201,Yukon,2019,0.710439055216014,0.490422469277656,0.00184200413351288,669.536937808973,819.632814763434,1295.328,0.720456197844027,377.02798078306307
1190,623.56,0.711009978228921,0.495554695439229,1247.12,2019_yk_201,Yukon,2019,0.710414922167191,0.492210459003927,0.00178798972627109,669.536937808973,819.632814763434,1295.328,0.720456197844027,377.02798078306307
1191,624.084,0.712121266791075,0.495708540729841,1248.168,2019_yk_201,Yukon,2019,0.710448682171025,0.493990414815976,0.00177995581204848,669.536937808973,819.632814763434,1295.328,0.720456197844027,377.02798078306307
1192,624.608,0.712040505198572,0.495236710292149,1249.216,2019_yk_201,Yukon,2019,0.710386286873719,0.495907451486729,0.00191703667075299,669.536937808973,819.632814763434,1295.328,0.720456197844027,377.02798078306307
1193,625.132,0.709019255651799,0.499646392211675,1250.264,2019_yk_201,Yukon,2019,0.7103931915546,0.497854656902687,0.00194720541595861,669.536937808973,819.632814763434,1295.328,0.720456197844027,377.02798078306307
1194,625.656,0.711213932976894,0.508148565788449,1251.312,2019_yk_201,Yukon,2019,0.710328194556199,0.499834291523423,0.00197963462073564,669.536937808973,819.632814763434,1295.328,0.720456197844027,377.02798078306307
1195,626.18,0.711191189448187,0.510196615389647,1252.36,2019_yk_201,Yukon,2019,0.710314678435835,0.501758860783541,0.00192456926011847,669.536937808973,819.632814763434,1295.328,0.720456197844027,377.02798078306307
1196,626.704,0.712464298490608,0.509872067496351,1253.408,2019_yk_201,Yukon,2019,0.710322051104787,0.50358953806588,0.00183067728233843,669.536937808973,819.632814763434,1295.328,0.720456197844027,377.02798078306307
1197,627.228,0.71042763049279,0.513172638865912,1254.456,2019_yk_201,Yukon,2019,0.710326515860347,0.505543683209342,0.00195414514346215,669.536937808973,819.632814763434,1295.328,0.720456197844027,377.02798078306307
1198,627.752,0.708710471464474,0.516009403063474,1255.504,2019_yk_201,Yukon,2019,0.710309076074882,0.507352547436275,0.00180886422693283,669.536937808973,819.632814763434,1295.328,0.720456197844027,377.02798078306307
1199,628.276,0.712281552817486,0.521181808332775,1256.552,2019_yk_201,Yukon,2019,0.71028909567016,0.509010364776583,0.00165781734030845,669.536937808973,819.632814763434,1295.328,0.720456197844027,377.02798078306307
1200,628.8,0.711166178678012,0.520328658729489,1257.6,2019_yk_201,Yukon,2019,0.710300253144273,0.510734334857692,0.00172397008110847,669.536937808973,819.632814763434,1295.328,0.720456197844027,377.02798078306307
1201,629.324,0.710605556576421,0.520370223872276,1258.648,2019_yk_201,Yukon,2019,0.710299507762576,0.512601256092878,0.00186692123518661,669.536937808973,819.632814763434,1295.328,0.720456197844027,377.02798078306307
1202,629.848,0.710283899475655,0.520122348549493,1259.696,2019_yk_201,Yukon,2019,0.710235972148139,0.514448474017525,0.00184721792464648,669.536937808973,819.632814763434,1295.328,0.720456197844027,377.02798078306307
1203,630.372,0.709529530105717,0.518667480212495,1260.744,2019_yk_201,Yukon,2019,0.71023799739589,0.516277519265722,0.00182904524819683,669.536937808973,819.632814763434,1295.328,0.720456197844027,377.02798078306307
1204,630.896,0.711440065377453,0.522663713286531,1261.792,2019_yk_201,Yukon,2019,0.710236889068446,0.517883352738947,0.00160583347322563,669.536937808973,819.632814763434,1295.328,0.720456197844027,377.02798078306307
1205,631.42,0.708340402497533,0.526104288345966,1262.84,2019_yk_201,Yukon,2019,0.710244228625097,0.51963341591273,0.00175006317378268,669.536937808973,819.632814763434,1295.328,0.720456197844027,377.02798078306307
1206,631.944,0.712643311875811,0.525588063883978,1263.888,2019_yk_201,Yukon,2019,0.710273917148881,0.521272475469904,0.00163905955717347,669.536937808973,819.632814763434,1295.328,0.720456197844027,377.02798078306307
1207,632.468,0.710050215858872,0.524603563276026,1264.936,2019_yk_201,Yukon,2019,0.710237263855294,0.522789961539878,0.00151748606997426,669.536937808973,819.632814763434,1295.328,0.720456197844027,377.02798078306307
1208,632.992,0.70943283317628,0.531556968476867,1265.984,2019_yk_201,Yukon,2019,0.710247547038147,0.524339567432479,0.00154960589260078,669.536937808973,819.632814763434,1295.328,0.720456197844027,377.02798078306307
1209,633.516,0.709638100289847,0.525707219854897,1267.032,2019_yk_201,Yukon,2019,0.710231151549174,0.525909445689154,0.00156987825667509,669.536937808973,819.632814763434,1295.328,0.720456197844027,377.02798078306307
1210,634.04,0.710377859117531,0.528640121502499,1268.08,2019_yk_201,Yukon,2019,0.710212716307977,0.527481543861088,0.00157209817193438,669.536937808973,819.632814763434,1295.328,0.720456197844027,377.02798078306307
1211,634.564,0.710145363957935,0.529451228438665,1269.128,2019_yk_201,Yukon,2019,0.710224809718794,0.529096331143816,0.00161478728272779,669.536937808973,819.632814763434,1295.328,0.720456197844027,377.02798078306307
1212,635.088,0.71064328705414,0.536069383649178,1270.176,2019_yk_201,Yukon,2019,0.710232883319929,0.530548657936615,0.00145232679279916,669.536937808973,819.632814763434,1295.328,0.720456197844027,377.02798078306307
1213,635.612,0.711194895636095,0.536464318415278,1271.224,2019_yk_201,Yukon,2019,0.710255272583948,0.531937844077869,0.00138918614125361,669.536937808973,819.632814763434,1295.328,0.720456197844027,377.02798078306307
1214,636.136,0.709942940651395,0.547385373256707,1272.272,2019_yk_201,Yukon,2019,0.710242353605002,0.533363834310301,0.00142599023243239,669.536937808973,819.632814763434,1295.328,0.720456197844027,377.02798078306307
1215,636.66,0.710996794790708,0.545568927536833,1273.32,2019_yk_201,Yukon,2019,0.710245135822047,0.534710391724304,0.00134655741400258,669.536937808973,819.632814763434,1295.328,0.720456197844027,377.02798078306307
1216,637.184,0.709677470823494,0.553602060397691,1274.368,2019_yk_201,Yukon,2019,0.710225356228311,0.535930098911304,0.0012197071870006,669.536937808973,819.632814763434,1295.328,0.720456197844027,377.02798078306307
1217,637.708,0.7105819768156,0.553013703185389,1275.416,2019_yk_201,Yukon,2019,0.710226167006324,0.536975431077065,0.00104533216576119,669.536937808973,819.632814763434,1295.328,0.720456197844027,377.02798078306307
1218,638.232,0.709871632614228,0.556969217584956,1276.464,2019_yk_201,Yukon,2019,0.71020868162428,0.538199626229228,0.00122419515216243,669.536937808973,819.632814763434,1295.328,0.720456197844027,377.02798078306307
1219,638.756,0.709696302143981,0.542998512196106,1277.512,2019_yk_201,Yukon,2019,0.710233044226727,0.539656014816497,0.00145638858726915,669.536937808973,819.632814763434,1295.328,0.720456197844027,377.02798078306307
1220,639.28,0.70895870722059,0.538203319697494,1278.56,2019_yk_201,Yukon,2019,0.710210016651609,0.540972372613043,0.00131635779654571,669.536937808973,819.632814763434,1295.328,0.720456197844027,377.02798078306307
1221,639.804,0.710765129863562,0.53718086627368,1279.608,2019_yk_201,Yukon,2019,0.710187371391582,0.54244657946227,0.00147420684922728,669.536937808973,819.632814763434,1295.328,0.720456197844027,377.02798078306307
1222,640.328,0.707407406744154,0.543904604235306,1280.656,2019_yk_201,Yukon,2019,0.710154033426973,0.543924772789472,0.00147819332720178,669.536937808973,819.632814763434,1295.328,0.720456197844027,377.02798078306307
1223,640.852,0.709872462929628,0.545727117319357,1281.704,2019_yk_201,Yukon,2019,0.710157424228921,0.545322750274382,0.00139797748491077,669.536937808973,819.632814763434,1295.328,0.720456197844027,377.02798078306307
1224,641.376,0.710026506840297,0.551034501963509,1282.752,2019_yk_201,Yukon,2019,0.71013045769596,0.546625700719937,0.00130295044555451,669.536937808973,819.632814763434,1295.328,0.720456197844027,377.02798078306307
1225,641.9,0.711711193884289,0.554030706094245,1283.8,2019_yk_201,Yukon,2019,0.710101083549521,0.547975824161957,0.00135012344202023,669.536937808973,819.632814763434,1295.328,0.720456197844027,377.02798078306307
1226,642.424,0.709498298244829,0.553394605384165,1284.848,2019_yk_201,Yukon,2019,0.710061029517698,0.549189942861194,0.00121411869923727,669.536937808973,819.632814763434,1295.328,0.720456197844027,377.02798078306307
1227,642.948,0.710990323350918,0.557272482078839,1285.896,2019_yk_201,Yukon,2019,0.710045590787366,0.550294079330892,0.00110413646969743,669.536937808973,819.632814763434,1295.328,0.720456197844027,377.02798078306307
1228,643.472,0.709675094205,0.55102451225119,1286.944,2019_yk_201,Yukon,2019,0.710071738205472,0.551462878493147,0.00116879916225521,669.536937808973,819.632814763434,1295.328,0.720456197844027,377.02798078306307
1229,643.996,0.710189042935657,0.539058506982214,1287.992,2019_yk_201,Yukon,2019,0.710070224797547,0.552565743887855,0.00110286539470783,669.536937808973,819.632814763434,1295.328,0.720456197844027,377.02798078306307
1230,644.52,0.710270131728276,0.53807900438788,1289.04,2019_yk_201,Yukon,2019,0.710041086868702,0.5535828550793,0.00101711119144487,669.536937808973,819.632814763434,1295.328,0.720456197844027,377.02798078306307
1231,645.044,0.709964783386139,0.549465567233252,1290.088,2019_yk_201,Yukon,2019,0.710025683373036,0.55470494475757,0.00112208967826988,669.536937808973,819.632814763434,1295.328,0.720456197844027,377.02798078306307
1232,645.568,0.71049048478024,0.553838024845048,1291.136,2019_yk_201,Yukon,2019,0.709990447504163,0.555857262846949,0.00115231808937899,669.536937808973,819.632814763434,1295.328,0.720456197844027,377.02798078306307
1233,646.092,0.710276002310507,0.564843071493449,1292.184,2019_yk_201,Yukon,2019,0.710029792181714,0.557019044867521,0.00116178202057216,669.536937808973,819.632814763434,1295.328,0.720456197844027,377.02798078306307
1234,646.616,0.712412286910647,0.559519171056791,1293.232,2019_yk_201,Yukon,2019,0.710040112378189,0.558161183593114,0.00114213872559277,669.536937808973,819.632814763434,1295.328,0.720456197844027,377.02798078306307
1235,647.14,0.71145833165701,0.562352885803646,1294.28,2019_yk_201,Yukon,2019,0.710025992552758,0.559242624877887,0.0010814412847735,669.536937808973,819.632814763434,1295.328,0.720456197844027,377.02798078306307
1236,647.664,0.71174030782865,0.555155991544573,1295.328,2019_yk_201,Yukon,2019,0.70994309063474,0.560188707683641,9.4608280575392e-4,669.536937808973,819.632814763434,1295.328,0.720456197844027,377.02798078306307
1237,648.188,0.709693162145796,0.552480994978974,1296.376,2019_yk_201,Yukon,2019,0.709963534679144,0.5612630329784,0.0010743252947587,669.536937808973,819.632814763434,1295.328,0.720456197844027,377.02798078306307
1238,648.712,0.70953316349394,0.55331011881214,1297.424,2019_yk_201,Yukon,2019,0.709969129004863,0.562123449062944,8.6041608454434e-4,669.536937808973,819.632814763434,1295.328,0.720456197844027,377.02798078306307
1239,649.236,0.70968200033079,0.55433523836836,1298.472,2019_yk_201,Yukon,2019,0.709956019392062,0.563061547060472,9.3809799752786e-4,669.536937808973,819.632814763434,1295.328,0.720456197844027,377.02798078306307
1240,649.76,0.708247348270583,0.554203416937851,1299.52,2019_yk_201,Yukon,2019,0.709935364014271,0.563819448521565,7.5790146109289e-4,669.536937808973,819.632814763434,1295.328,0.720456197844027,377.02798078306307
1241,650.284,0.710923643417278,0.562773154877157,1300.568,2019_yk_201,Yukon,2019,0.70993212286988,0.564655079082467,8.356305609023e-4,669.536937808973,819.632814763434,1295.328,0.720456197844027,377.02798078306307
1242,650.808,0.709013528027109,0.555088469710415,1301.616,2019_yk_201,Yukon,2019,0.709877647351922,0.565401147056017,7.4606797355014e-4,669.536937808973,819.632814763434,1295.328,0.720456197844027,377.02798078306307
1243,651.332,0.711809723294471,0.557290376941421,1302.664,2019_yk_201,Yukon,2019,0.7098419115942,0.56609392218161,6.9277512559284e-4,669.536937808973,819.632814763434,1295.328,0.720456197844027,377.02798078306307
1244,651.856,0.708463994944333,0.569551262445753,1303.712,2019_yk_201,Yukon,2019,0.709842910100034,0.566488781707794,3.9485952618345e-4,669.536937808973,819.632814763434,1295.328,0.720456197844027,377.02798078306307
1245,652.38,0.707756073578896,0.567846356500136,1304.76,2019_yk_201,Yukon,2019,0.709836046085318,0.566906520636312,4.177389285187e-4,669.536937808973,819.632814763434,1295.328,0.720456197844027,377.02798078306307
1246,652.904,0.707522422496389,0.56524041735795,1305.808,2019_yk_201,Yukon,2019,0.709862857323782,0.567131365141009,2.2484450469639e-4,669.536937808973,819.632814763434,1295.328,0.720456197844027,377.02798078306307
1247,653.428,0.71094160453091,0.558156000009423,1306.856,2019_yk_201,Yukon,2019,0.709862890582361,0.567550690274907,4.1932513389786e-4,669.536937808973,819.632814763434,1295.328,0.720456197844027,377.02798078306307
1248,653.952,0.708349934090803,0.564669993930793,1307.904,2019_yk_201,Yukon,2019,0.709854942131429,0.567872496991552,3.218067166455e-4,669.536937808973,819.632814763434,1295.328,0.720456197844027,377.02798078306307
1249,654.476,0.709600861084308,0.579727337214002,1308.952,2019_yk_201,Yukon,2019,0.709850606497816,0.568367857610117,4.9536061856525e-4,669.536937808973,819.632814763434,1295.328,0.720456197844027,377.02798078306307
1250,655,0.709628323721872,0.57453616323197,1310,2019_yk_201,Yukon,2019,0.709835182651599,0.569257503453835,8.8964584371809e-4,669.536937808973,819.632814763434,1295.328,0.720456197844027,377.02798078306307
1251,655.524,0.71076255118941,0.584160951683479,1311.048,2019_yk_201,Yukon,2019,0.709808582131652,0.56991824929503,6.6074584119446e-4,669.536937808973,819.632814763434,1295.328,0.720456197844027,377.02798078306307
1252,656.048,0.710040227322032,0.583928309924255,1312.096,2019_yk_201,Yukon,2019,0.70981204678423,0.570530086807131,6.1183751210147e-4,669.536937808973,819.632814763434,1295.328,0.720456197844027,377.02798078306307
1253,656.572,0.709222703768676,0.583525041306325,1313.144,2019_yk_201,Yukon,2019,0.709785086495824,0.571292040881999,7.6195407486756e-4,669.536937808973,819.632814763434,1295.328,0.720456197844027,377.02798078306307
1254,657.096,0.709595940999293,0.586325592521711,1314.192,2019_yk_201,Yukon,2019,0.709771450759335,0.571797485022002,5.0544414000264e-4,669.536937808973,819.632814763434,1295.328,0.720456197844027,377.02798078306307
1255,657.62,0.709428740661824,0.591204021910864,1315.24,2019_yk_201,Yukon,2019,0.709720360354576,0.572406481610869,6.0899658886703e-4,669.536937808973,819.632814763434,1295.328,0.720456197844027,377.02798078306307
1256,658.144,0.710061056581221,0.582719189450591,1316.288,2019_yk_201,Yukon,2019,0.709701119776426,0.572969086893432,5.6260528256313e-4,669.536937808973,819.632814763434,1295.328,0.720456197844027,377.02798078306307
1257,658.668,0.709501306672884,0.579420827047759,1317.336,2019_yk_201,Yukon,2019,0.709707388342561,0.573478077785099,5.0899089166689e-4,669.536937808973,819.632814763434,1295.328,0.720456197844027,377.02798078306307
1258,659.192,0.710279316550829,0.586137352798781,1318.384,2019_yk_201,Yukon,2019,0.709686526715015,0.574066398462786,5.883206776871e-4,669.536937808973,819.632814763434,1295.328,0.720456197844027,377.02798078306307
1259,659.716,0.71219074834195,0.587353732015243,1319.432,2019_yk_201,Yukon,2019,0.709674980130227,0.574690465622744,6.2406715995799e-4,669.536937808973,819.632814763434,1295.328,0.720456197844027,377.02798078306307
1260,660.24,0.709417902947314,0.581355330216184,1320.48,2019_yk_201,Yukon,2019,0.709674536702275,0.575410691142356,7.2022551961248e-4,669.536937808973,819.632814763434,1295.328,0.720456197844027,377.02798078306307
1261,660.764,0.709681346836449,0.587695604568471,1321.528,2019_yk_201,Yukon,2019,0.709690513612126,0.576035334302626,6.2464316027011e-4,669.536937808973,819.632814763434,1295.328,0.720456197844027,377.02798078306307
1262,661.288,0.708169747343332,0.589261433912232,1322.576,2019_yk_201,Yukon,2019,0.709693027490928,0.576697615697322,6.6228139469559e-4,669.536937808973,819.632814763434,1295.328,0.720456197844027,377.02798078306307
1263,661.812,0.711890210758729,0.588374401446823,1323.624,2019_yk_201,Yukon,2019,0.709712808932877,0.57726640462714,5.6878892981782e-4,669.536937808973,819.632814763434,1295.328,0.720456197844027,377.02798078306307
1264,662.336,0.712059277165989,0.5911920368221,1324.672,2019_yk_201,Yukon,2019,0.709651764563185,0.577938952834113,6.7254820697304e-4,669.536937808973,819.632814763434,1295.328,0.720456197844027,377.02798078306307
1265,662.86,0.707493212971655,0.59099076543238,1325.72,2019_yk_201,Yukon,2019,0.709597293038488,0.578491531238279,5.5257840416644e-4,669.536937808973,819.632814763434,1295.328,0.720456197844027,377.02798078306307
1266,663.384,0.707669196794717,0.582353032229214,1326.768,2019_yk_201,Yukon,2019,0.70957210938136,0.579168019686987,6.7648844870738e-4,669.536937808973,819.632814763434,1295.328,0.720456197844027,377.02798078306307
1267,663.908,0.711276858523106,0.589063080961554,1327.816,2019_yk_201,Yukon,2019,0.709578471984636,0.579777198794508,6.0917910752167e-4,669.536937808973,819.632814763434,1295.328,0.720456197844027,377.02798078306307
1268,664.432,0.709768492719414,0.58318193354952,1328.864,2019_yk_201,Yukon,2019,0.709590497372142,0.580571708962436,7.9451016792775e-4,669.536937808973,819.632814763434,1295.328,0.720456197844027,377.02798078306307
1269,664.956,0.708851523521797,0.58199309970657,1329.912,2019_yk_201,Yukon,2019,0.709570634360498,0.581327108918079,7.5539995564322e-4,669.536937808973,819.632814763434,1295.328,0.720456197844027,377.02798078306307
1270,665.48,0.709138536450106,0.57411420916807,1330.96,2019_yk_201,Yukon,2019,0.709583111738584,0.582303237796866,9.7612887878695e-4,669.536937808973,819.632814763434,1295.328,0.720456197844027,377.02798078306307
1271,666.004,0.709950895294454,0.579589062092807,1332.008,2019_yk_201,Yukon,2019,0.709540635921768,0.583042079162101,7.3884136523483e-4,669.536937808973,819.632814763434,1295.328,0.720456197844027,377.02798078306307
1272,666.528,0.707374755976649,0.580833462062188,1333.056,2019_yk_201,Yukon,2019,0.709558477450091,0.583944613488769,9.0253432666831e-4,669.536937808973,819.632814763434,1295.328,0.720456197844027,377.02798078306307
1273,667.052,0.709050750172789,0.578030825950847,1334.104,2019_yk_201,Yukon,2019,0.709510284585816,0.584779159811178,8.3454632240864e-4,669.536937808973,819.632814763434,1295.328,0.720456197844027,377.02798078306307
1274,667.576,0.71000285100145,0.57107694482771,1335.152,2019_yk_201,Yukon,2019,0.709531703056838,0.585406728718623,6.2756890744497e-4,669.536937808973,819.632814763434,1295.328,0.720456197844027,377.02798078306307
1275,668.1,0.710584953907712,0.570633263247952,1336.2,2019_yk_201,Yukon,2019,0.709558614101001,0.585986129660801,5.7940094217778e-4,669.536937808973,819.632814763434,1295.328,0.720456197844027,377.02798078306307
1276,668.624,0.711286145131338,0.56709273067947,1337.248,2019_yk_201,Yukon,2019,0.709579073595223,0.586589016548159,6.028868873581e-4,669.536937808973,819.632814763434,1295.328,0.720456197844027,377.02798078306307
1277,669.148,0.710583972330343,0.578173211219259,1338.296,2019_yk_201,Yukon,2019,0.709556207506627,0.587341964963831,7.5294841567241e-4,669.536937808973,819.632814763434,1295.328,0.720456197844027,377.02798078306307
1278,669.672,0.709394725558308,0.576277620583691,1339.344,2019_yk_201,Yukon,2019,0.709558017423051,0.587927180370145,5.8521540631328e-4,669.536937808973,819.632814763434,1295.328,0.720456197844027,377.02798078306307
1279,670.196,0.709436164127194,0.572720149310022,1340.392,2019_yk_201,Yukon,2019,0.709585070306224,0.588422253399575,4.9507302943063e-4,669.536937808973,819.632814763434,1295.328,0.720456197844027,377.02798078306307
1280,670.72,0.708033276447602,0.591582070320579,1341.44,2019_yk_201,Yukon,2019,0.709601913595142,0.588917069870815,4.9481647123983e-4,669.536937808973,819.632814763434,1295.328,0.720456197844027,377.02798078306307
1281,671.244,0.709169098666714,0.576825616745344,1342.488,2019_yk_201,Yukon,2019,0.709574567690932,0.589456465045143,5.3939517432821e-4,669.536937808973,819.632814763434,1295.328,0.720456197844027,377.02798078306307
1282,671.768,0.707615285898839,0.580614854961392,1343.536,2019_yk_201,Yukon,2019,0.709565842771083,0.589912209417324,4.5574437218109e-4,669.536937808973,819.632814763434,1295.328,0.720456197844027,377.02798078306307
1283,672.292,0.708254845625287,0.591444361811408,1344.584,2019_yk_201,Yukon,2019,0.709598580075756,0.590527840032837,6.1563061551273e-4,669.536937808973,819.632814763434,1295.328,0.720456197844027,377.02798078306307
1284,672.816,0.709208362650924,0.581361150363672,1345.632,2019_yk_201,Yukon,2019,0.709609520818646,0.591164544342991,6.3670431015372e-4,669.536937808973,819.632814763434,1295.328,0.720456197844027,377.02798078306307
1285,673.34,0.708645769598774,0.590570501426266,1346.68,2019_yk_201,Yukon,2019,0.709619917253807,0.591711831649014,5.4728730602271e-4,669.536937808973,819.632814763434,1295.328,0.720456197844027,377.02798078306307
1286,673.864,0.708343863555847,0.587150922337959,1347.728,2019_yk_201,Yukon,2019,0.709652907868941,0.592420750844045,7.0891919503168e-4,669.536937808973,819.632814763434,1295.328,0.720456197844027,377.02798078306307
1287,674.388,0.711366437319016,0.587811935578853,1348.776,2019_yk_201,Yukon,2019,0.70965177779567,0.593102450016483,6.8169917243776e-4,669.536937808973,819.632814763434,1295.328,0.720456197844027,377.02798078306307
1288,674.912,0.708423396552215,0.586323752912418,1349.824,2019_yk_201,Yukon,2019,0.709638826908133,0.593602883425369,5.0043340888605e-4,669.536937808973,819.632814763434,1295.328,0.720456197844027,377.02798078306307
1289,675.436,0.709496247848386,0.576502536579696,1350.872,2019_yk_201,Yukon,2019,0.709570593834744,0.594249505002922,6.4662157755335e-4,669.536937808973,819.632814763434,1295.328,0.720456197844027,377.02798078306307
1290,675.96,0.71024352605111,0.581292535564632,1351.92,2019_yk_201,Yukon,2019,0.709587231071149,0.594829499248191,5.7999424526877e-4,669.536937808973,819.632814763434,1295.328,0.720456197844027,377.02798078306307
1291,676.484,0.710923397977219,0.586944156849462,1352.968,2019_yk_201,Yukon,2019,0.709550648979127,0.595263237534833,4.337382866415e-4,669.536937808973,819.632814763434,1295.328,0.720456197844027,377.02798078306307
1292,677.008,0.710641317508381,0.593574908526782,1354.016,2019_yk_201,Yukon,2019,0.709573279397874,0.595612820055622,3.4958252078931e-4,669.536937808973,819.632814763434,1295.328,0.720456197844027,377.02798078306307
1293,677.532,0.711462888827459,0.598970407282514,1355.064,2019_yk_201,Yukon,2019,0.709576467928758,0.596008099216599,3.9527916097703e-4,669.536937808973,819.632814763434,1295.328,0.720456197844027,377.02798078306307
1294,678.056,0.708749624729132,0.599872063475175,1356.112,2019_yk_201,Yukon,2019,0.709531539608438,0.596178788060566,1.7068884396676e-4,669.536937808973,819.632814763434,1295.328,0.720456197844027,377.02798078306307
1295,678.58,0.708190040175178,0.59550759005363,1357.16,2019_yk_201,Yukon,2019,0.709557515690274,0.596392001731793,2.1321367122706e-4,669.536937808973,819.632814763434,1295.328,0.720456197844027,377.02798078306307
1296,679.104,0.710229288400966,0.595745298467015,1358.208,2019_yk_201,Yukon,2019,0.709587946444386,0.59681645882007,4.2445708827731e-4,669.536937808973,819.632814763434,1295.328,0.720456197844027,377.02798078306307
1297,679.628,0.710074918342357,0.589031741430275,1359.256,2019_yk_201,Yukon,2019,0.709572175639253,0.597149976004428,3.3351718435825e-4,669.536937808973,819.632814763434,1295.328,0.720456197844027,377.02798078306307
1298,680.152,0.710254686744304,0.600980728887802,1360.304,2019_yk_201,Yukon,2019,0.709594784268659,0.597669369642499,5.1939363807063e-4,669.536937808973,819.632814763434,1295.328,0.720456197844027,377.02798078306307
1299,680.676,0.708490219632146,0.599659235706955,1361.352,2019_yk_201,Yukon,2019,0.709604336402575,0.598356289387992,6.8691974549339e-4,669.536937808973,819.632814763434,1295.328,0.720456197844027,377.02798078306307
1300,681.2,0.708995990955719,0.61277114966507,1362.4,2019_yk_201,Yukon,2019,0.709611717179354,0.599263667175801,9.0737778780869e-4,669.536937808973,819.632814763434,1295.328,0.720456197844027,377.02798078306307
1301,681.724,0.708375094408347,0.607103636791244,1363.448,2019_yk_201,Yukon,2019,0.70961116375585,0.599893331545934,6.2966437013278e-4,669.536937808973,819.632814763434,1295.328,0.720456197844027,377.02798078306307
1302,682.248,0.710084019726473,0.609240529310513,1364.496,2019_yk_201,Yukon,2019,0.709642395778785,0.60063402720824,7.4069566230639e-4,669.536937808973,819.632814763434,1295.328,0.720456197844027,377.02798078306307
1303,682.772,0.708918151437975,0.607363156285939,1365.544,2019_yk_201,Yukon,2019,0.709661224888722,0.601322405754489,6.8837854624881e-4,669.536937808973,819.632814763434,1295.328,0.720456197844027,377.02798078306307
1304,683.296,0.709749103205661,0.607205396892459,1366.592,2019_yk_201,Yukon,2019,0.709634467385303,0.602115463706018,7.9305795152839e-4,669.536937808973,819.632814763434,1295.328,0.720456197844027,377.02798078306307
1305,683.82,0.709370736228635,0.602610413030798,1367.64,2019_yk_201,Yukon,2019,0.70966191966945,0.603064188499144,9.4872479312613e-4,669.536937808973,819.632814763434,1295.328,0.720456197844027,377.02798078306307
1306,684.344,0.708749992149747,0.601413630599442,1368.688,2019_yk_201,Yukon,2019,0.709629314811782,0.603997144114055,9.3295561491157e-4,669.536937808973,819.632814763434,1295.328,0.720456197844027,377.02798078306307
1307,684.868,0.709569639215142,0.603332904949763,1369.736,2019_yk_201,Yukon,2019,0.709646602159267,0.604741949339997,7.4480522594144e-4,669.536937808973,819.632814763434,1295.328,0.720456197844027,377.02798078306307
1308,685.392,0.708458529076257,0.599782918309594,1370.784,2019_yk_201,Yukon,2019,0.709650327218233,0.605627939968865,8.8599062886862e-4,669.536937808973,819.632814763434,1295.328,0.720456197844027,377.02798078306307
1309,685.916,0.711224034074654,0.609431718979841,1371.832,2019_yk_201,Yukon,2019,0.709688020382501,0.606704174656233,0.00107623468736739,669.536937808973,819.632814763434,1295.328,0.720456197844027,377.02798078306307
1310,686.44,0.710638921056993,0.604225151506355,1372.88,2019_yk_201,Yukon,2019,0.709713010737477,0.607571032070276,8.6685741404279e-4,669.536937808973,819.632814763434,1295.328,0.720456197844027,377.02798078306307
1311,686.964,0.709121796936785,0.616524662143171,1373.928,2019_yk_201,Yukon,2019,0.709720468172061,0.608566321007977,9.9528893770106e-4,669.536937808973,819.632814763434,1295.328,0.720456197844027,377.02798078306307
1312,687.488,0.70951673213106,0.611272972255121,1374.976,2019_yk_201,Yukon,2019,0.709764534722202,0.609441785844984,8.7546483700717e-4,669.536937808973,819.632814763434,1295.328,0.720456197844027,377.02798078306307
1313,688.012,0.711186942049106,0.620462878237083,1376.024,2019_yk_201,Yukon,2019,0.70980496986795,0.609994525810882,5.5273996589788e-4,669.536937808973,819.632814763434,1295.328,0.720456197844027,377.02798078306307
1314,688.536,0.71025238557268,0.624527851130938,1377.072,2019_yk_201,Yukon,2019,0.709798611051804,0.610697106354184,7.0258054330241e-4,669.536937808973,819.632814763434,1295.328,0.720456197844027,377.02798078306307
1315,689.06,0.710052526771496,0.624041260272227,1378.12,2019_yk_201,Yukon,2019,0.709766243117975,0.611254060643462,5.5695428927782e-4,669.536937808973,819.632814763434,1295.328,0.720456197844027,377.02798078306307
1316,689.584,0.712040493489232,0.625254341152493,1379.168,2019_yk_201,Yukon,2019,0.709807356519202,0.61168699149061,4.3293084714823e-4,669.536937808973,819.632814763434,1295.328,0.720456197844027,377.02798078306307
1317,690.108,0.709433502276647,0.620322777394029,1380.216,2019_yk_201,Yukon,2019,0.709762318364688,0.612329081819218,6.420903286074e-4,669.536937808973,819.632814763434,1295.328,0.720456197844027,377.02798078306307
1318,690.632,0.709502263298569,0.616163357331945,1381.264,2019_yk_201,Yukon,2019,0.70982367658178,0.612951704281764,6.2262246254629e-4,669.536937808973,819.632814763434,1295.328,0.720456197844027,377.02798078306307
1319,691.156,0.708096763938643,0.626151026668446,1382.312,2019_yk_201,Yukon,2019,0.709828106914533,0.613523157463838,5.7145318207452e-4,669.536937808973,819.632814763434,1295.328,0.720456197844027,377.02798078306307
1320,691.68,0.710416137131603,0.61615498493231,1383.36,2019_yk_201,Yukon,2019,0.709853474477102,0.61399050929914,4.6735183530199e-4,669.536937808973,819.632814763434,1295.328,0.720456197844027,377.02798078306307
1321,692.204,0.70748642131512,0.613719901766966,1384.408,2019_yk_201,Yukon,2019,0.709827935521614,0.614382552271895,3.9204297275463e-4,669.536937808973,819.632814763434,1295.328,0.720456197844027,377.02798078306307
1322,692.728,0.70952757246815,0.610236385159587,1385.456,2019_yk_201,Yukon,2019,0.709820015255158,0.614796046514657,4.1349424276226e-4,669.536937808973,819.632814763434,1295.328,0.720456197844027,377.02798078306307
1323,693.252,0.712081522611757,0.612091151105446,1386.504,2019_yk_201,Yukon,2019,0.709787191344593,0.615133188888674,3.3714237401638e-4,669.536937808973,819.632814763434,1295.328,0.720456197844027,377.02798078306307
1324,693.776,0.709363577946832,0.601433367460104,1387.552,2019_yk_201,Yukon,2019,0.709802513382393,0.615373788316656,2.4059942798271e-4,669.536937808973,819.632814763434,1295.328,0.720456197844027,377.02798078306307
1325,694.3,0.709051777881786,0.603783585706002,1388.6,2019_yk_201,Yukon,2019,0.709823828796211,0.615740171778406,3.6638346174944e-4,669.536937808973,819.632814763434,1295.328,0.720456197844027,377.02798078306307
1326,694.824,0.709495042041452,0.607820457525855,1389.648,2019_yk_201,Yukon,2019,0.709825728521655,0.616103897177458,3.6372539905205e-4,669.536937808973,819.632814763434,1295.328,0.720456197844027,377.02798078306307
1327,695.348,0.710330610215123,0.609074112023047,1390.696,2019_yk_201,Yukon,2019,0.709817605394797,0.616679189046754,5.7529186929616e-4,669.536937808973,819.632814763434,1295.328,0.720456197844027,377.02798078306307
1328,695.872,0.711125010483744,0.614345551833762,1391.744,2019_yk_201,Yukon,2019,0.709795036033904,0.616957913141385,2.7872409463136e-4,669.536937808973,819.632814763434,1295.328,0.720456197844027,377.02798078306307
1329,696.396,0.709424651556785,0.623208284436176,1392.792,2019_yk_201,Yukon,2019,0.709832753692066,0.617244825330301,2.8691218891607e-4,669.536937808973,819.632814763434,1295.328,0.720456197844027,377.02798078306307
1330,696.92,0.709581383056821,0.628556876436589,1393.84,2019_yk_201,Yukon,2019,0.709857666068173,0.617443384401954,1.9855907165233e-4,669.536937808973,819.632814763434,1295.328,0.720456197844027,377.02798078306307
1331,697.444,0.70991768988427,0.617368924300779,1394.888,2019_yk_201,Yukon,2019,0.709885180492598,0.617633972953096,1.9058855114173e-4,669.536937808973,819.632814763434,1295.328,0.720456197844027,377.02798078306307
1332,697.968,0.709248677352729,0.625275201800568,1395.936,2019_yk_201,Yukon,2019,0.709887550198501,0.617710747325505,7.67743724091607e-5,669.536937808973,819.632814763434,1295.328,0.720456197844027,377.02798078306307
1333,698.492,0.710180496769019,0.619333538725774,1396.984,2019_yk_201,Yukon,2019,0.70988718517385,0.618086777255241,3.7602992973651e-4,669.536937808973,819.632814763434,1295.328,0.720456197844027,377.02798078306307
1334,699.016,0.708397400796259,0.618660421919414,1398.032,2019_yk_201,Yukon,2019,0.709880131727361,0.61827927371034,1.9249645509833e-4,669.536937808973,819.632814763434,1295.328,0.720456197844027,377.02798078306307
1335,699.54,0.712232090956535,0.627556750835523,1399.08,2019_yk_201,Yukon,2019,0.709890483682536,0.61857196901673706,2.9269530639708e-4,669.536937808973,819.632814763434,1295.328,0.720456197844027,377.02798078306307
1336,700.064,0.709329853671288,0.623070067574161,1400.128,2019_yk_201,Yukon,2019,0.709915703028208,0.618869028178258,2.9705916152145e-4,669.536937808973,819.632814763434,1295.328,0.720456197844027,377.02798078306307
1337,700.588,0.711621213179443,0.622861524775744,1401.176,2019_yk_201,Yukon,2019,0.70992068119498,0.619248073601148,3.7904542288991e-4,669.536937808973,819.632814763434,1295.328,0.720456197844027,377.02798078306307
1338,701.112,0.709618229096261,0.629437058315814,1402.224,2019_yk_201,Yukon,2019,0.709964874800167,0.619745012520213,4.9693891906466e-4,669.536937808973,819.632814763434,1295.328,0.720456197844027,377.02798078306307
1339,701.636,0.711697753983268,0.637294230552061,1403.272,2019_yk_201,Yukon,2019,0.70995656721705,0.62001836131888,2.7334879866769e-4,669.536937808973,819.632814763434,1295.328,0.720456197844027,377.02798078306307
1340,702.16,0.709532697746174,0.643593515163149,1404.32,2019_yk_201,Yukon,2019,0.709912002532772,0.620488024288145,4.6966296926509e-4,669.536937808973,819.632814763434,1295.328,0.720456197844027,377.02798078306307
1341,702.684,0.709616544741749,0.636542953007405,1405.368,2019_yk_201,Yukon,2019,0.709914960649401,0.620694374887794,2.0635059964857e-4,669.536937808973,819.632814763434,1295.328,0.720456197844027,377.02798078306307
1342,703.208,0.7102592789073,0.633142745181827,1406.416,2019_yk_201,Yukon,2019,0.709940552237654,0.620936382016349,2.420071285546e-4,669.536937808973,819.632814763434,1295.328,0.720456197844027,377.02798078306307
1343,703.732,0.710680954370195,0.624608759765287,1407.464,2019_yk_201,Yukon,2019,0.709879948314275,0.62097326809658,3.68860802316684e-5,669.536937808973,819.632814763434,1295.328,0.720456197844027,377.02798078306307
1344,704.256,0.70882683368215,0.623515982961813,1408.512,2019_yk_201,Yukon,2019,0.709846041191058,0.621064457456302,9.11893597216329e-5,669.536937808973,819.632814763434,1295.328,0.720456197844027,377.02798078306307
1345,704.78,0.706703693569019,0.623987758782934,1409.56,2019_yk_201,Yukon,2019,0.709871655826742,0.621163273025067,9.88155687653425e-5,669.536937808973,819.632814763434,1295.328,0.720456197844027,377.02798078306307
1346,705.304,0.710810667629443,0.61312677316686,1410.608,2019_yk_201,Yukon,2019,0.709854940916856,0.621322196176744,1.5892315167676e-4,669.536937808973,819.632814763434,1295.328,0.720456197844027,377.02798078306307
1347,705.828,0.708664148048201,0.626337355295294,1411.656,2019_yk_201,Yukon,2019,0.70986767628009,0.621476138664042,1.5394248729772e-4,669.536937808973,819.632814763434,1295.328,0.720456197844027,377.02798078306307
1348,706.352,0.712104889577714,0.623681100665191,1412.704,2019_yk_201,Yukon,2019,0.709874312474894,0.621563232347165,8.70936831230962e-5,669.536937808973,819.632814763434,1295.328,0.720456197844027,377.02798078306307
1349,706.876,0.709762067813588,0.610789727504166,1413.752,2019_yk_201,Yukon,2019,0.70991661899991,0.621496562934881,-6.66694122833933e-5,669.536937808973,819.632814763434,1295.328,0.720456197844027,377.02798078306307
1350,707.4,0.711765579805234,0.609333645682753,1414.8,2019_yk_201,Yukon,2019,0.709923816866481,0.621559457348579,6.28944136974452e-5,669.536937808973,819.632814763434,1295.328,0.720456197844027,377.02798078306307
1351,707.924,0.709391060647983,0.610466735214742,1415.848,2019_yk_201,Yukon,2019,0.709965932904564,0.621876228490145,3.1677114156569e-4,669.536937808973,819.632814763434,1295.328,0.720456197844027,377.02798078306307
1352,708.448,0.710166101521007,0.618384563092519,1416.896,2019_yk_201,Yukon,2019,0.709963362364669,0.622153637296641,2.7740880649618e-4,669.536937808973,819.632814763434,1295.328,0.720456197844027,377.02798078306307
1353,708.972,0.709493454193535,0.619198949723495,1417.944,2019_yk_201,Yukon,2019,0.709950677112965,0.622301451969209,1.4781467256841e-4,669.536937808973,819.632814763434,1295.328,0.720456197844027,377.02798078306307
1354,709.496,0.70966894699715,0.614308029154135,1418.992,2019_yk_201,Yukon,2019,0.709968428452249,0.622601705119917,3.0025315070791e-4,669.536937808973,819.632814763434,1295.328,0.720456197844027,377.02798078306307
1355,710.02,0.709468965004257,0.617490597758597,1420.04,2019_yk_201,Yukon,2019,0.709977298067792,0.623052475083948,4.5076996403137e-4,669.536937808973,819.632814763434,1295.328,0.720456197844027,377.02798078306307
1356,710.544,0.710343271927625,0.617568822410132,1421.088,2019_yk_201,Yukon,2019,0.709954933747755,0.62348608269807,4.3360761412125e-4,669.536937808973,819.632814763434,1295.328,0.720456197844027,377.02798078306307
1357,711.068,0.709587530730875,0.623549253588042,1422.136,2019_yk_201,Yukon,2019,0.709944449147111,0.624191156451536,7.0507375346662e-4,669.536937808973,819.632814763434,1295.328,0.720456197844027,377.02798078306307
1358,711.592,0.708900525090711,0.617704174565683,1423.184,2019_yk_201,Yukon,2019,0.709905211343795,0.624488359003564,2.9720255202769e-4,669.536937808973,819.632814763434,1295.328,0.720456197844027,377.02798078306307
1359,712.116,0.710753279121849,0.61687396704192,1424.232,2019_yk_201,Yukon,2019,0.70988222270774,0.624503284015263,1.49250116994182e-5,669.536937808973,819.632814763434,1295.328,0.720456197844027,377.02798078306307
1360,712.64,0.710490733522159,0.62468469396421,1425.28,2019_yk_201,Yukon,2019,0.70988319317494,0.624335686914797,-1.6759710046665e-4,669.536937808973,819.632814763434,1295.328,0.720456197844027,377.02798078306307
1361,713.164,0.710025959873828,0.618538949859744,1426.328,2019_yk_201,Yukon,2019,0.709858444184301,0.624358019670355,2.23327555584074e-5,669.536937808973,819.632814763434,1295.328,0.720456197844027,377.02798078306307
1362,713.688,0.710226202080681,0.61384699165506,1427.376,2019_yk_201,Yukon,2019,0.709865198464832,0.624444159915515,8.61402451594051e-5,669.536937808973,819.632814763434,1295.328,0.720456197844027,377.02798078306307
1363,714.212,0.708896249958874,0.629924952070134,1428.424,2019_yk_201,Yukon,2019,0.709859713763245,0.624524721707937,8.056179242244e-5,669.536937808973,819.632814763434,1295.328,0.720456197844027,377.02798078306307
1364,714.736,0.709325896416357,0.61875518419836,1429.472,2019_yk_201,Yukon,2019,0.709895692462783,0.624602807707333,7.80859993961824e-5,669.536937808973,819.632814763434,1295.328,0.720456197844027,377.02798078306307
1365,715.26,0.709991853539104,0.62017213141462,1430.52,2019_yk_201,Yukon,2019,0.709877393580149,0.624696105419631,9.3297712297824007e-05,669.536937808973,819.632814763434,1295.328,0.720456197844027,377.02798078306307
1366,715.784,0.710263152890094,0.619237180290731,1431.568,2019_yk_201,Yukon,2019,0.709898023813338,0.62488748803807,1.9138261843942e-4,669.536937808973,819.632814763434,1295.328,0.720456197844027,377.02798078306307
1367,716.308,0.709868329221451,0.626075630323159,1432.616,2019_yk_201,Yukon,2019,0.709855707535454,0.624907233246247,1.97452081769356e-5,669.536937808973,819.632814763434,1295.328,0.720456197844027,377.02798078306307
1368,716.832,0.711110145387487,0.62959925345347,1433.664,2019_yk_201,Yukon,2019,0.709847863819664,0.624718692290085,-1.8854095616271e-4,669.536937808973,819.632814763434,1295.328,0.720456197844027,377.02798078306307
1369,717.356,0.710725579087647,0.625832646899898,1434.712,2019_yk_201,Yukon,2019,0.709830179795224,0.624502890716799,-2.1580157328537e-4,669.536937808973,819.632814763434,1295.328,0.720456197844027,377.02798078306307
1370,717.88,0.707965040000308,0.632404929662264,1435.76,2019_yk_201,Yukon,2019,0.709828562998918,0.624360339423462,-1.4255129333762e-4,669.536937808973,819.632814763434,1295.328,0.720456197844027,377.02798078306307
1371,718.404,0.709299283934533,0.628905698122085,1436.808,2019_yk_201,Yukon,2019,0.709836109983829,0.624117578538953,-2.4276088450825e-4,669.536937808973,819.632814763434,1295.328,0.720456197844027,377.02798078306307
1372,718.928,0.7110522274262,0.625793399968402,1437.856,2019_yk_201,Yukon,2019,0.709802397165489,0.624043750115887,-7.38284230664688e-5,669.536937808973,819.632814763434,1295.328,0.720456197844027,377.02798078306307
1373,719.452,0.707550706646384,0.622676043050976,1438.904,2019_yk_201,Yukon,2019,0.709780281512268,0.624065627854271,2.18777383840241e-5,669.536937808973,819.632814763434,1295.328,0.720456197844027,377.02798078306307
1374,719.976,0.708217958179669,0.629999212714236,1439.952,2019_yk_201,Yukon,2019,0.709770350436618,0.624117574697637,5.19468433664017e-5,669.536937808973,819.632814763434,1295.328,0.720456197844027,377.02798078306307
1375,720.5,0.711589404912522,0.629970194398152,1441,2019_yk_201,Yukon,2019,0.709842597445524,0.624202429592994,8.48548953565897e-5,669.536937808973,819.632814763434,1295.328,0.720456197844027,377.02798078306307
1376,721.024,0.7110375988961,0.634789730253101,1442.048,2019_yk_201,Yukon,2019,0.709822527572624,0.624485566379454,2.8313678645974e-4,669.536937808973,819.632814763434,1295.328,0.720456197844027,377.02798078306307
1377,721.548,0.710197624070669,0.62955932663189,1443.096,2019_yk_201,Yukon,2019,0.709808094587998,0.624621441603241,1.3587522378688e-4,669.536937808973,819.632814763434,1295.328,0.720456197844027,377.02798078306307
1378,722.072,0.709900434986796,0.621388978319324,1444.144,2019_yk_201,Yukon,2019,0.709755764022371,0.624631363991584,9.92238834385262e-6,669.536937808973,819.632814763434,1295.328,0.720456197844027,377.02798078306307
1379,722.596,0.710635155439622,0.622150861931442,1445.192,2019_yk_201,Yukon,2019,0.70973247701268,0.624857682685595,2.2631869401068e-4,669.536937808973,819.632814763434,1295.328,0.720456197844027,377.02798078306307
1380,723.12,0.710848009125885,0.619928649754163,1446.24,2019_yk_201,Yukon,2019,0.709708914512616,0.625133777042333,2.7609435673769e-4,669.536937808973,819.632814763434,1295.328,0.720456197844027,377.02798078306307
1381,723.644,0.710013383600089,0.632726170260907,1447.288,2019_yk_201,Yukon,2019,0.70969815911562,0.625500058733737,3.6628169140373e-4,669.536937808973,819.632814763434,1295.328,0.720456197844027,377.02798078306307
1382,724.168,0.709373340074465,0.626880913549358,1448.336,2019_yk_201,Yukon,2019,0.709690259442842,0.625764588401437,2.6452966770085e-4,669.536937808973,819.632814763434,1295.328,0.720456197844027,377.02798078306307
1383,724.692,0.711320407509502,0.620960031459554,1449.384,2019_yk_201,Yukon,2019,0.7096839192821,0.625903911040532,1.3932263909444e-4,669.536937808973,819.632814763434,1295.328,0.720456197844027,377.02798078306307
1384,725.216,0.71042865830387,0.619448556502579,1450.432,2019_yk_201,Yukon,2019,0.709679481608156,0.626148769614582,2.4485857405021e-4,669.536937808973,819.632814763434,1295.328,0.720456197844027,377.02798078306307
1385,725.74,0.709583954814377,0.630829783547884,1451.48,2019_yk_201,Yukon,2019,0.709661498541153,0.62643108514335,2.8231552876822e-4,669.536937808973,819.632814763434,1295.328,0.720456197844027,377.02798078306307
1386,726.264,0.70815318283922,0.633836914373127,1452.528,2019_yk_201,Yukon,2019,0.709652767717238,0.62677739006262,3.4630491927001e-4,669.536937808973,819.632814763434,1295.328,0.720456197844027,377.02798078306307
1387,726.788,0.70970153417647,0.651378537231046,1453.576,2019_yk_201,Yukon,2019,0.709702795283105,0.627001201936087,2.2381187346676e-4,669.536937808973,819.632814763434,1295.328,0.720456197844027,377.02798078306307
1388,727.312,0.708770742284805,0.632177704955421,1454.624,2019_yk_201,Yukon,2019,0.709722866774797,0.627285377466534,2.8417553044712e-4,669.536937808973,819.632814763434,1295.328,0.720456197844027,377.02798078306307
1389,727.836,0.708045333393447,0.624103785138143,1455.672,2019_yk_201,Yukon,2019,0.709686774470631,0.627590931838614,3.055543720799e-4,669.536937808973,819.632814763434,1295.328,0.720456197844027,377.02798078306307
1390,728.36,0.709639611088857,0.618501050408589,1456.72,2019_yk_201,Yukon,2019,0.709656628153786,0.62789626463253,3.0533279391586e-4,669.536937808973,819.632814763434,1295.328,0.720456197844027,377.02798078306307
1391,728.884,0.708432750445938,0.618708889634283,1457.768,2019_yk_201,Yukon,2019,0.709641770370535,0.628407326141183,5.1106150865332e-4,669.536937808973,819.632814763434,1295.328,0.720456197844027,377.02798078306307
1392,729.408,0.70965393418455,0.630443616510136,1458.816,2019_yk_201,Yukon,2019,0.709664203064014,0.629233935059747,8.2660891856356e-4,669.536937808973,819.632814763434,1295.328,0.720456197844027,377.02798078306307
1393,729.932,0.709851414673813,0.624167246271121,1459.864,2019_yk_201,Yukon,2019,0.709684853300203,0.629622978922401,3.8904386265403e-4,669.536937808973,819.632814763434,1295.328,0.720456197844027,377.02798078306307
1394,730.456,0.710556122768566,0.623345581883183,1460.912,2019_yk_201,Yukon,2019,0.709692935156075,0.630275593174661,6.5261425226026e-4,669.536937808973,819.632814763434,1295.328,0.720456197844027,377.02798078306307
1395,730.98,0.711134157998501,0.633154613573395,1461.96,2019_yk_201,Yukon,2019,0.709667478626108,0.63141997176605,0.00114437859138861,669.536937808973,819.632814763434,1295.328,0.720456197844027,377.02798078306307
1396,731.504,0.710567667662578,0.634553024680528,1463.008,2019_yk_201,Yukon,2019,0.709659098446207,0.632735459827369,0.00131548806131876,669.536937808973,819.632814763434,1295.328,0.720456197844027,377.02798078306307
1397,732.028,0.709082236506452,0.624046237266353,1464.056,2019_yk_201,Yukon,2019,0.709677649604377,0.633765902353434,0.00103044252606521,669.536937808973,819.632814763434,1295.328,0.720456197844027,377.02798078306307
1398,732.552,0.709147606148825,0.618124600946049,1465.104,2019_yk_201,Yukon,2019,0.709648320256194,0.634523588644773,7.5768629133954e-4,669.536937808973,819.632814763434,1295.328,0.720456197844027,377.02798078306307
1399,733.076,0.71063671251687,0.624346136154935,1466.152,2019_yk_201,Yukon,2019,0.709639336084217,0.635391888740099,8.6830009532601e-4,669.536937808973,819.632814763434,1295.328,0.720456197844027,377.02798078306307
1400,733.6,0.709435689967804,0.635040437562898,1467.2,2019_yk_201,Yukon,2019,0.709680095438233,0.636075687801021,6.837990609213e-4,669.536937808973,819.632814763434,1295.328,0.720456197844027,377.02798078306307
1401,734.124,0.710069363836451,0.621977299936906,1468.248,2019_yk_201,Yukon,2019,0.709700099995997,0.636691927400321,6.1623959930046e-4,669.536937808973,819.632814763434,1295.328,0.720456197844027,377.02798078306307
1402,734.648,0.708236509806856,0.628713039797845,1469.296,2019_yk_201,Yukon,2019,0.709655561103556,0.637419236853031,7.2730945270982e-4,669.536937808973,819.632814763434,1295.328,0.720456197844027,377.02798078306307
1403,735.172,0.709354015176935,0.625921424068326,1470.344,2019_yk_201,Yukon,2019,0.709675343003182,0.638201271318411,7.8203446538049e-4,669.536937808973,819.632814763434,1295.328,0.720456197844027,377.02798078306307
1404,735.696,0.708230969143195,0.626632793563798,1471.392,2019_yk_201,Yukon,2019,0.709699185924808,0.638941510209551,7.402388911395e-4,669.536937808973,819.632814763434,1295.328,0.720456197844027,377.02798078306307
1405,736.22,0.711038514103372,0.629079052504328,1472.44,2019_yk_201,Yukon,2019,0.709646886168578,0.639772132084778,8.3062187522697e-4,669.536937808973,819.632814763434,1295.328,0.720456197844027,377.02798078306307
1406,736.744,0.709606475255449,0.630114980354445,1473.488,2019_yk_201,Yukon,2019,0.709613645799071,0.640505553662436,7.3342157765798e-4,669.536937808973,819.632814763434,1295.328,0.720456197844027,377.02798078306307
1407,737.268,0.707798168970617,0.634489868722509,1474.536,2019_yk_201,Yukon,2019,0.709604218358414,0.641131684300268,6.2613063783245e-4,669.536937808973,819.632814763434,1295.328,0.720456197844027,377.02798078306307
1408,737.792,0.708965055640108,0.624276443965824,1475.584,2019_yk_201,Yukon,2019,0.709582065139656,0.641943595202144,8.1191090187549e-4,669.536937808973,819.632814763434,1295.328,0.720456197844027,377.02798078306307
1409,738.316,0.708364847232116,0.624368849144803,1476.632,2019_yk_201,Yukon,2019,0.70956895485185,0.642819324108142,8.7572890599796e-4,669.536937808973,819.632814763434,1295.328,0.720456197844027,377.02798078306307
1410,738.84,0.710351829801434,0.625899307087016,1477.68,2019_yk_201,Yukon,2019,0.709525322200109,0.643909283680381,0.00108995957223912,669.536937808973,819.632814763434,1295.328,0.720456197844027,377.02798078306307
1411,739.364,0.708745736828196,0.632443636698962,1478.728,2019_yk_201,Yukon,2019,0.709525166488793,0.644586202164136,6.7691848375539e-4,669.536937808973,819.632814763434,1295.328,0.720456197844027,377.02798078306307
1412,739.888,0.709692121154318,0.634256343154569,1479.776,2019_yk_201,Yukon,2019,0.709508494338217,0.645308243048848,7.220408847115e-4,669.536937808973,819.632814763434,1295.328,0.720456197844027,377.02798078306307
1413,740.412,0.709113044548996,0.627558308069168,1480.824,2019_yk_201,Yukon,2019,0.709461048574633,0.646275332237805,9.6708918895671e-4,669.536937808973,819.632814763434,1295.328,0.720456197844027,377.02798078306307
1414,740.936,0.709402686560527,0.628999543597144,1481.872,2019_yk_201,Yukon,2019,0.709446521791596,0.647295380060564,0.00102004782275988,669.536937808973,819.632814763434,1295.328,0.720456197844027,377.02798078306307
1415,741.46,0.708389980984087,0.634429529484694,1482.92,2019_yk_201,Yukon,2019,0.709445606241906,0.648384469987855,0.00108908992729051,669.536937808973,819.632814763434,1295.328,0.720456197844027,377.02798078306307
1416,741.984,0.709819422492711,0.638347117566326,1483.968,2019_yk_201,Yukon,2019,0.709464472686877,0.649585302762008,0.00120083277415262,669.536937808973,819.632814763434,1295.328,0.720456197844027,377.02798078306307
1417,742.508,0.712589184682937,0.636977965996048,1485.016,2019_yk_201,Yukon,2019,0.709436077860012,0.650579317258833,9.9401449682545e-4,669.536937808973,819.632814763434,1295.328,0.720456197844027,377.02798078306307
1418,743.032,0.710104814592176,0.634754706392509,1486.064,2019_yk_201,Yukon,2019,0.709418549913694,0.651953861348903,0.00137454409007021,669.536937808973,819.632814763434,1295.328,0.720456197844027,377.02798078306307
1419,743.556,0.708587740871916,0.635207229366715,1487.112,2019_yk_201,Yukon,2019,0.709443928165841,0.65331774235507,0.00136388100616691,669.536937808973,819.632814763434,1295.328,0.720456197844027,377.02798078306307
1420,744.08,0.708681954511443,0.643004661599162,1488.16,2019_yk_201,Yukon,2019,0.709441759878768,0.654725623865679,0.00140788151060911,669.536937808973,819.632814763434,1295.328,0.720456197844027,377.02798078306307
1421,744.604,0.709134492878757,0.64920264037895,1489.208,2019_yk_201,Yukon,2019,0.70948920948877,0.656085999310747,0.00136037544506784,669.536937808973,819.632814763434,1295.328,0.720456197844027,377.02798078306307
1422,745.128,0.711572163689456,0.663443526768877,1490.256,2019_yk_201,Yukon,2019,0.709466337774334,0.657340583330384,0.00125458401963674,669.536937808973,819.632814763434,1295.328,0.720456197844027,377.02798078306307
1423,745.652,0.710135264130185,0.653267583829376,1491.304,2019_yk_201,Yukon,2019,0.709468477236094,0.658801492487828,0.00146090915744435,669.536937808973,819.632814763434,1295.328,0.720456197844027,377.02798078306307
1424,746.176,0.709810807768682,0.657912039333973,1492.352,2019_yk_201,Yukon,2019,0.709456584731571,0.660458344092589,0.00165685160476114,669.536937808973,819.632814763434,1295.328,0.720456197844027,377.02798078306307
1425,746.7,0.708464461741109,0.68883484689793,1493.4,2019_yk_201,Yukon,2019,0.709426586732785,0.661966883751918,0.00150853965932896,669.536937808973,819.632814763434,1295.328,0.720456197844027,377.02798078306307
1426,747.224,0.709760342096013,0.698166463969857,1494.448,2019_yk_201,Yukon,2019,0.709423207560532,0.663375063045878,0.00140817929396009,669.536937808973,819.632814763434,1295.328,0.720456197844027,377.02798078306307
1427,747.748,0.710981398711646,0.687902181887073,1495.496,2019_yk_201,Yukon,2019,0.709413732026974,0.665044789550897,0.00166972650501851,669.536937808973,819.632814763434,1295.328,0.720456197844027,377.02798078306307
1428,748.272,0.70935038449654,0.675060430933839,1496.544,2019_yk_201,Yukon,2019,0.709438191929401,0.666870396573685,0.00182560702278833,669.536937808973,819.632814763434,1295.328,0.720456197844027,377.02798078306307
1429,748.796,0.710186528769043,0.677930652619465,1497.592,2019_yk_201,Yukon,2019,0.709413358314785,0.668515996180785,0.00164559960709976,669.536937808973,819.632814763434,1295.328,0.720456197844027,377.02798078306307
1430,749.32,0.710410601241234,0.673432873317536,1498.64,2019_yk_201,Yukon,2019,0.70943406917426,0.670119456561432,0.00160346038064685,669.536937808973,819.632814763434,1295.328,0.720456197844027,377.02798078306307
1431,749.844,0.710499557400405,0.665880074080117,1499.688,2019_yk_201,Yukon,2019,0.7094437145272,0.672079316222314,0.00195985966088197,669.536937808973,819.632814763434,1295.328,0.720456197844027,377.02798078306307
1432,750.368,0.708379893879725,0.669431967130987,1500.736,2019_yk_201,Yukon,2019,0.709463122991563,0.673842716478985,0.00176340025667143,669.536937808973,819.632814763434,1295.328,0.720456197844027,377.02798078306307
1433,750.892,0.70873762062396,0.669598110973806,1501.784,2019_yk_201,Yukon,2019,0.709480928684625,0.67570251507722,0.00185979859823515,669.536937808973,819.632814763434,1295.328,0.720456197844027,377.02798078306307
1434,751.416,0.709648533477212,0.67441354618261,1502.832,2019_yk_201,Yukon,2019,0.709506430008018,0.677551786342139,0.00184927126491907,669.536937808973,819.632814763434,1295.328,0.720456197844027,377.02798078306307
1435,751.94,0.70845141953873,0.679807506911768,1503.88,2019_yk_201,Yukon,2019,0.709485391673265,0.679340712651335,0.00178892630919514,669.536937808973,819.632814763434,1295.328,0.720456197844027,377.02798078306307
1436,752.464,0.709043176725694,0.678795024912579,1504.928,2019_yk_201,Yukon,2019,0.709495697676105,0.681134067872618,0.00179335522128299,669.536937808973,819.632814763434,1295.328,0.720456197844027,377.02798078306307
1437,752.988,0.709631977631241,0.66712716490184,1505.976,2019_yk_201,Yukon,2019,0.709527701873404,0.682868631323523,0.00173456345090561,669.536937808973,819.632814763434,1295.328,0.720456197844027,377.02798078306307
1438,753.512,0.708571241861272,0.670103632431857,1507.024,2019_yk_201,Yukon,2019,0.709550969091546,0.68493076286863,0.00206213154510726,669.536937808973,819.632814763434,1295.328,0.720456197844027,377.02798078306307
1439,754.036,0.709848538171304,0.674694596291313,1508.072,2019_yk_201,Yukon,2019,0.709592686619606,0.687062370768201,0.00213160789957023,669.536937808973,819.632814763434,1295.328,0.720456197844027,377.02798078306307
1440,754.56,0.708230050021385,0.68532622408851,1509.12,2019_yk_201,Yukon,2019,0.709602043059032,0.689092829702066,0.00203045893386578,669.536937808973,819.632814763434,1295.328,0.720456197844027,377.02798078306307
1441,755.084,0.710004040921155,0.673341279286233,1510.168,2019_yk_201,Yukon,2019,0.709597300830707,0.690765585852387,0.00167275615032036,669.536937808973,819.632814763434,1295.328,0.720456197844027,377.02798078306307
1442,755.608,0.708373011039929,0.670203366632045,1511.216,2019_yk_201,Yukon,2019,0.709601218623266,0.692260582391418,0.00149499653903129,669.536937808973,819.632814763434,1295.328,0.720456197844027,377.02798078306307
1443,756.132,0.708473661694449,0.67898538279696,1512.264,2019_yk_201,Yukon,2019,0.709603322236015,0.693916794164558,0.00165621177314001,669.536937808973,819.632814763434,1295.328,0.720456197844027,377.02798078306307
1444,756.656,0.70955705132166,0.680651425868171,1513.312,2019_yk_201,Yukon,2019,0.709606208520709,0.695598924919738,0.00168213075517942,669.536937808973,819.632814763434,1295.328,0.720456197844027,377.02798078306307
1445,757.18,0.709529021832942,0.696175179185314,1514.36,2019_yk_201,Yukon,2019,0.70966398731957,0.697250958375732,0.00165203345599496,669.536937808973,819.632814763434,1295.328,0.720456197844027,377.02798078306307
1446,757.704,0.709285169537478,0.705886880822286,1515.408,2019_yk_201,Yukon,2019,0.709657433994117,0.698801791027317,0.00155083265158473,669.536937808973,819.632814763434,1295.328,0.720456197844027,377.02798078306307
1447,758.228,0.707997844564548,0.711019407040575,1516.456,2019_yk_201,Yukon,2019,0.709601921719745,0.700276039145743,0.00147424811842545,669.536937808973,819.632814763434,1295.328,0.720456197844027,377.02798078306307
1448,758.752,0.707719065505756,0.714650350359631,1517.504,2019_yk_201,Yukon,2019,0.709596469580014,0.701989469215241,0.00171343006949853,669.536937808973,819.632814763434,1295.328,0.720456197844027,377.02798078306307
1449,759.276,0.709568028522264,0.705936645508162,1518.552,2019_yk_201,Yukon,2019,0.70961545858006,0.70366435095842,0.00167488174317931,669.536937808973,819.632814763434,1295.328,0.720456197844027,377.02798078306307
1450,759.8,0.709509513864485,0.702973941045127,1519.6,2019_yk_201,Yukon,2019,0.709637497666421,0.70516365216209,0.00149930120366915,669.536937808973,819.632814763434,1295.328,0.720456197844027,377.02798078306307
1451,760.324,0.711279727046035,0.700331416338355,1520.648,2019_yk_201,Yukon,2019,0.709645545601942,0.7065574591303,0.00139380696821023,669.536937808973,819.632814763434,1295.328,0.720456197844027,377.02798078306307
1452,760.848,0.70828163131841,0.705718657688335,1521.696,2019_yk_201,Yukon,2019,0.709597822026449,0.707861677907207,0.00130421877690712,669.536937808973,819.632814763434,1295.328,0.720456197844027,377.02798078306307
1453,761.372,0.709979782379405,0.711821795717781,1522.744,2019_yk_201,Yukon,2019,0.709561794108954,0.709313242826129,0.00145156491892218,669.536937808973,819.632814763434,1295.328,0.720456197844027,377.02798078306307
1454,761.896,0.709842572497188,0.722756678168851,1523.792,2019_yk_201,Yukon,2019,0.709534120846291,0.710729354944584,0.00141611211845527,669.536937808973,819.632814763434,1295.328,0.720456197844027,377.02798078306307
1455,762.42,0.709334278071364,0.723666993133139,1524.84,2019_yk_201,Yukon,2019,0.709586612647119,0.711606484639423,8.7712969483899e-4,669.536937808973,819.632814763434,1295.328,0.720456197844027,377.02798078306307
1456,762.944,0.710364917327354,0.719043782318132,1525.888,2019_yk_201,Yukon,2019,0.709574910125382,0.712232932895756,6.2644825633273e-4,669.536937808973,819.632814763434,1295.328,0.720456197844027,377.02798078306307
1457,763.468,0.708513704493003,0.724229827567463,1526.936,2019_yk_201,Yukon,2019,0.70954088672486,0.712970637279522,7.3770438376608e-4,669.536937808973,819.632814763434,1295.328,0.720456197844027,377.02798078306307
1458,763.992,0.710615200294429,0.727661022313353,1527.984,2019_yk_201,Yukon,2019,0.70953743252026,0.713844218923604,8.735816440818e-4,669.536937808973,819.632814763434,1295.328,0.720456197844027,377.02798078306307
1459,764.516,0.709146695639932,0.723082112580919,1529.032,2019_yk_201,Yukon,2019,0.709521456103593,0.714800964734246,9.5674581064175e-4,669.536937808973,819.632814763434,1295.328,0.720456197844027,377.02798078306307
1460,765.04,0.710678341536256,0.731248060401709,1530.08,2019_yk_201,Yukon,2019,0.709500902073237,0.715738131413527,9.3716667928167e-4,669.536937808973,819.632814763434,1295.328,0.720456197844027,377.02798078306307
1461,765.564,0.710648085012859,0.739568879589823,1531.128,2019_yk_201,Yukon,2019,0.709497968209486,0.71678128746802,0.00104315605449279,669.536937808973,819.632814763434,1295.328,0.720456197844027,377.02798078306307
1462,766.088,0.709401017668627,0.734517055198131,1532.176,2019_yk_201,Yukon,2019,0.709519829780571,0.717785854141057,0.00100456667303672,669.536937808973,819.632814763434,1295.328,0.720456197844027,377.02798078306307
1463,766.612,0.710422356760688,0.737509339962431,1533.224,2019_yk_201,Yukon,2019,0.7095124858208,0.718853842970481,0.00106798882942427,669.536937808973,819.632814763434,1295.328,0.720456197844027,377.02798078306307
1464,767.136,0.709761048546778,0.737589069458945,1534.272,2019_yk_201,Yukon,2019,0.709506520622423,0.719761983830301,9.081408598196e-4,669.536937808973,819.632814763434,1295.328,0.720456197844027,377.02798078306307
1465,767.66,0.709776214018151,0.736414631056034,1535.32,2019_yk_201,Yukon,2019,0.709519674328596,0.720667952149522,9.0596831922107e-4,669.536937808973,819.632814763434,1295.328,0.720456197844027,377.02798078306307
1466,768.184,0.710224835425899,0.737716293631423,1536.368,2019_yk_201,Yukon,2019,0.709510143934191,0.721674399236644,0.00100644708712228,669.536937808973,819.632814763434,1295.328,0.720456197844027,377.02798078306307
1467,768.708,0.709718420808538,0.738563675776848,1537.416,2019_yk_201,Yukon,2019,0.709510809708759,0.722754523866771,0.00108012463012663,669.536937808973,819.632814763434,1295.328,0.720456197844027,377.02798078306307
1468,769.232,0.710361088728621,0.748004336672257,1538.464,2019_yk_201,Yukon,2019,0.709516807214161,0.723712330907171,9.5780704040004e-4,669.536937808973,819.632814763434,1295.328,0.720456197844027,377.02798078306307
1469,769.756,0.710867898915731,0.752265323119015,1539.512,2019_yk_201,Yukon,2019,0.709525699064275,0.724585788967207,8.7345806003646e-4,669.536937808973,819.632814763434,1295.328,0.720456197844027,377.02798078306307
1470,770.28,0.710913216166957,0.747726843118971,1540.56,2019_yk_201,Yukon,2019,0.709550521701366,0.725285508436155,6.9971946894731e-4,669.536937808973,819.632814763434,1295.328,0.720456197844027,377.02798078306307
1471,770.804,0.708461203128703,0.732809005718181,1541.608,2019_yk_201,Yukon,2019,0.709530354656852,0.726101727338176,8.1621890202143e-4,669.536937808973,819.632814763434,1295.328,0.720456197844027,377.02798078306307
1472,771.328,0.709927188707842,0.723956135496447,1542.656,2019_yk_201,Yukon,2019,0.709538205946257,0.727088280685934,9.8655334775821e-4,669.536937808973,819.632814763434,1295.328,0.720456197844027,377.02798078306307
1473,771.852,0.709239261313947,0.726931014457572,1543.704,2019_yk_201,Yukon,2019,0.709565042994285,0.727980936385856,8.9265569992202e-4,669.536937808973,819.632814763434,1295.328,0.720456197844027,377.02798078306307
1474,772.376,0.709575863642172,0.729927388907906,1544.752,2019_yk_201,Yukon,2019,0.70956132129516,0.72860495014828,6.2401376242327e-4,669.536937808973,819.632814763434,1295.328,0.720456197844027,377.02798078306307
1475,772.9,0.711856708915755,0.73355153684439,1545.8,2019_yk_201,Yukon,2019,0.709530653352777,0.728954980548833,3.5003040055359e-4,669.536937808973,819.632814763434,1295.328,0.720456197844027,377.02798078306307
1476,773.424,0.709426222965537,0.731397076661412,1546.848,2019_yk_201,Yukon,2019,0.709524200952137,0.728961702338793,6.72178996019568e-6,669.536937808973,819.632814763434,1295.328,0.720456197844027,377.02798078306307
1477,773.948,0.709258448220644,0.725432853101572,1547.896,2019_yk_201,Yukon,2019,0.709533082663987,0.728956213264053,-5.48907473996163e-6,669.536937808973,819.632814763434,1295.328,0.720456197844027,377.02798078306307
1478,774.472,0.709777686208276,0.737560510562418,1548.944,2019_yk_201,Yukon,2019,0.709574485125826,0.729036965978676,8.07527146228226e-5,669.536937808973,819.632814763434,1295.328,0.720456197844027,377.02798078306307
1479,774.996,0.70972708087469,0.735700133957474,1549.992,2019_yk_201,Yukon,2019,0.709574372141552,0.72921040386466,1.7343788598334e-4,669.536937808973,819.632814763434,1295.328,0.720456197844027,377.02798078306307
1480,775.52,0.710004299693125,0.732962733819313,1551.04,2019_yk_201,Yukon,2019,0.709575667715497,0.729361544973657,1.5114110899772e-4,669.536937808973,819.632814763434,1295.328,0.720456197844027,377.02798078306307
1481,776.044,0.709617369010018,0.732831058471566,1552.088,2019_yk_201,Yukon,2019,0.709527011247133,0.729750196680031,3.8865170637347e-4,669.536937808973,819.632814763434,1295.328,0.720456197844027,377.02798078306307
1482,776.568,0.708708749159862,0.741696653383301,1553.136,2019_yk_201,Yukon,2019,0.709525953738051,0.730011372362075,2.6117568204386e-4,669.536937808973,819.632814763434,1295.328,0.720456197844027,377.02798078306307
1483,777.092,0.707973589080476,0.740361478964708,1554.184,2019_yk_201,Yukon,2019,0.709519076561933,0.730275052121895,2.6367975982e-4,669.536937808973,819.632814763434,1295.328,0.720456197844027,377.02798078306307
1484,777.616,0.708150412008907,0.742878766441285,1555.232,2019_yk_201,Yukon,2019,0.70952252998042,0.730151483601907,-1.2356851998762e-4,669.536937808973,819.632814763434,1295.328,0.720456197844027,377.02798078306307
1485,778.14,0.711613969790786,0.741462628588268,1556.28,2019_yk_201,Yukon,2019,0.709516993921501,0.729983688584419,-1.6779501748842e-4,669.536937808973,819.632814763434,1295.328,0.720456197844027,377.02798078306307
1486,778.664,0.709058190791799,0.735753359349824,1557.328,2019_yk_201,Yukon,2019,0.709512457999336,0.729839264284838,-1.4442429958094e-4,669.536937808973,819.632814763434,1295.328,0.720456197844027,377.02798078306307
1487,779.188,0.708939994680308,0.732164444913035,1558.376,2019_yk_201,Yukon,2019,0.70952019043365,0.729605248351942,-2.3401593289607e-4,669.536937808973,819.632814763434,1295.328,0.720456197844027,377.02798078306307
1488,779.712,0.709143132220578,0.727475329578741,1559.424,2019_yk_201,Yukon,2019,0.709490333169807,0.729349135611685,-2.5611274025627e-4,669.536937808973,819.632814763434,1295.328,0.720456197844027,377.02798078306307
1489,780.236,0.709227943769003,0.73533540125797,1560.472,2019_yk_201,Yukon,2019,0.709489347306738,0.729180674672868,-1.6846093881739e-4,669.536937808973,819.632814763434,1295.328,0.720456197844027,377.02798078306307
1490,780.76,0.709177359419888,0.72966287407444,1561.52,2019_yk_201,Yukon,2019,0.709481829727486,0.7287010676351,-4.7960703776772e-4,669.536937808973,819.632814763434,1295.328,0.720456197844027,377.02798078306307
1491,781.284,0.710323525575345,0.728469437349685,1562.568,2019_yk_201,Yukon,2019,0.709460938709911,0.728009981666123,-6.9108596897771e-4,669.536937808973,819.632814763434,1295.328,0.720456197844027,377.02798078306307
1492,781.808,0.709691588144821,0.729705967513185,1563.616,2019_yk_201,Yukon,2019,0.709452025599363,0.727504528781903,-5.0545288421932e-4,669.536937808973,819.632814763434,1295.328,0.720456197844027,377.02798078306307
1493,782.332,0.708296983037663,0.733677440739261,1564.664,2019_yk_201,Yukon,2019,0.709414129190392,0.726944010519267,-5.6051826263581e-4,669.536937808973,819.632814763434,1295.328,0.720456197844027,377.02798078306307
1494,782.856,0.709290621574648,0.728901997771792,1565.712,2019_yk_201,Yukon,2019,0.70940071659102,0.726565445595309,-3.7856492395804e-4,669.536937808973,819.632814763434,1295.328,0.720456197844027,377.02798078306307
1495,783.38,0.709240641909057,0.734165606065033,1566.76,2019_yk_201,Yukon,2019,0.709390133173058,0.726102585809852,-4.6285978545757e-4,669.536937808973,819.632814763434,1295.328,0.720456197844027,377.02798078306307
1496,783.904,0.7084713530614,0.739181850139917,1567.808,2019_yk_201,Yukon,2019,0.70938174282859,0.72557502810443,-5.2755770542201e-4,669.536937808973,819.632814763434,1295.328,0.720456197844027,377.02798078306307
1497,784.428,0.709671924105359,0.731934642709436,1568.856,2019_yk_201,Yukon,2019,0.709365697523559,0.72490286703294,-6.7216107148937e-4,669.536937808973,819.632814763434,1295.328,0.720456197844027,377.02798078306307
1498,784.952,0.708931092185383,0.727572054855862,1569.904,2019_yk_201,Yukon,2019,0.709322447327345,0.724064287526871,-8.3857950606958e-4,669.536937808973,819.632814763434,1295.328,0.720456197844027,377.02798078306307
1499,785.476,0.710382049178133,0.727102079893504,1570.952,2019_yk_201,Yukon,2019,0.709283495170938,0.7231507878139,-9.134997129705e-4,669.536937808973,819.632814763434,1295.328,0.720456197844027,377.02798078306307
1500,786,0.709719408246854,0.727309392225348,1572,2019_yk_201,Yukon,2019,0.70924689732384,0.722363238869952,-7.8754894394805e-4,669.536937808973,819.632814763434,1295.328,0.720456197844027,377.02798078306307
1501,786.524,0.708794018250288,0.722314413407522,1573.048,2019_yk_201,Yukon,2019,0.709283863057372,0.721917576329503,-4.4566254044908e-4,669.536937808973,819.632814763434,1295.328,0.720456197844027,377.02798078306307
1502,787.048,0.708844088404254,0.729396567497535,1574.096,2019_yk_201,Yukon,2019,0.70926274017175,0.721672346205737,-2.452301237662e-4,669.536937808973,819.632814763434,1295.328,0.720456197844027,377.02798078306307
1503,787.572,0.710083884576094,0.732544724792288,1575.144,2019_yk_201,Yukon,2019,0.709240690112637,0.721299313641388,-3.7303256434873e-4,669.536937808973,819.632814763434,1295.328,0.720456197844027,377.02798078306307
1504,788.096,0.709333749374212,0.718092251613569,1576.192,2019_yk_201,Yukon,2019,0.709255847346833,0.720827104187972,-4.7220945341663e-4,669.536937808973,819.632814763434,1295.328,0.720456197844027,377.02798078306307
1505,788.62,0.707688945289913,0.717177003218529,1577.24,2019_yk_201,Yukon,2019,0.709217341604307,0.72034739698591,-4.7970720206203e-4,669.536937808973,819.632814763434,1295.328,0.720456197844027,377.02798078306307
1506,789.144,0.708898025499085,0.706290188219897,1578.288,2019_yk_201,Yukon,2019,0.709229086727799,0.719740369028975,-6.0702795693412e-4,669.536937808973,819.632814763434,1295.328,0.720456197844027,377.02798078306307
1507,789.668,0.70853074727554,0.710690062556178,1579.336,2019_yk_201,Yukon,2019,0.709222970618884,0.719257381835391,-4.8298719358452e-4,669.536937808973,819.632814763434,1295.328,0.720456197844027,377.02798078306307
1508,790.192,0.710203213216136,0.719495513237007,1580.384,2019_yk_201,Yukon,2019,0.709227327994623,0.718611546398349,-6.4583543704233e-4,669.536937808973,819.632814763434,1295.328,0.720456197844027,377.02798078306307
1509,790.716,0.709561249465815,0.716342918667162,1581.432,2019_yk_201,Yukon,2019,0.709213658743544,0.717991934962976,-6.1961143537225e-4,669.536937808973,819.632814763434,1295.328,0.720456197844027,377.02798078306307
1510,791.24,0.709587248301176,0.712042407584985,1582.48,2019_yk_201,Yukon,2019,0.709205132774185,0.717419937574655,-5.7199738832169e-4,669.536937808973,819.632814763434,1295.328,0.720456197844027,377.02798078306307
1511,791.764,0.70836033894422,0.723650518720761,1583.528,2019_yk_201,Yukon,2019,0.709212454214875,0.716867275861711,-5.5266171294321e-4,669.536937808973,819.632814763434,1295.328,0.720456197844027,377.02798078306307
1512,792.288,0.70821818077347,0.721389198610968,1584.576,2019_yk_201,Yukon,2019,0.709230447106826,0.71619761406738,-6.6966179433125e-4,669.536937808973,819.632814763434,1295.328,0.720456197844027,377.02798078306307
1513,792.812,0.709567151812314,0.727642581306977,1585.624,2019_yk_201,Yukon,2019,0.709310176074218,0.715618302346741,-5.7931172063896e-4,669.536937808973,819.632814763434,1295.328,0.720456197844027,377.02798078306307
1514,793.336,0.710049777606422,0.7153425669696,1586.672,2019_yk_201,Yukon,2019,0.709338007897393,0.714946539268271,-6.7176307846972e-4,669.536937808973,819.632814763434,1295.328,0.720456197844027,377.02798078306307
1515,793.86,0.709002114536231,0.713599292083832,1587.72,2019_yk_201,Yukon,2019,0.709287402241834,0.714354038218332,-5.9250104993935e-4,669.536937808973,819.632814763434,1295.328,0.720456197844027,377.02798078306307
1516,794.384,0.710092761997431,0.710378324343274,1588.768,2019_yk_201,Yukon,2019,0.709273854731515,0.713762952095449,-5.9108612288327e-4,669.536937808973,819.632814763434,1295.328,0.720456197844027,377.02798078306307
1517,794.908,0.708977650551828,0.710188871593703,1589.816,2019_yk_201,Yukon,2019,0.709272892980513,0.71337627837124,-3.8667372420886e-4,669.536937808973,819.632814763434,1295.328,0.720456197844027,377.02798078306307
1518,795.432,0.708823764463903,0.712294257897974,1590.864,2019_yk_201,Yukon,2019,0.709299344571095,0.713230041792365,-1.462365788748e-4,669.536937808973,819.632814763434,1295.328,0.720456197844027,377.02798078306307
1519,795.956,0.709087543855766,0.71297445625187,1591.912,2019_yk_201,Yukon,2019,0.709304664427503,0.712785308383566,-4.4473340879902e-4,669.536937808973,819.632814763434,1295.328,0.720456197844027,377.02798078306307
1520,796.48,0.71022728678112,0.702471638135647,1592.96,2019_yk_201,Yukon,2019,0.709296227439927,0.712515483820835,-2.6982456273116e-4,669.536937808973,819.632814763434,1295.328,0.720456197844027,377.02798078306307
1521,797.004,0.709394623958403,0.698103721451162,1594.008,2019_yk_201,Yukon,2019,0.709282505040376,0.712331575510032,-1.8390831080317e-4,669.536937808973,819.632814763434,1295.328,0.720456197844027,377.02798078306307
1522,797.528,0.708866231035753,0.70418988214497,1595.056,2019_yk_201,Yukon,2019,0.709285580102255,0.712093086983547,-2.3848852648522e-4,669.536937808973,819.632814763434,1295.328,0.720456197844027,377.02798078306307
1523,798.052,0.70814857222241,0.703878244204286,1596.104,2019_yk_201,Yukon,2019,0.70930280494527,0.711773058102855,-3.2002888069193e-4,669.536937808973,819.632814763434,1295.328,0.720456197844027,377.02798078306307
1524,798.576,0.708956292584469,0.714875174021458,1597.152,2019_yk_201,Yukon,2019,0.709314520291248,0.711695522537779,-7.75355650759479e-5,669.536937808973,819.632814763434,1295.328,0.720456197844027,377.02798078306307
1525,799.1,0.709141208940396,0.708643043928577,1598.2,2019_yk_201,Yukon,2019,0.709306256332607,0.711408102540246,-2.874199975329e-4,669.536937808973,819.632814763434,1295.328,0.720456197844027,377.02798078306307
1526,799.624,0.709721414757852,0.706062831306097,1599.248,2019_yk_201,Yukon,2019,0.709307370572057,0.710966764430266,-4.413381099797e-4,669.536937808973,819.632814763434,1295.328,0.720456197844027,377.02798078306307
1527,800.148,0.708755702506662,0.698234011487492,1600.296,2019_yk_201,Yukon,2019,0.709299111415752,0.710630189061502,-3.3657536876363e-4,669.536937808973,819.632814763434,1295.328,0.720456197844027,377.02798078306307
1528,800.672,0.707766076955787,0.697689566308082,1601.344,2019_yk_201,Yukon,2019,0.709290669730325,0.710458732902291,-1.7145615921165e-4,669.536937808973,819.632814763434,1295.328,0.720456197844027,377.02798078306307
1529,801.196,0.708530769531286,0.697455340340783,1602.392,2019_yk_201,Yukon,2019,0.709269753597026,0.710159002771939,-2.99730130352e-4,669.536937808973,819.632814763434,1295.328,0.720456197844027,377.02798078306307
1530,801.72,0.708717345341109,0.70047390648208,1603.44,2019_yk_201,Yukon,2019,0.709269023674976,0.709856304858296,-3.0269791364234e-4,669.536937808973,819.632814763434,1295.328,0.720456197844027,377.02798078306307
1531,802.244,0.710679147140594,0.706069253291242,1604.488,2019_yk_201,Yukon,2019,0.709270254882873,0.709693677511202,-1.6262734709426e-4,669.536937808973,819.632814763434,1295.328,0.720456197844027,377.02798078306307
1532,802.768,0.708659815570521,0.70924232807047,1605.536,2019_yk_201,Yukon,2019,0.709295508731685,0.709280017470849,-4.1366004035281e-4,669.536937808973,819.632814763434,1295.328,0.720456197844027,377.02798078306307
1533,803.292,0.70791625776718,0.704549060596653,1606.584,2019_yk_201,Yukon,2019,0.709277484501164,0.708783380428633,-4.9663704221603e-4,669.536937808973,819.632814763434,1295.328,0.720456197844027,377.02798078306307
1534,803.816,0.710485297693944,0.701594821702907,1607.632,2019_yk_201,Yukon,2019,0.709270690841272,0.708481705273883,-3.0167515475054e-4,669.536937808973,819.632814763434,1295.328,0.720456197844027,377.02798078306307
1535,804.34,0.709546364364164,0.704769104720674,1608.68,2019_yk_201,Yukon,2019,0.709311150796164,0.708124851428784,-3.5685384509909e-4,669.536937808973,819.632814763434,1295.328,0.720456197844027,377.02798078306307
1536,804.864,0.710130930375075,0.694975399245363,1609.728,2019_yk_201,Yukon,2019,0.709289538197723,0.707869083673835,-2.5576775494839e-4,669.536937808973,819.632814763434,1295.328,0.720456197844027,377.02798078306307
1537,805.388,0.708891481685739,0.696453621486506,1610.776,2019_yk_201,Yukon,2019,0.709296625490368,0.707672284765255,-1.9679890858004e-4,669.536937808973,819.632814763434,1295.328,0.720456197844027,377.02798078306307
1538,805.912,0.710039128752618,0.69881038433988,1611.824,2019_yk_201,Yukon,2019,0.709286298798358,0.70746961261114,-2.0267215411473e-4,669.536937808973,819.632814763434,1295.328,0.720456197844027,377.02798078306307
1539,806.436,0.708906925809953,0.698523447835141,1612.872,2019_yk_201,Yukon,2019,0.709285979850296,0.707321805351775,-1.4780725936525e-4,669.536937808973,819.632814763434,1295.328,0.720456197844027,377.02798078306307
1540,806.96,0.709492741531558,0.698642890520011,1613.92,2019_yk_201,Yukon,2019,0.709282241026802,0.707119467158639,-2.0233819313608e-4,669.536937808973,819.632814763434,1295.328,0.720456197844027,377.02798078306307
1541,807.484,0.710056655451439,0.699671355694969,1614.968,2019_yk_201,Yukon,2019,0.709284396511039,0.706661752605227,-4.5771455341259e-4,669.536937808973,819.632814763434,1295.328,0.720456197844027,377.02798078306307
1542,808.008,0.70978832267693,0.701516945723429,1616.016,2019_yk_201,Yukon,2019,0.709311517689029,0.7060582672423,-6.0348536292653e-4,669.536937808973,819.632814763434,1295.328,0.720456197844027,377.02798078306307
1543,808.532,0.712757327123973,0.705602775726371,1617.064,2019_yk_201,Yukon,2019,0.709304255782728,0.705345343217734,-7.1292402456602e-4,669.536937808973,819.632814763434,1295.328,0.720456197844027,377.02798078306307
1544,809.056,0.709820321399433,0.702572981733096,1618.112,2019_yk_201,Yukon,2019,0.709289654141374,0.704771198747018,-5.7414447071579e-4,669.536937808973,819.632814763434,1295.328,0.720456197844027,377.02798078306307
1545,809.58,0.70857763045723,0.705912565591908,1619.16,2019_yk_201,Yukon,2019,0.709294531908254,0.704111126144488,-6.6007260253042e-4,669.536937808973,819.632814763434,1295.328,0.720456197844027,377.02798078306307
1546,810.104,0.708245340172652,0.700288191976825,1620.208,2019_yk_201,Yukon,2019,0.709289847055224,0.703703474997071,-4.0765114741636e-4,669.536937808973,819.632814763434,1295.328,0.720456197844027,377.02798078306307
1547,810.628,0.708882289620194,0.708964021460502,1621.256,2019_yk_201,Yukon,2019,0.709285369124556,0.703263910065777,-4.3956493129448e-4,669.536937808973,819.632814763434,1295.328,0.720456197844027,377.02798078306307
1548,811.152,0.710730227655492,0.71870113484625,1622.304,2019_yk_201,Yukon,2019,0.709290316701928,0.702806154817108,-4.5775524866897e-4,669.536937808973,819.632814763434,1295.328,0.720456197844027,377.02798078306307
1549,811.676,0.709547135153464,0.70865139673003,1623.352,2019_yk_201,Yukon,2019,0.709324980328117,0.702419933425408,-3.8622139169952e-4,669.536937808973,819.632814763434,1295.328,0.720456197844027,377.02798078306307
1550,812.2,0.708671140165342,0.713473400310564,1624.4,2019_yk_201,Yukon,2019,0.709325296045953,0.702007074805527,-4.1285861988116e-4,669.536937808973,819.632814763434,1295.328,0.720456197844027,377.02798078306307
1551,812.724,0.709500181602306,0.7174349387015,1625.448,2019_yk_201,Yukon,2019,0.709334386617461,0.701689617073523,-3.1745773200442e-4,669.536937808973,819.632814763434,1295.328,0.720456197844027,377.02798078306307
1552,813.248,0.70987609185753,0.715396655924073,1626.496,2019_yk_201,Yukon,2019,0.70934210231476,0.701224084854034,-4.6553221948919e-4,669.536937808973,819.632814763434,1295.328,0.720456197844027,377.02798078306307
1553,813.772,0.709330473618578,0.714475707897743,1627.544,2019_yk_201,Yukon,2019,0.709397396202543,0.700766134159849,-4.5795069418486e-4,669.536937808973,819.632814763434,1295.328,0.720456197844027,377.02798078306307
1554,814.296,0.709993542333337,0.724249863867234,1628.592,2019_yk_201,Yukon,2019,0.709392759378338,0.700108849771033,-6.572843888154e-4,669.536937808973,819.632814763434,1295.328,0.720456197844027,377.02798078306307
1555,814.82,0.708744804390579,0.716920406213059,1629.64,2019_yk_201,Yukon,2019,0.709394176911052,0.699540663094516,-5.6818667651781e-4,669.536937808973,819.632814763434,1295.328,0.720456197844027,377.02798078306307
1556,815.344,0.708538207428407,0.712701563541134,1630.688,2019_yk_201,Yukon,2019,0.709374312624603,0.699026405309347,-5.1425778516822e-4,669.536937808973,819.632814763434,1295.328,0.720456197844027,377.02798078306307
1557,815.868,0.709176374727082,0.711740120583613,1631.736,2019_yk_201,Yukon,2019,0.709406156360952,0.698759667099504,-2.6673820984335e-4,669.536937808973,819.632814763434,1295.328,0.720456197844027,377.02798078306307
1558,816.392,0.708424591059736,0.717284685303161,1632.784,2019_yk_201,Yukon,2019,0.709424821915236,0.698390703543641,-3.6896355586291e-4,669.536937808973,819.632814763434,1295.328,0.720456197844027,377.02798078306307
1559,816.916,0.709127081180213,0.709118272072385,1633.832,2019_yk_201,Yukon,2019,0.709424159042493,0.697843852233917,-5.4685130972398e-4,669.536937808973,819.632814763434,1295.328,0.720456197844027,377.02798078306307
1560,817.44,0.709675612923857,0.709147517406802,1634.88,2019_yk_201,Yukon,2019,0.709402997528968,0.697345402221211,-4.9845001270576e-4,669.536937808973,819.632814763434,1295.328,0.720456197844027,377.02798078306307
1561,817.964,0.708867890724115,0.71255677258187,1635.928,2019_yk_201,Yukon,2019,0.709359537521963,0.696728172687309,-6.1722953390197e-4,669.536937808973,819.632814763434,1295.328,0.720456197844027,377.02798078306307
1562,818.488,0.710359319332977,0.704576965076367,1636.976,2019_yk_201,Yukon,2019,0.709381312029671,0.696223996204828,-5.0417648248113e-4,669.536937808973,819.632814763434,1295.328,0.720456197844027,377.02798078306307
1563,819.012,0.709002430744812,0.70274650225933,1638.024,2019_yk_201,Yukon,2019,0.709393781862121,0.695921236549586,-3.0275965524251e-4,669.536937808973,819.632814763434,1295.328,0.720456197844027,377.02798078306307
1564,819.536,0.708926129780705,0.699991742328537,1639.072,2019_yk_201,Yukon,2019,0.70942146745482,0.695536373290267,-3.8486325931907e-4,669.536937808973,819.632814763434,1295.328,0.720456197844027,377.02798078306307
1565,820.06,0.710116542583439,0.695765772512582,1640.12,2019_yk_201,Yukon,2019,0.709407496329707,0.695154742010593,-3.8163127967327e-4,669.536937808973,819.632814763434,1295.328,0.720456197844027,377.02798078306307
1566,820.584,0.70760126959262,0.690944122922991,1641.168,2019_yk_201,Yukon,2019,0.7094182551451,0.695059610928651,-9.51310819421458e-5,669.536937808973,819.632814763434,1295.328,0.720456197844027,377.02798078306307
1567,821.108,0.708955984834236,0.698882128041371,1642.216,2019_yk_201,Yukon,2019,0.709436825143203,0.6949643909143,-9.52200143508053e-5,669.536937808973,819.632814763434,1295.328,0.720456197844027,377.02798078306307
1568,821.632,0.709583611695524,0.707335183990122,1643.264,2019_yk_201,Yukon,2019,0.709429043114767,0.694565586204537,-3.9880470976305e-4,669.536937808973,819.632814763434,1295.328,0.720456197844027,377.02798078306307
1569,822.156,0.709542112582133,0.707474483105244,1644.312,2019_yk_201,Yukon,2019,0.709435335626653,0.694121407558718,-4.441786458198e-4,669.536937808973,819.632814763434,1295.328,0.720456197844027,377.02798078306307
1570,822.68,0.709362918891504,0.699902115996818,1645.36,2019_yk_201,Yukon,2019,0.709432769624804,0.693649816722621,-4.7159083609604e-4,669.536937808973,819.632814763434,1295.328,0.720456197844027,377.02798078306307
1571,823.204,0.708489667998433,0.696187645516008,1646.408,2019_yk_201,Yukon,2019,0.709402007154723,0.693277846268552,-3.71970454069e-4,669.536937808973,819.632814763434,1295.328,0.720456197844027,377.02798078306307
1572,823.728,0.7098454514529,0.685180076835375,1647.456,2019_yk_201,Yukon,2019,0.709363184244065,0.692801576311662,-4.7626995689065e-4,669.536937808973,819.632814763434,1295.328,0.720456197844027,377.02798078306307
1573,824.252,0.709131437434234,0.684867139833012,1648.504,2019_yk_201,Yukon,2019,0.709323633467729,0.692222385819442,-5.7919049222032e-4,669.536937808973,819.632814763434,1295.328,0.720456197844027,377.02798078306307
1574,824.776,0.709173679125185,0.680893898726652,1649.552,2019_yk_201,Yukon,2019,0.709291278890686,0.691935826148123,-2.8655967131818e-4,669.536937808973,819.632814763434,1295.328,0.720456197844027,377.02798078306307
1575,825.3,0.709294780549032,0.673994935932008,1650.6,2019_yk_201,Yukon,2019,0.709269892421111,0.691585599577916,-3.5022657020766e-4,669.536937808973,819.632814763434,1295.328,0.720456197844027,377.02798078306307
1576,825.824,0.709811670815605,0.685919255498293,1651.648,2019_yk_201,Yukon,2019,0.70927562647628,0.691082317793445,-5.0328178447101e-4,669.536937808973,819.632814763434,1295.328,0.720456197844027,377.02798078306307
1577,826.348,0.708708974711783,0.683814975716032,1652.696,2019_yk_201,Yukon,2019,0.70928717530053,0.690452328789686,-6.2998900375876e-4,669.536937808973,819.632814763434,1295.328,0.720456197844027,377.02798078306307
1578,826.872,0.709120619106189,0.684828942977841,1653.744,2019_yk_201,Yukon,2019,0.709242387439948,0.689782270296338,-6.7005849334778e-4,669.536937808973,819.632814763434,1295.328,0.720456197844027,377.02798078306307
1579,827.396,0.711167361427126,0.689801172749893,1654.792,2019_yk_201,Yukon,2019,0.709251896382647,0.689357211289021,-4.2505900731737e-4,669.536937808973,819.632814763434,1295.328,0.720456197844027,377.02798078306307
1580,827.92,0.710246229851275,0.677700120942779,1655.84,2019_yk_201,Yukon,2019,0.709234413315749,0.688829877625098,-5.2733366392254e-4,669.536937808973,819.632814763434,1295.328,0.720456197844027,377.02798078306307
1581,828.444,0.709940058248883,0.679056257530896,1656.888,2019_yk_201,Yukon,2019,0.709248974790716,0.688375611361933,-4.5426626316513e-4,669.536937808973,819.632814763434,1295.328,0.720456197844027,377.02798078306307
1582,828.968,0.709329172873728,0.676257948975623,1657.936,2019_yk_201,Yukon,2019,0.709270580194655,0.687938659076139,-4.3695228579376e-4,669.536937808973,819.632814763434,1295.328,0.720456197844027,377.02798078306307
1583,829.492,0.711466205489389,0.676401202553189,1658.984,2019_yk_201,Yukon,2019,0.709275709006576,0.687376382786064,-5.6227629007477e-4,669.536937808973,819.632814763434,1295.328,0.720456197844027,377.02798078306307
1584,830.016,0.708678083132162,0.675438110692532,1660.032,2019_yk_201,Yukon,2019,0.709257985087298,0.686669489102461,-7.0689368360321e-4,669.536937808973,819.632814763434,1295.328,0.720456197844027,377.02798078306307
1585,830.54,0.70922626090322,0.67455184333751,1661.08,2019_yk_201,Yukon,2019,0.70926161971299,0.685892903568076,-7.7658553438564e-4,669.536937808973,819.632814763434,1295.328,0.720456197844027,377.02798078306307
1586,831.064,0.708529557570912,0.675207364196004,1662.128,2019_yk_201,Yukon,2019,0.709278055446987,0.685348814425863,-5.4408914221293e-4,669.536937808973,819.632814763434,1295.328,0.720456197844027,377.02798078306307
1587,831.588,0.710666326687592,0.68222971889689,1663.176,2019_yk_201,Yukon,2019,0.709259124272718,0.684813175239432,-5.3563918643118e-4,669.536937808973,819.632814763434,1295.328,0.720456197844027,377.02798078306307
1588,832.112,0.708886010212809,0.675551752956303,1664.224,2019_yk_201,Yukon,2019,0.709259994021786,0.684094380038147,-7.1879520128459e-4,669.536937808973,819.632814763434,1295.328,0.720456197844027,377.02798078306307
1589,832.636,0.708490997166696,0.664644261757341,1665.272,2019_yk_201,Yukon,2019,0.709258860408256,0.683481394774628,-6.1298526351938e-4,669.536937808973,819.632814763434,1295.328,0.720456197844027,377.02798078306307
1590,833.16,0.707447654529605,0.67056690571974,1666.32,2019_yk_201,Yukon,2019,0.70924522269423,0.682963839621412,-5.1755515321594e-4,669.536937808973,819.632814763434,1295.328,0.720456197844027,377.02798078306307
1591,833.684,0.708071546720298,0.669035481257119,1667.368,2019_yk_201,Yukon,2019,0.70925407115776,0.682543387359863,-4.2045226154852e-4,669.536937808973,819.632814763434,1295.328,0.720456197844027,377.02798078306307
1592,834.208,0.709966286033027,0.678991739121603,1668.416,2019_yk_201,Yukon,2019,0.709240510981001,0.682137756578404,-4.0563078145872e-4,669.536937808973,819.632814763434,1295.328,0.720456197844027,377.02798078306307
1593,834.732,0.708664447714166,0.686383481282107,1669.464,2019_yk_201,Yukon,2019,0.70924476681456,0.681626041826383,-5.117147520216e-4,669.536937808973,819.632814763434,1295.328,0.720456197844027,377.02798078306307
1594,835.256,0.712146433255908,0.67850302614376,1670.512,2019_yk_201,Yukon,2019,0.709276246715135,0.681186917664281,-4.3912416210145e-4,669.536937808973,819.632814763434,1295.328,0.720456197844027,377.02798078306307
1595,835.78,0.708708096857342,0.681871227940278,1671.56,2019_yk_201,Yukon,2019,0.709245461524984,0.680941998406591,-2.4491925769043e-4,669.536937808973,819.632814763434,1295.328,0.720456197844027,377.02798078306307
1596,836.304,0.710776459298691,0.689267534328836,1672.608,2019_yk_201,Yukon,2019,0.7092788608317,0.680854799792155,-8.71986144361792e-5,669.536937808973,819.632814763434,1295.328,0.720456197844027,377.02798078306307
1597,836.828,0.710005681571932,0.690740420625455,1673.656,2019_yk_201,Yukon,2019,0.709295515951528,0.680535431935496,-3.193678566582e-4,669.536937808973,819.632814763434,1295.328,0.720456197844027,377.02798078306307
1598,837.352,0.70957220704641,0.674882101754093,1674.704,2019_yk_201,Yukon,2019,0.709253679730633,0.680051629190858,-4.8380274463866e-4,669.536937808973,819.632814763434,1295.328,0.720456197844027,377.02798078306307
1599,837.876,0.709284476523119,0.671872729085955,1675.752,2019_yk_201,Yukon,2019,0.709252161729541,0.679753293779269,-2.9833541158919e-4,669.536937808973,819.632814763434,1295.328,0.720456197844027,377.02798078306307
1600,838.4,0.709338781420652,0.670347440354255,1676.8,2019_yk_201,Yukon,2019,0.709244314748515,0.679502806336912,-2.5048744235656e-4,669.536937808973,819.632814763434,1295.328,0.720456197844027,377.02798078306307
1601,838.924,0.708210907246544,0.677353128450826,1677.848,2019_yk_201,Yukon,2019,0.70923343292903,0.679241043269456,-2.6176306745584e-4,669.536937808973,819.632814763434,1295.328,0.720456197844027,377.02798078306307
1602,839.448,0.707458948037442,0.672940748309986,1678.896,2019_yk_201,Yukon,2019,0.709243365293354,0.679146720179835,-9.43230896215397e-5,669.536937808973,819.632814763434,1295.328,0.720456197844027,377.02798078306307
1603,839.972,0.71038428054381,0.670851346193157,1679.944,2019_yk_201,Yukon,2019,0.709259172469457,0.679209092369094,6.23721892588636e-5,669.536937808973,819.632814763434,1295.328,0.720456197844027,377.02798078306307
1604,840.496,0.707879046776904,0.685379401454006,1680.992,2019_yk_201,Yukon,2019,0.709238510754639,0.679269403851234,6.03114821409179e-5,669.536937808973,819.632814763434,1295.328,0.720456197844027,377.02798078306307
1605,841.02,0.707294442282734,0.684898971379449,1682.04,2019_yk_201,Yukon,2019,0.709214023888718,0.679519881458766,2.5047760753182e-4,669.536937808973,819.632814763434,1295.328,0.720456197844027,377.02798078306307
1606,841.544,0.708589383482758,0.670091284908564,1683.088,2019_yk_201,Yukon,2019,0.709187060363787,0.679434287542959,-8.55939158074248e-5,669.536937808973,819.632814763434,1295.328,0.720456197844027,377.02798078306307
1607,842.068,0.709575219075186,0.671164681234976,1684.136,2019_yk_201,Yukon,2019,0.709194499044274,0.679304451906002,-1.2983563695712e-4,669.536937808973,819.632814763434,1295.328,0.720456197844027,377.02798078306307
1608,842.592,0.708042956020558,0.678497625245387,1685.184,2019_yk_201,Yukon,2019,0.709176451635473,0.679184336455454,-1.2011545054735e-4,669.536937808973,819.632814763434,1295.328,0.720456197844027,377.02798078306307
1609,843.116,0.710117671715408,0.683147856290979,1686.232,2019_yk_201,Yukon,2019,0.709156045589761,0.679083499509873,-1.0083694558105e-4,669.536937808973,819.632814763434,1295.328,0.720456197844027,377.02798078306307
1610,843.64,0.707622156151493,0.681833380475212,1687.28,2019_yk_201,Yukon,2019,0.709128155477888,0.679129522470922,4.60229610487195e-5,669.536937808973,819.632814763434,1295.328,0.720456197844027,377.02798078306307
1611,844.164,0.71037387010033,0.690178962911598,1688.328,2019_yk_201,Yukon,2019,0.709110583199801,0.679289752098569,1.6022962764716e-4,669.536937808973,819.632814763434,1295.328,0.720456197844027,377.02798078306307
1612,844.688,0.711172416093877,0.689179518776445,1689.376,2019_yk_201,Yukon,2019,0.709110742723868,0.67960483334522,3.1508124665102e-4,669.536937808973,819.632814763434,1295.328,0.720456197844027,377.02798078306307
1613,845.212,0.709638202333819,0.680739130493251,1690.424,2019_yk_201,Yukon,2019,0.709085042142815,0.680007672919146,4.0283957392583e-4,669.536937808973,819.632814763434,1295.328,0.720456197844027,377.02798078306307
1614,845.736,0.708930107176666,0.681836242851036,1691.472,2019_yk_201,Yukon,2019,0.70910506894978,0.680281864487077,2.7419156793051e-4,669.536937808973,819.632814763434,1295.328,0.720456197844027,377.02798078306307
1615,846.26,0.708962881932061,0.670325274149921,1692.52,2019_yk_201,Yukon,2019,0.709111427164844,0.680647048652019,3.6518416494191e-4,669.536937808973,819.632814763434,1295.328,0.720456197844027,377.02798078306307
1616,846.784,0.709524351468256,0.680056215008361,1693.568,2019_yk_201,Yukon,2019,0.709136321618459,0.68103736855855,3.903199065316e-4,669.536937808973,819.632814763434,1295.328,0.720456197844027,377.02798078306307
1617,847.308,0.708040504270964,0.679601769397742,1694.616,2019_yk_201,Yukon,2019,0.709115590373278,0.681303413145799,2.6604458724921e-4,669.536937808973,819.632814763434,1295.328,0.720456197844027,377.02798078306307
1618,847.832,0.70847677600378,0.674156973226084,1695.664,2019_yk_201,Yukon,2019,0.709101159715791,0.681736374663755,4.3296151795602e-4,669.536937808973,819.632814763434,1295.328,0.720456197844027,377.02798078306307
1619,848.356,0.709059064368436,0.672339156261218,1696.712,2019_yk_201,Yukon,2019,0.709110618106571,0.682232375828867,4.9600116511117e-4,669.536937808973,819.632814763434,1295.328,0.720456197844027,377.02798078306307
1620,848.88,0.708857350082252,0.678094208213848,1697.76,2019_yk_201,Yukon,2019,0.709144433054341,0.682744150935025,5.1177510615874e-4,669.536937808973,819.632814763434,1295.328,0.720456197844027,377.02798078306307
1621,849.404,0.709398798535942,0.687329636888959,1698.808,2019_yk_201,Yukon,2019,0.709152308245931,0.683322731907988,5.7858097296237e-4,669.536937808973,819.632814763434,1295.328,0.720456197844027,377.02798078306307
1622,849.928,0.709545708727435,0.680239118188839,1699.856,2019_yk_201,Yukon,2019,0.709113435751409,0.68369470191135,3.7197000336208e-4,669.536937808973,819.632814763434,1295.328,0.720456197844027,377.02798078306307
1623,850.452,0.709257780758317,0.672043617138038,1700.904,2019_yk_201,Yukon,2019,0.709133454397754,0.683929264809468,2.3456289811807e-4,669.536937808973,819.632814763434,1295.328,0.720456197844027,377.02798078306307
1624,850.976,0.710814923815214,0.673644292602446,1701.952,2019_yk_201,Yukon,2019,0.70908776775695,0.684213779475181,2.8451466571277e-4,669.536937808973,819.632814763434,1295.328,0.720456197844027,377.02798078306307
1625,851.5,0.708269431174386,0.68107061705116,1703,2019_yk_201,Yukon,2019,0.709119609641961,0.684505255170842,2.9147569566179e-4,669.536937808973,819.632814763434,1295.328,0.720456197844027,377.02798078306307
1626,852.024,0.709605227995611,0.685712206056817,1704.048,2019_yk_201,Yukon,2019,0.709090575861125,0.68465263699409,1.4738182324791e-4,669.536937808973,819.632814763434,1295.328,0.720456197844027,377.02798078306307
1627,852.548,0.709955292023885,0.679720056641881,1705.096,2019_yk_201,Yukon,2019,0.709072879894271,0.68490009682233,2.4745982823937e-4,669.536937808973,819.632814763434,1295.328,0.720456197844027,377.02798078306307
1628,853.072,0.707073438441837,0.6783070193118,1706.144,2019_yk_201,Yukon,2019,0.709023544859653,0.685423168845282,5.2307202295187e-4,669.536937808973,819.632814763434,1295.328,0.720456197844027,377.02798078306307
1629,853.596,0.709451032516647,0.68957435840989,1707.192,2019_yk_201,Yukon,2019,0.709025712592787,0.685847364793315,4.2419594803311e-4,669.536937808973,819.632814763434,1295.328,0.720456197844027,377.02798078306307
1630,854.12,0.708892100029892,0.684872869455429,1708.24,2019_yk_201,Yukon,2019,0.709049480661528,0.686393781339191,5.4641654587683e-4,669.536937808973,819.632814763434,1295.328,0.720456197844027,377.02798078306307
1631,854.644,0.707836758829374,0.680481861468651,1709.288,2019_yk_201,Yukon,2019,0.70907376438339,0.686742623096108,3.4884175691696e-4,669.536937808973,819.632814763434,1295.328,0.720456197844027,377.02798078306307
1632,855.168,0.710441393312329,0.679520691458084,1710.336,2019_yk_201,Yukon,2019,0.709103390282688,0.68725538437977,5.1276128366106e-4,669.536937808973,819.632814763434,1295.328,0.720456197844027,377.02798078306307
1633,855.692,0.710079868000431,0.68860947118854,1711.384,2019_yk_201,Yukon,2019,0.70910799386988,0.687952029952097,6.9664557232729e-4,669.536937808973,819.632814763434,1295.328,0.720456197844027,377.02798078306307
1634,856.216,0.707933976236072,0.68451258765511,1712.432,2019_yk_201,Yukon,2019,0.709122831170042,0.688437800752385,4.8577080028777e-4,669.536937808973,819.632814763434,1295.328,0.720456197844027,377.02798078306307
1635,856.74,0.707825568593803,0.689023592383921,1713.48,2019_yk_201,Yukon,2019,0.709151675440163,0.688956357766647,5.1855701426262e-4,669.536937808973,819.632814763434,1295.328,0.720456197844027,377.02798078306307
1636,857.264,0.708193859319713,0.68078362054985,1714.528,2019_yk_201,Yukon,2019,0.709162438646665,0.689716958916645,7.6060114999765e-4,669.536937808973,819.632814763434,1295.328,0.720456197844027,377.02798078306307
1637,857.788,0.70915529554104,0.676024837498604,1715.576,2019_yk_201,Yukon,2019,0.709185813098312,0.690489726058855,7.7276714220997e-4,669.536937808973,819.632814763434,1295.328,0.720456197844027,377.02798078306307
1638,858.312,0.708037774578133,0.677622015945003,1716.624,2019_yk_201,Yukon,2019,0.709223052861892,0.691512125445502,0.00102239938664739,669.536937808973,819.632814763434,1295.328,0.720456197844027,377.02798078306307
1639,858.836,0.709942998684365,0.68375095601503,1717.672,2019_yk_201,Yukon,2019,0.709210760318874,0.692263627780386,7.5150233488374e-4,669.536937808973,819.632814763434,1295.328,0.720456197844027,377.02798078306307
1640,859.36,0.70857282313889,0.680461498605706,1718.72,2019_yk_201,Yukon,2019,0.709231816303182,0.692869636048449,6.0600826806278e-4,669.536937808973,819.632814763434,1295.328,0.720456197844027,377.02798078306307
1641,859.884,0.708885721563694,0.688670035189722,1719.768,2019_yk_201,Yukon,2019,0.709226222206873,0.693446254737583,5.7661868913427e-4,669.536937808973,819.632814763434,1295.328,0.720456197844027,377.02798078306307
1642,860.408,0.709338744317739,0.695162823774688,1720.816,2019_yk_201,Yukon,2019,0.709207150821052,0.693914459237865,4.6820450028184e-4,669.536937808973,819.632814763434,1295.328,0.720456197844027,377.02798078306307
1643,860.932,0.70992417062619,0.70057157698874,1721.864,2019_yk_201,Yukon,2019,0.70919108810971,0.694555825452903,6.413662150384e-4,669.536937808973,819.632814763434,1295.328,0.720456197844027,377.02798078306307
1644,861.456,0.709879691550078,0.691889604768362,1722.912,2019_yk_201,Yukon,2019,0.709198124607536,0.695269932331055,7.1410687815176e-4,669.536937808973,819.632814763434,1295.328,0.720456197844027,377.02798078306307
1645,861.98,0.709607753807058,0.696462893234024,1723.96,2019_yk_201,Yukon,2019,0.70920753715178,0.696094080627025,8.2414829596988e-4,669.536937808973,819.632814763434,1295.328,0.720456197844027,377.02798078306307
1646,862.504,0.710023224787815,0.698626558587895,1725.008,2019_yk_201,Yukon,2019,0.709199066132942,0.69670146891052,6.0738828349538e-4,669.536937808973,819.632814763434,1295.328,0.720456197844027,377.02798078306307
1647,863.028,0.709422451976735,0.698192394131844,1726.056,2019_yk_201,Yukon,2019,0.709223397775268,0.697388584277491,6.8711536697097e-4,669.536937808973,819.632814763434,1295.328,0.720456197844027,377.02798078306307
1648,863.552,0.708020170763588,0.701529444033671,1727.104,2019_yk_201,Yukon,2019,0.709241907654122,0.698127905112043,7.3932083455141e-4,669.536937808973,819.632814763434,1295.328,0.720456197844027,377.02798078306307
1649,864.076,0.709058500613513,0.694404331664009,1728.152,2019_yk_201,Yukon,2019,0.709250175214083,0.69896364056191,8.3573544986703e-4,669.536937808973,819.632814763434,1295.328,0.720456197844027,377.02798078306307
1650,864.6,0.709476551395812,0.701273412089263,1729.2,2019_yk_201,Yukon,2019,0.709249538518111,0.699649411240315,6.8577067840502e-4,669.536937808973,819.632814763434,1295.328,0.720456197844027,377.02798078306307
1651,865.124,0.708544058215704,0.703750339634863,1730.248,2019_yk_201,Yukon,2019,0.709235007232279,0.700270560750811,6.2114951049618e-4,669.536937808973,819.632814763434,1295.328,0.720456197844027,377.02798078306307
1652,865.648,0.707633936361697,0.701309939323329,1731.296,2019_yk_201,Yukon,2019,0.709224806922578,0.700981129091292,7.1056834048066e-4,669.536937808973,819.632814763434,1295.328,0.720456197844027,377.02798078306307
1653,866.172,0.70986556649485,0.700457255169193,1732.344,2019_yk_201,Yukon,2019,0.709224079453432,0.701797700236867,8.1657114557531e-4,669.536937808973,819.632814763434,1295.328,0.720456197844027,377.02798078306307
1654,866.696,0.7094052348077,0.695573906086523,1733.392,2019_yk_201,Yukon,2019,0.70920138436253,0.702767131963933,9.6943172706631e-4,669.536937808973,819.632814763434,1295.328,0.720456197844027,377.02798078306307
1655,867.22,0.710618609957992,0.699359769679986,1734.44,2019_yk_201,Yukon,2019,0.70919230947804,0.703315808502152,5.4867653821877e-4,669.536937808973,819.632814763434,1295.328,0.720456197844027,377.02798078306307
1656,867.744,0.709034432448514,0.698110443723712,1735.488,2019_yk_201,Yukon,2019,0.709197048591459,0.703891616266498,5.758077643464e-4,669.536937808973,819.632814763434,1295.328,0.720456197844027,377.02798078306307
1657,868.268,0.708943923560696,0.705588010319814,1736.536,2019_yk_201,Yukon,2019,0.709180142584668,0.704632007749028,7.4039148252924e-4,669.536937808973,819.632814763434,1295.328,0.720456197844027,377.02798078306307
1658,868.792,0.706612104969338,0.706266423131213,1737.584,2019_yk_201,Yukon,2019,0.709205370422543,0.705376574954961,7.4456720593307e-4,669.536937808973,819.632814763434,1295.328,0.720456197844027,377.02798078306307
1659,869.316,0.709414540511154,0.697324485967937,1738.632,2019_yk_201,Yukon,2019,0.709200306232111,0.706216280132867,8.3970517790632e-4,669.536937808973,819.632814763434,1295.328,0.720456197844027,377.02798078306307
1660,869.84,0.7107648655451,0.703132433106868,1739.68,2019_yk_201,Yukon,2019,0.709158354919079,0.707079725964604,8.634458317368e-4,669.536937808973,819.632814763434,1295.328,0.720456197844027,377.02798078306307
1661,870.364,0.709667930558295,0.69828363386584,1740.728,2019_yk_201,Yukon,2019,0.709162536490709,0.707967751048935,8.8802508433094e-4,669.536937808973,819.632814763434,1295.328,0.720456197844027,377.02798078306307
1662,870.888,0.709236501995302,0.703706425329655,1741.776,2019_yk_201,Yukon,2019,0.709153563751543,0.709024678749898,0.00105692770096333,669.536937808973,819.632814763434,1295.328,0.720456197844027,377.02798078306307
1663,871.412,0.710660495775294,0.712650080532792,1742.824,2019_yk_201,Yukon,2019,0.709148738870955,0.709884388596464,8.5970984656558e-4,669.536937808973,819.632814763434,1295.328,0.720456197844027,377.02798078306307
1664,871.936,0.708769284786672,0.714525649471273,1743.872,2019_yk_201,Yukon,2019,0.709189768540703,0.710861230827658,9.7684223119465e-4,669.536937808973,819.632814763434,1295.328,0.720456197844027,377.02798078306307
1665,872.46,0.70902509848997,0.7160123922352,1744.92,2019_yk_201,Yukon,2019,0.709194017884439,0.711787476195802,9.2624536814334e-4,669.536937808973,819.632814763434,1295.328,0.720456197844027,377.02798078306307
1666,872.984,0.7092351758729,0.715727353908426,1745.968,2019_yk_201,Yukon,2019,0.709196327091009,0.712901685940731,0.00111420974492893,669.536937808973,819.632814763434,1295.328,0.720456197844027,377.02798078306307
1667,873.508,0.710977686173987,0.717530709767574,1747.016,2019_yk_201,Yukon,2019,0.709180000429163,0.713891671640597,9.8998569986663e-4,669.536937808973,819.632814763434,1295.328,0.720456197844027,377.02798078306307
1668,874.032,0.710277341835358,0.739841588444229,1748.064,2019_yk_201,Yukon,2019,0.70920524384455,0.714901731937809,0.00101006029721185,669.536937808973,819.632814763434,1295.328,0.720456197844027,377.02798078306307
1669,874.556,0.709380119134311,0.728237996384002,1749.112,2019_yk_201,Yukon,2019,0.709186871408865,0.715998992582318,0.00109726064450921,669.536937808973,819.632814763434,1295.328,0.720456197844027,377.02798078306307
1670,875.08,0.708885515209976,0.718193876558975,1750.16,2019_yk_201,Yukon,2019,0.709208985610695,0.717028053364005,0.00102906078168663,669.536937808973,819.632814763434,1295.328,0.720456197844027,377.02798078306307
1671,875.604,0.710038224321783,0.724776084259651,1751.208,2019_yk_201,Yukon,2019,0.709189950825995,0.718119181334381,0.00109112797037614,669.536937808973,819.632814763434,1295.328,0.720456197844027,377.02798078306307
1672,876.128,0.71002813294466,0.717271788793355,1752.256,2019_yk_201,Yukon,2019,0.709180466770299,0.719080834492553,9.6165315817187e-4,669.536937808973,819.632814763434,1295.328,0.720456197844027,377.02798078306307
1673,876.652,0.708674439653264,0.719221103395554,1753.304,2019_yk_201,Yukon,2019,0.709146607518351,0.719975084378072,8.9424988551911e-4,669.536937808973,819.632814763434,1295.328,0.720456197844027,377.02798078306307
1674,877.176,0.709352297046261,0.724682655540145,1754.352,2019_yk_201,Yukon,2019,0.70913722170482,0.720959436966181,9.8435258810902e-4,669.536937808973,819.632814763434,1295.328,0.720456197844027,377.02798078306307
1675,877.7,0.709527634586679,0.719774171908108,1755.4,2019_yk_201,Yukon,2019,0.709137448978724,0.721840621069765,8.8118410358373e-4,669.536937808973,819.632814763434,1295.328,0.720456197844027,377.02798078306307
1676,878.224,0.709016090337975,0.71649951201809,1756.448,2019_yk_201,Yukon,2019,0.709114370709416,0.722803939201318,9.6331813155337e-4,669.536937808973,819.632814763434,1295.328,0.720456197844027,377.02798078306307
1677,878.748,0.70950040281051,0.720828691416001,1757.496,2019_yk_201,Yukon,2019,0.709104808846846,0.72372353216369,9.1959296237176e-4,669.536937808973,819.632814763434,1295.328,0.720456197844027,377.02798078306307
1678,879.272,0.709587368735045,0.718516223299161,1758.544,2019_yk_201,Yukon,2019,0.709113301409477,0.724584433432645,8.6090126895499e-4,669.536937808973,819.632814763434,1295.328,0.720456197844027,377.02798078306307
1679,879.796,0.709555117966081,0.722483283253241,1759.592,2019_yk_201,Yukon,2019,0.709106008940453,0.725474886371407,8.9045293876188e-4,669.536937808973,819.632814763434,1295.328,0.720456197844027,377.02798078306307
1680,880.32,0.70881914832392,0.719240448918151,1760.64,2019_yk_201,Yukon,2019,0.709102371371485,0.726295059768854,8.2017339744744e-4,669.536937808973,819.632814763434,1295.328,0.720456197844027,377.02798078306307
1681,880.844,0.708526921386044,0.724598607518735,1761.688,2019_yk_201,Yukon,2019,0.709135368608592,0.726919298264097,6.242384952424e-4,669.536937808973,819.632814763434,1295.328,0.720456197844027,377.02798078306307
1682,881.368,0.708933690145354,0.722873218617679,1762.736,2019_yk_201,Yukon,2019,0.709144380748101,0.727618717487742,6.9941922364502e-4,669.536937808973,819.632814763434,1295.328,0.720456197844027,377.02798078306307
1683,881.892,0.709214132609552,0.721037885872558,1763.784,2019_yk_201,Yukon,2019,0.709131451310443,0.728422297430555,8.0357994281299e-4,669.536937808973,819.632814763434,1295.328,0.720456197844027,377.02798078306307
1684,882.416,0.709453218361085,0.731810196226424,1764.832,2019_yk_201,Yukon,2019,0.709129292233375,0.729189075847019,7.6677841646377e-4,669.536937808973,819.632814763434,1295.328,0.720456197844027,377.02798078306307
1685,882.94,0.707724938105036,0.713991209344284,1765.88,2019_yk_201,Yukon,2019,0.70909296099852,0.729906954146029,7.1787829901026e-4,669.536937808973,819.632814763434,1295.328,0.720456197844027,377.02798078306307
1686,883.464,0.709889574800736,0.720260671917603,1766.928,2019_yk_201,Yukon,2019,0.709101172820559,0.730544464336063,6.3751019003377e-4,669.536937808973,819.632814763434,1295.328,0.720456197844027,377.02798078306307
1687,883.988,0.708940931616449,0.724143545593628,1767.976,2019_yk_201,Yukon,2019,0.709095352878837,0.731090502824564,5.4603848850154e-4,669.536937808973,819.632814763434,1295.328,0.720456197844027,377.02798078306307
1688,884.512,0.708587108714311,0.722981051667787,1769.024,2019_yk_201,Yukon,2019,0.709139805239487,0.731838864676614,7.4836185204962e-4,669.536937808973,819.632814763434,1295.328,0.720456197844027,377.02798078306307
1689,885.036,0.709147181090713,0.739956669084267,1770.072,2019_yk_201,Yukon,2019,0.709134570292939,0.732770539557716,9.3167488110235e-4,669.536937808973,819.632814763434,1295.328,0.720456197844027,377.02798078306307
1690,885.56,0.706375021247979,0.736679619359641,1771.12,2019_yk_201,Yukon,2019,0.709104336391123,0.733620148454045,8.4960889632845e-4,669.536937808973,819.632814763434,1295.328,0.720456197844027,377.02798078306307
1691,886.084,0.708087653127183,0.733763366528506,1772.168,2019_yk_201,Yukon,2019,0.709098112777522,0.734440077828685,8.1992937464081e-4,669.536937808973,819.632814763434,1295.328,0.720456197844027,377.02798078306307
1692,886.608,0.709903028962385,0.742936353515885,1773.216,2019_yk_201,Yukon,2019,0.709099675980553,0.735387403597068,9.4732576838274e-4,669.536937808973,819.632814763434,1295.328,0.720456197844027,377.02798078306307
1693,887.132,0.70979037516516,0.740192061982474,1774.264,2019_yk_201,Yukon,2019,0.709060553864904,0.73606267801039,6.7527441332193e-4,669.536937808973,819.632814763434,1295.328,0.720456197844027,377.02798078306307
1694,887.656,0.710395756420937,0.743123121526793,1775.312,2019_yk_201,Yukon,2019,0.7090659776236,0.736734435172323,6.7175716193268e-4,669.536937808973,819.632814763434,1295.328,0.720456197844027,377.02798078306307
1695,888.18,0.708080529217928,0.74459831447252,1776.36,2019_yk_201,Yukon,2019,0.709052982731197,0.737215726885981,4.8129171365851e-4,669.536937808973,819.632814763434,1295.328,0.720456197844027,377.02798078306307
1696,888.704,0.708332411713913,0.74763620524559,1777.408,2019_yk_201,Yukon,2019,0.709063286318285,0.737612663141043,3.9693625506143e-4,669.536937808973,819.632814763434,1295.328,0.720456197844027,377.02798078306307
1697,889.228,0.708175695830323,0.735423979490597,1778.456,2019_yk_201,Yukon,2019,0.709039953937863,0.738027665335481,4.1500219443868e-4,669.536937808973,819.632814763434,1295.328,0.720456197844027,377.02798078306307
1698,889.752,0.709552379501322,0.738225633777714,1779.504,2019_yk_201,Yukon,2019,0.709051313168849,0.738158896053836,1.3123071835463e-4,669.536937808973,819.632814763434,1295.328,0.720456197844027,377.02798078306307
1699,890.276,0.7088406525433,0.74958659468559,1780.552,2019_yk_201,Yukon,2019,0.709044906852852,0.738508908740251,3.5001268641532e-4,669.536937808973,819.632814763434,1295.328,0.720456197844027,377.02798078306307
1700,890.8,0.709899675248698,0.742205145506898,1781.6,2019_yk_201,Yukon,2019,0.709047150458027,0.739053159780283,5.4425104003175e-4,669.536937808973,819.632814763434,1295.328,0.720456197844027,377.02798078306307
1701,891.324,0.70774363448166,0.75413771341229,1782.648,2019_yk_201,Yukon,2019,0.709028187282883,0.739488289334651,4.351295543683e-4,669.536937808973,819.632814763434,1295.328,0.720456197844027,377.02798078306307
1702,891.848,0.708769700976003,0.752862013264999,1783.696,2019_yk_201,Yukon,2019,0.709036486911635,0.739991657097605,5.0336776295378e-4,669.536937808973,819.632814763434,1295.328,0.720456197844027,377.02798078306307
1703,892.372,0.707892615509297,0.754226570119884,1784.744,2019_yk_201,Yukon,2019,0.709035402915102,0.740406799297905,4.1514220029981e-4,669.536937808973,819.632814763434,1295.328,0.720456197844027,377.02798078306307
1704,892.896,0.709316542738213,0.750950760054908,1785.792,2019_yk_201,Yukon,2019,0.709025912076376,0.740870708584754,4.6390928684925e-4,669.536937808973,819.632814763434,1295.328,0.720456197844027,377.02798078306307
1705,893.42,0.709621390241299,0.749333939449049,1786.84,2019_yk_201,Yukon,2019,0.709001431703235,0.741340771083266,4.7006249851167e-4,669.536937808973,819.632814763434,1295.328,0.720456197844027,377.02798078306307
1706,893.944,0.708638528629323,0.756425646481095,1787.888,2019_yk_201,Yukon,2019,0.709021363227535,0.741872380112755,5.3160902948923e-4,669.536937808973,819.632814763434,1295.328,0.720456197844027,377.02798078306307
1707,894.468,0.708848740222524,0.753367971874145,1788.936,2019_yk_201,Yukon,2019,0.708996989311134,0.742415495914745,5.431158019894e-4,669.536937808973,819.632814763434,1295.328,0.720456197844027,377.02798078306307
1708,894.992,0.708529724521489,0.753183520170976,1789.984,2019_yk_201,Yukon,2019,0.709008111910786,0.743030289048615,6.1479313387025e-4,669.536937808973,819.632814763434,1295.328,0.720456197844027,377.02798078306307
1709,895.516,0.708620952472079,0.747831507989719,1791.032,2019_yk_201,Yukon,2019,0.709023836679959,0.74362278370335,5.9249465473576e-4,669.536937808973,819.632814763434,1295.328,0.720456197844027,377.02798078306307
1710,896.04,0.709258297257729,0.750483815936103,1792.08,2019_yk_201,Yukon,2019,0.709006938016744,0.744119713479581,4.9692977623039e-4,669.536937808973,819.632814763434,1295.328,0.720456197844027,377.02798078306307
1711,896.564,0.710523892442131,0.74120464934941,1793.128,2019_yk_201,Yukon,2019,0.709024611267258,0.744597331113955,4.7761763437381e-4,669.536937808973,819.632814763434,1295.328,0.720456197844027,377.02798078306307
1712,897.088,0.708174664732218,0.743275092742029,1794.176,2019_yk_201,Yukon,2019,0.709003655879476,0.744961843038547,3.6451192459208e-4,669.536937808973,819.632814763434,1295.328,0.720456197844027,377.02798078306307
1713,897.612,0.709089800235385,0.74867205173797,1795.224,2019_yk_201,Yukon,2019,0.709001957361852,0.745325705888071,3.6386284952427e-4,669.536937808973,819.632814763434,1295.328,0.720456197844027,377.02798078306307
1714,898.136,0.709275690183573,0.741580611074345,1796.272,2019_yk_201,Yukon,2019,0.709016818742552,0.745604219222944,2.7851333487327e-4,669.536937808973,819.632814763434,1295.328,0.720456197844027,377.02798078306307
1715,898.66,0.708438735866727,0.742432467620605,1797.32,2019_yk_201,Yukon,2019,0.709038114150295,0.746192449797556,5.8823057461165e-4,669.536937808973,819.632814763434,1295.328,0.720456197844027,377.02798078306307
1716,899.184,0.709527141770874,0.736361055125736,1798.368,2019_yk_201,Yukon,2019,0.709033401416605,0.746608751362322,4.1630156476546e-4,669.536937808973,819.632814763434,1295.328,0.720456197844027,377.02798078306307
1717,899.708,0.708594727057382,0.738350319629906,1799.416,2019_yk_201,Yukon,2019,0.709049704326152,0.747094437613887,4.856862515653e-4,669.536937808973,819.632814763434,1295.328,0.720456197844027,377.02798078306307
1718,900.232,0.709279246608293,0.751168134254189,1800.464,2019_yk_201,Yukon,2019,0.709072299132103,0.74750494931293,4.1051169904349e-4,669.536937808973,819.632814763434,1295.328,0.720456197844027,377.02798078306307
1719,900.756,0.709100443718313,0.753224978834082,1801.512,2019_yk_201,Yukon,2019,0.709054992160252,0.747628942696457,1.2399338352686e-4,669.536937808973,819.632814763434,1295.328,0.720456197844027,377.02798078306307
1720,901.28,0.708950831436156,0.754108966886578,1802.56,2019_yk_201,Yukon,2019,0.709106567170567,0.747880087274165,2.5114457770758e-4,669.536937808973,819.632814763434,1295.328,0.720456197844027,377.02798078306307
1721,901.804,0.709294513742184,0.747479396344291,1803.608,2019_yk_201,Yukon,2019,0.70916563692362,0.74821429754362,3.3421026945468e-4,669.536937808973,819.632814763434,1295.328,0.720456197844027,377.02798078306307
1722,902.328,0.709330294177192,0.760545971432617,1804.656,2019_yk_201,Yukon,2019,0.709132531643453,0.74825547557992,4.11780363005487e-5,669.536937808973,819.632814763434,1295.328,0.720456197844027,377.02798078306307
1723,902.852,0.708313168836319,0.753166545332113,1805.704,2019_yk_201,Yukon,2019,0.709125553305342,0.748403847339505,1.4837175958526e-4,669.536937808973,819.632814763434,1295.328,0.720456197844027,377.02798078306307
1724,903.376,0.709094710308459,0.754831079187232,1806.752,2019_yk_201,Yukon,2019,0.709098393916865,0.748322146783305,-8.17005562000483e-5,669.536937808973,819.632814763434,1295.328,0.720456197844027,377.02798078306307
1725,903.9,0.70824540494576,0.744889895054713,1807.8,2019_yk_201,Yukon,2019,0.7091198153451,0.748164855831321,-1.572909519838e-4,669.536937808973,819.632814763434,1295.328,0.720456197844027,377.02798078306307
1726,904.424,0.709853391098232,0.739543529212115,1808.848,2019_yk_201,Yukon,2019,0.709137615499518,0.748027275126278,-1.3758070504388e-4,669.536937808973,819.632814763434,1295.328,0.720456197844027,377.02798078306307
1727,904.948,0.709577743348626,0.742430841433897,1809.896,2019_yk_201,Yukon,2019,0.709163506946687,0.748160660149224,1.3338502294679e-4,669.536937808973,819.632814763434,1295.328,0.720456197844027,377.02798078306307
1728,905.472,0.710958895694517,0.747715431545507,1810.944,2019_yk_201,Yukon,2019,0.709175766886011,0.748442015495417,2.8135534619255e-4,669.536937808973,819.632814763434,1295.328,0.720456197844027,377.02798078306307
1729,905.996,0.708995740174512,0.749238757568923,1811.992,2019_yk_201,Yukon,2019,0.709187551723141,0.748458627683444,1.66121880273984e-5,669.536937808973,819.632814763434,1295.328,0.720456197844027,377.02798078306307
1730,906.52,0.709020131520487,0.750848938960873,1813.04,2019_yk_201,Yukon,2019,0.709168366028372,0.748596034592619,1.3740690917463e-4,669.536937808973,819.632814763434,1295.328,0.720456197844027,377.02798078306307
1731,907.044,0.708900433813147,0.750883857521752,1814.088,2019_yk_201,Yukon,2019,0.709160102269548,0.74861727791211,2.12433194910489e-5,669.536937808973,819.632814763434,1295.328,0.720456197844027,377.02798078306307
1732,907.568,0.710526110669773,0.747473854570588,1815.136,2019_yk_201,Yukon,2019,0.70918558144908606,0.748772765379272,1.5548746716154e-4,669.536937808973,819.632814763434,1295.328,0.720456197844027,377.02798078306307
1733,908.092,0.708609399861256,0.744129635413541,1816.184,2019_yk_201,Yukon,2019,0.709231320003174,0.748744684512349,-2.80808669220756e-5,669.536937808973,819.632814763434,1295.328,0.720456197844027,377.02798078306307
1734,908.616,0.708782846722698,0.752517212751099,1817.232,2019_yk_201,Yukon,2019,0.709234398403592,0.748737913509464,-6.77100288526411e-6,669.536937808973,819.632814763434,1295.328,0.720456197844027,377.02798078306307
1735,909.14,0.708058812198216,0.747977921818812,1818.28,2019_yk_201,Yukon,2019,0.709239466883393,0.748782126145399,4.42126359349038e-5,669.536937808973,819.632814763434,1295.328,0.720456197844027,377.02798078306307
1736,909.664,0.710211981795971,0.748396053787449,1819.328,2019_yk_201,Yukon,2019,0.709239251555216,0.74880134806778,1.92219223809076e-5,669.536937808973,819.632814763434,1295.328,0.720456197844027,377.02798078306307
1737,910.188,0.708037967826482,0.753415639535364,1820.376,2019_yk_201,Yukon,2019,0.709249740290787,0.748820749519365,1.9401451584633e-5,669.536937808973,819.632814763434,1295.328,0.720456197844027,377.02798078306307
1738,910.712,0.710254724714152,0.755403811331373,1821.424,2019_yk_201,Yukon,2019,0.709235880716876,0.748855999699529,3.52501801647032e-5,669.536937808973,819.632814763434,1295.328,0.720456197844027,377.02798078306307
1739,911.236,0.710498604116453,0.758032962537389,1822.472,2019_yk_201,Yukon,2019,0.709253988099959,0.749013399668907,1.5739996937747e-4,669.536937808973,819.632814763434,1295.328,0.720456197844027,377.02798078306307
1740,911.76,0.707805228531003,0.749056235491976,1823.52,2019_yk_201,Yukon,2019,0.709263067233905,0.748989318775668,-2.40808932392422e-5,669.536937808973,819.632814763434,1295.328,0.720456197844027,377.02798078306307
1741,912.284,0.709587316416935,0.753255665581166,1824.568,2019_yk_201,Yukon,2019,0.709251973086604,0.74900673622582,1.74174501529345e-5,669.536937808973,819.632814763434,1295.328,0.720456197844027,377.02798078306307
1742,912.808,0.707676366878427,0.744743934093203,1825.616,2019_yk_201,Yukon,2019,0.709228305153355,0.748939354896721,-6.73813290994474e-5,669.536937808973,819.632814763434,1295.328,0.720456197844027,377.02798078306307
1743,913.332,0.709112221552104,0.742869656844014,1826.664,2019_yk_201,Yukon,2019,0.709248364488684,0.74877934917077,-1.600057259512e-4,669.536937808973,819.632814763434,1295.328,0.720456197844027,377.02798078306307
1744,913.856,0.710344901203077,0.74852099631882,1827.712,2019_yk_201,Yukon,2019,0.709263298126648,0.748886606932378,1.0725776160769e-4,669.536937808973,819.632814763434,1295.328,0.720456197844027,377.02798078306307
1745,914.38,0.709002662569645,0.749285043820979,1828.76,2019_yk_201,Yukon,2019,0.709243046407524,0.749038023160699,1.5141622832159e-4,669.536937808973,819.632814763434,1295.328,0.720456197844027,377.02798078306307
1746,914.904,0.709606810779312,0.745238765803531,1829.808,2019_yk_201,Yukon,2019,0.709224058827198,0.749283855793067,2.4583263236788e-4,669.536937808973,819.632814763434,1295.328,0.720456197844027,377.02798078306307
1747,915.428,0.709919106189286,0.75328472068755,1830.856,2019_yk_201,Yukon,2019,0.709232794341363,0.749523445226155,2.3958943308788e-4,669.536937808973,819.632814763434,1295.328,0.720456197844027,377.02798078306307
1748,915.952,0.709942797071361,0.7476117536104,1831.904,2019_yk_201,Yukon,2019,0.709218364529527,0.749614741635568,9.12964094129665e-5,669.536937808973,819.632814763434,1295.328,0.720456197844027,377.02798078306307
1749,916.476,0.708108762779629,0.747396272095876,1832.952,2019_yk_201,Yukon,2019,0.709228151543934,0.749563194705036,-5.15469305316651e-5,669.536937808973,819.632814763434,1295.328,0.720456197844027,377.02798078306307
1750,917,0.709469521866867,0.75174829402209,1834,2019_yk_201,Yukon,2019,0.709247319474288,0.749614782422877,5.1587717841084e-5,669.536937808973,819.632814763434,1295.328,0.720456197844027,377.02798078306307
1751,917.524,0.711631838310405,0.753815982695792,1835.048,2019_yk_201,Yukon,2019,0.709268376619134,0.74976298677178,1.4820434890261e-4,669.536937808973,819.632814763434,1295.328,0.720456197844027,377.02798078306307
1752,918.048,0.707916712152326,0.745407035693911,1836.096,2019_yk_201,Yukon,2019,0.709272185872877,0.749678483025426,-8.45037463539366e-5,669.536937808973,819.632814763434,1295.328,0.720456197844027,377.02798078306307
1753,918.572,0.709371674878518,0.749094367557593,1837.144,2019_yk_201,Yukon,2019,0.7092771178787,0.74982912979813,1.5064677270382e-4,669.536937808973,819.632814763434,1295.328,0.720456197844027,377.02798078306307
1754,919.096,0.70876619311234,0.738221088154785,1838.192,2019_yk_201,Yukon,2019,0.709269312221823,0.749866922316458,3.77925183281391e-5,669.536937808973,819.632814763434,1295.328,0.720456197844027,377.02798078306307
1755,919.62,0.709365814912025,0.735160857353492,1839.24,2019_yk_201,Yukon,2019,0.709286411953142,0.750266650023017,3.9972770655893e-4,669.536937808973,819.632814763434,1295.328,0.720456197844027,377.02798078306307
1756,920.144,0.70940042097897,0.739381362942953,1840.288,2019_yk_201,Yukon,2019,0.709278657549816,0.750481320697663,2.146706746462e-4,669.536937808973,819.632814763434,1295.328,0.720456197844027,377.02798078306307
1757,920.668,0.709729182660495,0.743427080867403,1841.336,2019_yk_201,Yukon,2019,0.709279438925988,0.75076744427969,2.8612358202695e-4,669.536937808973,819.632814763434,1295.328,0.720456197844027,377.02798078306307
1758,921.192,0.710287975860745,0.75510695454927,1842.384,2019_yk_201,Yukon,2019,0.709270409606651,0.751001363746645,2.3391946695539e-4,669.536937808973,819.632814763434,1295.328,0.720456197844027,377.02798078306307
1759,921.716,0.709547742771112,0.750583325967232,1843.432,2019_yk_201,Yukon,2019,0.709300176662954,0.75117802357429,1.7665982764436e-4,669.536937808973,819.632814763434,1295.328,0.720456197844027,377.02798078306307
1760,922.24,0.708748533562523,0.75044956005737,1844.48,2019_yk_201,Yukon,2019,0.709319478554288,0.751260538413878,8.25148395877662e-5,669.536937808973,819.632814763434,1295.328,0.720456197844027,377.02798078306307
1761,922.764,0.707247808952202,0.755412312581754,1845.528,2019_yk_201,Yukon,2019,0.709344216312806,0.751336470430514,7.59320166362487e-5,669.536937808973,819.632814763434,1295.328,0.720456197844027,377.02798078306307
1762,923.288,0.710298451748344,0.762191261294695,1846.576,2019_yk_201,Yukon,2019,0.709334030488403,0.751699393899034,3.6292346852029e-4,669.536937808973,819.632814763434,1295.328,0.720456197844027,377.02798078306307
1763,923.812,0.710636928754572,0.752541718104562,1847.624,2019_yk_201,Yukon,2019,0.70933917293724,0.752044801956773,3.4540805773875e-4,669.536937808973,819.632814763434,1295.328,0.720456197844027,377.02798078306307
1764,924.336,0.709501246763271,0.750544499881792,1848.672,2019_yk_201,Yukon,2019,0.709308465220443,0.752135477102512,9.06751457392385e-5,669.536937808973,819.632814763434,1295.328,0.720456197844027,377.02798078306307
1765,924.86,0.709925499029345,0.751986697605145,1849.72,2019_yk_201,Yukon,2019,0.709344485732123,0.7524182170238,2.8273992128768e-4,669.536937808973,819.632814763434,1295.328,0.720456197844027,377.02798078306307
1766,925.384,0.70862560893874,0.757578961823948,1850.768,2019_yk_201,Yukon,2019,0.709318001586574,0.752582191093729,1.6397406992951e-4,669.536937808973,819.632814763434,1295.328,0.720456197844027,377.02798078306307
1767,925.908,0.709478064356788,0.754532058969226,1851.816,2019_yk_201,Yukon,2019,0.709324885878381,0.752788947119942,2.0675602621267e-4,669.536937808973,819.632814763434,1295.328,0.720456197844027,377.02798078306307
1768,926.432,0.707698150086812,0.755298530980859,1852.864,2019_yk_201,Yukon,2019,0.70929882218629,0.75302248575861,2.3353863866859e-4,669.536937808973,819.632814763434,1295.328,0.720456197844027,377.02798078306307
1769,926.956,0.709707395457054,0.757275506152365,1853.912,2019_yk_201,Yukon,2019,0.709302657585738,0.753267330129949,2.4484437133853e-4,669.536937808973,819.632814763434,1295.328,0.720456197844027,377.02798078306307
1770,927.48,0.709803045294503,0.749038962341751,1854.96,2019_yk_201,Yukon,2019,0.709279455374596,0.753618474243046,3.5114411309733e-4,669.536937808973,819.632814763434,1295.328,0.720456197844027,377.02798078306307
1771,928.004,0.709858243604038,0.74224969635858,1856.008,2019_yk_201,Yukon,2019,0.709276029029069,0.753839771115155,2.2129687210814e-4,669.536937808973,819.632814763434,1295.328,0.720456197844027,377.02798078306307
1772,928.528,0.706754588737307,0.739232212996065,1857.056,2019_yk_201,Yukon,2019,0.709339017350133,0.754090067163862,2.5029604870785e-4,669.536937808973,819.632814763434,1295.328,0.720456197844027,377.02798078306307
1773,929.052,0.710293360355083,0.739071708180901,1858.104,2019_yk_201,Yukon,2019,0.709316121055122,0.754456977594604,3.669104307411e-4,669.536937808973,819.632814763434,1295.328,0.720456197844027,377.02798078306307
1774,929.576,0.710171708461404,0.748016076770809,1859.152,2019_yk_201,Yukon,2019,0.709300875544642,0.75463480362744,1.77826032837e-4,669.536937808973,819.632814763434,1295.328,0.720456197844027,377.02798078306307
1775,930.1,0.707223632719304,0.7515174413199,1860.2,2019_yk_201,Yukon,2019,0.70929568507571,0.754612474756958,-2.23288704827018e-5,669.536937808973,819.632814763434,1295.328,0.720456197844027,377.02798078306307
1776,930.624,0.708387886951316,0.751111013067809,1861.248,2019_yk_201,Yukon,2019,0.709299203067037,0.754615083959742,2.60920278449817e-6,669.536937808973,819.632814763434,1295.328,0.720456197844027,377.02798078306307
1777,931.148,0.709118857907294,0.752725685615181,1862.296,2019_yk_201,Yukon,2019,0.709267411115964,0.754518420917291,-9.66630424517056e-5,669.536937808973,819.632814763434,1295.328,0.720456197844027,377.02798078306307
1778,931.672,0.708413457898142,0.756645918818964,1863.344,2019_yk_201,Yukon,2019,0.709216263978115,0.754636607796603,1.1818687931197e-4,669.536937808973,819.632814763434,1295.328,0.720456197844027,377.02798078306307
1779,932.196,0.709687664582691,0.750132163002185,1864.392,2019_yk_201,Yukon,2019,0.709244233053572,0.754750505990185,1.138981935822e-4,669.536937808973,819.632814763434,1295.328,0.720456197844027,377.02798078306307
1780,932.72,0.710100907257401,0.757204229957042,1865.44,2019_yk_201,Yukon,2019,0.70926182913462,0.754728887610988,-2.16183791971192e-5,669.536937808973,819.632814763434,1295.328,0.720456197844027,377.02798078306307
1781,933.244,0.710557942432998,0.756371657278451,1866.488,2019_yk_201,Yukon,2019,0.709188161584909,0.753557416354846,-0.00117147125614125,669.536937808973,819.632814763434,1295.328,0.720456197844027,377.02798078306307
1782,933.768,0.709558849401765,0.75547574665138,1867.536,2019_yk_201,Yukon,2019,0.709258145893159,0.749146222719307,-0.00441119363553955,669.536937808973,819.632814763434,1295.328,0.720456197844027,377.02798078306307
1783,934.292,0.708609089185649,0.762205351694338,1868.584,2019_yk_201,Yukon,2019,0.709217757694656,0.740968940210746,-0.00817728250856042,669.536937808973,819.632814763434,1295.328,0.720456197844027,377.02798078306307
1784,934.816,0.708626370895863,0.757098630286917,1869.632,2019_yk_201,Yukon,2019,0.709220813200166,0.730680150811589,-0.0102887893991574,669.536937808973,819.632814763434,1295.328,0.720456197844027,377.02798078306307
1785,935.34,0.709271388824897,0.768873557448253,1870.68,2019_yk_201,Yukon,2019,NA,NA,NA,669.536937808973,819.632814763434,1295.328,0.720456197844027,377.02798078306307
1786,935.864,0.709388126898673,0.752423769690884,1871.728,2019_yk_201,Yukon,2019,NA,NA,NA,669.536937808973,819.632814763434,1295.328,0.720456197844027,377.02798078306307
1787,936.388,0.709624625918963,0.759598256355515,1872.776,2019_yk_201,Yukon,2019,NA,NA,NA,669.536937808973,819.632814763434,1295.328,0.720456197844027,377.02798078306307
1788,936.912,0.710417136534266,0.76175059956283,1873.824,2019_yk_201,Yukon,2019,NA,NA,NA,669.536937808973,819.632814763434,1295.328,0.720456197844027,377.02798078306307
1789,937.436,0.710781763552698,0.759838347227581,1874.872,2019_yk_201,Yukon,2019,NA,NA,NA,669.536937808973,819.632814763434,1295.328,0.720456197844027,377.02798078306307
1790,937.96,0.710178245000532,0.755799829336146,1875.92,2019_yk_201,Yukon,2019,NA,NA,NA,669.536937808973,819.632814763434,1295.328,0.720456197844027,377.02798078306307
1791,938.484,0.710384699324215,0.755439778519921,1876.968,2019_yk_201,Yukon,2019,NA,NA,NA,669.536937808973,819.632814763434,1295.328,0.720456197844027,377.02798078306307
1792,939.008,0.709914961205639,0.769249262681804,1878.016,2019_yk_201,Yukon,2019,NA,NA,NA,669.536937808973,819.632814763434,1295.328,0.720456197844027,377.02798078306307
1793,939.532,0.708917946791428,0.764854118877871,1879.064,2019_yk_201,Yukon,2019,NA,NA,NA,669.536937808973,819.632814763434,1295.328,0.720456197844027,377.02798078306307
1794,940.056,0.706940383714914,0.757957721495455,1880.112,2019_yk_201,Yukon,2019,NA,NA,NA,669.536937808973,819.632814763434,1295.328,0.720456197844027,377.02798078306307
1795,940.58,0.71022004289903,0.76494231709607,1881.16,2019_yk_201,Yukon,2019,NA,NA,NA,669.536937808973,819.632814763434,1295.328,0.720456197844027,377.02798078306307
1796,941.104,0.708622933063023,0.758234497983219,1882.208,2019_yk_201,Yukon,2019,NA,NA,NA,669.536937808973,819.632814763434,1295.328,0.720456197844027,377.02798078306307
1797,941.628,0.708451025334864,0.765821001108126,1883.256,2019_yk_201,Yukon,2019,NA,NA,NA,669.536937808973,819.632814763434,1295.328,0.720456197844027,377.02798078306307
1798,942.152,0.708690903188687,0.769416129651491,1884.304,2019_yk_201,Yukon,2019,NA,NA,NA,669.536937808973,819.632814763434,1295.328,0.720456197844027,377.02798078306307
1799,942.676,0.710728728083367,0.772723624817698,1885.352,2019_yk_201,Yukon,2019,NA,NA,NA,669.536937808973,819.632814763434,1295.328,0.720456197844027,377.02798078306307
1800,943.2,0.706413095862467,0.77012488227782006,1886.4,2019_yk_201,Yukon,2019,NA,NA,NA,669.536937808973,819.632814763434,1295.328,0.720456197844027,377.02798078306307
1801,943.724,0.709381735685339,0.76653347790765,1887.448,2019_yk_201,Yukon,2019,NA,NA,NA,669.536937808973,819.632814763434,1295.328,0.720456197844027,377.02798078306307
1802,944.248,0.711455666142264,0.759761697015678,1888.496,2019_yk_201,Yukon,2019,NA,NA,NA,669.536937808973,819.632814763434,1295.328,0.720456197844027,377.02798078306307
1803,944.772,0.707738443851395,0.76488428268848,1889.544,2019_yk_201,Yukon,2019,NA,NA,NA,669.536937808973,819.632814763434,1295.328,0.720456197844027,377.02798078306307
1804,945.296,0.709430170574319,0.759190558289035,1890.592,2019_yk_201,Yukon,2019,NA,NA,NA,669.536937808973,819.632814763434,1295.328,0.720456197844027,377.02798078306307
1805,945.82,0.708691234433676,0.74794531159202,1891.64,2019_yk_201,Yukon,2019,NA,NA,NA,669.536937808973,819.632814763434,1295.328,0.720456197844027,377.02798078306307
1806,946.344,0.709817890258988,0.7453953179706,1892.688,2019_yk_201,Yukon,2019,NA,NA,NA,669.536937808973,819.632814763434,1295.328,0.720456197844027,377.02798078306307
1807,946.868,0.708011589124894,0.747484938140443,1893.736,2019_yk_201,Yukon,2019,NA,NA,NA,669.536937808973,819.632814763434,1295.328,0.720456197844027,377.02798078306307
1808,947.392,0.706873968800423,0.754702966369127,1894.784,2019_yk_201,Yukon,2019,NA,NA,NA,669.536937808973,819.632814763434,1295.328,0.720456197844027,377.02798078306307
1809,947.916,0.709786907307056,0.754230163710805,1895.832,2019_yk_201,Yukon,2019,NA,NA,NA,669.536937808973,819.632814763434,1295.328,0.720456197844027,377.02798078306307
1810,948.44,0.710525286729753,0.750451191270262,1896.88,2019_yk_201,Yukon,2019,NA,NA,NA,669.536937808973,819.632814763434,1295.328,0.720456197844027,377.02798078306307
1811,948.964,0.707211785327733,0.683527707327313,1897.928,2019_yk_201,Yukon,2019,NA,NA,NA,669.536937808973,819.632814763434,1295.328,0.720456197844027,377.02798078306307
1812,949.488,0.71211577064732,0.480735417561537,1898.976,2019_yk_201,Yukon,2019,NA,NA,NA,669.536937808973,819.632814763434,1295.328,0.720456197844027,377.02798078306307
1813,950.012,0.706948382968358,0.258457417043966,1900.024,2019_yk_201,Yukon,2019,NA,NA,NA,669.536937808973,819.632814763434,1295.328,0.720456197844027,377.02798078306307
1814,950.536,0.708949523442906,0.12089372420534,1901.072,2019_yk_201,Yukon,2019,NA,NA,NA,669.536937808973,819.632814763434,1295.328,0.720456197844027,377.02798078306307
