Cycle,Time,Iso,Sr88,Microns,Fish_id,Watershed,Year,Iso_MA,Sr88_MA,Sr88_MA_Gradient,natal_microns_start,natal_microns_end,marine_start,natal_origin_iso,Core
119,62.356,0.709298669176598,0.154627504182369,124.712,2019_kk_088,Kusko,2019,NA,NA,NA,1370.476517,1505.41294,1857.056,0.709365579,982.7333305828868
120,62.88,0.708962048029018,0.190784704368448,125.76,2019_kk_088,Kusko,2019,NA,NA,NA,1370.476517,1505.41294,1857.056,0.709365579,982.7333305828868
121,63.404,0.710593542214268,0.207354575652206,126.808,2019_kk_088,Kusko,2019,NA,NA,NA,1370.476517,1505.41294,1857.056,0.709365579,982.7333305828868
122,63.928,0.710146426185233,0.220600471556231,127.856,2019_kk_088,Kusko,2019,NA,NA,NA,1370.476517,1505.41294,1857.056,0.709365579,982.7333305828868
123,64.452,0.704057247079754,0.232119581264884,128.904,2019_kk_088,Kusko,2019,NA,NA,NA,1370.476517,1505.41294,1857.056,0.709365579,982.7333305828868
124,64.976,0.709834433904363,0.244130056865312,129.952,2019_kk_088,Kusko,2019,NA,NA,NA,1370.476517,1505.41294,1857.056,0.709365579,982.7333305828868
125,65.5,0.712162958011857,0.260301065093287,131,2019_kk_088,Kusko,2019,NA,NA,NA,1370.476517,1505.41294,1857.056,0.709365579,982.7333305828868
126,66.024,0.706963022926148,0.273565194887848,132.048,2019_kk_088,Kusko,2019,NA,NA,NA,1370.476517,1505.41294,1857.056,0.709365579,982.7333305828868
127,66.548,0.709804663266237,0.296124697680744,133.096,2019_kk_088,Kusko,2019,NA,NA,NA,1370.476517,1505.41294,1857.056,0.709365579,982.7333305828868
128,67.072,0.707706239081361,0.310499135730711,134.144,2019_kk_088,Kusko,2019,NA,NA,NA,1370.476517,1505.41294,1857.056,0.709365579,982.7333305828868
129,67.596,0.709678901430875,0.330016162222818,135.192,2019_kk_088,Kusko,2019,NA,NA,NA,1370.476517,1505.41294,1857.056,0.709365579,982.7333305828868
130,68.12,0.705777611156868,0.350376879574655,136.24,2019_kk_088,Kusko,2019,NA,NA,NA,1370.476517,1505.41294,1857.056,0.709365579,982.7333305828868
131,68.644,0.706219447028236,0.36364626725585403,137.288,2019_kk_088,Kusko,2019,NA,NA,NA,1370.476517,1505.41294,1857.056,0.709365579,982.7333305828868
132,69.168,0.707234689812372,0.368951879435973,138.336,2019_kk_088,Kusko,2019,NA,NA,NA,1370.476517,1505.41294,1857.056,0.709365579,982.7333305828868
133,69.692,0.70990192029288,0.367077096417913,139.384,2019_kk_088,Kusko,2019,NA,NA,NA,1370.476517,1505.41294,1857.056,0.709365579,982.7333305828868
134,70.216,0.714244783995913,0.363756746018184,140.432,2019_kk_088,Kusko,2019,NA,NA,NA,1370.476517,1505.41294,1857.056,0.709365579,982.7333305828868
135,70.74,0.711532818352278,0.368812355592497,141.48,2019_kk_088,Kusko,2019,NA,NA,NA,1370.476517,1505.41294,1857.056,0.709365579,982.7333305828868
136,71.264,0.707702984175601,0.368560019392749,142.528,2019_kk_088,Kusko,2019,NA,NA,NA,1370.476517,1505.41294,1857.056,0.709365579,982.7333305828868
137,71.788,0.708840027837317,0.379727876759568,143.576,2019_kk_088,Kusko,2019,NA,NA,NA,1370.476517,1505.41294,1857.056,0.709365579,982.7333305828868
138,72.312,0.710994619106704,0.38767256724015,144.624,2019_kk_088,Kusko,2019,NA,NA,NA,1370.476517,1505.41294,1857.056,0.709365579,982.7333305828868
139,72.836,0.711732857832395,0.391026215509332,145.672,2019_kk_088,Kusko,2019,NA,NA,NA,1370.476517,1505.41294,1857.056,0.709365579,982.7333305828868
140,73.36,0.707546228882451,0.401946423305927,146.72,2019_kk_088,Kusko,2019,NA,NA,NA,1370.476517,1505.41294,1857.056,0.709365579,982.7333305828868
141,73.884,0.705951152748488,0.414009001752715,147.768,2019_kk_088,Kusko,2019,NA,NA,NA,1370.476517,1505.41294,1857.056,0.709365579,982.7333305828868
142,74.408,0.710580943593933,0.418733766448804,148.816,2019_kk_088,Kusko,2019,NA,NA,NA,1370.476517,1505.41294,1857.056,0.709365579,982.7333305828868
143,74.932,0.709683231864735,0.420879522842175,149.864,2019_kk_088,Kusko,2019,NA,NA,NA,1370.476517,1505.41294,1857.056,0.709365579,982.7333305828868
144,75.456,0.712287663464966,0.418857638199317,150.912,2019_kk_088,Kusko,2019,NA,NA,NA,1370.476517,1505.41294,1857.056,0.709365579,982.7333305828868
145,75.98,0.70849123254389,0.416587381568014,151.96,2019_kk_088,Kusko,2019,NA,NA,NA,1370.476517,1505.41294,1857.056,0.709365579,982.7333305828868
146,76.504,0.71302913276281,0.421792681062228,153.008,2019_kk_088,Kusko,2019,NA,NA,NA,1370.476517,1505.41294,1857.056,0.709365579,982.7333305828868
147,77.028,0.707905073196197,0.421964320295331,154.056,2019_kk_088,Kusko,2019,NA,NA,NA,1370.476517,1505.41294,1857.056,0.709365579,982.7333305828868
148,77.552,0.710001441897818,0.434079387267177,155.104,2019_kk_088,Kusko,2019,0.70933306893387,0.389080299567966,NA,1370.476517,1505.41294,1857.056,0.709365579,982.7333305828868
149,78.076,0.708671280975247,0.441176394069915,156.152,2019_kk_088,Kusko,2019,0.7093052369876,0.394189616827271,0.0051093172593053,1370.476517,1505.41294,1857.056,0.709365579,982.7333305828868
150,78.6,0.706745986250864,0.444120980188747,157.2,2019_kk_088,Kusko,2019,0.709292775491348,0.398857721029378,0.00466810420210717,1370.476517,1505.41294,1857.056,0.709365579,982.7333305828868
151,79.124,0.710530594990284,0.452129530653966,158.248,2019_kk_088,Kusko,2019,0.709245968567245,0.403345172399572,0.00448745137019324,1370.476517,1505.41294,1857.056,0.709365579,982.7333305828868
152,79.648,0.709015773311263,0.453467935774393,159.296,2019_kk_088,Kusko,2019,0.70925044244596,0.407642493604365,0.00429732120479337,1370.476517,1505.41294,1857.056,0.709365579,982.7333305828868
153,80.172,0.708988129703028,0.456634257393235,160.344,2019_kk_088,Kusko,2019,0.70932196343041,0.411735766591031,0.00409327298666584,1370.476517,1505.41294,1857.056,0.709365579,982.7333305828868
154,80.696,0.710911448779754,0.459019710613807,161.392,2019_kk_088,Kusko,2019,0.709300097472498,0.415801825662487,0.00406605907145668,1370.476517,1505.41294,1857.056,0.709365579,982.7333305828868
155,81.22,0.708833882597349,0.445645701509494,162.44,2019_kk_088,Kusko,2019,0.709263455056059,0.419590116515672,0.00378829085318499,1370.476517,1505.41294,1857.056,0.709365579,982.7333305828868
156,81.744,0.709419143967069,0.436881079718631,163.488,2019_kk_088,Kusko,2019,0.709282702134711,0.42323234225613,0.00364222574045753,1370.476517,1505.41294,1857.056,0.709365579,982.7333305828868
157,82.268,0.710766801294199,0.432760180706088,164.536,2019_kk_088,Kusko,2019,0.709243106366049,0.426619615802809,0.00338727354667934,1370.476517,1505.41294,1857.056,0.709365579,982.7333305828868
158,82.792,0.711477158813719,0.426490329095252,165.584,2019_kk_088,Kusko,2019,0.709273226055806,0.429685356937963,0.00306574113515412,1370.476517,1505.41294,1857.056,0.709365579,982.7333305828868
159,83.316,0.710347966461082,0.417348148607557,166.632,2019_kk_088,Kusko,2019,0.709294790542946,0.432433090076334,0.00274773313837084,1370.476517,1505.41294,1857.056,0.709365579,982.7333305828868
160,83.84,0.70904876834131,0.414567505929854,167.68,2019_kk_088,Kusko,2019,0.709324044996398,0.434868661469961,0.00243557139362643,1370.476517,1505.41294,1857.056,0.709365579,982.7333305828868
161,84.364,0.71204196716502,0.412505287845272,168.728,2019_kk_088,Kusko,2019,0.709352806677929,0.437092023692605,0.00222336222264446,1370.476517,1505.41294,1857.056,0.709365579,982.7333305828868
162,84.888,0.712307245569705,0.41366073130856,169.776,2019_kk_088,Kusko,2019,0.709400562488216,0.439260921655604,0.00216889796299935,1370.476517,1505.41294,1857.056,0.709365579,982.7333305828868
163,85.412,0.707804666914045,0.407869877543586,170.824,2019_kk_088,Kusko,2019,0.709397925920202,0.441500163189236,0.00223924153363197,1370.476517,1505.41294,1857.056,0.709365579,982.7333305828868
164,85.936,0.708434021789435,0.415497682240366,171.872,2019_kk_088,Kusko,2019,0.709296370845514,0.443936830258894,0.00243666706965706,1370.476517,1505.41294,1857.056,0.709365579,982.7333305828868
165,86.46,0.708567243142734,0.420320115688865,172.92,2019_kk_088,Kusko,2019,0.709274455791251,0.44627786711027,0.00234103685137682,1370.476517,1505.41294,1857.056,0.709365579,982.7333305828868
166,86.984,0.709131129802054,0.425640856046685,173.968,2019_kk_088,Kusko,2019,0.709314378221678,0.448636503381259,0.00235863627098848,1370.476517,1505.41294,1857.056,0.709365579,982.7333305828868
167,87.508,0.70960632091677,0.426619786725187,175.016,2019_kk_088,Kusko,2019,0.709274293903326,0.450936604849442,0.00230010146818332,1370.476517,1505.41294,1857.056,0.709365579,982.7333305828868
168,88.032,0.708814517054918,0.436733518979457,176.064,2019_kk_088,Kusko,2019,0.709250605475523,0.453163667870579,0.00222706302113701,1370.476517,1505.41294,1857.056,0.709365579,982.7333305828868
169,88.556,0.709314702292959,0.441654505579281,177.112,2019_kk_088,Kusko,2019,0.70925470135712,0.455388462155665,0.00222479428508543,1370.476517,1505.41294,1857.056,0.709365579,982.7333305828868
170,89.08,0.709382298161666,0.447710870920964,178.16,2019_kk_088,Kusko,2019,0.70929618139518,0.457456535311195,0.0020680731555302,1370.476517,1505.41294,1857.056,0.709365579,982.7333305828868
171,89.604,0.710810762926124,0.445726895529855,179.208,2019_kk_088,Kusko,2019,0.709363410374769,0.459243546723262,0.00178701141206755,1370.476517,1505.41294,1857.056,0.709365579,982.7333305828868
172,90.128,0.71032181633148,0.441607033314442,180.256,2019_kk_088,Kusko,2019,0.709331389686026,0.460954736743814,0.00171119002055165,1370.476517,1505.41294,1857.056,0.709365579,982.7333305828868
173,90.652,0.707331110192415,0.445694417271887,181.304,2019_kk_088,Kusko,2019,0.709322126830653,0.462628958360072,0.00167422161625846,1370.476517,1505.41294,1857.056,0.709365579,982.7333305828868
174,91.176,0.70731304582963,0.454836351755267,182.352,2019_kk_088,Kusko,2019,0.709278489342744,0.464443600804863,0.00181464244479007,1370.476517,1505.41294,1857.056,0.709365579,982.7333305828868
175,91.7,0.707770983597738,0.456386446423311,183.4,2019_kk_088,Kusko,2019,0.70925175311964,0.466304890364339,0.00186128955947606,1370.476517,1505.41294,1857.056,0.709365579,982.7333305828868
176,92.224,0.708813177813849,0.451490085688636,184.448,2019_kk_088,Kusko,2019,0.709190508728194,0.468172127789898,0.00186723742555928,1370.476517,1505.41294,1857.056,0.709365579,982.7333305828868
177,92.748,0.70657869506332,0.459871827215399,185.496,2019_kk_088,Kusko,2019,0.709204282613628,0.469995993657736,0.00182386586783845,1370.476517,1505.41294,1857.056,0.709365579,982.7333305828868
178,93.272,0.712017484131602,0.462168754296566,186.544,2019_kk_088,Kusko,2019,0.709164813321137,0.471714400996212,0.00171840733847545,1370.476517,1505.41294,1857.056,0.709365579,982.7333305828868
179,93.796,0.707628752400427,0.461186539740689,187.592,2019_kk_088,Kusko,2019,0.709196226686668,0.473282033951445,0.00156763295523327,1370.476517,1505.41294,1857.056,0.709365579,982.7333305828868
180,94.32,0.708214358253902,0.47087095649488,188.64,2019_kk_088,Kusko,2019,0.709227056683453,0.474851726365352,0.0015696924139067,1370.476517,1505.41294,1857.056,0.709365579,982.7333305828868
181,94.844,0.70778512676808,0.476601657863799,189.688,2019_kk_088,Kusko,2019,0.709183526387117,0.47619440232595,0.00134267596059856,1370.476517,1505.41294,1857.056,0.709365579,982.7333305828868
182,95.368,0.710414858908137,0.478439743843835,190.736,2019_kk_088,Kusko,2019,0.709181237099684,0.477526080780689,0.00133167845473847,1370.476517,1505.41294,1857.056,0.709365579,982.7333305828868
183,95.892,0.708348506146731,0.477715960464833,191.784,2019_kk_088,Kusko,2019,0.709227474846636,0.4788116584613,0.00128557768061177,1370.476517,1505.41294,1857.056,0.709365579,982.7333305828868
184,96.416,0.708522476429664,0.488093601152712,192.832,2019_kk_088,Kusko,2019,0.709204033491204,0.480198162454415,0.00138650399311463,1370.476517,1505.41294,1857.056,0.709365579,982.7333305828868
185,96.94,0.709964413025525,0.48759851628439,193.88,2019_kk_088,Kusko,2019,0.709212262969666,0.481794775046158,0.0015966125917431,1370.476517,1505.41294,1857.056,0.709365579,982.7333305828868
186,97.464,0.708117847645269,0.492098739315298,194.928,2019_kk_088,Kusko,2019,0.709184988223975,0.483513947461688,0.00171917241552971,1370.476517,1505.41294,1857.056,0.709365579,982.7333305828868
187,97.988,0.707428917146507,0.499361110481505,195.976,2019_kk_088,Kusko,2019,0.709198104813301,0.485342168010485,0.00182822054879689,1370.476517,1505.41294,1857.056,0.709365579,982.7333305828868
188,98.512,0.709513420466771,0.494443603839956,197.024,2019_kk_088,Kusko,2019,0.709192460423017,0.487389117135988,0.0020469491255028,1370.476517,1505.41294,1857.056,0.709365579,982.7333305828868
189,99.036,0.710972770659253,0.494880150525068,198.072,2019_kk_088,Kusko,2019,0.709156632407755,0.489551599844497,0.00216248270850972,1370.476517,1505.41294,1857.056,0.709365579,982.7333305828868
190,99.56,0.70753287836401,0.496511163192243,199.12,2019_kk_088,Kusko,2019,0.709147663405907,0.491714896459833,0.0021632966153361,1370.476517,1505.41294,1857.056,0.709365579,982.7333305828868
191,100.084,0.707945147920079,0.497048000614522,200.168,2019_kk_088,Kusko,2019,0.709081290286252,0.493943789471973,0.00222889301213935,1370.476517,1505.41294,1857.056,0.709365579,982.7333305828868
192,100.608,0.710100038429607,0.499085757215934,201.216,2019_kk_088,Kusko,2019,0.709020568959404,0.496223264663996,0.00227947519202343,1370.476517,1505.41294,1857.056,0.709365579,982.7333305828868
193,101.132,0.709743726212043,0.501431588435829,202.264,2019_kk_088,Kusko,2019,0.709051238059381,0.498645065060596,0.00242180039659945,1370.476517,1505.41294,1857.056,0.709365579,982.7333305828868
194,101.656,0.708151479514609,0.509956770197609,203.312,2019_kk_088,Kusko,2019,0.709055855329212,0.500921583357199,0.00227651829660347,1370.476517,1505.41294,1857.056,0.709365579,982.7333305828868
195,102.18,0.710217915096523,0.509274566675106,204.36,2019_kk_088,Kusko,2019,0.709109326693493,0.503122686862684,0.0022011035054853,1370.476517,1505.41294,1857.056,0.709365579,982.7333305828868
196,102.704,0.710098330001202,0.510078195652055,205.408,2019_kk_088,Kusko,2019,0.709055837763281,0.505297154205239,0.002174467342555,1370.476517,1505.41294,1857.056,0.709365579,982.7333305828868
197,103.228,0.706434968736219,0.517733964850568,206.456,2019_kk_088,Kusko,2019,0.709026487058007,0.507420930335576,0.00212377613033643,1370.476517,1505.41294,1857.056,0.709365579,982.7333305828868
198,103.752,0.709573313438494,0.521296348508371,207.504,2019_kk_088,Kusko,2019,0.709068275397971,0.509452960901346,0.00203203056576984,1370.476517,1505.41294,1857.056,0.709365579,982.7333305828868
199,104.276,0.711978610728214,0.524513872614458,208.552,2019_kk_088,Kusko,2019,0.709041528740697,0.511380162764405,0.00192720186305939,1370.476517,1505.41294,1857.056,0.709365579,982.7333305828868
200,104.8,0.710035031166042,0.526030812637741,209.6,2019_kk_088,Kusko,2019,0.70902488192367,0.5131298350634,0.00174967229899459,1370.476517,1505.41294,1857.056,0.709365579,982.7333305828868
201,105.324,0.709984891523864,0.521229686476769,210.648,2019_kk_088,Kusko,2019,0.708970353489494,0.514924062940489,0.0017942278770896,1370.476517,1505.41294,1857.056,0.709365579,982.7333305828868
202,105.848,0.708659702269314,0.521405167681903,211.696,2019_kk_088,Kusko,2019,0.708960130029782,0.516713719414649,0.00178965647415952,1370.476517,1505.41294,1857.056,0.709365579,982.7333305828868
203,106.372,0.709127460542391,0.521332819817678,212.744,2019_kk_088,Kusko,2019,0.708965326058564,0.518341465127405,0.0016277457127557,1370.476517,1505.41294,1857.056,0.709365579,982.7333305828868
204,106.896,0.709669414190429,0.527736184886721,213.792,2019_kk_088,Kusko,2019,0.709037173295076,0.51977447669155,0.00143301156414566,1370.476517,1505.41294,1857.056,0.709365579,982.7333305828868
205,107.42,0.706887059157622,0.528264755136579,214.84,2019_kk_088,Kusko,2019,0.709047996847106,0.521242656691675,0.00146818000012483,1370.476517,1505.41294,1857.056,0.709365579,982.7333305828868
206,107.944,0.709354469276072,0.533826926595785,215.888,2019_kk_088,Kusko,2019,0.70904727710753,0.52270398736331,0.0014613306716349,1370.476517,1505.41294,1857.056,0.709365579,982.7333305828868
207,108.468,0.70873150632225,0.531396272365637,216.936,2019_kk_088,Kusko,2019,0.709086626122724,0.524051738488651,0.00134775112534091,1370.476517,1505.41294,1857.056,0.709365579,982.7333305828868
208,108.992,0.70763328434834,0.537183827575703,217.984,2019_kk_088,Kusko,2019,0.709022589047746,0.525447005539702,0.00139526705105131,1370.476517,1505.41294,1857.056,0.709365579,982.7333305828868
209,109.516,0.710556082907105,0.53523437138391,219.032,2019_kk_088,Kusko,2019,0.709069806085347,0.526642305193934,0.00119529965423171,1370.476517,1505.41294,1857.056,0.709365579,982.7333305828868
210,110.04,0.70859578605798,0.53830252502315,220.08,2019_kk_088,Kusko,2019,0.709090800073459,0.527504901617703,8.625964237694e-4,1370.476517,1505.41294,1857.056,0.709365579,982.7333305828868
211,110.564,0.707918777210138,0.532690088289882,221.128,2019_kk_088,Kusko,2019,0.709075694348576,0.528180839087787,6.7593747008409e-4,1370.476517,1505.41294,1857.056,0.709365579,982.7333305828868
212,111.088,0.70887841606522894,0.533368643058697,222.176,2019_kk_088,Kusko,2019,0.709042521889668,0.528712914137862,5.3207505007479e-4,1370.476517,1505.41294,1857.056,0.709365579,982.7333305828868
213,111.612,0.711762394520174,0.533768918229942,223.224,2019_kk_088,Kusko,2019,0.709041641953562,0.529329974958836,6.1706082097412e-4,1370.476517,1505.41294,1857.056,0.709365579,982.7333305828868
214,112.136,0.709504967453835,0.542209950200686,224.272,2019_kk_088,Kusko,2019,0.709055318169084,0.529750171410279,4.2019645144275e-4,1370.476517,1505.41294,1857.056,0.709365579,982.7333305828868
215,112.66,0.709327651305077,0.541442457014076,225.32,2019_kk_088,Kusko,2019,0.709044595293342,0.530193308032669,4.4313662239037e-4,1370.476517,1505.41294,1857.056,0.709365579,982.7333305828868
216,113.184,0.70778265922563,0.540031424650417,226.368,2019_kk_088,Kusko,2019,0.709040579401389,0.530453321195741,2.6001316307144e-4,1370.476517,1505.41294,1857.056,0.709365579,982.7333305828868
217,113.708,0.711553796653727,0.542453413633902,227.416,2019_kk_088,Kusko,2019,0.709067335192179,0.530557703168297,1.0438197255646e-4,1370.476517,1505.41294,1857.056,0.709365579,982.7333305828868
218,114.232,0.71113849539668506,0.54930727662542,228.464,2019_kk_088,Kusko,2019,0.70905962871569,0.530645126530611,8.7423362314154e-5,1370.476517,1505.41294,1857.056,0.709365579,982.7333305828868
219,114.756,0.708198285545382,0.547097111118138,229.512,2019_kk_088,Kusko,2019,0.709077081588718,0.530592764836362,-5.236169424927e-5,1370.476517,1505.41294,1857.056,0.709365579,982.7333305828868
220,115.28,0.708510628230389,0.544365302850021,230.56,2019_kk_088,Kusko,2019,0.709088578585125,0.530480476775813,-1.1228806054897e-4,1370.476517,1505.41294,1857.056,0.709365579,982.7333305828868
221,115.804,0.70805957998573,0.546238868573632,231.608,2019_kk_088,Kusko,2019,0.709098756787972,0.53029389324366,-1.8658353215295e-4,1370.476517,1505.41294,1857.056,0.709365579,982.7333305828868
222,116.328,0.708663965958839,0.550429242829965,232.656,2019_kk_088,Kusko,2019,0.709092023096436,0.530080857567848,-2.1303567581276e-4,1370.476517,1505.41294,1857.056,0.709365579,982.7333305828868
223,116.852,0.70964481291265,0.553177901339553,233.704,2019_kk_088,Kusko,2019,0.709074749447245,0.530086179907135,5.32233928707271e-6,1370.476517,1505.41294,1857.056,0.709365579,982.7333305828868
224,117.376,0.708711057979326,0.552088780036571,234.752,2019_kk_088,Kusko,2019,0.709079872305303,0.529877620464926,-2.0855944220821e-4,1370.476517,1505.41294,1857.056,0.709365579,982.7333305828868
225,117.9,0.711775524999579,0.552386326017985,235.8,2019_kk_088,Kusko,2019,0.709104827910466,0.529743099796696,-1.3452066823016e-4,1370.476517,1505.41294,1857.056,0.709365579,982.7333305828868
226,118.424,0.705921793989347,0.556108896599985,236.848,2019_kk_088,Kusko,2019,0.709089605442254,0.529561902927371,-1.8119686932527e-4,1370.476517,1505.41294,1857.056,0.709365579,982.7333305828868
227,118.948,0.707845278600333,0.554046354545372,237.896,2019_kk_088,Kusko,2019,0.709170564757612,0.529070346370901,-4.9155655647004e-4,1370.476517,1505.41294,1857.056,0.709365579,982.7333305828868
228,119.472,0.711321817452724,0.558655352925646,238.944,2019_kk_088,Kusko,2019,0.709156526936021,0.52831654186039,-7.5380451051132e-4,1370.476517,1505.41294,1857.056,0.709365579,982.7333305828868
229,119.996,0.707709902856523,0.557286617362846,239.992,2019_kk_088,Kusko,2019,0.70912301656948,0.527330477993492,-9.8606386689792e-4,1370.476517,1505.41294,1857.056,0.709365579,982.7333305828868
230,120.52,0.708383489140032,0.55269120886064,241.04,2019_kk_088,Kusko,2019,0.709077867484759,0.526266694553242,-0.00106378344025004,1370.476517,1505.41294,1857.056,0.709365579,982.7333305828868
231,121.044,0.707539056875614,0.553380568155232,242.088,2019_kk_088,Kusko,2019,0.70907235011267,0.525146983421734,-0.00111971113150744,1370.476517,1505.41294,1857.056,0.709365579,982.7333305828868
232,121.568,0.709708408748756,0.548986421764013,243.136,2019_kk_088,Kusko,2019,0.70910118865313,0.523979075260919,-0.00116790816081525,1370.476517,1505.41294,1857.056,0.709365579,982.7333305828868
233,122.092,0.70764287191932,0.543359160037225,244.184,2019_kk_088,Kusko,2019,0.709097542762574,0.522759295293416,-0.001219779967503,1370.476517,1505.41294,1857.056,0.709365579,982.7333305828868
234,122.616,0.711623880020358,0.540817045604007,245.232,2019_kk_088,Kusko,2019,0.709109365883236,0.5213754537983,-0.00138384149511572,1370.476517,1505.41294,1857.056,0.709365579,982.7333305828868
235,123.14,0.708420396719497,0.544477246430798,246.28,2019_kk_088,Kusko,2019,0.70916015265783,0.519891189645087,-0.00148426415321323,1370.476517,1505.41294,1857.056,0.709365579,982.7333305828868
236,123.664,0.708769993439338,0.539169925986729,247.328,2019_kk_088,Kusko,2019,0.709119799762677,0.518370706986969,-0.00152048265811811,1370.476517,1505.41294,1857.056,0.709365579,982.7333305828868
237,124.188,0.708939635974938,0.540736894735852,248.376,2019_kk_088,Kusko,2019,0.709152677989644,0.517014738297611,-0.00135596868935783,1370.476517,1505.41294,1857.056,0.709365579,982.7333305828868
238,124.712,0.708175259632924,0.545884777359649,249.424,2019_kk_088,Kusko,2019,0.70917480984873,0.515472339918274,-0.00154239837933656,1370.476517,1505.41294,1857.056,0.709365579,982.7333305828868
239,125.236,0.710461774656506,0.53290451899459,250.472,2019_kk_088,Kusko,2019,0.709148849288093,0.513838789020145,-0.00163355089812989,1370.476517,1505.41294,1857.056,0.709365579,982.7333305828868
240,125.76,0.709473997540627,0.522626741921043,251.52,2019_kk_088,Kusko,2019,0.709154099110021,0.512079134043964,-0.00175965497618036,1370.476517,1505.41294,1857.056,0.709365579,982.7333305828868
241,126.284,0.70687878327509,0.51715790606885,252.568,2019_kk_088,Kusko,2019,0.709171558370806,0.510391657516302,-0.00168747652766177,1370.476517,1505.41294,1857.056,0.709365579,982.7333305828868
242,126.808,0.708424511373668,0.510364246848316,253.616,2019_kk_088,Kusko,2019,0.709201989705267,0.508804296215898,-0.00158736130040404,1370.476517,1505.41294,1857.056,0.709365579,982.7333305828868
243,127.332,0.708295709980364,0.514739609723286,254.664,2019_kk_088,Kusko,2019,0.709153794343498,0.50705800055195,-0.00174629566394791,1370.476517,1505.41294,1857.056,0.709365579,982.7333305828868
244,127.856,0.709343049360974,0.513305388239275,255.712,2019_kk_088,Kusko,2019,0.709148505487403,0.505125993938221,-0.00193200661372928,1370.476517,1505.41294,1857.056,0.709365579,982.7333305828868
245,128.38,0.709321040481011,0.514186713627812,256.76,2019_kk_088,Kusko,2019,0.709159471501186,0.503306776105102,-0.00181921783311934,1370.476517,1505.41294,1857.056,0.709365579,982.7333305828868
246,128.904,0.707876894128082,0.507699529099587,257.808,2019_kk_088,Kusko,2019,0.709177723217222,0.501609158619994,-0.00169761748510777,1370.476517,1505.41294,1857.056,0.709365579,982.7333305828868
247,129.428,0.709034264593894,0.505624028834892,258.856,2019_kk_088,Kusko,2019,0.709182733936744,0.49975362539754,-0.00185553322245363,1370.476517,1505.41294,1857.056,0.709365579,982.7333305828868
248,129.952,0.709051031877424,0.499689005578807,259.904,2019_kk_088,Kusko,2019,0.709111754693805,0.497606217695436,-0.00214740770210431,1370.476517,1505.41294,1857.056,0.709365579,982.7333305828868
249,130.476,0.712019943040928,0.491738448870112,260.952,2019_kk_088,Kusko,2019,0.709131046803248,0.495436378686416,-0.00216983900902012,1370.476517,1505.41294,1857.056,0.709365579,982.7333305828868
250,131,0.708222698148477,0.489773879559311,262,2019_kk_088,Kusko,2019,0.709125732931237,0.493278859080138,-0.0021575196062783,1370.476517,1505.41294,1857.056,0.709365579,982.7333305828868
251,131.524,0.708555840090888,0.485852988685345,263.048,2019_kk_088,Kusko,2019,0.70912931944946,0.491000635859328,-0.00227822322080967,1370.476517,1505.41294,1857.056,0.709365579,982.7333305828868
252,132.048,0.709696016937438,0.486303616667167,264.096,2019_kk_088,Kusko,2019,0.709156606441395,0.488715208747296,-0.00228542711203178,1370.476517,1505.41294,1857.056,0.709365579,982.7333305828868
253,132.572,0.708707307260551,0.501750928793053,265.144,2019_kk_088,Kusko,2019,0.709116150112946,0.486345795431371,-0.00236941331592522,1370.476517,1505.41294,1857.056,0.709365579,982.7333305828868
254,133.096,0.708458850998087,0.497443203665122,266.192,2019_kk_088,Kusko,2019,0.709127799060993,0.483906660290813,-0.00243913514055838,1370.476517,1505.41294,1857.056,0.709365579,982.7333305828868
255,133.62,0.711715251406317,0.50120332658129,267.24,2019_kk_088,Kusko,2019,0.709088041387927,0.481412230377525,-0.00249442991328819,1370.476517,1505.41294,1857.056,0.709365579,982.7333305828868
256,134.144,0.709184981908498,0.499206383492541,268.288,2019_kk_088,Kusko,2019,0.709110757224289,0.478966914750856,-0.002445315626669,1370.476517,1505.41294,1857.056,0.709365579,982.7333305828868
257,134.668,0.711292527657718,0.488240571462362,269.336,2019_kk_088,Kusko,2019,0.709147921638083,0.476489868666572,-0.00247704608428384,1370.476517,1505.41294,1857.056,0.709365579,982.7333305828868
258,135.192,0.708731044143018,0.476068077877699,270.384,2019_kk_088,Kusko,2019,0.70917919515418,0.473839431900409,-0.00265043676616245,1370.476517,1505.41294,1857.056,0.709365579,982.7333305828868
259,135.716,0.709967988735736,0.465350040600582,271.432,2019_kk_088,Kusko,2019,0.709195356612603,0.471289413705347,-0.00255001819506229,1370.476517,1505.41294,1857.056,0.709365579,982.7333305828868
260,136.24,0.707326086082776,0.462203806222733,272.48,2019_kk_088,Kusko,2019,0.709192624682339,0.468654009633864,-0.00263540407148272,1370.476517,1505.41294,1857.056,0.709365579,982.7333305828868
261,136.764,0.709653849198543,0.454047018586322,273.528,2019_kk_088,Kusko,2019,0.709227871152403,0.465903898734434,-0.00275011089943061,1370.476517,1505.41294,1857.056,0.709365579,982.7333305828868
262,137.288,0.710390014696912,0.451330678032994,274.576,2019_kk_088,Kusko,2019,0.709191551563829,0.463150218364664,-0.00275368036976942,1370.476517,1505.41294,1857.056,0.709365579,982.7333305828868
263,137.812,0.708908707108991,0.448146021767499,275.624,2019_kk_088,Kusko,2019,0.709173392669957,0.460591762907731,-0.00255845545693312,1370.476517,1505.41294,1857.056,0.709365579,982.7333305828868
264,138.336,0.710378801430208,0.444705695179776,276.672,2019_kk_088,Kusko,2019,0.709125559964429,0.458092138002578,-0.00249962490515326,1370.476517,1505.41294,1857.056,0.709365579,982.7333305828868
265,138.86,0.709934265633218,0.439208905943785,277.72,2019_kk_088,Kusko,2019,0.709118245629885,0.455377717400051,-0.00271442060252675,1370.476517,1505.41294,1857.056,0.709365579,982.7333305828868
266,139.384,0.70693329556689,0.442597967108699,278.768,2019_kk_088,Kusko,2019,0.70912311441094,0.452735520401546,-0.00264219699850532,1370.476517,1505.41294,1857.056,0.709365579,982.7333305828868
267,139.908,0.710704199940282,0.450038151004168,279.816,2019_kk_088,Kusko,2019,0.70913605769467,0.450056238395586,-0.00267928200595968,1370.476517,1505.41294,1857.056,0.709365579,982.7333305828868
268,140.432,0.708961195893504,0.444639924815507,280.864,2019_kk_088,Kusko,2019,0.70912466456308,0.447147418284308,-0.0029088201112783,1370.476517,1505.41294,1857.056,0.709365579,982.7333305828868
269,140.956,0.70899844926886,0.437221317496114,281.912,2019_kk_088,Kusko,2019,0.709161522588189,0.444319929443123,-0.00282748884118483,1370.476517,1505.41294,1857.056,0.709365579,982.7333305828868
270,141.48,0.708910775373654,0.432723226452335,282.96,2019_kk_088,Kusko,2019,0.709138758811793,0.441560021646412,-0.00275990779671137,1370.476517,1505.41294,1857.056,0.709365579,982.7333305828868
271,142.004,0.708966332857269,0.431441496630173,284.008,2019_kk_088,Kusko,2019,0.70917070770804,0.438943339153201,-0.00261668249321084,1370.476517,1505.41294,1857.056,0.709365579,982.7333305828868
272,142.528,0.710704296132858,0.43812696503445703,285.056,2019_kk_088,Kusko,2019,0.709146298108162,0.436524001514444,-0.00241933763875685,1370.476517,1505.41294,1857.056,0.709365579,982.7333305828868
273,143.052,0.708870672814051,0.428991178393067,286.104,2019_kk_088,Kusko,2019,0.709156632764833,0.433877190664725,-0.00264681084971891,1370.476517,1505.41294,1857.056,0.709365579,982.7333305828868
274,143.576,0.709187636088119,0.426289553376928,287.152,2019_kk_088,Kusko,2019,0.70914226024046,0.43117541748537,-0.00270177317935444,1370.476517,1505.41294,1857.056,0.709365579,982.7333305828868
275,144.1,0.709985612132105,0.432289387026917,288.2,2019_kk_088,Kusko,2019,0.709142275178517,0.42845079823697,-0.00272461924840089,1370.476517,1505.41294,1857.056,0.709365579,982.7333305828868
276,144.624,0.708877762187737,0.438174375543945,289.248,2019_kk_088,Kusko,2019,0.709155165511621,0.425753101392066,-0.00269769684490317,1370.476517,1505.41294,1857.056,0.709365579,982.7333305828868
277,145.148,0.711854439825097,0.431121420286689,290.296,2019_kk_088,Kusko,2019,0.709126756043659,0.423054127220968,-0.00269897417109888,1370.476517,1505.41294,1857.056,0.709365579,982.7333305828868
278,145.672,0.706879740820315,0.420462814499161,291.344,2019_kk_088,Kusko,2019,0.70908620790116,0.420428821034689,-0.00262530618627849,1370.476517,1505.41294,1857.056,0.709365579,982.7333305828868
279,146.196,0.709355812111968,0.41690677057693,292.392,2019_kk_088,Kusko,2019,0.709031543012917,0.417750032359298,-0.00267878867539101,1370.476517,1505.41294,1857.056,0.709365579,982.7333305828868
280,146.72,0.708191795909751,0.414914126473324,293.44,2019_kk_088,Kusko,2019,0.709022177042475,0.41510702993723,-0.00264300242206811,1370.476517,1505.41294,1857.056,0.709365579,982.7333305828868
281,147.244,0.708274771079097,0.40954547532505,294.488,2019_kk_088,Kusko,2019,0.709049447992699,0.412486582984693,-0.00262044695253738,1370.476517,1505.41294,1857.056,0.709365579,982.7333305828868
282,147.768,0.710301185474916,0.41330361610806,295.536,2019_kk_088,Kusko,2019,0.709122147391764,0.40985961041739,-0.0026269725673026,1370.476517,1505.41294,1857.056,0.709365579,982.7333305828868
283,148.292,0.707217433205732,0.411013102384038,296.584,2019_kk_088,Kusko,2019,0.709142318768827,0.406847200749488,-0.00301240966790178,1370.476517,1505.41294,1857.056,0.709365579,982.7333305828868
284,148.816,0.709409994862146,0.405740671603072,297.632,2019_kk_088,Kusko,2019,0.709176692486485,0.403904187741686,-0.00294301300780214,1370.476517,1505.41294,1857.056,0.709365579,982.7333305828868
285,149.34,0.709390064615596,0.40272053122069,298.68,2019_kk_088,Kusko,2019,0.70914871298716,0.400842277740998,-0.0030619100006879,1370.476517,1505.41294,1857.056,0.709365579,982.7333305828868
286,149.864,0.7072847441711,0.409389958999848,299.728,2019_kk_088,Kusko,2019,0.709189615826279,0.397810961619523,-0.00303131612147506,1370.476517,1505.41294,1857.056,0.709365579,982.7333305828868
287,150.388,0.710075143427984,0.40542358948834,300.776,2019_kk_088,Kusko,2019,0.709133295938472,0.394981121865914,-0.00282983975360945,1370.476517,1505.41294,1857.056,0.709365579,982.7333305828868
288,150.912,0.713198228418508,0.399629146955897,301.824,2019_kk_088,Kusko,2019,0.709102709359122,0.392246459098677,-0.00273466276723655,1370.476517,1505.41294,1857.056,0.709365579,982.7333305828868
289,151.436,0.708679590361898,0.404285525659109,302.872,2019_kk_088,Kusko,2019,0.709159001453802,0.389712963529403,-0.00253349556927418,1370.476517,1505.41294,1857.056,0.709365579,982.7333305828868
290,151.96,0.708219573324224,0.394566964571679,303.92,2019_kk_088,Kusko,2019,0.709160472612706,0.387127372765971,-0.00258559076343234,1370.476517,1505.41294,1857.056,0.709365579,982.7333305828868
291,152.484,0.709653845079442,0.388373914189395,304.968,2019_kk_088,Kusko,2019,0.709113309032519,0.384734656828161,-0.0023927159378097102,1370.476517,1505.41294,1857.056,0.709365579,982.7333305828868
292,153.008,0.70752923343431,0.383765599577848,306.016,2019_kk_088,Kusko,2019,0.709016067230448,0.382300798278651,-0.00243385854950995,1370.476517,1505.41294,1857.056,0.709365579,982.7333305828868
293,153.532,0.706553338286977,0.389851832621238,307.064,2019_kk_088,Kusko,2019,0.708998593871347,0.379787869697218,-0.00251292858143315,1370.476517,1505.41294,1857.056,0.709365579,982.7333305828868
294,154.056,0.708753917688706,0.39083955129481,308.112,2019_kk_088,Kusko,2019,0.708992478187257,0.377370416441969,-0.00241745325524834,1370.476517,1505.41294,1857.056,0.709365579,982.7333305828868
295,154.58,0.707981536646862,0.381612010279195,309.16,2019_kk_088,Kusko,2019,0.708989641469011,0.374973830038067,-0.00239658640390267,1370.476517,1505.41294,1857.056,0.709365579,982.7333305828868
296,155.104,0.709062120302661,0.38063810607641,310.208,2019_kk_088,Kusko,2019,0.709059352252238,0.372496763841454,-0.00247706619661309,1370.476517,1505.41294,1857.056,0.709365579,982.7333305828868
297,155.628,0.709716232998687,0.37997997437827,311.256,2019_kk_088,Kusko,2019,0.709001176703476,0.369889300600905,-0.00260746324054856,1370.476517,1505.41294,1857.056,0.709365579,982.7333305828868
298,156.152,0.707491671737571,0.371355570682951,312.304,2019_kk_088,Kusko,2019,0.708998709552017,0.367264154089281,-0.00262514651162443,1370.476517,1505.41294,1857.056,0.709365579,982.7333305828868
299,156.676,0.712673256163031,0.363255188523501,313.352,2019_kk_088,Kusko,2019,0.709017904398649,0.364763012652381,-0.00250114143689978,1370.476517,1505.41294,1857.056,0.709365579,982.7333305828868
300,157.2,0.708108170956837,0.357032274118358,314.4,2019_kk_088,Kusko,2019,0.709022394364204,0.362387297562595,-0.0023757150897864,1370.476517,1505.41294,1857.056,0.709365579,982.7333305828868
301,157.724,0.708795717049921,0.3601569564762,315.448,2019_kk_088,Kusko,2019,0.709016603248189,0.36003723912284,-0.00235005843975461,1370.476517,1505.41294,1857.056,0.709365579,982.7333305828868
302,158.248,0.706959935380975,0.365203988522905,316.496,2019_kk_088,Kusko,2019,0.709004868009663,0.357671532015685,-0.00236570710715489,1370.476517,1505.41294,1857.056,0.709365579,982.7333305828868
303,158.772,0.708915789380628,0.355930958740152,317.544,2019_kk_088,Kusko,2019,0.709017285801392,0.355476244358882,-0.00219528765680271,1370.476517,1505.41294,1857.056,0.709365579,982.7333305828868
304,159.296,0.708480697898632,0.351198997478009,318.592,2019_kk_088,Kusko,2019,0.708976342894429,0.353340828320159,-0.00213541603872347,1370.476517,1505.41294,1857.056,0.709365579,982.7333305828868
305,159.82,0.709321936764414,0.350709558723757,319.64,2019_kk_088,Kusko,2019,0.708953484844901,0.351088079405271,-0.0022527489148883,1370.476517,1505.41294,1857.056,0.709365579,982.7333305828868
306,160.344,0.708650314114323,0.345837718405396,320.688,2019_kk_088,Kusko,2019,0.708956855440416,0.348785410582498,-0.00230266882277302,1370.476517,1505.41294,1857.056,0.709365579,982.7333305828868
307,160.868,0.707329696516147,0.343685578568959,321.736,2019_kk_088,Kusko,2019,0.708899143836365,0.346572683540008,-0.00221272704248937,1370.476517,1505.41294,1857.056,0.709365579,982.7333305828868
308,161.392,0.706618143327483,0.342170634402096,322.784,2019_kk_088,Kusko,2019,0.708913904802757,0.344501474145976,-0.00207120939403177,1370.476517,1505.41294,1857.056,0.709365579,982.7333305828868
309,161.916,0.708740049746403,0.331011128346651,323.832,2019_kk_088,Kusko,2019,0.70892272182773,0.34251713422506,-0.00198433992091618,1370.476517,1505.41294,1857.056,0.709365579,982.7333305828868
310,162.44,0.707660739921927,0.331193734235222,324.88,2019_kk_088,Kusko,2019,0.708916055552944,0.340455149511756,-0.0020619847133041,1370.476517,1505.41294,1857.056,0.709365579,982.7333305828868
311,162.964,0.710192097104353,0.328626171533102,325.928,2019_kk_088,Kusko,2019,0.70894911184562,0.33846897028133,-0.00198617923042604,1370.476517,1505.41294,1857.056,0.709365579,982.7333305828868
312,163.488,0.714057980881286,0.328685262629011,326.976,2019_kk_088,Kusko,2019,0.708897286970549,0.336453054971171,-0.00201591531015916,1370.476517,1505.41294,1857.056,0.709365579,982.7333305828868
313,164.012,0.709917589884382,0.321006348718947,328.024,2019_kk_088,Kusko,2019,0.708972801908261,0.33457127461815,-0.00188178035302095,1370.476517,1505.41294,1857.056,0.709365579,982.7333305828868
314,164.536,0.71052127405752,0.320862423196992,329.072,2019_kk_088,Kusko,2019,0.708979785723101,0.332865834745302,-0.00170543987284788,1370.476517,1505.41294,1857.056,0.709365579,982.7333305828868
315,165.06,0.710036481446867,0.317488726540017,330.12,2019_kk_088,Kusko,2019,0.70902960385619,0.331247429404565,-0.00161840534073721,1370.476517,1505.41294,1857.056,0.709365579,982.7333305828868
316,165.584,0.711639152255602,0.317327416204035,331.168,2019_kk_088,Kusko,2019,0.709035919262904,0.329526155883169,-0.00172127352139612,1370.476517,1505.41294,1857.056,0.709365579,982.7333305828868
317,166.108,0.707913334389301,0.318450186245798,332.216,2019_kk_088,Kusko,2019,0.709000095144049,0.327863214393122,-0.00166294149004709,1370.476517,1505.41294,1857.056,0.709365579,982.7333305828868
318,166.632,0.706895849382005,0.311988311843504,333.264,2019_kk_088,Kusko,2019,0.708883094783105,0.326335085363038,-0.00152812903008404,1370.476517,1505.41294,1857.056,0.709365579,982.7333305828868
319,167.156,0.713345514416524,0.313340306444132,334.312,2019_kk_088,Kusko,2019,0.70890969747641,0.324698735321899,-0.00163635004113816,1370.476517,1505.41294,1857.056,0.709365579,982.7333305828868
320,167.68,0.707414355617025,0.307068360416794,335.36,2019_kk_088,Kusko,2019,0.708905256837222,0.323191240951953,-0.00150749436994663,1370.476517,1505.41294,1857.056,0.709365579,982.7333305828868
321,168.204,0.706824034387307,0.310484062317739,336.408,2019_kk_088,Kusko,2019,0.708896363522571,0.321766226333661,-0.00142501461829136,1370.476517,1505.41294,1857.056,0.709365579,982.7333305828868
322,168.728,0.704555506572699,0.305299165062396,337.456,2019_kk_088,Kusko,2019,0.708861909097191,0.320483569450789,-0.00128265688287271,1370.476517,1505.41294,1857.056,0.709365579,982.7333305828868
323,169.252,0.707860305562936,0.297370306881512,338.504,2019_kk_088,Kusko,2019,0.708891237598419,0.319118573405892,-0.00136499604489648,1370.476517,1505.41294,1857.056,0.709365579,982.7333305828868
324,169.776,0.710011860384815,0.299658499864873,339.552,2019_kk_088,Kusko,2019,0.7089122579796,0.317646410923318,-0.0014721624825742,1370.476517,1505.41294,1857.056,0.709365579,982.7333305828868
325,170.3,0.709764062538453,0.295413721709627,340.6,2019_kk_088,Kusko,2019,0.708906555967913,0.316314196836114,-0.00133221408720402,1370.476517,1505.41294,1857.056,0.709365579,982.7333305828868
326,170.824,0.711115942560493,0.293973995311911,341.648,2019_kk_088,Kusko,2019,0.708916157956653,0.314974239936512,-0.00133995689960198,1370.476517,1505.41294,1857.056,0.709365579,982.7333305828868
327,171.348,0.707213667014558,0.293590356571257,342.696,2019_kk_088,Kusko,2019,0.708931570257907,0.313705126175219,-0.00126911376129335,1370.476517,1505.41294,1857.056,0.709365579,982.7333305828868
328,171.872,0.708813166805939,0.287131134118042,343.744,2019_kk_088,Kusko,2019,0.708996009317262,0.312488514794728,-0.0012166113804904,1370.476517,1505.41294,1857.056,0.709365579,982.7333305828868
329,172.396,0.710150140066775,0.287152831282126,344.792,2019_kk_088,Kusko,2019,0.708926542123201,0.311449422719583,-0.00103909207514563,1370.476517,1505.41294,1857.056,0.709365579,982.7333305828868
330,172.92,0.709180173306971,0.290180321065154,345.84,2019_kk_088,Kusko,2019,0.708903299920479,0.31046511596659,-9.8430675299243e-4,1370.476517,1505.41294,1857.056,0.709365579,982.7333305828868
331,173.444,0.708618865896373,0.290437990244896,346.888,2019_kk_088,Kusko,2019,0.708909980938637,0.309529169909491,-9.3594605709884e-4,1370.476517,1505.41294,1857.056,0.709365579,982.7333305828868
332,173.968,0.710000181821286,0.296184538605163,347.936,2019_kk_088,Kusko,2019,0.708960438790772,0.308476831768834,-0.00105233814065753,1370.476517,1505.41294,1857.056,0.709365579,982.7333305828868
333,174.492,0.709615740317793,0.297273918984904,348.984,2019_kk_088,Kusko,2019,0.708906189366225,0.307498556463378,-9.7827530545568e-4,1370.476517,1505.41294,1857.056,0.709365579,982.7333305828868
334,175.016,0.706731061670336,0.298164591053521,350.032,2019_kk_088,Kusko,2019,0.708980246592537,0.306639839200246,-8.5871726313246e-4,1370.476517,1505.41294,1857.056,0.709365579,982.7333305828868
335,175.54,0.708614129160472,0.297124452133618,351.08,2019_kk_088,Kusko,2019,0.708975546219961,0.305833793118197,-8.0604608204903e-4,1370.476517,1505.41294,1857.056,0.709365579,982.7333305828868
336,176.064,0.709079997918637,0.300014246177566,352.128,2019_kk_088,Kusko,2019,0.708967381471253,0.305054387977306,-7.7940514089053e-4,1370.476517,1505.41294,1857.056,0.709365579,982.7333305828868
337,176.588,0.708391743582006,0.298357797737327,353.176,2019_kk_088,Kusko,2019,0.708975608183822,0.304340756191073,-7.1363178623312e-4,1370.476517,1505.41294,1857.056,0.709365579,982.7333305828868
338,177.112,0.707765398803833,0.296190250857256,354.224,2019_kk_088,Kusko,2019,0.70901836770662,0.303679605791089,-6.6115039998443e-4,1370.476517,1505.41294,1857.056,0.709365579,982.7333305828868
339,177.636,0.709884833610376,0.297846375321955,355.272,2019_kk_088,Kusko,2019,0.70901496343837,0.303306110994583,-3.7349479650516e-4,1370.476517,1505.41294,1857.056,0.709365579,982.7333305828868
340,178.16,0.707791819422584,0.291195043675079,356.32,2019_kk_088,Kusko,2019,0.709066231954344,0.302954848359028,-3.5126263555512e-4,1370.476517,1505.41294,1857.056,0.709365579,982.7333305828868
341,178.684,0.71025814863962,0.29037472149949,357.368,2019_kk_088,Kusko,2019,0.7090425392493,0.30261311048896,-3.4173787006802e-4,1370.476517,1505.41294,1857.056,0.709365579,982.7333305828868
342,179.208,0.707191692970694,0.292348697498506,358.416,2019_kk_088,Kusko,2019,0.709001474756894,0.302224289581685,-3.8882090727537e-4,1370.476517,1505.41294,1857.056,0.709365579,982.7333305828868
343,179.732,0.711748329468436,0.298106281202781,359.464,2019_kk_088,Kusko,2019,0.708983888554845,0.301993987884483,-2.3030169720195e-4,1370.476517,1505.41294,1857.056,0.709365579,982.7333305828868
344,180.256,0.70982902375256,0.303414279232199,360.512,2019_kk_088,Kusko,2019,0.708922442057487,0.301741305832768,-2.5268205171513e-4,1370.476517,1505.41294,1857.056,0.709365579,982.7333305828868
345,180.78,0.712379152600896,0.30561621077646,361.56,2019_kk_088,Kusko,2019,0.708883570308555,0.301554750735417,-1.8655509735093e-4,1370.476517,1505.41294,1857.056,0.709365579,982.7333305828868
346,181.304,0.707663668573975,0.30611354771608,362.608,2019_kk_088,Kusko,2019,0.708899564390792,0.301351433454228,-2.0331728118921e-4,1370.476517,1505.41294,1857.056,0.709365579,982.7333305828868
347,181.828,0.707925696296659,0.305647100085515,363.656,2019_kk_088,Kusko,2019,0.708914285283626,0.301102499346613,-2.4893410761506e-4,1370.476517,1505.41294,1857.056,0.709365579,982.7333305828868
348,182.352,0.706178206761856,0.307941405150854,364.704,2019_kk_088,Kusko,2019,0.708918836055114,0.301036358970646,-6.61403759669721e-5,1370.476517,1505.41294,1857.056,0.709365579,982.7333305828868
349,182.876,0.710275751960214,0.306104523190821,365.752,2019_kk_088,Kusko,2019,0.70880050671076,0.30099436482282,-4.19941478256858e-5,1370.476517,1505.41294,1857.056,0.709365579,982.7333305828868
350,183.4,0.70795313497298,0.304117302374879,366.8,2019_kk_088,Kusko,2019,0.708847000448026,0.301056523884854,6.21590620339951e-5,1370.476517,1505.41294,1857.056,0.709365579,982.7333305828868
351,183.924,0.709120246200387,0.302873037091915,367.848,2019_kk_088,Kusko,2019,0.708878566801431,0.301146358977562,8.98350927077685e-5,1370.476517,1505.41294,1857.056,0.709365579,982.7333305828868
352,184.448,0.705461967911501,0.306806186605485,368.896,2019_kk_088,Kusko,2019,0.708929312430341,0.30133274308048,1.8638410291865e-4,1370.476517,1505.41294,1857.056,0.709365579,982.7333305828868
353,184.972,0.708313048360646,0.307952069927451,369.944,2019_kk_088,Kusko,2019,0.708901945486741,0.301701475267952,3.6873218747213e-4,1370.476517,1505.41294,1857.056,0.709365579,982.7333305828868
354,185.496,0.710015140559533,0.302509802340357,370.992,2019_kk_088,Kusko,2019,0.708901810433398,0.301980099471752,2.7862420379953e-4,1370.476517,1505.41294,1857.056,0.709365579,982.7333305828868
355,186.02,0.707639415945645,0.301679165046956,372.04,2019_kk_088,Kusko,2019,0.708922356311665,0.302344883481993,3.6478401024125e-4,1370.476517,1505.41294,1857.056,0.709365579,982.7333305828868
356,186.544,0.709638239627063,0.300240692100292,373.088,2019_kk_088,Kusko,2019,0.708851415583266,0.302747512206581,4.0262872458785e-4,1370.476517,1505.41294,1857.056,0.709365579,982.7333305828868
357,187.068,0.710640971073951,0.30383314870067,374.136,2019_kk_088,Kusko,2019,0.708882788238709,0.30313794170233,3.9042949574891e-4,1370.476517,1505.41294,1857.056,0.709365579,982.7333305828868
358,187.592,0.711358015298864,0.298358887853524,375.184,2019_kk_088,Kusko,2019,0.708910828009441,0.303581519061361,0.00044357735903094003,1370.476517,1505.41294,1857.056,0.709365579,982.7333305828868
359,188.116,0.708505224519375,0.300909664014764,376.232,2019_kk_088,Kusko,2019,0.708888260049385,0.304072062864626,4.9054380326502e-4,1370.476517,1505.41294,1857.056,0.709365579,982.7333305828868
360,188.64,0.706713638793515,0.297973868938813,377.28,2019_kk_088,Kusko,2019,0.708842938783312,0.304525718964206,4.5365609958031e-4,1370.476517,1505.41294,1857.056,0.709365579,982.7333305828868
361,189.164,0.70919657813939,0.30400019305027,378.328,2019_kk_088,Kusko,2019,0.708853631887775,0.304910427924071,3.8470895986503e-4,1370.476517,1505.41294,1857.056,0.709365579,982.7333305828868
362,189.688,0.709987406509091,0.302063700083453,379.376,2019_kk_088,Kusko,2019,0.708832509438908,0.305125942252099,2.1551432802763e-4,1370.476517,1505.41294,1857.056,0.709365579,982.7333305828868
363,190.212,0.705660823907834,0.29723444041281,380.424,2019_kk_088,Kusko,2019,0.708770179863206,0.305390323646617,2.6438139451784e-4,1370.476517,1505.41294,1857.056,0.709365579,982.7333305828868
364,190.736,0.712924131477333,0.29967596169006,381.472,2019_kk_088,Kusko,2019,0.708826483191307,0.30559566643838,2.0534279176281e-4,1370.476517,1505.41294,1857.056,0.709365579,982.7333305828868
365,191.26,0.709039914409874,0.302346793800815,382.52,2019_kk_088,Kusko,2019,0.708848203159233,0.305794913335318,1.9924689693884e-4,1370.476517,1505.41294,1857.056,0.709365579,982.7333305828868
366,191.784,0.708160429191844,0.299073409951962,383.568,2019_kk_088,Kusko,2019,0.708909121276054,0.305853517749919,5.86044146004827e-5,1370.476517,1505.41294,1857.056,0.709365579,982.7333305828868
367,192.308,0.707823299270252,0.300867671394974,384.616,2019_kk_088,Kusko,2019,0.708912160722431,0.305998629931557,1.4511218163826e-4,1370.476517,1505.41294,1857.056,0.709365579,982.7333305828868
368,192.832,0.709183714695386,0.30250161040303303,385.664,2019_kk_088,Kusko,2019,0.708955241560123,0.306182960934136,1.8433100257908e-4,1370.476517,1505.41294,1857.056,0.709365579,982.7333305828868
369,193.356,0.708535793651388,0.308601440556338,386.712,2019_kk_088,Kusko,2019,0.708977777416789,0.306347880133362,1.6491919922534e-4,1370.476517,1505.41294,1857.056,0.709365579,982.7333305828868
370,193.88,0.710736850880387,0.310117976101913,387.76,2019_kk_088,Kusko,2019,0.709075481178101,0.30670901056992,3.6113043655838e-4,1370.476517,1505.41294,1857.056,0.709365579,982.7333305828868
371,194.404,0.708770534801694,0.308121899329019,388.808,2019_kk_088,Kusko,2019,0.709034337383103,0.307080555213988,3.7154464406796e-4,1370.476517,1505.41294,1857.056,0.709365579,982.7333305828868
372,194.928,0.711594111336958,0.305356008192489,389.856,2019_kk_088,Kusko,2019,0.709048859103415,0.307381651141004,3.0109592701549e-4,1370.476517,1505.41294,1857.056,0.709365579,982.7333305828868
373,195.452,0.708862417761422,0.307188246886827,390.904,2019_kk_088,Kusko,2019,0.708971114913134,0.307530800169867,1.4914902886353e-4,1370.476517,1505.41294,1857.056,0.709365579,982.7333305828868
374,195.976,0.706834484216019,0.305701500094084,391.952,2019_kk_088,Kusko,2019,0.708927366099928,0.307520923610047,-9.87655982009894e-6,1370.476517,1505.41294,1857.056,0.709365579,982.7333305828868
375,196.5,0.707704176510948,0.306295420698958,393,2019_kk_088,Kusko,2019,0.70887315283802,0.307431127239412,-8.9796370634776e-5,1370.476517,1505.41294,1857.056,0.709365579,982.7333305828868
376,197.024,0.712598797189827,0.305128379332685,394.048,2019_kk_088,Kusko,2019,0.708897559428842,0.307264238414241,-1.6688882517101e-4,1370.476517,1505.41294,1857.056,0.709365579,982.7333305828868
377,197.548,0.708796587959327,0.303514139788896,395.096,2019_kk_088,Kusko,2019,0.70896690207856,0.307211941016306,-5.22973979356078e-5,1370.476517,1505.41294,1857.056,0.709365579,982.7333305828868
378,198.072,0.707168895671329,0.308019889285483,396.144,2019_kk_088,Kusko,2019,0.709004058841495,0.307133369212644,-7.85718036619976e-5,1370.476517,1505.41294,1857.056,0.709365579,982.7333305828868
379,198.596,0.706245753755272,0.310820657574591,397.192,2019_kk_088,Kusko,2019,0.708917399066321,0.307121914276479,-1.14549361642791e-5,1370.476517,1505.41294,1857.056,0.709365579,982.7333305828868
380,199.12,0.710203979852981,0.310797904138834,398.24,2019_kk_088,Kusko,2019,0.708997170448801,0.307139088892089,1.71746156101826e-5,1370.476517,1505.41294,1857.056,0.709365579,982.7333305828868
381,199.644,0.708718015591599,0.315874167880206,399.288,2019_kk_088,Kusko,2019,0.709020806326213,0.307123357258489,-1.57316336000801e-5,1370.476517,1505.41294,1857.056,0.709365579,982.7333305828868
382,200.168,0.707600244307311,0.316482211237514,400.336,2019_kk_088,Kusko,2019,0.70912649607582,0.307029649891485,-9.37073670048139e-5,1370.476517,1505.41294,1857.056,0.709365579,982.7333305828868
383,200.692,0.706218288946915,0.319494238129839,401.384,2019_kk_088,Kusko,2019,0.709126214085251,0.306901354033265,-1.2829585821921e-4,1370.476517,1505.41294,1857.056,0.709365579,982.7333305828868
384,201.216,0.71000375718423,0.316375952092844,402.432,2019_kk_088,Kusko,2019,0.709115825689201,0.30704022010403,1.3886607076463e-4,1370.476517,1505.41294,1857.056,0.709365579,982.7333305828868
385,201.74,0.710996815234485,0.317300762324104,403.48,2019_kk_088,Kusko,2019,0.70916037882612,0.307061483780902,2.12636768716079e-5,1370.476517,1505.41294,1857.056,0.709365579,982.7333305828868
386,202.264,0.706859498856597,0.318131718787178,404.528,2019_kk_088,Kusko,2019,0.709155673025892,0.307048847783903,-1.26359969981338e-5,1370.476517,1505.41294,1857.056,0.709365579,982.7333305828868
387,202.788,0.709096026341137,0.317016126316194,405.576,2019_kk_088,Kusko,2019,0.709158184272611,0.307027652187097,-2.11955968062449e-5,1370.476517,1505.41294,1857.056,0.709365579,982.7333305828868
388,203.312,0.710495553049833,0.313745775659895,406.624,2019_kk_088,Kusko,2019,0.709124533893338,0.307063958019047,3.63058319498011e-5,1370.476517,1505.41294,1857.056,0.709365579,982.7333305828868
389,203.836,0.70879606246339,0.316585459478029,407.672,2019_kk_088,Kusko,2019,0.709124476866361,0.307049129753567,-1.48282654795495e-5,1370.476517,1505.41294,1857.056,0.709365579,982.7333305828868
390,204.36,0.7064608973426,0.317399687039972,408.72,2019_kk_088,Kusko,2019,0.70912165211708,0.306953267974553,-9.5861779014661e-5,1370.476517,1505.41294,1857.056,0.709365579,982.7333305828868
391,204.884,0.7092604521642,0.313520527836795,409.768,2019_kk_088,Kusko,2019,0.709145693332424,0.306805999225281,-1.4726874927223e-4,1370.476517,1505.41294,1857.056,0.709365579,982.7333305828868
392,205.408,0.70873283488921,0.309115398286823,410.816,2019_kk_088,Kusko,2019,0.709157751023967,0.306632967752417,-1.7303147286329e-4,1370.476517,1505.41294,1857.056,0.709365579,982.7333305828868
393,205.932,0.705875965775712,0.313136802655974,411.864,2019_kk_088,Kusko,2019,0.709260691049658,0.30649827154154,-1.3469621087736e-4,1370.476517,1505.41294,1857.056,0.709365579,982.7333305828868
394,206.456,0.710109261356402,0.310485158559292,412.912,2019_kk_088,Kusko,2019,0.709203833478548,0.306301073886876,-1.9719765466397e-4,1370.476517,1505.41294,1857.056,0.709365579,982.7333305828868
395,206.98,0.709917327236046,0.309079265949949,413.96,2019_kk_088,Kusko,2019,0.709241080107637,0.30608472989843,-2.1634398844611e-4,1370.476517,1505.41294,1857.056,0.709365579,982.7333305828868
396,207.504,0.712735084927873,0.303530511053592,415.008,2019_kk_088,Kusko,2019,0.709288794123687,0.305886284123233,-1.9844577519723e-4,1370.476517,1505.41294,1857.056,0.709365579,982.7333305828868
397,208.028,0.708574110364628,0.307064528635623,416.056,2019_kk_088,Kusko,2019,0.709322512005296,0.305646546151783,-2.3973797144966e-4,1370.476517,1505.41294,1857.056,0.709365579,982.7333305828868
398,208.552,0.710350249065358,0.307250111012002,417.104,2019_kk_088,Kusko,2019,0.709350902512372,0.305394607446804,-2.5193870497863e-4,1370.476517,1505.41294,1857.056,0.709365579,982.7333305828868
399,209.076,0.7112369850103,0.307741527275476,418.152,2019_kk_088,Kusko,2019,0.709397983896526,0.30496327436107,-4.3133308573434e-4,1370.476517,1505.41294,1857.056,0.709365579,982.7333305828868
400,209.6,0.71365404510132,0.312862869868583,419.2,2019_kk_088,Kusko,2019,0.709350743052803,0.304491981552622,-4.7129280844765e-4,1370.476517,1505.41294,1857.056,0.709365579,982.7333305828868
401,210.124,0.707789520939748,0.31266740014357,420.248,2019_kk_088,Kusko,2019,0.709331104720037,0.304115670092515,-3.7631146010774e-4,1370.476517,1505.41294,1857.056,0.709365579,982.7333305828868
402,210.648,0.708062996189386,0.310414453119433,421.296,2019_kk_088,Kusko,2019,0.709261121999857,0.303761859164519,-3.5381092799585e-4,1370.476517,1505.41294,1857.056,0.709365579,982.7333305828868
403,211.172,0.707083678051629,0.307055222934593,422.344,2019_kk_088,Kusko,2019,0.709264100802846,0.303338705658442,-4.2315350607652e-4,1370.476517,1505.41294,1857.056,0.709365579,982.7333305828868
404,211.696,0.707204094960192,0.302821685642992,423.392,2019_kk_088,Kusko,2019,0.709302548622409,0.302956101818364,-3.8260384007848e-4,1370.476517,1505.41294,1857.056,0.709365579,982.7333305828868
405,212.22,0.709126356886426,0.300228428538376,424.44,2019_kk_088,Kusko,2019,0.709329495691669,0.302579604193744,-3.7649762461938e-4,1370.476517,1505.41294,1857.056,0.709365579,982.7333305828868
406,212.744,0.709128064023258,0.296100218205819,425.488,2019_kk_088,Kusko,2019,0.709278428645486,0.302241285328515,-3.3831886522905e-4,1370.476517,1505.41294,1857.056,0.709365579,982.7333305828868
407,213.268,0.712086255279719,0.30250925620938,426.536,2019_kk_088,Kusko,2019,0.709319256212783,0.301901665061849,-3.39620266666e-4,1370.476517,1505.41294,1857.056,0.709365579,982.7333305828868
408,213.792,0.708407612538004,0.303227096931134,427.584,2019_kk_088,Kusko,2019,0.709363292171815,0.301479005212196,-4.2265984965322e-4,1370.476517,1505.41294,1857.056,0.709365579,982.7333305828868
409,214.316,0.705076165449735,0.305417227020967,428.632,2019_kk_088,Kusko,2019,0.709404798734174,0.300975268526816,-5.037366853795e-4,1370.476517,1505.41294,1857.056,0.709365579,982.7333305828868
410,214.84,0.712739417921803,0.305147779311488,429.68,2019_kk_088,Kusko,2019,0.709371506708578,0.300467046113546,-5.0822241327069e-4,1370.476517,1505.41294,1857.056,0.709365579,982.7333305828868
411,215.364,0.710538398845093,0.301929139075909,430.728,2019_kk_088,Kusko,2019,0.709421649657236,0.299816448937519,-6.5059717602711e-4,1370.476517,1505.41294,1857.056,0.709365579,982.7333305828868
412,215.888,0.711803352887939,0.301183744585194,431.776,2019_kk_088,Kusko,2019,0.70940439839065506,0.29924782161165697,-5.6862732586165e-4,1370.476517,1505.41294,1857.056,0.709365579,982.7333305828868
413,216.412,0.708296128926492,0.300254318434295,432.824,2019_kk_088,Kusko,2019,0.709451887044332,0.298471443290012,-7.7637832164467e-4,1370.476517,1505.41294,1857.056,0.709365579,982.7333305828868
414,216.936,0.709391836796541,0.310841766586235,433.872,2019_kk_088,Kusko,2019,0.709453353147199,0.297770661177951,-7.0078211206098e-4,1370.476517,1505.41294,1857.056,0.709365579,982.7333305828868
415,217.46,0.710312604160769,0.302954985659253,434.92,2019_kk_088,Kusko,2019,0.709467203016052,0.297090188256874,-6.8047292107714e-4,1370.476517,1505.41294,1857.056,0.709365579,982.7333305828868
416,217.984,0.709355891613414,0.299482532280406,435.968,2019_kk_088,Kusko,2019,0.709549180871367,0.296339030854343,-7.5115740253112e-4,1370.476517,1505.41294,1857.056,0.709365579,982.7333305828868
417,218.508,0.710791645877063,0.302561412892295,437.016,2019_kk_088,Kusko,2019,0.70948212090187,0.295607227943892,-7.3180291045121e-4,1370.476517,1505.41294,1857.056,0.709365579,982.7333305828868
418,219.032,0.709338992542523,0.300537237770512,438.064,2019_kk_088,Kusko,2019,0.709478957281831,0.294961173845106,-6.4605409878565e-4,1370.476517,1505.41294,1857.056,0.709365579,982.7333305828868
419,219.556,0.708501802900713,0.300019968085989,439.112,2019_kk_088,Kusko,2019,0.709513953869264,0.294277232681328,-6.839411637784e-4,1370.476517,1505.41294,1857.056,0.709365579,982.7333305828868
420,220.08,0.706544153836696,0.292222162197933,440.16,2019_kk_088,Kusko,2019,0.709581907120526,0.29353588937443,-7.413433068979e-4,1370.476517,1505.41294,1857.056,0.709365579,982.7333305828868
421,220.604,0.71063905106,0.295164068093935,441.208,2019_kk_088,Kusko,2019,0.709550108910176,0.292869576622821,-6.6631275160911e-4,1370.476517,1505.41294,1857.056,0.709365579,982.7333305828868
422,221.128,0.71071086800169,0.291681811711656,442.256,2019_kk_088,Kusko,2019,0.709577469861875,0.292249599235883,-6.199773869378e-4,1370.476517,1505.41294,1857.056,0.709365579,982.7333305828868
423,221.652,0.711837225449277,0.28915266776017,443.304,2019_kk_088,Kusko,2019,0.70962862149122,0.291582097238285,-6.6750199759829e-4,1370.476517,1505.41294,1857.056,0.709365579,982.7333305828868
424,222.176,0.709512677210728,0.287844102410223,444.352,2019_kk_088,Kusko,2019,0.709661623473581,0.290934702334252,-6.4739490403226e-4,1370.476517,1505.41294,1857.056,0.709365579,982.7333305828868
425,222.7,0.711274712155211,0.289366154494048,445.4,2019_kk_088,Kusko,2019,0.709644686300425,0.290291307722868,-6.4339461138435e-4,1370.476517,1505.41294,1857.056,0.709365579,982.7333305828868
426,223.224,0.711023270154849,0.287166663440128,446.448,2019_kk_088,Kusko,2019,0.709610569017035,0.289797093703717,-4.9421401915067e-4,1370.476517,1505.41294,1857.056,0.709365579,982.7333305828868
427,223.748,0.709846372166783,0.286483393107996,447.496,2019_kk_088,Kusko,2019,0.709648221744819,0.289192269664802,-6.0482403891543e-4,1370.476517,1505.41294,1857.056,0.709365579,982.7333305828868
428,224.272,0.710887145119973,0.287385288104313,448.544,2019_kk_088,Kusko,2019,0.70961749825286,0.288609550612652,-5.8271905215023e-4,1370.476517,1505.41294,1857.056,0.709365579,982.7333305828868
429,224.796,0.711360676700612,0.282721455412281,449.592,2019_kk_088,Kusko,2019,0.709615684106459,0.287975124727165,-6.3442588548651e-4,1370.476517,1505.41294,1857.056,0.709365579,982.7333305828868
430,225.32,0.707902400257028,0.281840407595055,450.64,2019_kk_088,Kusko,2019,0.709526541468478,0.287272975410067,-7.02149317098e-4,1370.476517,1505.41294,1857.056,0.709365579,982.7333305828868
431,225.844,0.707592234835749,0.285543211722554,451.688,2019_kk_088,Kusko,2019,0.709563336036797,0.286601966997746,-6.7100841232092e-4,1370.476517,1505.41294,1857.056,0.709365579,982.7333305828868
432,226.368,0.707395148126118,0.284127352512736,452.736,2019_kk_088,Kusko,2019,0.709578974875672,0.285884524834815,-7.1744216293168e-4,1370.476517,1505.41294,1857.056,0.709365579,982.7333305828868
433,226.892,0.709041145940752,0.281799036522237,453.784,2019_kk_088,Kusko,2019,0.709563663111095,0.285267005046817,-6.1751978799734e-4,1370.476517,1505.41294,1857.056,0.709365579,982.7333305828868
434,227.416,0.709141353389831,0.282745269689375,454.832,2019_kk_088,Kusko,2019,0.709588084658428,0.284703520745594,-5.6348430122354e-4,1370.476517,1505.41294,1857.056,0.709365579,982.7333305828868
435,227.94,0.709321000666532,0.283705563221794,455.88,2019_kk_088,Kusko,2019,0.709573853220322,0.28419056289564,-5.1295784995397e-4,1370.476517,1505.41294,1857.056,0.709365579,982.7333305828868
436,228.464,0.709534774418827,0.284829247418945,456.928,2019_kk_088,Kusko,2019,0.709544829748874,0.283725649947261,-4.6491294837908e-4,1370.476517,1505.41294,1857.056,0.709365579,982.7333305828868
437,228.988,0.711246241997149,0.283136923788934,457.976,2019_kk_088,Kusko,2019,0.709541819403846,0.283169082036099,-5.565679111617e-4,1370.476517,1505.41294,1857.056,0.709365579,982.7333305828868
438,229.512,0.709811053213276,0.28266029830629,459.024,2019_kk_088,Kusko,2019,0.709649903685712,0.282552938154301,-6.1614388179831e-4,1370.476517,1505.41294,1857.056,0.709365579,982.7333305828868
439,230.036,0.708736147496802,0.28059645645182,460.072,2019_kk_088,Kusko,2019,0.709754105795348,0.28192029720448,-6.3264094982029e-4,1370.476517,1505.41294,1857.056,0.709365579,982.7333305828868
440,230.56,0.708206458317242,0.280304559342591,461.12,2019_kk_088,Kusko,2019,0.709717632388412,0.281273036978112,-6.4726022636885e-4,1370.476517,1505.41294,1857.056,0.709365579,982.7333305828868
441,231.084,0.711726592511094,0.276838337318581,462.168,2019_kk_088,Kusko,2019,0.709600802911662,0.28068367272286,-5.8936425525113e-4,1370.476517,1505.41294,1857.056,0.709365579,982.7333305828868
442,231.608,0.706565168312401,0.282364571685817,463.216,2019_kk_088,Kusko,2019,0.709586905008496,0.280138867376474,-5.4480534638623e-4,1370.476517,1505.41294,1857.056,0.709365579,982.7333305828868
443,232.132,0.709067608167547,0.27291153883116,464.264,2019_kk_088,Kusko,2019,0.709599952163904,0.27964767691871,-4.9119045776452e-4,1370.476517,1505.41294,1857.056,0.709365579,982.7333305828868
444,232.656,0.710091723356251,0.274329025369184,465.312,2019_kk_088,Kusko,2019,0.709532769712457,0.27894947939939,-6.9819751931971e-4,1370.476517,1505.41294,1857.056,0.709365579,982.7333305828868
445,233.18,0.71182780736569,0.276472387059476,466.36,2019_kk_088,Kusko,2019,0.709535405899372,0.27834922282311,-6.0025657627943e-4,1370.476517,1505.41294,1857.056,0.709365579,982.7333305828868
446,233.704,0.71177817017547,0.273062274635312,467.408,2019_kk_088,Kusko,2019,0.709537693608657,0.277866576468405,-4.8264635470562e-4,1370.476517,1505.41294,1857.056,0.709365579,982.7333305828868
447,234.228,0.705072428171322,0.273107951689121,468.456,2019_kk_088,Kusko,2019,0.709503253674998,0.277322734350505,-5.4384211789965e-4,1370.476517,1505.41294,1857.056,0.709365579,982.7333305828868
448,234.752,0.710305735847518,0.274982529732756,469.504,2019_kk_088,Kusko,2019,0.709504608242498,0.276844087541803,-4.7864680870174e-4,1370.476517,1505.41294,1857.056,0.709365579,982.7333305828868
449,235.276,0.710895857709333,0.275548989651326,470.552,2019_kk_088,Kusko,2019,0.709529102624663,0.27637243225169,-4.7165529011394e-4,1370.476517,1505.41294,1857.056,0.709365579,982.7333305828868
450,235.8,0.710538092418316,0.2729190886261,471.6,2019_kk_088,Kusko,2019,0.709583117737127,0.276011599279383,-3.6083297230649e-4,1370.476517,1505.41294,1857.056,0.709365579,982.7333305828868
451,236.324,0.70735255954324,0.273541762740246,472.648,2019_kk_088,Kusko,2019,0.709494589492256,0.275605636566068,-4.0596271331455e-4,1370.476517,1505.41294,1857.056,0.709365579,982.7333305828868
452,236.848,0.710374491991163,0.271916755070554,473.696,2019_kk_088,Kusko,2019,0.709499608783372,0.275220443337795,-3.8519322827385e-4,1370.476517,1505.41294,1857.056,0.709365579,982.7333305828868
453,237.372,0.708945063536391,0.273086682800076,474.744,2019_kk_088,Kusko,2019,0.709435037074956,0.274830417360793,-3.900259770011e-4,1370.476517,1505.41294,1857.056,0.709365579,982.7333305828868
454,237.896,0.712089380298075,0.27164146431736,475.792,2019_kk_088,Kusko,2019,0.709374868356152,0.274519385821187,-3.1103153960698e-4,1370.476517,1505.41294,1857.056,0.709365579,982.7333305828868
455,238.42,0.708901096846643,0.270475589266886,476.84,2019_kk_088,Kusko,2019,0.709296413720229,0.274177338907789,-3.4204691339762e-4,1370.476517,1505.41294,1857.056,0.709365579,982.7333305828868
456,238.944,0.710688047924512,0.27387766990455,477.888,2019_kk_088,Kusko,2019,0.709236147483945,0.273891779213065,-2.8555969472399e-4,1370.476517,1505.41294,1857.056,0.709365579,982.7333305828868
457,239.468,0.71083327403167,0.270775086300696,478.936,2019_kk_088,Kusko,2019,0.709233397387461,0.273620364284731,-2.7141492833404e-4,1370.476517,1505.41294,1857.056,0.709365579,982.7333305828868
458,239.992,0.708506839547808,0.272286967882992,479.984,2019_kk_088,Kusko,2019,0.709233807198404,0.273385684581607,-2.3467970312379e-4,1370.476517,1505.41294,1857.056,0.709365579,982.7333305828868
459,240.516,0.711128136226209,0.269675974146286,481.032,2019_kk_088,Kusko,2019,0.709223368307915,0.273219049483311,-1.6663509829584e-4,1370.476517,1505.41294,1857.056,0.709365579,982.7333305828868
460,241.04,0.708305486822468,0.270733910842702,482.08,2019_kk_088,Kusko,2019,0.709309388886736,0.273040073555931,-1.7897592737992e-4,1370.476517,1505.41294,1857.056,0.709365579,982.7333305828868
461,241.564,0.709997195038923,0.272406895404314,483.128,2019_kk_088,Kusko,2019,0.709348045376347,0.272805976375832,-2.340971800997e-4,1370.476517,1505.41294,1857.056,0.709365579,982.7333305828868
462,242.088,0.709001326521837,0.26736792334353,484.176,2019_kk_088,Kusko,2019,0.709391677061368,0.272604630702907,-2.0134567292412e-4,1370.476517,1505.41294,1857.056,0.709365579,982.7333305828868
463,242.612,0.706164972177051,0.270004035654753,485.224,2019_kk_088,Kusko,2019,0.709374347476455,0.272429247426873,-1.7538327603422e-4,1370.476517,1505.41294,1857.056,0.709365579,982.7333305828868
464,243.136,0.708669387800186,0.269012627569581,486.272,2019_kk_088,Kusko,2019,0.709385032279844,0.272270308216394,-1.5893921047882e-4,1370.476517,1505.41294,1857.056,0.709365579,982.7333305828868
465,243.66,0.708272470600063,0.269450957541135,487.32,2019_kk_088,Kusko,2019,0.709433399932599,0.272102352524249,-1.6795569214528e-4,1370.476517,1505.41294,1857.056,0.709365579,982.7333305828868
466,244.184,0.70738665573637,0.268205441303073,488.368,2019_kk_088,Kusko,2019,0.709476573970818,0.271906966185398,-1.953863388513e-4,1370.476517,1505.41294,1857.056,0.709365579,982.7333305828868
467,244.708,0.711905634578011,0.269115181539678,489.416,2019_kk_088,Kusko,2019,0.709430205970276,0.271784872049614,-1.2209413578367e-4,1370.476517,1505.41294,1857.056,0.709365579,982.7333305828868
468,245.232,0.714892669450004,0.266258464023235,490.464,2019_kk_088,Kusko,2019,0.709377604034342,0.271735924135684,-4.89479139301752e-5,1370.476517,1505.41294,1857.056,0.709365579,982.7333305828868
469,245.756,0.711328292027863,0.267458770031751,491.512,2019_kk_088,Kusko,2019,0.709350976397379,0.271706546073688,-2.93780619958217e-5,1370.476517,1505.41294,1857.056,0.709365579,982.7333305828868
470,246.28,0.710551013505647,0.266312165729354,492.56,2019_kk_088,Kusko,2019,0.709317614259715,0.271608431765019,-9.81143086696279e-5,1370.476517,1505.41294,1857.056,0.709365579,982.7333305828868
471,246.804,0.703528630240084,0.266567283760842,493.608,2019_kk_088,Kusko,2019,0.709180117349402,0.271604826039141,-3.60572587787544e-6,1370.476517,1505.41294,1857.056,0.709365579,982.7333305828868
472,247.328,0.710969478698001,0.26849542380202,494.656,2019_kk_088,Kusko,2019,0.709204202676251,0.271487298681747,-1.1752735739367e-4,1370.476517,1505.41294,1857.056,0.709365579,982.7333305828868
473,247.852,0.709078958250978,0.270782890968424,495.704,2019_kk_088,Kusko,2019,0.709181683607632,0.271573094283028,8.57956012813577e-5,1370.476517,1505.41294,1857.056,0.709365579,982.7333305828868
474,248.376,0.705360889709676,0.268949915427048,496.752,2019_kk_088,Kusko,2019,0.709075137933399,0.271628445455591,5.53511725625566e-5,1370.476517,1505.41294,1857.056,0.709365579,982.7333305828868
475,248.9,0.710470775375676,0.266939591082489,497.8,2019_kk_088,Kusko,2019,0.709062149783642,0.271612048233861,-1.63972217294694e-5,1370.476517,1505.41294,1857.056,0.709365579,982.7333305828868
476,249.424,0.709493154170547,0.270523750998068,498.848,2019_kk_088,Kusko,2019,0.70900192441813,0.271669437011316,5.73887774541482e-5,1370.476517,1505.41294,1857.056,0.709365579,982.7333305828868
477,249.948,0.708725249857492,0.269930885818314,499.896,2019_kk_088,Kusko,2019,0.709026235462263,0.27175899722444,8.95602131247286e-5,1370.476517,1505.41294,1857.056,0.709365579,982.7333305828868
478,250.472,0.709420266592554,0.27181842924841,500.944,2019_kk_088,Kusko,2019,0.709030332090762,0.271746623184977,-1.23740394634142e-5,1370.476517,1505.41294,1857.056,0.709365579,982.7333305828868
479,250.996,0.70997146583062,0.271720650679152,501.992,2019_kk_088,Kusko,2019,0.709010821643692,0.271683612137059,-6.30110479182266e-5,1370.476517,1505.41294,1857.056,0.709365579,982.7333305828868
480,251.52,0.709785060584537,0.270572183859546,503.04,2019_kk_088,Kusko,2019,0.708993009964354,0.271735377911234,5.17657741750388e-5,1370.476517,1505.41294,1857.056,0.709365579,982.7333305828868
481,252.044,0.705327356367701,0.270806305295059,504.088,2019_kk_088,Kusko,2019,0.70900915386074,0.271705887985827,-2.94899254063563e-5,1370.476517,1505.41294,1857.056,0.709365579,982.7333305828868
482,252.568,0.711012025468686,0.268570218015226,505.136,2019_kk_088,Kusko,2019,0.70898045103714,0.27162555043412,-8.03375517069438e-5,1370.476517,1505.41294,1857.056,0.709365579,982.7333305828868
483,253.092,0.707962922944302,0.265751109140104,506.184,2019_kk_088,Kusko,2019,0.709038628722454,0.271517609998903,-1.0794043521728e-4,1370.476517,1505.41294,1857.056,0.709365579,982.7333305828868
484,253.616,0.705902554082483,0.269182210033805,507.232,2019_kk_088,Kusko,2019,0.709004500811568,0.271515769653919,-1.84034498412755e-6,1370.476517,1505.41294,1857.056,0.709365579,982.7333305828868
485,254.14,0.706567433999821,0.268843339690189,508.28,2019_kk_088,Kusko,2019,0.709001678890805,0.271509084843443,-6.68481047555458e-6,1370.476517,1505.41294,1857.056,0.709365579,982.7333305828868
486,254.664,0.707407295977822,0.27003308175669,509.328,2019_kk_088,Kusko,2019,0.708945018989514,0.271449312047703,-5.97727957407646e-5,1370.476517,1505.41294,1857.056,0.709365579,982.7333305828868
487,255.188,0.70968136637777,0.270198497407954,510.376,2019_kk_088,Kusko,2019,0.708885042048193,0.271425307900661,-2.40041470411789e-5,1370.476517,1505.41294,1857.056,0.709365579,982.7333305828868
488,255.712,0.71091173377652,0.273304505916884,511.424,2019_kk_088,Kusko,2019,0.708930382689028,0.271298027326308,-1.2728057435301e-4,1370.476517,1505.41294,1857.056,0.709365579,982.7333305828868
489,256.236,0.710734343271266,0.272723349514529,512.472,2019_kk_088,Kusko,2019,0.708839259029193,0.271197002104198,-1.0102522211058e-4,1370.476517,1505.41294,1857.056,0.709365579,982.7333305828868
490,256.76,0.713063634986279,0.27110185195226,513.52,2019_kk_088,Kusko,2019,0.708880038837454,0.271086668986723,-1.1033311747443e-4,1370.476517,1505.41294,1857.056,0.709365579,982.7333305828868
491,257.284,0.70991162421246,0.271497380916571,514.568,2019_kk_088,Kusko,2019,0.708868244882927,0.271028604086863,-5.80648998604882e-5,1370.476517,1505.41294,1857.056,0.709365579,982.7333305828868
492,257.808,0.710013049227376,0.27204661213729,515.616,2019_kk_088,Kusko,2019,0.708904855798772,0.270967115235269,-6.14888515935164e-5,1370.476517,1505.41294,1857.056,0.709365579,982.7333305828868
493,258.332,0.708001370845952,0.271276039960182,516.664,2019_kk_088,Kusko,2019,0.708986874973531,0.270819160819967,-1.4795441530246e-4,1370.476517,1505.41294,1857.056,0.709365579,982.7333305828868
494,258.856,0.709782441593137,0.273208917060648,517.712,2019_kk_088,Kusko,2019,0.709035624182801,0.270679623509205,-1.3953731076232e-4,1370.476517,1505.41294,1857.056,0.709365579,982.7333305828868
495,259.38,0.712223059831867,0.273628221693076,518.76,2019_kk_088,Kusko,2019,0.709047355687323,0.27053495664974,-1.4466685946434e-4,1370.476517,1505.41294,1857.056,0.709365579,982.7333305828868
496,259.904,0.712125216711935,0.273106067087867,519.808,2019_kk_088,Kusko,2019,0.709100562468144,0.270387412427005,-1.4754422273527e-4,1370.476517,1505.41294,1857.056,0.709365579,982.7333305828868
497,260.428,0.708464161964657,0.275811275641915,520.856,2019_kk_088,Kusko,2019,0.709060451337865,0.270213418637709,-1.7399378929555e-4,1370.476517,1505.41294,1857.056,0.709365579,982.7333305828868
498,260.952,0.706654937057233,0.279723423470479,521.904,2019_kk_088,Kusko,2019,0.708952194308772,0.270152589111423,-6.08295262861658e-5,1370.476517,1505.41294,1857.056,0.709365579,982.7333305828868
499,261.476,0.707138489279022,0.278833772732071,522.952,2019_kk_088,Kusko,2019,0.70888072636119,0.270045947326025,-1.0664178539865e-4,1370.476517,1505.41294,1857.056,0.709365579,982.7333305828868
500,262,0.706204730057394,0.274417700822412,524,2019_kk_088,Kusko,2019,0.708789400225835,0.269988311515343,-5.76358106815222e-5,1370.476517,1505.41294,1857.056,0.709365579,982.7333305828868
501,262.524,0.703476777892344,0.276621993765907,525.048,2019_kk_088,Kusko,2019,0.708923910120119,0.269867288962157,-1.2102255318591e-4,1370.476517,1505.41294,1857.056,0.709365579,982.7333305828868
502,263.048,0.708010287923326,0.275312930242195,526.096,2019_kk_088,Kusko,2019,0.708929476062169,0.26969906243212,-1.6822653003756e-4,1370.476517,1505.41294,1857.056,0.709365579,982.7333305828868
503,263.572,0.707716464050412,0.27805927490804,527.144,2019_kk_088,Kusko,2019,0.708856135993546,0.26959599487328,-1.0306755883948e-4,1370.476517,1505.41294,1857.056,0.709365579,982.7333305828868
504,264.096,0.703698982902276,0.277650095722937,528.192,2019_kk_088,Kusko,2019,0.708968516788024,0.269546949183228,-4.90456900522629e-5,1370.476517,1505.41294,1857.056,0.709365579,982.7333305828868
505,264.62,0.711048518380254,0.275488553755711,529.24,2019_kk_088,Kusko,2019,0.708957182459878,0.269533019621796,-1.39295614319246e-5,1370.476517,1505.41294,1857.056,0.709365579,982.7333305828868
506,265.144,0.708164648244733,0.276505601282564,530.288,2019_kk_088,Kusko,2019,0.708972592569869,0.26948961206934,-4.34075524561872e-5,1370.476517,1505.41294,1857.056,0.709365579,982.7333305828868
507,265.668,0.706531090819305,0.278481564476603,531.336,2019_kk_088,Kusko,2019,0.708953431154891,0.269556159644554,6.65475752142375e-5,1370.476517,1505.41294,1857.056,0.709365579,982.7333305828868
508,266.192,0.710551533557452,0.274240087364952,532.384,2019_kk_088,Kusko,2019,0.708918364986732,0.269557888207647,1.72856309282876e-6,1370.476517,1505.41294,1857.056,0.709365579,982.7333305828868
509,266.716,0.709725230885177,0.271768326776232,533.432,2019_kk_088,Kusko,2019,0.708853375426147,0.269581108608696,2.32204010487402e-5,1370.476517,1505.41294,1857.056,0.709365579,982.7333305828868
510,267.24,0.709469391657997,0.276025035076602,534.48,2019_kk_088,Kusko,2019,0.70888333222541,0.269659788354664,7.86797459684241e-5,1370.476517,1505.41294,1857.056,0.709365579,982.7333305828868
511,267.764,0.708321193326404,0.271772367215864,535.528,2019_kk_088,Kusko,2019,0.708958194130738,0.269735663089101,7.58747344369315e-5,1370.476517,1505.41294,1857.056,0.709365579,982.7333305828868
512,268.288,0.708652322575193,0.267096501968136,536.576,2019_kk_088,Kusko,2019,0.708887038352043,0.269825391391017,8.97283019158923e-5,1370.476517,1505.41294,1857.056,0.709365579,982.7333305828868
513,268.812,0.712435724655199,0.266610256687039,537.624,2019_kk_088,Kusko,2019,0.708949310071616,0.269962886205109,1.3749481409242e-4,1370.476517,1505.41294,1857.056,0.709365579,982.7333305828868
514,269.336,0.710041705644948,0.271531043618311,538.672,2019_kk_088,Kusko,2019,0.709010996599571,0.270138154054323,1.7526784921367e-4,1370.476517,1505.41294,1857.056,0.709365579,982.7333305828868
515,269.86,0.708731781600853,0.270074500638353,539.72,2019_kk_088,Kusko,2019,0.709047617220289,0.270322228552304,1.8407449798141e-4,1370.476517,1505.41294,1857.056,0.709365579,982.7333305828868
516,270.384,0.707288453847028,0.270291302160103,540.768,2019_kk_088,Kusko,2019,0.709083441215642,0.270454077350138,1.3184879783395e-4,1370.476517,1505.41294,1857.056,0.709365579,982.7333305828868
517,270.908,0.707234657552406,0.269334837478227,541.816,2019_kk_088,Kusko,2019,0.709005309370248,0.270575019141516,1.2094179137733e-4,1370.476517,1505.41294,1857.056,0.709365579,982.7333305828868
518,271.432,0.711227277997947,0.264650133421811,542.864,2019_kk_088,Kusko,2019,0.70894742645502,0.270594879708182,1.98605666667517e-5,1370.476517,1505.41294,1857.056,0.709365579,982.7333305828868
519,271.956,0.705660716636119,0.263614460819651,543.912,2019_kk_088,Kusko,2019,0.708905923898698,0.270669981625327,7.51019171450484e-5,1370.476517,1505.41294,1857.056,0.709365579,982.7333305828868
520,272.48,0.710752275318116,0.264113923794236,544.96,2019_kk_088,Kusko,2019,0.708777470943368,0.27068699847557,1.70168502427459e-5,1370.476517,1505.41294,1857.056,0.709365579,982.7333305828868
521,273.004,0.709289557767272,0.268923001412684,546.008,2019_kk_088,Kusko,2019,0.708800909885529,0.270732386854266,4.53883786954989e-5,1370.476517,1505.41294,1857.056,0.709365579,982.7333305828868
522,273.528,0.711197981472539,0.263678592247921,547.056,2019_kk_088,Kusko,2019,0.708765491432922,0.270794874868585,6.24880143191842e-5,1370.476517,1505.41294,1857.056,0.709365579,982.7333305828868
523,274.052,0.71108612266264,0.261126770736607,548.104,2019_kk_088,Kusko,2019,0.708715552810227,0.270825447115123,3.05722465384073e-5,1370.476517,1505.41294,1857.056,0.709365579,982.7333305828868
524,274.576,0.711594340356384,0.260640388923841,549.152,2019_kk_088,Kusko,2019,0.70874199686206,0.270828754729688,3.30761456424078e-6,1370.476517,1505.41294,1857.056,0.709365579,982.7333305828868
525,275.1,0.708976360871351,0.260770945973274,550.2,2019_kk_088,Kusko,2019,0.70867316586957,0.270880284901135,5.15301714478777e-5,1370.476517,1505.41294,1857.056,0.709365579,982.7333305828868
526,275.624,0.710579062585664,0.259352787938958,551.248,2019_kk_088,Kusko,2019,0.708663424796173,0.27096372474059,8.34398394546909e-5,1370.476517,1505.41294,1857.056,0.709365579,982.7333305828868
527,276.148,0.709498966761243,0.258675554181946,552.296,2019_kk_088,Kusko,2019,0.708736563783424,0.271007252875727,4.35281351364725e-5,1370.476517,1505.41294,1857.056,0.709365579,982.7333305828868
528,276.672,0.708397247704433,0.262608692446064,553.344,2019_kk_088,Kusko,2019,0.708803783158372,0.270934693314215,-7.25595615118091e-5,1370.476517,1505.41294,1857.056,0.709365579,982.7333305828868
529,277.196,0.707040215172923,0.26106026290783,554.392,2019_kk_088,Kusko,2019,0.708829160803328,0.270917704625438,-1.69886887763648e-5,1370.476517,1505.41294,1857.056,0.709365579,982.7333305828868
530,277.72,0.705071445384356,0.262854017088464,555.44,2019_kk_088,Kusko,2019,0.708914995740125,0.271034315123347,1.1661049790817e-4,1370.476517,1505.41294,1857.056,0.709365579,982.7333305828868
531,278.244,0.711599223897121,0.259305930569687,556.488,2019_kk_088,Kusko,2019,0.70898759666912,0.271047357746891,1.30426235443459e-5,1370.476517,1505.41294,1857.056,0.709365579,982.7333305828868
532,278.768,0.711303435220986,0.258401831999765,557.536,2019_kk_088,Kusko,2019,0.709005763411791,0.271138018117454,9.06603705632114e-5,1370.476517,1505.41294,1857.056,0.709365579,982.7333305828868
533,279.292,0.704678554133631,0.264598837438055,558.584,2019_kk_088,Kusko,2019,0.709004199571366,0.271233779684802,9.57615673478629e-5,1370.476517,1505.41294,1857.056,0.709365579,982.7333305828868
534,279.816,0.712103737378331,0.266007174023914,559.632,2019_kk_088,Kusko,2019,0.709060632952593,0.27123026735451,-3.51233029249887e-6,1370.476517,1505.41294,1857.056,0.709365579,982.7333305828868
535,280.34,0.709790715686953,0.266103817396575,560.68,2019_kk_088,Kusko,2019,0.709055685169188,0.271322994507463,9.27271529536644e-5,1370.476517,1505.41294,1857.056,0.709365579,982.7333305828868
536,280.864,0.710417760769976,0.267919297850696,561.728,2019_kk_088,Kusko,2019,0.709041965318879,0.271337860092784,1.48655853207669e-5,1370.476517,1505.41294,1857.056,0.709365579,982.7333305828868
537,281.388,0.707575564958808,0.273923740331169,562.776,2019_kk_088,Kusko,2019,0.709127039135037,0.271352038870747,1.41787779635583e-5,1370.476517,1505.41294,1857.056,0.709365579,982.7333305828868
538,281.912,0.707316296502997,0.271922143033981,563.824,2019_kk_088,Kusko,2019,0.709152567077376,0.271378998993263,2.69601225157401e-5,1370.476517,1505.41294,1857.056,0.709365579,982.7333305828868
539,282.436,0.706072092195571,0.273113874742074,564.872,2019_kk_088,Kusko,2019,0.709157296189348,0.27148083836098,1.0183936771718e-4,1370.476517,1505.41294,1857.056,0.709365579,982.7333305828868
540,282.96,0.711582468540328,0.275292968617651,565.92,2019_kk_088,Kusko,2019,0.709191655540541,0.271532270619096,5.1432258115991e-5,1370.476517,1505.41294,1857.056,0.709365579,982.7333305828868
541,283.484,0.709819070687366,0.275358789361276,566.968,2019_kk_088,Kusko,2019,0.709136262393007,0.271622970468522,9.06998494259459e-5,1370.476517,1505.41294,1857.056,0.709365579,982.7333305828868
542,284.008,0.706742678746984,0.27395391613018,568.016,2019_kk_088,Kusko,2019,0.709192871308131,0.271796907325671,1.7393685714889e-4,1370.476517,1505.41294,1857.056,0.709365579,982.7333305828868
543,284.532,0.711699226118677,0.274000797985648,569.064,2019_kk_088,Kusko,2019,0.709154909336668,0.271919202858847,1.222955331756e-4,1370.476517,1505.41294,1857.056,0.709365579,982.7333305828868
544,285.056,0.709603745759791,0.279698280986624,570.112,2019_kk_088,Kusko,2019,0.709129943967579,0.272029208055337,1.1000519649012e-4,1370.476517,1505.41294,1857.056,0.709365579,982.7333305828868
545,285.58,0.7087646712429,0.279887809569073,571.16,2019_kk_088,Kusko,2019,0.709172556359639,0.272184720768917,1.5551271357994e-4,1370.476517,1505.41294,1857.056,0.709365579,982.7333305828868
546,286.104,0.709556735698961,0.277944009626725,572.208,2019_kk_088,Kusko,2019,0.709147561303377,0.272381131632751,1.9641086383448e-4,1370.476517,1505.41294,1857.056,0.709365579,982.7333305828868
547,286.628,0.704993455654152,0.277455004890595,573.256,2019_kk_088,Kusko,2019,0.709205797333083,0.272637260739077,2.5612910632588e-4,1370.476517,1505.41294,1857.056,0.709365579,982.7333305828868
548,287.152,0.707438758862864,0.27449613991689,574.304,2019_kk_088,Kusko,2019,0.709162226247737,0.272945053570932,3.0779283185455e-4,1370.476517,1505.41294,1857.056,0.709365579,982.7333305828868
549,287.676,0.708244189891904,0.277229464543233,575.352,2019_kk_088,Kusko,2019,0.709265564105128,0.27333848532981603,3.9343175888417e-4,1370.476517,1505.41294,1857.056,0.709365579,982.7333305828868
550,288.2,0.705356457666483,0.272122862966825,576.4,2019_kk_088,Kusko,2019,0.709300696334851,0.273660602851502,3.2211752168553e-4,1370.476517,1505.41294,1857.056,0.709365579,982.7333305828868
551,288.724,0.711317960742124,0.2742206836383,577.448,2019_kk_088,Kusko,2019,0.709293542855757,0.27392550395491,2.6490110340804e-4,1370.476517,1505.41294,1857.056,0.709365579,982.7333305828868
552,289.248,0.707887942070962,0.275795892996439,578.496,2019_kk_088,Kusko,2019,0.709300745535636,0.274304233246811,3.7872929190124e-4,1370.476517,1505.41294,1857.056,0.709365579,982.7333305828868
553,289.772,0.705005053484283,0.273110374752489,579.544,2019_kk_088,Kusko,2019,0.709223193316026,0.274763571101302,4.5933785449081e-4,1370.476517,1505.41294,1857.056,0.709365579,982.7333305828868
554,290.296,0.711369084703079,0.273407373934501,580.592,2019_kk_088,Kusko,2019,0.709228560412555,0.275216988941246,4.5341783994407e-4,1370.476517,1505.41294,1857.056,0.709365579,982.7333305828868
555,290.82,0.708093200282467,0.276720031979949,581.64,2019_kk_088,Kusko,2019,0.709169509483623,0.275676189380317,4.5920043907116e-4,1370.476517,1505.41294,1857.056,0.709365579,982.7333305828868
556,291.344,0.711540752308112,0.278112457455148,582.688,2019_kk_088,Kusko,2019,0.709173160924014,0.276148937005881,4.727476255637e-4,1370.476517,1505.41294,1857.056,0.709365579,982.7333305828868
557,291.868,0.712852501199746,0.278422963750104,583.736,2019_kk_088,Kusko,2019,0.709158149625181,0.276644194540896,4.9525753501522e-4,1370.476517,1505.41294,1857.056,0.709365579,982.7333305828868
558,292.392,0.710688099554086,0.275369849779771,584.784,2019_kk_088,Kusko,2019,0.709168051122216,0.277146854991399,5.0266045050306e-4,1370.476517,1505.41294,1857.056,0.709365579,982.7333305828868
559,292.916,0.708661147976415,0.277814451405488,585.832,2019_kk_088,Kusko,2019,0.709182564908567,0.277678600792692,5.3174580129283e-4,1370.476517,1505.41294,1857.056,0.709365579,982.7333305828868
560,293.44,0.711354826265164,0.281414330696904,586.88,2019_kk_088,Kusko,2019,0.709271760414594,0.278106300035964,4.2769924327218e-4,1370.476517,1505.41294,1857.056,0.709365579,982.7333305828868
561,293.964,0.707832833632082,0.277404551178565,587.928,2019_kk_088,Kusko,2019,0.709262085256815,0.278624633661865,5.1833362590081e-4,1370.476517,1505.41294,1857.056,0.709365579,982.7333305828868
562,294.488,0.70910029248355,0.280752552475989,588.976,2019_kk_088,Kusko,2019,0.709242883453443,0.279165228231991,5.4059457012672e-4,1370.476517,1505.41294,1857.056,0.709365579,982.7333305828868
563,295.012,0.707622633624917,0.283804968948912,590.024,2019_kk_088,Kusko,2019,0.709378358802082,0.279620059332705,4.5483110071314e-4,1370.476517,1505.41294,1857.056,0.709365579,982.7333305828868
564,295.536,0.707084985775912,0.277439355905386,591.072,2019_kk_088,Kusko,2019,0.709359420957536,0.280056428244985,4.3636891228071e-4,1370.476517,1505.41294,1857.056,0.709365579,982.7333305828868
565,296.06,0.710751651375932,0.281052182932927,592.12,2019_kk_088,Kusko,2019,0.709310818843396,0.280471499795114,4.1507155012904e-4,1370.476517,1505.41294,1857.056,0.709365579,982.7333305828868
566,296.584,0.707341457226184,0.277397536401814,593.168,2019_kk_088,Kusko,2019,0.709253418903304,0.280879733634919,4.0823383980492e-4,1370.476517,1505.41294,1857.056,0.709365579,982.7333305828868
567,297.108,0.711635519788823,0.279332291154416,594.216,2019_kk_088,Kusko,2019,0.709300750791793,0.281256079107815,3.7634547289583e-4,1370.476517,1505.41294,1857.056,0.709365579,982.7333305828868
568,297.632,0.712083210097793,0.275857694715895,595.264,2019_kk_088,Kusko,2019,0.709327993742482,0.281622526793925,3.664476861096e-4,1370.476517,1505.41294,1857.056,0.709365579,982.7333305828868
569,298.156,0.710008977603455,0.277878688839266,596.312,2019_kk_088,Kusko,2019,0.709431031095356,0.281928395353098,3.0586855917347e-4,1370.476517,1505.41294,1857.056,0.709365579,982.7333305828868
570,298.68,0.711530952729603,0.279110970563561,597.36,2019_kk_088,Kusko,2019,0.709396734229867,0.282208403496996,2.8000814389761e-4,1370.476517,1505.41294,1857.056,0.709365579,982.7333305828868
571,299.204,0.704997604474386,0.277214358181421,598.408,2019_kk_088,Kusko,2019,0.709371695989324,0.282418138502709,2.0973500571336e-4,1370.476517,1505.41294,1857.056,0.709365579,982.7333305828868
572,299.728,0.712048857482626,0.277532713397066,599.456,2019_kk_088,Kusko,2019,0.709420255522349,0.282650356259812,2.3221775710324e-4,1370.476517,1505.41294,1857.056,0.709365579,982.7333305828868
573,300.252,0.710158006367384,0.273947988677577,600.504,2019_kk_088,Kusko,2019,0.709371302681632,0.282874588559908,2.2423230009532e-4,1370.476517,1505.41294,1857.056,0.709365579,982.7333305828868
574,300.776,0.708543783499642,0.278131355407716,601.552,2019_kk_088,Kusko,2019,0.709407335272905,0.283026701470979,1.5211291107097e-4,1370.476517,1505.41294,1857.056,0.709365579,982.7333305828868
575,301.3,0.711288525124429,0.279405263453151,602.6,2019_kk_088,Kusko,2019,0.709452520264251,0.283139853723483,1.1315225250424e-4,1370.476517,1505.41294,1857.056,0.709365579,982.7333305828868
576,301.824,0.7057887504713,0.282075953990172,603.648,2019_kk_088,Kusko,2019,0.709441495096144,0.283263352141702,1.2349841821868e-4,1370.476517,1505.41294,1857.056,0.709365579,982.7333305828868
577,302.348,0.710728819334793,0.284702583857779,604.696,2019_kk_088,Kusko,2019,0.709504204352201,0.28343309822994,1.6974608823855e-4,1370.476517,1505.41294,1857.056,0.709365579,982.7333305828868
578,302.872,0.708613012877194,0.283117703333083,605.744,2019_kk_088,Kusko,2019,0.709560488446463,0.283647524025302,2.1442579536157e-4,1370.476517,1505.41294,1857.056,0.709365579,982.7333305828868
579,303.396,0.711860988079584,0.287220366352699,606.792,2019_kk_088,Kusko,2019,0.709496062620087,0.283843531861848,1.9600783654605e-4,1370.476517,1505.41294,1857.056,0.709365579,982.7333305828868
580,303.92,0.712860209101478,0.283440975095369,607.84,2019_kk_088,Kusko,2019,0.709548565179504,0.284075466569252,2.3193470740434e-4,1370.476517,1505.41294,1857.056,0.709365579,982.7333305828868
581,304.444,0.708860349021643,0.284817067617167,608.888,2019_kk_088,Kusko,2019,0.709553020793272,0.284244904363285,1.6943779403255e-4,1370.476517,1505.41294,1857.056,0.709365579,982.7333305828868
582,304.968,0.711630142265251,0.286402349761998,609.936,2019_kk_088,Kusko,2019,0.709563485696997,0.284391414279822,1.4650991653758e-4,1370.476517,1505.41294,1857.056,0.709365579,982.7333305828868
583,305.492,0.706432989486028,0.288687042006059,610.984,2019_kk_088,Kusko,2019,0.709628658646055,0.284610101507754,2.1868722793205e-4,1370.476517,1505.41294,1857.056,0.709365579,982.7333305828868
584,306.016,0.711916366148161,0.287845459320483,612.032,2019_kk_088,Kusko,2019,0.709599359253144,0.28489709984836,2.8699834060524e-4,1370.476517,1505.41294,1857.056,0.709365579,982.7333305828868
585,306.54,0.70543330513539,0.288322972317545,613.08,2019_kk_088,Kusko,2019,0.709627564158326,0.285122392748949,2.2529290058948e-4,1370.476517,1505.41294,1857.056,0.709365579,982.7333305828868
586,307.064,0.71079814900913,0.287717645472777,614.128,2019_kk_088,Kusko,2019,0.709552096696502,0.285306979431314,1.8458668236481e-4,1370.476517,1505.41294,1857.056,0.709365579,982.7333305828868
587,307.588,0.708598288831274,0.288391006282863,615.176,2019_kk_088,Kusko,2019,0.709461746870289,0.28546469496862,1.577155373057e-4,1370.476517,1505.41294,1857.056,0.709365579,982.7333305828868
588,308.112,0.70899133752652,0.292768319476248,616.224,2019_kk_088,Kusko,2019,0.709487827622729,0.285627494904361,1.6279993574147e-4,1370.476517,1505.41294,1857.056,0.709365579,982.7333305828868
589,308.636,0.707911042353997,0.292965010985399,617.272,2019_kk_088,Kusko,2019,0.709500696747411,0.28575411846364,1.2662355927906e-4,1370.476517,1505.41294,1857.056,0.709365579,982.7333305828868
590,309.16,0.710423175746003,0.288515971684795,618.32,2019_kk_088,Kusko,2019,0.709454825000828,0.285783044920094,2.89264564541925e-5,1370.476517,1505.41294,1857.056,0.709365579,982.7333305828868
591,309.684,0.711018714430346,0.290405948123737,619.368,2019_kk_088,Kusko,2019,0.709478860732668,0.285798137260849,1.50923407549186e-5,1370.476517,1505.41294,1857.056,0.709365579,982.7333305828868
592,310.208,0.710151327018689,0.29083750620737,620.416,2019_kk_088,Kusko,2019,0.709459709471979,0.285732261074023,-6.58761868260749e-5,1370.476517,1505.41294,1857.056,0.709365579,982.7333305828868
593,310.732,0.712807075051949,0.291888703480845,621.464,2019_kk_088,Kusko,2019,0.70952315096015794,0.285644734954164,-8.75261198596822e-5,1370.476517,1505.41294,1857.056,0.709365579,982.7333305828868
594,311.256,0.710967466705574,0.292189308760755,622.512,2019_kk_088,Kusko,2019,0.709490472092228,0.285613597594283,-3.11373598808062e-5,1370.476517,1505.41294,1857.056,0.709365579,982.7333305828868
595,311.78,0.706874588838559,0.291008110404318,623.56,2019_kk_088,Kusko,2019,0.70942582838126,0.285488379035751,-1.2521855853142e-4,1370.476517,1505.41294,1857.056,0.709365579,982.7333305828868
596,312.304,0.706973764364472,0.292413328238988,624.608,2019_kk_088,Kusko,2019,0.709429100008669,0.285373519975761,-1.1485905999053e-4,1370.476517,1505.41294,1857.056,0.709365579,982.7333305828868
597,312.828,0.710415478268141,0.296504468704917,625.656,2019_kk_088,Kusko,2019,0.70942565933824,0.28518478689832,-1.887330774411e-4,1370.476517,1505.41294,1857.056,0.709365579,982.7333305828868
598,313.352,0.708950873544324,0.29390900420056,626.704,2019_kk_088,Kusko,2019,0.70939975431661,0.285050943148047,-1.3384375027247e-4,1370.476517,1505.41294,1857.056,0.709365579,982.7333305828868
599,313.876,0.712254333368045,0.291465988292481,627.752,2019_kk_088,Kusko,2019,0.709392109163009,0.284960411404563,-9.0531743484501e-5,1370.476517,1505.41294,1857.056,0.709365579,982.7333305828868
600,314.4,0.709524656610939,0.292093457251508,628.8,2019_kk_088,Kusko,2019,0.70937050317537,0.28476665604771,-1.9375535685228e-4,1370.476517,1505.41294,1857.056,0.709365579,982.7333305828868
601,314.924,0.708316776254841,0.287942889704073,629.848,2019_kk_088,Kusko,2019,0.709465779630455,0.284599297008604,-1.673590391063e-4,1370.476517,1505.41294,1857.056,0.709365579,982.7333305828868
602,315.448,0.709656250728474,0.287886981556377,630.896,2019_kk_088,Kusko,2019,0.709457300803704,0.284402073664142,-1.9722334446248e-4,1370.476517,1505.41294,1857.056,0.709365579,982.7333305828868
603,315.972,0.708762055675628,0.287454735991367,631.944,2019_kk_088,Kusko,2019,0.709410376137576,0.284294251528173,-1.0782213596882e-4,1370.476517,1505.41294,1857.056,0.709365579,982.7333305828868
604,316.496,0.711765701236193,0.288825055650885,632.992,2019_kk_088,Kusko,2019,0.709371163875343,0.284111380791444,-1.8287073672845e-4,1370.476517,1505.41294,1857.056,0.709365579,982.7333305828868
605,317.02,0.711475770723631,0.286676944719327,634.04,2019_kk_088,Kusko,2019,0.709427636460394,0.283953286251312,-1.5809454013265e-4,1370.476517,1505.41294,1857.056,0.709365579,982.7333305828868
606,317.544,0.70889522561258,0.285353914719846,635.088,2019_kk_088,Kusko,2019,0.709416132264353,0.283650720399846,-3.0256585146565e-4,1370.476517,1505.41294,1857.056,0.709365579,982.7333305828868
607,318.068,0.708756011017565,0.287639770184909,636.136,2019_kk_088,Kusko,2019,0.709385974288116,0.283312220715716,-3.3849968413024e-4,1370.476517,1505.41294,1857.056,0.709365579,982.7333305828868
608,318.592,0.710815804518553,0.287361687638585,637.184,2019_kk_088,Kusko,2019,0.709386702246008,0.283026826000623,-2.8539471509297e-4,1370.476517,1505.41294,1857.056,0.709365579,982.7333305828868
609,319.116,0.704378640309353,0.288989934735994,638.232,2019_kk_088,Kusko,2019,0.709391376670819,0.282654912792084,-3.7191320853846e-4,1370.476517,1505.41294,1857.056,0.709365579,982.7333305828868
610,319.64,0.70850661123153,0.286038945411086,639.28,2019_kk_088,Kusko,2019,0.70936124889772,0.282336656782536,-3.1825600954865e-4,1370.476517,1505.41294,1857.056,0.709365579,982.7333305828868
611,320.164,0.711585297568167,0.284386951280253,640.328,2019_kk_088,Kusko,2019,0.709428898653174,0.281994991555555,-3.4166522698037e-4,1370.476517,1505.41294,1857.056,0.709365579,982.7333305828868
612,320.688,0.708515836294453,0.284586487988694,641.376,2019_kk_088,Kusko,2019,0.70931962043328,0.281657438875322,-3.37552680233e-4,1370.476517,1505.41294,1857.056,0.709365579,982.7333305828868
613,321.212,0.70891543042776,0.286231608428414,642.424,2019_kk_088,Kusko,2019,0.7094055189025,0.281291936743984,-3.6550213133801e-4,1370.476517,1505.41294,1857.056,0.709365579,982.7333305828868
614,321.736,0.709611121128441,0.290627274370815,643.472,2019_kk_088,Kusko,2019,0.709324552000833,0.281023005877814,-2.6893086617024e-4,1370.476517,1505.41294,1857.056,0.709365579,982.7333305828868
615,322.26,0.709785494593385,0.290237606015318,644.52,2019_kk_088,Kusko,2019,0.709378084052279,0.280830456332902,-1.9254954491176e-4,1370.476517,1505.41294,1857.056,0.709365579,982.7333305828868
616,322.784,0.707012704598673,0.289187658397036,645.568,2019_kk_088,Kusko,2019,0.709407487790409,0.280678227582954,-1.5222874994802e-4,1370.476517,1505.41294,1857.056,0.709365579,982.7333305828868
617,323.308,0.707431511626999,0.287885895988448,646.616,2019_kk_088,Kusko,2019,0.709341401255008,0.280447742717315,-2.3048486563936e-4,1370.476517,1505.41294,1857.056,0.709365579,982.7333305828868
618,323.832,0.712252944700468,0.285137845924262,647.664,2019_kk_088,Kusko,2019,0.709332521027482,0.28011720082952,-3.3054188779529e-4,1370.476517,1505.41294,1857.056,0.709365579,982.7333305828868
619,324.356,0.70943329545734,0.285411864962228,648.712,2019_kk_088,Kusko,2019,0.709424751905287,0.27973725683189,-3.7994399762958e-4,1370.476517,1505.41294,1857.056,0.709365579,982.7333305828868
620,324.88,0.708602521470181,0.283149918084156,649.76,2019_kk_088,Kusko,2019,0.709438743754505,0.279462269070013,-2.7498776187728e-4,1370.476517,1505.41294,1857.056,0.709365579,982.7333305828868
621,325.404,0.709274977542492,0.278310091623862,650.808,2019_kk_088,Kusko,2019,0.709479027710545,0.279150223460248,-3.1204560976477e-4,1370.476517,1505.41294,1857.056,0.709365579,982.7333305828868
622,325.928,0.707951216842195,0.276799981266426,651.856,2019_kk_088,Kusko,2019,0.709412064479421,0.278785138710871,-3.6508474937735e-4,1370.476517,1505.41294,1857.056,0.709365579,982.7333305828868
623,326.452,0.711429122915684,0.278553401757332,652.904,2019_kk_088,Kusko,2019,0.709362470112317,0.278356567419285,-4.2857129158602e-4,1370.476517,1505.41294,1857.056,0.709365579,982.7333305828868
624,326.976,0.7051242537001,0.275571114312537,653.952,2019_kk_088,Kusko,2019,0.709354650008088,0.27791050837501,-4.4605904427469e-4,1370.476517,1505.41294,1857.056,0.709365579,982.7333305828868
625,327.5,0.706873028717811,0.273539069421045,655,2019_kk_088,Kusko,2019,0.709415045316771,0.277447754741788,-4.6275363322195e-4,1370.476517,1505.41294,1857.056,0.709365579,982.7333305828868
626,328.024,0.707537754870753,0.270505992802381,656.048,2019_kk_088,Kusko,2019,0.709455007111016,0.276905726840259,-5.4202790152863e-4,1370.476517,1505.41294,1857.056,0.709365579,982.7333305828868
627,328.548,0.71142907956307,0.268008306507948,657.096,2019_kk_088,Kusko,2019,0.70945169536253,0.276375103254371,-5.3062358588834e-4,1370.476517,1505.41294,1857.056,0.709365579,982.7333305828868
628,329.072,0.710528908800037,0.267827069699551,658.144,2019_kk_088,Kusko,2019,0.709517884544083,0.27596746466321,-4.0763859116094e-4,1370.476517,1505.41294,1857.056,0.709365579,982.7333305828868
629,329.596,0.709550268387344,0.272446784230192,659.192,2019_kk_088,Kusko,2019,0.709467058520283,0.275663763533221,-3.0370112998873e-4,1370.476517,1505.41294,1857.056,0.709365579,982.7333305828868
630,330.12,0.710234593471253,0.267485649152424,660.24,2019_kk_088,Kusko,2019,0.709410742442467,0.275504821479808,-1.5894205341365e-4,1370.476517,1505.41294,1857.056,0.709365579,982.7333305828868
631,330.644,0.710714191779508,0.267172815835042,661.288,2019_kk_088,Kusko,2019,0.709468647219973,0.275568908443495,6.40869636870933e-5,1370.476517,1505.41294,1857.056,0.709365579,982.7333305828868
632,331.168,0.711540127877562,0.265699312729319,662.336,2019_kk_088,Kusko,2019,0.709469026885809,0.275697335813875,1.284273703801e-4,1370.476517,1505.41294,1857.056,0.709365579,982.7333305828868
633,331.692,0.707342526399714,0.267478660519449,663.384,2019_kk_088,Kusko,2019,0.709499455731187,0.275899622365695,2.0228655181991e-4,1370.476517,1505.41294,1857.056,0.709365579,982.7333305828868
634,332.216,0.70619104776569,0.267159111204007,664.432,2019_kk_088,Kusko,2019,0.709452290295786,0.276053691871851,1.5406950615581e-4,1370.476517,1505.41294,1857.056,0.709365579,982.7333305828868
635,332.74,0.714676880227437,0.269919591045188,665.48,2019_kk_088,Kusko,2019,0.709433071209922,0.276150004347063,9.63124752125788e-5,1370.476517,1505.41294,1857.056,0.709365579,982.7333305828868
636,333.264,0.70509849870884,0.263922002902231,666.528,2019_kk_088,Kusko,2019,0.709487676829416,0.276192982040801,4.29776937376225e-5,1370.476517,1505.41294,1857.056,0.709365579,982.7333305828868
637,333.788,0.708919340760606,0.264392602809964,667.576,2019_kk_088,Kusko,2019,0.70946177875546,0.276115385558974,-7.75964818268138e-5,1370.476517,1505.41294,1857.056,0.709365579,982.7333305828868
638,334.312,0.708656690350691,0.2659940204275,668.624,2019_kk_088,Kusko,2019,0.70941920693748,0.276022999182908,-9.2386376066067e-5,1370.476517,1505.41294,1857.056,0.709365579,982.7333305828868
639,334.836,0.712141453568263,0.264905573840391,669.672,2019_kk_088,Kusko,2019,0.709508806890562,0.275925115124113,-9.78840587948504e-5,1370.476517,1505.41294,1857.056,0.709365579,982.7333305828868
640,335.36,0.711052542715537,0.26434561452245,670.72,2019_kk_088,Kusko,2019,0.709563787437443,0.27588036697243,-4.47481516831494e-5,1370.476517,1505.41294,1857.056,0.709365579,982.7333305828868
641,335.884,0.712919334348903,0.264317153998345,671.768,2019_kk_088,Kusko,2019,0.709596268856374,0.275950385847332,7.00188749021557e-5,1370.476517,1505.41294,1857.056,0.709365579,982.7333305828868
642,336.408,0.70507344907156,0.266149188948017,672.816,2019_kk_088,Kusko,2019,0.709586318360916,0.275923496951972,-2.6888895359567e-5,1370.476517,1505.41294,1857.056,0.709365579,982.7333305828868
643,336.932,0.711586897639266,0.266756914125776,673.864,2019_kk_088,Kusko,2019,0.709610169347956,0.275904329044585,-1.91679073875961e-5,1370.476517,1505.41294,1857.056,0.709365579,982.7333305828868
644,337.456,0.707058352048152,0.271709607350266,674.912,2019_kk_088,Kusko,2019,0.709554580381631,0.275875195964369,-2.91330802162926e-5,1370.476517,1505.41294,1857.056,0.709365579,982.7333305828868
645,337.98,0.70864522822214,0.27676999962284,675.96,2019_kk_088,Kusko,2019,0.709522882717605,0.275860798375664,-1.43975887044734e-5,1370.476517,1505.41294,1857.056,0.709365579,982.7333305828868
646,338.504,0.71256237329691,0.278583920475896,677.008,2019_kk_088,Kusko,2019,0.709549623660081,0.275862787642233,1.98926656935772e-6,1370.476517,1505.41294,1857.056,0.709365579,982.7333305828868
647,339.028,0.704633096707221,0.274561914344501,678.056,2019_kk_088,Kusko,2019,0.709565321169526,0.275808595813198,-5.41918290357657e-5,1370.476517,1505.41294,1857.056,0.709365579,982.7333305828868
648,339.552,0.708458523874916,0.272935806208528,679.104,2019_kk_088,Kusko,2019,0.709540245804078,0.275895148475507,8.65526623090584e-5,1370.476517,1505.41294,1857.056,0.709365579,982.7333305828868
649,340.076,0.713444895022308,0.270168371127625,680.152,2019_kk_088,Kusko,2019,0.709520782485497,0.275904755368797,9.60689329071451e-6,1370.476517,1505.41294,1857.056,0.709365579,982.7333305828868
650,340.6,0.711262686699116,0.272016705972156,681.2,2019_kk_088,Kusko,2019,0.709501772157013,0.275951695611662,4.69402428643906e-5,1370.476517,1505.41294,1857.056,0.709365579,982.7333305828868
651,341.124,0.713435751792756,0.271683211537852,682.248,2019_kk_088,Kusko,2019,0.709502303510247,0.276097682409091,1.4598679742916e-4,1370.476517,1505.41294,1857.056,0.709365579,982.7333305828868
652,341.648,0.706133533151213,0.268932421244732,683.296,2019_kk_088,Kusko,2019,0.709551341369682,0.27626029240503,1.6260999593942e-4,1370.476517,1505.41294,1857.056,0.709365579,982.7333305828868
653,342.172,0.70983141302574,0.266174425985682,684.344,2019_kk_088,Kusko,2019,0.709482132977256,0.276368778767058,1.0848636202714e-4,1370.476517,1505.41294,1857.056,0.709365579,982.7333305828868
654,342.696,0.710498260451838,0.265425766104273,685.392,2019_kk_088,Kusko,2019,0.709510546476131,0.276515343522045,1.4656475498742e-4,1370.476517,1505.41294,1857.056,0.709365579,982.7333305828868
655,343.22,0.710498307359544,0.263242892411003,686.44,2019_kk_088,Kusko,2019,0.709478963952769,0.276650157196126,1.3481367408063e-4,1370.476517,1505.41294,1857.056,0.709365579,982.7333305828868
656,343.744,0.709371472019148,0.259891654147269,687.488,2019_kk_088,Kusko,2019,0.709484388309816,0.276814548632601,1.6439143647517e-4,1370.476517,1505.41294,1857.056,0.709365579,982.7333305828868
657,344.268,0.710216773358958,0.264667053551615,688.536,2019_kk_088,Kusko,2019,0.709495672492117,0.27706693589716,2.5238726455933e-4,1370.476517,1505.41294,1857.056,0.709365579,982.7333305828868
658,344.792,0.712922224437496,0.269450688730904,689.584,2019_kk_088,Kusko,2019,0.709487089694864,0.277355602252595,2.8866635543484e-4,1370.476517,1505.41294,1857.056,0.709365579,982.7333305828868
659,345.316,0.709204771940064,0.273243920493158,690.632,2019_kk_088,Kusko,2019,0.709523578189563,0.277503457632687,1.4785538009248e-4,1370.476517,1505.41294,1857.056,0.709365579,982.7333305828868
660,345.84,0.706145691941965,0.282556934046688,691.68,2019_kk_088,Kusko,2019,0.709519188831607,0.277758055263193,2.5459763050517e-4,1370.476517,1505.41294,1857.056,0.709365579,982.7333305828868
661,346.364,0.711791062905199,0.291788107525298,692.728,2019_kk_088,Kusko,2019,0.70954612365483,0.278012549777463,2.5449451427006e-4,1370.476517,1505.41294,1857.056,0.709365579,982.7333305828868
662,346.888,0.709679030678666,0.295592623779183,693.776,2019_kk_088,Kusko,2019,0.709538033193194,0.278209525778962,1.9697600149931e-4,1370.476517,1505.41294,1857.056,0.709365579,982.7333305828868
663,347.412,0.710587786398274,0.29959192910056,694.824,2019_kk_088,Kusko,2019,0.709583743283439,0.278434120917034,2.2459513807227e-4,1370.476517,1505.41294,1857.056,0.709365579,982.7333305828868
664,347.936,0.708935775112164,0.298069226020233,695.872,2019_kk_088,Kusko,2019,0.709650218361761,0.278715610881857,2.8148996482296e-4,1370.476517,1505.41294,1857.056,0.709365579,982.7333305828868
665,348.46,0.71032262557177706,0.29245569323208,696.92,2019_kk_088,Kusko,2019,0.709585231824517,0.278877782531643,1.6217164978588e-4,1370.476517,1505.41294,1857.056,0.709365579,982.7333305828868
666,348.984,0.712171562782244,0.287932576344105,697.968,2019_kk_088,Kusko,2019,0.709633390314662,0.279167122994476,2.8934046283302e-4,1370.476517,1505.41294,1857.056,0.709365579,982.7333305828868
667,349.508,0.707202126580158,0.282983981275299,699.016,2019_kk_088,Kusko,2019,0.709641801359206,0.279477642471256,3.1051947678023e-4,1370.476517,1505.41294,1857.056,0.709365579,982.7333305828868
668,350.032,0.708261495439768,0.281818505074619,700.064,2019_kk_088,Kusko,2019,0.709591517024606,0.279852954107722,3.7531163646603e-4,1370.476517,1505.41294,1857.056,0.709365579,982.7333305828868
669,350.556,0.709754637494263,0.283116891208305,701.112,2019_kk_088,Kusko,2019,0.709570049676798,0.280215584370596,3.626302628738e-4,1370.476517,1505.41294,1857.056,0.709365579,982.7333305828868
670,351.08,0.711805444044385,0.283354056310095,702.16,2019_kk_088,Kusko,2019,0.709501900237465,0.280616449324147,4.0086495355057e-4,1370.476517,1505.41294,1857.056,0.709365579,982.7333305828868
671,351.604,0.713534182704038,0.288588083774383,703.208,2019_kk_088,Kusko,2019,0.709495152097301,0.280932350179842,3.1590085569532e-4,1370.476517,1505.41294,1857.056,0.709365579,982.7333305828868
672,352.128,0.707918806566955,0.282973154267119,704.256,2019_kk_088,Kusko,2019,0.70956650649818,0.281200640817294,2.6829063745192e-4,1370.476517,1505.41294,1857.056,0.709365579,982.7333305828868
673,352.652,0.710346489650196,0.28508153398516,705.304,2019_kk_088,Kusko,2019,0.709530896230882,0.281453889240992,2.5324842369772e-4,1370.476517,1505.41294,1857.056,0.709365579,982.7333305828868
674,353.176,0.706275783148916,0.288879289557838,706.352,2019_kk_088,Kusko,2019,0.709593050490578,0.281644669373279,1.9078013228718e-4,1370.476517,1505.41294,1857.056,0.709365579,982.7333305828868
675,353.7,0.707883634751826,0.28937375069305,707.4,2019_kk_088,Kusko,2019,0.709602623519149,0.28174788385798,1.032144847014e-4,1370.476517,1505.41294,1857.056,0.709365579,982.7333305828868
676,354.224,0.708617161147235,0.289307014391199,708.448,2019_kk_088,Kusko,2019,0.709557340629271,0.281877558600532,1.2967474255143e-4,1370.476517,1505.41294,1857.056,0.709365579,982.7333305828868
677,354.748,0.708373362193695,0.284634386246303,709.496,2019_kk_088,Kusko,2019,0.709608061195174,0.282062187238244,1.8462863771245e-4,1370.476517,1505.41294,1857.056,0.709365579,982.7333305828868
678,355.272,0.710748422773584,0.290331005662805,710.544,2019_kk_088,Kusko,2019,0.709624806178059,0.282309396957777,2.4720971953234e-4,1370.476517,1505.41294,1857.056,0.709365579,982.7333305828868
679,355.796,0.708265496342507,0.285988278559672,711.592,2019_kk_088,Kusko,2019,0.70960737216198,0.282699097371543,3.8970041376601e-4,1370.476517,1505.41294,1857.056,0.709365579,982.7333305828868
680,356.32,0.707461901761119,0.285966332656018,712.64,2019_kk_088,Kusko,2019,0.709524666883399,0.282977894323067,2.7879695152471e-4,1370.476517,1505.41294,1857.056,0.709365579,982.7333305828868
681,356.844,0.70930685873654,0.287069299469611,713.688,2019_kk_088,Kusko,2019,0.709481914473645,0.283275540217787,2.9764589471914e-4,1370.476517,1505.41294,1857.056,0.709365579,982.7333305828868
682,357.368,0.710893488408311,0.28655658102279,714.736,2019_kk_088,Kusko,2019,0.7095081857952,0.283656608788616,3.8106857082992e-4,1370.476517,1505.41294,1857.056,0.709365579,982.7333305828868
683,357.892,0.707276619370121,0.28506258347896,715.784,2019_kk_088,Kusko,2019,0.709472271959553,0.284102058950718,4.4545016210167e-4,1370.476517,1505.41294,1857.056,0.709365579,982.7333305828868
684,358.416,0.7068290636326,0.284364999611781,716.832,2019_kk_088,Kusko,2019,0.709402565768443,0.28460012931034,4.9807035962234e-4,1370.476517,1505.41294,1857.056,0.709365579,982.7333305828868
685,358.94,0.704978077316071,0.281627889865886,717.88,2019_kk_088,Kusko,2019,0.709400834745644,0.285129504011524,5.2937470118369e-4,1370.476517,1505.41294,1857.056,0.709365579,982.7333305828868
686,359.464,0.707863216293575,0.280369478990894,718.928,2019_kk_088,Kusko,2019,0.709337863939529,0.285617743624098,4.8823961257421e-4,1370.476517,1505.41294,1857.056,0.709365579,982.7333305828868
687,359.988,0.712106130501151,0.283151542381508,719.976,2019_kk_088,Kusko,2019,0.709250178209357,0.286084160385332,4.6641676123371e-4,1370.476517,1505.41294,1857.056,0.709365579,982.7333305828868
688,360.512,0.710013940964822,0.285147051025641,721.024,2019_kk_088,Kusko,2019,0.70916695105474,0.28647386966747,3.8970928213744e-4,1370.476517,1505.41294,1857.056,0.709365579,982.7333305828868
689,361.036,0.711739578069297,0.281318107035743,722.072,2019_kk_088,Kusko,2019,0.709191304726928,0.286805221852702,3.313521852325e-4,1370.476517,1505.41294,1857.056,0.709365579,982.7333305828868
690,361.56,0.7099712319939,0.282761506982735,723.12,2019_kk_088,Kusko,2019,0.709221963503192,0.286967997012329,1.6277515962653e-4,1370.476517,1505.41294,1857.056,0.709365579,982.7333305828868
691,362.084,0.712330281172894,0.282442486691245,724.168,2019_kk_088,Kusko,2019,0.70916751851978,0.287014338629943,4.63416176147979e-5,1370.476517,1505.41294,1857.056,0.709365579,982.7333305828868
692,362.608,0.711054700179406,0.277517872819279,725.216,2019_kk_088,Kusko,2019,0.709137279711867,0.287024394285922,1.00556559786691e-5,1370.476517,1505.41294,1857.056,0.709365579,982.7333305828868
693,363.132,0.710085131814403,0.280954368803785,726.264,2019_kk_088,Kusko,2019,0.709079329295811,0.286860730126025,-1.6366415989671e-4,1370.476517,1505.41294,1857.056,0.709365579,982.7333305828868
694,363.656,0.710179552465015,0.284048509093386,727.312,2019_kk_088,Kusko,2019,0.709082109609746,0.2867532538346,-1.0747629142487e-4,1370.476517,1505.41294,1857.056,0.709365579,982.7333305828868
695,364.18,0.710777687992781,0.279649890032338,728.36,2019_kk_088,Kusko,2019,0.709094913834131,0.286727837003415,-2.54168311849545e-5,1370.476517,1505.41294,1857.056,0.709365579,982.7333305828868
696,364.704,0.707988008117561,0.281282430672213,729.408,2019_kk_088,Kusko,2019,0.708989489622616,0.286762218301163,3.43812977475211e-5,1370.476517,1505.41294,1857.056,0.709365579,982.7333305828868
697,365.228,0.709424003433249,0.283023771416777,730.456,2019_kk_088,Kusko,2019,0.709030914617531,0.286892512779466,1.3029447830287e-4,1370.476517,1505.41294,1857.056,0.709365579,982.7333305828868
698,365.752,0.705639630274695,0.288512718615463,731.504,2019_kk_088,Kusko,2019,0.709079553922825,0.287048027600728,1.5551482126191e-4,1370.476517,1505.41294,1857.056,0.709365579,982.7333305828868
699,366.276,0.710853412699767,0.28666338961282,732.552,2019_kk_088,Kusko,2019,0.709047005263987,0.2872396059778,1.9157837707251e-4,1370.476517,1505.41294,1857.056,0.709365579,982.7333305828868
700,366.8,0.706963576355548,0.288397511735487,733.6,2019_kk_088,Kusko,2019,0.708991403238006,0.287453157206182,2.135512283819e-4,1370.476517,1505.41294,1857.056,0.709365579,982.7333305828868
701,367.324,0.71251444593907,0.283271205340065,734.648,2019_kk_088,Kusko,2019,0.708917924459315,0.287548715540057,9.55583338746457e-5,1370.476517,1505.41294,1857.056,0.709365579,982.7333305828868
702,367.848,0.709354713124273,0.282246627195132,735.696,2019_kk_088,Kusko,2019,0.708886348773097,0.287681015030218,1.3229949016119e-4,1370.476517,1505.41294,1857.056,0.709365579,982.7333305828868
703,368.372,0.709450281601383,0.281951819547641,736.744,2019_kk_088,Kusko,2019,0.70893996370889,0.287786738603978,1.057235737597e-4,1370.476517,1505.41294,1857.056,0.709365579,982.7333305828868
704,368.896,0.710787607629957,0.2831564152875,737.792,2019_kk_088,Kusko,2019,0.708939227790879,0.287780913733566,-5.82487041184132e-6,1370.476517,1505.41294,1857.056,0.709365579,982.7333305828868
705,369.42,0.709219609936389,0.282962868704922,738.84,2019_kk_088,Kusko,2019,0.708911130027284,0.287729303504437,-5.16102291288068e-5,1370.476517,1505.41294,1857.056,0.709365579,982.7333305828868
706,369.944,0.709845399904198,0.286364405028985,739.888,2019_kk_088,Kusko,2019,0.708871874168193,0.2877306102043,1.30669986325715e-6,1370.476517,1505.41294,1857.056,0.709365579,982.7333305828868
707,370.468,0.707676330661408,0.285639632607247,740.936,2019_kk_088,Kusko,2019,0.708873373582656,0.287849539838769,1.1892963446819e-4,1370.476517,1505.41294,1857.056,0.709365579,982.7333305828868
708,370.992,0.709463222848002,0.28776838938047,741.984,2019_kk_088,Kusko,2019,0.708912243154822,0.287888196902609,3.8657063840597e-5,1370.476517,1505.41294,1857.056,0.709365579,982.7333305828868
709,371.516,0.712398854057604,0.293550395953586,743.032,2019_kk_088,Kusko,2019,0.708893166579859,0.28794827973429,6.00828316806301e-5,1370.476517,1505.41294,1857.056,0.709365579,982.7333305828868
710,372.04,0.706300369984238,0.288744523063644,744.08,2019_kk_088,Kusko,2019,0.708975195859955,0.28805194170036,1.0366196606986e-4,1370.476517,1505.41294,1857.056,0.709365579,982.7333305828868
711,372.564,0.710870607207501,0.289541965220998,745.128,2019_kk_088,Kusko,2019,0.708927447459928,0.288111173384089,5.92316837294549e-5,1370.476517,1505.41294,1857.056,0.709365579,982.7333305828868
712,373.088,0.707709812444547,0.291796535494527,746.176,2019_kk_088,Kusko,2019,0.708847486143735,0.288185166307247,7.39929231579617e-5,1370.476517,1505.41294,1857.056,0.709365579,982.7333305828868
713,373.612,0.707676582886926,0.292901435711783,747.224,2019_kk_088,Kusko,2019,0.708897137921528,0.288307538411628,1.2237210438143e-4,1370.476517,1505.41294,1857.056,0.709365579,982.7333305828868
714,374.136,0.70631588898525,0.295309987681615,748.272,2019_kk_088,Kusko,2019,0.708911966185205,0.288451628172241,1.4408976061292e-4,1370.476517,1505.41294,1857.056,0.709365579,982.7333305828868
715,374.66,0.710394445991567,0.295005374482024,749.32,2019_kk_088,Kusko,2019,0.708980166379966,0.288650313954035,1.9868578179366e-4,1370.476517,1505.41294,1857.056,0.709365579,982.7333305828868
716,375.184,0.70559322365227,0.289186030901721,750.368,2019_kk_088,Kusko,2019,0.709029402419784,0.288905140512101,2.5482655806563e-4,1370.476517,1505.41294,1857.056,0.709365579,982.7333305828868
717,375.708,0.704955629548644,0.292652059225636,751.416,2019_kk_088,Kusko,2019,0.708997216788737,0.289117978236983,2.128377248825e-4,1370.476517,1505.41294,1857.056,0.709365579,982.7333305828868
718,376.232,0.707928595160478,0.292833245659153,752.464,2019_kk_088,Kusko,2019,0.708973277198913,0.289244637181356,1.2665894437308e-4,1370.476517,1505.41294,1857.056,0.709365579,982.7333305828868
719,376.756,0.710665992271307,0.293125051607111,753.512,2019_kk_088,Kusko,2019,0.708952943513672,0.28945607174287,2.1143456151362e-4,1370.476517,1505.41294,1857.056,0.709365579,982.7333305828868
720,377.28,0.7079852185178,0.29232344362428,754.56,2019_kk_088,Kusko,2019,0.708933001175983,0.289641777254857,1.8570551198671e-4,1370.476517,1505.41294,1857.056,0.709365579,982.7333305828868
721,377.804,0.70852436390048,0.294568604582182,755.608,2019_kk_088,Kusko,2019,0.708839188017775,0.289807745222259,1.6596796740209e-4,1370.476517,1505.41294,1857.056,0.709365579,982.7333305828868
722,378.328,0.707864702203929,0.296195963137906,756.656,2019_kk_088,Kusko,2019,0.708869758346487,0.289992077038066,1.8433181580757e-4,1370.476517,1505.41294,1857.056,0.709365579,982.7333305828868
723,378.852,0.707110761434901,0.289772079506756,757.704,2019_kk_088,Kusko,2019,0.70872445116249,0.290181738122846,1.8966108477969e-4,1370.476517,1505.41294,1857.056,0.709365579,982.7333305828868
724,379.376,0.709102593948269,0.291620648534739,758.752,2019_kk_088,Kusko,2019,0.708677222080814,0.290277954192967,9.621607012128e-5,1370.476517,1505.41294,1857.056,0.709365579,982.7333305828868
725,379.9,0.711090879034893,0.290930683360982,759.8,2019_kk_088,Kusko,2019,0.708615888234474,0.290482700264351,2.0474607138371e-4,1370.476517,1505.41294,1857.056,0.709365579,982.7333305828868
726,380.424,0.70584611009129,0.289995454208956,760.848,2019_kk_088,Kusko,2019,0.708682974325336,0.290637252690727,1.5455242637596e-4,1370.476517,1505.41294,1857.056,0.709365579,982.7333305828868
727,380.948,0.709687626275075,0.290801649973472,761.896,2019_kk_088,Kusko,2019,0.708690942430595,0.290846955961686,2.097032709587e-4,1370.476517,1505.41294,1857.056,0.709365579,982.7333305828868
728,381.472,0.711179853757417,0.291149394350334,762.944,2019_kk_088,Kusko,2019,0.70876242362342,0.290967750433785,1.2079447209967e-4,1370.476517,1505.41294,1857.056,0.709365579,982.7333305828868
729,381.996,0.707801717963955,0.294611593832657,763.992,2019_kk_088,Kusko,2019,0.708725298312442,0.291003204247913,3.54538141277283e-5,1370.476517,1505.41294,1857.056,0.709365579,982.7333305828868
730,382.52,0.708469322485571,0.296167130013006,765.04,2019_kk_088,Kusko,2019,0.708734094437447,0.291022649299132,1.94450512188693e-5,1370.476517,1505.41294,1857.056,0.709365579,982.7333305828868
731,383.044,0.709125455982568,0.294321583806862,766.088,2019_kk_088,Kusko,2019,0.708615830081392,0.291164969226777,1.4231992764524e-4,1370.476517,1505.41294,1857.056,0.709365579,982.7333305828868
732,383.568,0.706024265393862,0.290911123676788,767.136,2019_kk_088,Kusko,2019,0.708577195915378,0.291319241317343,1.5427209056556e-4,1370.476517,1505.41294,1857.056,0.709365579,982.7333305828868
733,384.092,0.71356338579779,0.291424948410744,768.184,2019_kk_088,Kusko,2019,0.708592104285264,0.291451573794226,1.3233247688326e-4,1370.476517,1505.41294,1857.056,0.709365579,982.7333305828868
734,384.616,0.706231628068263,0.288529797333128,769.232,2019_kk_088,Kusko,2019,0.708534142766547,0.291517498176624,6.59243823976641e-5,1370.476517,1505.41294,1857.056,0.709365579,982.7333305828868
735,385.14,0.706197768936148,0.28627713694532,770.28,2019_kk_088,Kusko,2019,0.708552060841609,0.291602470841962,8.49726653380234e-5,1370.476517,1505.41294,1857.056,0.709365579,982.7333305828868
736,385.664,0.706261809601757,0.289385416382994,771.328,2019_kk_088,Kusko,2019,0.708521968176963,0.291584261903577,-1.82089383845008e-5,1370.476517,1505.41294,1857.056,0.709365579,982.7333305828868
737,386.188,0.70846332706145,0.291770164314393,772.376,2019_kk_088,Kusko,2019,0.708537980835326,0.291574924163407,-9.33774017014555e-6,1370.476517,1505.41294,1857.056,0.709365579,982.7333305828868
738,386.712,0.713080597103582,0.29265042949324,773.424,2019_kk_088,Kusko,2019,0.708539735192628,0.291539417798206,-3.5506365200666e-5,1370.476517,1505.41294,1857.056,0.709365579,982.7333305828868
739,387.236,0.707120901844669,0.28959324846051,774.472,2019_kk_088,Kusko,2019,0.708530557022098,0.291436733818973,-1.0268397923335e-4,1370.476517,1505.41294,1857.056,0.709365579,982.7333305828868
740,387.76,0.71238365856692,0.292186050620212,775.52,2019_kk_088,Kusko,2019,0.708596606478008,0.291413193766738,-2.35400522345941e-5,1370.476517,1505.41294,1857.056,0.709365579,982.7333305828868
741,388.284,0.706441954734927,0.290623200493378,776.568,2019_kk_088,Kusko,2019,0.708527362434756,0.291411023220519,-2.17054621964863e-6,1370.476517,1505.41294,1857.056,0.709365579,982.7333305828868
742,388.808,0.706095809436724,0.290996156412266,777.616,2019_kk_088,Kusko,2019,0.708583352010385,0.291415554943666,4.5317231472386e-6,1370.476517,1505.41294,1857.056,0.709365579,982.7333305828868
743,389.332,0.710255726037689,0.292404909741847,778.664,2019_kk_088,Kusko,2019,0.708554566258293,0.291364850991376,-5.07039522896213e-5,1370.476517,1505.41294,1857.056,0.709365579,982.7333305828868
744,389.856,0.707718759453196,0.293010385248557,779.712,2019_kk_088,Kusko,2019,0.708627850567242,0.291233387559462,-1.3146343191461e-4,1370.476517,1505.41294,1857.056,0.709365579,982.7333305828868
745,390.38,0.70907008900174,0.293549036773507,780.76,2019_kk_088,Kusko,2019,0.708649074142314,0.291139038840552,-9.43487189101755e-5,1370.476517,1505.41294,1857.056,0.709365579,982.7333305828868
746,390.904,0.710817378682657,0.295659072474834,781.808,2019_kk_088,Kusko,2019,0.708714065375679,0.29113389936724,-5.13947331109987e-6,1370.476517,1505.41294,1857.056,0.709365579,982.7333305828868
747,391.428,0.710174992638316,0.29592180587446,782.856,2019_kk_088,Kusko,2019,0.708785785243015,0.291086826972245,-4.70723949954066e-5,1370.476517,1505.41294,1857.056,0.709365579,982.7333305828868
748,391.952,0.708577565575422,0.292746587688025,783.904,2019_kk_088,Kusko,2019,0.708808911557824,0.291058989215723,-2.78377565216537e-5,1370.476517,1505.41294,1857.056,0.709365579,982.7333305828868
749,392.476,0.710519556954842,0.294004180726564,784.952,2019_kk_088,Kusko,2019,0.708764684157069,0.290950129152762,-1.0886006296129e-4,1370.476517,1505.41294,1857.056,0.709365579,982.7333305828868
750,393,0.708774691732512,0.293903837701939,786,2019_kk_088,Kusko,2019,0.708760888399074,0.290835283708026,-1.1484544473661e-4,1370.476517,1505.41294,1857.056,0.709365579,982.7333305828868
751,393.524,0.706701491680468,0.292400564735371,787.048,2019_kk_088,Kusko,2019,0.708800591097773,0.290681849964804,-1.5343374322157e-4,1370.476517,1505.41294,1857.056,0.709365579,982.7333305828868
752,394.048,0.712888919902108,0.288577781767733,788.096,2019_kk_088,Kusko,2019,0.708864205710296,0.290523610836298,-1.5823912850587e-4,1370.476517,1505.41294,1857.056,0.709365579,982.7333305828868
753,394.572,0.70136670077457,0.292334033890566,789.144,2019_kk_088,Kusko,2019,0.708900525330756,0.290509336639856,-1.4274196441677e-5,1370.476517,1505.41294,1857.056,0.709365579,982.7333305828868
754,395.096,0.707345807564433,0.289821473300663,790.192,2019_kk_088,Kusko,2019,0.708847937445474,0.290392398299611,-1.1693834024584e-4,1370.476517,1505.41294,1857.056,0.709365579,982.7333305828868
755,395.62,0.707097657212392,0.291934654315359,791.24,2019_kk_088,Kusko,2019,0.708857078533738,0.290307347288021,-8.50510115898984e-5,1370.476517,1505.41294,1857.056,0.709365579,982.7333305828868
756,396.144,0.712013173569285,0.29055557625477,792.288,2019_kk_088,Kusko,2019,0.708849267209256,0.290272536273753,-3.48110142675551e-5,1370.476517,1505.41294,1857.056,0.709365579,982.7333305828868
757,396.668,0.709902089748791,0.2956059676743,793.336,2019_kk_088,Kusko,2019,0.708831795634127,0.290270164152769,-2.37212098380679e-6,1370.476517,1505.41294,1857.056,0.709365579,982.7333305828868
758,397.192,0.709928501844176,0.295760386941445,794.384,2019_kk_088,Kusko,2019,0.708864618647486,0.290238847454801,-3.13166979680757e-5,1370.476517,1505.41294,1857.056,0.709365579,982.7333305828868
759,397.716,0.708625894041103,0.288790618460487,795.432,2019_kk_088,Kusko,2019,0.708873797514805,0.290138586655837,-1.0026079896446e-4,1370.476517,1505.41294,1857.056,0.709365579,982.7333305828868
760,398.24,0.707491343855837,0.289564214808618,796.48,2019_kk_088,Kusko,2019,0.708949365121651,0.289986748230043,-1.5183842579424e-4,1370.476517,1505.41294,1857.056,0.709365579,982.7333305828868
761,398.764,0.705418584575788,0.291810400998779,797.528,2019_kk_088,Kusko,2019,0.708966596630079,0.289902530059762,-8.42181702803702e-5,1370.476517,1505.41294,1857.056,0.709365579,982.7333305828868
762,399.288,0.707036663163456,0.291502952629065,798.576,2019_kk_088,Kusko,2019,0.709029614661115,0.289872340948103,-3.01891116591957e-5,1370.476517,1505.41294,1857.056,0.709365579,982.7333305828868
763,399.812,0.710344783794553,0.289891768160639,799.624,2019_kk_088,Kusko,2019,0.70896235081364,0.289876712617878,4.37166977512726e-6,1370.476517,1505.41294,1857.056,0.709365579,982.7333305828868
764,400.336,0.707309916506944,0.28711187823136,800.672,2019_kk_088,Kusko,2019,0.709017207485492,0.289937718050615,6.10054327369047e-5,1370.476517,1505.41294,1857.056,0.709365579,982.7333305828868
765,400.86,0.710294694440072,0.288061228625201,801.72,2019_kk_088,Kusko,2019,0.709081185962394,0.290006481788064,6.87637374486849e-5,1370.476517,1505.41294,1857.056,0.709365579,982.7333305828868
766,401.384,0.708039840025462,0.285271868725916,802.768,2019_kk_088,Kusko,2019,0.70917177013361,0.290120335454885,1.1385366682131e-4,1370.476517,1505.41294,1857.056,0.709365579,982.7333305828868
767,401.908,0.70863709016318,0.285079368197038,803.816,2019_kk_088,Kusko,2019,0.709162731962341,0.290218827288742,9.84918338566287e-5,1370.476517,1505.41294,1857.056,0.709365579,982.7333305828868
768,402.432,0.709568484286139,0.285638007468433,804.864,2019_kk_088,Kusko,2019,0.709038049389035,0.290258071835508,3.92445467664593e-5,1370.476517,1505.41294,1857.056,0.709365579,982.7333305828868
769,402.956,0.711848163825803,0.287389357199586,805.912,2019_kk_088,Kusko,2019,0.709077190189259,0.290329792625761,7.17207902531936e-5,1370.476517,1505.41294,1857.056,0.709365579,982.7333305828868
770,403.48,0.710263337338819,0.287332119929568,806.96,2019_kk_088,Kusko,2019,0.709018420563978,0.290460721216998,1.3092859123664e-4,1370.476517,1505.41294,1857.056,0.709365579,982.7333305828868
771,404.004,0.706715964612347,0.289411732447818,808.008,2019_kk_088,Kusko,2019,0.709059369886919,0.29057714435334703,1.1642313634863e-4,1370.476517,1505.41294,1857.056,0.709365579,982.7333305828868
772,404.528,0.711069186982293,0.292068438883362,809.056,2019_kk_088,Kusko,2019,0.7091664078912,0.290624608692962,4.7464339615555e-5,1370.476517,1505.41294,1857.056,0.709365579,982.7333305828868
773,405.052,0.705949437761442,0.289859198574403,810.104,2019_kk_088,Kusko,2019,0.709134542300437,0.290685875313766,6.12666208041901e-5,1370.476517,1505.41294,1857.056,0.709365579,982.7333305828868
774,405.576,0.710712947522198,0.287422181766738,811.152,2019_kk_088,Kusko,2019,0.709167646190421,0.290762071742756,7.61964289897055e-5,1370.476517,1505.41294,1857.056,0.709365579,982.7333305828868
775,406.1,0.711667860495875,0.289344451347413,812.2,2019_kk_088,Kusko,2019,0.709180951011734,0.29074556487977,-1.65068629864873e-5,1370.476517,1505.41294,1857.056,0.709365579,982.7333305828868
776,406.624,0.709492697654176,0.288877662503055,813.248,2019_kk_088,Kusko,2019,0.709161806954911,0.290742496778307,-3.06810146294412e-6,1370.476517,1505.41294,1857.056,0.709365579,982.7333305828868
777,407.148,0.709258821588822,0.289827715525911,814.296,2019_kk_088,Kusko,2019,0.709164461552592,0.290775676216341,3.31794380342143e-5,1370.476517,1505.41294,1857.056,0.709365579,982.7333305828868
778,407.672,0.709316174049016,0.291162980267856,815.344,2019_kk_088,Kusko,2019,0.709167793520385,0.290837849558188,6.21733418469939e-5,1370.476517,1505.41294,1857.056,0.709365579,982.7333305828868
779,408.196,0.708012348225944,0.286593447829434,816.392,2019_kk_088,Kusko,2019,0.709080614085506,0.290858614763712,2.07652055243535e-5,1370.476517,1505.41294,1857.056,0.709365579,982.7333305828868
780,408.72,0.707757473038114,0.285432716940083,817.44,2019_kk_088,Kusko,2019,0.709075029063921,0.290912568445288,5.39536815759578e-5,1370.476517,1505.41294,1857.056,0.709365579,982.7333305828868
781,409.244,0.710906525822436,0.285362579988887,818.488,2019_kk_088,Kusko,2019,0.709154921469052,0.291012736859194,1.0016841390614e-4,1370.476517,1505.41294,1857.056,0.709365579,982.7333305828868
782,409.768,0.711681578955309,0.28670161542755,819.536,2019_kk_088,Kusko,2019,0.709061171291595,0.291197842946604,1.8510608741007e-4,1370.476517,1505.41294,1857.056,0.709365579,982.7333305828868
783,410.292,0.709289938662505,0.288915627720257,820.584,2019_kk_088,Kusko,2019,0.709179473877902,0.291293102532707,9.52595861026251e-5,1370.476517,1505.41294,1857.056,0.709365579,982.7333305828868
784,410.816,0.705947320831346,0.284604348119989,821.632,2019_kk_088,Kusko,2019,0.709161309478615,0.291456684646435,1.6358211372841e-4,1370.476517,1505.41294,1857.056,0.709365579,982.7333305828868
785,411.34,0.71163934433076,0.285827622665586,822.68,2019_kk_088,Kusko,2019,0.709204594151912,0.291650935781394,1.9425113495891e-4,1370.476517,1505.41294,1857.056,0.709365579,982.7333305828868
786,411.864,0.705377430622372,0.287906793352904,823.728,2019_kk_088,Kusko,2019,0.709105221699767,0.291935582122988,2.8464634159375e-4,1370.476517,1505.41294,1857.056,0.709365579,982.7333305828868
787,412.388,0.7086393317673,0.290659322714445,824.776,2019_kk_088,Kusko,2019,0.709096372864751,0.292122507834386,1.8692571139811e-4,1370.476517,1505.41294,1857.056,0.709365579,982.7333305828868
788,412.912,0.713149234558969,0.28927039247225,825.824,2019_kk_088,Kusko,2019,0.709087100575771,0.292316220496798,1.937126624123e-4,1370.476517,1505.41294,1857.056,0.709365579,982.7333305828868
789,413.436,0.708352450003089,0.288595945894788,826.872,2019_kk_088,Kusko,2019,0.709052770182758,0.292595744991649,2.7952449485074e-4,1370.476517,1505.41294,1857.056,0.709365579,982.7333305828868
790,413.96,0.713003378896348,0.287056824465352,827.92,2019_kk_088,Kusko,2019,0.709095057377831,0.292808938140132,2.1319314848283e-4,1370.476517,1505.41294,1857.056,0.709365579,982.7333305828868
791,414.484,0.710159346488223,0.289268493590038,828.968,2019_kk_088,Kusko,2019,0.709198062961274,0.292973945092321,1.6500695218857e-4,1370.476517,1505.41294,1857.056,0.709365579,982.7333305828868
792,415.008,0.709805347256005,0.289099776977238,830.016,2019_kk_088,Kusko,2019,0.709247199736012,0.293162058027203,1.8811293488246e-4,1370.476517,1505.41294,1857.056,0.709365579,982.7333305828868
793,415.532,0.709527554949341,0.291687248597251,831.064,2019_kk_088,Kusko,2019,0.709214447061772,0.293416247461463,2.5418943426047e-4,1370.476517,1505.41294,1857.056,0.709365579,982.7333305828868
794,416.056,0.709523028379384,0.292190123297345,832.112,2019_kk_088,Kusko,2019,0.709232158566841,0.293712929753133,2.966822916699e-4,1370.476517,1505.41294,1857.056,0.709365579,982.7333305828868
795,416.58,0.71003647755022,0.290402961192241,833.16,2019_kk_088,Kusko,2019,0.709192612850247,0.294060830865136,3.4790111200222e-4,1370.476517,1505.41294,1857.056,0.709365579,982.7333305828868
796,417.104,0.711696859874757,0.296216636392274,834.208,2019_kk_088,Kusko,2019,0.709157338337695,0.294320665473836,2.5983460870071e-4,1370.476517,1505.41294,1857.056,0.709365579,982.7333305828868
797,417.628,0.707921036785312,0.29767967434579,835.256,2019_kk_088,Kusko,2019,0.709266273494028,0.294607104466187,2.8643899235075e-4,1370.476517,1505.41294,1857.056,0.709365579,982.7333305828868
798,418.152,0.705599642705207,0.295005102299231,836.304,2019_kk_088,Kusko,2019,0.709223261357471,0.294915966321955,3.0886185576756e-4,1370.476517,1505.41294,1857.056,0.709365579,982.7333305828868
799,418.676,0.709469349858087,0.293896495875702,837.352,2019_kk_088,Kusko,2019,0.709157904680403,0.29531759475402,4.0162843206559e-4,1370.476517,1505.41294,1857.056,0.709365579,982.7333305828868
800,419.2,0.708857481050098,0.300041766094413,838.4,2019_kk_088,Kusko,2019,0.709165810259982,0.295728060983246,4.1046622922535e-4,1370.476517,1505.41294,1857.056,0.709365579,982.7333305828868
801,419.724,0.708898914111329,0.297608588674292,839.448,2019_kk_088,Kusko,2019,0.709211912625471,0.296127935731571,3.9987474832581e-4,1370.476517,1505.41294,1857.056,0.709365579,982.7333305828868
802,420.248,0.712518089693594,0.293844016789202,840.496,2019_kk_088,Kusko,2019,0.709231165753025,0.2966328605525,5.0492482092889e-4,1370.476517,1505.41294,1857.056,0.709365579,982.7333305828868
803,420.772,0.70834379059191,0.2960809069901,841.544,2019_kk_088,Kusko,2019,0.709294603555082,0.297164042255816,5.3118170331562e-4,1370.476517,1505.41294,1857.056,0.709365579,982.7333305828868
804,421.296,0.709704992852273,0.297582170987942,842.592,2019_kk_088,Kusko,2019,0.709237706164355,0.297834173963835,6.7013170801916e-4,1370.476517,1505.41294,1857.056,0.709365579,982.7333305828868
805,421.82,0.709868378280497,0.292558624994314,843.64,2019_kk_088,Kusko,2019,0.709180182572447,0.29839106931741,5.5689535357444e-4,1370.476517,1505.41294,1857.056,0.709365579,982.7333305828868
806,422.344,0.70966873527329,0.295474986387058,844.688,2019_kk_088,Kusko,2019,0.709184894780116,0.29894389801213,5.5282869472078e-4,1370.476517,1505.41294,1857.056,0.709365579,982.7333305828868
807,422.868,0.710334268499157,0.297912572156512,845.736,2019_kk_088,Kusko,2019,0.709264566245705,0.29942751404448,4.8361603234925e-4,1370.476517,1505.41294,1857.056,0.709365579,982.7333305828868
808,423.392,0.70877748364303494,0.296476988198844,846.784,2019_kk_088,Kusko,2019,0.709302306711514,0.299797117861552,3.6960381707273e-4,1370.476517,1505.41294,1857.056,0.709365579,982.7333305828868
809,423.916,0.705288790862056,0.295250093058026,847.832,2019_kk_088,Kusko,2019,0.709288677133589,0.300272802347865,4.7568448631274e-4,1370.476517,1505.41294,1857.056,0.709365579,982.7333305828868
810,424.44,0.708439590437456,0.297141058596497,848.88,2019_kk_088,Kusko,2019,0.709311657884942,0.300793987430453,5.2118508258808e-4,1370.476517,1505.41294,1857.056,0.709365579,982.7333305828868
811,424.964,0.711495035988307,0.298410669569737,849.928,2019_kk_088,Kusko,2019,0.709282551672915,0.301240955299116,4.4696786866332e-4,1370.476517,1505.41294,1857.056,0.709365579,982.7333305828868
812,425.488,0.707263909254689,0.299684147012337,850.976,2019_kk_088,Kusko,2019,0.709219035236413,0.301697284993357,4.5632969424047e-4,1370.476517,1505.41294,1857.056,0.709365579,982.7333305828868
813,426.012,0.708464855953018,0.298049609056722,852.024,2019_kk_088,Kusko,2019,0.709268891404676,0.302139683943338,4.423989499806e-4,1370.476517,1505.41294,1857.056,0.709365579,982.7333305828868
814,426.536,0.706255943607217,0.299636400124367,853.072,2019_kk_088,Kusko,2019,0.709351557103055,0.302561377150513,4.2169320717566e-4,1370.476517,1505.41294,1857.056,0.709365579,982.7333305828868
815,427.06,0.70969473761018,0.303589722412895,854.12,2019_kk_088,Kusko,2019,0.709359804678818,0.302956469981141,3.9509283062733e-4,1370.476517,1505.41294,1857.056,0.709365579,982.7333305828868
816,427.584,0.706050826440596,0.307634356750397,855.168,2019_kk_088,Kusko,2019,0.70940124741337,0.303417306087487,4.6083610634672e-4,1370.476517,1505.41294,1857.056,0.709365579,982.7333305828868
817,428.108,0.709371159647853,0.306821510358186,856.216,2019_kk_088,Kusko,2019,0.70939302602878,0.303719333106596,3.0202701910853e-4,1370.476517,1505.41294,1857.056,0.709365579,982.7333305828868
818,428.632,0.709372164505368,0.307383146686184,857.264,2019_kk_088,Kusko,2019,0.709327809278076,0.304062519331487,3.4318622489082e-4,1370.476517,1505.41294,1857.056,0.709365579,982.7333305828868
819,429.156,0.706566070460305,0.305562088151531,858.312,2019_kk_088,Kusko,2019,0.709318346312854,0.304485410582009,4.2289125052197e-4,1370.476517,1505.41294,1857.056,0.709365579,982.7333305828868
820,429.68,0.710028575560193,0.302355803717591,859.36,2019_kk_088,Kusko,2019,0.709220326396969,0.304983198536109,4.9778795410004e-4,1370.476517,1505.41294,1857.056,0.709365579,982.7333305828868
821,430.204,0.711598919582382,0.301710818130093,860.408,2019_kk_088,Kusko,2019,0.709115151578465,0.305393883559475,4.1068502336605e-4,1370.476517,1505.41294,1857.056,0.709365579,982.7333305828868
822,430.728,0.709984869647743,0.302789728722015,861.456,2019_kk_088,Kusko,2019,0.709138981106765,0.305818786221857,4.2490266238243e-4,1370.476517,1505.41294,1857.056,0.709365579,982.7333305828868
823,431.252,0.708379623340181,0.305143134216267,862.504,2019_kk_088,Kusko,2019,0.709169899470876,0.306248032202347,4.2924598048965e-4,1370.476517,1505.41294,1857.056,0.709365579,982.7333305828868
824,431.776,0.70837260681106,0.304912815731554,863.552,2019_kk_088,Kusko,2019,0.709141373102609,0.306672469835593,4.2443763324573e-4,1370.476517,1505.41294,1857.056,0.709365579,982.7333305828868
825,432.3,0.707921951444434,0.308935295345332,864.6,2019_kk_088,Kusko,2019,0.709122853599639,0.30716750114284,4.9503130724765e-4,1370.476517,1505.41294,1857.056,0.709365579,982.7333305828868
826,432.824,0.70592336927234,0.30086194524796,865.648,2019_kk_088,Kusko,2019,0.709071913933356,0.307499312322631,3.3181117979053e-4,1370.476517,1505.41294,1857.056,0.709365579,982.7333305828868
827,433.348,0.715173199543174,0.302265707738084,866.696,2019_kk_088,Kusko,2019,0.709087450772419,0.307778269689294,2.7895736666316e-4,1370.476517,1505.41294,1857.056,0.709365579,982.7333305828868
828,433.872,0.706987756092702,0.304169718814488,867.744,2019_kk_088,Kusko,2019,0.709210708149157,0.308059095053686,2.80825364392e-4,1370.476517,1505.41294,1857.056,0.709365579,982.7333305828868
829,434.396,0.707926763201736,0.311487063123521,868.792,2019_kk_088,Kusko,2019,0.709184780381265,0.308325827824325,2.6673277063887e-4,1370.476517,1505.41294,1857.056,0.709365579,982.7333305828868
830,434.92,0.710737672113578,0.311960093683089,869.84,2019_kk_088,Kusko,2019,0.709200299069437,0.308521882441617,1.9605461729177e-4,1370.476517,1505.41294,1857.056,0.709365579,982.7333305828868
831,435.444,0.709482106541644,0.313404217347366,870.888,2019_kk_088,Kusko,2019,0.70927150697133,0.308738150077573,2.16267635956e-4,1370.476517,1505.41294,1857.056,0.709365579,982.7333305828868
832,435.968,0.712224374635532,0.322363928139096,871.936,2019_kk_088,Kusko,2019,0.709258822610762,0.308967811379815,2.29661302242e-4,1370.476517,1505.41294,1857.056,0.709365579,982.7333305828868
833,436.492,0.709755705884853,0.321730100773339,872.984,2019_kk_088,Kusko,2019,0.709316314255652,0.309039725752683,7.19143728685756e-5,1370.476517,1505.41294,1857.056,0.709365579,982.7333305828868
834,437.016,0.707299104078624,0.327630084247887,874.032,2019_kk_088,Kusko,2019,0.709291840918602,0.309039194689019,-5.31063664321874e-7,1370.476517,1505.41294,1857.056,0.709365579,982.7333305828868
835,437.54,0.708216444981348,0.322758172561882,875.08,2019_kk_088,Kusko,2019,0.709270194710833,0.309115164765375,7.59700763564575e-5,1370.476517,1505.41294,1857.056,0.709365579,982.7333305828868
836,438.064,0.709775430114317,0.322047384186302,876.128,2019_kk_088,Kusko,2019,0.70928588855224,0.309192594781509,7.74300161336949e-5,1370.476517,1505.41294,1857.056,0.709365579,982.7333305828868
837,438.588,0.714039109524173,0.318844677466866,877.176,2019_kk_088,Kusko,2019,0.709186272215739,0.309209183468109,1.65886866001497e-5,1370.476517,1505.41294,1857.056,0.709365579,982.7333305828868
838,439.112,0.711580601997555,0.313339209292221,878.224,2019_kk_088,Kusko,2019,0.709142218929123,0.309315142386287,1.059589181776e-4,1370.476517,1505.41294,1857.056,0.709365579,982.7333305828868
839,439.636,0.707194573550441,0.315134517008198,879.272,2019_kk_088,Kusko,2019,0.70916443357994,0.30939588009363,8.07377073430704e-5,1370.476517,1505.41294,1857.056,0.709365579,982.7333305828868
840,440.16,0.709136318119274,0.316703821895367,880.32,2019_kk_088,Kusko,2019,0.709214845236279,0.309325233296304,-7.06467973253244e-5,1370.476517,1505.41294,1857.056,0.709365579,982.7333305828868
841,440.684,0.709160153100808,0.312180652108688,881.368,2019_kk_088,Kusko,2019,0.7091809994877,0.309216162278087,-1.0907101821705e-4,1370.476517,1505.41294,1857.056,0.709365579,982.7333305828868
842,441.208,0.707870592765204,0.314081397081976,882.416,2019_kk_088,Kusko,2019,0.709204854083441,0.309034481449586,-1.8168082850145e-4,1370.476517,1505.41294,1857.056,0.709365579,982.7333305828868
843,441.732,0.712281308758297,0.315459564719092,883.464,2019_kk_088,Kusko,2019,0.70916894585421,0.308841092278944,-1.9338917064187e-4,1370.476517,1505.41294,1857.056,0.709365579,982.7333305828868
844,442.256,0.710907262734068,0.30990594055053,884.512,2019_kk_088,Kusko,2019,0.70926534100815,0.308595059762826,-2.4603251611843e-4,1370.476517,1505.41294,1857.056,0.709365579,982.7333305828868
845,442.78,0.712134198876534,0.309533192503229,885.56,2019_kk_088,Kusko,2019,0.709203810967771,0.308168450016906,-4.2660974591973e-4,1370.476517,1505.41294,1857.056,0.709365579,982.7333305828868
846,443.304,0.707863994695494,0.315556959733707,886.608,2019_kk_088,Kusko,2019,0.709237379282978,0.307694879724092,-4.7357029281436e-4,1370.476517,1505.41294,1857.056,0.709365579,982.7333305828868
847,443.828,0.708146048691916,0.308780943860959,887.656,2019_kk_088,Kusko,2019,0.709259832917942,0.307241217409213,-4.5366231487808e-4,1370.476517,1505.41294,1857.056,0.709365579,982.7333305828868
848,444.352,0.709236229516706,0.309861565965699,888.704,2019_kk_088,Kusko,2019,0.709222098414521,0.3068884749747,-3.5274243451355e-4,1370.476517,1505.41294,1857.056,0.709365579,982.7333305828868
849,444.876,0.707784672089819,0.313969420926105,889.752,2019_kk_088,Kusko,2019,0.709326402288538,0.30666403405197,-2.2444092273027e-4,1370.476517,1505.41294,1857.056,0.709365579,982.7333305828868
850,445.4,0.707122183943204,0.316924101711357,890.8,2019_kk_088,Kusko,2019,0.709315932242588,0.306511383854524,-1.5265019744586e-4,1370.476517,1505.41294,1857.056,0.709365579,982.7333305828868
851,445.924,0.703848857378015,0.313909594992,891.848,2019_kk_088,Kusko,2019,0.709209534083111,0.306384548969422,-1.2683488510179e-4,1370.476517,1505.41294,1857.056,0.709365579,982.7333305828868
852,446.448,0.711235118953975,0.314593936720186,892.896,2019_kk_088,Kusko,2019,0.709197085865344,0.306248926955887,-1.3562201353534e-4,1370.476517,1505.41294,1857.056,0.709365579,982.7333305828868
853,446.972,0.711382656796047,0.317442007426628,893.944,2019_kk_088,Kusko,2019,0.709228147317458,0.306097672247369,-1.5125470851734e-4,1370.476517,1505.41294,1857.056,0.709365579,982.7333305828868
854,447.496,0.707811446283344,0.317656381292088,894.992,2019_kk_088,Kusko,2019,0.709240452458498,0.305929146245269,-1.6852600210071e-4,1370.476517,1505.41294,1857.056,0.709365579,982.7333305828868
855,448.02,0.708925307371993,0.3201048396271,896.04,2019_kk_088,Kusko,2019,0.709318756423464,0.305669705053361,-2.5944119190729e-4,1370.476517,1505.41294,1857.056,0.709365579,982.7333305828868
856,448.544,0.708640479897771,0.316125307179702,897.088,2019_kk_088,Kusko,2019,0.709348061325134,0.305503473179477,-1.6623187388448e-4,1370.476517,1505.41294,1857.056,0.709365579,982.7333305828868
857,449.068,0.708853247129117,0.31441711634558,898.136,2019_kk_088,Kusko,2019,0.709249384145043,0.305470327025623,-3.3146153853636e-5,1370.476517,1505.41294,1857.056,0.709365579,982.7333305828868
858,449.592,0.712995085309503,0.31185462416275,899.184,2019_kk_088,Kusko,2019,0.709352598256145,0.30543661885637,-3.37081692530217e-5,1370.476517,1505.41294,1857.056,0.709365579,982.7333305828868
859,450.116,0.707913683784566,0.309900462114037,900.232,2019_kk_088,Kusko,2019,0.70934490637917,0.305321821832046,-1.1479702432432e-4,1370.476517,1505.41294,1857.056,0.709365579,982.7333305828868
860,450.64,0.709788602340388,0.311805043131921,901.28,2019_kk_088,Kusko,2019,0.709329372078804,0.30527351606483,-4.83057672160947e-5,1370.476517,1505.41294,1857.056,0.709365579,982.7333305828868
861,451.164,0.713171388224901,0.310584646831652,902.328,2019_kk_088,Kusko,2019,0.70930906108794,0.305216275213368,-5.72408514619704e-5,1370.476517,1505.41294,1857.056,0.709365579,982.7333305828868
862,451.688,0.711757028059551,0.307623694923723,903.376,2019_kk_088,Kusko,2019,0.709271981852476,0.305052404992341,-1.6387022102687e-4,1370.476517,1505.41294,1857.056,0.709365579,982.7333305828868
863,452.212,0.711793289285268,0.300395769362215,904.424,2019_kk_088,Kusko,2019,0.709280892729201,0.30492285450081,-1.2955049153134e-4,1370.476517,1505.41294,1857.056,0.709365579,982.7333305828868
864,452.736,0.708236592629312,0.29755030716808,905.472,2019_kk_088,Kusko,2019,0.709319403356055,0.304632410744311,-2.9044375649861e-4,1370.476517,1505.41294,1857.056,0.709365579,982.7333305828868
865,453.26,0.708569605814333,0.297116829575701,906.52,2019_kk_088,Kusko,2019,0.709329101796435,0.304382725713771,-2.4968503054029e-4,1370.476517,1505.41294,1857.056,0.709365579,982.7333305828868
866,453.784,0.710610365757747,0.30012078735508,907.568,2019_kk_088,Kusko,2019,0.709308871961763,0.304055219840939,-3.275058728317e-4,1370.476517,1505.41294,1857.056,0.709365579,982.7333305828868
867,454.308,0.704357288309087,0.29890789335252,908.616,2019_kk_088,Kusko,2019,0.709189597231407,0.303784478393218,-2.7074144772093e-4,1370.476517,1505.41294,1857.056,0.709365579,982.7333305828868
868,454.832,0.706134286446071,0.302834523289501,909.664,2019_kk_088,Kusko,2019,0.709173536582796,0.303553997536868,-2.304808563498e-4,1370.476517,1505.41294,1857.056,0.709365579,982.7333305828868
869,455.356,0.706621669911096,0.300094355498612,910.712,2019_kk_088,Kusko,2019,0.709212845202615,0.303229701830458,-3.2429570640979e-4,1370.476517,1505.41294,1857.056,0.709365579,982.7333305828868
870,455.88,0.711464289817784,0.292902250756978,911.76,2019_kk_088,Kusko,2019,0.709193617494626,0.30297582123155,-2.5388059890818e-4,1370.476517,1505.41294,1857.056,0.709365579,982.7333305828868
871,456.404,0.709464291073521,0.291866408476714,912.808,2019_kk_088,Kusko,2019,0.709183066797398,0.302801569587812,-1.7425164373785e-4,1370.476517,1505.41294,1857.056,0.709365579,982.7333305828868
872,456.928,0.708695184999198,0.288783297302251,913.856,2019_kk_088,Kusko,2019,0.709180437156515,0.302674470270735,-1.2709931707777e-4,1370.476517,1505.41294,1857.056,0.709365579,982.7333305828868
873,457.452,0.706310362199154,0.286446258818209,914.904,2019_kk_088,Kusko,2019,0.709178132305541,0.302401113173484,-2.7335709725068e-4,1370.476517,1505.41294,1857.056,0.709365579,982.7333305828868
874,457.976,0.71203965284357,0.284874449157262,915.952,2019_kk_088,Kusko,2019,0.709163402519183,0.302158555169607,-2.4255800387712e-4,1370.476517,1505.41294,1857.056,0.709365579,982.7333305828868
875,458.5,0.70600293518747,0.27799313765771,917,2019_kk_088,Kusko,2019,0.709121697464371,0.301922931150567,-2.3562401903953e-4,1370.476517,1505.41294,1857.056,0.709365579,982.7333305828868
876,459.024,0.708064925353028,0.279220139181536,918.048,2019_kk_088,Kusko,2019,0.709196764617893,0.301597378342006,-3.2555280856105e-4,1370.476517,1505.41294,1857.056,0.709365579,982.7333305828868
877,459.548,0.710718377745711,0.279601771465499,919.096,2019_kk_088,Kusko,2019,0.709214440173561,0.301294382641104,-3.0299570090242e-4,1370.476517,1505.41294,1857.056,0.709365579,982.7333305828868
878,460.072,0.707108094300091,0.286218600615371,920.144,2019_kk_088,Kusko,2019,0.70918976887433,0.300966307595673,-3.2807504543119e-4,1370.476517,1505.41294,1857.056,0.709365579,982.7333305828868
879,460.596,0.712824302901287,0.292095632787716,921.192,2019_kk_088,Kusko,2019,0.709226598496751,0.300523107600705,-4.4319999496783e-4,1370.476517,1505.41294,1857.056,0.709365579,982.7333305828868
880,461.12,0.709400372803228,0.293196791870838,922.24,2019_kk_088,Kusko,2019,0.709319066601532,0.300064956984266,-4.5815061643883e-4,1370.476517,1505.41294,1857.056,0.709365579,982.7333305828868
881,461.644,0.705215030013727,0.294100725023984,923.288,2019_kk_088,Kusko,2019,0.709427234075703,0.299715794547039,-3.4916243722671e-4,1370.476517,1505.41294,1857.056,0.709365579,982.7333305828868
882,462.168,0.709237976581728,0.294652407909897,924.336,2019_kk_088,Kusko,2019,0.709377606514994,0.299358477982295,-3.5731656474369e-4,1370.476517,1505.41294,1857.056,0.709365579,982.7333305828868
883,462.692,0.710243310467035,0.296067851705227,925.384,2019_kk_088,Kusko,2019,0.709353350260871,0.29889106708338,-4.6741089891533e-4,1370.476517,1505.41294,1857.056,0.709365579,982.7333305828868
884,463.216,0.709110915273443,0.294801255605511,926.432,2019_kk_088,Kusko,2019,0.709415939103646,0.298462842939715,-4.2822414366494e-4,1370.476517,1505.41294,1857.056,0.709365579,982.7333305828868
885,463.74,0.712620189342434,0.293368823830891,927.48,2019_kk_088,Kusko,2019,0.709397326537609,0.298016966355636,-4.4587658407907e-4,1370.476517,1505.41294,1857.056,0.709365579,982.7333305828868
886,464.264,0.707681663372545,0.290888032814893,928.528,2019_kk_088,Kusko,2019,0.709350146640806,0.297690795870952,-3.2617048468452e-4,1370.476517,1505.41294,1857.056,0.709365579,982.7333305828868
887,464.788,0.709252568737686,0.300276938506867,929.576,2019_kk_088,Kusko,2019,0.709261219811525,0.29736772048334,-3.2307538761128e-4,1370.476517,1505.41294,1857.056,0.709365579,982.7333305828868
888,465.312,0.713180602758828,0.302147228659307,930.624,2019_kk_088,Kusko,2019,0.709237549573445,0.29704647810725,-3.2124237609049e-4,1370.476517,1505.41294,1857.056,0.709365579,982.7333305828868
889,465.836,0.707465250583218,0.30459924166406,931.672,2019_kk_088,Kusko,2019,0.70925470850914,0.296829484199778,-2.1699390747181e-4,1370.476517,1505.41294,1857.056,0.709365579,982.7333305828868
890,466.36,0.709805614091654,0.309061747650123,932.72,2019_kk_088,Kusko,2019,0.70924526097305,0.296498193228174,-3.3129097160367e-4,1370.476517,1505.41294,1857.056,0.709365579,982.7333305828868
891,466.884,0.708263447089817,0.309969766259648,933.768,2019_kk_088,Kusko,2019,0.709188559125705,0.296231023390568,-2.6716983760677e-4,1370.476517,1505.41294,1857.056,0.709365579,982.7333305828868
892,467.408,0.709999620507678,0.312531714877483,934.816,2019_kk_088,Kusko,2019,0.70911565107883,0.295968891353831,-2.6213203673697e-4,1370.476517,1505.41294,1857.056,0.709365579,982.7333305828868
893,467.932,0.710290358488336,0.313957071281458,935.864,2019_kk_088,Kusko,2019,0.709089193758438,0.295727971767338,-2.4091958649225e-4,1370.476517,1505.41294,1857.056,0.709365579,982.7333305828868
894,468.456,0.709609741689878,0.310203458857967,936.912,2019_kk_088,Kusko,2019,0.709118673408703,0.295483462907943,-2.4450885939497e-4,1370.476517,1505.41294,1857.056,0.709365579,982.7333305828868
895,468.98,0.708798351404116,0.307777070729468,937.96,2019_kk_088,Kusko,2019,0.709120527609565,0.295313644803663,-1.6981810428023e-4,1370.476517,1505.41294,1857.056,0.709365579,982.7333305828868
896,469.504,0.70856164003404,0.302397031816397,939.008,2019_kk_088,Kusko,2019,0.70910424169607,0.295166358853037,-1.4728595062629e-4,1370.476517,1505.41294,1857.056,0.709365579,982.7333305828868
897,470.028,0.706882625702808,0.302600190603612,940.056,2019_kk_088,Kusko,2019,0.709205417597225,0.295068818790457,-9.75400625797818e-5,1370.476517,1505.41294,1857.056,0.709365579,982.7333305828868
898,470.552,0.710616963080908,0.299510357911231,941.104,2019_kk_088,Kusko,2019,0.709235128902769,0.294981556470647,-8.72623198098221e-5,1370.476517,1505.41294,1857.056,0.709365579,982.7333305828868
899,471.076,0.709553090739525,0.295676774623609,942.152,2019_kk_088,Kusko,2019,0.709282255416702,0.294942850722494,-3.87057481530118e-5,1370.476517,1505.41294,1857.056,0.709365579,982.7333305828868
900,471.6,0.707982655639957,0.301470985960878,943.2,2019_kk_088,Kusko,2019,0.709229928582363,0.295000978636748,5.81279142540803e-5,1370.476517,1505.41294,1857.056,0.709365579,982.7333305828868
901,472.124,0.708527111267112,0.301725553484419,944.248,2019_kk_088,Kusko,2019,0.709157025615626,0.295103750444488,1.0277180774004e-4,1370.476517,1505.41294,1857.056,0.709365579,982.7333305828868
902,472.648,0.707712814312249,0.306455438057307,945.296,2019_kk_088,Kusko,2019,0.709195930913617,0.295326632772897,2.2288232840905e-4,1370.476517,1505.41294,1857.056,0.709365579,982.7333305828868
903,473.172,0.712143017699855,0.299058138884054,946.344,2019_kk_088,Kusko,2019,0.709241608235885,0.295652324420978,3.2569164808038e-4,1370.476517,1505.41294,1857.056,0.709365579,982.7333305828868
904,473.696,0.710023475552588,0.295352460317902,947.392,2019_kk_088,Kusko,2019,0.709236712857538,0.295927796659701,2.7547223872326e-4,1370.476517,1505.41294,1857.056,0.709365579,982.7333305828868
905,474.22,0.70963189558778506,0.295395751360855,948.44,2019_kk_088,Kusko,2019,0.709243774596086,0.296355966378732,4.2816971903092e-4,1370.476517,1505.41294,1857.056,0.709365579,982.7333305828868
906,474.744,0.712368023906872,0.296023791220044,949.488,2019_kk_088,Kusko,2019,0.709201585894691,0.296785985317314,4.3001893858252e-4,1370.476517,1505.41294,1857.056,0.709365579,982.7333305828868
907,475.268,0.709206582031938,0.29060120180681,950.536,2019_kk_088,Kusko,2019,0.709151392719244,0.297187567336581,4.0158201926687e-4,1370.476517,1505.41294,1857.056,0.709365579,982.7333305828868
908,475.792,0.707755951562859,0.290177063239831,951.584,2019_kk_088,Kusko,2019,0.709202898104556,0.297519104209725,3.3153687314319e-4,1370.476517,1505.41294,1857.056,0.709365579,982.7333305828868
909,476.316,0.709994449435115,0.287377421228033,952.632,2019_kk_088,Kusko,2019,0.709168873014128,0.297730811722705,2.1170751298005e-4,1370.476517,1505.41294,1857.056,0.709365579,982.7333305828868
910,476.84,0.712670270230045,0.289435064725026,953.68,2019_kk_088,Kusko,2019,0.709192045893589,0.29790011939193,1.6930766922546e-4,1370.476517,1505.41294,1857.056,0.709365579,982.7333305828868
911,477.364,0.71033890582825,0.292959848758399,954.728,2019_kk_088,Kusko,2019,0.709301613803182,0.298028255026354,1.2813563442382e-4,1370.476517,1505.41294,1857.056,0.709365579,982.7333305828868
912,477.888,0.708257465311444,0.293154942835563,955.776,2019_kk_088,Kusko,2019,0.709305147702505,0.298089343839318,6.10888129644604e-5,1370.476517,1505.41294,1857.056,0.709365579,982.7333305828868
913,478.412,0.709927281548657,0.289397353491707,956.824,2019_kk_088,Kusko,2019,0.709262743861698,0.298167823007301,7.84791679830921e-5,1370.476517,1505.41294,1857.056,0.709365579,982.7333305828868
914,478.936,0.711566776849865,0.291962932672192,957.872,2019_kk_088,Kusko,2019,0.709293469269433,0.298192206092257,2.43830849553373e-5,1370.476517,1505.41294,1857.056,0.709365579,982.7333305828868
915,479.46,0.7078085534098,0.293352244582355,958.92,2019_kk_088,Kusko,2019,0.709248258944018,0.298296642961023,1.0443686876582e-4,1370.476517,1505.41294,1857.056,0.709365579,982.7333305828868
916,479.984,0.70580968608959,0.29655507809863,959.968,2019_kk_088,Kusko,2019,0.709298070686128,0.298505559485145,2.0891652412258e-4,1370.476517,1505.41294,1857.056,0.709365579,982.7333305828868
917,480.508,0.703517637372261,0.295032593088903,961.016,2019_kk_088,Kusko,2019,0.709296691338567,0.298539278963115,3.37194779695404e-5,1370.476517,1505.41294,1857.056,0.709365579,982.7333305828868
918,481.032,0.711574871024692,0.292580081597321,962.064,2019_kk_088,Kusko,2019,0.709204661640048,0.298532401127401,-6.87783571357015e-6,1370.476517,1505.41294,1857.056,0.709365579,982.7333305828868
919,481.556,0.708943219926237,0.296880827665726,963.112,2019_kk_088,Kusko,2019,0.70923052085517,0.298496949098227,-3.5452029174321e-5,1370.476517,1505.41294,1857.056,0.709365579,982.7333305828868
920,482.08,0.70922175017502,0.291927584835701,964.16,2019_kk_088,Kusko,2019,0.709254644549183,0.298379855496239,-1.170936019883e-4,1370.476517,1505.41294,1857.056,0.709365579,982.7333305828868
921,482.604,0.709769277384215,0.294554456575247,965.208,2019_kk_088,Kusko,2019,0.70928745147782,0.298254057368671,-1.2579812756707e-4,1370.476517,1505.41294,1857.056,0.709365579,982.7333305828868
922,483.128,0.707382545247039,0.291895772719501,966.256,2019_kk_088,Kusko,2019,0.709252632378479,0.298067756790875,-1.8630057779633e-4,1370.476517,1505.41294,1857.056,0.709365579,982.7333305828868
923,483.652,0.710205850061717,0.28594059417268203,967.304,2019_kk_088,Kusko,2019,0.709237036836276,0.297817823324355,-2.4993346652002e-4,1370.476517,1505.41294,1857.056,0.709365579,982.7333305828868
924,484.176,0.71000537164520106,0.282879775604381,968.352,2019_kk_088,Kusko,2019,0.70922933604548,0.297591679110799,-2.2614421355593e-4,1370.476517,1505.41294,1857.056,0.709365579,982.7333305828868
925,484.7,0.708680857866101,0.286927743318887,969.4,2019_kk_088,Kusko,2019,0.70918715070342,0.297401920564886,-1.8975854591274e-4,1370.476517,1505.41294,1857.056,0.709365579,982.7333305828868
926,485.224,0.70963321094801,0.291283630317501,970.448,2019_kk_088,Kusko,2019,0.709190551282973,0.297239517936158,-1.6240262872818e-4,1370.476517,1505.41294,1857.056,0.709365579,982.7333305828868
927,485.748,0.710427842378425,0.293055489597734,971.496,2019_kk_088,Kusko,2019,0.709254942519374,0.297048381502967,-1.9113643319129e-4,1370.476517,1505.41294,1857.056,0.709365579,982.7333305828868
928,486.272,0.707916964778684,0.297598784100911,972.544,2019_kk_088,Kusko,2019,0.709236714136082,0.296918299910327,-1.3008159263955e-4,1370.476517,1505.41294,1857.056,0.709365579,982.7333305828868
929,486.796,0.709449260747097,0.297772010609432,973.592,2019_kk_088,Kusko,2019,0.709180357934613,0.296797511956903,-1.2078795342479e-4,1370.476517,1505.41294,1857.056,0.709365579,982.7333305828868
930,487.32,0.708324679757432,0.296389925612222,974.64,2019_kk_088,Kusko,2019,0.709232758342736,0.296507724366948,-2.8978758995457e-4,1370.476517,1505.41294,1857.056,0.709365579,982.7333305828868
931,487.844,0.705090113069305,0.29803271694112,975.688,2019_kk_088,Kusko,2019,0.709192469488638,0.2961888336307,-3.1889073624757e-4,1370.476517,1505.41294,1857.056,0.709365579,982.7333305828868
932,488.368,0.711029502878657,0.302156237006794,976.736,2019_kk_088,Kusko,2019,0.709206177783072,0.295820488020483,-3.6834561021748e-4,1370.476517,1505.41294,1857.056,0.709365579,982.7333305828868
933,488.892,0.70905100153524,0.305987757703034,977.784,2019_kk_088,Kusko,2019,0.709129854158043,0.295572020913335,-2.484671071482e-4,1370.476517,1505.41294,1857.056,0.709365579,982.7333305828868
934,489.416,0.711745930142741,0.30140278348066,978.832,2019_kk_088,Kusko,2019,0.709071954966518,0.295452635783305,-1.1938513002929e-4,1370.476517,1505.41294,1857.056,0.709365579,982.7333305828868
935,489.94,0.706426639500347,0.303683320799564,979.88,2019_kk_088,Kusko,2019,0.709022861969602,0.2952552851048,-1.9735067850595e-4,1370.476517,1505.41294,1857.056,0.709365579,982.7333305828868
936,490.464,0.70553360326933,0.305021275496484,980.928,2019_kk_088,Kusko,2019,0.708988784497621,0.294896863810732,-3.5842129406737e-4,1370.476517,1505.41294,1857.056,0.709365579,982.7333305828868
937,490.988,0.707706787218897,0.303696692621514,981.976,2019_kk_088,Kusko,2019,0.709018286295786,0.294654485549219,-2.4237826151357e-4,1370.476517,1505.41294,1857.056,0.709365579,982.7333305828868
938,491.512,0.71019841741882,0.306110813003962,983.024,2019_kk_088,Kusko,2019,0.709040367274058,0.294482475238439,-1.7201031077984e-4,1370.476517,1505.41294,1857.056,0.709365579,982.7333305828868
939,492.036,0.710782797475591,0.304798083566519,984.072,2019_kk_088,Kusko,2019,0.708993375806105,0.29433966688624,-1.4280835219854e-4,1370.476517,1505.41294,1857.056,0.709365579,982.7333305828868
940,492.56,0.710790745570898,0.303355252024364,985.12,2019_kk_088,Kusko,2019,0.708947287545806,0.294274802669532,-6.48642167078717e-5,1370.476517,1505.41294,1857.056,0.709365579,982.7333305828868
941,493.084,0.711789104589292,0.301788863089415,986.168,2019_kk_088,Kusko,2019,0.708979529669399,0.294126506118285,-1.4829655124776e-4,1370.476517,1505.41294,1857.056,0.709365579,982.7333305828868
942,493.608,0.709450010541082,0.298317736687769,987.216,2019_kk_088,Kusko,2019,0.709032173704563,0.294019520000238,-1.0698611804688e-4,1370.476517,1505.41294,1857.056,0.709365579,982.7333305828868
943,494.132,0.707699080018661,0.300776601784211,988.264,2019_kk_088,Kusko,2019,0.708971560717692,0.294058183307565,3.86633073274911e-5,1370.476517,1505.41294,1857.056,0.709365579,982.7333305828868
944,494.656,0.710954439737514,0.296264240702833,989.312,2019_kk_088,Kusko,2019,0.708884820285545,0.294002703977027,-5.54793305380663e-5,1370.476517,1505.41294,1857.056,0.709365579,982.7333305828868
945,495.18,0.709907569817524,0.29963503595684,990.36,2019_kk_088,Kusko,2019,0.708901789793191,0.294143500763798,1.407967867712e-4,1370.476517,1505.41294,1857.056,0.709365579,982.7333305828868
946,495.704,0.710670367899158,0.30342302426225,991.408,2019_kk_088,Kusko,2019,0.708998685369193,0.294251768564103,1.0826780030431e-4,1370.476517,1505.41294,1857.056,0.709365579,982.7333305828868
947,496.228,0.709169807884005,0.302300107185038,992.456,2019_kk_088,Kusko,2019,0.709045022980677,0.2944682280586,2.1645949449733e-4,1370.476517,1505.41294,1857.056,0.709365579,982.7333305828868
948,496.752,0.707658820847704,0.301734558516494,993.504,2019_kk_088,Kusko,2019,0.709036536654062,0.294874190636323,4.0596257772329e-4,1370.476517,1505.41294,1857.056,0.709365579,982.7333305828868
949,497.276,0.709016803490503,0.302472119913602,994.552,2019_kk_088,Kusko,2019,0.709026361730316,0.295243033993589,3.6884335726555e-4,1370.476517,1505.41294,1857.056,0.709365579,982.7333305828868
950,497.8,0.711253035732476,0.302036131530822,995.6,2019_kk_088,Kusko,2019,0.709070399093813,0.295684362225826,4.4132823223747e-4,1370.476517,1505.41294,1857.056,0.709365579,982.7333305828868
951,498.324,0.710231862808033,0.302421878605625,996.648,2019_kk_088,Kusko,2019,0.709048027813194,0.296071038976726,3.8667675089987e-4,1370.476517,1505.41294,1857.056,0.709365579,982.7333305828868
952,498.848,0.707910474547188,0.301353680209705,997.696,2019_kk_088,Kusko,2019,0.70910684252849,0.296464335822246,3.9329684551942e-4,1370.476517,1505.41294,1857.056,0.709365579,982.7333305828868
953,499.372,0.709354625956152,0.298961063290258,998.744,2019_kk_088,Kusko,2019,0.709095392974196,0.297002023254105,5.3768743185983e-4,1370.476517,1505.41294,1857.056,0.709365579,982.7333305828868
954,499.896,0.709147694242139,0.296634806044608,999.792,2019_kk_088,Kusko,2019,0.709090303937105,0.297658843421014,6.5682016690821e-4,1370.476517,1505.41294,1857.056,0.709365579,982.7333305828868
955,500.42,0.706267230880502,0.296391557974705,1000.84,2019_kk_088,Kusko,2019,0.709118091087598,0.298163855993819,5.0501257280521e-4,1370.476517,1505.41294,1857.056,0.709365579,982.7333305828868
956,500.944,0.70876567480725,0.292652874092707,1001.888,2019_kk_088,Kusko,2019,0.709156557857153,0.298531686694337,3.6783070051871e-4,1370.476517,1505.41294,1857.056,0.709365579,982.7333305828868
957,501.468,0.710746099886837,0.291132004612134,1002.936,2019_kk_088,Kusko,2019,0.709138589238038,0.298838441436657,3.0675474231978e-4,1370.476517,1505.41294,1857.056,0.709365579,982.7333305828868
958,501.992,0.709523260083405,0.291705462352858,1003.984,2019_kk_088,Kusko,2019,0.709091797404714,0.298967892480183,1.2945104352596e-4,1370.476517,1505.41294,1857.056,0.709365579,982.7333305828868
959,502.516,0.706171718651403,0.28842949741812,1005.032,2019_kk_088,Kusko,2019,0.709094806231835,0.299074115991906,1.0622351172257e-4,1370.476517,1505.41294,1857.056,0.709365579,982.7333305828868
960,503.04,0.711126680127301,0.284083730563601,1006.08,2019_kk_088,Kusko,2019,0.709081717297558,0.299285532004201,2.1141601229551e-4,1370.476517,1505.41294,1857.056,0.709365579,982.7333305828868
961,503.564,0.706109780021226,0.282592109309562,1007.128,2019_kk_088,Kusko,2019,0.709162868515386,0.299375411452082,8.9879447880914e-5,1370.476517,1505.41294,1857.056,0.709365579,982.7333305828868
962,504.088,0.708535311978328,0.284354701444258,1008.176,2019_kk_088,Kusko,2019,0.709086104228422,0.299381336065316,5.92461323384308e-6,1370.476517,1505.41294,1857.056,0.709365579,982.7333305828868
963,504.612,0.707563600198107,0.284150112455159,1009.224,2019_kk_088,Kusko,2019,0.709058532325895,0.299309112342953,-7.22237223634292e-5,1370.476517,1505.41294,1857.056,0.709365579,982.7333305828868
964,505.136,0.706549524061096,0.288189352516146,1010.272,2019_kk_088,Kusko,2019,0.708983728834403,0.299278949624831,-3.0162718121951e-5,1370.476517,1505.41294,1857.056,0.709365579,982.7333305828868
965,505.66,0.706686315772787,0.283554710650498,1011.32,2019_kk_088,Kusko,2019,0.708986052384228,0.299213235035273,-6.5714589558008e-5,1370.476517,1505.41294,1857.056,0.709365579,982.7333305828868
966,506.184,0.710323375588046,0.274518513576001,1012.368,2019_kk_088,Kusko,2019,0.70896642950635,0.299070721414911,-1.4251362036199e-4,1370.476517,1505.41294,1857.056,0.709365579,982.7333305828868
967,506.708,0.710976689921807,0.276058506115995,1013.416,2019_kk_088,Kusko,2019,0.708977798965428,0.298947291537603,-1.2342987730806e-4,1370.476517,1505.41294,1857.056,0.709365579,982.7333305828868
968,507.232,0.709080810259163,0.27985644459304,1014.464,2019_kk_088,Kusko,2019,0.708964997136095,0.298756880465012,-1.9041107259032e-4,1370.476517,1505.41294,1857.056,0.709365579,982.7333305828868
969,507.756,0.707174961357977,0.278808920096119,1015.512,2019_kk_088,Kusko,2019,0.708960150593612,0.298559073921431,-1.9780654358148e-4,1370.476517,1505.41294,1857.056,0.709365579,982.7333305828868
970,508.28,0.709904974612073,0.285543211722554,1016.56,2019_kk_088,Kusko,2019,0.708940884552483,0.298390771761055,-1.6830216037544e-4,1370.476517,1505.41294,1857.056,0.709365579,982.7333305828868
971,508.804,0.712273433243839,0.284062055683533,1017.608,2019_kk_088,Kusko,2019,0.708878176659044,0.298303832252929,-8.69395081264379e-5,1370.476517,1505.41294,1857.056,0.709365579,982.7333305828868
972,509.328,0.711416107421254,0.28673577575275,1018.656,2019_kk_088,Kusko,2019,0.708845587803013,0.298279543550888,-2.42887020412419e-5,1370.476517,1505.41294,1857.056,0.709365579,982.7333305828868
973,509.852,0.706290502336444,0.291717151931357,1019.704,2019_kk_088,Kusko,2019,0.708835617859566,0.298175714162655,-1.0382938823222e-4,1370.476517,1505.41294,1857.056,0.709365579,982.7333305828868
974,510.376,0.706362350921035,0.288634172839908,1020.752,2019_kk_088,Kusko,2019,0.708778394809916,0.298136383176655,-3.93309860005631e-5,1370.476517,1505.41294,1857.056,0.709365579,982.7333305828868
975,510.9,0.708826723868578,0.301800051788624,1021.8,2019_kk_088,Kusko,2019,0.708778991915179,0.298031357432315,-1.0502574433995e-4,1370.476517,1505.41294,1857.056,0.709365579,982.7333305828868
976,511.424,0.711623420649698,0.303051146116891,1022.848,2019_kk_088,Kusko,2019,0.708729200063209,0.29788490386143,-1.4645357088494e-4,1370.476517,1505.41294,1857.056,0.709365579,982.7333305828868
977,511.948,0.706297894061304,0.308020162758742,1023.896,2019_kk_088,Kusko,2019,0.708697639716183,0.297736773933827,-1.4812992760315e-4,1370.476517,1505.41294,1857.056,0.709365579,982.7333305828868
978,512.472,0.711065691427798,0.316937836260721,1024.944,2019_kk_088,Kusko,2019,0.708713966195603,0.297584833074358,-1.5194085946906e-4,1370.476517,1505.41294,1857.056,0.709365579,982.7333305828868
979,512.996,0.708332724501489,0.319011429101659,1025.992,2019_kk_088,Kusko,2019,0.708640104857755,0.297354092176385,-2.3074089797281e-4,1370.476517,1505.41294,1857.056,0.709365579,982.7333305828868
980,513.52,0.711863991984801,0.31840727876995,1027.04,2019_kk_088,Kusko,2019,0.708613782680266,0.297293885844828,-6.02063315569001e-5,1370.476517,1505.41294,1857.056,0.709365579,982.7333305828868
981,514.044,0.708427000547082,0.317755061629236,1028.088,2019_kk_088,Kusko,2019,0.708577150815068,0.297222345223094,-7.15406217338121e-5,1370.476517,1505.41294,1857.056,0.709365579,982.7333305828868
982,514.568,0.710911428164811,0.315493583450664,1029.136,2019_kk_088,Kusko,2019,0.708626246603005,0.297181264008115,-4.10812149793105e-5,1370.476517,1505.41294,1857.056,0.709365579,982.7333305828868
983,515.092,0.70951887680409,0.318201840084275,1030.184,2019_kk_088,Kusko,2019,0.708690234369806,0.297208646714215,2.73827061001986e-5,1370.476517,1505.41294,1857.056,0.709365579,982.7333305828868
984,515.616,0.709700029419734,0.322288985618874,1031.232,2019_kk_088,Kusko,2019,0.708733832526981,0.297197135045011,-1.15116692038231e-5,1370.476517,1505.41294,1857.056,0.709365579,982.7333305828868
985,516.14,0.710348086895689,0.317228497687198,1032.28,2019_kk_088,Kusko,2019,0.708760706661676,0.297196876589187,-2.58455824075909e-7,1370.476517,1505.41294,1857.056,0.709365579,982.7333305828868
986,516.664,0.711941217121328,0.313353472348623,1033.328,2019_kk_088,Kusko,2019,0.708782585347308,0.297295442796332,9.85662071451565e-5,1370.476517,1505.41294,1857.056,0.709365579,982.7333305828868
987,517.188,0.709349725231498,0.311460774136922,1034.376,2019_kk_088,Kusko,2019,0.708735050261437,0.297451724189005,1.5628139267254e-4,1370.476517,1505.41294,1857.056,0.709365579,982.7333305828868
988,517.712,0.705109454779225,0.305365846712467,1035.424,2019_kk_088,Kusko,2019,0.708726001092049,0.29757390520689603,1.2218101789129e-4,1370.476517,1505.41294,1857.056,0.709365579,982.7333305828868
989,518.236,0.709629790374395,0.304145421312787,1036.472,2019_kk_088,Kusko,2019,0.708752468974608,0.297723331681165,1.4942647426857e-4,1370.476517,1505.41294,1857.056,0.709365579,982.7333305828868
990,518.76,0.707539343700775,0.309074886349955,1037.52,2019_kk_088,Kusko,2019,0.708787597126021,0.297968001803844,2.4467012267936e-4,1370.476517,1505.41294,1857.056,0.709365579,982.7333305828868
991,519.284,0.709959186139021,0.303425483813973,1038.568,2019_kk_088,Kusko,2019,0.708886720996341,0.298203307606977,2.3530580313274e-4,1370.476517,1505.41294,1857.056,0.709365579,982.7333305828868
992,519.808,0.706423645660806,0.302511713800826,1039.616,2019_kk_088,Kusko,2019,0.70885272888063,0.298410747292181,2.0743968520425e-4,1370.476517,1505.41294,1857.056,0.709365579,982.7333305828868
993,520.332,0.707396687383611,0.301654334361228,1040.664,2019_kk_088,Kusko,2019,0.708866137948715,0.298608306507777,1.9755921559544e-4,1370.476517,1505.41294,1857.056,0.709365579,982.7333305828868
994,520.856,0.70725772065323,0.299593020393344,1041.712,2019_kk_088,Kusko,2019,0.708900047883731,0.298743821971147,1.3551546337009e-4,1370.476517,1505.41294,1857.056,0.709365579,982.7333305828868
995,521.38,0.706566052489864,0.299740445426081,1042.76,2019_kk_088,Kusko,2019,0.708959611146675,0.298909016821396,1.651948502494e-4,1370.476517,1505.41294,1857.056,0.709365579,982.7333305828868
996,521.904,0.704356230596608,0.296470458274766,1043.808,2019_kk_088,Kusko,2019,0.70889311443547,0.299328148465486,4.1913164408996e-4,1370.476517,1505.41294,1857.056,0.709365579,982.7333305828868
997,522.428,0.708388954763622,0.296290899983028,1044.856,2019_kk_088,Kusko,2019,0.708811319253163,0.299599746697946,2.7159823246025e-4,1370.476517,1505.41294,1857.056,0.709365579,982.7333305828868
998,522.952,0.709430307658812,0.294686148648546,1045.904,2019_kk_088,Kusko,2019,0.708823008900592,0.299791191702081,1.9144500413481e-4,1370.476517,1505.41294,1857.056,0.709365579,982.7333305828868
999,523.476,0.710492004926634,0.292929690951631,1046.952,2019_kk_088,Kusko,2019,0.70885984042698,0.300035419637902,2.4422793582118e-4,1370.476517,1505.41294,1857.056,0.709365579,982.7333305828868
1000,524,0.709634783103173,0.293257122401838,1048,2019_kk_088,Kusko,2019,0.708932361481556,0.300073849230772,3.84295928695932e-5,1370.476517,1505.41294,1857.056,0.709365579,982.7333305828868
1001,524.524,0.708026630982899,0.296572492601831,1049.048,2019_kk_088,Kusko,2019,0.708820591114629,0.300148433583746,7.4584352973861e-5,1370.476517,1505.41294,1857.056,0.709365579,982.7333305828868
1002,525.048,0.707494679179235,0.296860414565292,1050.096,2019_kk_088,Kusko,2019,0.70884873089076,0.300219027884215,7.05943004696286e-5,1370.476517,1505.41294,1857.056,0.709365579,982.7333305828868
1003,525.572,0.70710088341186506,0.294546838490276,1051.144,2019_kk_088,Kusko,2019,0.708921449957548,0.300283755243566,6.47273593504805e-5,1370.476517,1505.41294,1857.056,0.709365579,982.7333305828868
1004,526.096,0.707521056758474,0.293904381542798,1052.192,2019_kk_088,Kusko,2019,0.708943717062802,0.300391869996926,1.081147533597e-4,1370.476517,1505.41294,1857.056,0.709365579,982.7333305828868
1005,526.62,0.709943396133313,0.293333491296443,1053.24,2019_kk_088,Kusko,2019,0.708958398243397,0.300230632078762,-1.6123791816402e-4,1370.476517,1505.41294,1857.056,0.709365579,982.7333305828868
1006,527.144,0.707682856780962,0.294635810009155,1054.288,2019_kk_088,Kusko,2019,0.708903921073312,0.300018874108988,-2.1175796977379e-4,1370.476517,1505.41294,1857.056,0.709365579,982.7333305828868
1007,527.668,0.707276187062446,0.293412311528848,1055.336,2019_kk_088,Kusko,2019,0.708954638256979,0.299707517302008,-3.1135680698013e-4,1370.476517,1505.41294,1857.056,0.709365579,982.7333305828868
1008,528.192,0.70863840961291,0.29261810694835,1056.384,2019_kk_088,Kusko,2019,0.708900964416645,0.299258739996692,-4.4877730531522e-4,1370.476517,1505.41294,1857.056,0.709365579,982.7333305828868
1009,528.716,0.704585123219608,0.288627666035231,1057.432,2019_kk_088,Kusko,2019,0.708909015621397,0.298767148136255,-4.9159186043773e-4,1370.476517,1505.41294,1857.056,0.709365579,982.7333305828868
1010,529.24,0.709673705083146,0.298423751637408,1058.48,2019_kk_088,Kusko,2019,0.708832296119983,0.298327038971398,-4.4010916485709e-4,1370.476517,1505.41294,1857.056,0.709365579,982.7333305828868
1011,529.764,0.70803395089618,0.298129441301598,1059.528,2019_kk_088,Kusko,2019,0.708794499464074,0.29781408643878,-5.1295253261712e-4,1370.476517,1505.41294,1857.056,0.709365579,982.7333305828868
1012,530.288,0.710856221823383,0.298888807310945,1060.576,2019_kk_088,Kusko,2019,0.708717916242905,0.297366759457925,-4.4732698085586e-4,1370.476517,1505.41294,1857.056,0.709365579,982.7333305828868
1013,530.812,0.713193891964223,0.30060402565627,1061.624,2019_kk_088,Kusko,2019,0.708794885351284,0.296868570529556,-4.9818892836883e-4,1370.476517,1505.41294,1857.056,0.709365579,982.7333305828868
1014,531.336,0.711763583672638,0.295944105892377,1062.672,2019_kk_088,Kusko,2019,0.708730964433253,0.296359823824355,-5.0874670520079e-4,1370.476517,1505.41294,1857.056,0.709365579,982.7333305828868
1015,531.86,0.707879678962224,0.296376050625259,1063.72,2019_kk_088,Kusko,2019,0.708713942450157,0.295972896912507,-3.8692691184816e-4,1370.476517,1505.41294,1857.056,0.709365579,982.7333305828868
1016,532.384,0.710078395945155,0.298566846521419,1064.768,2019_kk_088,Kusko,2019,0.708707985649999,0.295691350097673,-2.8154681483355e-4,1370.476517,1505.41294,1857.056,0.709365579,982.7333305828868
1017,532.908,0.70789399473455,0.300508888172484,1065.816,2019_kk_088,Kusko,2019,0.708700945266578,0.295406114027234,-2.8523607043901e-4,1370.476517,1505.41294,1857.056,0.709365579,982.7333305828868
1018,533.432,0.708980309920145,0.29903632342634,1066.864,2019_kk_088,Kusko,2019,0.708717312424479,0.295233103800869,-1.7301022636523e-4,1370.476517,1505.41294,1857.056,0.709365579,982.7333305828868
1019,533.956,0.707759791604907,0.297395085874233,1067.912,2019_kk_088,Kusko,2019,0.70872984960997,0.295117212919605,-1.1589088126445e-4,1370.476517,1505.41294,1857.056,0.709365579,982.7333305828868
1020,534.48,0.713234369212109,0.298763937924364,1068.96,2019_kk_088,Kusko,2019,0.708717434469964,0.294858466882396,-2.5874603720854e-4,1370.476517,1505.41294,1857.056,0.709365579,982.7333305828868
1021,535.004,0.712057212240453,0.296710457497527,1070.008,2019_kk_088,Kusko,2019,0.708726130295197,0.294741125961142,-1.1734092125353e-4,1370.476517,1505.41294,1857.056,0.709365579,982.7333305828868
1022,535.528,0.706495785035644,0.296801082556512,1071.056,2019_kk_088,Kusko,2019,0.708809019971372,0.294694720231364,-4.64057297789866e-5,1370.476517,1505.41294,1857.056,0.709365579,982.7333305828868
1023,536.052,0.708368144283223,0.296003665390887,1072.104,2019_kk_088,Kusko,2019,0.708827850998072,0.294641576730032,-5.31435013316206e-5,1370.476517,1505.41294,1857.056,0.709365579,982.7333305828868
1024,536.576,0.708584120162012,0.296320280318349,1073.152,2019_kk_088,Kusko,2019,0.708864714188596,0.294634871002305,-6.70572772720757e-6,1370.476517,1505.41294,1857.056,0.709365579,982.7333305828868
1025,537.1,0.710260111549434,0.293466401665464,1074.2,2019_kk_088,Kusko,2019,0.70887069951433,0.294583822402722,-5.10485995824927e-5,1370.476517,1505.41294,1857.056,0.709365579,982.7333305828868
1026,537.624,0.706333572915741,0.299666412221398,1075.248,2019_kk_088,Kusko,2019,0.708901883994914,0.294616777028422,3.29546256999658e-5,1370.476517,1505.41294,1857.056,0.709365579,982.7333305828868
1027,538.148,0.706068978983419,0.29235440006361,1076.296,2019_kk_088,Kusko,2019,0.708882500593762,0.294657294600982,4.0517572559462e-5,1370.476517,1505.41294,1857.056,0.709365579,982.7333305828868
1028,538.672,0.709782189104917,0.291343144841132,1077.344,2019_kk_088,Kusko,2019,0.708853685146402,0.294699480258152,4.21856571700685e-5,1370.476517,1505.41294,1857.056,0.709365579,982.7333305828868
1029,539.196,0.709384852941222,0.293462596245387,1078.392,2019_kk_088,Kusko,2019,0.708833749959309,0.294779568179907,8.00879217556782e-5,1370.476517,1505.41294,1857.056,0.709365579,982.7333305828868
1030,539.72,0.714256237886646,0.287848987294729,1079.44,2019_kk_088,Kusko,2019,0.708838618962762,0.294868999458523,8.94312786160478e-5,1370.476517,1505.41294,1857.056,0.709365579,982.7333305828868
1031,540.244,0.705567211228222,0.288537116861963,1080.488,2019_kk_088,Kusko,2019,0.708863843965077,0.294837329103302,-3.16703552211139e-5,1370.476517,1505.41294,1857.056,0.709365579,982.7333305828868
1032,540.768,0.71310449398908,0.290971433780928,1081.536,2019_kk_088,Kusko,2019,0.708884369061163,0.294761015970719,-7.63131325829947e-5,1370.476517,1505.41294,1857.056,0.709365579,982.7333305828868
1033,541.292,0.710653646343777,0.295600793492385,1082.584,2019_kk_088,Kusko,2019,0.708882096903665,0.294818087738675,5.70717679555521e-5,1370.476517,1505.41294,1857.056,0.709365579,982.7333305828868
1034,541.816,0.707698377236264,0.295121058041489,1083.632,2019_kk_088,Kusko,2019,0.708878331201625,0.294899412042524,8.13243038495504e-5,1370.476517,1505.41294,1857.056,0.709365579,982.7333305828868
1035,542.34,0.709707594704252,0.29212577669878,1084.68,2019_kk_088,Kusko,2019,0.708887544048135,0.294901908094127,2.49605160279609e-6,1370.476517,1505.41294,1857.056,0.709365579,982.7333305828868
1036,542.864,0.708354790444611,0.290345667930463,1085.728,2019_kk_088,Kusko,2019,0.708849118392523,0.294932734972964,3.08268788363208e-5,1370.476517,1505.41294,1857.056,0.709365579,982.7333305828868
1037,543.388,0.709340925081337,0.289338754339932,1086.776,2019_kk_088,Kusko,2019,0.708898643298377,0.294929609491925,-3.12548103853505e-6,1370.476517,1505.41294,1857.056,0.709365579,982.7333305828868
1038,543.912,0.707845261007751,0.290011197941808,1087.824,2019_kk_088,Kusko,2019,0.708895761471515,0.294819157508783,-1.1045198314158e-4,1370.476517,1505.41294,1857.056,0.709365579,982.7333305828868
1039,544.436,0.708815796786609,0.289515917475395,1088.872,2019_kk_088,Kusko,2019,0.708926952117733,0.294761007377131,-5.81501316522792e-5,1370.476517,1505.41294,1857.056,0.709365579,982.7333305828868
1040,544.96,0.707260821899926,0.292000728878526,1089.92,2019_kk_088,Kusko,2019,0.708896742571198,0.294501061512429,-2.599458647019e-4,1370.476517,1505.41294,1857.056,0.709365579,982.7333305828868
1041,545.484,0.706159201192551,0.286977909672207,1090.968,2019_kk_088,Kusko,2019,0.708987203357772,0.294335773419683,-1.6528809274662e-4,1370.476517,1505.41294,1857.056,0.709365579,982.7333305828868
1042,546.008,0.706316434894669,0.288653964599312,1092.016,2019_kk_088,Kusko,2019,0.708983353666663,0.294119816341941,-2.1595707774124e-4,1370.476517,1505.41294,1857.056,0.709365579,982.7333305828868
1043,546.532,0.714137023306826,0.288310504382142,1093.064,2019_kk_088,Kusko,2019,0.708909973717612,0.293790899097412,-3.2891724452965e-4,1370.476517,1505.41294,1857.056,0.709365579,982.7333305828868
1044,547.056,0.705864774337916,0.291764183306826,1094.112,2019_kk_088,Kusko,2019,0.708879765320237,0.293559141184158,-2.3175791325325e-4,1370.476517,1505.41294,1857.056,0.709365579,982.7333305828868
1045,547.58,0.709326767909922,0.294012882976308,1095.16,2019_kk_088,Kusko,2019,0.708860821661337,0.29332981470795,-2.2932647620832e-4,1370.476517,1505.41294,1857.056,0.709365579,982.7333305828868
1046,548.104,0.711583809111833,0.296460663458609,1096.208,2019_kk_088,Kusko,2019,0.708809386163936,0.293091053212302,-2.3876149564844e-4,1370.476517,1505.41294,1857.056,0.709365579,982.7333305828868
1047,548.628,0.708927302226209,0.294346609910579,1097.256,2019_kk_088,Kusko,2019,0.708840393464711,0.292826906662476,-2.6414654982603e-4,1370.476517,1505.41294,1857.056,0.709365579,982.7333305828868
1048,549.152,0.706091484253332,0.294985233130555,1098.304,2019_kk_088,Kusko,2019,0.708854591663826,0.292584128148716,-2.4277851375953e-4,1370.476517,1505.41294,1857.056,0.709365579,982.7333305828868
1049,549.676,0.710382021503873,0.297191968436918,1099.352,2019_kk_088,Kusko,2019,0.708926920144238,0.292342977683849,-2.4115046486722e-4,1370.476517,1505.41294,1857.056,0.709365579,982.7333305828868
1050,550.2,0.70679443530037,0.293550124117441,1100.4,2019_kk_088,Kusko,2019,0.708894873105799,0.292164911346794,-1.7806633705513e-4,1370.476517,1505.41294,1857.056,0.709365579,982.7333305828868
1051,550.724,0.710480935653017,0.296385028538763,1101.448,2019_kk_088,Kusko,2019,0.708864732472742,0.292061429289582,-1.034820572115e-4,1370.476517,1505.41294,1857.056,0.709365579,982.7333305828868
1052,551.248,0.711397026231296,0.299727370014088,1102.496,2019_kk_088,Kusko,2019,0.708918680205849,0.292012566319274,-4.88629703087051e-5,1370.476517,1505.41294,1857.056,0.709365579,982.7333305828868
1053,551.772,0.708526548985635,0.29846572428133,1103.544,2019_kk_088,Kusko,2019,0.708954440175131,0.291985275161752,-2.72911575212031e-5,1370.476517,1505.41294,1857.056,0.709365579,982.7333305828868
1054,552.296,0.709469512084636,0.299190676729714,1104.592,2019_kk_088,Kusko,2019,0.708929566624519,0.291869752877163,-1.1552228458905e-4,1370.476517,1505.41294,1857.056,0.709365579,982.7333305828868
1055,552.82,0.706925172033891,0.29667752945113,1105.64,2019_kk_088,Kusko,2019,0.708893279093298,0.29181412518148,-5.56276956834023e-5,1370.476517,1505.41294,1857.056,0.709365579,982.7333305828868
1056,553.344,0.706227299431698,0.298447735816762,1106.688,2019_kk_088,Kusko,2019,0.709026432046668,0.291593355618326,-2.2076956315336e-4,1370.476517,1505.41294,1857.056,0.709365579,982.7333305828868
1057,553.868,0.707225950694466,0.298721954336597,1107.736,2019_kk_088,Kusko,2019,0.709040339936664,0.291475331480646,-1.1802413768025e-4,1370.476517,1505.41294,1857.056,0.709365579,982.7333305828868
1058,554.392,0.707701380817215,0.29721728807875,1108.784,2019_kk_088,Kusko,2019,0.709024394511772,0.291401352791573,-7.39786890729399e-5,1370.476517,1505.41294,1857.056,0.709365579,982.7333305828868
1059,554.916,0.709295893701036,0.29773496625697,1109.832,2019_kk_088,Kusko,2019,0.709048756112912,0.291302953595036,-9.83991965368691e-5,1370.476517,1505.41294,1857.056,0.709365579,982.7333305828868
1060,555.44,0.709926923310392,0.298622999118803,1110.88,2019_kk_088,Kusko,2019,0.708939515037797,0.291336746621867,3.37930268303199e-5,1370.476517,1505.41294,1857.056,0.709365579,982.7333305828868
1061,555.964,0.70954013112179,0.294672271288564,1111.928,2019_kk_088,Kusko,2019,0.709018460483717,0.291401494980263,6.47483583959274e-5,1370.476517,1505.41294,1857.056,0.709365579,982.7333305828868
1062,556.488,0.708726184944371,0.292281626610313,1112.976,2019_kk_088,Kusko,2019,0.708970245444086,0.2913700927595,-3.14022207631437e-5,1370.476517,1505.41294,1857.056,0.709365579,982.7333305828868
1063,557.012,0.706964553961979,0.297971144567607,1114.024,2019_kk_088,Kusko,2019,0.708915086735594,0.291256268978405,-1.1382378109475e-4,1370.476517,1505.41294,1857.056,0.709365579,982.7333305828868
1064,557.536,0.707295114636119,0.298783839773772,1115.072,2019_kk_088,Kusko,2019,0.708952058198167,0.290996834786041,-2.5943419236379e-4,1370.476517,1505.41294,1857.056,0.709365579,982.7333305828868
1065,558.06,0.71049616692388,0.29348325439261,1116.12,2019_kk_088,Kusko,2019,0.708930083153968,0.290769435749945,-2.2739903609558e-4,1370.476517,1505.41294,1857.056,0.709365579,982.7333305828868
1066,558.584,0.70537731744425,0.296485422739334,1117.168,2019_kk_088,Kusko,2019,0.708971005378814,0.290501660706507,-2.677750434385e-4,1370.476517,1505.41294,1857.056,0.709365579,982.7333305828868
1067,559.108,0.71024768141367,0.293224782666534,1118.216,2019_kk_088,Kusko,2019,0.708919863389223,0.290216148322728,-2.8551238377921e-4,1370.476517,1505.41294,1857.056,0.709365579,982.7333305828868
1068,559.632,0.708465500001221,0.285990987959855,1119.264,2019_kk_088,Kusko,2019,0.708951920027505,0.289968079772831,-2.4806854989684e-4,1370.476517,1505.41294,1857.056,0.709365579,982.7333305828868
1069,560.156,0.70645656199266,0.285138658136092,1120.312,2019_kk_088,Kusko,2019,0.708967216839075,0.2896941849888,-0.00027389478403078003,1370.476517,1505.41294,1857.056,0.709365579,982.7333305828868
1070,560.68,0.707861132291076,0.282826999755293,1121.36,2019_kk_088,Kusko,2019,0.709004028363487,0.289316370855379,-3.7781413342125e-4,1370.476517,1505.41294,1857.056,0.709365579,982.7333305828868
1071,561.204,0.713461598090618,0.288212155736801,1122.408,2019_kk_088,Kusko,2019,0.709078063309569,0.289117980573535,-1.983902818437e-4,1370.476517,1505.41294,1857.056,0.709365579,982.7333305828868
1072,561.728,0.710625240356824,0.285931382646472,1123.456,2019_kk_088,Kusko,2019,0.7091462626531,0.288887202068989,-2.3077850454583e-4,1370.476517,1505.41294,1857.056,0.709365579,982.7333305828868
1073,562.252,0.708791095021144,0.280868990984489,1124.504,2019_kk_088,Kusko,2019,0.709104157255928,0.288645096791417,-2.4210527757195e-4,1370.476517,1505.41294,1857.056,0.709365579,982.7333305828868
1074,562.776,0.70995107983015,0.282038631097182,1125.552,2019_kk_088,Kusko,2019,0.709162398034792,0.28838997249307,-2.5512429834756e-4,1370.476517,1505.41294,1857.056,0.709365579,982.7333305828868
1075,563.3,0.706743059428247,0.282616462052761,1126.6,2019_kk_088,Kusko,2019,0.709122813145909,0.288080586173662,-3.0938631940796e-4,1370.476517,1505.41294,1857.056,0.709365579,982.7333305828868
1076,563.824,0.706992266101085,0.284241156782512,1127.648,2019_kk_088,Kusko,2019,0.709079312272676,0.287819932475449,-2.606536982132e-4,1370.476517,1505.41294,1857.056,0.709365579,982.7333305828868
1077,564.348,0.709754432781048,0.284660095182922,1128.696,2019_kk_088,Kusko,2019,0.70910245134315,0.287607904243296,-2.1202823215282e-4,1370.476517,1505.41294,1857.056,0.709365579,982.7333305828868
1078,564.872,0.709832201867071,0.284469612600766,1129.744,2019_kk_088,Kusko,2019,0.709173061507713,0.287395742920419,-2.121613228766e-4,1370.476517,1505.41294,1857.056,0.709365579,982.7333305828868
1079,565.396,0.7120995004296,0.282926057982198,1130.792,2019_kk_088,Kusko,2019,0.709130054271483,0.287257880744279,-1.378621761402e-4,1370.476517,1505.41294,1857.056,0.709365579,982.7333305828868
1080,565.92,0.711311546905748,0.288079957701056,1131.84,2019_kk_088,Kusko,2019,0.709129607413753,0.287195827031,-6.20537132793308e-5,1370.476517,1505.41294,1857.056,0.709365579,982.7333305828868
1081,566.444,0.710248774257033,0.29050153406484,1132.888,2019_kk_088,Kusko,2019,0.709159774996279,0.28710262132354,-9.32057074591319e-5,1370.476517,1505.41294,1857.056,0.709365579,982.7333305828868
1082,566.968,0.709732649022111,0.293869304337987,1133.936,2019_kk_088,Kusko,2019,0.709153946558128,0.286957033176912,-1.4558814662896e-4,1370.476517,1505.41294,1857.056,0.709365579,982.7333305828868
1083,567.492,0.710513742440121,0.294366195939614,1134.984,2019_kk_088,Kusko,2019,0.709155629097794,0.286772666685324,-1.8436649158792e-4,1370.476517,1505.41294,1857.056,0.709365579,982.7333305828868
1084,568.016,0.707091707125289,0.289388943243005,1136.032,2019_kk_088,Kusko,2019,0.709108229631206,0.28659809414727,-1.7457253805397e-4,1370.476517,1505.41294,1857.056,0.709365579,982.7333305828868
1085,568.54,0.708082859676186,0.290128739924459,1137.08,2019_kk_088,Kusko,2019,0.709139488474048,0.286495287620354,-1.0280652691602e-4,1370.476517,1505.41294,1857.056,0.709365579,982.7333305828868
1086,569.064,0.714322750117901,0.286420238432197,1138.128,2019_kk_088,Kusko,2019,0.709184764178101,0.286392912862065,-1.0237475828894e-4,1370.476517,1505.41294,1857.056,0.709365579,982.7333305828868
1087,569.588,0.70690345238321,0.285272951802792,1139.176,2019_kk_088,Kusko,2019,0.70925570117602,0.286275491068027,-1.1742179403745e-4,1370.476517,1505.41294,1857.056,0.709365579,982.7333305828868
1088,570.112,0.708825463611391,0.286904423496758,1140.224,2019_kk_088,Kusko,2019,0.709229458976748,0.28618554393991,-8.99471281176067e-5,1370.476517,1505.41294,1857.056,0.709365579,982.7333305828868
1089,570.636,0.710846549009613,0.287558644453174,1141.272,2019_kk_088,Kusko,2019,0.709218825891076,0.285999526668285,-1.8601727162492e-4,1370.476517,1505.41294,1857.056,0.709365579,982.7333305828868
1090,571.16,0.707701773379734,0.289876568904549,1142.32,2019_kk_088,Kusko,2019,0.709191939932532,0.285906340855455,-9.31858128297991e-5,1370.476517,1505.41294,1857.056,0.709365579,982.7333305828868
1091,571.684,0.710303937983446,0.292422018365718,1143.368,2019_kk_088,Kusko,2019,0.709252975806772,0.285772886604263,-1.3345425119148e-4,1370.476517,1505.41294,1857.056,0.709365579,982.7333305828868
1092,572.208,0.710211591611228,0.28908730053514,1144.416,2019_kk_088,Kusko,2019,0.709272733030512,0.285625298707066,-1.4758789719754e-4,1370.476517,1505.41294,1857.056,0.709365579,982.7333305828868
1093,572.732,0.707344123834233,0.2887713666267,1145.464,2019_kk_088,Kusko,2019,0.709228116846042,0.285390902351436,-2.3439635562982e-4,1370.476517,1505.41294,1857.056,0.709365579,982.7333305828868
1094,573.256,0.709916664990637,0.279555006499659,1146.512,2019_kk_088,Kusko,2019,0.709230328505581,0.285142450894083,-2.4845145735347e-4,1370.476517,1505.41294,1857.056,0.709365579,982.7333305828868
1095,573.78,0.708389092052308,0.278481834533045,1147.56,2019_kk_088,Kusko,2019,0.709199528227046,0.28491635136456,-2.2609952952229e-4,1370.476517,1505.41294,1857.056,0.709365579,982.7333305828868
1096,574.304,0.7108101239354,0.274279165324153,1148.608,2019_kk_088,Kusko,2019,0.709324019199767,0.284718013234903,-1.9833812965763e-4,1370.476517,1505.41294,1857.056,0.709365579,982.7333305828868
1097,574.828,0.70627240570586,0.272208011313179,1149.656,2019_kk_088,Kusko,2019,0.709300671043438,0.284611950841338,-1.0606239356436e-4,1370.476517,1505.41294,1857.056,0.709365579,982.7333305828868
1098,575.352,0.709768659304658,0.275127084947997,1150.704,2019_kk_088,Kusko,2019,0.709296129978093,0.284720483514503,1.0853267316479e-4,1370.476517,1505.41294,1857.056,0.709365579,982.7333305828868
1099,575.876,0.709733605480837,0.273082230433548,1151.752,2019_kk_088,Kusko,2019,0.70934654362851,0.284847377416274,1.2689390177123e-4,1370.476517,1505.41294,1857.056,0.709365579,982.7333305828868
1100,576.4,0.709469513364619,0.269331880873252,1152.8,2019_kk_088,Kusko,2019,0.709380187073072,0.2900368388295,0.00518946141322596,1370.476517,1505.41294,1857.056,0.709365579,982.7333305828868
1101,576.924,0.710601297957508,0.275074492761584,1153.848,2019_kk_088,Kusko,2019,0.70935800783072,0.290953218159433,9.1637932993249e-4,1370.476517,1505.41294,1857.056,0.709365579,982.7333305828868
1102,577.448,0.710408395506536,0.274807254326564,1154.896,2019_kk_088,Kusko,2019,0.709360962860684,0.290881632962907,-7.15851965253367e-5,1370.476517,1505.41294,1857.056,0.709365579,982.7333305828868
1103,577.972,0.711610699476518,0.273784187727822,1155.944,2019_kk_088,Kusko,2019,0.709279578680397,0.290861657040836,-1.99759220713136e-5,1370.476517,1505.41294,1857.056,0.709365579,982.7333305828868
1104,578.496,0.709359221069733,0.276456725405974,1156.992,2019_kk_088,Kusko,2019,0.709190407233376,0.290761322471302,-1.0033456953362e-4,1370.476517,1505.41294,1857.056,0.709365579,982.7333305828868
1105,579.02,0.70695167457691,0.275449703811829,1158.04,2019_kk_088,Kusko,2019,0.709182788099508,0.290772505606292,1.11831349899338e-5,1370.476517,1505.41294,1857.056,0.709365579,982.7333305828868
1106,579.544,0.708973756717851,0.280821441565814,1159.088,2019_kk_088,Kusko,2019,0.709271584288296,0.290862335762893,8.98301566011339e-5,1370.476517,1505.41294,1857.056,0.709365579,982.7333305828868
1107,580.068,0.710315646454713,0.281624915981411,1160.136,2019_kk_088,Kusko,2019,0.709279224312359,0.29093200485792,6.96690950267587e-5,1370.476517,1505.41294,1857.056,0.709365579,982.7333305828868
1108,580.592,0.710328094127082,0.282255553757958,1161.184,2019_kk_088,Kusko,2019,0.709270423604477,0.291074699763304,1.4269490538337e-4,1370.476517,1505.41294,1857.056,0.709365579,982.7333305828868
1109,581.116,0.707801587330068,0.288920237868507,1162.232,2019_kk_088,Kusko,2019,0.70921233089444,0.291241304720091,1.666049567871e-4,1370.476517,1505.41294,1857.056,0.709365579,982.7333305828868
1110,581.64,0.706767623836574,0.289826901320678,1163.28,2019_kk_088,Kusko,2019,0.709154600480341,0.291279930932202,3.86262121117031e-5,1370.476517,1505.41294,1857.056,0.709365579,982.7333305828868
1111,582.164,0.712290990604577,0.290792686091216,1164.328,2019_kk_088,Kusko,2019,0.709184450185253,0.291233976002032,-4.59549301702333e-5,1370.476517,1505.41294,1857.056,0.709365579,982.7333305828868
1112,582.688,0.711047319942258,0.290992081216352,1165.376,2019_kk_088,Kusko,2019,0.709182612177844,0.291068124248786,-1.6585175324573e-4,1370.476517,1505.41294,1857.056,0.709365579,982.7333305828868
1113,583.212,0.708627501365576,0.28740373478605,1166.424,2019_kk_088,Kusko,2019,0.70920030506941,0.2909506319535,-1.1749229528629e-4,1370.476517,1505.41294,1857.056,0.709365579,982.7333305828868
1114,583.736,0.706625544089351,0.288716324446476,1167.472,2019_kk_088,Kusko,2019,0.709217839085765,0.290893516194663,-5.71157588370452e-5,1370.476517,1505.41294,1857.056,0.709365579,982.7333305828868
1115,584.26,0.708800702604405,0.290509137836165,1168.52,2019_kk_088,Kusko,2019,0.709209418848508,0.290834974180937,-5.85420137265702e-5,1370.476517,1505.41294,1857.056,0.709365579,982.7333305828868
1116,584.784,0.708943841674865,0.292305250319426,1169.568,2019_kk_088,Kusko,2019,0.709086306142722,0.290869397041495,3.44228605588803e-5,1370.476517,1505.41294,1857.056,0.709365579,982.7333305828868
1117,585.308,0.711482170569621,0.291676646694349,1170.616,2019_kk_088,Kusko,2019,0.709127796878478,0.290884787499429,1.5390457933695e-5,1370.476517,1505.41294,1857.056,0.709365579,982.7333305828868
1118,585.832,0.70612684886093,0.291820460391691,1171.664,2019_kk_088,Kusko,2019,0.709105051324529,0.29088251894697,-2.26855245893942e-6,1370.476517,1505.41294,1857.056,0.709365579,982.7333305828868
1119,586.356,0.70865790856068,0.286573929959474,1172.712,2019_kk_088,Kusko,2019,0.709074247713937,0.290850219419399,-3.22995275713334e-5,1370.476517,1505.41294,1857.056,0.709365579,982.7333305828868
1120,586.88,0.708313765797784,0.293031850349016,1173.76,2019_kk_088,Kusko,2019,0.70908897768324,0.290750755232879,-9.94641865200152e-5,1370.476517,1505.41294,1857.056,0.709365579,982.7333305828868
1121,587.404,0.713202283576161,0.286665016217075,1174.808,2019_kk_088,Kusko,2019,0.709044332633558,0.290549009468138,-2.0174576474091e-4,1370.476517,1505.41294,1857.056,0.709365579,982.7333305828868
1122,587.928,0.709911618368795,0.283426352778462,1175.856,2019_kk_088,Kusko,2019,0.708992430539183,0.290377162866436,-1.7184660170244e-4,1370.476517,1505.41294,1857.056,0.709365579,982.7333305828868
1123,588.452,0.704287582893751,0.283907363229818,1176.904,2019_kk_088,Kusko,2019,0.709064864236494,0.290323838763611,-5.33241028244924e-5,1370.476517,1505.41294,1857.056,0.709365579,982.7333305828868
1124,588.976,0.707427814208478,0.283876752332564,1177.952,2019_kk_088,Kusko,2019,0.70903482031366,0.290497158585334,1.7331982172319e-4,1370.476517,1505.41294,1857.056,0.709365579,982.7333305828868
1125,589.5,0.708648150211766,0.279917282621273,1179,2019_kk_088,Kusko,2019,0.709019523109515,0.290772687009716,2.7552842438216e-4,1370.476517,1505.41294,1857.056,0.709365579,982.7333305828868
1126,590.024,0.712846775807536,0.284585134959877,1180.048,2019_kk_088,Kusko,2019,0.708927690415296,0.291132918176353,3.6023116663647e-4,1370.476517,1505.41294,1857.056,0.709365579,982.7333305828868
1127,590.548,0.708846792033897,0.286861039052674,1181.096,2019_kk_088,Kusko,2019,0.708975295415402,0.291473435011661,3.4051683530789e-4,1370.476517,1505.41294,1857.056,0.709365579,982.7333305828868
1128,591.072,0.708193036080534,0.292502948349741,1182.144,2019_kk_088,Kusko,2019,0.708911392332092,0.291756628892514,2.8319388085368e-4,1370.476517,1505.41294,1857.056,0.709365579,982.7333305828868
1129,591.596,0.709481381017676,0.292752292242366,1183.192,2019_kk_088,Kusko,2019,0.708928342068156,0.292064800648747,3.081717562321e-4,1370.476517,1505.41294,1857.056,0.709365579,982.7333305828868
1130,592.12,0.70987973896479,0.594194684548853,1184.24,2019_kk_088,Kusko,2019,0.70893444629336,0.292297271633492,2.3247098474538e-4,1370.476517,1505.41294,1857.056,0.709365579,982.7333305828868
1131,592.644,0.712130843549516,0.343194915532749,1185.288,2019_kk_088,Kusko,2019,0.708904501215553,0.292354623289046,5.73516555544273e-5,1370.476517,1505.41294,1857.056,0.709365579,982.7333305828868
1132,593.168,0.710802542154663,0.281636270854951,1186.336,2019_kk_088,Kusko,2019,0.708884984321339,0.292394498908991,3.9875619944784703e-05,1370.476517,1505.41294,1857.056,0.709365579,982.7333305828868
1133,593.692,0.703908044203944,0.27967043566021,1187.384,2019_kk_088,Kusko,2019,0.708845480485833,0.292488922274525,9.44233655339466e-5,1370.476517,1505.41294,1857.056,0.709365579,982.7333305828868
1134,594.216,0.70460079300887,0.276018556925166,1188.432,2019_kk_088,Kusko,2019,0.708865159255441,0.29256540965063,7.6487376105383e-5,1370.476517,1505.41294,1857.056,0.709365579,982.7333305828868
1135,594.74,0.706285911396173,0.283287450152158,1189.48,2019_kk_088,Kusko,2019,0.708914713134539,0.292634529681377,6.91200307469941e-5,1370.476517,1505.41294,1857.056,0.709365579,982.7333305828868
1136,595.264,0.712320037428345,0.289630966178578,1190.528,2019_kk_088,Kusko,2019,0.708894767715954,0.292644469732558,9.94005118043484e-6,1370.476517,1505.41294,1857.056,0.709365579,982.7333305828868
1137,595.788,0.710212834224861,0.288840240884528,1191.576,2019_kk_088,Kusko,2019,0.708893491534713,0.292791987924355,1.4751819179709e-4,1370.476517,1505.41294,1857.056,0.709365579,982.7333305828868
1138,596.312,0.709304159394123,0.29303130692377,1192.624,2019_kk_088,Kusko,2019,0.708867421031715,0.292955540542042,1.635526176873e-4,1370.476517,1505.41294,1857.056,0.709365579,982.7333305828868
1139,596.836,0.708613937827392,0.292922355389425,1193.672,2019_kk_088,Kusko,2019,0.708916561757402,0.293018778811833,6.32382697904887e-5,1370.476517,1505.41294,1857.056,0.709365579,982.7333305828868
1140,597.36,0.707847722059809,0.290397530427756,1194.72,2019_kk_088,Kusko,2019,0.708963687961326,0.292923619247231,-9.51595646015435e-5,1370.476517,1505.41294,1857.056,0.709365579,982.7333305828868
1141,597.884,0.712039756551742,0.287744238254628,1195.768,2019_kk_088,Kusko,2019,0.708941198535166,0.292785220333291,-1.3839891394013e-4,1370.476517,1505.41294,1857.056,0.709365579,982.7333305828868
1142,598.408,0.709622368577568,0.283918199143243,1196.816,2019_kk_088,Kusko,2019,0.708898589222735,0.292685479459634,-9.97408736573835e-5,1370.476517,1505.41294,1857.056,0.709365579,982.7333305828868
1143,598.932,0.711575315934074,0.287316658222438,1197.864,2019_kk_088,Kusko,2019,0.708904138567432,0.292634870007515,-5.06094521185441e-5,1370.476517,1505.41294,1857.056,0.709365579,982.7333305828868
1144,599.456,0.708143748106633,0.28596199771278,1198.912,2019_kk_088,Kusko,2019,0.708970537845325,0.292524751618089,-1.1011838942615e-4,1370.476517,1505.41294,1857.056,0.709365579,982.7333305828868
1145,599.98,0.707577645440737,0.286616219100869,1199.96,2019_kk_088,Kusko,2019,0.708937704553224,0.29238261192071,-1.4213969737891e-4,1370.476517,1505.41294,1857.056,0.709365579,982.7333305828868
1146,600.504,0.706935987770745,0.288485610065729,1201.008,2019_kk_088,Kusko,2019,0.708918353336497,0.292286249587802,-9.63623329078844e-5,1370.476517,1505.41294,1857.056,0.709365579,982.7333305828868
1147,601.028,0.709392896528593,0.286196379278812,1202.056,2019_kk_088,Kusko,2019,0.708886760082117,0.29225697207437,-2.9277513432513e-5,1370.476517,1505.41294,1857.056,0.709365579,982.7333305828868
1148,601.552,0.707460730374416,0.286768310349222,1203.104,2019_kk_088,Kusko,2019,0.708912160301729,0.292199968107037,-5.70039673329359e-5,1370.476517,1505.41294,1857.056,0.709365579,982.7333305828868
1149,602.076,0.708998332374116,0.285620672798895,1204.152,2019_kk_088,Kusko,2019,0.7088714752058,0.292234151855672,3.41837486352303e-5,1370.476517,1505.41294,1857.056,0.709365579,982.7333305828868
1150,602.6,0.708585571537904,0.283908717713346,1205.2,2019_kk_088,Kusko,2019,0.708882508459364,0.292231453034478,-2.69882119385834e-6,1370.476517,1505.41294,1857.056,0.709365579,982.7333305828868
1151,603.124,0.707625235002519,0.280317272481263,1206.248,2019_kk_088,Kusko,2019,0.708836338909354,0.292302506737229,7.10537027504565e-5,1370.476517,1505.41294,1857.056,0.709365579,982.7333305828868
1152,603.648,0.707097465948752,0.278776504432993,1207.296,2019_kk_088,Kusko,2019,0.708810787980773,0.292476864099474,1.7435736224497e-4,1370.476517,1505.41294,1857.056,0.709365579,982.7333305828868
1153,604.172,0.711690145672852,0.285571920457227,1208.344,2019_kk_088,Kusko,2019,0.708873504398789,0.292654333793597,1.774696941238e-4,1370.476517,1505.41294,1857.056,0.709365579,982.7333305828868
1154,604.696,0.708114029620629,0.289954195803051,1209.392,2019_kk_088,Kusko,2019,0.70889308294387,0.292879158296117,2.2482450251931e-4,1370.476517,1505.41294,1857.056,0.709365579,982.7333305828868
1155,605.22,0.707471259803578,0.295013539995975,1210.44,2019_kk_088,Kusko,2019,0.708913061074933,0.293147722494366,2.6856419824961e-4,1370.476517,1505.41294,1857.056,0.709365579,982.7333305828868
1156,605.744,0.705300162282304,0.29589303532234,1211.488,2019_kk_088,Kusko,2019,0.708853405633605,0.293279084043075,1.313615487084e-4,1370.476517,1505.41294,1857.056,0.709365579,982.7333305828868
1157,606.268,0.709128705712212,0.292639021431655,1212.536,2019_kk_088,Kusko,2019,0.708833112989978,0.293379087184502,1.0000314142732e-4,1370.476517,1505.41294,1857.056,0.709365579,982.7333305828868
1158,606.792,0.705934474306028,0.292118717799215,1213.584,2019_kk_088,Kusko,2019,0.708843467823552,0.29343081325078,5.17260662775132e-5,1370.476517,1505.41294,1857.056,0.709365579,982.7333305828868
1159,607.316,0.710750589644722,0.291572535807476,1214.632,2019_kk_088,Kusko,2019,0.7088240350043,0.293462908137993,3.20948872137294e-5,1370.476517,1505.41294,1857.056,0.709365579,982.7333305828868
1160,607.84,0.709835766876823,0.283280139957974,1215.68,2019_kk_088,Kusko,2019,0.708800340156925,0.288427647469328,-0.00503526066866522,1370.476517,1505.41294,1857.056,0.709365579,982.7333305828868
1161,608.364,0.708804593289087,0.278515592094849,1216.728,2019_kk_088,Kusko,2019,0.708737273344507,0.287617612541232,-8.1003492809606e-4,1370.476517,1505.41294,1857.056,0.709365579,982.7333305828868
1162,608.888,0.709237381853727,0.277199791523251,1217.776,2019_kk_088,Kusko,2019,0.70871845989146,0.287807593208748,1.8998066751635e-4,1370.476517,1505.41294,1857.056,0.709365579,982.7333305828868
1163,609.412,0.709240469346123,0.279449589659861,1218.824,2019_kk_088,Kusko,2019,0.70885562393438994,0.288023876642021,2.1628343327251e-4,1370.476517,1505.41294,1857.056,0.709365579,982.7333305828868
1164,609.936,0.710539947246237,0.281045967972297,1219.872,2019_kk_088,Kusko,2019,0.708961292728162,0.28827992962372,2.56052981699e-4,1370.476517,1505.41294,1857.056,0.709365579,982.7333305828868
1165,610.46,0.709924907322771,0.279596905656648,1220.92,2019_kk_088,Kusko,2019,0.709077854279384,0.28843270651752,1.5277689380033e-4,1370.476517,1505.41294,1857.056,0.709365579,982.7333305828868
1166,610.984,0.707777031602795,0.28141784463664,1221.968,2019_kk_088,Kusko,2019,0.709003242470946,0.288485688459112,5.2981941591701e-5,1370.476517,1505.41294,1857.056,0.709365579,982.7333305828868
1167,611.508,0.710239075580232,0.290476007489237,1223.016,2019_kk_088,Kusko,2019,0.709034626931699,0.288539174503304,5.34860441924745e-5,1370.476517,1505.41294,1857.056,0.709365579,982.7333305828868
1168,612.032,0.708763863947202,0.292068710819196,1224.064,2019_kk_088,Kusko,2019,0.709022079788752,0.288544949271791,5.7747684863995704e-06,1370.476517,1505.41294,1857.056,0.709365579,982.7333305828868
1169,612.556,0.710750030871251,0.292714534055936,1225.112,2019_kk_088,Kusko,2019,0.708985533797039,0.288589585368095,4.46360963040626e-5,1370.476517,1505.41294,1857.056,0.709365579,982.7333305828868
1170,613.08,0.709595196072041,0.284117327444585,1226.16,2019_kk_088,Kusko,2019,0.709026926786198,0.288671541332463,8.19559643677192e-5,1370.476517,1505.41294,1857.056,0.709365579,982.7333305828868
1171,613.604,0.710941625034946,0.282488751254808,1227.208,2019_kk_088,Kusko,2019,0.70900038398453,0.288695105571464,2.35642390014057e-5,1370.476517,1505.41294,1857.056,0.709365579,982.7333305828868
1172,614.128,0.708490761196417,0.28500762879691,1228.256,2019_kk_088,Kusko,2019,0.708980610130933,0.288799750282763,1.0464471129939e-4,1370.476517,1505.41294,1857.056,0.709365579,982.7333305828868
1173,614.652,0.708960462047371,0.284367167658936,1229.304,2019_kk_088,Kusko,2019,0.708938505806673,0.288831973436896,3.2223154132982e-5,1370.476517,1505.41294,1857.056,0.709365579,982.7333305828868
1174,615.176,0.710609500762961,0.282109221080908,1230.352,2019_kk_088,Kusko,2019,0.709031990479195,0.288913240966555,8.12675296589238e-5,1370.476517,1505.41294,1857.056,0.709365579,982.7333305828868
1175,615.7,0.706830705078335,0.281980755993427,1231.4,2019_kk_088,Kusko,2019,0.709116249209613,0.288989830967871,7.65900013158793e-5,1370.476517,1505.41294,1857.056,0.709365579,982.7333305828868
1176,616.224,0.707782768671262,0.286523510344956,1232.448,2019_kk_088,Kusko,2019,0.709082935142418,0.289102690322607,1.1285935473592e-4,1370.476517,1505.41294,1857.056,0.709365579,982.7333305828868
1177,616.748,0.709586575306836,0.289919995888398,1233.496,2019_kk_088,Kusko,2019,0.709083614293331,0.28923892194137,1.3623161876347e-4,1370.476517,1505.41294,1857.056,0.709365579,982.7333305828868
1178,617.272,0.707650862037604,0.288400222351715,1234.544,2019_kk_088,Kusko,2019,0.70913136288259,0.289288690758633,4.97688172623745e-5,1370.476517,1505.41294,1857.056,0.709365579,982.7333305828868
1179,617.796,0.706216802804991,0.288624954877588,1235.592,2019_kk_088,Kusko,2019,0.709148346290602,0.289315713965617,2.70232069841114e-5,1370.476517,1505.41294,1857.056,0.709365579,982.7333305828868
1180,618.32,0.70897576101158,0.292869921077382,1236.64,2019_kk_088,Kusko,2019,0.709155472718383,0.28941729529526,1.0158132964249e-4,1370.476517,1505.41294,1857.056,0.709365579,982.7333305828868
1181,618.844,0.710432110575553,0.290928238382105,1237.688,2019_kk_088,Kusko,2019,0.709217778603987,0.289536158069486,1.188627742264e-4,1370.476517,1505.41294,1857.056,0.709365579,982.7333305828868
1182,619.368,0.708378562653972,0.293887794513161,1238.736,2019_kk_088,Kusko,2019,0.709281009519082,0.289712263389404,1.7610531991818e-4,1370.476517,1505.41294,1857.056,0.709365579,982.7333305828868
1183,619.892,0.708050567974695,0.294555544877249,1239.784,2019_kk_088,Kusko,2019,0.709233648205189,0.289782998803559,7.0735414154588e-5,1370.476517,1505.41294,1857.056,0.709365579,982.7333305828868
1184,620.416,0.708602526913347,0.297366222483721,1240.832,2019_kk_088,Kusko,2019,0.709292326180606,0.2897050593012,-7.79395023591811e-5,1370.476517,1505.41294,1857.056,0.709365579,982.7333305828868
1185,620.94,0.709846838075544,0.296031134516251,1241.88,2019_kk_088,Kusko,2019,0.709286561232175,0.289528758022283,-1.7630127891604e-4,1370.476517,1505.41294,1857.056,0.709365579,982.7333305828868
1186,621.464,0.709267449327828,0.292466827882379,1242.928,2019_kk_088,Kusko,2019,0.709329626949008,0.289371424684545,-1.5733333773798e-4,1370.476517,1505.41294,1857.056,0.709365579,982.7333305828868
1187,621.988,0.707629233416297,0.292861227538312,1243.976,2019_kk_088,Kusko,2019,0.709304575595574,0.28932489979456,-4.65248899850224e-5,1370.476517,1505.41294,1857.056,0.709365579,982.7333305828868
1188,622.512,0.708814326094979,0.295606512326391,1245.024,2019_kk_088,Kusko,2019,0.709335097666268,0.289251132521002,-7.3767273558234e-5,1370.476517,1505.41294,1857.056,0.709365579,982.7333305828868
1189,623.036,0.708315411862593,0.29467798547519,1246.072,2019_kk_088,Kusko,2019,0.709270484963282,0.289200790710191,-5.03418108110387e-5,1370.476517,1505.41294,1857.056,0.709365579,982.7333305828868
1190,623.56,0.708458048122235,0.292079044428939,1247.12,2019_kk_088,Kusko,2019,0.709286611590638,0.289299823504114,9.90327939230928e-5,1370.476517,1505.41294,1857.056,0.709365579,982.7333305828868
1191,624.084,0.708346834804434,0.294592819846988,1248.168,2019_kk_088,Kusko,2019,0.709285814437381,0.289396658710429,9.68352063149269e-5,1370.476517,1505.41294,1857.056,0.709365579,982.7333305828868
1192,624.608,0.709673734971892,0.293035110905931,1249.216,2019_kk_088,Kusko,2019,0.709259922398479,0.289526162206055,1.2950349562551e-4,1370.476517,1505.41294,1857.056,0.709365579,982.7333305828868
1193,625.132,0.712137886779734,0.292647441656561,1250.264,2019_kk_088,Kusko,2019,0.709290933262195,0.289595068357994,6.89061519389966e-5,1370.476517,1505.41294,1857.056,0.709365579,982.7333305828868
1194,625.656,0.710940920635187,0.291381735827109,1251.312,2019_kk_088,Kusko,2019,0.709244089665355,0.289646745392677,5.16770346835616e-5,1370.476517,1505.41294,1857.056,0.709365579,982.7333305828868
1195,626.18,0.713279604469482,0.292454063780176,1252.36,2019_kk_088,Kusko,2019,0.709178648187963,0.289765048778653,1.1830338597596e-4,1370.476517,1505.41294,1857.056,0.709365579,982.7333305828868
1196,626.704,0.70784332892208,0.29280988267408,1253.408,2019_kk_088,Kusko,2019,0.709246058652227,0.289844234862918,7.91860842644931e-5,1370.476517,1505.41294,1857.056,0.709365579,982.7333305828868
1197,627.228,0.712095901870029,0.292049403536076,1254.456,2019_kk_088,Kusko,2019,0.709261734858509,0.289839768287371,-4.46657554709073e-6,1370.476517,1505.41294,1857.056,0.709365579,982.7333305828868
1198,627.752,0.708551330817301,0.293377793032953,1255.504,2019_kk_088,Kusko,2019,0.70924573610399,0.289812508147142,-2.72601402286354e-5,1370.476517,1505.41294,1857.056,0.709365579,982.7333305828868
1199,628.276,0.706421178324622,0.29560052116767,1256.552,2019_kk_088,Kusko,2019,0.709186506119032,0.289762227937201,-5.02802099414112e-5,1370.476517,1505.41294,1857.056,0.709365579,982.7333305828868
1200,628.8,0.710331301409315,0.295314888289817,1257.6,2019_kk_088,Kusko,2019,0.709139398543919,0.289786683313687,2.44553764859878e-5,1370.476517,1505.41294,1857.056,0.709365579,982.7333305828868
1201,629.324,0.710447188451672,0.289158092594711,1258.648,2019_kk_088,Kusko,2019,0.70919786311239,0.289796186811748,9.50349806144724e-6,1370.476517,1505.41294,1857.056,0.709365579,982.7333305828868
1202,629.848,0.708435937361768,0.290196881821209,1259.696,2019_kk_088,Kusko,2019,0.709184238822859,0.289779623507772,-1.65633039764246e-5,1370.476517,1505.41294,1857.056,0.709365579,982.7333305828868
1203,630.372,0.709049056478484,0.289250047470415,1260.744,2019_kk_088,Kusko,2019,0.70917911482704,0.289778742758247,-8.80749524423408e-7,1370.476517,1505.41294,1857.056,0.709365579,982.7333305828868
1204,630.896,0.713752828457956,0.290838049492315,1261.792,2019_kk_088,Kusko,2019,0.709191984506955,0.289895007919117,1.1626516086943e-4,1370.476517,1505.41294,1857.056,0.709365579,982.7333305828868
1205,631.42,0.712633169265794,0.291211619179822,1262.84,2019_kk_088,Kusko,2019,0.709239367213435,0.289895458653681,4.50734564616528e-7,1370.476517,1505.41294,1857.056,0.709365579,982.7333305828868
1206,631.944,0.70493714373905,0.295257171349886,1263.888,2019_kk_088,Kusko,2019,0.709278832616747,0.289861123129842,-3.43355238394683e-5,1370.476517,1505.41294,1857.056,0.709365579,982.7333305828868
1207,632.468,0.709433645583379,0.294370276404621,1264.936,2019_kk_088,Kusko,2019,0.70925331477624,0.289800693375183,-6.04297546583643e-5,1370.476517,1505.41294,1857.056,0.709365579,982.7333305828868
1208,632.992,0.710325645729946,0.289754439384964,1265.984,2019_kk_088,Kusko,2019,0.709229464568254,0.289709547523471,-9.11458517124375e-5,1370.476517,1505.41294,1857.056,0.709365579,982.7333305828868
1209,633.516,0.710017336854834,0.28724206521794,1267.032,2019_kk_088,Kusko,2019,0.709232213703755,0.289628902924262,-8.06445992089233e-5,1370.476517,1505.41294,1857.056,0.709365579,982.7333305828868
1210,634.04,0.709013157204757,0.290003597491895,1268.08,2019_kk_088,Kusko,2019,0.709185174919729,0.289459590441785,-1.6931248247664e-4,1370.476517,1505.41294,1857.056,0.709365579,982.7333305828868
1211,634.564,0.711363588138791,0.287449038934848,1269.128,2019_kk_088,Kusko,2019,0.709173305746269,0.289313963717107,-1.4562672467805e-4,1370.476517,1505.41294,1857.056,0.709365579,982.7333305828868
1212,635.088,0.710891320854437,0.289342823628083,1270.176,2019_kk_088,Kusko,2019,0.709169880944895,0.289123875948989,-1.9008776811863e-4,1370.476517,1505.41294,1857.056,0.709365579,982.7333305828868
1213,635.612,0.708848466839293,0.289816045306505,1271.224,2019_kk_088,Kusko,2019,0.709159671561973,0.288939531245459,-1.8434470352934e-4,1370.476517,1505.41294,1857.056,0.709365579,982.7333305828868
1214,636.136,0.711634708145662,0.285277825661502,1272.272,2019_kk_088,Kusko,2019,0.709151439549377,0.288663933486232,-2.7559775922736e-4,1370.476517,1505.41294,1857.056,0.709365579,982.7333305828868
1215,636.66,0.707125362897665,0.284435463261009,1273.32,2019_kk_088,Kusko,2019,0.709158814363697,0.288454896329628,-2.0903715660369e-4,1370.476517,1505.41294,1857.056,0.709365579,982.7333305828868
1216,637.184,0.707884105292326,0.286453035058061,1274.368,2019_kk_088,Kusko,2019,0.709073130001654,0.288266503320166,-1.8839300946232e-4,1370.476517,1505.41294,1857.056,0.709365579,982.7333305828868
1217,637.708,0.707625624506134,0.289847528032555,1275.416,2019_kk_088,Kusko,2019,0.709051197424183,0.288043755365857,-2.2274795430887e-4,1370.476517,1505.41294,1857.056,0.709365579,982.7333305828868
1218,638.232,0.707765798547699,0.287692681385722,1276.464,2019_kk_088,Kusko,2019,0.709067630442942,0.28778709994098,-2.5665542487701e-4,1370.476517,1505.41294,1857.056,0.709365579,982.7333305828868
1219,638.756,0.706873827465535,0.288552027158815,1277.512,2019_kk_088,Kusko,2019,0.709120065205235,0.287483560788397,-3.0353915258302e-4,1370.476517,1505.41294,1857.056,0.709365579,982.7333305828868
1220,639.28,0.710803364518205,0.289222107593356,1278.56,2019_kk_088,Kusko,2019,0.709112270690255,0.287230637438158,-2.5292335023935e-4,1370.476517,1505.41294,1857.056,0.709365579,982.7333305828868
1221,639.804,0.708756764093691,0.284325704473745,1279.608,2019_kk_088,Kusko,2019,0.709130584212748,0.286902437458228,-3.2819997992977e-4,1370.476517,1505.41294,1857.056,0.709365579,982.7333305828868
1222,640.328,0.707683859519595,0.284970001260785,1280.656,2019_kk_088,Kusko,2019,0.709118585318433,0.28671579146881,-1.8664598941758e-4,1370.476517,1505.41294,1857.056,0.709365579,982.7333305828868
1223,640.852,0.711101121169048,0.2835839587762,1281.704,2019_kk_088,Kusko,2019,0.709091548273214,0.286488913690093,-2.2687777871749e-4,1370.476517,1505.41294,1857.056,0.709365579,982.7333305828868
1224,641.376,0.707729331435833,0.284146590053309,1282.752,2019_kk_088,Kusko,2019,0.709027210329827,0.286239227447254,-2.4968624283866e-4,1370.476517,1505.41294,1857.056,0.709365579,982.7333305828868
1225,641.9,0.705998418679278,0.286695108815208,1283.8,2019_kk_088,Kusko,2019,0.708888240864058,0.285963341000219,-2.7588644703524e-4,1370.476517,1505.41294,1857.056,0.709365579,982.7333305828868
1226,642.424,0.711821659458639,0.286169009692508,1284.848,2019_kk_088,Kusko,2019,0.70886821747595,0.285681767144591,-2.8157385562754e-4,1370.476517,1505.41294,1857.056,0.709365579,982.7333305828868
1227,642.948,0.711179647957165,0.290208012956414,1285.896,2019_kk_088,Kusko,2019,0.708773491438902,0.285450321630797,-2.3144551379406e-4,1370.476517,1505.41294,1857.056,0.709365579,982.7333305828868
1228,643.472,0.707803938676039,0.290433102405478,1286.944,2019_kk_088,Kusko,2019,0.708779571565894,0.285100936936035,-3.4938469476275e-4,1370.476517,1505.41294,1857.056,0.709365579,982.7333305828868
1229,643.996,0.707196231773774,0.28969772145945,1287.992,2019_kk_088,Kusko,2019,0.708818564491937,0.284773014378121,-3.2792255791336e-4,1370.476517,1505.41294,1857.056,0.709365579,982.7333305828868
1230,644.52,0.706768741565262,0.285584650033741,1289.04,2019_kk_088,Kusko,2019,0.708787879731014,0.284457973604995,-3.1504077312571e-4,1370.476517,1505.41294,1857.056,0.709365579,982.7333305828868
1231,645.044,0.71444949914323,0.283058961138495,1290.088,2019_kk_088,Kusko,2019,0.708780391443262,0.284171560894538,-2.8641271045715e-4,1370.476517,1505.41294,1857.056,0.709365579,982.7333305828868
1232,645.568,0.707673303824496,0.284013830558323,1291.136,2019_kk_088,Kusko,2019,0.708789415762846,0.283794393330584,-3.7716756395395e-4,1370.476517,1505.41294,1857.056,0.709365579,982.7333305828868
1233,646.092,0.708653022298285,0.284314322687472,1292.184,2019_kk_088,Kusko,2019,0.708860040904937,0.283443206105944,-3.5118722464022e-4,1370.476517,1505.41294,1857.056,0.709365579,982.7333305828868
1234,646.616,0.711381681557853,0.289085130733072,1293.232,2019_kk_088,Kusko,2019,0.708752396669688,0.283098285584673,-3.4492052127155e-4,1370.476517,1505.41294,1857.056,0.709365579,982.7333305828868
1235,647.14,0.709673667467112,0.282007800067306,1294.28,2019_kk_088,Kusko,2019,0.708732165836975,0.282746264753569,-3.5202083110391e-4,1370.476517,1505.41294,1857.056,0.709365579,982.7333305828868
1236,647.664,0.710150692869982,0.284463378914589,1295.328,2019_kk_088,Kusko,2019,0.708764747229447,0.282320341653881,-4.2592309968808e-4,1370.476517,1505.41294,1857.056,0.709365579,982.7333305828868
1237,648.188,0.708055504876433,0.286294210608896,1296.376,2019_kk_088,Kusko,2019,0.708686142619935,0.281929788905368,-3.905527485129e-4,1370.476517,1505.41294,1857.056,0.709365579,982.7333305828868
1238,648.712,0.706219849558412,0.282931471248969,1297.424,2019_kk_088,Kusko,2019,0.708643713640946,0.281538019265421,-3.9176963994652e-4,1370.476517,1505.41294,1857.056,0.709365579,982.7333305828868
1239,649.236,0.706381750935045,0.283786278925052,1298.472,2019_kk_088,Kusko,2019,0.708640274637819,0.281227167099696,-3.1085216572479e-4,1370.476517,1505.41294,1857.056,0.709365579,982.7333305828868
1240,649.76,0.706153433970069,0.282711172128785,1299.52,2019_kk_088,Kusko,2019,0.708692797021375,0.280895692377054,-3.3147472264238e-4,1370.476517,1505.41294,1857.056,0.709365579,982.7333305828868
1241,650.284,0.709719960167919,0.282190634901423,1300.568,2019_kk_088,Kusko,2019,0.708617102739281,0.280697866371912,-1.9782600514189e-4,1370.476517,1505.41294,1857.056,0.709365579,982.7333305828868
1242,650.808,0.708173074571547,0.282482528426042,1301.616,2019_kk_088,Kusko,2019,0.708617004179281,0.280407476795595,-2.9038957631705e-4,1370.476517,1505.41294,1857.056,0.709365579,982.7333305828868
1243,651.332,0.707438004999398,0.28349486266549,1302.664,2019_kk_088,Kusko,2019,0.708626292318392,0.280117625257308,-2.8985153828703e-4,1370.476517,1505.41294,1857.056,0.709365579,982.7333305828868
1244,651.856,0.708108606157591,0.280830356930078,1303.712,2019_kk_088,Kusko,2019,0.708622864198209,0.279878115407445,-2.3950984986254e-4,1370.476517,1505.41294,1857.056,0.709365579,982.7333305828868
1245,652.38,0.71028932693473,0.283488905120031,1304.76,2019_kk_088,Kusko,2019,0.708712710993424,0.279615457032029,-2.6265837541689e-4,1370.476517,1505.41294,1857.056,0.709365579,982.7333305828868
1246,652.904,0.704126387605219,0.281163247314638,1305.808,2019_kk_088,Kusko,2019,0.708725069488076,0.27932091706356,-2.9453996846812e-4,1370.476517,1505.41294,1857.056,0.709365579,982.7333305828868
1247,653.428,0.706313278768083,0.27949635027978,1306.856,2019_kk_088,Kusko,2019,0.7088158258685,0.278935294514177,-3.8562254938295e-4,1370.476517,1505.41294,1857.056,0.709365579,982.7333305828868
1248,653.952,0.709800307220506,0.280207186833772,1307.904,2019_kk_088,Kusko,2019,0.708851549778079,0.278556422760636,-3.7887175354101e-4,1370.476517,1505.41294,1857.056,0.709365579,982.7333305828868
1249,654.476,0.71146149760016,0.276465636320208,1308.952,2019_kk_088,Kusko,2019,0.708886913235106,0.278095750761311,-4.6067199932536e-4,1370.476517,1505.41294,1857.056,0.709365579,982.7333305828868
1250,655,0.707990377223458,0.27690364341458,1310,2019_kk_088,Kusko,2019,0.708866938596128,0.277641241292857,-4.545094684536e-4,1370.476517,1505.41294,1857.056,0.709365579,982.7333305828868
1251,655.524,0.70944564615401,0.274900821051199,1311.048,2019_kk_088,Kusko,2019,0.708930850662571,0.277272357904131,-3.6888338872681e-4,1370.476517,1505.41294,1857.056,0.709365579,982.7333305828868
1252,656.048,0.70895380131295,0.281836351540877,1312.096,2019_kk_088,Kusko,2019,0.708981212181009,0.276921021143232,-3.5133676089915e-4,1370.476517,1505.41294,1857.056,0.709365579,982.7333305828868
1253,656.572,0.710515664066602,0.279034774933513,1313.144,2019_kk_088,Kusko,2019,0.708922520238637,0.276644653879143,-2.7636726408841e-4,1370.476517,1505.41294,1857.056,0.709365579,982.7333305828868
1254,657.096,0.707080644031956,0.27640056125679,1314.192,2019_kk_088,Kusko,2019,0.708976404256345,0.276391380454429,-2.5327342471459e-4,1370.476517,1505.41294,1857.056,0.709365579,982.7333305828868
1255,657.62,0.704941436523341,0.275900876958061,1315.24,2019_kk_088,Kusko,2019,0.709099850445818,0.276054994616331,-3.3638583809714e-4,1370.476517,1505.41294,1857.056,0.709365579,982.7333305828868
1256,658.144,0.706641925635629,0.275915451336426,1316.288,2019_kk_088,Kusko,2019,0.709028218150273,0.275678490691461,-3.7650392487065e-4,1370.476517,1505.41294,1857.056,0.709365579,982.7333305828868
1257,658.668,0.706412339647176,0.278162672708434,1317.336,2019_kk_088,Kusko,2019,0.709019956781668,0.275162523342885,-5.159673485755e-4,1370.476517,1505.41294,1857.056,0.709365579,982.7333305828868
1258,659.192,0.708916138436787,0.272414711347188,1318.384,2019_kk_088,Kusko,2019,0.709005901637607,0.274659072152642,-5.034511902433e-4,1370.476517,1505.41294,1857.056,0.709365579,982.7333305828868
1259,659.716,0.70876075388719,0.275925167692869,1319.432,2019_kk_088,Kusko,2019,0.708983291312577,0.274265146895654,-3.9392525698833e-4,1370.476517,1505.41294,1857.056,0.709365579,982.7333305828868
1260,660.24,0.708490215753929,0.276412441902276,1320.48,2019_kk_088,Kusko,2019,0.70902833864928,0.273904505378059,-3.606415175944e-4,1370.476517,1505.41294,1857.056,0.709365579,982.7333305828868
1261,660.764,0.709997891186558,0.271973329967283,1321.528,2019_kk_088,Kusko,2019,0.708951968237736,0.273636019365309,-2.684860127497e-4,1370.476517,1505.41294,1857.056,0.709365579,982.7333305828868
1262,661.288,0.708977396536824,0.267566827983974,1322.576,2019_kk_088,Kusko,2019,0.708979595443795,0.273431774997668,-2.0424436764099e-4,1370.476517,1505.41294,1857.056,0.709365579,982.7333305828868
1263,661.812,0.713286565003947,0.268178813992004,1323.624,2019_kk_088,Kusko,2019,0.709032334873432,0.273135279303501,-2.9649569416789e-4,1370.476517,1505.41294,1857.056,0.709365579,982.7333305828868
1264,662.336,0.707294174343007,0.270142818216022,1324.672,2019_kk_088,Kusko,2019,0.709010840349025,0.27278518218028,-3.5009712322103e-4,1370.476517,1505.41294,1857.056,0.709365579,982.7333305828868
1265,662.86,0.711419319303049,0.270090369313585,1325.72,2019_kk_088,Kusko,2019,0.708979732242169,0.272484620067672,-3.0056211260787e-4,1370.476517,1505.41294,1857.056,0.709365579,982.7333305828868
1266,663.384,0.706892027287328,0.2697017853686,1326.768,2019_kk_088,Kusko,2019,0.70892298484179594,0.272126207051409,-3.5841301626249e-4,1370.476517,1505.41294,1857.056,0.709365579,982.7333305828868
1267,663.908,0.70471736901269,0.270937111493845,1327.816,2019_kk_088,Kusko,2019,0.708940571367817,0.271638918549922,-4.8728850148738e-4,1370.476517,1505.41294,1857.056,0.709365579,982.7333305828868
1268,664.432,0.707779906990573,0.266248260988169,1328.864,2019_kk_088,Kusko,2019,0.708981959843952,0.271211798239101,-4.271203108207e-4,1370.476517,1505.41294,1857.056,0.709365579,982.7333305828868
1269,664.956,0.709810996667248,0.268590935274453,1329.912,2019_kk_088,Kusko,2019,0.708983091940532,0.270755203689496,-4.5659454960506e-4,1370.476517,1505.41294,1857.056,0.709365579,982.7333305828868
1270,665.48,0.712164500218116,0.270115114133351,1330.96,2019_kk_088,Kusko,2019,0.709005225167537,0.270243626332995,-5.1157735650087e-4,1370.476517,1505.41294,1857.056,0.709365579,982.7333305828868
1271,666.004,0.706821931213168,0.275579478626332,1332.008,2019_kk_088,Kusko,2019,0.708974612632599,0.269728961610443,-5.1466472255234e-4,1370.476517,1505.41294,1857.056,0.709365579,982.7333305828868
1272,666.528,0.710885407254422,0.271919449049058,1333.056,2019_kk_088,Kusko,2019,0.709033452592997,0.269199098247358,-5.2986336308452e-4,1370.476517,1505.41294,1857.056,0.709365579,982.7333305828868
1273,667.052,0.709405755185923,0.272424953009282,1334.104,2019_kk_088,Kusko,2019,0.709089325152317,0.268629234421488,-5.6986382587009e-4,1370.476517,1505.41294,1857.056,0.709365579,982.7333305828868
1274,667.576,0.711429020934712,0.270907234669748,1335.152,2019_kk_088,Kusko,2019,0.709059116757387,0.268146423943378,-4.8281047810983e-4,1370.476517,1505.41294,1857.056,0.709365579,982.7333305828868
1275,668.1,0.71251617061057,0.268675960735995,1336.2,2019_kk_088,Kusko,2019,0.708954673793073,0.267568126149222,-5.7829779415657e-4,1370.476517,1505.41294,1857.056,0.709365579,982.7333305828868
1276,668.624,0.708625614971406,0.268780636949974,1337.248,2019_kk_088,Kusko,2019,0.709038820750306,0.267070042166886,-4.9808398233625e-4,1370.476517,1505.41294,1857.056,0.709365579,982.7333305828868
1277,669.148,0.713071007331592,0.266710175069577,1338.296,2019_kk_088,Kusko,2019,0.70909319870041,0.266593267949277,-4.76774217609e-4,1370.476517,1505.41294,1857.056,0.709365579,982.7333305828868
1278,669.672,0.709909233122416,0.26496037617326,1339.344,2019_kk_088,Kusko,2019,0.708992195097104,0.266083035968402,-5.1023198087446e-4,1370.476517,1505.41294,1857.056,0.709365579,982.7333305828868
1279,670.196,0.708995634887175,0.260911707199291,1340.392,2019_kk_088,Kusko,2019,0.709020897811853,0.26560419624826,-4.7883972014206e-4,1370.476517,1505.41294,1857.056,0.709365579,982.7333305828868
1280,670.72,0.709604886179512,0.261951539486142,1341.44,2019_kk_088,Kusko,2019,0.708965253726161,0.265115126769098,-4.8906947916194e-4,1370.476517,1505.41294,1857.056,0.709365579,982.7333305828868
1281,671.244,0.712591488080303,0.26219270115014,1342.488,2019_kk_088,Kusko,2019,0.709013386605281,0.264649409349218,-4.6571741988044e-4,1370.476517,1505.41294,1857.056,0.709365579,982.7333305828868
1282,671.768,0.710705550625871,0.263889795606832,1343.536,2019_kk_088,Kusko,2019,0.708983894161691,0.263966628375621,-6.8278097359691e-4,1370.476517,1505.41294,1857.056,0.709365579,982.7333305828868
1283,672.292,0.707579604626732,0.267001922930898,1344.584,2019_kk_088,Kusko,2019,0.708959399583909,0.263371076758524,-5.9555161709673e-4,1370.476517,1505.41294,1857.056,0.709365579,982.7333305828868
1284,672.816,0.710962372498282,0.268950184570432,1345.632,2019_kk_088,Kusko,2019,0.708983636380418,0.262817227551221,-5.5384920730322e-4,1370.476517,1505.41294,1857.056,0.709365579,982.7333305828868
1285,673.34,0.713405190047678,0.266511958529375,1346.68,2019_kk_088,Kusko,2019,0.709060747659538,0.262299907047202,-5.1732050401825e-4,1370.476517,1505.41294,1857.056,0.709365579,982.7333305828868
1286,673.864,0.70752372172593,0.263578774200269,1347.728,2019_kk_088,Kusko,2019,0.709042907600701,0.261796244715024,-5.0366233217885e-4,1370.476517,1505.41294,1857.056,0.709365579,982.7333305828868
1287,674.388,0.71068396584088,0.259249972041884,1348.776,2019_kk_088,Kusko,2019,0.709126261752613,0.261306095396828,-4.9014931819546e-4,1370.476517,1505.41294,1857.056,0.709365579,982.7333305828868
1288,674.912,0.706960630032384,0.260226030990881,1349.824,2019_kk_088,Kusko,2019,0.709227857202423,0.26081737948264,-4.8871591418842e-4,1370.476517,1505.41294,1857.056,0.709365579,982.7333305828868
1289,675.436,0.705839612271931,0.26606220604015,1350.872,2019_kk_088,Kusko,2019,0.709288674885186,0.260295906656089,-5.2147282655057e-4,1370.476517,1505.41294,1857.056,0.709365579,982.7333305828868
1290,675.96,0.709471581767446,0.263946158978075,1351.92,2019_kk_088,Kusko,2019,0.709267765520129,0.259694986413635,-6.0092024245389e-4,1370.476517,1505.41294,1857.056,0.709365579,982.7333305828868
1291,676.484,0.709867274450627,0.266949800373517,1352.968,2019_kk_088,Kusko,2019,0.709253532694357,0.259131543293691,-5.6344311994394e-4,1370.476517,1505.41294,1857.056,0.709365579,982.7333305828868
1292,677.008,0.709330936188048,0.271759168499863,1354.016,2019_kk_088,Kusko,2019,0.70926034833707,0.258667760278296,-4.6378301539529e-4,1370.476517,1505.41294,1857.056,0.709365579,982.7333305828868
1293,677.532,0.711817388076493,0.266524581037398,1355.064,2019_kk_088,Kusko,2019,0.709195454869278,0.258249806501379,-4.1795377691678e-4,1370.476517,1505.41294,1857.056,0.709365579,982.7333305828868
1294,678.056,0.71009201009343,0.26807930333981,1356.112,2019_kk_088,Kusko,2019,0.709223144700911,0.257777516263547,-4.722902378319e-4,1370.476517,1505.41294,1857.056,0.709365579,982.7333305828868
1295,678.58,0.707807181055726,0.263974073310833,1357.16,2019_kk_088,Kusko,2019,0.709099296184624,0.257332787665327,-4.4472859822075e-4,1370.476517,1505.41294,1857.056,0.709365579,982.7333305828868
1296,679.104,0.70674584884761,0.26295859793884,1358.208,2019_kk_088,Kusko,2019,0.709255394149821,0.256859878785157,-4.7290888016937e-4,1370.476517,1505.41294,1857.056,0.709365579,982.7333305828868
1297,679.628,0.709110696437705,0.257056900519653,1359.256,2019_kk_088,Kusko,2019,0.709245539405437,0.256365659249458,-4.9421953569911e-4,1370.476517,1505.41294,1857.056,0.709365579,982.7333305828868
1298,680.152,0.708703158126476,0.257304252599728,1360.304,2019_kk_088,Kusko,2019,0.709301351823318,0.255946660103659,-4.189991457994e-4,1370.476517,1505.41294,1857.056,0.709365579,982.7333305828868
1299,680.676,0.706449676729846,0.256390605948749,1361.352,2019_kk_088,Kusko,2019,0.709394201064123,0.255539949523422,-4.0671058023655e-4,1370.476517,1505.41294,1857.056,0.709365579,982.7333305828868
1300,681.2,0.707481427590405,0.252016530738731,1362.4,2019_kk_088,Kusko,2019,0.709407861740368,0.255097501875806,-4.4244764761625e-4,1370.476517,1505.41294,1857.056,0.709365579,982.7333305828868
1301,681.724,0.707883208071628,0.251310751548281,1363.448,2019_kk_088,Kusko,2019,0.709438511594881,0.254569989802515,-5.275120732906e-4,1370.476517,1505.41294,1857.056,0.709365579,982.7333305828868
1302,682.248,0.711703472195394,0.25069072664097,1364.496,2019_kk_088,Kusko,2019,0.709403425540849,0.254034432640166,-5.3555716234915e-4,1370.476517,1505.41294,1857.056,0.709365579,982.7333305828868
1303,682.772,0.71079035855862,0.249303033113283,1365.544,2019_kk_088,Kusko,2019,0.709353705566218,0.253507352892061,-5.2707974810489e-4,1370.476517,1505.41294,1857.056,0.709365579,982.7333305828868
1304,683.296,0.70629610246179,0.251861728243489,1366.592,2019_kk_088,Kusko,2019,0.709288680508033,0.252994978264244,-5.1237462781728e-4,1370.476517,1505.41294,1857.056,0.709365579,982.7333305828868
1305,683.82,0.704022749075901,0.248791037470637,1367.64,2019_kk_088,Kusko,2019,0.709234892844781,0.252661790048126,-3.3318821611844e-4,1370.476517,1505.41294,1857.056,0.709365579,982.7333305828868
1306,684.344,0.709175205039219,0.251278208374463,1368.688,2019_kk_088,Kusko,2019,0.709232233605285,0.252251244021618,-4.1054602650797e-4,1370.476517,1505.41294,1857.056,0.709365579,982.7333305828868
1307,684.868,0.709575955774286,0.250889897223239,1369.736,2019_kk_088,Kusko,2019,0.709134294091526,0.251798514804753,-4.5272921686423e-4,1370.476517,1505.41294,1857.056,0.709365579,982.7333305828868
1308,685.392,0.703740091022169,0.249593267981307,1370.784,2019_kk_088,Kusko,2019,0.70914544473051,0.251394113893387,-4.0440091136606e-4,1370.476517,1505.41294,1857.056,0.709365579,982.7333305828868
1309,685.916,0.71318366048507,0.247735253111684,1371.832,2019_kk_088,Kusko,2019,0.709199504099053,0.251028760089836,-3.6535380355168e-4,1370.476517,1505.41294,1857.056,0.709365579,982.7333305828868
1310,686.44,0.704651732081983,0.247559474664861,1372.88,2019_kk_088,Kusko,2019,0.70917260184512,0.250699735971125,-3.2902411871055e-4,1370.476517,1505.41294,1857.056,0.709365579,982.7333305828868
1311,686.964,0.712333618901203,0.246957775858371,1373.928,2019_kk_088,Kusko,2019,0.709240070309245,0.250363776236449,-3.359597346757e-4,1370.476517,1505.41294,1857.056,0.709365579,982.7333305828868
1312,687.488,0.707184254697541,0.240869493125065,1374.976,2019_kk_088,Kusko,2019,0.70913472083285,0.250025296548236,-3.384796882131e-4,1370.476517,1505.41294,1857.056,0.709365579,982.7333305828868
1313,688.012,0.70904598939964,0.243301677907706,1376.024,2019_kk_088,Kusko,2019,0.709128869625798,0.249645003017322,-3.8029353091462e-4,1370.476517,1505.41294,1857.056,0.709365579,982.7333305828868
1314,688.536,0.708534851822514,0.243169608818599,1377.072,2019_kk_088,Kusko,2019,0.709131005504036,0.249166015722064,-4.7898729525805e-4,1370.476517,1505.41294,1857.056,0.709365579,982.7333305828868
1315,689.06,0.709568113270526,0.244861646716966,1378.12,2019_kk_088,Kusko,2019,0.709015078947524,0.248682499379434,-4.8351634262905e-4,1370.476517,1505.41294,1857.056,0.709365579,982.7333305828868
1316,689.584,0.705571522105428,0.245695711405693,1379.168,2019_kk_088,Kusko,2019,0.709029277052685,0.248273308788784,-4.0919059065094e-4,1370.476517,1505.41294,1857.056,0.709365579,982.7333305828868
1317,690.108,0.71141358876188,0.248753713616707,1380.216,2019_kk_088,Kusko,2019,0.709039229175406,0.247951355502147,-3.2195328663672e-4,1370.476517,1505.41294,1857.056,0.709365579,982.7333305828868
1318,690.632,0.715011865425401,0.243091756495884,1381.264,2019_kk_088,Kusko,2019,0.709059295506969,0.247628343683123,-3.2301181902358e-4,1370.476517,1505.41294,1857.056,0.709365579,982.7333305828868
1319,691.156,0.712409814852945,0.244636798099833,1382.312,2019_kk_088,Kusko,2019,0.709068720741253,0.247187192197896,-4.4115148522724e-4,1370.476517,1505.41294,1857.056,0.709365579,982.7333305828868
1320,691.68,0.707235653850559,0.240357227355043,1383.36,2019_kk_088,Kusko,2019,0.709083842290135,0.246711734384556,-4.7545781334015e-4,1370.476517,1505.41294,1857.056,0.709365579,982.7333305828868
1321,692.204,0.709143921640191,0.238166742770644,1384.408,2019_kk_088,Kusko,2019,0.709043736059465,0.246210255414774,-5.0147896978167e-4,1370.476517,1505.41294,1857.056,0.709365579,982.7333305828868
1322,692.728,0.709386335099646,0.239739847060257,1385.456,2019_kk_088,Kusko,2019,0.709005312444405,0.245661834065292,-5.4842134948243e-4,1370.476517,1505.41294,1857.056,0.709365579,982.7333305828868
1323,693.252,0.70939295693639,0.243101587376996,1386.504,2019_kk_088,Kusko,2019,0.708947981912225,0.24518506760421999,-4.7676646107136e-4,1370.476517,1505.41294,1857.056,0.709365579,982.7333305828868
1324,693.776,0.70895556424102,0.241805403946109,1387.552,2019_kk_088,Kusko,2019,0.708993463495535,0.24472381181866,-4.6125578556052e-4,1370.476517,1505.41294,1857.056,0.709365579,982.7333305828868
1325,694.3,0.703988408325828,0.243406653420339,1388.6,2019_kk_088,Kusko,2019,0.708981720640289,0.244398530893734,-3.2528092492542e-4,1370.476517,1505.41294,1857.056,0.709365579,982.7333305828868
1326,694.824,0.716257905199157,0.241327252558435,1389.648,2019_kk_088,Kusko,2019,0.70901167756587,0.244172022861494,-2.2650803224011e-4,1370.476517,1505.41294,1857.056,0.709365579,982.7333305828868
1327,695.348,0.704126084349659,0.2412839393519,1390.696,2019_kk_088,Kusko,2019,0.708978555256564,0.244021612434949,-1.504104265449e-4,1370.476517,1505.41294,1857.056,0.709365579,982.7333305828868
1328,695.872,0.711128652063419,0.241108312240203,1391.744,2019_kk_088,Kusko,2019,0.70903651746202,0.243828163380258,-1.934490546909e-4,1370.476517,1505.41294,1857.056,0.709365579,982.7333305828868
1329,696.396,0.71538195111552,0.244188300460262,1392.792,2019_kk_088,Kusko,2019,0.709114937962377,0.243602876178518,-2.2528720174075e-4,1370.476517,1505.41294,1857.056,0.709365579,982.7333305828868
1330,696.92,0.712984140792858,0.243568255276375,1393.84,2019_kk_088,Kusko,2019,0.709138747292445,0.243409182814357,-1.936933641605e-4,1370.476517,1505.41294,1857.056,0.709365579,982.7333305828868
1331,697.444,0.708660922483945,0.243928754228895,1394.888,2019_kk_088,Kusko,2019,0.709170298259509,0.243265018238712,-1.4416457564514e-4,1370.476517,1505.41294,1857.056,0.709365579,982.7333305828868
1332,697.968,0.708780244012498,0.239786019308109,1395.936,2019_kk_088,Kusko,2019,0.709126728987012,0.243122397862284,-1.4262037642806e-4,1370.476517,1505.41294,1857.056,0.709365579,982.7333305828868
1333,698.492,0.706422556708044,0.240800168122988,1396.984,2019_kk_088,Kusko,2019,0.709129761087296,0.243011921018317,-1.1047684396656e-4,1370.476517,1505.41294,1857.056,0.709365579,982.7333305828868
1334,699.016,0.707527517443608,0.240164757000712,1398.032,2019_kk_088,Kusko,2019,0.709176216469705,0.242844444105216,-1.6747691310189e-4,1370.476517,1505.41294,1857.056,0.709365579,982.7333305828868
1335,699.54,0.709288910815456,0.24868466776889,1399.08,2019_kk_088,Kusko,2019,0.709225580735315,0.242696001371039,-1.4844273417655e-4,1370.476517,1505.41294,1857.056,0.709365579,982.7333305828868
1336,700.064,0.708466060601631,0.244147875359494,1400.128,2019_kk_088,Kusko,2019,0.709255610496783,0.24241722130132,-2.7878006971859e-4,1370.476517,1505.41294,1857.056,0.709365579,982.7333305828868
1337,700.588,0.70719463650603,0.239546422057725,1401.176,2019_kk_088,Kusko,2019,0.709210619503302,0.242167944144691,-2.4927715662909e-4,1370.476517,1505.41294,1857.056,0.709365579,982.7333305828868
1338,701.112,0.710578271461482,0.240696321491295,1402.224,2019_kk_088,Kusko,2019,0.709273818861722,0.241929071265339,-2.3887287935209e-4,1370.476517,1505.41294,1857.056,0.709365579,982.7333305828868
1339,701.636,0.712239196999744,0.238990478986189,1403.272,2019_kk_088,Kusko,2019,0.709150129262151,0.241738416583592,-1.9065468174681e-4,1370.476517,1505.41294,1857.056,0.709365579,982.7333305828868
1340,702.16,0.707990750943511,0.242210092363508,1404.32,2019_kk_088,Kusko,2019,0.709288302056786,0.241579902550599,-1.5851403299299e-4,1370.476517,1505.41294,1857.056,0.709365579,982.7333305828868
1341,702.684,0.716639595927835,0.242035117069598,1405.368,2019_kk_088,Kusko,2019,0.709231626717753,0.24147976818031,-1.0013437028888e-4,1370.476517,1505.41294,1857.056,0.709365579,982.7333305828868
1342,703.208,0.704384582042205,0.243581014314046,1406.416,2019_kk_088,Kusko,2019,0.70928268440525,0.241487499367781,7.73118747088297e-6,1370.476517,1505.41294,1857.056,0.709365579,982.7333305828868
1343,703.732,0.707228532203576,0.244184311076022,1407.464,2019_kk_088,Kusko,2019,0.709341451048109,0.241394601537205,-9.2897830576727e-5,1370.476517,1505.41294,1857.056,0.709365579,982.7333305828868
1344,704.256,0.711090525192548,0.240210946854949,1408.512,2019_kk_088,Kusko,2019,0.709379572220811,0.241265834379324,-1.2876715788059e-4,1370.476517,1505.41294,1857.056,0.709365579,982.7333305828868
1345,704.78,0.706449596656981,0.237500977971632,1409.56,2019_kk_088,Kusko,2019,0.709372203638606,0.241142528768683,-1.2330561064111e-4,1370.476517,1505.41294,1857.056,0.709365579,982.7333305828868
1346,705.304,0.708375608035568,0.23902733876121,1410.608,2019_kk_088,Kusko,2019,0.709443337053385,0.240993296329932,-1.4923243875117e-4,1370.476517,1505.41294,1857.056,0.709365579,982.7333305828868
1347,705.828,0.711281093204147,0.239932774843681,1411.656,2019_kk_088,Kusko,2019,0.709408262212056,0.240813476160947,-1.7982016898465e-4,1370.476517,1505.41294,1857.056,0.709365579,982.7333305828868
1348,706.352,0.708164609926152,0.240845321849466,1412.704,2019_kk_088,Kusko,2019,0.709337237398126,0.240693788333294,-1.1968782765292e-4,1370.476517,1505.41294,1857.056,0.709365579,982.7333305828868
1349,706.876,0.706405126328995,0.239593116926513,1413.752,2019_kk_088,Kusko,2019,0.709320245392757,0.240551899711613,-1.4188862168149e-4,1370.476517,1505.41294,1857.056,0.709365579,982.7333305828868
1350,707.4,0.710378874700384,0.235418690177667,1414.8,2019_kk_088,Kusko,2019,0.709410367936656,0.240458356280313,-9.35434312997474e-5,1370.476517,1505.41294,1857.056,0.709365579,982.7333305828868
1351,707.924,0.707460900610412,0.236861062186616,1415.848,2019_kk_088,Kusko,2019,0.709308728493762,0.240461758519906,3.4022395933031e-6,1370.476517,1505.41294,1857.056,0.709365579,982.7333305828868
1352,708.448,0.707025519284425,0.238853887530917,1416.896,2019_kk_088,Kusko,2019,0.709340418028982,0.240351518481066,-1.1024003884019e-4,1370.476517,1505.41294,1857.056,0.709365579,982.7333305828868
1353,708.972,0.708377556145701,0.237918593373116,1417.944,2019_kk_088,Kusko,2019,0.709333118887077,0.240232540971271,-1.1897750979461e-4,1370.476517,1505.41294,1857.056,0.709365579,982.7333305828868
1354,709.496,0.712820905092045,0.240403956206178,1418.992,2019_kk_088,Kusko,2019,0.709427034518405,0.240177555563668,-5.49854076038192e-5,1370.476517,1505.41294,1857.056,0.709365579,982.7333305828868
1355,710.02,0.707102609740986,0.244457217815309,1420.04,2019_kk_088,Kusko,2019,0.709566588990603,0.24017040320776,-7.15235590800778e-6,1370.476517,1505.41294,1857.056,0.709365579,982.7333305828868
1356,710.544,0.708543264382428,0.249368116004432,1421.088,2019_kk_088,Kusko,2019,0.709507450870056,0.24013887007022,-3.1533137539147e-5,1370.476517,1505.41294,1857.056,0.709365579,982.7333305828868
1357,711.068,0.707123357879384,0.248032274926959,1422.136,2019_kk_088,Kusko,2019,0.70962590219828,0.240041972044282,-9.68980259388463e-5,1370.476517,1505.41294,1857.056,0.709365579,982.7333305828868
1358,711.592,0.712180890453842,0.245697309318274,1423.184,2019_kk_088,Kusko,2019,0.709545668579379,0.239888982423699,-1.529896205831e-4,1370.476517,1505.41294,1857.056,0.709365579,982.7333305828868
1359,712.116,0.711154906751258,0.242873373844302,1424.232,2019_kk_088,Kusko,2019,0.709474275020583,0.239734380026729,-1.5460239696932e-4,1370.476517,1505.41294,1857.056,0.709365579,982.7333305828868
1360,712.64,0.708909987394462,0.240394928889101,1425.28,2019_kk_088,Kusko,2019,0.70944760316193,0.23954135642803,-1.9302359869893e-4,1370.476517,1505.41294,1857.056,0.709365579,982.7333305828868
1361,713.164,0.709776266095502,0.242660877009573,1426.328,2019_kk_088,Kusko,2019,0.709473102312382,0.239339125425138,-2.022310028924e-4,1370.476517,1505.41294,1857.056,0.709365579,982.7333305828868
1362,713.688,0.709089315845528,0.242133504055285,1427.376,2019_kk_088,Kusko,2019,0.709423956424146,0.239233476424394,-1.056490007443e-4,1370.476517,1505.41294,1857.056,0.709365579,982.7333305828868
1363,714.212,0.710972284575667,0.24267442247529,1428.424,2019_kk_088,Kusko,2019,0.709424570333882,0.239159448793324,-7.40276310692289e-5,1370.476517,1505.41294,1857.056,0.709365579,982.7333305828868
1364,714.736,0.709083425406344,0.241813113457375,1429.472,2019_kk_088,Kusko,2019,0.709523892988234,0.239103220726658,-5.62280666665527e-5,1370.476517,1505.41294,1857.056,0.709365579,982.7333305828868
1365,715.26,0.706984605012493,0.239884473420045,1430.52,2019_kk_088,Kusko,2019,0.70957199483248,0.238925918088385,-1.7730263827278e-4,1370.476517,1505.41294,1857.056,0.709365579,982.7333305828868
1366,715.784,0.710976990727312,0.234551404191347,1431.568,2019_kk_088,Kusko,2019,0.709587909849046,0.238790698971713,-1.3521911667163e-4,1370.476517,1505.41294,1857.056,0.709365579,982.7333305828868
1367,716.308,0.706876496165436,0.235933267825495,1432.616,2019_kk_088,Kusko,2019,0.709599772984263,0.238665080511727,-1.2561845998584e-4,1370.476517,1505.41294,1857.056,0.709365579,982.7333305828868
1368,716.832,0.707532052527352,0.235260895220181,1433.664,2019_kk_088,Kusko,2019,0.709582063572893,0.238573801768219,-9.12787435082552e-5,1370.476517,1505.41294,1857.056,0.709365579,982.7333305828868
1369,717.356,0.705762284510819,0.236295972206876,1434.712,2019_kk_088,Kusko,2019,0.709555868307601,0.238510900787599,-6.29009806201175e-5,1370.476517,1505.41294,1857.056,0.709365579,982.7333305828868
1370,717.88,0.712942099760056,0.23804863268528,1435.76,2019_kk_088,Kusko,2019,0.709579005866823,0.238393368942768,-1.1753184483065e-4,1370.476517,1505.41294,1857.056,0.709365579,982.7333305828868
1371,718.404,0.708933098559235,0.240949713641038,1436.808,2019_kk_088,Kusko,2019,0.709405249118077,0.238287252601492,-1.0611634127644e-4,1370.476517,1505.41294,1857.056,0.709365579,982.7333305828868
1372,718.928,0.710247715947356,0.241333364373318,1437.856,2019_kk_088,Kusko,2019,0.709418856554031,0.238150591654087,-1.3666094740474e-4,1370.476517,1505.41294,1857.056,0.709365579,982.7333305828868
1373,719.452,0.712571987971179,0.237727808073103,1438.904,2019_kk_088,Kusko,2019,0.709485743987333,0.237929737816457,-2.2085383763034e-4,1370.476517,1505.41294,1857.056,0.709365579,982.7333305828868
1374,719.976,0.710822122184677,0.235443579345762,1439.952,2019_kk_088,Kusko,2019,0.709437588377061,0.237794758317471,-1.3497949898549e-4,1370.476517,1505.41294,1857.056,0.709365579,982.7333305828868
1375,720.5,0.709125998338187,0.2374633100785,1441,2019_kk_088,Kusko,2019,0.709466871074826,0.237647774211327,-1.4698410614394e-4,1370.476517,1505.41294,1857.056,0.709365579,982.7333305828868
1376,721.024,0.709839526992172,0.236741765080624,1442.048,2019_kk_088,Kusko,2019,0.70953304915712,0.23751578969301,-1.3198451831705e-4,1370.476517,1505.41294,1857.056,0.709365579,982.7333305828868
1377,721.548,0.709309098282136,0.237964503477627,1443.096,2019_kk_088,Kusko,2019,0.70949738011738,0.237297247000794,-2.185426922168e-4,1370.476517,1505.41294,1857.056,0.709365579,982.7333305828868
1378,722.072,0.710750376589625,0.235910486836709,1444.144,2019_kk_088,Kusko,2019,0.709561506052728,0.237047463422939,-2.4978357785421e-4,1370.476517,1505.41294,1857.056,0.709365579,982.7333305828868
1379,722.596,0.711390294530802,0.236123480798942,1445.192,2019_kk_088,Kusko,2019,0.709583532054886,0.236936197473078,-1.1126594986188e-4,1370.476517,1505.41294,1857.056,0.709365579,982.7333305828868
1380,723.12,0.712643006484477,0.234744621477057,1446.24,2019_kk_088,Kusko,2019,0.709545720714821,0.236891224158039,-4.4973315038721e-5,1370.476517,1505.41294,1857.056,0.709365579,982.7333305828868
1381,723.644,0.703045555066584,0.238370877146243,1447.288,2019_kk_088,Kusko,2019,0.709559468362135,0.236836345539709,-5.48786183298955e-5,1370.476517,1505.41294,1857.056,0.709365579,982.7333305828868
1382,724.168,0.711287707212851,0.233125444729846,1448.336,2019_kk_088,Kusko,2019,0.709582601894899,0.236776806496943,-5.95390427660658e-5,1370.476517,1505.41294,1857.056,0.709365579,982.7333305828868
1383,724.692,0.70895500842205,0.23596293678932,1449.384,2019_kk_088,Kusko,2019,0.709606632720079,0.236679587753743,-9.72187431993732e-5,1370.476517,1505.41294,1857.056,0.709365579,982.7333305828868
1384,725.216,0.714590502120743,0.238506279489879,1450.432,2019_kk_088,Kusko,2019,0.709559325022134,0.236542960510334,-1.366272434097e-4,1370.476517,1505.41294,1857.056,0.709365579,982.7333305828868
1385,725.74,0.712361676657712,0.242977512065859,1451.48,2019_kk_088,Kusko,2019,0.709665345605209,0.236359983312134,-1.8297719819954e-4,1370.476517,1505.41294,1857.056,0.709365579,982.7333305828868
1386,726.264,0.712709617966289,0.239435264306088,1452.528,2019_kk_088,Kusko,2019,0.709626201040276,0.236129703888304,-2.3027942383072e-4,1370.476517,1505.41294,1857.056,0.709365579,982.7333305828868
1387,726.788,0.711233164043113,0.235470057795568,1453.576,2019_kk_088,Kusko,2019,0.70955828802639,0.235870174293111,-2.5952959519226e-4,1370.476517,1505.41294,1857.056,0.709365579,982.7333305828868
1388,727.312,0.706314634929382,0.231928935005218,1454.624,2019_kk_088,Kusko,2019,0.709549329574868,0.235687253987529,-1.829203055825e-4,1370.476517,1505.41294,1857.056,0.709365579,982.7333305828868
1389,727.836,0.711098337587749,0.234912156642102,1455.672,2019_kk_088,Kusko,2019,0.709478961364155,0.235600517301886,-8.67366856428242e-5,1370.476517,1505.41294,1857.056,0.709365579,982.7333305828868
1390,728.36,0.711383829273658,0.231986839354439,1456.72,2019_kk_088,Kusko,2019,0.709512047266995,0.235493330860112,-1.0718644177434e-4,1370.476517,1505.41294,1857.056,0.709365579,982.7333305828868
1391,728.884,0.710190871511095,0.23179489405535,1457.768,2019_kk_088,Kusko,2019,0.709499197242345,0.235300615346963,-1.9271551314861e-4,1370.476517,1505.41294,1857.056,0.709365579,982.7333305828868
1392,729.408,0.705831490718324,0.233447079263451,1458.816,2019_kk_088,Kusko,2019,0.709462674963181,0.235101293096729,-1.9932225023397e-4,1370.476517,1505.41294,1857.056,0.709365579,982.7333305828868
1393,729.932,0.706459391292208,0.236358510258836,1459.864,2019_kk_088,Kusko,2019,0.709363493592198,0.234883112514449,-2.1818058228015e-4,1370.476517,1505.41294,1857.056,0.709365579,982.7333305828868
1394,730.456,0.713486876704691,0.236791073000718,1460.912,2019_kk_088,Kusko,2019,0.709304105077553,0.234647757736848,-2.3535477760056e-4,1370.476517,1505.41294,1857.056,0.709365579,982.7333305828868
1395,730.98,0.712175021470242,0.238046509472524,1461.96,2019_kk_088,Kusko,2019,0.70931777269475,0.234504803987077,-1.4295374977146e-4,1370.476517,1505.41294,1857.056,0.709365579,982.7333305828868
1396,731.504,0.70942096159558,0.236034728359195,1463.008,2019_kk_088,Kusko,2019,0.709287969051158,0.234383632860385,-1.2117112669207e-4,1370.476517,1505.41294,1857.056,0.709365579,982.7333305828868
1397,732.028,0.707906424619045,0.232009314458572,1464.056,2019_kk_088,Kusko,2019,0.709444293369505,0.234213434642654,-1.7019821773026e-4,1370.476517,1505.41294,1857.056,0.709365579,982.7333305828868
1398,732.552,0.709515706779272,0.235219596880801,1465.104,2019_kk_088,Kusko,2019,0.709486968650645,0.234071048943458,-1.4238569919672e-4,1370.476517,1505.41294,1857.056,0.709365579,982.7333305828868
1399,733.076,0.710667481082226,0.235216420148982,1466.152,2019_kk_088,Kusko,2019,0.709581054199545,0.233920057550726,-1.5099139273222e-4,1370.476517,1505.41294,1857.056,0.709365579,982.7333305828868
1400,733.6,0.709379004496863,0.235158181673668,1467.2,2019_kk_088,Kusko,2019,0.709501441088284,0.233765310306214,-1.5474724451172e-4,1370.476517,1505.41294,1857.056,0.709365579,982.7333305828868
1401,734.124,0.706214191003041,0.235668136593012,1468.248,2019_kk_088,Kusko,2019,0.709500612719621,0.233505020157571,-2.6029014864259e-4,1370.476517,1505.41294,1857.056,0.709365579,982.7333305828868
1402,734.648,0.705201028199475,0.235381357469761,1469.296,2019_kk_088,Kusko,2019,0.709440379726807,0.233228786881146,-2.7623327642487e-4,1370.476517,1505.41294,1857.056,0.709365579,982.7333305828868
1403,735.172,0.711241778201722,0.2309330808182,1470.344,2019_kk_088,Kusko,2019,0.709436748890663,0.233059418723097,-1.6936815804949e-4,1370.476517,1505.41294,1857.056,0.709365579,982.7333305828868
1404,735.696,0.708201188576182,0.23211217691582,1471.392,2019_kk_088,Kusko,2019,0.70938157663242,0.232872309487877,-1.8710923521936e-4,1370.476517,1505.41294,1857.056,0.709365579,982.7333305828868
1405,736.22,0.708206558522872,0.228681931602996,1472.44,2019_kk_088,Kusko,2019,0.709467930081806,0.232726534155075,-1.4577533280202e-4,1370.476517,1505.41294,1857.056,0.709365579,982.7333305828868
1406,736.744,0.712346292973235,0.231108267662188,1473.488,2019_kk_088,Kusko,2019,0.709462426659476,0.232595385980262,-1.3114817481363e-4,1370.476517,1505.41294,1857.056,0.709365579,982.7333305828868
1407,737.268,0.70914095081972806,0.226820213310673,1474.536,2019_kk_088,Kusko,2019,0.709413112681242,0.232413864841206,-1.815211390562e-4,1370.476517,1505.41294,1857.056,0.709365579,982.7333305828868
1408,737.792,0.71201216604704,0.225858307178212,1475.584,2019_kk_088,Kusko,2019,0.70940154207688,0.232311575057412,-1.0228978379314e-4,1370.476517,1505.41294,1857.056,0.709365579,982.7333305828868
1409,738.316,0.707726686458465,0.232917159934802,1476.632,2019_kk_088,Kusko,2019,0.709405912150929,0.23218772088732,-1.2385417009233e-4,1370.476517,1505.41294,1857.056,0.709365579,982.7333305828868
1410,738.84,0.708110194296505,0.232720291275344,1477.68,2019_kk_088,Kusko,2019,0.709384952017411,0.232133170915883,-5.45499714366404e-5,1370.476517,1505.41294,1857.056,0.709365579,982.7333305828868
1411,739.364,0.708285759449245,0.233568345086821,1478.728,2019_kk_088,Kusko,2019,0.709474927946502,0.232003479684833,-1.2969123105083e-4,1370.476517,1505.41294,1857.056,0.709365579,982.7333305828868
1412,739.888,0.708413531250275,0.235281544964953,1479.776,2019_kk_088,Kusko,2019,0.709425810293189,0.231917167693927,-8.63119909056409e-5,1370.476517,1505.41294,1857.056,0.709365579,982.7333305828868
1413,740.412,0.70981940565647506,0.232085468781153,1480.824,2019_kk_088,Kusko,2019,0.70934242056717,0.231812144678971,-1.0502301495612e-4,1370.476517,1505.41294,1857.056,0.709365579,982.7333305828868
1414,740.936,0.709982443215369,0.232206321601595,1481.872,2019_kk_088,Kusko,2019,0.709259646246623,0.231689188534692,-1.2295614427884e-4,1370.476517,1505.41294,1857.056,0.709365579,982.7333305828868
1415,741.46,0.713463844725483,0.233478585923337,1482.92,2019_kk_088,Kusko,2019,0.70916145112732,0.231455387872011,-2.3380066268138e-4,1370.476517,1505.41294,1857.056,0.709365579,982.7333305828868
1416,741.984,0.706194590486442,0.235551350574587,1483.968,2019_kk_088,Kusko,2019,0.709008269282691,0.231329951890953,-1.2543598105729e-4,1370.476517,1505.41294,1857.056,0.709365579,982.7333305828868
1417,742.508,0.70304857704627,0.232460499215424,1485.016,2019_kk_088,Kusko,2019,0.708974128949975,0.231201994563633,-1.2795732732054e-4,1370.476517,1505.41294,1857.056,0.709365579,982.7333305828868
1418,743.032,0.711643383362478,0.234722090983323,1486.064,2019_kk_088,Kusko,2019,0.709141982222943,0.231145131659616,-5.68629040170188e-5,1370.476517,1505.41294,1857.056,0.709365579,982.7333305828868
1419,743.556,0.706932814108514,0.237669172705733,1487.112,2019_kk_088,Kusko,2019,0.709033794289773,0.231011419142349,-1.3371251726698e-4,1370.476517,1505.41294,1857.056,0.709365579,982.7333305828868
1420,744.08,0.710895141564819,0.23396374238264,1488.16,2019_kk_088,Kusko,2019,0.709011946012513,0.230997252663383,-1.41664789656548e-5,1370.476517,1505.41294,1857.056,0.709365579,982.7333305828868
1421,744.604,0.709005264616518,0.231097946220657,1489.208,2019_kk_088,Kusko,2019,0.708969326079452,0.230957851734305,-3.94009290781705e-5,1370.476517,1505.41294,1857.056,0.709365579,982.7333305828868
1422,745.128,0.706897979095696,0.230174169041247,1490.256,2019_kk_088,Kusko,2019,0.709079048747629,0.230845388233549,-1.1246350075586e-4,1370.476517,1505.41294,1857.056,0.709365579,982.7333305828868
1423,745.652,0.705021402316684,0.229583587538481,1491.304,2019_kk_088,Kusko,2019,0.709104556730463,0.230741879574029,-1.0350865952002e-4,1370.476517,1505.41294,1857.056,0.709365579,982.7333305828868
1424,746.176,0.705520114527666,0.227691826801342,1492.352,2019_kk_088,Kusko,2019,0.709033702024555,0.230668297016547,-7.35825574821047e-5,1370.476517,1505.41294,1857.056,0.709365579,982.7333305828868
1425,746.7,0.70780466204427,0.231307248433756,1493.4,2019_kk_088,Kusko,2019,0.709031159422358,0.230525129712471,-1.4316730407584e-4,1370.476517,1505.41294,1857.056,0.709365579,982.7333305828868
1426,747.224,0.70918877211178,0.227281136589822,1494.448,2019_kk_088,Kusko,2019,0.708905140128833,0.230424047285724,-1.010824267468e-4,1370.476517,1505.41294,1857.056,0.709365579,982.7333305828868
1427,747.748,0.716255955266258,0.225721374761681,1495.496,2019_kk_088,Kusko,2019,0.708882720653052,0.230330970134146,-9.3077151578802e-5,1370.476517,1505.41294,1857.056,0.709365579,982.7333305828868
1428,748.272,0.710092569395783,0.226717753268378,1496.544,2019_kk_088,Kusko,2019,0.708891857093759,0.230229426653315,-1.0154348083085e-4,1370.476517,1505.41294,1857.056,0.709365579,982.7333305828868
1429,748.796,0.71140741744478,0.227236488642944,1497.592,2019_kk_088,Kusko,2019,0.708929640041663,0.230094173564771,-1.35253088544e-4,1370.476517,1505.41294,1857.056,0.709365579,982.7333305828868
1430,749.32,0.708165313084424,0.228763798014577,1498.64,2019_kk_088,Kusko,2019,0.708942656921165,0.229975104235532,-1.1906932923827e-4,1370.476517,1505.41294,1857.056,0.709365579,982.7333305828868
1431,749.844,0.70888339643947,0.225332304722482,1499.688,2019_kk_088,Kusko,2019,0.70893866585056,0.229801890967585,-1.7321326794769e-4,1370.476517,1505.41294,1857.056,0.709365579,982.7333305828868
1432,750.368,0.706633736378485,0.224759367787826,1500.736,2019_kk_088,Kusko,2019,0.709012402257822,0.229646529127173,-1.5536184041134e-4,1370.476517,1505.41294,1857.056,0.709365579,982.7333305828868
1433,750.892,0.712354137802541,0.227565718590134,1501.784,2019_kk_088,Kusko,2019,0.70900321598406,0.229596879688724,-4.96494384492063e-5,1370.476517,1505.41294,1857.056,0.709365579,982.7333305828868
1434,751.416,0.707511786690088,0.224217025232601,1502.832,2019_kk_088,Kusko,2019,0.708985889010095,0.229501076228083,-9.58034606407254e-5,1370.476517,1505.41294,1857.056,0.709365579,982.7333305828868
1435,751.94,0.714307205301384,0.22871679011038001,1503.88,2019_kk_088,Kusko,2019,0.708975493844346,0.229451447808412,-4.96284196712937e-5,1370.476517,1505.41294,1857.056,0.709365579,982.7333305828868
1436,752.464,0.709509321652385,0.228872874591804,1504.928,2019_kk_088,Kusko,2019,0.708861547246509,0.229436985733885,-1.44620745267943e-5,1370.476517,1505.41294,1857.056,0.709365579,982.7333305828868
1437,752.988,0.70635025958806,0.227073235134256,1505.976,2019_kk_088,Kusko,2019,0.708836931951454,0.229483548534202,4.65628003162855e-5,1370.476517,1505.41294,1857.056,0.709365579,982.7333305828868
1438,753.512,0.71005614032789,0.22977309980912,1507.024,2019_kk_088,Kusko,2019,0.708749969702598,0.229598933615975,1.1538508177336e-4,1370.476517,1505.41294,1857.056,0.709365579,982.7333305828868
1439,754.036,0.711652498973781,0.228692230593402,1508.072,2019_kk_088,Kusko,2019,0.70866707777048,0.22962086252149,2.19289055152505e-5,1370.476517,1505.41294,1857.056,0.709365579,982.7333305828868
1440,754.56,0.711385398473396,0.231471623190859,1509.12,2019_kk_088,Kusko,2019,0.708669153933093,0.229643237873013,2.23753515223302e-5,1370.476517,1505.41294,1857.056,0.709365579,982.7333305828868
1441,755.084,0.708444110812014,0.230589403283193,1510.168,2019_kk_088,Kusko,2019,0.708702944625971,0.229670917573744,2.76797007313367e-5,1370.476517,1505.41294,1857.056,0.709365579,982.7333305828868
1442,755.608,0.708340648014084,0.227946725275507,1511.216,2019_kk_088,Kusko,2019,0.708682176747617,0.22969909436674,2.81767929959098e-5,1370.476517,1505.41294,1857.056,0.709365579,982.7333305828868
1443,756.132,0.703951624860894,0.229661555891953,1512.264,2019_kk_088,Kusko,2019,0.708575511234038,0.229706407405583,7.31303884304868e-6,1370.476517,1505.41294,1857.056,0.709365579,982.7333305828868
1444,756.656,0.70962404288794,0.231128910833148,1513.312,2019_kk_088,Kusko,2019,0.70852888126132,0.229696677740586,-9.72966499671046e-6,1370.476517,1505.41294,1857.056,0.709365579,982.7333305828868
1445,757.18,0.706469969499531,0.228949472304977,1514.36,2019_kk_088,Kusko,2019,0.708522741409199,0.229662347423809,-3.43303167772147e-5,1370.476517,1505.41294,1857.056,0.709365579,982.7333305828868
1446,757.704,0.703518707288545,0.23190910544265,1515.408,2019_kk_088,Kusko,2019,0.708583838043783,0.229601608086069,-6.07393377396737e-5,1370.476517,1505.41294,1857.056,0.709365579,982.7333305828868
1447,758.228,0.709184744080146,0.227792618156336,1516.456,2019_kk_088,Kusko,2019,0.708656528121998,0.229638634221641,3.70261355713275e-5,1370.476517,1505.41294,1857.056,0.709365579,982.7333305828868
1448,758.752,0.716385831307497,0.228517160764197,1517.504,2019_kk_088,Kusko,2019,0.708632635284148,0.229615067537853,-2.35666837877235e-5,1370.476517,1505.41294,1857.056,0.709365579,982.7333305828868
1449,759.276,0.704607061597502,0.226889405606082,1518.552,2019_kk_088,Kusko,2019,0.708652507876896,0.229589014570818,-2.60529670350618e-5,1370.476517,1505.41294,1857.056,0.709365579,982.7333305828868
1450,759.8,0.710072932638088,0.231136850616501,1519.6,2019_kk_088,Kusko,2019,0.708650106392734,0.229669158084748,8.0143513930625e-5,1370.476517,1505.41294,1857.056,0.709365579,982.7333305828868
1451,760.324,0.707633675527459,0.229430838310659,1520.648,2019_kk_088,Kusko,2019,0.708648844876743,0.229844062600964,1.7490451621543e-4,1370.476517,1505.41294,1857.056,0.709365579,982.7333305828868
1452,760.848,0.712414850808888,0.226699269218098,1521.696,2019_kk_088,Kusko,2019,0.708677655082527,0.230066336043832,2.2227344286829e-4,1370.476517,1505.41294,1857.056,0.709365579,982.7333305828868
1453,761.372,0.707989870262279,0.230147990687634,1522.744,2019_kk_088,Kusko,2019,0.708741490151751,0.230305555104619,2.3921906078713e-4,1370.476517,1505.41294,1857.056,0.709365579,982.7333305828868
1454,761.896,0.709235594350226,0.232376119551793,1523.792,2019_kk_088,Kusko,2019,0.708810084568482,0.230526488893926,2.2093378930707e-4,1370.476517,1505.41294,1857.056,0.709365579,982.7333305828868
1455,762.42,0.712022465338389,0.229456471227974,1524.84,2019_kk_088,Kusko,2019,0.708877476237664,0.230597232756509,7.0743862582684e-5,1370.476517,1505.41294,1857.056,0.709365579,982.7333305828868
1456,762.944,0.701859803984088,0.229969782754386,1525.888,2019_kk_088,Kusko,2019,0.708953179480065,0.230686637417551,8.94046610417087e-5,1370.476517,1505.41294,1857.056,0.709365579,982.7333305828868
1457,763.468,0.706561256072201,0.226424685363845,1526.936,2019_kk_088,Kusko,2019,0.708840310140643,0.230783258961377,9.66215438260587e-5,1370.476517,1505.41294,1857.056,0.709365579,982.7333305828868
1458,763.992,0.710063893221685,0.229126988030949,1527.984,2019_kk_088,Kusko,2019,0.708784154101433,0.230857144368668,7.38854072915573e-5,1370.476517,1505.41294,1857.056,0.709365579,982.7333305828868
1459,764.516,0.712934457956443,0.22710123483634,1529.032,2019_kk_088,Kusko,2019,0.708747490137586,0.230908260946322,5.11165776534706e-5,1370.476517,1505.41294,1857.056,0.709365579,982.7333305828868
1460,765.04,0.71016001726702,0.228014021919372,1530.08,2019_kk_088,Kusko,2019,0.708667405513928,0.230882008853121,-2.62520932007293e-5,1370.476517,1505.41294,1857.056,0.709365579,982.7333305828868
1461,765.564,0.705974726766737,0.225275340516149,1531.128,2019_kk_088,Kusko,2019,0.708762785167546,0.230955321629111,7.33127759902086e-5,1370.476517,1505.41294,1857.056,0.709365579,982.7333305828868
1462,766.088,0.709625212635175,0.22605964704508,1532.176,2019_kk_088,Kusko,2019,0.708782072803958,0.231082677476042,1.2735584693102e-4,1370.476517,1505.41294,1857.056,0.709365579,982.7333305828868
1463,766.612,0.71069060177603,0.227954114511249,1533.224,2019_kk_088,Kusko,2019,0.708681626981014,0.231107663951677,2.49864756348417e-5,1370.476517,1505.41294,1857.056,0.709365579,982.7333305828868
1464,767.136,0.70716157013828,0.226363969277375,1534.272,2019_kk_088,Kusko,2019,0.708765601666407,0.231286331481192,1.786675295145e-4,1370.476517,1505.41294,1857.056,0.709365579,982.7333305828868
1465,767.66,0.707582848577907,0.225704226422718,1535.32,2019_kk_088,Kusko,2019,0.708624443290803,0.231418101827438,1.3177034624634e-4,1370.476517,1505.41294,1857.056,0.709365579,982.7333305828868
1466,768.184,0.705509497103053,0.23024054319058,1536.368,2019_kk_088,Kusko,2019,0.70861238106267,0.231600345816543,1.822439891049e-4,1370.476517,1505.41294,1857.056,0.709365579,982.7333305828868
1467,768.708,0.707664033116388,0.229613981329651,1537.416,2019_kk_088,Kusko,2019,0.708610597180908,0.231814100881025,2.1375506448242e-4,1370.476517,1505.41294,1857.056,0.709365579,982.7333305828868
1468,769.232,0.706794431115715,0.232781412084615,1538.464,2019_kk_088,Kusko,2019,0.708619891915984,0.231916690878756,1.0258999773071e-4,1370.476517,1505.41294,1857.056,0.709365579,982.7333305828868
1469,769.756,0.702753170531354,0.234232894265716,1539.512,2019_kk_088,Kusko,2019,0.708574636201754,0.232082187840058,1.6549696130166e-4,1370.476517,1505.41294,1857.056,0.709365579,982.7333305828868
1470,770.28,0.708234764053289,0.234062812366684,1540.56,2019_kk_088,Kusko,2019,0.708558885631216,0.232299873637519,2.1768579746128e-4,1370.476517,1505.41294,1857.056,0.709365579,982.7333305828868
1471,770.804,0.710313201021974,0.235229127130701,1541.608,2019_kk_088,Kusko,2019,0.708560204083854,0.23258853682337,2.886631858506e-4,1370.476517,1505.41294,1857.056,0.709365579,982.7333305828868
1472,771.328,0.707167458549022,0.236972152544706,1542.656,2019_kk_088,Kusko,2019,0.708551489984319,0.232873960857668,2.8542403429796e-4,1370.476517,1505.41294,1857.056,0.709365579,982.7333305828868
1473,771.852,0.703419474841698,0.232524251111736,1543.704,2019_kk_088,Kusko,2019,0.708643647621827,0.233089903594125,2.1594273645769e-4,1370.476517,1505.41294,1857.056,0.709365579,982.7333305828868
1474,772.376,0.707184644852314,0.231622541701792,1544.752,2019_kk_088,Kusko,2019,0.708681082735262,0.233364802717792,2.7489912366637e-4,1370.476517,1505.41294,1857.056,0.709365579,982.7333305828868
1475,772.9,0.71309545359822,0.231418766916703,1545.8,2019_kk_088,Kusko,2019,0.708673772530518,0.233662953837638,2.9815111984632e-4,1370.476517,1505.41294,1857.056,0.709365579,982.7333305828868
1476,773.424,0.7098603885615,0.231906990310207,1546.848,2019_kk_088,Kusko,2019,0.708748739784977,0.233894887909071,2.3193407143309e-4,1370.476517,1505.41294,1857.056,0.709365579,982.7333305828868
1477,773.948,0.707409981739174,0.234682067349703,1547.896,2019_kk_088,Kusko,2019,0.708685509046106,0.234209166458192,3.1427854912097e-4,1370.476517,1505.41294,1857.056,0.709365579,982.7333305828868
1478,774.472,0.710209813091459,0.23330808995606,1548.944,2019_kk_088,Kusko,2019,0.708535496244024,0.234569307941063,3.6014148287136e-4,1370.476517,1505.41294,1857.056,0.709365579,982.7333305828868
1479,774.996,0.708125169673387,0.23610599468363,1549.992,2019_kk_088,Kusko,2019,0.708672188643825,0.234918776436311,3.4946849524741e-4,1370.476517,1505.41294,1857.056,0.709365579,982.7333305828868
1480,775.52,0.710751052515103,0.238772353218478,1551.04,2019_kk_088,Kusko,2019,0.708690253579712,0.235155348605188,2.3657216887706e-4,1370.476517,1505.41294,1857.056,0.709365579,982.7333305828868
1481,776.044,0.70892957365704,0.241592217193583,1552.088,2019_kk_088,Kusko,2019,0.70876189082172,0.235436081933645,2.8073332845662e-4,1370.476517,1505.41294,1857.056,0.709365579,982.7333305828868
1482,776.568,0.708626591442778,0.243510575613343,1553.136,2019_kk_088,Kusko,2019,0.708686298852443,0.235812797995632,3.7671606198758e-4,1370.476517,1505.41294,1857.056,0.709365579,982.7333305828868
1483,777.092,0.708851506470082,0.24393673118571,1554.184,2019_kk_088,Kusko,2019,0.708730537191393,0.236126768287192,3.1397029155952e-4,1370.476517,1505.41294,1857.056,0.709365579,982.7333305828868
1484,777.616,0.709635779531562,0.240947854159766,1555.232,2019_kk_088,Kusko,2019,0.708758687810348,0.236378998662867,2.5223037567545e-4,1370.476517,1505.41294,1857.056,0.709365579,982.7333305828868
1485,778.14,0.711848162195188,0.235551880188718,1556.28,2019_kk_088,Kusko,2019,0.708627171391894,0.236769570232224,3.9057156935642e-4,1370.476517,1505.41294,1857.056,0.709365579,982.7333305828868
1486,778.664,0.713730966655807,0.232645416252326,1557.328,2019_kk_088,Kusko,2019,0.708696290048721,0.237147166171121,3.7759593889724e-4,1370.476517,1505.41294,1857.056,0.709365579,982.7333305828868
1487,779.188,0.709483794900936,0.231518667391244,1558.376,2019_kk_088,Kusko,2019,0.708698165066343,0.237667823660189,5.2065748906854e-4,1370.476517,1505.41294,1857.056,0.709365579,982.7333305828868
1488,779.712,0.706723207043224,0.231150877705871,1559.424,2019_kk_088,Kusko,2019,0.708706704623814,0.238131680579164,4.6385691897471e-4,1370.476517,1505.41294,1857.056,0.709365579,982.7333305828868
1489,780.236,0.709207579613904,0.230303483302153,1560.472,2019_kk_088,Kusko,2019,0.70870346935278,0.238547144598819,4.1546401965469e-4,1370.476517,1505.41294,1857.056,0.709365579,982.7333305828868
1490,780.76,0.703360235664951,0.227188672422532,1561.52,2019_kk_088,Kusko,2019,0.708672057370585,0.238996681917191,4.4953731837271e-4,1370.476517,1505.41294,1857.056,0.709365579,982.7333305828868
1491,781.284,0.71460617565658,0.229731071281896,1562.568,2019_kk_088,Kusko,2019,0.708627490581922,0.239529537789747,5.3285587255552e-4,1370.476517,1505.41294,1857.056,0.709365579,982.7333305828868
1492,781.808,0.707790994563215,0.232400718603688,1563.616,2019_kk_088,Kusko,2019,0.708578144875892,0.240119349840559,5.8981205081246e-4,1370.476517,1505.41294,1857.056,0.709365579,982.7333305828868
1493,782.332,0.706327388425906,0.229064907128223,1564.664,2019_kk_088,Kusko,2019,0.708558539728557,0.240774495275192,6.5514543463304e-4,1370.476517,1505.41294,1857.056,0.709365579,982.7333305828868
1494,782.856,0.712550267813623,0.234937077003472,1565.712,2019_kk_088,Kusko,2019,0.708653720222125,0.241454763642159,6.8026836696613e-4,1370.476517,1505.41294,1857.056,0.709365579,982.7333305828868
1495,783.38,0.705837702765154,0.23662301088516,1566.76,2019_kk_088,Kusko,2019,0.708696646352649,0.242188248982389,7.3348534023048e-4,1370.476517,1505.41294,1857.056,0.709365579,982.7333305828868
1496,783.904,0.708785587964388,0.2398075139381,1567.808,2019_kk_088,Kusko,2019,0.708809225403791,0.242872281626806,6.840326444166e-4,1370.476517,1505.41294,1857.056,0.709365579,982.7333305828868
1497,784.428,0.706243226682375,0.239898539003201,1568.856,2019_kk_088,Kusko,2019,0.70891671165033,0.243529280125905,6.5699849909933e-4,1370.476517,1505.41294,1857.056,0.709365579,982.7333305828868
1498,784.952,0.710613824432438,0.235928499672963,1569.904,2019_kk_088,Kusko,2019,0.708914300964659,0.244124392589159,5.9511246325422e-4,1370.476517,1505.41294,1857.056,0.709365579,982.7333305828868
1499,785.476,0.708937156119982,0.238622048271501,1570.952,2019_kk_088,Kusko,2019,0.708986130032982,0.244706091552254,5.8169896309465e-4,1370.476517,1505.41294,1857.056,0.709365579,982.7333305828868
1500,786,0.710440364241138,0.244532771038537,1572,2019_kk_088,Kusko,2019,0.70900891398439,0.245431435390437,7.2534383818342e-4,1370.476517,1505.41294,1857.056,0.709365579,982.7333305828868
1501,786.524,0.708523217970301,0.24790919443423,1573.048,2019_kk_088,Kusko,2019,0.708945416105821,0.246225522647991,7.94087257554e-4,1370.476517,1505.41294,1857.056,0.709365579,982.7333305828868
1502,787.048,0.707817802041965,0.245072167333383,1574.096,2019_kk_088,Kusko,2019,0.708931251137489,0.24697998000883,7.5445736083906e-4,1370.476517,1505.41294,1857.056,0.709365579,982.7333305828868
1503,787.572,0.709481083111352,0.242618120079416,1575.144,2019_kk_088,Kusko,2019,0.70907146276812,0.247768196483508,7.8821647467733e-4,1370.476517,1505.41294,1857.056,0.709365579,982.7333305828868
1504,788.096,0.711870149694051,0.247622858253131,1576.192,2019_kk_088,Kusko,2019,0.709118744194166,0.248513839788605,7.4564330509752e-4,1370.476517,1505.41294,1857.056,0.709365579,982.7333305828868
1505,788.62,0.706031357214918,0.246838539495756,1577.24,2019_kk_088,Kusko,2019,0.709046064048959,0.249278722736648,7.6488294804238e-4,1370.476517,1505.41294,1857.056,0.709365579,982.7333305828868
1506,789.144,0.708016742556053,0.245825149728635,1578.288,2019_kk_088,Kusko,2019,0.708990425811715,0.250038899614684,7.6017687803639e-4,1370.476517,1505.41294,1857.056,0.709365579,982.7333305828868
1507,789.668,0.705390899747901,0.246649331103594,1579.336,2019_kk_088,Kusko,2019,0.709008427873722,0.250709805428647,6.70905813963e-4,1370.476517,1505.41294,1857.056,0.709365579,982.7333305828868
1508,790.192,0.707385063182578,0.250125649736478,1580.384,2019_kk_088,Kusko,2019,0.709016486887351,0.25146406050474,7.5425507609289e-4,1370.476517,1505.41294,1857.056,0.709365579,982.7333305828868
1509,790.716,0.712808605585551,0.247857515320928,1581.432,2019_kk_088,Kusko,2019,0.708986971725826,0.252235803302275,7.7174279753483e-4,1370.476517,1505.41294,1857.056,0.709365579,982.7333305828868
1510,791.24,0.711156828791324,0.245331180749125,1582.48,2019_kk_088,Kusko,2019,0.708978286067909,0.253000982388775,7.651790865002e-4,1370.476517,1505.41294,1857.056,0.709365579,982.7333305828868
1511,791.764,0.711931910047938,0.246274838018057,1583.528,2019_kk_088,Kusko,2019,0.708962048305397,0.253682311714729,6.8132932595421e-4,1370.476517,1505.41294,1857.056,0.709365579,982.7333305828868
1512,792.288,0.707879332652282,0.249302232937353,1584.576,2019_kk_088,Kusko,2019,0.708992480507108,0.254168620656704,4.8630894197504e-4,1370.476517,1505.41294,1857.056,0.709365579,982.7333305828868
1513,792.812,0.710644170599231,0.248986208181204,1585.624,2019_kk_088,Kusko,2019,0.709015272713852,0.25470436597936,5.357453226561e-4,1370.476517,1505.41294,1857.056,0.709365579,982.7333305828868
1514,793.336,0.710924631487533,0.247509942092319,1586.672,2019_kk_088,Kusko,2019,0.709039677908484,0.255306132835418,6.0176685605778e-4,1370.476517,1505.41294,1857.056,0.709365579,982.7333305828868
1515,793.86,0.704131480231155,0.25289076538936,1587.72,2019_kk_088,Kusko,2019,0.708989850622142,0.25605507663216,7.4894379674189e-4,1370.476517,1505.41294,1857.056,0.709365579,982.7333305828868
1516,794.384,0.706006923393755,0.25262553908822,1588.768,2019_kk_088,Kusko,2019,0.708890702973148,0.256877913744108,8.2283711194802e-4,1370.476517,1505.41294,1857.056,0.709365579,982.7333305828868
1517,794.908,0.706673757129471,0.257664134707956,1589.816,2019_kk_088,Kusko,2019,0.708891995718847,0.257764831073306,8.869173291976e-4,1370.476517,1505.41294,1857.056,0.709365579,982.7333305828868
1518,795.432,0.710576266669962,0.256958403169431,1590.864,2019_kk_088,Kusko,2019,0.708897882539045,0.258722980883616,9.5814981031039e-4,1370.476517,1505.41294,1857.056,0.709365579,982.7333305828868
1519,795.956,0.712740341694375,0.252029076015624,1591.912,2019_kk_088,Kusko,2019,0.708868626104502,0.259611688438054,8.8870755443826e-4,1370.476517,1505.41294,1857.056,0.709365579,982.7333305828868
1520,796.48,0.708275298335337,0.254986261021734,1592.96,2019_kk_088,Kusko,2019,0.709011928938319,0.260634971294629,0.00102328285657477,1370.476517,1505.41294,1857.056,0.709365579,982.7333305828868
1521,797.004,0.703300719446945,0.25724669286948,1594.008,2019_kk_088,Kusko,2019,0.708920829742856,0.261640210116493,0.00100523882186404,1370.476517,1505.41294,1857.056,0.709365579,982.7333305828868
1522,797.528,0.706664470273391,0.261448370093828,1595.056,2019_kk_088,Kusko,2019,0.708910650032767,0.262690957788629,0.00105074767213553,1370.476517,1505.41294,1857.056,0.709365579,982.7333305828868
1523,798.052,0.709514292935962,0.267262840589232,1596.104,2019_kk_088,Kusko,2019,0.709028523496965,0.263803597744479,0.00111263995585026,1370.476517,1505.41294,1857.056,0.709365579,982.7333305828868
1524,798.576,0.712872399752324,0.267180071295343,1597.152,2019_kk_088,Kusko,2019,0.708997087171692,0.264761969774717,9.583720302384e-4,1370.476517,1505.41294,1857.056,0.709365579,982.7333305828868
1525,799.1,0.710158416409347,0.269713346836547,1598.2,2019_kk_088,Kusko,2019,0.709065273153188,0.265662167576314,9.0019780159711e-4,1370.476517,1505.41294,1857.056,0.709365579,982.7333305828868
1526,799.624,0.712264240171567,0.271282501855576,1599.248,2019_kk_088,Kusko,2019,0.709078579642079,0.266518413553161,8.5624597684663e-4,1370.476517,1505.41294,1857.056,0.709365579,982.7333305828868
1527,800.148,0.714113207908758,0.26903389127561,1600.296,2019_kk_088,Kusko,2019,0.709122830177341,0.267287108734658,7.6869518149719e-4,1370.476517,1505.41294,1857.056,0.709365579,982.7333305828868
1528,800.672,0.706649789975437,0.26848815987987,1601.344,2019_kk_088,Kusko,2019,0.709143564438413,0.268076189928469,7.8908119381049e-4,1370.476517,1505.41294,1857.056,0.709365579,982.7333305828868
1529,801.196,0.707062914630703,0.269134832051394,1602.392,2019_kk_088,Kusko,2019,0.709137026876813,0.268833938821131,7.5774889266272e-4,1370.476517,1505.41294,1857.056,0.709365579,982.7333305828868
1530,801.72,0.709601801137794,0.277583442657691,1603.44,2019_kk_088,Kusko,2019,0.709114123534534,0.269444244078007,6.1030525687588e-4,1370.476517,1505.41294,1857.056,0.709365579,982.7333305828868
1531,802.244,0.70650332830781,0.282874362583941,1604.488,2019_kk_088,Kusko,2019,0.709136620873938,0.270033570314742,5.8932623673424e-4,1370.476517,1505.41294,1857.056,0.709365579,982.7333305828868
1532,802.768,0.706317560449141,0.282239594195051,1605.536,2019_kk_088,Kusko,2019,0.709110864369973,0.270629706742982,5.9613642824085e-4,1370.476517,1505.41294,1857.056,0.709365579,982.7333305828868
1533,803.292,0.711832172679568,0.279817239592376,1606.584,2019_kk_088,Kusko,2019,0.709124695021125,0.271225157978179,5.9545123519694e-4,1370.476517,1505.41294,1857.056,0.709365579,982.7333305828868
1534,803.816,0.710021530415076,0.276361140007645,1607.632,2019_kk_088,Kusko,2019,0.709112249376406,0.271781777467869,5.5661948968927e-4,1370.476517,1505.41294,1857.056,0.709365579,982.7333305828868
1535,804.34,0.708734644885797,0.277311743799246,1608.68,2019_kk_088,Kusko,2019,0.709149493988396,0.272371894229478,5.9011676160886e-4,1370.476517,1505.41294,1857.056,0.709365579,982.7333305828868
1536,804.864,0.706522094326826,0.277517602992391,1609.728,2019_kk_088,Kusko,2019,0.709147195049316,0.273004502970396,6.3260874091869e-4,1370.476517,1505.41294,1857.056,0.709365579,982.7333305828868
1537,805.388,0.708490105459602,0.274936416187483,1610.776,2019_kk_088,Kusko,2019,0.709219391798955,0.273561172705117,5.5666973472096e-4,1370.476517,1505.41294,1857.056,0.709365579,982.7333305828868
1538,805.912,0.710693353909201,0.278563394521634,1611.824,2019_kk_088,Kusko,2019,0.709253567505615,0.274060471707492,4.9929900237466e-4,1370.476517,1505.41294,1857.056,0.709365579,982.7333305828868
1539,806.436,0.7063542599819,0.282410562535721,1612.872,2019_kk_088,Kusko,2019,0.70922048185803,0.274706237751746,6.4576604425403e-4,1370.476517,1505.41294,1857.056,0.709365579,982.7333305828868
1540,806.96,0.710229913040095,0.284683098408488,1613.92,2019_kk_088,Kusko,2019,0.709263000637496,0.275430173062252,7.239353105064e-4,1370.476517,1505.41294,1857.056,0.709365579,982.7333305828868
1541,807.484,0.707955307906288,0.282471976750836,1614.968,2019_kk_088,Kusko,2019,0.709265550083151,0.276084050132549,6.5387707029629e-4,1370.476517,1505.41294,1857.056,0.709365579,982.7333305828868
1542,808.008,0.710452523545431,0.272689112131845,1616.016,2019_kk_088,Kusko,2019,0.709250772887705,0.276631306593392,5.4725646084363e-4,1370.476517,1505.41294,1857.056,0.709365579,982.7333305828868
1543,808.532,0.710219038874706,0.27608145054508,1617.064,2019_kk_088,Kusko,2019,0.709300051032685,0.277177357874898,5.4605128150564e-4,1370.476517,1505.41294,1857.056,0.709365579,982.7333305828868
1544,809.056,0.711100091209541,0.277053865523232,1618.112,2019_kk_088,Kusko,2019,0.709299373324793,0.277852719552389,6.7536167749132e-4,1370.476517,1505.41294,1857.056,0.709365579,982.7333305828868
1545,809.58,0.708858525014612,0.280488507993233,1619.16,2019_kk_088,Kusko,2019,0.709380836515795,0.27838775697518803,5.3503742279853e-4,1370.476517,1505.41294,1857.056,0.709365579,982.7333305828868
1546,810.104,0.707782107716196,0.282015642969206,1620.208,2019_kk_088,Kusko,2019,0.709448019792643,0.278951241386719,5.6348441153075e-4,1370.476517,1505.41294,1857.056,0.709365579,982.7333305828868
1547,810.628,0.709561359642852,0.284733707143099,1621.256,2019_kk_088,Kusko,2019,0.709542413028541,0.279479395872341,5.2815448562237e-4,1370.476517,1505.41294,1857.056,0.709365579,982.7333305828868
1548,811.152,0.707076416255118,0.288639866324497,1622.304,2019_kk_088,Kusko,2019,0.709513460536533,0.28011588019877,6.3648432642876e-4,1370.476517,1505.41294,1857.056,0.709365579,982.7333305828868
1549,811.676,0.707452193541357,0.283625936568448,1623.352,2019_kk_088,Kusko,2019,0.709502974340708,0.28077837213436,6.6249193558998e-4,1370.476517,1505.41294,1857.056,0.709365579,982.7333305828868
1550,812.2,0.711958405693927,0.288585643817018,1624.4,2019_kk_088,Kusko,2019,0.709506209719886,0.281381670694372,6.0329856001201e-4,1370.476517,1505.41294,1857.056,0.709365579,982.7333305828868
1551,812.724,0.709140223928791,0.290045400593738,1625.448,2019_kk_088,Kusko,2019,0.709589453496664,0.281904962550491,5.2329185611904e-4,1370.476517,1505.41294,1857.056,0.709365579,982.7333305828868
1552,813.248,0.707180211957886,0.295445578931819,1626.496,2019_kk_088,Kusko,2019,0.709665393044412,0.28235790563022,4.5294307972931e-4,1370.476517,1505.41294,1857.056,0.709365579,982.7333305828868
1553,813.772,0.713399796277774,0.295823304479238,1627.544,2019_kk_088,Kusko,2019,0.7096310882053,0.282710276645019,3.5237101479929e-4,1370.476517,1505.41294,1857.056,0.709365579,982.7333305828868
1554,814.296,0.710664088297258,0.292439398817777,1628.592,2019_kk_088,Kusko,2019,0.709585691459711,0.283066643087297,3.5636644227743e-4,1370.476517,1505.41294,1857.056,0.709365579,982.7333305828868
1555,814.82,0.709928861654918,0.290634878980986,1629.64,2019_kk_088,Kusko,2019,0.709651503606563,0.283423756573669,3.571134863724e-4,1370.476517,1505.41294,1857.056,0.709365579,982.7333305828868
1556,815.344,0.709583977297847,0.291182272548899,1630.688,2019_kk_088,Kusko,2019,0.70962824952959,0.283741489584516,3.1773301084731e-4,1370.476517,1505.41294,1857.056,0.709365579,982.7333305828868
1557,815.868,0.708898258798102,0.286020249893034,1631.736,2019_kk_088,Kusko,2019,0.709530623113196,0.284123214285884,3.817247013676e-4,1370.476517,1505.41294,1857.056,0.709365579,982.7333305828868
1558,816.392,0.711857880096778,0.283273371301591,1632.784,2019_kk_088,Kusko,2019,0.709547839108508,0.284437664575409,3.1445028952537e-4,1370.476517,1505.41294,1857.056,0.709365579,982.7333305828868
1559,816.916,0.708544902423982,0.284086981831263,1633.832,2019_kk_088,Kusko,2019,0.709541090538388,0.284650591448144,2.1292687273494e-4,1370.476517,1505.41294,1857.056,0.709365579,982.7333305828868
1560,817.44,0.709066163704395,0.281151086451091,1634.88,2019_kk_088,Kusko,2019,0.709512144674069,0.284695884786644,4.52933384997856e-5,1370.476517,1505.41294,1857.056,0.709365579,982.7333305828868
1561,817.964,0.709873058334514,0.283268768638283,1635.928,2019_kk_088,Kusko,2019,0.709450925880852,0.284654867107799,-4.10176788452898e-5,1370.476517,1505.41294,1857.056,0.709365579,982.7333305828868
1562,818.488,0.706272411804103,0.280840353027836,1636.976,2019_kk_088,Kusko,2019,0.709479129111751,0.284714952030946,6.00849231469636e-5,1370.476517,1505.41294,1857.056,0.709365579,982.7333305828868
1563,819.012,0.710310922180435,0.278345194191235,1638.024,2019_kk_088,Kusko,2019,0.709465590496922,0.28500107356851,2.8612153756418e-4,1370.476517,1505.41294,1857.056,0.709365579,982.7333305828868
1564,819.536,0.711123411010907,0.281020027634488,1639.072,2019_kk_088,Kusko,2019,0.709501212926061,0.285435787825578,4.3471425706787e-4,1370.476517,1505.41294,1857.056,0.709365579,982.7333305828868
1565,820.06,0.70826603393435,0.282245545192285,1640.12,2019_kk_088,Kusko,2019,0.709530395115476,0.285842434516506,4.0664669092838e-4,1370.476517,1505.41294,1857.056,0.709365579,982.7333305828868
1566,820.584,0.707878806211247,0.283781674183758,1641.168,2019_kk_088,Kusko,2019,0.709557885859334,0.286231329650815,3.8889513430867e-4,1370.476517,1505.41294,1857.056,0.709365579,982.7333305828868
1567,821.108,0.709722704726243,0.280049515186853,1642.216,2019_kk_088,Kusko,2019,0.709471348322745,0.286715430218634,4.8410056781894e-4,1370.476517,1505.41294,1857.056,0.709365579,982.7333305828868
1568,821.632,0.709435605582147,0.280083589878954,1643.264,2019_kk_088,Kusko,2019,0.709402411131702,0.287147467529878,4.3203731124402e-4,1370.476517,1505.41294,1857.056,0.709365579,982.7333305828868
1569,822.156,0.710823466730469,0.286603477976172,1644.312,2019_kk_088,Kusko,2019,0.70943204295096,0.287384193574683,2.3672604480523e-4,1370.476517,1505.41294,1857.056,0.709365579,982.7333305828868
1570,822.68,0.713707955559296,0.288767299379508,1645.36,2019_kk_088,Kusko,2019,0.70943057250166,0.287606950588463,2.2275701377994e-4,1370.476517,1505.41294,1857.056,0.709365579,982.7333305828868
1571,823.204,0.71208487678723,0.285507462235835,1646.408,2019_kk_088,Kusko,2019,0.709470919127548,0.287778796259514,1.7184567105105e-4,1370.476517,1505.41294,1857.056,0.709365579,982.7333305828868
1572,823.728,0.706992700925516,0.282137620587973,1647.456,2019_kk_088,Kusko,2019,0.70948574869711,0.288091988810067,3.1319255055334e-4,1370.476517,1505.41294,1857.056,0.709365579,982.7333305828868
1573,824.252,0.713600859298031,0.281749285071545,1648.504,2019_kk_088,Kusko,2019,0.709510240260004,0.288252158605573,1.601697955052e-4,1370.476517,1505.41294,1857.056,0.709365579,982.7333305828868
1574,824.776,0.710883969014029,0.288031642741797,1649.552,2019_kk_088,Kusko,2019,0.70951879414089,0.288345337574364,9.31789687916851e-5,1370.476517,1505.41294,1857.056,0.709365579,982.7333305828868
1575,825.3,0.709019271691268,0.284993010757273,1650.6,2019_kk_088,Kusko,2019,0.709491383503555,0.28846750113152,1.2216355715516e-4,1370.476517,1505.41294,1857.056,0.709365579,982.7333305828868
1576,825.824,0.710037920004651,0.286434603780064,1651.648,2019_kk_088,Kusko,2019,0.709527240330703,0.288616171165371,1.4867003385121e-4,1370.476517,1505.41294,1857.056,0.709365579,982.7333305828868
1577,826.348,0.712337351283314,0.289353403845301,1652.696,2019_kk_088,Kusko,2019,0.709547696312681,0.288778530802772,1.623596374008e-4,1370.476517,1505.41294,1857.056,0.709365579,982.7333305828868
1578,826.872,0.708839117149516,0.295147462755157,1653.744,2019_kk_088,Kusko,2019,0.709571121213429,0.288888882743296,1.1035194052472e-4,1370.476517,1505.41294,1857.056,0.709365579,982.7333305828868
1579,827.396,0.712111169944842,0.291778592151022,1654.792,2019_kk_088,Kusko,2019,0.709587686130498,0.289059202207392,1.7031946409557e-4,1370.476517,1505.41294,1857.056,0.709365579,982.7333305828868
1580,827.92,0.708469421086035,0.291184174622456,1655.84,2019_kk_088,Kusko,2019,0.709539960790167,0.289126405399345,6.72031919530802e-5,1370.476517,1505.41294,1857.056,0.709365579,982.7333305828868
1581,828.444,0.708295346053636,0.288644204236621,1656.888,2019_kk_088,Kusko,2019,0.709518538510708,0.289207937569495,8.15321701502225e-5,1370.476517,1505.41294,1857.056,0.709365579,982.7333305828868
1582,828.968,0.711220843138257,0.288624954877588,1657.936,2019_kk_088,Kusko,2019,0.709606242035567,0.289189857176336,-1.80803931588147e-5,1370.476517,1505.41294,1857.056,0.709365579,982.7333305828868
1583,829.492,0.707456002589223,0.288405101477187,1658.984,2019_kk_088,Kusko,2019,0.709571807236837,0.2891868022505,-3.0549258360768e-6,1370.476517,1505.41294,1857.056,0.709365579,982.7333305828868
1584,830.016,0.710148595016984,0.288562057831989,1660.032,2019_kk_088,Kusko,2019,0.709531025348924,0.289147725707481,-3.90765430188789e-5,1370.476517,1505.41294,1857.056,0.709365579,982.7333305828868
1585,830.54,0.7141071452205,0.291140156018891,1661.08,2019_kk_088,Kusko,2019,0.709506981962014,0.289001948893274,-1.4577681420713e-4,1370.476517,1505.41294,1857.056,0.709365579,982.7333305828868
1586,831.064,0.710868995553163,0.290346482506419,1662.128,2019_kk_088,Kusko,2019,0.70947301992898,0.28886388970711,-1.3805918616427e-4,1370.476517,1505.41294,1857.056,0.709365579,982.7333305828868
1587,831.588,0.708255622925104,0.291937373357664,1663.176,2019_kk_088,Kusko,2019,0.709429126208084,0.288872449057973,8.55935086313542e-6,1370.476517,1505.41294,1857.056,0.709365579,982.7333305828868
1588,832.112,0.707682749694161,0.287355177251393,1664.224,2019_kk_088,Kusko,2019,0.709369614140139,0.288865988368891,-6.46068908227715e-6,1370.476517,1505.41294,1857.056,0.709365579,982.7333305828868
1589,832.636,0.70665800042353,0.281910444415488,1665.272,2019_kk_088,Kusko,2019,0.709340258921747,0.288783964564354,-8.20238045373123e-5,1370.476517,1505.41294,1857.056,0.709365579,982.7333305828868
1590,833.16,0.707865049278648,0.28030104296768,1666.32,2019_kk_088,Kusko,2019,0.709345174054623,0.288786194175434,2.22961108059527e-6,1370.476517,1505.41294,1857.056,0.709365579,982.7333305828868
1591,833.684,0.702830200714758,0.280413301853224,1667.368,2019_kk_088,Kusko,2019,0.709233243064362,0.288621097035899,-1.6509713953483e-4,1370.476517,1505.41294,1857.056,0.709365579,982.7333305828868
1592,834.208,0.708009754303135,0.285844689583869,1668.416,2019_kk_088,Kusko,2019,0.709329919718301,0.288351944912208,-2.6915212369171e-4,1370.476517,1505.41294,1857.056,0.709365579,982.7333305828868
1593,834.732,0.711019855789802,0.29698453184623,1669.464,2019_kk_088,Kusko,2019,0.709339127711609,0.288041399172256,-3.1054573995126e-4,1370.476517,1505.41294,1857.056,0.709365579,982.7333305828868
1594,835.256,0.712158876163421,0.302443995431718,1670.512,2019_kk_088,Kusko,2019,0.709306530186687,0.287581239527536,-4.6015964472051e-4,1370.476517,1505.41294,1857.056,0.709365579,982.7333305828868
1595,835.78,0.710485576250692,0.301710545254949,1671.56,2019_kk_088,Kusko,2019,0.709263294143136,0.287110741598846,-4.7049792868941e-4,1370.476517,1505.41294,1857.056,0.709365579,982.7333305828868
1596,836.304,0.708171538958288,0.300851311050909,1672.608,2019_kk_088,Kusko,2019,0.709262680635467,0.286664391891356,-4.4634970748991e-4,1370.476517,1505.41294,1857.056,0.709365579,982.7333305828868
1597,836.828,0.703297853264287,0.303982450256618,1673.656,2019_kk_088,Kusko,2019,0.709330546248911,0.28626214678193,-4.0224510942621e-4,1370.476517,1505.41294,1857.056,0.709365579,982.7333305828868
1598,837.352,0.706557122446623,0.304485633196277,1674.704,2019_kk_088,Kusko,2019,0.709317519602053,0.28591683870157,-3.4530808036054e-4,1370.476517,1505.41294,1857.056,0.709365579,982.7333305828868
1599,837.876,0.70813216913739,0.296614125224035,1675.752,2019_kk_088,Kusko,2019,0.709346401139087,0.285523231137908,-3.9360756366152e-4,1370.476517,1505.41294,1857.056,0.709365579,982.7333305828868
1600,838.4,0.710141686082061,0.298048519235283,1676.8,2019_kk_088,Kusko,2019,0.7093157555666,0.2851620243109,-3.6120682700802e-4,1370.476517,1505.41294,1857.056,0.709365579,982.7333305828868
1601,838.924,0.710376105459576,0.292782717013901,1677.848,2019_kk_088,Kusko,2019,0.709219437549075,0.284934201502448,-2.2782280845246e-4,1370.476517,1505.41294,1857.056,0.709365579,982.7333305828868
1602,839.448,0.711342297719138,0.291480665165047,1678.896,2019_kk_088,Kusko,2019,0.70926123687585,0.284753525180236,-1.8067632221124e-4,1370.476517,1505.41294,1857.056,0.709365579,982.7333305828868
1603,839.972,0.711688532648356,0.285691638275389,1679.944,2019_kk_088,Kusko,2019,0.709212422768733,0.284623175771287,-1.3034940894951e-4,1370.476517,1505.41294,1857.056,0.709365579,982.7333305828868
1604,840.496,0.711613324062719,0.282644603650732,1680.992,2019_kk_088,Kusko,2019,0.709158167658323,0.284355838069742,-2.6733770154457e-4,1370.476517,1505.41294,1857.056,0.709365579,982.7333305828868
1605,841.02,0.707213886774481,0.287818321422543,1682.04,2019_kk_088,Kusko,2019,0.709130834106087,0.28421927407281,-1.3656399693284e-4,1370.476517,1505.41294,1857.056,0.709365579,982.7333305828868
1606,841.544,0.709933517345112,0.290935845000275,1683.088,2019_kk_088,Kusko,2019,0.70915314932076,0.28416037427604,-5.88997967695404e-5,1370.476517,1505.41294,1857.056,0.709365579,982.7333305828868
1607,842.068,0.710788718561493,0.294475285387149,1684.136,2019_kk_088,Kusko,2019,0.709068727186297,0.284035243300026,-1.2513097601368e-4,1370.476517,1505.41294,1857.056,0.709365579,982.7333305828868
1608,842.592,0.708481910300006,0.29526098275598,1685.184,2019_kk_088,Kusko,2019,0.709061771529931,0.283835789565512,-1.9945373451402e-4,1370.476517,1505.41294,1857.056,0.709365579,982.7333305828868
1609,843.116,0.708446088565491,0.29384510441418,1686.232,2019_kk_088,Kusko,2019,0.709026117555872,0.283613762856489,-2.2202670902304e-4,1370.476517,1505.41294,1857.056,0.709365579,982.7333305828868
1610,843.64,0.709094885274059,0.292617835334206,1687.28,2019_kk_088,Kusko,2019,0.70906177423165,0.283448134698901,-1.6562815758841e-4,1370.476517,1505.41294,1857.056,0.709365579,982.7333305828868
1611,844.164,0.707854887161281,0.294937330802751,1688.328,2019_kk_088,Kusko,2019,0.709056577001495,0.283290274283022,-1.5786041587834e-4,1370.476517,1505.41294,1857.056,0.709365579,982.7333305828868
1612,844.688,0.712442423449441,0.294360755342291,1689.376,2019_kk_088,Kusko,2019,0.709030387567461,0.283091530295471,-1.9874398755104e-4,1370.476517,1505.41294,1857.056,0.709365579,982.7333305828868
1613,845.212,0.71133370835396,0.295640008929071,1690.424,2019_kk_088,Kusko,2019,0.709110502539963,0.282915878654304,-1.7565164116739e-4,1370.476517,1505.41294,1857.056,0.709365579,982.7333305828868
1614,845.736,0.708217175022481,0.290094806236645,1691.472,2019_kk_088,Kusko,2019,0.70911945502973,0.28281017966414,-1.0569899016438e-4,1370.476517,1505.41294,1857.056,0.709365579,982.7333305828868
1615,846.26,0.708486258440313,0.281888270128559,1692.52,2019_kk_088,Kusko,2019,0.709051633287801,0.282607522706863,-2.0265695727678e-4,1370.476517,1505.41294,1857.056,0.709365579,982.7333305828868
1616,846.784,0.707546255315833,0.282898721379044,1693.568,2019_kk_088,Kusko,2019,0.70897158053539,0.28239717114372,-2.1035156314325e-4,1370.476517,1505.41294,1857.056,0.709365579,982.7333305828868
1617,847.308,0.706264635544335,0.286533810944821,1694.616,2019_kk_088,Kusko,2019,0.70901351383566,0.282183690489627,-2.1348065409287e-4,1370.476517,1505.41294,1857.056,0.709365579,982.7333305828868
1618,847.832,0.708287156020066,0.282885729956657,1695.664,2019_kk_088,Kusko,2019,0.709038083581043,0.28198604383317,-1.976466564566e-4,1370.476517,1505.41294,1857.056,0.709365579,982.7333305828868
1619,848.356,0.706783589320445,0.279165553559027,1696.712,2019_kk_088,Kusko,2019,0.709013877138905,0.281868875216071,-1.171686170992e-4,1370.476517,1505.41294,1857.056,0.709365579,982.7333305828868
1620,848.88,0.709361071676975,0.281284863115928,1697.76,2019_kk_088,Kusko,2019,0.709064544225858,0.281794221178781,-7.46540372902338e-5,1370.476517,1505.41294,1857.056,0.709365579,982.7333305828868
1621,849.404,0.703157198918838,0.273362940266193,1698.808,2019_kk_088,Kusko,2019,0.709175543253335,0.281697668549172,-9.65526296086705e-5,1370.476517,1505.41294,1857.056,0.709365579,982.7333305828868
1622,849.928,0.712073011040435,0.264691225606334,1699.856,2019_kk_088,Kusko,2019,0.709156320076021,0.281500903554099,-1.9676499507254e-4,1370.476517,1505.41294,1857.056,0.709365579,982.7333305828868
1623,850.452,0.710863401778941,0.259712449794162,1700.904,2019_kk_088,Kusko,2019,0.70914862052115,0.281147161372822,-3.5374218127792e-4,1370.476517,1505.41294,1857.056,0.709365579,982.7333305828868
1624,850.976,0.709167559515543,0.253410448951256,1701.952,2019_kk_088,Kusko,2019,0.709011599647756,0.280706260541174,-4.4090083164732e-4,1370.476517,1505.41294,1857.056,0.709365579,982.7333305828868
1625,851.5,0.705671871321347,0.254015669470919,1703,2019_kk_088,Kusko,2019,0.70895581018671,0.28024556310841,-4.6069743276466e-4,1370.476517,1505.41294,1857.056,0.709365579,982.7333305828868
1626,852.024,0.707841995751056,0.257000691734363,1704.048,2019_kk_088,Kusko,2019,0.708956157311695,0.27985825552215,-3.8730758625971e-4,1370.476517,1505.41294,1857.056,0.709365579,982.7333305828868
1627,852.548,0.713794641532899,0.25591480862128,1705.096,2019_kk_088,Kusko,2019,0.709073820233048,0.27943897582707,-4.1927969508026e-4,1370.476517,1505.41294,1857.056,0.709365579,982.7333305828868
1628,853.072,0.708654006770697,0.259365105057322,1706.144,2019_kk_088,Kusko,2019,0.709141318411743,0.279004773531376,-4.3420229569379e-4,1370.476517,1505.41294,1857.056,0.709365579,982.7333305828868
1629,853.596,0.712556358952465,0.262987024156479,1707.192,2019_kk_088,Kusko,2019,0.709201966651899,0.278679155800577,-3.2561773079925e-4,1370.476517,1505.41294,1857.056,0.709365579,982.7333305828868
1630,854.12,0.711869221210135,0.267094889759025,1708.24,2019_kk_088,Kusko,2019,0.709179334821059,0.278356645484954,-3.2251031562258e-4,1370.476517,1505.41294,1857.056,0.709365579,982.7333305828868
1631,854.644,0.706305795735716,0.27183809372869,1709.288,2019_kk_088,Kusko,2019,0.70915286305677006,0.278046456323563,-3.1018916139097e-4,1370.476517,1505.41294,1857.056,0.709365579,982.7333305828868
1632,855.168,0.709500660531981,0.271297041255297,1710.336,2019_kk_088,Kusko,2019,0.709126154507206,0.277700403485845,-3.4605283771765e-4,1370.476517,1505.41294,1857.056,0.709365579,982.7333305828868
1633,855.692,0.71067201287104,0.273928320534573,1711.384,2019_kk_088,Kusko,2019,0.709069979985527,0.277444704163092,-2.5569932275315e-4,1370.476517,1505.41294,1857.056,0.709365579,982.7333305828868
1634,856.216,0.707628662389383,0.271991380649124,1712.432,2019_kk_088,Kusko,2019,0.709031741968847,0.277300016539453,-1.4468762363878e-4,1370.476517,1505.41294,1857.056,0.709365579,982.7333305828868
1635,856.74,0.707379258557117,0.276799170941303,1713.48,2019_kk_088,Kusko,2019,0.709058859480968,0.277096597954493,-2.0341858496003e-4,1370.476517,1505.41294,1857.056,0.709365579,982.7333305828868
1636,857.264,0.711376832885066,0.282900615973888,1714.528,2019_kk_088,Kusko,2019,0.708993907443461,0.276779550263013,-3.1704769148066e-4,1370.476517,1505.41294,1857.056,0.709365579,982.7333305828868
1637,857.788,0.70727202321549,0.28184554528448,1715.576,2019_kk_088,Kusko,2019,0.70895052015861,0.276399377113867,-3.8017314914595e-4,1370.476517,1505.41294,1857.056,0.709365579,982.7333305828868
1638,858.312,0.708421777767572,0.283180238684315,1716.624,2019_kk_088,Kusko,2019,0.708877260272956,0.2760681190081,-3.3125810576673e-4,1370.476517,1505.41294,1857.056,0.709365579,982.7333305828868
1639,858.836,0.709971931501343,0.278456989609639,1717.672,2019_kk_088,Kusko,2019,0.708912772943993,0.275749118397969,-3.190006101309e-4,1370.476517,1505.41294,1857.056,0.709365579,982.7333305828868
1640,859.36,0.710608821632662,0.281246485167149,1718.72,2019_kk_088,Kusko,2019,0.708825548096358,0.275504077768713,-2.4504062925612e-4,1370.476517,1505.41294,1857.056,0.709365579,982.7333305828868
1641,859.884,0.707983512244382,0.279172579283922,1719.768,2019_kk_088,Kusko,2019,0.708827985660939,0.275280897528369,-2.231802403439e-4,1370.476517,1505.41294,1857.056,0.709365579,982.7333305828868
1642,860.408,0.709649477096204,0.276700315624523,1720.816,2019_kk_088,Kusko,2019,0.708807684762035,0.275074969866513,-2.0592766185595e-4,1370.476517,1505.41294,1857.056,0.709365579,982.7333305828868
1643,860.932,0.71226290093936,0.277866003007143,1721.864,2019_kk_088,Kusko,2019,0.708776682956934,0.274933670596064,-1.4129927044925e-4,1370.476517,1505.41294,1857.056,0.709365579,982.7333305828868
1644,861.456,0.710685744403008,0.282220118422126,1722.912,2019_kk_088,Kusko,2019,0.708831120238509,0.274740476645373,-1.9319395069034e-4,1370.476517,1505.41294,1857.056,0.709365579,982.7333305828868
1645,861.98,0.710037840704711,0.278980738582282,1723.96,2019_kk_088,Kusko,2019,0.708911577046634,0.274768002410914,2.7525765540215e-5,1370.476517,1505.41294,1857.056,0.709365579,982.7333305828868
1646,862.504,0.706065830408495,0.277725388717826,1725.008,2019_kk_088,Kusko,2019,0.708861393251658,0.274796181465559,2.81790546452498e-5,1370.476517,1505.41294,1857.056,0.709365579,982.7333305828868
1647,863.028,0.710771620941349,0.279128534112087,1726.056,2019_kk_088,Kusko,2019,0.708989057649566,0.274743144940322,-5.30365252365272e-5,1370.476517,1505.41294,1857.056,0.709365579,982.7333305828868
1648,863.552,0.709156934417107,0.275496377863998,1727.104,2019_kk_088,Kusko,2019,0.708992606013913,0.274724235736876,-1.89092034461602e-5,1370.476517,1505.41294,1857.056,0.709365579,982.7333305828868
1649,864.076,0.705205613895242,0.274880327389537,1728.152,2019_kk_088,Kusko,2019,0.709066078677486,0.274759634139993,3.53984031171151e-5,1370.476517,1505.41294,1857.056,0.709365579,982.7333305828868
1650,864.6,0.710905074495875,0.275821800730264,1729.2,2019_kk_088,Kusko,2019,0.709124503363064,0.274746293921074,-1.33402189193554e-5,1370.476517,1505.41294,1857.056,0.709365579,982.7333305828868
1651,865.124,0.709490142363368,0.274620144076703,1730.248,2019_kk_088,Kusko,2019,0.70928244762256,0.274848395787514,1.0210186644032e-4,1370.476517,1505.41294,1857.056,0.709365579,982.7333305828868
1652,865.648,0.706856363664297,0.274038789879517,1731.296,2019_kk_088,Kusko,2019,0.709261749334532,0.274962850579505,1.1445479199023e-4,1370.476517,1505.41294,1857.056,0.709365579,982.7333305828868
1653,866.172,0.710557882497531,0.275760000969554,1732.344,2019_kk_088,Kusko,2019,0.709264509504538,0.275126583790267,1.6373321076274e-4,1370.476517,1505.41294,1857.056,0.709365579,982.7333305828868
1654,866.696,0.703937623759803,0.275989945532879,1733.392,2019_kk_088,Kusko,2019,0.709251744726904,0.275492173653012,3.6558986274465e-4,1370.476517,1505.41294,1857.056,0.709365579,982.7333305828868
1655,867.22,0.707138208587917,0.274068699289067,1734.44,2019_kk_088,Kusko,2019,0.709288392903841,0.276071213834157,5.7904018114546e-4,1370.476517,1505.41294,1857.056,0.709365579,982.7333305828868
1656,867.744,0.708192366457416,0.277612855875324,1735.488,2019_kk_088,Kusko,2019,0.709227996530136,0.276814631738663,7.4341790450566e-4,1370.476517,1505.41294,1857.056,0.709365579,982.7333305828868
1657,868.268,0.710357628545408,0.278825668551804,1736.536,2019_kk_088,Kusko,2019,0.709141944475306,0.277703717244916,8.8908550625332e-4,1370.476517,1505.41294,1857.056,0.709365579,982.7333305828868
1658,868.792,0.710607013168333,0.27843349545465,1737.584,2019_kk_088,Kusko,2019,0.709151962807571,0.278567761716602,8.6404447168525e-4,1370.476517,1505.41294,1857.056,0.709365579,982.7333305828868
1659,869.316,0.711771063546774,0.27707706137608,1738.632,2019_kk_088,Kusko,2019,0.709078357581062,0.279340811301127,7.7304958452534e-4,1370.476517,1505.41294,1857.056,0.709365579,982.7333305828868
1660,869.84,0.708783776231677,0.278697900297928,1739.68,2019_kk_088,Kusko,2019,0.709059316994276,0.28001735759462,6.7654629349317e-4,1370.476517,1505.41294,1857.056,0.709365579,982.7333305828868
1661,870.364,0.7087877996022,0.274171367330443,1740.728,2019_kk_088,Kusko,2019,0.709098331224442,0.280530924004582,5.1356640996225e-4,1370.476517,1505.41294,1857.056,0.709365579,982.7333305828868
1662,870.888,0.709739784745291,0.270717494901988,1741.776,2019_kk_088,Kusko,2019,0.709112302839547,0.281014199370036,4.8327536545383e-4,1370.476517,1505.41294,1857.056,0.709365579,982.7333305828868
1663,871.412,0.708318061347659,0.270349678910199,1742.824,2019_kk_088,Kusko,2019,0.709108272891887,0.281369439737303,3.5524036726714e-4,1370.476517,1505.41294,1857.056,0.709365579,982.7333305828868
1664,871.936,0.709319043061911,0.273963346232405,1743.872,2019_kk_088,Kusko,2019,0.709104062946711,0.281804633586144,4.3519384884049e-4,1370.476517,1505.41294,1857.056,0.709365579,982.7333305828868
1665,872.46,0.708840937501738,0.275613206324944,1744.92,2019_kk_088,Kusko,2019,0.709104522541985,0.282133141376771,3.2850779062693e-4,1370.476517,1505.41294,1857.056,0.709365579,982.7333305828868
1666,872.984,0.706036395094664,0.271912983511434,1745.968,2019_kk_088,Kusko,2019,0.709100900043947,0.282370572833722,2.3743145695087e-4,1370.476517,1505.41294,1857.056,0.709365579,982.7333305828868
1667,873.508,0.708185481470444,0.271664896438388,1747.016,2019_kk_088,Kusko,2019,0.709138055176282,0.28259609194913,2.2551911540807e-4,1370.476517,1505.41294,1857.056,0.709365579,982.7333305828868
1668,874.032,0.70408631716080206,0.275385496409979,1748.064,2019_kk_088,Kusko,2019,0.709107262183526,0.282930529585865,3.344376367349e-4,1370.476517,1505.41294,1857.056,0.709365579,982.7333305828868
1669,874.556,0.710576848827694,0.274705067806326,1749.112,2019_kk_088,Kusko,2019,0.70906304508212,0.283493344174999,5.6281458913432e-4,1370.476517,1505.41294,1857.056,0.709365579,982.7333305828868
1670,875.08,0.703861394415943,0.277915397578839,1750.16,2019_kk_088,Kusko,2019,0.708999757084613,0.284198248721414,7.0490454641503e-4,1370.476517,1505.41294,1857.056,0.709365579,982.7333305828868
1671,875.604,0.708001141036176,0.281546516382117,1751.208,2019_kk_088,Kusko,2019,0.709035179042046,0.284957940440681,7.5969171926648e-4,1370.476517,1505.41294,1857.056,0.709365579,982.7333305828868
1672,876.128,0.711224369515155,0.282005095630935,1752.256,2019_kk_088,Kusko,2019,0.709040896035035,0.285892373061127,9.3443262044612e-4,1370.476517,1505.41294,1857.056,0.709365579,982.7333305828868
1673,876.652,0.709473600047952,0.287162052702115,1753.304,2019_kk_088,Kusko,2019,0.709013424809048,0.286875748112007,9.8337505088058e-4,1370.476517,1505.41294,1857.056,0.709365579,982.7333305828868
1674,877.176,0.711483411916978,0.278503169195226,1754.352,2019_kk_088,Kusko,2019,0.708936888809028,0.28780363567412,9.2788756211303e-4,1370.476517,1505.41294,1857.056,0.709365579,982.7333305828868
1675,877.7,0.713313666927787,0.283539816060971,1755.4,2019_kk_088,Kusko,2019,0.708889445140077,0.288753857709236,9.5022203511541e-4,1370.476517,1505.41294,1857.056,0.709365579,982.7333305828868
1676,878.224,0.704535227617298,0.284589464657758,1756.448,2019_kk_088,Kusko,2019,0.708953588711023,0.28974523159071,9.9137388147385e-4,1370.476517,1505.41294,1857.056,0.709365579,982.7333305828868
1677,878.748,0.713924499418771,0.283351619430628,1757.496,2019_kk_088,Kusko,2019,0.708868113688517,0.290779813231734,0.00103458164102438,1370.476517,1505.41294,1857.056,0.709365579,982.7333305828868
1678,879.272,0.708500057880896,0.28175117774989,1758.544,2019_kk_088,Kusko,2019,0.708856221097331,0.291913484090257,0.00113367085852262,1370.476517,1505.41294,1857.056,0.709365579,982.7333305828868
1679,879.796,0.711191949134812,0.281289457746055,1759.592,2019_kk_088,Kusko,2019,0.708885863396643,0.293214434160537,0.0013009500702808,1370.476517,1505.41294,1857.056,0.709365579,982.7333305828868
1680,880.32,0.712866552811696,0.28048444998077,1760.64,2019_kk_088,Kusko,2019,0.708840493601396,0.294514090786542,0.00129965662600495,1370.476517,1505.41294,1857.056,0.709365579,982.7333305828868
1681,880.844,0.712633854488595,0.279489052252612,1761.688,2019_kk_088,Kusko,2019,0.708805224063214,0.295867235759926,0.00135314497338401,1370.476517,1505.41294,1857.056,0.709365579,982.7333305828868
1682,881.368,0.710831113758719,0.271558513125746,1762.736,2019_kk_088,Kusko,2019,0.708914854216303,0.297334037434282,0.00146680167435526,1370.476517,1505.41294,1857.056,0.709365579,982.7333305828868
1683,881.892,0.711029011979296,0.269536442439929,1763.784,2019_kk_088,Kusko,2019,0.708862175582674,0.298954173739992,0.0016201363057099,1370.476517,1505.41294,1857.056,0.709365579,982.7333305828868
1684,882.416,0.708401672857497,0.275345840715935,1764.832,2019_kk_088,Kusko,2019,0.708990978182184,0.300602327153575,0.00164815341358338,1370.476517,1505.41294,1857.056,0.709365579,982.7333305828868
1685,882.94,0.70787076193758,0.288758080339646,1765.88,2019_kk_088,Kusko,2019,0.709001019696861,0.302166950021494,0.00156462286791914,1370.476517,1505.41294,1857.056,0.709365579,982.7333305828868
1686,883.464,0.704218213328782,0.301605766004702,1766.928,2019_kk_088,Kusko,2019,0.708992037652471,0.303852800523703,0.0016858505022086,1370.476517,1505.41294,1857.056,0.709365579,982.7333305828868
1687,883.988,0.708631518243062,0.309259938996478,1767.976,2019_kk_088,Kusko,2019,0.708907023839759,0.305416757035834,0.00156395651213187,1370.476517,1505.41294,1857.056,0.709365579,982.7333305828868
1688,884.512,0.709255106706609,0.311207773358437,1769.024,2019_kk_088,Kusko,2019,0.708860228492285,0.30716941114362,0.00175265410778541,1370.476517,1505.41294,1857.056,0.709365579,982.7333305828868
1689,885.036,0.708140045361945,0.309369999227999,1770.072,2019_kk_088,Kusko,2019,0.708819892032428,0.309001191392622,0.00183178024900216,1370.476517,1505.41294,1857.056,0.709365579,982.7333305828868
1690,885.56,0.710726786002949,0.307687667368613,1771.12,2019_kk_088,Kusko,2019,0.708783245235235,0.31096576959737,0.00196457820474816,1370.476517,1505.41294,1857.056,0.709365579,982.7333305828868
1691,886.084,0.708646649545688,0.302652078326425,1772.168,2019_kk_088,Kusko,2019,0.708759839074176,0.312941019027177,0.00197524942980715,1370.476517,1505.41294,1857.056,0.709365579,982.7333305828868
1692,886.608,0.710338957438276,0.300293563182529,1773.216,2019_kk_088,Kusko,2019,0.70877158524612,0.314924592994642,0.0019835739674644,1370.476517,1505.41294,1857.056,0.709365579,982.7333305828868
1693,887.132,0.71043021601143,0.295242742570599,1774.264,2019_kk_088,Kusko,2019,0.708778559927313,0.316891545619248,0.00196695262460644,1370.476517,1505.41294,1857.056,0.709365579,982.7333305828868
1694,887.656,0.707376065678872,0.298103011579554,1775.312,2019_kk_088,Kusko,2019,0.708768748487829,0.318899508165435,0.00200796254618657,1370.476517,1505.41294,1857.056,0.709365579,982.7333305828868
1695,888.18,0.707406834273553,0.296509638378919,1776.36,2019_kk_088,Kusko,2019,0.708749226309591,0.320824361506528,0.0019248533410931,1370.476517,1505.41294,1857.056,0.709365579,982.7333305828868
1696,888.704,0.711159483002784,0.29714650339094,1777.408,2019_kk_088,Kusko,2019,0.70881259521465,0.322812821281172,0.00198845977464362,1370.476517,1505.41294,1857.056,0.709365579,982.7333305828868
1697,889.228,0.70950133115559,0.295376692208965,1778.456,2019_kk_088,Kusko,2019,0.708805131278152,0.32487799500983,0.002065173728659,1370.476517,1505.41294,1857.056,0.709365579,982.7333305828868
1698,889.752,0.706574198202206,0.30324649688841,1779.504,2019_kk_088,Kusko,2019,0.708877044790352,0.326899797591945,0.00202180258211487,1370.476517,1505.41294,1857.056,0.709365579,982.7333305828868
1699,890.276,0.707318905416987,0.312225864957698,1780.552,2019_kk_088,Kusko,2019,0.708867740513642,0.328970316057155,0.00207051846520934,1370.476517,1505.41294,1857.056,0.709365579,982.7333305828868
1700,890.8,0.706811541782223,0.323540757952048,1781.6,2019_kk_088,Kusko,2019,0.708963991028299,0.331113977370156,0.00214366131300159,1370.476517,1505.41294,1857.056,0.709365579,982.7333305828868
1701,891.324,0.710108829690337,0.32475408243991,1782.648,2019_kk_088,Kusko,2019,0.708954227045499,0.33318891861332,0.00207494124316382,1370.476517,1505.41294,1857.056,0.709365579,982.7333305828868
1702,891.848,0.709992496675563,0.332766272851291,1783.696,2019_kk_088,Kusko,2019,0.70895173846103,0.335288154365516,0.00209923575219595,1370.476517,1505.41294,1857.056,0.709365579,982.7333305828868
1703,892.372,0.710614627380173,0.336868506059977,1784.744,2019_kk_088,Kusko,2019,0.7090009144478,0.337303082618442,0.00201492825292626,1370.476517,1505.41294,1857.056,0.709365579,982.7333305828868
1704,892.896,0.706093584401773,0.337893372148907,1785.792,2019_kk_088,Kusko,2019,0.708934749964225,0.339611257411264,0.00230817479282175,1370.476517,1505.41294,1857.056,0.709365579,982.7333305828868
1705,893.42,0.707191220567663,0.335994060689207,1786.84,2019_kk_088,Kusko,2019,0.708880345583235,0.341900539763008,0.00228928235174369,1370.476517,1505.41294,1857.056,0.709365579,982.7333305828868
1706,893.944,0.709914444665276,0.337207821606259,1787.888,2019_kk_088,Kusko,2019,0.708928668890666,0.34408363226223,0.00218309249922222,1370.476517,1505.41294,1857.056,0.709365579,982.7333305828868
1707,894.468,0.705643119590952,0.341203432573548,1788.936,2019_kk_088,Kusko,2019,0.708888062424195,0.346393561686771,0.00230992942454095,1370.476517,1505.41294,1857.056,0.709365579,982.7333305828868
1708,894.992,0.708443378945973,0.343516629375355,1789.984,2019_kk_088,Kusko,2019,0.708903727317765,0.348706374660711,0.00231281297394043,1370.476517,1505.41294,1857.056,0.709365579,982.7333305828868
1709,895.516,0.706984151853951,0.352937331606386,1791.032,2019_kk_088,Kusko,2019,0.708824562550216,0.351035743529801,0.00232936886909002,1370.476517,1505.41294,1857.056,0.709365579,982.7333305828868
1710,896.04,0.708182886781044,0.353801198290563,1792.08,2019_kk_088,Kusko,2019,0.708740272219934,0.353444487519266,0.00240874398946506,1370.476517,1505.41294,1857.056,0.709365579,982.7333305828868
1711,896.564,0.707373970072479,0.355808842479742,1793.128,2019_kk_088,Kusko,2019,0.708687306577149,0.35603805004637,0.00259356252710402,1370.476517,1505.41294,1857.056,0.709365579,982.7333305828868
1712,897.088,0.713434172849605,0.362046890340833,1794.176,2019_kk_088,Kusko,2019,0.708655219992277,0.358843071617195,0.00280502157082474,1370.476517,1505.41294,1857.056,0.709365579,982.7333305828868
1713,897.612,0.707397164479808,0.372968179312147,1795.224,2019_kk_088,Kusko,2019,0.708650746703197,0.36163689518107,0.00279382356387464,1370.476517,1505.41294,1857.056,0.709365579,982.7333305828868
1714,898.136,0.711665779730439,0.37487915034788,1796.272,2019_kk_088,Kusko,2019,0.708665506009001,0.364441467042402,0.00280457186133209,1370.476517,1505.41294,1857.056,0.709365579,982.7333305828868
1715,898.66,0.707740699468494,0.367946071364215,1797.32,2019_kk_088,Kusko,2019,0.708679586550729,0.367062230134615,0.00262076309221354,1370.476517,1505.41294,1857.056,0.709365579,982.7333305828868
1716,899.184,0.707653443794042,0.378763886007842,1798.368,2019_kk_088,Kusko,2019,0.708734481689384,0.369491322920402,0.0024290927857869,1370.476517,1505.41294,1857.056,0.709365579,982.7333305828868
1717,899.708,0.705256799782658,0.372663059279716,1799.416,2019_kk_088,Kusko,2019,0.708746779768026,0.371823451930322,0.00233212900991964,1370.476517,1505.41294,1857.056,0.709365579,982.7333305828868
1718,900.232,0.707799292319933,0.383592741921777,1800.464,2019_kk_088,Kusko,2019,0.708775838984586,0.374069386358317,0.00224593442799503,1370.476517,1505.41294,1857.056,0.709365579,982.7333305828868
1719,900.756,0.709350875955322,0.386983876316208,1801.512,2019_kk_088,Kusko,2019,0.708788065864331,0.376260619180492,0.00219123282217498,1370.476517,1505.41294,1857.056,0.709365579,982.7333305828868
1720,901.28,0.706584968400099,0.396572592582818,1802.56,2019_kk_088,Kusko,2019,0.708757207981565,0.378580203547488,0.00231958436699575,1370.476517,1505.41294,1857.056,0.709365579,982.7333305828868
1721,901.804,0.707383429938692,0.392686333118872,1803.608,2019_kk_088,Kusko,2019,0.708794395473295,0.380958327788342,0.00237812424085448,1370.476517,1505.41294,1857.056,0.709365579,982.7333305828868
1722,902.328,0.71044455506192306,0.389731932949854,1804.656,2019_kk_088,Kusko,2019,0.708793468294686,0.383390400814607,0.00243207302626497,1370.476517,1505.41294,1857.056,0.709365579,982.7333305828868
1723,902.852,0.708736542219216,0.388366836386583,1805.704,2019_kk_088,Kusko,2019,0.708783316961052,0.386033267946689,0.00264286713208167,1370.476517,1505.41294,1857.056,0.709365579,982.7333305828868
1724,903.376,0.708730356692891,0.394441099003597,1806.752,2019_kk_088,Kusko,2019,0.708803205963454,0.388596085728997,0.00256281778230794,1370.476517,1505.41294,1857.056,0.709365579,982.7333305828868
1725,903.9,0.707669606807424,0.391104406790533,1807.8,2019_kk_088,Kusko,2019,0.708778562113247,0.391305204580539,0.00270911885154212,1370.476517,1505.41294,1857.056,0.709365579,982.7333305828868
1726,904.424,0.70983852939823,0.391220569990052,1808.848,2019_kk_088,Kusko,2019,0.708729707174834,0.39409796599824,0.00279276141770113,1370.476517,1505.41294,1857.056,0.709365579,982.7333305828868
1727,904.948,0.707737645280564,0.395575320157928,1809.896,2019_kk_088,Kusko,2019,0.708711888292974,0.397126461074826,0.00302849507658626,1370.476517,1505.41294,1857.056,0.709365579,982.7333305828868
1728,905.472,0.7084011278928,0.396693651336874,1810.944,2019_kk_088,Kusko,2019,0.708739616077397,0.400275846063809,0.0031493849889831,1370.476517,1505.41294,1857.056,0.709365579,982.7333305828868
1729,905.996,0.7100185922251,0.398936175718885,1811.992,2019_kk_088,Kusko,2019,0.708765584077169,0.403463020851774,0.00318717478796432,1370.476517,1505.41294,1857.056,0.709365579,982.7333305828868
1730,906.52,0.709636425295362,0.406535076358933,1813.04,2019_kk_088,Kusko,2019,0.708824270322054,0.406417290844303,0.00295426999252918,1370.476517,1505.41294,1857.056,0.709365579,982.7333305828868
1731,907.044,0.707415302068184,0.406042990971947,1814.088,2019_kk_088,Kusko,2019,0.70880667981863,0.409358887218441,0.00294159637413788,1370.476517,1505.41294,1857.056,0.709365579,982.7333305828868
1732,907.568,0.711075054447024,0.407959240762694,1815.136,2019_kk_088,Kusko,2019,0.708775916874114,0.412119916029686,0.00276102881124557,1370.476517,1505.41294,1857.056,0.709365579,982.7333305828868
1733,908.092,0.712424159254154,0.408057747877691,1816.184,2019_kk_088,Kusko,2019,0.708751223573396,0.414777916893321,0.00265800086363499,1370.476517,1505.41294,1857.056,0.709365579,982.7333305828868
1734,908.616,0.707513542902424,0.416993656764528,1817.232,2019_kk_088,Kusko,2019,0.708810578776402,0.417343178691067,0.0025652617977453,1370.476517,1505.41294,1857.056,0.709365579,982.7333305828868
1735,909.14,0.710049404068384,0.420896757165594,1818.28,2019_kk_088,Kusko,2019,0.708828380860268,0.419947524824461,0.00260434613339394,1370.476517,1505.41294,1857.056,0.709365579,982.7333305828868
1736,909.664,0.707434626063182,0.415575014611091,1819.328,2019_kk_088,Kusko,2019,0.708776907922618,0.422507240878088,0.00255971605362704,1370.476517,1505.41294,1857.056,0.709365579,982.7333305828868
1737,910.188,0.711488111430524,0.421947384903082,1820.376,2019_kk_088,Kusko,2019,0.708867215045071,0.425140415919044,0.00263317504095617,1370.476517,1505.41294,1857.056,0.709365579,982.7333305828868
1738,910.712,0.709439951495066,0.420519956186314,1821.424,2019_kk_088,Kusko,2019,0.708882146553258,0.427692472405739,0.00255205648669471,1370.476517,1505.41294,1857.056,0.709365579,982.7333305828868
1739,911.236,0.706442063081891,0.421051589891454,1822.472,2019_kk_088,Kusko,2019,0.708925115971325,0.430123251787933,0.0024307793821946,1370.476517,1505.41294,1857.056,0.709365579,982.7333305828868
1740,911.76,0.707809132994796,0.425009089348675,1823.52,2019_kk_088,Kusko,2019,0.708940296585558,0.432566855872692,0.00244360408475858,1370.476517,1505.41294,1857.056,0.709365579,982.7333305828868
1741,912.284,0.709455915921464,0.435102803878853,1824.568,2019_kk_088,Kusko,2019,0.708948138488496,0.435126848820829,0.00255999294813714,1370.476517,1505.41294,1857.056,0.709365579,982.7333305828868
1742,912.808,0.708905918666393,0.439859807375231,1825.616,2019_kk_088,Kusko,2019,0.708895205762181,0.437824178151394,0.00269732933056516,1370.476517,1505.41294,1857.056,0.709365579,982.7333305828868
1743,913.332,0.710760614634523,0.437165856272408,1826.664,2019_kk_088,Kusko,2019,0.708926742152587,0.440346069701091,0.00252189154969695,1370.476517,1505.41294,1857.056,0.709365579,982.7333305828868
1744,913.856,0.709287231205714,0.443620152395857,1827.712,2019_kk_088,Kusko,2019,0.708903911006489,0.442823662508141,0.00247759280705023,1370.476517,1505.41294,1857.056,0.709365579,982.7333305828868
1745,914.38,0.708715594441258,0.446003865872462,1828.76,2019_kk_088,Kusko,2019,0.70889275253953,0.445518184816213,0.00269452230807143,1370.476517,1505.41294,1857.056,0.709365579,982.7333305828868
1746,914.904,0.707511921648086,0.447351333151913,1829.808,2019_kk_088,Kusko,2019,0.708936561925484,0.447894104519681,0.00237591970346834,1370.476517,1505.41294,1857.056,0.709365579,982.7333305828868
1747,915.428,0.70936940296161,0.44918767959166,1830.856,2019_kk_088,Kusko,2019,0.708982966253239,0.450306714144107,0.0024126096244258,1370.476517,1505.41294,1857.056,0.709365579,982.7333305828868
1748,915.952,0.710998659700171,0.445963839038135,1831.904,2019_kk_088,Kusko,2019,0.709003981720771,0.452555660782378,0.00224894663827102,1370.476517,1505.41294,1857.056,0.709365579,982.7333305828868
1749,916.476,0.708873658146677,0.440843968558499,1832.952,2019_kk_088,Kusko,2019,0.70895385361491,0.454668926213034,0.0021132654306561,1370.476517,1505.41294,1857.056,0.709365579,982.7333305828868
1750,917,0.70887531303696,0.44686272938836,1834,2019_kk_088,Kusko,2019,0.708989766109212,0.456521289749574,0.00185236353654034,1370.476517,1505.41294,1857.056,0.709365579,982.7333305828868
1751,917.524,0.71087789904948,0.445339532777696,1835.048,2019_kk_088,Kusko,2019,0.709045937261372,0.458460273221482,0.00193898347190741,1370.476517,1505.41294,1857.056,0.709365579,982.7333305828868
1752,918.048,0.710283326721751,0.446217944758424,1836.096,2019_kk_088,Kusko,2019,0.709027950118318,0.460528681571022,0.00206840834954047,1370.476517,1505.41294,1857.056,0.709365579,982.7333305828868
1753,918.572,0.709821135993404,0.4538147704955,1837.144,2019_kk_088,Kusko,2019,0.709032413369516,0.462735461129474,0.00220677955845222,1370.476517,1505.41294,1857.056,0.709365579,982.7333305828868
1754,919.096,0.708569405822981,0.45187207851803,1838.192,2019_kk_088,Kusko,2019,0.709076261281918,0.464763541232832,0.00202808010335731,1370.476517,1505.41294,1857.056,0.709365579,982.7333305828868
1755,919.62,0.705928203261108,0.459056769471446,1839.24,2019_kk_088,Kusko,2019,0.70908839247597,0.466852311116155,0.00208876988332352,1370.476517,1505.41294,1857.056,0.709365579,982.7333305828868
1756,920.144,0.70822818669805,0.464712188453008,1840.288,2019_kk_088,Kusko,2019,0.709084526609276,0.468919345237692,0.00206703412153653,1370.476517,1505.41294,1857.056,0.709365579,982.7333305828868
1757,920.668,0.708432198243936,0.47708639680414,1841.336,2019_kk_088,Kusko,2019,0.709075581999638,0.471051712391571,0.00213236715387899,1370.476517,1505.41294,1857.056,0.709365579,982.7333305828868
1758,921.192,0.708237865267602,0.492209596227393,1842.384,2019_kk_088,Kusko,2019,0.709122679502371,0.473142957581313,0.00209124518974235,1370.476517,1505.41294,1857.056,0.709365579,982.7333305828868
1759,921.716,0.708876985403331,0.503456352235559,1843.432,2019_kk_088,Kusko,2019,0.70908538946422,0.475097224641243,0.00195426705992957,1370.476517,1505.41294,1857.056,0.709365579,982.7333305828868
1760,922.24,0.710332716475313,0.500796957503801,1844.48,2019_kk_088,Kusko,2019,0.709065072026397,0.476900036971527,0.00180281233028423,1370.476517,1505.41294,1857.056,0.709365579,982.7333305828868
1761,922.764,0.709053399484882,0.50124986488818,1845.528,2019_kk_088,Kusko,2019,0.709066528780079,0.478690996382076,0.00179095941054946,1370.476517,1505.41294,1857.056,0.709365579,982.7333305828868
1762,923.288,0.708146720004597,0.498428001526025,1846.576,2019_kk_088,Kusko,2019,0.709006554030296,0.480405085933533,0.00171408955145674,1370.476517,1505.41294,1857.056,0.709365579,982.7333305828868
1763,923.812,0.7091330293371,0.496348557878078,1847.624,2019_kk_088,Kusko,2019,0.708955562424719,0.482169902205427,0.00176481627189373,1370.476517,1505.41294,1857.056,0.709365579,982.7333305828868
1764,924.336,0.709654896582119,0.491809080013623,1848.672,2019_kk_088,Kusko,2019,0.708965269837728,0.483885924815393,0.00171602260996617,1370.476517,1505.41294,1857.056,0.709365579,982.7333305828868
1765,924.86,0.708259345599634,0.492254828692844,1849.72,2019_kk_088,Kusko,2019,0.708975120205748,0.485366682549612,0.00148075773421907,1370.476517,1505.41294,1857.056,0.709365579,982.7333305828868
1766,925.384,0.706826068406301,0.490790784823881,1850.768,2019_kk_088,Kusko,2019,0.708978400669226,0.487020673659462,0.00165399110985026,1370.476517,1505.41294,1857.056,0.709365579,982.7333305828868
1767,925.908,0.711061546938118,0.499193935030917,1851.816,2019_kk_088,Kusko,2019,0.708976938880087,0.488496476191069,0.00147580253160662,1370.476517,1505.41294,1857.056,0.709365579,982.7333305828868
1768,926.432,0.709339269437177,0.496640018577038,1852.864,2019_kk_088,Kusko,2019,0.708969406987026,0.489947713827726,0.00145123763665711,1370.476517,1505.41294,1857.056,0.709365579,982.7333305828868
1769,926.956,0.709562316938,0.498784094538066,1853.912,2019_kk_088,Kusko,2019,0.709027301961399,0.491365107117622,0.0014173932898956,1370.476517,1505.41294,1857.056,0.709365579,982.7333305828868
1770,927.48,0.70909372363504,0.500417443376077,1854.96,2019_kk_088,Kusko,2019,0.70904743527354,0.492595263378171,0.00123015626054973,1370.476517,1505.41294,1857.056,0.709365579,982.7333305828868
1771,928.004,0.707844484248735,0.509408419367967,1856.008,2019_kk_088,Kusko,2019,0.709050509764621,0.493663606972887,0.00106834359471597,1370.476517,1505.41294,1857.056,0.709365579,982.7333305828868
1772,928.528,0.710258209270698,0.523886650174745,1857.056,2019_kk_088,Kusko,2019,0.70902088777437,0.49457061162039,9.0700464750315e-4,1370.476517,1505.41294,1857.056,0.709365579,982.7333305828868
1773,929.052,0.709289347904155,0.524281672293963,1858.104,2019_kk_088,Kusko,2019,0.709001403351336,0.495575559650386,0.00100494802999529,1370.476517,1505.41294,1857.056,0.709365579,982.7333305828868
1774,929.576,0.710295910964591,0.523534718770893,1859.152,2019_kk_088,Kusko,2019,0.709011682034259,0.496486693763725,9.1113411333931e-4,1370.476517,1505.41294,1857.056,0.709365579,982.7333305828868
1775,930.1,0.707071191450946,0.5296174098485,1860.2,2019_kk_088,Kusko,2019,0.708996222897742,0.497303665165813,8.1697140208814e-4,1370.476517,1505.41294,1857.056,0.709365579,982.7333305828868
1776,930.624,0.710282006951272,0.521319068215945,1861.248,2019_kk_088,Kusko,2019,0.709022581588104,0.498075381370586,7.7171620477239e-4,1370.476517,1505.41294,1857.056,0.709365579,982.7333305828868
1777,931.148,0.708041059447936,0.517419636745262,1862.296,2019_kk_088,Kusko,2019,0.70904341850956,0.498698656397924,6.23275027338e-4,1370.476517,1505.41294,1857.056,0.709365579,982.7333305828868
1778,931.672,0.709060220371902,0.518529540218037,1863.344,2019_kk_088,Kusko,2019,0.709005889633331,0.499377961233077,6.7930483515388e-4,1370.476517,1505.41294,1857.056,0.709365579,982.7333305828868
1779,932.196,0.706343189603663,0.513779802155573,1864.392,2019_kk_088,Kusko,2019,0.709004361221121,0.500290977439491,9.1301620641365e-4,1370.476517,1505.41294,1857.056,0.709365579,982.7333305828868
1780,932.72,0.708739718058175,0.50771440477524,1865.44,2019_kk_088,Kusko,2019,0.70901465661112,0.5010792759549,7.882985154084e-4,1370.476517,1505.41294,1857.056,0.709365579,982.7333305828868
1781,933.244,0.710753699068301,0.509025341433318,1866.488,2019_kk_088,Kusko,2019,0.70895487477532,0.501909706229251,8.3043027435114e-4,1370.476517,1505.41294,1857.056,0.709365579,982.7333305828868
1782,933.768,0.709365326478715,0.513836433922282,1867.536,2019_kk_088,Kusko,2019,0.708951162735085,0.502810267303004,9.0056107375313e-4,1370.476517,1505.41294,1857.056,0.709365579,982.7333305828868
1783,934.292,0.70900433729108,0.520773609893716,1868.584,2019_kk_088,Kusko,2019,0.708916732907333,0.503540224728789,7.2995742578507e-4,1370.476517,1505.41294,1857.056,0.709365579,982.7333305828868
1784,934.816,0.711361231437027,0.516125905205038,1869.632,2019_kk_088,Kusko,2019,0.708934189811592,0.504284313144991,7.4408841620177e-4,1370.476517,1505.41294,1857.056,0.709365579,982.7333305828868
1785,935.34,0.708397478450544,0.516430599789942,1870.68,2019_kk_088,Kusko,2019,0.709004493335369,0.504956931590325,6.7261844533406e-4,1370.476517,1505.41294,1857.056,0.709365579,982.7333305828868
1786,935.864,0.709606577396566,0.515242617282245,1871.728,2019_kk_088,Kusko,2019,0.709003251479582,0.505496390258275,5.3945866795068e-4,1370.476517,1505.41294,1857.056,0.709365579,982.7333305828868
1787,936.388,0.707200968702314,0.523517349390668,1872.776,2019_kk_088,Kusko,2019,0.70898585069206,0.505844220838761,3.4783058048537e-4,1370.476517,1505.41294,1857.056,0.709365579,982.7333305828868
1788,936.912,0.711226978056765,0.522168362721417,1873.824,2019_kk_088,Kusko,2019,0.708992982178659,0.506034572169341,1.9035133058031e-4,1370.476517,1505.41294,1857.056,0.709365579,982.7333305828868
1789,937.436,0.707781189936041,0.51619219931466,1874.872,2019_kk_088,Kusko,2019,0.708969851031245,0.506101305508309,6.67333389683389e-5,1370.476517,1505.41294,1857.056,0.709365579,982.7333305828868
1790,937.96,0.708417379025957,0.514703816175985,1875.92,2019_kk_088,Kusko,2019,0.708983276817463,0.506100835623894,-4.69884415044142e-7,1370.476517,1505.41294,1857.056,0.709365579,982.7333305828868
1791,938.484,0.707502707289109,0.513500555604912,1876.968,2019_kk_088,Kusko,2019,0.708989697674511,0.506014636082318,-8.61995415767369e-5,1370.476517,1505.41294,1857.056,0.709365579,982.7333305828868
1792,939.008,0.707476569460044,0.510804613850099,1878.016,2019_kk_088,Kusko,2019,0.708994552384053,0.506038623055118,2.39869728002606e-5,1370.476517,1505.41294,1857.056,0.709365579,982.7333305828868
1793,939.532,0.709364662919544,0.513946724191315,1879.064,2019_kk_088,Kusko,2019,0.708980922813376,0.506134075261856,9.54522067383445e-5,1370.476517,1505.41294,1857.056,0.709365579,982.7333305828868
1794,940.056,0.708095987682983,0.519955013362499,1880.112,2019_kk_088,Kusko,2019,0.708958018311095,0.506391330913414,2.572556515582e-4,1370.476517,1505.41294,1857.056,0.709365579,982.7333305828868
1795,940.58,0.710640426149585,0.509742221218738,1881.16,2019_kk_088,Kusko,2019,0.708976543112216,0.506585963043519,1.9463213010406e-4,1370.476517,1505.41294,1857.056,0.709365579,982.7333305828868
1796,941.104,0.707631453871843,0.514814481202106,1882.208,2019_kk_088,Kusko,2019,0.709003501157531,0.506759331878591,1.7336883507257e-4,1370.476517,1505.41294,1857.056,0.709365579,982.7333305828868
1797,941.628,0.711400404082178,0.510495536799479,1883.256,2019_kk_088,Kusko,2019,0.708973841620219,0.506876611056544,1.1727917795323e-4,1370.476517,1505.41294,1857.056,0.709365579,982.7333305828868
1798,942.152,0.708988037911416,0.507594214385742,1884.304,2019_kk_088,Kusko,2019,0.708981423598968,0.506915076668044,3.84656114996718e-5,1370.476517,1505.41294,1857.056,0.709365579,982.7333305828868
1799,942.676,0.709915761544264,0.50609518728519,1885.352,2019_kk_088,Kusko,2019,0.708991895269197,0.50696719300176,5.21163337156016e-5,1370.476517,1505.41294,1857.056,0.709365579,982.7333305828868
1800,943.2,0.709017131723224,0.498818464981658,1886.4,2019_kk_088,Kusko,2019,0.7090203994721,0.507039817753956,7.26247521959378e-5,1370.476517,1505.41294,1857.056,0.709365579,982.7333305828868
1801,943.724,0.709640385386361,0.499203419561809,1887.448,2019_kk_088,Kusko,2019,0.709059788471777,0.506855966614244,-1.838511397112e-4,1370.476517,1505.41294,1857.056,0.709365579,982.7333305828868
1802,944.248,0.707128599251359,0.494280086225423,1888.496,2019_kk_088,Kusko,2019,0.70904929865686706,0.506530275004201,-3.2569161004347e-4,1370.476517,1505.41294,1857.056,0.709365579,982.7333305828868
1803,944.772,0.709591549252441,0.497462738072122,1889.544,2019_kk_088,Kusko,2019,0.709024761020008,0.506253995204675,-2.7627979952604e-4,1370.476517,1505.41294,1857.056,0.709365579,982.7333305828868
1804,945.296,0.709903952181087,0.498288199196218,1890.592,2019_kk_088,Kusko,2019,0.708998320497576,0.505910884420365,-3.4311078431015e-4,1370.476517,1505.41294,1857.056,0.709365579,982.7333305828868
1805,945.82,0.707788046250255,0.495022149997746,1891.64,2019_kk_088,Kusko,2019,0.709017054992172,0.505443107181842,-4.6777723852287e-4,1370.476517,1505.41294,1857.056,0.709365579,982.7333305828868
1806,946.344,0.709093443069795,0.493654305438258,1892.688,2019_kk_088,Kusko,2019,0.7089920101235,0.505053914100244,-3.8919308159812e-4,1370.476517,1505.41294,1857.056,0.709365579,982.7333305828868
1807,946.868,0.710619618248954,0.486584181231941,1893.736,2019_kk_088,Kusko,2019,0.709019630432263,0.504721091938662,-3.3282216158203e-4,1370.476517,1505.41294,1857.056,0.709365579,982.7333305828868
1808,947.392,0.708746927126466,0.48672212914737,1894.784,2019_kk_088,Kusko,2019,0.709021673929894,0.5044224676348,-2.9862430386162e-4,1370.476517,1505.41294,1857.056,0.709365579,982.7333305828868
1809,947.916,0.708781953414086,0.495624940943318,1895.832,2019_kk_088,Kusko,2019,0.709097789362008,0.504222801932832,-1.9966570196838e-4,1370.476517,1505.41294,1857.056,0.709365579,982.7333305828868
1810,948.44,0.709493036436898,0.494160640312863,1896.88,2019_kk_088,Kusko,2019,0.709124683446657,0.504226883251071,4.08131823959046e-6,1370.476517,1505.41294,1857.056,0.709365579,982.7333305828868
1811,948.964,0.707290988901487,0.495165349238767,1897.928,2019_kk_088,Kusko,2019,0.709112627851995,0.504184109674603,-4.27735764685355e-5,1370.476517,1505.41294,1857.056,0.709365579,982.7333305828868
1812,949.488,0.710060604307636,0.500251609183611,1898.976,2019_kk_088,Kusko,2019,0.709127520350024,0.504044795907328,-1.393137672746e-4,1370.476517,1505.41294,1857.056,0.709365579,982.7333305828868
1813,950.012,0.707755346328249,0.497612216042608,1900.024,2019_kk_088,Kusko,2019,0.709114935473778,0.50371272719807,-3.3206870925828e-4,1370.476517,1505.41294,1857.056,0.709365579,982.7333305828868
1814,950.536,0.70961682007854,0.496517383490133,1901.072,2019_kk_088,Kusko,2019,0.709074685284303,0.503507200961436,-2.0552623663339e-4,1370.476517,1505.41294,1857.056,0.709365579,982.7333305828868
1815,951.06,0.710146414687716,0.499413876191489,1902.12,2019_kk_088,Kusko,2019,0.709085092341578,0.503360587310543,-1.4661365089385e-4,1370.476517,1505.41294,1857.056,0.709365579,982.7333305828868
1816,951.584,0.70815367535084806,0.497079708530051,1903.168,2019_kk_088,Kusko,2019,0.709049897039682,0.503139077089263,-2.2151022127991e-4,1370.476517,1505.41294,1857.056,0.709365579,982.7333305828868
1817,952.108,0.707388150992575,0.497956231633265,1904.216,2019_kk_088,Kusko,2019,0.709103420994647,0.502744913206834,-3.9416388242863e-4,1370.476517,1505.41294,1857.056,0.709365579,982.7333305828868
1818,952.632,0.708665754463582,0.503630676062213,1905.264,2019_kk_088,Kusko,2019,0.709021412023489,0.502333912487289,-4.1100071954469e-4,1370.476517,1505.41294,1857.056,0.709365579,982.7333305828868
1819,953.156,0.707489116558497,0.507460352573658,1906.312,2019_kk_088,Kusko,2019,0.709054157642835,0.50218152650599,-1.5238598129951e-4,1370.476517,1505.41294,1857.056,0.709365579,982.7333305828868
1820,953.68,0.711138263648349,0.500768764438901,1907.36,2019_kk_088,Kusko,2019,0.709078033189494,0.502121022156302,-6.0504349687851e-5,1370.476517,1505.41294,1857.056,0.709365579,982.7333305828868
1821,954.204,0.709438650907792,0.496077892393571,1908.408,2019_kk_088,Kusko,2019,0.709098606538659,0.502178949381203,5.79272249007223e-5,1370.476517,1505.41294,1857.056,0.709365579,982.7333305828868
1822,954.728,0.708438002577123,0.49986721989404,1909.456,2019_kk_088,Kusko,2019,0.709128668114476,0.50219317413385,1.42247526471184e-5,1370.476517,1505.41294,1857.056,0.709365579,982.7333305828868
1823,955.252,0.70831525509645,0.502075690282377,1910.504,2019_kk_088,Kusko,2019,0.70916632354867,0.502215458691788,2.22845579385123e-5,1370.476517,1505.41294,1857.056,0.709365579,982.7333305828868
1824,955.776,0.708280626445294,0.507244419107115,1911.552,2019_kk_088,Kusko,2019,0.709185459530128,0.502286397841756,7.0939149968030107e-05,1370.476517,1505.41294,1857.056,0.709365579,982.7333305828868
1825,956.3,0.70937083366688,0.503932756499087,1912.6,2019_kk_088,Kusko,2019,0.709157644151505,0.502351480398544,6.50825567873881e-5,1370.476517,1505.41294,1857.056,0.709365579,982.7333305828868
1826,956.824,0.708443551125207,0.501192914928237,1913.648,2019_kk_088,Kusko,2019,0.709204701695535,0.502261453734699,-9.00266638449443e-5,1370.476517,1505.41294,1857.056,0.709365579,982.7333305828868
1827,957.348,0.70928197469942,0.506230685708112,1914.696,2019_kk_088,Kusko,2019,0.709168887279129,0.502241133976096,-2.0319758602394e-5,1370.476517,1505.41294,1857.056,0.709365579,982.7333305828868
1828,957.872,0.709794188162066,0.498947955267018,1915.744,2019_kk_088,Kusko,2019,0.709141967181631,0.502334626970858,9.34929947616903e-5,1370.476517,1505.41294,1857.056,0.709365579,982.7333305828868
1829,958.396,0.710190617151777,0.501911074560999,1916.792,2019_kk_088,Kusko,2019,0.709113482588965,0.502546427359252,2.1180038839385e-4,1370.476517,1505.41294,1857.056,0.709365579,982.7333305828868
1830,958.92,0.71080397580918,0.504774928507836,1917.84,2019_kk_088,Kusko,2019,0.709084749590383,0.502873242564414,3.2681520516242e-4,1370.476517,1505.41294,1857.056,0.709365579,982.7333305828868
1831,959.444,0.71020782422937,0.498377350985298,1918.888,2019_kk_088,Kusko,2019,0.709012795566077,0.503072934920313,1.9969235589822e-4,1370.476517,1505.41294,1857.056,0.709365579,982.7333305828868
1832,959.968,0.709628820376109,0.504345153572135,1919.936,2019_kk_088,Kusko,2019,0.709072059529836,0.503274999200996,2.0206428068347e-4,1370.476517,1505.41294,1857.056,0.709365579,982.7333305828868
1833,960.492,0.707817089692616,0.507704884322402,1920.984,2019_kk_088,Kusko,2019,0.709085665797075,0.50323594503614,-3.90541648561671e-5,1370.476517,1505.41294,1857.056,0.709365579,982.7333305828868
1834,961.016,0.708709479618687,0.502948071712279,1922.032,2019_kk_088,Kusko,2019,0.709103410567777,0.503233783073359,-2.16196278124414e-6,1370.476517,1505.41294,1857.056,0.709365579,982.7333305828868
1835,961.54,0.708195261126717,0.501550775537127,1923.08,2019_kk_088,Kusko,2019,0.709093136611342,0.50308686825586,-1.469148174984e-4,1370.476517,1505.41294,1857.056,0.709365579,982.7333305828868
1836,962.064,0.708779314830949,0.497967483320063,1924.128,2019_kk_088,Kusko,2019,0.709118747160189,0.502941117776749,-1.4575047911125e-4,1370.476517,1505.41294,1857.056,0.709365579,982.7333305828868
1837,962.588,0.709698277973699,0.497450307050337,1925.176,2019_kk_088,Kusko,2019,0.709119228136978,0.502987587332619,4.64695558695105e-5,1370.476517,1505.41294,1857.056,0.709365579,982.7333305828868
1838,963.112,0.709182830229752,0.500612081986341,1926.224,2019_kk_088,Kusko,2019,0.709139031201004,0.503351625141721,3.6403780910288e-4,1370.476517,1505.41294,1857.056,0.709365579,982.7333305828868
1839,963.636,0.710910115530486,0.501799860037471,1927.272,2019_kk_088,Kusko,2019,0.709115546815108,0.503564013076292,2.123879345709e-4,1370.476517,1505.41294,1857.056,0.709365579,982.7333305828868
1840,964.16,0.710353363137114,0.507959283869617,1928.32,2019_kk_088,Kusko,2019,0.709096952771021,0.5037039162543,1.3990317800771e-4,1370.476517,1505.41294,1857.056,0.709365579,982.7333305828868
1841,964.684,0.710030363388621,0.506458926845201,1929.368,2019_kk_088,Kusko,2019,0.709103988869721,0.503845356481653,1.4144022735296e-4,1370.476517,1505.41294,1857.056,0.709365579,982.7333305828868
1842,965.208,0.710258876360454,0.505477607885805,1930.416,2019_kk_088,Kusko,2019,0.709039817646204,0.503877236064705,3.18795830518415e-5,1370.476517,1505.41294,1857.056,0.709365579,982.7333305828868
1843,965.732,0.708249244716327,0.500849487338221,1931.464,2019_kk_088,Kusko,2019,0.709062816472668,0.504049245798928,1.7200973422271e-4,1370.476517,1505.41294,1857.056,0.709365579,982.7333305828868
1844,966.256,0.708946220068469,0.503794331007037,1932.512,2019_kk_088,Kusko,2019,0.709067333745962,0.504305490285529,2.5624448660122e-4,1370.476517,1505.41294,1857.056,0.709365579,982.7333305828868
1845,966.78,0.709021901887067,0.507633780736311,1933.56,2019_kk_088,Kusko,2019,0.709039540924247,0.504350931617384,4.54413318548008e-5,1370.476517,1505.41294,1857.056,0.709365579,982.7333305828868
1846,967.304,0.707494859282794,0.501952004005448,1934.608,2019_kk_088,Kusko,2019,0.709036067449984,0.50433143178515,-1.94998322338158e-5,1370.476517,1505.41294,1857.056,0.709365579,982.7333305828868
1847,967.828,0.710412406000243,0.499867516444951,1935.656,2019_kk_088,Kusko,2019,0.709075636432862,0.504315395747634,-1.60360375156543e-5,1370.476517,1505.41294,1857.056,0.709365579,982.7333305828868
1848,968.352,0.706306439787252,0.497508319548735,1936.704,2019_kk_088,Kusko,2019,0.709113179410493,0.504307165669088,-8.23007854577895e-6,1370.476517,1505.41294,1857.056,0.709365579,982.7333305828868
1849,968.876,0.709745927096832,0.507049040436689,1937.752,2019_kk_088,Kusko,2019,0.709149211704488,0.504271476948371,-3.56887207176859e-5,1370.476517,1505.41294,1857.056,0.709365579,982.7333305828868
1850,969.4,0.709849911825513,0.51107355519471,1938.8,2019_kk_088,Kusko,2019,0.709135462208437,0.504404470889403,1.3299394103238e-4,1370.476517,1505.41294,1857.056,0.709365579,982.7333305828868
1851,969.924,0.708737108239009,0.516976189098959,1939.848,2019_kk_088,Kusko,2019,0.709098649953054,0.504559638056273,1.551671668698e-4,1370.476517,1505.41294,1857.056,0.709365579,982.7333305828868
1852,970.448,0.70928026400902,0.511658099008924,1940.896,2019_kk_088,Kusko,2019,0.709132107578839,0.504677511357251,1.1787330097812e-4,1370.476517,1505.41294,1857.056,0.709365579,982.7333305828868
1853,970.972,0.711623988971205,0.515283797667625,1941.944,2019_kk_088,Kusko,2019,0.709127548826894,0.504861083095296,1.8357173804473e-4,1370.476517,1505.41294,1857.056,0.709365579,982.7333305828868
1854,971.496,0.709244146570475,0.524211362360585,1942.992,2019_kk_088,Kusko,2019,0.709137881792385,0.504895251025929,3.41679306333775e-5,1370.476517,1505.41294,1857.056,0.709365579,982.7333305828868
1855,972.02,0.708971503432195,0.51364717462598,1944.04,2019_kk_088,Kusko,2019,0.709087182244009,0.505019120069975,1.2386904404548e-4,1370.476517,1505.41294,1857.056,0.709365579,982.7333305828868
1856,972.544,0.71045490651363,0.509412881371404,1945.088,2019_kk_088,Kusko,2019,0.70907581947594,0.505120062737393,1.0094266741811e-4,1370.476517,1505.41294,1857.056,0.709365579,982.7333305828868
1857,973.068,0.709251539097854,0.509276351283341,1946.136,2019_kk_088,Kusko,2019,0.709084253640057,0.505091415882147,-2.86468552453956e-5,1370.476517,1505.41294,1857.056,0.709365579,982.7333305828868
1858,973.592,0.707372832061508,0.513203794071443,1947.184,2019_kk_088,Kusko,2019,0.709114445857367,0.505227791941752,1.3637605960481e-4,1370.476517,1505.41294,1857.056,0.709365579,982.7333305828868
1859,974.116,0.708206685984318,0.518803210588818,1948.232,2019_kk_088,Kusko,2019,0.70909062530409,0.505290931924368,6.31399826164225e-5,1370.476517,1505.41294,1857.056,0.709365579,982.7333305828868
1860,974.64,0.707293151808324,0.518427377291403,1949.28,2019_kk_088,Kusko,2019,0.709081876835819,0.505470790234918,1.7985831054945e-4,1370.476517,1505.41294,1857.056,0.709365579,982.7333305828868
1861,975.164,0.705323143927988,0.511184960915708,1950.328,2019_kk_088,Kusko,2019,0.709067202270371,0.505687075577679,2.1628534276096e-4,1370.476517,1505.41294,1857.056,0.709365579,982.7333305828868
1862,975.688,0.710684437076882,0.506403943066427,1951.376,2019_kk_088,Kusko,2019,0.709061608068164,0.505869654886479,1.8257930879983e-4,1370.476517,1505.41294,1857.056,0.709365579,982.7333305828868
1863,976.212,0.710407925286806,0.495119488180759,1952.424,2019_kk_088,Kusko,2019,0.709089613770442,0.505990728636751,1.2107375027214e-4,1370.476517,1505.41294,1857.056,0.709365579,982.7333305828868
1864,976.736,0.71096863842322,0.49815848142934,1953.472,2019_kk_088,Kusko,2019,0.709102371161496,0.506146646479671,1.5591784292046e-4,1370.476517,1505.41294,1857.056,0.709365579,982.7333305828868
1865,977.26,0.707171608864138,0.486207260947841,1954.52,2019_kk_088,Kusko,2019,0.709117569575989,0.506350811323928,2.0416484425656e-4,1370.476517,1505.41294,1857.056,0.709365579,982.7333305828868
1866,977.784,0.710630076000586,0.484909276691587,1955.568,2019_kk_088,Kusko,2019,0.709101840239344,0.506516384159872,1.655728359442e-4,1370.476517,1505.41294,1857.056,0.709365579,982.7333305828868
1867,978.308,0.710648476856285,0.489372354584108,1956.616,2019_kk_088,Kusko,2019,0.70908672484399,0.506637083889724,1.2069972985173e-4,1370.476517,1505.41294,1857.056,0.709365579,982.7333305828868
1868,978.832,0.709935110968056,0.508564397693546,1957.664,2019_kk_088,Kusko,2019,0.709112865102868,0.50673762258187,1.0053869214643e-4,1370.476517,1505.41294,1857.056,0.709365579,982.7333305828868
1869,979.356,0.707372890260305,0.508368217017569,1958.712,2019_kk_088,Kusko,2019,0.709079421759326,0.506875699011428,1.3807642955743e-4,1370.476517,1505.41294,1857.056,0.709365579,982.7333305828868
1870,979.88,0.708377393791718,0.502554830993328,1959.76,2019_kk_088,Kusko,2019,0.709072492655075,0.507060241162846,1.8454215141827e-4,1370.476517,1505.41294,1857.056,0.709365579,982.7333305828868
1871,980.404,0.707713154823449,0.503651762879948,1960.808,2019_kk_088,Kusko,2019,0.709078167351041,0.507291698636659,2.3145747381347e-4,1370.476517,1505.41294,1857.056,0.709365579,982.7333305828868
1872,980.928,0.706210330896661,0.502164384166717,1961.856,2019_kk_088,Kusko,2019,0.709048005867035,0.507464114336917,1.7241570025727e-4,1370.476517,1505.41294,1857.056,0.709365579,982.7333305828868
1873,981.452,0.709135275916055,0.507932800095967,1962.904,2019_kk_088,Kusko,2019,0.709055183624364,0.507727507920177,2.6339358326044e-4,1370.476517,1505.41294,1857.056,0.709365579,982.7333305828868
1874,981.976,0.709887856476188,0.511892052686206,1963.952,2019_kk_088,Kusko,2019,0.709091060023582,0.508117949929972,3.9044200979498e-4,1370.476517,1505.41294,1857.056,0.709365579,982.7333305828868
1875,982.5,0.708478845384804,0.502140356102781,1965,2019_kk_088,Kusko,2019,0.709086371648795,0.508534784306207,4.1683437623474e-4,1370.476517,1505.41294,1857.056,0.709365579,982.7333305828868
1876,983.024,0.707945266895068,0.495909718596022,1966.048,2019_kk_088,Kusko,2019,0.709089696476907,0.509186608351216,6.5182404500885e-4,1370.476517,1505.41294,1857.056,0.709365579,982.7333305828868
1877,983.548,0.709762289965266,0.496994069382322,1967.096,2019_kk_088,Kusko,2019,0.709043411430122,0.509723818770221,5.3721041900511e-4,1370.476517,1505.41294,1857.056,0.709365579,982.7333305828868
1878,984.072,0.710918333121424,0.503136871349466,1968.144,2019_kk_088,Kusko,2019,0.709099917799627,0.510339987219304,6.1616844908341e-4,1370.476517,1505.41294,1857.056,0.709365579,982.7333305828868
1879,984.596,0.7096510541982,0.505319029330603,1969.192,2019_kk_088,Kusko,2019,0.709083039869336,0.510806869299743,4.6688208043832e-4,1370.476517,1505.41294,1857.056,0.709365579,982.7333305828868
1880,985.12,0.710313293885299,0.508748400900845,1970.24,2019_kk_088,Kusko,2019,0.709113841930309,0.511141365473,3.3449617325698e-4,1370.476517,1505.41294,1857.056,0.709365579,982.7333305828868
1881,985.644,0.707229915584781,0.505387922405755,1971.288,2019_kk_088,Kusko,2019,0.709121373372875,0.511359719347237,2.1835387423785e-4,1370.476517,1505.41294,1857.056,0.709365579,982.7333305828868
1882,986.168,0.71044546012424,0.506939617952727,1972.336,2019_kk_088,Kusko,2019,0.709143219140223,0.511679177060784,3.1945771354702e-4,1370.476517,1505.41294,1857.056,0.709365579,982.7333305828868
1883,986.692,0.708041729979737,0.513089994565063,1973.384,2019_kk_088,Kusko,2019,0.709118068974779,0.511788226792449,1.0904973166425e-4,1370.476517,1505.41294,1857.056,0.709365579,982.7333305828868
1884,987.216,0.708900604374757,0.50929449494512,1974.432,2019_kk_088,Kusko,2019,0.709114996040947,0.511585503199099,-2.0272359334982e-4,1370.476517,1505.41294,1857.056,0.709365579,982.7333305828868
1885,987.74,0.706328860764329,0.511364899141818,1975.48,2019_kk_088,Kusko,2019,0.709122590204994,0.511571619921672,-1.3883277426574e-5,1370.476517,1505.41294,1857.056,0.709365579,982.7333305828868
1886,988.264,0.707761785041103,0.507249474973321,1976.528,2019_kk_088,Kusko,2019,0.709118626728621,0.511572393351347,7.7342967508276e-7,1370.476517,1505.41294,1857.056,0.709365579,982.7333305828868
1887,988.788,0.709788024546445,0.50451187439339,1977.576,2019_kk_088,Kusko,2019,0.709123394456129,0.511533566728446,-3.88266229014445e-5,1370.476517,1505.41294,1857.056,0.709365579,982.7333305828868
1888,989.312,0.71160572120064,0.507130518843303,1978.624,2019_kk_088,Kusko,2019,0.70915783388517,0.511364334983032,-1.6923174541372e-4,1370.476517,1505.41294,1857.056,0.709365579,982.7333305828868
1889,989.836,0.708761383955139,0.505699473517984,1979.672,2019_kk_088,Kusko,2019,0.709138165665882,0.511129524550493,-2.3481043253947e-4,1370.476517,1505.41294,1857.056,0.709365579,982.7333305828868
1890,990.36,0.710279067712915,0.515566427140808,1980.72,2019_kk_088,Kusko,2019,0.709170904450314,0.510861480891729,-2.6804365876365e-4,1370.476517,1505.41294,1857.056,0.709365579,982.7333305828868
1891,990.884,0.709327350302533,0.511354471550955,1981.768,2019_kk_088,Kusko,2019,0.709281380137768,0.510843699512382,-1.77813793476034e-5,1370.476517,1505.41294,1857.056,0.709365579,982.7333305828868
1892,991.408,0.709293168243639,0.515299912100127,1982.816,2019_kk_088,Kusko,2019,0.709219735865863,0.510964628655937,1.2092914355543e-4,1370.476517,1505.41294,1857.056,0.709365579,982.7333305828868
1893,991.932,0.709497431829348,0.514969309338729,1983.864,2019_kk_088,Kusko,2019,0.709192996045124,0.511614642443921,6.5001378798423e-4,1370.476517,1505.41294,1857.056,0.709365579,982.7333305828868
1894,992.456,0.709474923081872,0.512303142287508,1984.912,2019_kk_088,Kusko,2019,0.709151018613498,0.512309473484779,6.9483104085788e-4,1370.476517,1505.41294,1857.056,0.709365579,982.7333305828868
1895,992.98,0.70910716599634,0.513800666192521,1985.96,2019_kk_088,Kusko,2019,0.709210706131938,0.513077781901731,7.6830841695196e-4,1370.476517,1505.41294,1857.056,0.709365579,982.7333305828868
1896,993.504,0.70783555463224,0.507901853476717,1987.008,2019_kk_088,Kusko,2019,0.709179889190259,0.513685458791925,6.0767689019403e-4,1370.476517,1505.41294,1857.056,0.709365579,982.7333305828868
1897,994.028,0.708791354252457,0.504692290841443,1988.056,2019_kk_088,Kusko,2019,0.709132528807898,0.51411972351769,4.3426472576513e-4,1370.476517,1505.41294,1857.056,0.709365579,982.7333305828868
1898,994.552,0.710751245762434,0.506644403515124,1989.104,2019_kk_088,Kusko,2019,0.709123461223794,0.514128491360969,8.7678432785232e-6,1370.476517,1505.41294,1857.056,0.709365579,982.7333305828868
1899,995.076,0.708903514917991,0.510084445810921,1990.152,2019_kk_088,Kusko,2019,0.709176836567494,0.51409969672962,-2.87946313489718e-5,1370.476517,1505.41294,1857.056,0.709365579,982.7333305828868
1900,995.6,0.709937616881997,0.519031812954712,1991.2,2019_kk_088,Kusko,2019,0.709196480995835,0.51409987971924,1.82989619901264e-7,1370.476517,1505.41294,1857.056,0.709365579,982.7333305828868
1901,996.124,0.710370845146583,0.520346375274007,1992.248,2019_kk_088,Kusko,2019,0.709223143648237,0.514104731284821,4.85156558138744e-6,1370.476517,1505.41294,1857.056,0.709365579,982.7333305828868
1902,996.648,0.708449187320096,0.515822549901244,1993.296,2019_kk_088,Kusko,2019,0.709263961846395,0.514151342081026,4.66107962049378e-5,1370.476517,1505.41294,1857.056,0.709365579,982.7333305828868
1903,997.172,0.708679910156073,0.516653102333845,1994.344,2019_kk_088,Kusko,2019,0.709255243112761,0.514216326186273,6.49841052468014e-5,1370.476517,1505.41294,1857.056,0.709365579,982.7333305828868
1904,997.696,0.711098804021587,0.527220851594739,1995.392,2019_kk_088,Kusko,2019,0.709256176006256,0.514071673212287,-1.4465297398613e-4,1370.476517,1505.41294,1857.056,0.709365579,982.7333305828868
1905,998.22,0.70874059939983,0.532643843310396,1996.44,2019_kk_088,Kusko,2019,0.709280184782764,0.514218693339378,1.4702012709166e-4,1370.476517,1505.41294,1857.056,0.709365579,982.7333305828868
1906,998.744,0.707694348969538,0.54106144670598,1997.488,2019_kk_088,Kusko,2019,0.709290434930495,0.514640244421454,4.2155108207564e-4,1370.476517,1505.41294,1857.056,0.709365579,982.7333305828868
1907,999.268,0.707635303193105,0.532100141585254,1998.536,2019_kk_088,Kusko,2019,0.70924896872461,0.514981720189316,3.4147576786181e-4,1370.476517,1505.41294,1857.056,0.709365579,982.7333305828868
1908,999.792,0.709696821957548,0.534478426493744,1999.584,2019_kk_088,Kusko,2019,0.709216797965937,0.515182512832092,2.007926427765e-4,1370.476517,1505.41294,1857.056,0.709365579,982.7333305828868
1909,1000.316,0.70873325127938,0.53506196526299,2000.632,2019_kk_088,Kusko,2019,0.709201720651458,0.515267810448182,8.52976160898855e-5,1370.476517,1505.41294,1857.056,0.709365579,982.7333305828868
1910,1000.84,0.711698035483885,0.531143325590127,2001.68,2019_kk_088,Kusko,2019,0.709214567271014,0.515346213438947,7.8402990765114e-5,1370.476517,1505.41294,1857.056,0.709365579,982.7333305828868
1911,1001.364,0.709188994792996,0.530077421553229,2002.728,2019_kk_088,Kusko,2019,0.709216656338848,0.515504580628816,1.5836718986872e-4,1370.476517,1505.41294,1857.056,0.709365579,982.7333305828868
1912,1001.888,0.710591010049886,0.530825561821745,2003.776,2019_kk_088,Kusko,2019,0.70919393984371,0.515618499250065,1.1391862124898e-4,1370.476517,1505.41294,1857.056,0.709365579,982.7333305828868
1913,1002.412,0.710114979044562,0.521826781567483,2004.824,2019_kk_088,Kusko,2019,0.709177345946495,0.515677521466521,5.90222164557064e-5,1370.476517,1505.41294,1857.056,0.709365579,982.7333305828868
1914,1002.936,0.709059770540565,0.512047946759596,2005.872,2019_kk_088,Kusko,2019,0.709198985379315,0.515685970454876,8.44898835539176e-6,1370.476517,1505.41294,1857.056,0.709365579,982.7333305828868
1915,1003.46,0.709427153275026,0.512814177980381,2006.92,2019_kk_088,Kusko,2019,0.709202719969248,0.515675535502908,-1.04349519685076e-5,1370.476517,1505.41294,1857.056,0.709365579,982.7333305828868
1916,1003.984,0.710217097931234,0.509459287151913,2007.968,2019_kk_088,Kusko,2019,0.709223158342942,0.515692206745555,1.66712426479254e-5,1370.476517,1505.41294,1857.056,0.709365579,982.7333305828868
1917,1004.508,0.70953760274831,0.506946753909256,2009.016,2019_kk_088,Kusko,2019,0.709229222064434,0.515808663403658,1.1645665810233e-4,1370.476517,1505.41294,1857.056,0.709365579,982.7333305828868
1918,1005.032,0.709439197803994,0.503049889346614,2010.064,2019_kk_088,Kusko,2019,0.709191528628686,0.515815424853571,6.76144991329508e-6,1370.476517,1505.41294,1857.056,0.709365579,982.7333305828868
1919,1005.556,0.70702659282705,0.504714584636455,2011.112,2019_kk_088,Kusko,2019,0.70920775822665,0.515868764551959,5.33396983875001e-5,1370.476517,1505.41294,1857.056,0.709365579,982.7333305828868
1920,1006.08,0.709257478874234,0.502344757765585,2012.16,2019_kk_088,Kusko,2019,0.709194448698761,0.515759211188435,-1.095533635238e-4,1370.476517,1505.41294,1857.056,0.709365579,982.7333305828868
1921,1006.604,0.711951685175227,0.510118078154848,2013.208,2019_kk_088,Kusko,2019,0.709162196444158,0.515719762918577,-3.94482698581333e-5,1370.476517,1505.41294,1857.056,0.709365579,982.7333305828868
1922,1007.128,0.706985780762559,0.513659691679756,2014.256,2019_kk_088,Kusko,2019,0.709146928342368,0.515601203603713,-1.1855931486404e-4,1370.476517,1505.41294,1857.056,0.709365579,982.7333305828868
1923,1007.652,0.708803536042495,0.534120315459812,2015.304,2019_kk_088,Kusko,2019,0.709152845165111,0.515546970394008,-5.42332097047682e-5,1370.476517,1505.41294,1857.056,0.709365579,982.7333305828868
1924,1008.176,0.708449992525645,0.539848343880811,2016.352,2019_kk_088,Kusko,2019,0.70916136836288,0.515568134171715,2.11637777073337e-5,1370.476517,1505.41294,1857.056,0.709365579,982.7333305828868
1925,1008.7,0.71075285997051,0.532305765964961,2017.4,2019_kk_088,Kusko,2019,0.70916661441899,0.515589600575977,2.14664042615942e-5,1370.476517,1505.41294,1857.056,0.709365579,982.7333305828868
1926,1009.224,0.708781059499856,0.521369890103227,2018.448,2019_kk_088,Kusko,2019,0.709184323134731,0.515955887231102,3.6628665512483e-4,1370.476517,1505.41294,1857.056,0.709365579,982.7333305828868
1927,1009.748,0.707806853914628,0.515428238130016,2019.496,2019_kk_088,Kusko,2019,0.709220566314757,0.516251652778603,2.957655475011e-4,1370.476517,1505.41294,1857.056,0.709365579,982.7333305828868
1928,1010.272,0.709391055921843,0.509090468290258,2020.544,2019_kk_088,Kusko,2019,0.709180901863359,0.516374774122245,1.2312134364234e-4,1370.476517,1505.41294,1857.056,0.709365579,982.7333305828868
1929,1010.796,0.710575410882316,0.50664053913663,2021.592,2019_kk_088,Kusko,2019,0.709201174836788,0.516451634376101,7.68602538561147e-5,1370.476517,1505.41294,1857.056,0.709365579,982.7333305828868
1930,1011.32,0.709556059492135,0.502565810370518,2022.64,2019_kk_088,Kusko,2019,0.709173090779,0.516236697452783,-2.1493692331864e-4,1370.476517,1505.41294,1857.056,0.709365579,982.7333305828868
1931,1011.844,0.709312913967573,0.50394285681483,2023.688,2019_kk_088,Kusko,2019,0.709175718397564,0.515892763771008,-3.4393368177487e-4,1370.476517,1505.41294,1857.056,0.709365579,982.7333305828868
1932,1012.368,0.708659422786164,0.504961031939012,2024.736,2019_kk_088,Kusko,2019,0.709158596100961,0.515603269326802,-2.8949444420567e-4,1370.476517,1505.41294,1857.056,0.709365579,982.7333305828868
1933,1012.892,0.708612151898033,0.51183184641078,2025.784,2019_kk_088,Kusko,2019,0.709114658507414,0.515185597060727,-4.1767226607469e-4,1370.476517,1505.41294,1857.056,0.709365579,982.7333305828868
1934,1013.416,0.709943830085875,0.503212874247037,2026.832,2019_kk_088,Kusko,2019,0.709099395411763,0.51463645125241,-5.4914580831688e-4,1370.476517,1505.41294,1857.056,0.709365579,982.7333305828868
1935,1013.94,0.709919371975267,0.510961563728281,2027.88,2019_kk_088,Kusko,2019,0.709122846557691,0.51401536058812,-6.2109066429005e-4,1370.476517,1505.41294,1857.056,0.709365579,982.7333305828868
1936,1014.464,0.708560275758921,0.521202783520554,2028.928,2019_kk_088,Kusko,2019,0.709122179220268,0.513418164012617,-5.9719657550372e-4,1370.476517,1505.41294,1857.056,0.709365579,982.7333305828868
1937,1014.988,0.707274317612152,0.517482615454038,2029.976,2019_kk_088,Kusko,2019,0.709147258016958,0.513012265641474,-4.0589837114279e-4,1370.476517,1505.41294,1857.056,0.709365579,982.7333305828868
1938,1015.512,0.708988087601043,0.515184429916051,2031.024,2019_kk_088,Kusko,2019,0.709142177346322,0.512464919415333,-5.4734622614038e-4,1370.476517,1505.41294,1857.056,0.709365579,982.7333305828868
1939,1016.036,0.708746415329501,0.510436886295998,2032.072,2019_kk_088,Kusko,2019,0.70911876542904,0.511948550215812,-5.1636919952136e-4,1370.476517,1505.41294,1857.056,0.709365579,982.7333305828868
1940,1016.56,0.71108409105862,0.51345258034675,2033.12,2019_kk_088,Kusko,2019,0.709074871917613,0.511425028123328,-5.2352209248385e-4,1370.476517,1505.41294,1857.056,0.709365579,982.7333305828868
1941,1017.084,0.707355259654848,0.514889953797881,2034.168,2019_kk_088,Kusko,2019,0.709076667898305,0.510986466712256,-4.3856141107234e-4,1370.476517,1505.41294,1857.056,0.709365579,982.7333305828868
1942,1017.608,0.70908247041595,0.513774735227666,2035.216,2019_kk_088,Kusko,2019,0.709071761400036,0.51048534697658,-5.0111973567579e-4,1370.476517,1505.41294,1857.056,0.709365579,982.7333305828868
1943,1018.132,0.707046096146855,0.516631327552401,2036.264,2019_kk_088,Kusko,2019,0.709078534559823,0.510121232522608,-3.6411445397188e-4,1370.476517,1505.41294,1857.056,0.709365579,982.7333305828868
1944,1018.656,0.710198970343965,0.509801434246446,2037.312,2019_kk_088,Kusko,2019,0.709086741819006,0.510037535812909,-8.36967096996544e-5,1370.476517,1505.41294,1857.056,0.709365579,982.7333305828868
1945,1019.18,0.70655293616026,0.510738802023712,2038.36,2019_kk_088,Kusko,2019,0.709123219136063,0.509946520737543,-9.10150753655747e-5,1370.476517,1505.41294,1857.056,0.709365579,982.7333305828868
1946,1019.704,0.708988087462768,0.50824974953219,2039.408,2019_kk_088,Kusko,2019,0.709135291464196,0.509892532417164,-5.39883203790614e-5,1370.476517,1505.41294,1857.056,0.709365579,982.7333305828868
1947,1020.228,0.710151847835957,0.511499273879536,2040.456,2019_kk_088,Kusko,2019,0.709149386672681,0.509909194656483,1.66622393188431e-5,1370.476517,1505.41294,1857.056,0.709365579,982.7333305828868
1948,1020.752,0.709344115055772,0.507536205838096,2041.504,2019_kk_088,Kusko,2019,0.709121359265191,0.509971952166037,6.2757509554423e-5,1370.476517,1505.41294,1857.056,0.709365579,982.7333305828868
1949,1021.276,0.709735159832958,0.50889985542124,2042.552,2019_kk_088,Kusko,2019,0.709190321771979,0.509960184269798,-1.17678962396894e-5,1370.476517,1505.41294,1857.056,0.709365579,982.7333305828868
1950,1021.8,0.709480496039598,0.508993225329378,2043.6,2019_kk_088,Kusko,2019,0.70915754640128,0.510009339744112,4.91554743148326e-5,1370.476517,1505.41294,1857.056,0.709365579,982.7333305828868
1951,1022.324,0.707392215026358,0.50898757535947,2044.648,2019_kk_088,Kusko,2019,0.709131374964569,0.509847222424162,-1.6211731995019e-4,1370.476517,1505.41294,1857.056,0.709365579,982.7333305828868
1952,1022.848,0.708377082136252,0.508186353208287,2045.696,2019_kk_088,Kusko,2019,0.709166482493358,0.509784336551025,-6.28858731368531e-5,1370.476517,1505.41294,1857.056,0.709365579,982.7333305828868
1953,1023.372,0.709852441193914,0.511715316756441,2046.744,2019_kk_088,Kusko,2019,0.709185353576122,0.509402065747486,-3.8227080353969e-4,1370.476517,1505.41294,1857.056,0.709365579,982.7333305828868
1954,1023.896,0.709986314948043,0.513572968949949,2047.792,2019_kk_088,Kusko,2019,0.709184056730846,0.508822539115859,-5.7952663162708e-4,1370.476517,1505.41294,1857.056,0.709365579,982.7333305828868
1955,1024.42,0.709421929362918,0.515088650448215,2048.84,2019_kk_088,Kusko,2019,0.709129474486655,0.508467457662085,-3.5508145377372e-4,1370.476517,1505.41294,1857.056,0.709365579,982.7333305828868
1956,1024.944,0.708898077576699,0.529879052784211,2049.888,2019_kk_088,Kusko,2019,0.709129060757639,0.50822505525204,-2.4240241004491e-4,1370.476517,1505.41294,1857.056,0.709365579,982.7333305828868
1957,1025.468,0.710965945054003,0.522438223691505,2050.936,2019_kk_088,Kusko,2019,0.709141463225744,0.508057954226882,-1.671010251576e-4,1370.476517,1505.41294,1857.056,0.709365579,982.7333305828868
1958,1025.992,0.708371378678558,0.514031684133665,2051.984,2019_kk_088,Kusko,2019,0.709172262845278,0.508105511686399,4.75574595162342e-5,1370.476517,1505.41294,1857.056,0.709365579,982.7333305828868
1959,1026.516,0.710119893323721,0.514696061042287,2053.032,2019_kk_088,Kusko,2019,0.709144716540115,0.508217516146072,1.1200445967307e-4,1370.476517,1505.41294,1857.056,0.709365579,982.7333305828868
1960,1027.04,0.708252573414749,0.5061355975556,2054.08,2019_kk_088,Kusko,2019,0.709122660821799,0.508325358379272,1.0784223320048e-4,1370.476517,1505.41294,1857.056,0.709365579,982.7333305828868
1961,1027.564,0.710528502260408,0.499710354367513,2055.128,2019_kk_088,Kusko,2019,0.70912114839718,0.508370577377732,4.52189984596618e-5,1370.476517,1505.41294,1857.056,0.709365579,982.7333305828868
1962,1028.088,0.707421849523928,0.498452883248903,2056.176,2019_kk_088,Kusko,2019,0.709120200678083,0.508347291078688,-2.32862990434679e-5,1370.476517,1505.41294,1857.056,0.709365579,982.7333305828868
1963,1028.612,0.70604365454324,0.491592766369359,2057.224,2019_kk_088,Kusko,2019,0.709154483286046,0.508210179217854,-1.3711186083376e-4,1370.476517,1505.41294,1857.056,0.709365579,982.7333305828868
1964,1029.136,0.710183018282528,0.494272103095731,2058.272,2019_kk_088,Kusko,2019,0.709128908989213,0.508134331778399,-7.58474394551012e-5,1370.476517,1505.41294,1857.056,0.709365579,982.7333305828868
1965,1029.66,0.710147668155496,0.495378403452992,2059.32,2019_kk_088,Kusko,2019,0.709084093300492,0.507770819351774,-3.6351242662524e-4,1370.476517,1505.41294,1857.056,0.709365579,982.7333305828868
1966,1030.184,0.707654308724161,0.505229652175755,2060.368,2019_kk_088,Kusko,2019,0.709122914319776,0.507235098903616,-5.3572044815808e-4,1370.476517,1505.41294,1857.056,0.709365579,982.7333305828868
1967,1030.708,0.709140030994517,0.507746239316684,2061.416,2019_kk_088,Kusko,2019,0.709131356154199,0.506772823687524,-4.6227521609221e-4,1370.476517,1505.41294,1857.056,0.709365579,982.7333305828868
1968,1031.232,0.709391981719369,0.501637652925322,2062.464,2019_kk_088,Kusko,2019,0.70914300701318,0.506413697683563,-3.5912600396126e-4,1370.476517,1505.41294,1857.056,0.709365579,982.7333305828868
1969,1031.756,0.70732853624247,0.504079813291704,2063.512,2019_kk_088,Kusko,2019,0.70915616033927,0.506218891910397,-1.9480577316533e-4,1370.476517,1505.41294,1857.056,0.709365579,982.7333305828868
1970,1032.28,0.709064424798309,0.499732000041097,2064.56,2019_kk_088,Kusko,2019,0.709131361218299,0.506102063525878,-1.1682838451931e-4,1370.476517,1505.41294,1857.056,0.709365579,982.7333305828868
1971,1032.804,0.709296753634479,0.503763736888891,2065.608,2019_kk_088,Kusko,2019,0.709171618327554,0.506066732639578,-3.53308862998114e-5,1370.476517,1505.41294,1857.056,0.709365579,982.7333305828868
1972,1033.328,0.710296620153737,0.500758377681192,2066.656,2019_kk_088,Kusko,2019,0.709188602225343,0.506182464200665,1.1573156108712e-4,1370.476517,1505.41294,1857.056,0.709365579,982.7333305828868
1973,1033.852,0.710521368631786,0.499979914329169,2067.704,2019_kk_088,Kusko,2019,0.709212224444845,0.506305378400085,1.2291419941989e-4,1370.476517,1505.41294,1857.056,0.709365579,982.7333305828868
1974,1034.376,0.709552206091581,0.507026144177622,2068.752,2019_kk_088,Kusko,2019,0.709174544628933,0.506457664062918,1.5228566283243e-4,1370.476517,1505.41294,1857.056,0.709365579,982.7333305828868
1975,1034.9,0.711615792298426,0.507353273458449,2069.8,2019_kk_088,Kusko,2019,0.70921511154918,0.506561744832956,1.0408077003865e-4,1370.476517,1505.41294,1857.056,0.709365579,982.7333305828868
1976,1035.424,0.710941437619228,0.506219987929165,2070.848,2019_kk_088,Kusko,2019,0.709210182343789,0.506645230842724,8.34860097679302e-5,1370.476517,1505.41294,1857.056,0.709365579,982.7333305828868
1977,1035.948,0.710383315257396,0.507946488268386,2071.896,2019_kk_088,Kusko,2019,0.709227069419267,0.506585665626978,-5.95652157460158e-5,1370.476517,1505.41294,1857.056,0.709365579,982.7333305828868
1978,1036.472,0.70775755335459,0.506815339919878,2072.944,2019_kk_088,Kusko,2019,0.709240007317009,0.506650326306709,6.46606797308769e-5,1370.476517,1505.41294,1857.056,0.709365579,982.7333305828868
1979,1036.996,0.711164343234342,0.504008510862078,2073.992,2019_kk_088,Kusko,2019,0.709237260903758,0.50674665631819,9.63300114805721e-5,1370.476517,1505.41294,1857.056,0.709365579,982.7333305828868
1980,1037.52,0.707290956632307,0.505294086224472,2075.04,2019_kk_088,Kusko,2019,0.709233792525629,0.506719457630591,-2.71986875983732e-5,1370.476517,1505.41294,1857.056,0.709365579,982.7333305828868
1981,1038.044,0.710381398972541,0.500391038957842,2076.088,2019_kk_088,Kusko,2019,0.709223138067893,0.506716905394139,-2.5522364518471e-6,1370.476517,1505.41294,1857.056,0.709365579,982.7333305828868
1982,1038.568,0.709092232489904,0.509886539291541,2077.136,2019_kk_088,Kusko,2019,0.709275327139525,0.506589386702402,-1.2751869173743e-4,1370.476517,1505.41294,1857.056,0.709365579,982.7333305828868
1983,1039.092,0.709935801008346,0.51118406724743,2078.184,2019_kk_088,Kusko,2019,0.709249802691882,0.506468061293983,-1.2132540841847e-4,1370.476517,1505.41294,1857.056,0.709365579,982.7333305828868
1984,1039.616,0.708372181809105,0.505076745983188,2079.232,2019_kk_088,Kusko,2019,0.709258520200842,0.506345808771679,-1.2225252230413e-4,1370.476517,1505.41294,1857.056,0.709365579,982.7333305828868
1985,1040.14,0.707477925319028,0.511000878738537,2080.28,2019_kk_088,Kusko,2019,0.709239116185082,0.506248168759571,-9.76400121085463e-5,1370.476517,1505.41294,1857.056,0.709365579,982.7333305828868
1986,1040.664,0.708756235758907,0.506825745500527,2081.328,2019_kk_088,Kusko,2019,0.709259307261993,0.50590115209864694,-3.4701666092373e-4,1370.476517,1505.41294,1857.056,0.709365579,982.7333305828868
1987,1041.188,0.7085510020009,0.505402176620562,2082.376,2019_kk_088,Kusko,2019,0.709210807648214,0.505698733370569,-2.024187280778e-4,1370.476517,1505.41294,1857.056,0.709365579,982.7333305828868
1988,1041.712,0.711239033093906,0.511943915861235,2083.424,2019_kk_088,Kusko,2019,0.709233612187474,0.505605453587147,-9.32797834225507e-5,1370.476517,1505.41294,1857.056,0.709365579,982.7333305828868
1989,1042.236,0.708922632572516,0.513360806717016,2084.472,2019_kk_088,Kusko,2019,0.70922538395979,0.505449783420076,-1.5567016707063e-4,1370.476517,1505.41294,1857.056,0.709365579,982.7333305828868
1990,1042.76,0.708232716393189,0.509036344362545,2085.52,2019_kk_088,Kusko,2019,0.709220789816477,0.505520027715958,7.02442958816496e-5,1370.476517,1505.41294,1857.056,0.709365579,982.7333305828868
1991,1043.284,0.709222168490411,0.506655996722408,2086.568,2019_kk_088,Kusko,2019,0.709159002859399,0.505639707709736,1.1967999377782e-4,1370.476517,1505.41294,1857.056,0.709365579,982.7333305828868
1992,1043.808,0.708602559640343,0.503563853996407,2087.616,2019_kk_088,Kusko,2019,0.709199694271719,0.505782763891626,1.4305618189014e-4,1370.476517,1505.41294,1857.056,0.709365579,982.7333305828868
1993,1044.332,0.710669108375823,0.503605134760751,2088.664,2019_kk_088,Kusko,2019,0.709264963456322,0.506036765798903,2.5400190727686e-4,1370.476517,1505.41294,1857.056,0.709365579,982.7333305828868
1994,1044.856,0.708409372275917,0.498662027879733,2089.712,2019_kk_088,Kusko,2019,0.709244863953163,0.50625161296839,2.148471694876e-4,1370.476517,1505.41294,1857.056,0.709365579,982.7333305828868
1995,1045.38,0.707230430652005,0.489150818130764,2090.76,2019_kk_088,Kusko,2019,0.709193534483715,0.506502165929026,2.5055296063614e-4,1370.476517,1505.41294,1857.056,0.709365579,982.7333305828868
1996,1045.904,0.710889536915982,0.489059556631071,2091.808,2019_kk_088,Kusko,2019,0.709225146650126,0.506616872373936,1.1470644490951e-4,1370.476517,1505.41294,1857.056,0.709365579,982.7333305828868
1997,1046.428,0.707780827677506,0.489746102488506,2092.856,2019_kk_088,Kusko,2019,0.709227033480814,0.506733229692443,1.1635731850767e-4,1370.476517,1505.41294,1857.056,0.709365579,982.7333305828868
1998,1046.952,0.709687139139917,0.493636869678378,2093.904,2019_kk_088,Kusko,2019,0.709214477730193,0.507031920510247,2.9869081780342e-4,1370.476517,1505.41294,1857.056,0.709365579,982.7333305828868
1999,1047.476,0.709535614894894,0.498748539906077,2094.952,2019_kk_088,Kusko,2019,0.709254926968807,0.507225194837256,1.9327432700921e-4,1370.476517,1505.41294,1857.056,0.709365579,982.7333305828868
2000,1048,0.709596143800328,0.506442877275596,2096,2019_kk_088,Kusko,2019,0.709278218181589,0.507558855829732,3.33660992476e-4,1370.476517,1505.41294,1857.056,0.709365579,982.7333305828868
2001,1048.524,0.709770686210199,0.512770100619887,2097.048,2019_kk_088,Kusko,2019,0.709272480914962,0.507875403989896,3.1654816016391e-4,1370.476517,1505.41294,1857.056,0.709365579,982.7333305828868
2002,1049.048,0.710101504283245,0.520718628892899,2098.096,2019_kk_088,Kusko,2019,0.709256863558521,0.50825675168845,3.8134769855446e-4,1370.476517,1505.41294,1857.056,0.709365579,982.7333305828868
2003,1049.572,0.708463429316978,0.524006179517594,2099.144,2019_kk_088,Kusko,2019,0.709262201248889,0.508497248970867,2.4049728241615e-4,1370.476517,1505.41294,1857.056,0.709365579,982.7333305828868
2004,1050.096,0.707938181389295,0.518938574016395,2100.192,2019_kk_088,Kusko,2019,0.709235707147508,0.508590976388641,9.37274177739145e-5,1370.476517,1505.41294,1857.056,0.709365579,982.7333305828868
2005,1050.62,0.708986951375062,0.516983648226028,2101.24,2019_kk_088,Kusko,2019,0.709197242234831,0.508616202673185,2.52262845440443e-5,1370.476517,1505.41294,1857.056,0.709365579,982.7333305828868
2006,1051.144,0.708692335139268,0.513258910118267,2102.288,2019_kk_088,Kusko,2019,0.709189931442984,0.508705188977113,8.89863039281735e-5,1370.476517,1505.41294,1857.056,0.709365579,982.7333305828868
2007,1051.668,0.711165072364639,0.507925360934768,2103.336,2019_kk_088,Kusko,2019,0.709162660558869,0.508709181765649,3.9927885361335e-6,1370.476517,1505.41294,1857.056,0.709365579,982.7333305828868
2008,1052.192,0.710120388920344,0.511415846621955,2104.384,2019_kk_088,Kusko,2019,0.70916294986412,0.508666689650145,-4.24921155038893e-5,1370.476517,1505.41294,1857.056,0.709365579,982.7333305828868
2009,1052.716,0.70957037503787,0.514679656110069,2105.432,2019_kk_088,Kusko,2019,0.709093759966179,0.508618961526205,-4.77281239403826e-5,1370.476517,1505.41294,1857.056,0.709365579,982.7333305828868
2010,1053.24,0.709272393351869,0.507361304073473,2106.48,2019_kk_088,Kusko,2019,0.709107393158601,0.508553973865084,-6.4987661120397e-5,1370.476517,1505.41294,1857.056,0.709365579,982.7333305828868
2011,1053.764,0.706752947562217,0.508834441172357,2107.528,2019_kk_088,Kusko,2019,0.709096860445548,0.508642403219174,8.84293540894809e-5,1370.476517,1505.41294,1857.056,0.709365579,982.7333305828868
2012,1054.288,0.71150842643416,0.500535231704045,2108.576,2019_kk_088,Kusko,2019,0.709098045090625,0.508626850542959,-1.55526762147806e-5,1370.476517,1505.41294,1857.056,0.709365579,982.7333305828868
2013,1054.812,0.708320974335317,0.504435792251328,2109.624,2019_kk_088,Kusko,2019,0.708996652833329,0.50867752077812,5.06702351609212e-5,1370.476517,1505.41294,1857.056,0.709365579,982.7333305828868
2014,1055.336,0.710509365485665,0.506237817611701,2110.672,2019_kk_088,Kusko,2019,0.708988295542003,0.508881206128158,2.0368535003778e-4,1370.476517,1505.41294,1857.056,0.709365579,982.7333305828868
2015,1055.86,0.708257688417286,0.509230249721702,2111.72,2019_kk_088,Kusko,2019,0.709034867081966,0.508922653851802,4.14477236440058e-5,1370.476517,1505.41294,1857.056,0.709365579,982.7333305828868
2016,1056.384,0.710109542191371,0.509058053128791,2112.768,2019_kk_088,Kusko,2019,0.709041994427974,0.509008537936542,8.58840847400844e-5,1370.476517,1505.41294,1857.056,0.709365579,982.7333305828868
2017,1056.908,0.708055968227282,0.510293100006836,2113.816,2019_kk_088,Kusko,2019,0.709070246861849,0.509202576932239,1.9403899569714e-4,1370.476517,1505.41294,1857.056,0.709365579,982.7333305828868
2018,1057.432,0.709739651034154,0.50843489712831,2114.864,2019_kk_088,Kusko,2019,0.709053138668536,0.509204082242143,1.50530990417064e-6,1370.476517,1505.41294,1857.056,0.709365579,982.7333305828868
2019,1057.956,0.709626199662655,0.505355851018045,2115.912,2019_kk_088,Kusko,2019,0.709050380381203,0.509133167675199,-7.09145669441913e-5,1370.476517,1505.41294,1857.056,0.709365579,982.7333305828868
2020,1058.48,0.707976924815987,0.5103502553085,2116.96,2019_kk_088,Kusko,2019,0.709079467809416,0.509100348257985,-3.28194172136698e-5,1370.476517,1505.41294,1857.056,0.709365579,982.7333305828868
2021,1059.004,0.706821284835693,0.506891153994187,2118.008,2019_kk_088,Kusko,2019,0.709098373695496,0.509121658070966,2.13098129806522e-5,1370.476517,1505.41294,1857.056,0.709365579,982.7333305828868
2022,1059.528,0.709863334263166,0.507036254162306,2119.056,2019_kk_088,Kusko,2019,0.709140476792251,0.509166620352994,4.49622820282158e-5,1370.476517,1505.41294,1857.056,0.709365579,982.7333305828868
2023,1060.052,0.709959805619391,0.506832880805975,2120.104,2019_kk_088,Kusko,2019,0.709130219225716,0.509246416839728,7.97964867342849e-5,1370.476517,1505.41294,1857.056,0.709365579,982.7333305828868
2024,1060.576,0.708977048092979,0.507162933264985,2121.152,2019_kk_088,Kusko,2019,0.709120694199717,0.509544896004271,2.9847916454228e-4,1370.476517,1505.41294,1857.056,0.709365579,982.7333305828868
2025,1061.1,0.707067899988653,0.510411581091161,2122.2,2019_kk_088,Kusko,2019,0.709153280895349,0.509943609213288,3.9871320901718e-4,1370.476517,1505.41294,1857.056,0.709365579,982.7333305828868
2026,1061.624,0.709551038708832,0.512112038870324,2123.248,2019_kk_088,Kusko,2019,0.709121500184896,0.510422307175266,4.786979619783e-4,1370.476517,1505.41294,1857.056,0.709365579,982.7333305828868
2027,1062.148,0.709253240835779,0.514727678427144,2124.296,2019_kk_088,Kusko,2019,0.709118281140743,0.51093886455536,5.1655738009337e-4,1370.476517,1505.41294,1857.056,0.709365579,982.7333305828868
2028,1062.672,0.708638636682117,0.519559101993529,2125.344,2019_kk_088,Kusko,2019,0.709121595389472,0.511223718091943,2.8485353658358e-4,1370.476517,1505.41294,1857.056,0.709365579,982.7333305828868
2029,1063.196,0.709755490559282,0.515676272912257,2126.392,2019_kk_088,Kusko,2019,0.709100797066683,0.51149674449596,2.7302640401649e-4,1370.476517,1505.41294,1857.056,0.709365579,982.7333305828868
2030,1063.72,0.710461897565242,0.519751659589654,2127.44,2019_kk_088,Kusko,2019,0.709091875249179,0.511588036016715,9.12915207553766e-5,1370.476517,1505.41294,1857.056,0.709365579,982.7333305828868
2031,1064.244,0.708952517636889,0.522756626498728,2128.488,2019_kk_088,Kusko,2019,0.709072608405313,0.511663001394073,7.49653773580716e-5,1370.476517,1505.41294,1857.056,0.709365579,982.7333305828868
2032,1064.768,0.709359578767227,0.523639239594457,2129.536,2019_kk_088,Kusko,2019,0.709062142790199,0.511543494824232,-1.1950656984094e-4,1370.476517,1505.41294,1857.056,0.709365579,982.7333305828868
2033,1065.292,0.710841630053873,0.514409751274138,2130.584,2019_kk_088,Kusko,2019,0.709087824099996,0.511444023834948,-9.94709892840895e-5,1370.476517,1505.41294,1857.056,0.709365579,982.7333305828868
2034,1065.816,0.70796256000873,0.512649789244062,2131.632,2019_kk_088,Kusko,2019,0.709091300681735,0.51138919444411,-5.4829390837563e-5,1370.476517,1505.41294,1857.056,0.709365579,982.7333305828868
2035,1066.34,0.709307897537822,0.508866850531092,2132.68,2019_kk_088,Kusko,2019,0.709094547510847,0.511414665557433,2.54711133228502e-5,1370.476517,1505.41294,1857.056,0.709365579,982.7333305828868
2036,1066.864,0.710502790108376,0.511559166164856,2133.728,2019_kk_088,Kusko,2019,0.709107170271937,0.511546380927957,1.317153705237e-4,1370.476517,1505.41294,1857.056,0.709365579,982.7333305828868
2037,1067.388,0.708747062210527,0.508186055580554,2134.776,2019_kk_088,Kusko,2019,0.709078240678952,0.511691544999469,1.4516407151232e-4,1370.476517,1505.41294,1857.056,0.709365579,982.7333305828868
2038,1067.912,0.707774911669643,0.504265812989643,2135.824,2019_kk_088,Kusko,2019,0.709119130555008,0.511825242925395,1.336979259261e-4,1370.476517,1505.41294,1857.056,0.709365579,982.7333305828868
2039,1068.436,0.707012949357851,0.501144823425654,2136.872,2019_kk_088,Kusko,2019,0.709089410333569,0.511851980024979,2.67370995836735e-5,1370.476517,1505.41294,1857.056,0.709365579,982.7333305828868
2040,1068.96,0.70810894817763,0.50139482655725,2137.92,2019_kk_088,Kusko,2019,0.709093250732969,0.512106573569181,2.5459354420232e-4,1370.476517,1505.41294,1857.056,0.709365579,982.7333305828868
2041,1069.484,0.709749436189382,0.505696800203204,2138.968,2019_kk_088,Kusko,2019,0.709131213159677,0.512346567594747,2.3999402556507e-4,1370.476517,1505.41294,1857.056,0.709365579,982.7333305828868
2042,1070.008,0.709163311194507,0.508953378718656,2140.016,2019_kk_088,Kusko,2019,0.709121773486831,0.512659272436056,3.1270484130951e-4,1370.476517,1505.41294,1857.056,0.709365579,982.7333305828868
2043,1070.532,0.703852265570609,0.514224281357083,2141.064,2019_kk_088,Kusko,2019,0.709142408194087,0.51293649048456,2.7721804850389e-4,1370.476517,1505.41294,1857.056,0.709365579,982.7333305828868
2044,1071.056,0.707870744329534,0.517297866985463,2142.112,2019_kk_088,Kusko,2019,0.709118432092987,0.513066139832089,1.2964934752945e-4,1370.476517,1505.41294,1857.056,0.709365579,982.7333305828868
2045,1071.58,0.710272217716786,0.513487742157175,2143.16,2019_kk_088,Kusko,2019,0.709122787764713,0.513187800932525,1.2166110043609e-4,1370.476517,1505.41294,1857.056,0.709365579,982.7333305828868
2046,1072.104,0.709183876519406,0.511978790584928,2144.208,2019_kk_088,Kusko,2019,0.709101261525073,0.513333165739893,1.4536480736737e-4,1370.476517,1505.41294,1857.056,0.709365579,982.7333305828868
2047,1072.628,0.710246148033398,0.517044516362396,2145.256,2019_kk_088,Kusko,2019,0.709129852073602,0.513461584151797,1.2841841190369e-4,1370.476517,1505.41294,1857.056,0.709365579,982.7333305828868
2048,1073.152,0.71021254149516,0.512034234455482,2146.304,2019_kk_088,Kusko,2019,0.709121576842453,0.513600508111577,1.3892395978065e-4,1370.476517,1505.41294,1857.056,0.709365579,982.7333305828868
2049,1073.676,0.708757135332547,0.509105932700366,2147.352,2019_kk_088,Kusko,2019,0.709140078298979,0.51381744090282,2.1693279124301e-4,1370.476517,1505.41294,1857.056,0.709365579,982.7333305828868
2050,1074.2,0.709977962085961,0.507067179329722,2148.4,2019_kk_088,Kusko,2019,0.709171313993518,0.514023136344413,2.0569544159299e-4,1370.476517,1505.41294,1857.056,0.709365579,982.7333305828868
2051,1074.724,0.710356521655184,0.50793458550125,2149.448,2019_kk_088,Kusko,2019,0.709195053473487,0.514259152738196,2.3601639378323e-4,1370.476517,1505.41294,1857.056,0.709365579,982.7333305828868
2052,1075.248,0.711128745445648,0.506261590918098,2150.496,2019_kk_088,Kusko,2019,0.709205672817934,0.514475567009436,2.1641427123941e-4,1370.476517,1505.41294,1857.056,0.709365579,982.7333305828868
2053,1075.772,0.710053654383726,0.508392923964808,2151.544,2019_kk_088,Kusko,2019,0.709191829252703,0.51458228019109,1.0671318165367e-4,1370.476517,1505.41294,1857.056,0.709365579,982.7333305828868
2054,1076.296,0.707837870715984,0.516570777752271,2152.592,2019_kk_088,Kusko,2019,0.70916938235067,0.514764271551535,1.8199136044583e-4,1370.476517,1505.41294,1857.056,0.709365579,982.7333305828868
2055,1076.82,0.709185632389889,0.513073610671795,2153.64,2019_kk_088,Kusko,2019,0.70918349201349,0.51497861864683,2.1434709529422e-4,1370.476517,1505.41294,1857.056,0.709365579,982.7333305828868
2056,1077.344,0.7089826942888,0.517781434349764,2154.688,2019_kk_088,Kusko,2019,0.709158369830096,0.515141373414563,1.6275476773308e-4,1370.476517,1505.41294,1857.056,0.709365579,982.7333305828868
2057,1077.868,0.707587685028352,0.520739545294109,2155.736,2019_kk_088,Kusko,2019,0.709159245864604,0.515285257713136,1.4388429857381e-4,1370.476517,1505.41294,1857.056,0.709365579,982.7333305828868
2058,1078.392,0.709885994063638,0.510728081873398,2156.784,2019_kk_088,Kusko,2019,0.709185109805878,0.515354383158075,6.91254449386447e-5,1370.476517,1505.41294,1857.056,0.709365579,982.7333305828868
2059,1078.916,0.708287715527541,0.515130124147063,2157.832,2019_kk_088,Kusko,2019,0.709216225846329,0.515634438563805,2.8005540572984e-4,1370.476517,1505.41294,1857.056,0.709365579,982.7333305828868
2060,1079.44,0.709060834750097,0.511920368520922,2158.88,2019_kk_088,Kusko,2019,0.709227398569766,0.515786150822063,1.5171225825827e-4,1370.476517,1505.41294,1857.056,0.709365579,982.7333305828868
2061,1079.964,0.70861467557827,0.517268023261369,2159.928,2019_kk_088,Kusko,2019,0.709262238906304,0.515843272477359,5.71216552952558e-5,1370.476517,1505.41294,1857.056,0.709365579,982.7333305828868
2062,1080.488,0.709473567376366,0.513548234702442,2160.976,2019_kk_088,Kusko,2019,0.709237511047,0.515847445913429,4.17343607084231e-6,1370.476517,1505.41294,1857.056,0.709365579,982.7333305828868
2063,1081.012,0.710004307904839,0.518037920160552,2162.024,2019_kk_088,Kusko,2019,0.709227431740546,0.516052199014961,2.0475310153156e-4,1370.476517,1505.41294,1857.056,0.709365579,982.7333305828868
2064,1081.536,0.708146776293639,0.515648810566142,2163.072,2019_kk_088,Kusko,2019,0.709251462753306,0.51618032111348,1.2812209851875e-4,1370.476517,1505.41294,1857.056,0.709365579,982.7333305828868
2065,1082.06,0.709181761121744,0.5185119150254,2164.12,2019_kk_088,Kusko,2019,0.709239949944019,0.516651909635294,4.7158852181394e-4,1370.476517,1505.41294,1857.056,0.709365579,982.7333305828868
2066,1082.584,0.709449700804685,0.521161832349688,2165.168,2019_kk_088,Kusko,2019,0.709182909837971,0.517079213013367,4.2730337807361e-4,1370.476517,1505.41294,1857.056,0.709365579,982.7333305828868
2067,1083.108,0.709429296785532,0.516635205225511,2166.216,2019_kk_088,Kusko,2019,0.709198892457588,0.517498447082974,4.1923406960653e-4,1370.476517,1505.41294,1857.056,0.709365579,982.7333305828868
2068,1083.632,0.712573781483738,0.519437722177518,2167.264,2019_kk_088,Kusko,2019,0.709223204032525,0.5178806311972,3.821841142263e-4,1370.476517,1505.41294,1857.056,0.709365579,982.7333305828868
2069,1084.156,0.707787161751473,0.516283882085089,2168.312,2019_kk_088,Kusko,2019,0.709277281077872,0.518331925785463,4.5129458826265e-4,1370.476517,1505.41294,1857.056,0.709365579,982.7333305828868
2070,1084.68,0.709502817315901,0.522636916725611,2169.36,2019_kk_088,Kusko,2019,0.709280747169506,0.518787306628561,4.5538084309781e-4,1370.476517,1505.41294,1857.056,0.709365579,982.7333305828868
2071,1085.204,0.709030693164719,0.523234082706263,2170.408,2019_kk_088,Kusko,2019,0.709288144468051,0.519015619472696,2.283128441356e-4,1370.476517,1505.41294,1857.056,0.709365579,982.7333305828868
2072,1085.728,0.710942046063395,0.519297522182615,2171.456,2019_kk_088,Kusko,2019,0.709260519200134,0.519296333745113,2.8071427241704e-4,1370.476517,1505.41294,1857.056,0.709365579,982.7333305828868
2073,1086.252,0.709559056770662,0.521068875161565,2172.504,2019_kk_088,Kusko,2019,0.709378591007356,0.519509054909476,2.1272116436277e-4,1370.476517,1505.41294,1857.056,0.709365579,982.7333305828868
2074,1086.776,0.709070799419674,0.514016778463463,2173.552,2019_kk_088,Kusko,2019,0.709414048036827,0.519621667131927,1.1261222245151e-4,1370.476517,1505.41294,1857.056,0.709365579,982.7333305828868
2075,1087.3,0.708519028720866,0.51652991574787,2174.6,2019_kk_088,Kusko,2019,0.709387557484752,0.519753534534179,1.3186740225135e-4,1370.476517,1505.41294,1857.056,0.709365579,982.7333305828868
2076,1087.824,0.708817967812922,0.51777994157084,2175.648,2019_kk_088,Kusko,2019,0.709406726480088,0.519779994905042,2.64603708632904e-5,1370.476517,1505.41294,1857.056,0.709365579,982.7333305828868
2077,1088.348,0.709771401139034,0.517998204721054,2176.696,2019_kk_088,Kusko,2019,0.709399125392717,0.519614692225404,-1.6530267963843e-4,1370.476517,1505.41294,1857.056,0.709365579,982.7333305828868
2078,1088.872,0.709243137165234,0.516770334715149,2177.744,2019_kk_088,Kusko,2019,0.709388176717595,0.519604450316264,-1.02419091394523e-5,1370.476517,1505.41294,1857.056,0.709365579,982.7333305828868
2079,1089.396,0.710736287054199,0.518371818492624,2178.792,2019_kk_088,Kusko,2019,0.709377493473022,0.519638797934363,3.434761809884e-5,1370.476517,1505.41294,1857.056,0.709365579,982.7333305828868
2080,1089.92,0.709851066488305,0.522691981804077,2179.84,2019_kk_088,Kusko,2019,0.709358489689995,0.51986464886253,2.258509281664e-4,1370.476517,1505.41294,1857.056,0.709365579,982.7333305828868
2081,1090.444,0.708245653633851,0.521052137621179,2180.888,2019_kk_088,Kusko,2019,0.709347757572796,0.520136826044593,2.7217718206318e-4,1370.476517,1505.41294,1857.056,0.709365579,982.7333305828868
2082,1090.968,0.710500494929985,0.520021110436673,2181.936,2019_kk_088,Kusko,2019,0.709301155084876,0.520574313252255,4.3748720766234e-4,1370.476517,1505.41294,1857.056,0.709365579,982.7333305828868
2083,1091.492,0.709129191705546,0.513235671705193,2182.984,2019_kk_088,Kusko,2019,0.709263727333165,0.520990955822262,4.1664257000662e-4,1370.476517,1505.41294,1857.056,0.709365579,982.7333305828868
2084,1092.016,0.707630233970983,0.518082414891738,2184.032,2019_kk_088,Kusko,2019,0.709333865621004,0.521316404336244,3.2544851398241e-4,1370.476517,1505.41294,1857.056,0.709365579,982.7333305828868
2085,1092.54,0.70791447975784,0.523272406808813,2185.08,2019_kk_088,Kusko,2019,0.709320356071837,0.521630391782886,3.1398744664146e-4,1370.476517,1505.41294,1857.056,0.709365579,982.7333305828868
2086,1093.064,0.708043707705195,0.521877324934308,2186.128,2019_kk_088,Kusko,2019,0.709322158628038,0.521846612737203,2.1622095431761e-4,1370.476517,1505.41294,1857.056,0.709365579,982.7333305828868
2087,1093.588,0.709305802906253,0.523360736341575,2187.176,2019_kk_088,Kusko,2019,0.709346474423986,0.521912301447646,6.56887104431014e-5,1370.476517,1505.41294,1857.056,0.709365579,982.7333305828868
2088,1094.112,0.710190473158562,0.523706628689843,2188.224,2019_kk_088,Kusko,2019,0.709336469462842,0.522075011128548,1.6270968090148e-4,1370.476517,1505.41294,1857.056,0.709365579,982.7333305828868
2089,1094.636,0.711622452986331,0.532479597256047,2189.272,2019_kk_088,Kusko,2019,0.709367969561486,0.522228648985606,1.5363785705868e-4,1370.476517,1505.41294,1857.056,0.709365579,982.7333305828868
2090,1095.16,0.711132260971503,0.52885439508515,2190.32,2019_kk_088,Kusko,2019,0.709390269541582,0.52237178099426,1.4313200865401e-4,1370.476517,1505.41294,1857.056,0.709365579,982.7333305828868
2091,1095.684,0.711042937829139,0.526183925816443,2191.368,2019_kk_088,Kusko,2019,0.709367512930393,0.522442611993243,7.08309989823075e-5,1370.476517,1505.41294,1857.056,0.709365579,982.7333305828868
2092,1096.208,0.707875907208971,0.523889645758711,2192.416,2019_kk_088,Kusko,2019,0.70937113403238,0.522613930399582,1.7131840633888e-4,1370.476517,1505.41294,1857.056,0.709365579,982.7333305828868
2093,1096.732,0.710236871666676,0.52669493736603,2193.464,2019_kk_088,Kusko,2019,0.709373305774219,0.522785921139941,1.7199074035978e-4,1370.476517,1505.41294,1857.056,0.709365579,982.7333305828868
2094,1097.256,0.709404420774315,0.52033711515519,2194.512,2019_kk_088,Kusko,2019,0.709378507671466,0.523015386193018,2.2946505307697e-4,1370.476517,1505.41294,1857.056,0.709365579,982.7333305828868
2095,1097.78,0.708617128980572,0.537162161839928,2195.56,2019_kk_088,Kusko,2019,0.709374543040476,0.523261491077253,2.4610488423504e-4,1370.476517,1505.41294,1857.056,0.709365579,982.7333305828868
2096,1098.304,0.707080383745526,0.537197368849275,2196.608,2019_kk_088,Kusko,2019,0.709349733844514,0.523482707576741,2.2121649948758e-4,1370.476517,1505.41294,1857.056,0.709365579,982.7333305828868
2097,1098.828,0.70970601938754,0.533340099756948,2197.656,2019_kk_088,Kusko,2019,0.709343236949581,0.523720620000014,2.3791242327331e-4,1370.476517,1505.41294,1857.056,0.709365579,982.7333305828868
2098,1099.352,0.709233606165854,0.52719685984322,2198.704,2019_kk_088,Kusko,2019,0.709283632859069,0.523790340801801,6.9720801786799e-5,1370.476517,1505.41294,1857.056,0.709365579,982.7333305828868
2099,1099.876,0.710257572078677,0.528222498721408,2199.752,2019_kk_088,Kusko,2019,0.709302797022017,0.52397024955498,1.7990875317841e-4,1370.476517,1505.41294,1857.056,0.709365579,982.7333305828868
2100,1100.4,0.708316913675656,0.528717677143118,2200.8,2019_kk_088,Kusko,2019,0.709321781259065,0.523994286451291,2.40368963114745e-5,1370.476517,1505.41294,1857.056,0.709365579,982.7333305828868
2101,1100.924,0.710193274102071,0.519395570851342,2201.848,2019_kk_088,Kusko,2019,0.709361059821894,0.524005906491444,1.16200401526489e-5,1370.476517,1505.41294,1857.056,0.709365579,982.7333305828868
2102,1101.448,0.707505795119535,0.525796235063679,2202.896,2019_kk_088,Kusko,2019,0.709367434364304,0.524077694416314,7.17879248701703e-5,1370.476517,1505.41294,1857.056,0.709365579,982.7333305828868
2103,1101.972,0.710936574003914,0.526987551218852,2203.944,2019_kk_088,Kusko,2019,0.709355901653554,0.524139101485402,6.14070690881929e-5,1370.476517,1505.41294,1857.056,0.709365579,982.7333305828868
2104,1102.496,0.709998166097808,0.524054600332552,2204.992,2019_kk_088,Kusko,2019,0.709370164524812,0.524243957517447,1.0485603204524e-4,1370.476517,1505.41294,1857.056,0.709365579,982.7333305828868
2105,1103.02,0.708682784592275,0.521399786292258,2206.04,2019_kk_088,Kusko,2019,0.709402950439754,0.524394656995527,1.5069947807966e-4,1370.476517,1505.41294,1857.056,0.709365579,982.7333305828868
2106,1103.544,0.710334016239562,0.513566412836725,2207.088,2019_kk_088,Kusko,2019,0.70937245258208,0.52448453142449,8.98744289634656e-5,1370.476517,1505.41294,1857.056,0.709365579,982.7333305828868
2107,1104.068,0.70979008279113,0.507126355584091,2208.136,2019_kk_088,Kusko,2019,0.709341780468042,0.524601177392248,1.1664596775717e-4,1370.476517,1505.41294,1857.056,0.709365579,982.7333305828868
2108,1104.592,0.70955562098786,0.511419719907116,2209.184,2019_kk_088,Kusko,2019,0.709340840188535,0.524600342126447,-8.35265800969154e-7,1370.476517,1505.41294,1857.056,0.709365579,982.7333305828868
2109,1105.116,0.708116140658139,0.511166789786295,2210.232,2019_kk_088,Kusko,2019,0.709310406752394,0.52459520019936,-5.14192708700456e-6,1370.476517,1505.41294,1857.056,0.709365579,982.7333305828868
2110,1105.64,0.708837735104356,0.520618235019705,2211.28,2019_kk_088,Kusko,2019,0.70931255767006,0.524639884296335,4.46840969753337e-5,1370.476517,1505.41294,1857.056,0.709365579,982.7333305828868
2111,1106.164,0.70971259462323,0.524265216425043,2212.328,2019_kk_088,Kusko,2019,0.709364110754359,0.524746165323311,1.0628102697596e-4,1370.476517,1505.41294,1857.056,0.709365579,982.7333305828868
2112,1106.688,0.708332596170428,0.532510823377841,2213.376,2019_kk_088,Kusko,2019,0.709303799245317,0.524915961554915,1.6979623160451e-4,1370.476517,1505.41294,1857.056,0.709365579,982.7333305828868
2113,1107.212,0.707807989281089,0.5333914781652,2214.424,2019_kk_088,Kusko,2019,0.709312093115031,0.525248336464916,3.3237491000059e-4,1370.476517,1505.41294,1857.056,0.709365579,982.7333305828868
2114,1107.736,0.712046167986288,0.536097688591217,2215.472,2019_kk_088,Kusko,2019,0.709336025067741,0.525523437819181,2.7510135426545e-4,1370.476517,1505.41294,1857.056,0.709365579,982.7333305828868
2115,1108.26,0.708375059439863,0.531912857470285,2216.52,2019_kk_088,Kusko,2019,0.709391809281437,0.525779110717486,2.5567289830497e-4,1370.476517,1505.41294,1857.056,0.709365579,982.7333305828868
2116,1108.784,0.709090847660883,0.53075469160882,2217.568,2019_kk_088,Kusko,2019,0.709394767183298,0.526014894142613,2.3578342512642e-4,1370.476517,1505.41294,1857.056,0.709365579,982.7333305828868
2117,1109.308,0.709046632785219,0.524680867920696,2218.616,2019_kk_088,Kusko,2019,0.709421359418342,0.526179379179305,1.6448503669208e-4,1370.476517,1505.41294,1857.056,0.709365579,982.7333305828868
2118,1109.832,0.709285696395046,0.520490662727485,2219.664,2019_kk_088,Kusko,2019,0.709448284399023,0.52630727451848,1.2789533917467e-4,1370.476517,1505.41294,1857.056,0.709365579,982.7333305828868
2119,1110.356,0.710177721446164,0.524348395570589,2220.712,2019_kk_088,Kusko,2019,0.709403459120134,0.526156935456769,-1.5033906171013e-4,1370.476517,1505.41294,1857.056,0.709365579,982.7333305828868
2120,1110.88,0.710398833555857,0.520508289040157,2221.76,2019_kk_088,Kusko,2019,0.709384428630196,0.526147872362805,-9.06309396397909e-6,1370.476517,1505.41294,1857.056,0.709365579,982.7333305828868
2121,1111.404,0.707249278906916,0.521517883200309,2222.808,2019_kk_088,Kusko,2019,0.709315169287213,0.526424230749856,2.7635838705097e-4,1370.476517,1505.41294,1857.056,0.709365579,982.7333305828868
2122,1111.928,0.709690833495601,0.523827339082772,2223.856,2019_kk_088,Kusko,2019,0.7093448394804,0.52688866834909,4.6443759923398e-4,1370.476517,1505.41294,1857.056,0.709365579,982.7333305828868
2123,1112.452,0.710134612415156,0.528357364582138,2224.904,2019_kk_088,Kusko,2019,0.709325182983005,0.527425421929863,5.3675358077265e-4,1370.476517,1505.41294,1857.056,0.709365579,982.7333305828868
2124,1112.976,0.708458890128492,0.529416713750759,2225.952,2019_kk_088,Kusko,2019,0.709305247808855,0.528061557018989,6.3613508912574e-4,1370.476517,1505.41294,1857.056,0.709365579,982.7333305828868
2125,1113.5,0.708943883262344,0.533278208079507,2227,2019_kk_088,Kusko,2019,0.709329282590838,0.528274730294493,2.1317327550451e-4,1370.476517,1505.41294,1857.056,0.709365579,982.7333305828868
2126,1114.024,0.707961149046959,0.534434822318943,2228.048,2019_kk_088,Kusko,2019,0.709361997904094,0.528466634104029,1.9190380953526e-4,1370.476517,1505.41294,1857.056,0.709365579,982.7333305828868
2127,1114.548,0.709039483089524,0.530909950621911,2229.096,2019_kk_088,Kusko,2019,0.709325199536405,0.52858447608516,1.1784198113185e-4,1370.476517,1505.41294,1857.056,0.709365579,982.7333305828868
2128,1115.072,0.708997536053037,0.523620970284724,2230.144,2019_kk_088,Kusko,2019,0.709291206295252,0.52872539831597,1.4092223080908e-4,1370.476517,1505.41294,1857.056,0.709365579,982.7333305828868
2129,1115.596,0.708937011528347,0.527078407275793,2231.192,2019_kk_088,Kusko,2019,0.709277373949634,0.528779771768476,5.43734525062511e-5,1370.476517,1505.41294,1857.056,0.709365579,982.7333305828868
2130,1116.12,0.710641871538809,0.524079130504302,2232.24,2019_kk_088,Kusko,2019,0.70929214666539,0.529004994926282,2.2522315780582e-4,1370.476517,1505.41294,1857.056,0.709365579,982.7333305828868
2131,1116.644,0.711387406934444,0.523931285115417,2233.288,2019_kk_088,Kusko,2019,0.709231344882321,0.529432932572017,4.2793764573567e-4,1370.476517,1505.41294,1857.056,0.709365579,982.7333305828868
2132,1117.168,0.711324518608002,0.523604797674833,2234.336,2019_kk_088,Kusko,2019,0.709247807726555,0.529748507656859,3.1557508484136e-4,1370.476517,1505.41294,1857.056,0.709365579,982.7333305828868
2133,1117.692,0.708867094125617,0.524753299306857,2235.384,2019_kk_088,Kusko,2019,0.709203865134315,0.530036396995737,2.8788933887857e-4,1370.476517,1505.41294,1857.056,0.709365579,982.7333305828868
2134,1118.216,0.709926571695207,0.520308140386172,2236.432,2019_kk_088,Kusko,2019,0.709197382470294,0.530284567132234,2.4817013649636e-4,1370.476517,1505.41294,1857.056,0.709365579,982.7333305828868
2135,1118.74,0.710486183617349,0.525571884432649,2237.48,2019_kk_088,Kusko,2019,0.709214419926475,0.530532223221744,2.4765608951071e-4,1370.476517,1505.41294,1857.056,0.709365579,982.7333305828868
2136,1119.264,0.70698809635251,0.52317240730865,2238.528,2019_kk_088,Kusko,2019,0.709175982207228,0.530935237460668,4.030142389233e-4,1370.476517,1505.41294,1857.056,0.709365579,982.7333305828868
2137,1119.788,0.707931074296732,0.524996962786481,2239.576,2019_kk_088,Kusko,2019,0.7091777754797,0.5313515722826,4.1633482193237e-4,1370.476517,1505.41294,1857.056,0.709365579,982.7333305828868
2138,1120.312,0.70918672039482,0.516720218767098,2240.624,2019_kk_088,Kusko,2019,0.709174102944568,0.531668567409755,3.169951271551e-4,1370.476517,1505.41294,1857.056,0.709365579,982.7333305828868
2139,1120.836,0.708910280885751,0.518063302867403,2241.672,2019_kk_088,Kusko,2019,0.709163017740226,0.532001084136722,3.3251672696721e-4,1370.476517,1505.41294,1857.056,0.709365579,982.7333305828868
2140,1121.36,0.709980121548282,0.525373027622593,2242.72,2019_kk_088,Kusko,2019,0.709170947975694,0.53225687533833,2.5579120160812e-4,1370.476517,1505.41294,1857.056,0.709365579,982.7333305828868
2141,1121.884,0.711338838691761,0.527428999239741,2243.768,2019_kk_088,Kusko,2019,0.709160741679649,0.532600739189863,3.4386385153295e-4,1370.476517,1505.41294,1857.056,0.709365579,982.7333305828868
2142,1122.408,0.706881804387487,0.530208884332938,2244.816,2019_kk_088,Kusko,2019,0.709182090977332,0.532931281124985,3.3054193512149e-4,1370.476517,1505.41294,1857.056,0.709365579,982.7333305828868
2143,1122.932,0.709626823888386,0.533178166305227,2245.864,2019_kk_088,Kusko,2019,0.709174595325937,0.533258515552738,3.2723442775306e-4,1370.476517,1505.41294,1857.056,0.709365579,982.7333305828868
2144,1123.456,0.709066151133558,0.534588496147667,2246.912,2019_kk_088,Kusko,2019,0.709106342677886,0.533417384819518,1.5886926678043e-4,1370.476517,1505.41294,1857.056,0.709365579,982.7333305828868
2145,1123.98,0.711261532579602,0.538612780707115,2247.96,2019_kk_088,Kusko,2019,0.709103192113737,0.533511629748564,9.42449290454173e-5,1370.476517,1505.41294,1857.056,0.709365579,982.7333305828868
2146,1124.504,0.708221181816841,0.536024330441893,2249.008,2019_kk_088,Kusko,2019,0.70910989943505,0.533517866677601,6.23692903689577e-6,1370.476517,1505.41294,1857.056,0.709365579,982.7333305828868
2147,1125.028,0.710901337008913,0.533229838543099,2250.056,2019_kk_088,Kusko,2019,0.709098187743306,0.533594332830491,7.64661528906974e-5,1370.476517,1505.41294,1857.056,0.709365579,982.7333305828868
2148,1125.552,0.711805971999405,0.531380349040325,2251.104,2019_kk_088,Kusko,2019,0.709093257105524,0.533825457497866,2.3112466737473e-4,1370.476517,1505.41294,1857.056,0.709365579,982.7333305828868
2149,1126.076,0.708932936252979,0.523459253553438,2252.152,2019_kk_088,Kusko,2019,0.709095853131554,0.534122526652558,2.9706915469174e-4,1370.476517,1505.41294,1857.056,0.709365579,982.7333305828868
2150,1126.6,0.709990431575269,0.528310609447313,2253.2,2019_kk_088,Kusko,2019,0.709064433536264,0.534649362513564,5.2683586100588e-4,1370.476517,1505.41294,1857.056,0.709365579,982.7333305828868
2151,1127.124,0.706887377250114,0.542765429039497,2254.248,2019_kk_088,Kusko,2019,0.709095696091693,0.535297782613774,6.4842010021037e-4,1370.476517,1505.41294,1857.056,0.709365579,982.7333305828868
2152,1127.648,0.709656118800185,0.551755901712754,2255.296,2019_kk_088,Kusko,2019,0.709072954099977,0.535836046050224,5.3826343644991e-4,1370.476517,1505.41294,1857.056,0.709365579,982.7333305828868
2153,1128.172,0.709057481823021,0.558900152212387,2256.344,2019_kk_088,Kusko,2019,0.709059562988153,0.53638166537716,5.4561932693619e-4,1370.476517,1505.41294,1857.056,0.709365579,982.7333305828868
2154,1128.696,0.708208310325307,0.558505220502738,2257.392,2019_kk_088,Kusko,2019,0.709051543914996,0.536893047658256,5.1138228109592e-4,1370.476517,1505.41294,1857.056,0.709365579,982.7333305828868
2155,1129.22,0.710059215899527,0.549952558370199,2258.44,2019_kk_088,Kusko,2019,0.709055394530598,0.53748128308245,5.8823542419395e-4,1370.476517,1505.41294,1857.056,0.709365579,982.7333305828868
2156,1129.744,0.709043302540905,0.548711597421389,2259.488,2019_kk_088,Kusko,2019,0.709079978594286,0.5378817335806,4.0045049814951e-4,1370.476517,1505.41294,1857.056,0.709365579,982.7333305828868
2157,1130.268,0.707498117326181,0.540410618624857,2260.536,2019_kk_088,Kusko,2019,0.709054908553228,0.538430092985574,5.4835940497433e-4,1370.476517,1505.41294,1857.056,0.709365579,982.7333305828868
2158,1130.792,0.707194011696689,0.53565219369177,2261.584,2019_kk_088,Kusko,2019,0.709044167896065,0.538938198208873,5.081052232988e-4,1370.476517,1505.41294,1857.056,0.709365579,982.7333305828868
2159,1131.316,0.709427631341572,0.531484905871786,2262.632,2019_kk_088,Kusko,2019,0.709040713795462,0.539340379132105,4.0218092323252e-4,1370.476517,1505.41294,1857.056,0.709365579,982.7333305828868
2160,1131.84,0.709203276621061,0.542231066611463,2263.68,2019_kk_088,Kusko,2019,0.70897502731932,0.539768990644557,4.2861151245132e-4,1370.476517,1505.41294,1857.056,0.709365579,982.7333305828868
2161,1132.364,0.706545167117894,0.54507182959548806,2264.728,2019_kk_088,Kusko,2019,0.708943055300432,0.540157155996181,3.8816535162433e-4,1370.476517,1505.41294,1857.056,0.709365579,982.7333305828868
2162,1132.888,0.708493565773582,0.54473074015416,2265.776,2019_kk_088,Kusko,2019,0.708894007487057,0.540607312940329,4.5015694414762e-4,1370.476517,1505.41294,1857.056,0.709365579,982.7333305828868
2163,1133.412,0.708300018469509,0.544260911551569,2266.824,2019_kk_088,Kusko,2019,0.708916634474958,0.541059439154669,4.5212621434054e-4,1370.476517,1505.41294,1857.056,0.709365579,982.7333305828868
2164,1133.936,0.709609206256535,0.53894480852233,2267.872,2019_kk_088,Kusko,2019,0.708885778837086,0.541637547811566,5.7810865689655e-4,1370.476517,1505.41294,1857.056,0.709365579,982.7333305828868
2165,1134.46,0.70970503196313806,0.53625915166290306,2268.92,2019_kk_088,Kusko,2019,0.708882550927914,0.542108384128944,4.708363173782e-4,1370.476517,1505.41294,1857.056,0.709365579,982.7333305828868
2166,1134.984,0.708027753084793,0.537747267172123,2269.968,2019_kk_088,Kusko,2019,0.708909289962524,0.542714477406612,6.0609327766769e-4,1370.476517,1505.41294,1857.056,0.709365579,982.7333305828868
2167,1135.508,0.709897679139399,0.532106444900033,2271.016,2019_kk_088,Kusko,2019,0.708932577148616,0.543196865793506,4.8238838689418e-4,1370.476517,1505.41294,1857.056,0.709365579,982.7333305828868
2168,1136.032,0.709335268879975,0.530439427536422,2272.064,2019_kk_088,Kusko,2019,0.708937300114339,0.543717961687255,5.2109589374871e-4,1370.476517,1505.41294,1857.056,0.709365579,982.7333305828868
2169,1136.556,0.707451028397617,0.531117793404325,2273.112,2019_kk_088,Kusko,2019,0.708964748413003,0.544242263749507,5.2430206225218e-4,1370.476517,1505.41294,1857.056,0.709365579,982.7333305828868
2170,1137.08,0.709313549232434,0.535965707116191,2274.16,2019_kk_088,Kusko,2019,0.708971754931124,0.544667898040608,4.2563429110098e-4,1370.476517,1505.41294,1857.056,0.709365579,982.7333305828868
2171,1137.604,0.709100216860526,0.544897047517024,2275.208,2019_kk_088,Kusko,2019,0.708938673021304,0.545010554544041,3.4265650343323e-4,1370.476517,1505.41294,1857.056,0.709365579,982.7333305828868
2172,1138.128,0.709613554031423,0.552343339485128,2276.256,2019_kk_088,Kusko,2019,0.708977060111236,0.545384285969148,3.7373142510699e-4,1370.476517,1505.41294,1857.056,0.709365579,982.7333305828868
2173,1138.652,0.70735825019736,0.553025543830388,2277.304,2019_kk_088,Kusko,2019,0.708976975377471,0.545709730446152,3.2544447700455e-4,1370.476517,1505.41294,1857.056,0.709365579,982.7333305828868
2174,1139.176,0.707951009103232,0.545629844598037,2278.352,2019_kk_088,Kusko,2019,0.708976055470421,0.545924679500094,2.1494905394159e-4,1370.476517,1505.41294,1857.056,0.709365579,982.7333305828868
2175,1139.7,0.708186025590958,0.537567553213015,2279.4,2019_kk_088,Kusko,2019,0.708937707178732,0.546072662849255,1.479833491611e-4,1370.476517,1505.41294,1857.056,0.709365579,982.7333305828868
2176,1140.224,0.709493286939621,0.531128907351033,2280.448,2019_kk_088,Kusko,2019,0.708964577184715,0.546219565514349,1.469026650942e-4,1370.476517,1505.41294,1857.056,0.709365579,982.7333305828868
2177,1140.748,0.708343931280579,0.529268837094138,2281.496,2019_kk_088,Kusko,2019,0.708976024918009,0.546469922730695,2.5035721634569e-4,1370.476517,1505.41294,1857.056,0.709365579,982.7333305828868
2178,1141.272,0.708989858128115,0.534358142769973,2282.544,2019_kk_088,Kusko,2019,0.70891579113903,0.546718647518649,2.487247879539e-4,1370.476517,1505.41294,1857.056,0.709365579,982.7333305828868
2179,1141.796,0.710333483007989,0.542172544852094,2283.592,2019_kk_088,Kusko,2019,0.708906316545125,0.547071763902932,3.5311638428259e-4,1370.476517,1505.41294,1857.056,0.709365579,982.7333305828868
2180,1142.32,0.708513657838468,0.552118440700509,2284.64,2019_kk_088,Kusko,2019,0.708891224784067,0.547493363736378,4.2159983344691e-4,1370.476517,1505.41294,1857.056,0.709365579,982.7333305828868
2181,1142.844,0.709125032232621,0.56042308921293,2285.688,2019_kk_088,Kusko,2019,0.708920183086801,0.547637058483428,1.4369474704978e-4,1370.476517,1505.41294,1857.056,0.709365579,982.7333305828868
2182,1143.368,0.708326313992671,0.556123145269765,2286.736,2019_kk_088,Kusko,2019,0.708929097084024,0.547689427448361,5.23689649329917e-5,1370.476517,1505.41294,1857.056,0.709365579,982.7333305828868
2183,1143.892,0.70933114570573,0.561094524198314,2287.784,2019_kk_088,Kusko,2019,0.708946577278028,0.547740090598505,5.06631501441257e-5,1370.476517,1505.41294,1857.056,0.709365579,982.7333305828868
2184,1144.416,0.707977745739052,0.560099650616507,2288.832,2019_kk_088,Kusko,2019,0.708932783486266,0.547840107736434,1.0001713792873e-4,1370.476517,1505.41294,1857.056,0.709365579,982.7333305828868
2185,1144.94,0.709174920198483,0.568572333531148,2289.88,2019_kk_088,Kusko,2019,0.708948077492172,0.548143174800345,3.0306706391047e-4,1370.476517,1505.41294,1857.056,0.709365579,982.7333305828868
2186,1145.464,0.709436192868234,0.558461852207916,2290.928,2019_kk_088,Kusko,2019,0.708952281698731,0.548486101948066,3.4292714772132e-4,1370.476517,1505.41294,1857.056,0.709365579,982.7333305828868
2187,1145.988,0.70753528062602,0.563811514920368,2291.976,2019_kk_088,Kusko,2019,0.70897751931934,0.548708115787332,2.2201383926645e-4,1370.476517,1505.41294,1857.056,0.709365579,982.7333305828868
2188,1146.512,0.708353096623262,0.554107283682654,2293.024,2019_kk_088,Kusko,2019,0.709014679378286,0.548979047676963,2.7093188963045e-4,1370.476517,1505.41294,1857.056,0.709365579,982.7333305828868
2189,1147.036,0.708729765492164,0.55120926266975,2294.072,2019_kk_088,Kusko,2019,0.70899914114373,0.549364587699413,3.8554002244994e-4,1370.476517,1505.41294,1857.056,0.709365579,982.7333305828868
2190,1147.56,0.706700682970296,0.549795821251379,2295.12,2019_kk_088,Kusko,2019,0.709020918918161,0.549683679448718,3.1909174930489e-4,1370.476517,1505.41294,1857.056,0.709365579,982.7333305828868
2191,1148.084,0.70946908580116,0.547221206212883,2296.168,2019_kk_088,Kusko,2019,0.709043825079527,0.550033747915043,3.5006846632512e-4,1370.476517,1505.41294,1857.056,0.709365579,982.7333305828868
2192,1148.608,0.708381649805492,0.550614214323686,2297.216,2019_kk_088,Kusko,2019,0.709062288605303,0.550307171558013,2.7342364297e-4,1370.476517,1505.41294,1857.056,0.709365579,982.7333305828868
2193,1149.132,0.710224713399706,0.551880872167293,2298.264,2019_kk_088,Kusko,2019,0.709079118170729,0.55054594656584,2.3877500782754e-4,1370.476517,1505.41294,1857.056,0.709365579,982.7333305828868
2194,1149.656,0.708075233422864,0.554994659799965,2299.312,2019_kk_088,Kusko,2019,0.709051300294997,0.551056451846599,5.1050528075857e-4,1370.476517,1505.41294,1857.056,0.709365579,982.7333305828868
2195,1150.18,0.710292509067055,0.553822063475342,2300.36,2019_kk_088,Kusko,2019,0.709055833165477,0.551483628752111,4.2717690551175e-4,1370.476517,1505.41294,1857.056,0.709365579,982.7333305828868
2196,1150.704,0.708592438429106,0.559538003968709,2301.408,2019_kk_088,Kusko,2019,0.709056463779585,0.551848527748438,3.6489899632763e-4,1370.476517,1505.41294,1857.056,0.709365579,982.7333305828868
2197,1151.228,0.709328305462239,0.553940266000136,2302.456,2019_kk_088,Kusko,2019,0.709042311923244,0.552281441612092,4.3291386365385e-4,1370.476517,1505.41294,1857.056,0.709365579,982.7333305828868
2198,1151.752,0.709470098338194,0.547985972392018,2303.504,2019_kk_088,Kusko,2019,0.709037295004371,0.552683835995996,4.023943839041e-4,1370.476517,1505.41294,1857.056,0.709365579,982.7333305828868
2199,1152.276,0.710557178805614,0.549521426602537,2304.552,2019_kk_088,Kusko,2019,0.709057960961735,0.553120736623258,4.3690062726187e-4,1370.476517,1505.41294,1857.056,0.709365579,982.7333305828868
2200,1152.8,0.7104005126355,0.550911085088649,2305.6,2019_kk_088,Kusko,2019,0.709069265105793,0.553598765368275,4.780287450169e-4,1370.476517,1505.41294,1857.056,0.709365579,982.7333305828868
2201,1153.324,0.709353924102591,0.547988389445738,2306.648,2019_kk_088,Kusko,2019,0.709085293213427,0.553998652099968,3.9988673169288e-4,1370.476517,1505.41294,1857.056,0.709365579,982.7333305828868
2202,1153.848,0.709185029783388,0.55263276983936,2307.696,2019_kk_088,Kusko,2019,0.709050017523564,0.554276740780356,2.7808868038858e-4,1370.476517,1505.41294,1857.056,0.709365579,982.7333305828868
2203,1154.372,0.709621739862529,0.552704834925499,2308.744,2019_kk_088,Kusko,2019,0.709090209352962,0.55462502069549,3.4827991513342e-4,1370.476517,1505.41294,1857.056,0.709365579,982.7333305828868
2204,1154.896,0.709010956710544,0.547485439384158,2309.792,2019_kk_088,Kusko,2019,0.709115198649717,0.555080963711049,4.559430155594e-4,1370.476517,1505.41294,1857.056,0.709365579,982.7333305828868
2205,1155.42,0.708960635078258,0.547491781656786,2310.84,2019_kk_088,Kusko,2019,0.709154853134739,0.555729201297505,6.4823758645538e-4,1370.476517,1505.41294,1857.056,0.709365579,982.7333305828868
2206,1155.944,0.709833382175791,0.544838490347548,2311.888,2019_kk_088,Kusko,2019,0.709144793711395,0.556601660133551,8.7245883604647e-4,1370.476517,1505.41294,1857.056,0.709365579,982.7333305828868
2207,1156.468,0.711588201006559,0.548251271523835,2312.936,2019_kk_088,Kusko,2019,0.709150812951139,0.557423329076792,8.2166894324087e-4,1370.476517,1505.41294,1857.056,0.709365579,982.7333305828868
2208,1156.992,0.708191945260687,0.546303836317566,2313.984,2019_kk_088,Kusko,2019,0.709165564181954,0.558073186107282,6.4985703049025e-4,1370.476517,1505.41294,1857.056,0.709365579,982.7333305828868
2209,1157.516,0.708364460618645,0.544646236610397,2315.032,2019_kk_088,Kusko,2019,0.709165031891376,0.558474420244773,4.0123413749038e-4,1370.476517,1505.41294,1857.056,0.709365579,982.7333305828868
2210,1158.04,0.709084925911784,0.553606599454125,2316.08,2019_kk_088,Kusko,2019,0.70917281125069,0.558639526024094,1.6510577932138e-4,1370.476517,1505.41294,1857.056,0.709365579,982.7333305828868
2211,1158.564,0.708624875414195,0.551387113862486,2317.128,2019_kk_088,Kusko,2019,0.709176642180059,0.558669145198773,2.96191746789187e-5,1370.476517,1505.41294,1857.056,0.709365579,982.7333305828868
2212,1159.088,0.710190958633557,0.554898039608733,2318.176,2019_kk_088,Kusko,2019,0.709212665890593,0.558914485942432,2.4534074365856e-4,1370.476517,1505.41294,1857.056,0.709365579,982.7333305828868
2213,1159.612,0.710106293463277,0.561939941221034,2319.224,2019_kk_088,Kusko,2019,0.70920212864060606,0.559164727608383,2.5024166595188e-4,1370.476517,1505.41294,1857.056,0.709365579,982.7333305828868
2214,1160.136,0.707380682819571,0.564506248778461,2320.272,2019_kk_088,Kusko,2019,0.70920475007589,0.559593984231377,4.2925662299375e-4,1370.476517,1505.41294,1857.056,0.709365579,982.7333305828868
2215,1160.66,0.710976856253856,0.568136582204827,2321.32,2019_kk_088,Kusko,2019,0.709206369957808,0.559783557282312,1.8957305093469e-4,1370.476517,1505.41294,1857.056,0.709365579,982.7333305828868
2216,1161.184,0.70929555493446,0.569287226284667,2322.368,2019_kk_088,Kusko,2019,0.709220179304523,0.560163563934405,3.8000665209292e-4,1370.476517,1505.41294,1857.056,0.709365579,982.7333305828868
2217,1161.708,0.70901237456273,0.553731448980847,2323.416,2019_kk_088,Kusko,2019,0.709241459902247,0.56056388767284,4.0032373843479e-4,1370.476517,1505.41294,1857.056,0.709365579,982.7333305828868
2218,1162.232,0.70942361523347,0.551908107069602,2324.464,2019_kk_088,Kusko,2019,0.709250478968033,0.56121910135263,6.5521367979004e-4,1370.476517,1505.41294,1857.056,0.709365579,982.7333305828868
2219,1162.756,0.708495337268209,0.554617307218779,2325.512,2019_kk_088,Kusko,2019,0.709238831107523,0.561807966259517,5.8886490688747e-4,1370.476517,1505.41294,1857.056,0.709365579,982.7333305828868
2220,1163.28,0.710509943086885,0.561376571569761,2326.56,2019_kk_088,Kusko,2019,0.709280379573762,0.562379636751223,5.7167049170625e-4,1370.476517,1505.41294,1857.056,0.709365579,982.7333305828868
2221,1163.804,0.707919536799845,0.566075937574998,2327.608,2019_kk_088,Kusko,2019,0.709315583169867,0.563243812890036,8.6417613881262e-4,1370.476517,1505.41294,1857.056,0.709365579,982.7333305828868
2222,1164.328,0.709601377320189,0.561136158732361,2328.656,2019_kk_088,Kusko,2019,0.709341808313782,0.564181486536909,9.3767364687313e-4,1370.476517,1505.41294,1857.056,0.709365579,982.7333305828868
2223,1164.852,0.709309792395029,0.558587412021221,2329.704,2019_kk_088,Kusko,2019,0.709319946380271,0.565139147625475,9.5766108856543e-4,1370.476517,1505.41294,1857.056,0.709365579,982.7333305828868
2224,1165.376,0.70794013371263,0.56957512536785,2330.752,2019_kk_088,Kusko,2019,0.709318593086365,0.565800098527559,6.6095090208451e-4,1370.476517,1505.41294,1857.056,0.709365579,982.7333305828868
2225,1165.9,0.709977004191927,0.561889765993602,2331.8,2019_kk_088,Kusko,2019,0.70931203589269,0.566396742630713,5.9664410315363e-4,1370.476517,1505.41294,1857.056,0.709365579,982.7333305828868
2226,1166.424,0.708065589931302,0.559641206951783,2332.848,2019_kk_088,Kusko,2019,0.709312759978341,0.566795272082978,3.9852945226515e-4,1370.476517,1505.41294,1857.056,0.709365579,982.7333305828868
2227,1166.948,0.709048567758923,0.558081276719264,2333.896,2019_kk_088,Kusko,2019,0.709317828444734,0.567253188542269,4.5791645929094e-4,1370.476517,1505.41294,1857.056,0.709365579,982.7333305828868
2228,1167.472,0.709034253747587,0.554583090570669,2334.944,2019_kk_088,Kusko,2019,0.709353657157922,0.567850796783342,5.9760824107335e-4,1370.476517,1505.41294,1857.056,0.709365579,982.7333305828868
2229,1167.996,0.708690985839502,0.557331831040039,2335.992,2019_kk_088,Kusko,2019,0.709324808365154,0.568614319466127,7.6352268278512e-4,1370.476517,1505.41294,1857.056,0.709365579,982.7333305828868
2230,1168.52,0.70999179787588,0.564647431817209,2337.04,2019_kk_088,Kusko,2019,0.709281586190087,0.5693275292748,7.1320980867262e-4,1370.476517,1505.41294,1857.056,0.709365579,982.7333305828868
2231,1169.044,0.710061903318556,0.568890251418595,2338.088,2019_kk_088,Kusko,2019,0.70925792438717,0.57024460960639,9.1708033159021e-4,1370.476517,1505.41294,1857.056,0.709365579,982.7333305828868
2232,1169.568,0.707497012639689,0.569028660308448,2339.136,2019_kk_088,Kusko,2019,0.709285207265836,0.571054006369383,8.0939676299252e-4,1370.476517,1505.41294,1857.056,0.709365579,982.7333305828868
2233,1170.092,0.709769759961187,0.573922338738391,2340.184,2019_kk_088,Kusko,2019,0.709260499113089,0.571973554124082,9.1954775469937e-4,1370.476517,1505.41294,1857.056,0.709365579,982.7333305828868
2234,1170.616,0.70945036690858,0.5729864255316,2341.232,2019_kk_088,Kusko,2019,0.709274262947816,0.573022937262675,0.0010493831385926,1370.476517,1505.41294,1857.056,0.709365579,982.7333305828868
2235,1171.14,0.710565294692262,0.576461808400341,2342.28,2019_kk_088,Kusko,2019,0.709284456015829,0.574078638245605,0.00105570098293006,1370.476517,1505.41294,1857.056,0.709365579,982.7333305828868
2236,1171.664,0.708889721539007,0.583476437513814,2343.328,2019_kk_088,Kusko,2019,0.709289372941161,0.575089084704821,0.00101044645921589,1370.476517,1505.41294,1857.056,0.709365579,982.7333305828868
2237,1172.188,0.70870508566517,0.578568973688592,2344.376,2019_kk_088,Kusko,2019,0.70925125248725,0.576021286987278,9.3220228245705e-4,1370.476517,1505.41294,1857.056,0.709365579,982.7333305828868
2238,1172.712,0.709874931977034,0.573349564599388,2345.424,2019_kk_088,Kusko,2019,0.709325164346506,0.57694806601043,9.2677902315208e-4,1370.476517,1505.41294,1857.056,0.709365579,982.7333305828868
2239,1173.236,0.71030154557328,0.566246593101517,2346.472,2019_kk_088,Kusko,2019,0.70934770344596,0.577931477846356,9.8341183592665e-4,1370.476517,1505.41294,1857.056,0.709365579,982.7333305828868
2240,1173.76,0.70898041939729906,0.562024787459788,2347.52,2019_kk_088,Kusko,2019,0.709336207487115,0.578929484094339,9.980062479824e-4,1370.476517,1505.41294,1857.056,0.709365579,982.7333305828868
2241,1174.284,0.709354887994789,0.562200239693673,2348.568,2019_kk_088,Kusko,2019,0.709333616075285,0.580033483278624,0.00110399918428505,1370.476517,1505.41294,1857.056,0.709365579,982.7333305828868
2242,1174.808,0.710487736624729,0.570843589889278,2349.616,2019_kk_088,Kusko,2019,0.709310911073053,0.581153296853335,0.00111981357471069,1370.476517,1505.41294,1857.056,0.709365579,982.7333305828868
2243,1175.332,0.708698910706515,0.576109024155423,2350.664,2019_kk_088,Kusko,2019,0.709278139243222,0.582088394324204,9.3509747086939e-4,1370.476517,1505.41294,1857.056,0.709365579,982.7333305828868
2244,1175.856,0.708135031856046,0.585855047996134,2351.712,2019_kk_088,Kusko,2019,0.709314908158067,0.583043377853977,9.5498352977296e-4,1370.476517,1505.41294,1857.056,0.709365579,982.7333305828868
2245,1176.38,0.70927211311357,0.57994671658723,2352.76,2019_kk_088,Kusko,2019,0.709254922386959,0.583928933711644,8.8555585766747e-4,1370.476517,1505.41294,1857.056,0.709365579,982.7333305828868
2246,1176.904,0.710264753671168,0.581262251333496,2353.808,2019_kk_088,Kusko,2019,0.709267186939259,0.584792435682669,8.6350197102458e-4,1370.476517,1505.41294,1857.056,0.709365579,982.7333305828868
2247,1177.428,0.708812116489435,0.587830939226451,2354.856,2019_kk_088,Kusko,2019,0.709278074077839,0.585959381866515,0.00116694618384572,1370.476517,1505.41294,1857.056,0.709365579,982.7333305828868
2248,1177.952,0.708894240570433,0.593420104470066,2355.904,2019_kk_088,Kusko,2019,0.709292160585614,0.587261201882735,0.00130182001622048,1370.476517,1505.41294,1857.056,0.709365579,982.7333305828868
2249,1178.476,0.708030893861537,0.586541157083001,2356.952,2019_kk_088,Kusko,2019,0.709300771708455,0.588430362513223,0.001169160630488,1370.476517,1505.41294,1857.056,0.709365579,982.7333305828868
2250,1179,0.709193590944665,0.584096050753753,2358,2019_kk_088,Kusko,2019,0.7092568828185,0.589548542333447,0.00111817982022389,1370.476517,1505.41294,1857.056,0.709365579,982.7333305828868
2251,1179.524,0.711581301567463,0.599071774541645,2359.048,2019_kk_088,Kusko,2019,0.709299245057795,0.590542559646705,9.9401731325843e-4,1370.476517,1505.41294,1857.056,0.709365579,982.7333305828868
2252,1180.048,0.709955158440401,0.606874633136074,2360.096,2019_kk_088,Kusko,2019,0.709320277348022,0.591593105922863,0.00105054627615775,1370.476517,1505.41294,1857.056,0.709365579,982.7333305828868
2253,1180.572,0.708912997389045,0.609340537481221,2361.144,2019_kk_088,Kusko,2019,0.70928535628464,0.592716840230599,0.00112373430773605,1370.476517,1505.41294,1857.056,0.709365579,982.7333305828868
2254,1181.096,0.707994035788464,0.59465171392504,2362.192,2019_kk_088,Kusko,2019,0.709307819161935,0.593759874699555,0.00104303446895559,1370.476517,1505.41294,1857.056,0.709365579,982.7333305828868
2255,1181.62,0.709899077446584,0.589620709664557,2363.24,2019_kk_088,Kusko,2019,0.709293138782606,0.594898705439827,0.00113883074027199,1370.476517,1505.41294,1857.056,0.709365579,982.7333305828868
2256,1182.144,0.708635883568151,0.583449771104624,2364.288,2019_kk_088,Kusko,2019,0.709273195200061,0.596114742712928,0.00121603727310149,1370.476517,1505.41294,1857.056,0.709365579,982.7333305828868
2257,1182.668,0.709632413445865,0.581415253557589,2365.336,2019_kk_088,Kusko,2019,0.709269728016787,0.597227208451502,0.0011124657385736,1370.476517,1505.41294,1857.056,0.709365579,982.7333305828868
2258,1183.192,0.711619821129447,0.58384246685642,2366.384,2019_kk_088,Kusko,2019,0.709267180615181,0.598540346709901,0.00131313825839907,1370.476517,1505.41294,1857.056,0.709365579,982.7333305828868
2259,1183.716,0.708826251239521,0.595332787569647,2367.432,2019_kk_088,Kusko,2019,0.709273333755166,0.599707934570114,0.00116758786021265,1370.476517,1505.41294,1857.056,0.709365579,982.7333305828868
2260,1184.24,0.707807182131482,0.593703673609006,2368.48,2019_kk_088,Kusko,2019,0.709253762474172,0.600774354473685,0.00106641990357159,1370.476517,1505.41294,1857.056,0.709365579,982.7333305828868
2261,1184.764,0.707934215927597,0.603013209341148,2369.528,2019_kk_088,Kusko,2019,0.709262129958482,0.601855317343063,0.00108096286937809,1370.476517,1505.41294,1857.056,0.709365579,982.7333305828868
2262,1185.288,0.710822002503307,0.601196575618914,2370.576,2019_kk_088,Kusko,2019,0.709277863698188,0.60286509976651,0.00100978242344629,1370.476517,1505.41294,1857.056,0.709365579,982.7333305828868
2263,1185.812,0.708139250697747,0.607877700207468,2371.624,2019_kk_088,Kusko,2019,0.709272845538298,0.60411769263779,0.0012525928712801,1370.476517,1505.41294,1857.056,0.709365579,982.7333305828868
2264,1186.336,0.709836786794144,0.610448427699709,2372.672,2019_kk_088,Kusko,2019,0.709254126591966,0.6052026278386,0.00108493520081043,1370.476517,1505.41294,1857.056,0.709365579,982.7333305828868
2265,1186.86,0.70957221915903,0.610833840632593,2373.72,2019_kk_088,Kusko,2019,0.709175639048393,0.606275403410784,0.00107277557218377,1370.476517,1505.41294,1857.056,0.709365579,982.7333305828868
2266,1187.384,0.710128397695709,0.605465277900497,2374.768,2019_kk_088,Kusko,2019,0.709178430308546,0.607125315032261,8.4991162147751e-4,1370.476517,1505.41294,1857.056,0.709365579,982.7333305828868
2267,1187.908,0.709300973771948,0.604183408471259,2375.816,2019_kk_088,Kusko,2019,0.709214023659454,0.607996503022872,8.7118799061036e-4,1370.476517,1505.41294,1857.056,0.709365579,982.7333305828868
2268,1188.432,0.712626656815991,0.601910577706695,2376.864,2019_kk_088,Kusko,2019,0.709215242682828,0.608923719584623,9.2721656175165e-4,1370.476517,1505.41294,1857.056,0.709365579,982.7333305828868
2269,1188.956,0.709716806585939,0.603650946765992,2377.912,2019_kk_088,Kusko,2019,0.709171136941412,0.609915972875369,9.9225329074526e-4,1370.476517,1505.41294,1857.056,0.709365579,982.7333305828868
2270,1189.48,0.708395168381035,0.61348697433307,2378.96,2019_kk_088,Kusko,2019,0.709194919700675,0.610896696316156,9.8072344078759e-4,1370.476517,1505.41294,1857.056,0.709365579,982.7333305828868
2271,1190.004,0.708469390704418,0.617627064919582,2380.008,2019_kk_088,Kusko,2019,0.709186944346929,0.611920603363784,0.00102390704762778,1370.476517,1505.41294,1857.056,0.709365579,982.7333305828868
2272,1190.528,0.708828658499654,0.622086854091372,2381.056,2019_kk_088,Kusko,2019,0.709179146732144,0.612928586224809,0.00100798286102521,1370.476517,1505.41294,1857.056,0.709365579,982.7333305828868
2273,1191.052,0.708139983673406,0.618045789473203,2382.104,2019_kk_088,Kusko,2019,0.709197701231579,0.613847137355318,9.1855113050876e-4,1370.476517,1505.41294,1857.056,0.709365579,982.7333305828868
2274,1191.576,0.709586817710296,0.62180526056484,2383.152,2019_kk_088,Kusko,2019,0.709207250773934,0.614755316764777,9.081794094593e-4,1370.476517,1505.41294,1857.056,0.709365579,982.7333305828868
2275,1192.1,0.707377709987316,0.621269933664877,2384.2,2019_kk_088,Kusko,2019,0.709239563989222,0.615909830385122,0.00115451362034436,1370.476517,1505.41294,1857.056,0.709365579,982.7333305828868
2276,1192.624,0.710031428072516,0.621097344546143,2385.248,2019_kk_088,Kusko,2019,0.709223911243382,0.617219523407743,0.00130969302262129,1370.476517,1505.41294,1857.056,0.709365579,982.7333305828868
2277,1193.148,0.709665602877507,0.623748220011592,2386.296,2019_kk_088,Kusko,2019,0.709238693416223,0.618240798913343,0.00102127550560049,1370.476517,1505.41294,1857.056,0.709365579,982.7333305828868
2278,1193.672,0.710268805699959,0.630017308042834,2387.344,2019_kk_088,Kusko,2019,0.709244126766137,0.61910557925298,8.6478033963666e-4,1370.476517,1505.41294,1857.056,0.709365579,982.7333305828868
2279,1194.196,0.709012004638683,0.624766945048057,2388.392,2019_kk_088,Kusko,2019,0.709277431742983,0.620175052851181,0.00106947359820109,1370.476517,1505.41294,1857.056,0.709365579,982.7333305828868
2280,1194.72,0.707876609689578,0.628467360783197,2389.44,2019_kk_088,Kusko,2019,0.709256912629146,0.621282501327713,0.00110744847653133,1370.476517,1505.41294,1857.056,0.709365579,982.7333305828868
2281,1195.244,0.710461271157553,0.625716976370506,2390.488,2019_kk_088,Kusko,2019,0.709222599780999,0.62213677116098,8.5426983326764e-4,1370.476517,1505.41294,1857.056,0.709365579,982.7333305828868
2282,1195.768,0.710863314733814,0.624168935301827,2391.536,2019_kk_088,Kusko,2019,0.709198253227292,0.622856866006555,7.2009484557444e-4,1370.476517,1505.41294,1857.056,0.709365579,982.7333305828868
2283,1196.292,0.707214528592097,0.626011470485383,2392.584,2019_kk_088,Kusko,2019,0.709176349759649,0.623582187571117,7.2532156456206e-4,1370.476517,1505.41294,1857.056,0.709365579,982.7333305828868
2284,1196.816,0.709287906350327,0.632157193505191,2393.632,2019_kk_088,Kusko,2019,0.709222080570031,0.624366333662823,7.8414609170662e-4,1370.476517,1505.41294,1857.056,0.709365579,982.7333305828868
2285,1197.34,0.709096181432157,0.630219610409919,2394.68,2019_kk_088,Kusko,2019,0.709211731624167,0.625411351519081,0.0010450178562581,1370.476517,1505.41294,1857.056,0.709365579,982.7333305828868
2286,1197.864,0.706868974978644,0.632603443337876,2395.728,2019_kk_088,Kusko,2019,0.709212759176538,0.626486096017144,0.00107474449806266,1370.476517,1505.41294,1857.056,0.709365579,982.7333305828868
2287,1198.388,0.708840536762437,0.624829221033679,2396.776,2019_kk_088,Kusko,2019,0.709249833633223,0.6276656157441,0.00117951972695551,1370.476517,1505.41294,1857.056,0.709365579,982.7333305828868
2288,1198.912,0.708881409651277,0.633371386074607,2397.824,2019_kk_088,Kusko,2019,0.709223519044025,0.62883906002979,0.00117344428569077,1370.476517,1505.41294,1857.056,0.709365579,982.7333305828868
2289,1199.436,0.709060174238567,0.627387102652797,2398.872,2019_kk_088,Kusko,2019,0.70925042636583,0.629784029674052,9.4496964426182e-4,1370.476517,1505.41294,1857.056,0.709365579,982.7333305828868
2290,1199.96,0.708817521016255,0.628632626031502,2399.92,2019_kk_088,Kusko,2019,0.709268128140707,0.630631548244037,8.4751856998499e-4,1370.476517,1505.41294,1857.056,0.709365579,982.7333305828868
2291,1200.484,0.710563952377168,0.633748023581283,2400.968,2019_kk_088,Kusko,2019,0.709250585792976,0.631405808574551,7.7426033051419e-4,1370.476517,1505.41294,1857.056,0.709365579,982.7333305828868
2292,1201.008,0.708441037022026,0.629615605715227,2402.016,2019_kk_088,Kusko,2019,0.709217247225992,0.632239368465806,8.3355989125455e-4,1370.476517,1505.41294,1857.056,0.709365579,982.7333305828868
2293,1201.532,0.709468670367782,0.649077911015197,2403.064,2019_kk_088,Kusko,2019,0.709233788593449,0.633131837918418,8.9246945261234e-4,1370.476517,1505.41294,1857.056,0.709365579,982.7333305828868
2294,1202.056,0.708327230128695,0.638082537580219,2404.112,2019_kk_088,Kusko,2019,0.70924849825138,0.633768358153064,6.3652023464599e-4,1370.476517,1505.41294,1857.056,0.709365579,982.7333305828868
2295,1202.58,0.705856042077865,0.640828342731369,2405.16,2019_kk_088,Kusko,2019,0.70922685737891,0.634242359367837,4.7400121477259e-4,1370.476517,1505.41294,1857.056,0.709365579,982.7333305828868
2296,1203.104,0.709057197148195,0.634471134802463,2406.208,2019_kk_088,Kusko,2019,0.709244036956952,0.634832537714299,5.9017834646224e-4,1370.476517,1505.41294,1857.056,0.709365579,982.7333305828868
2297,1203.628,0.710840686719669,0.630840253125219,2407.256,2019_kk_088,Kusko,2019,0.709255531460707,0.635468399240864,6.3586152656469e-4,1370.476517,1505.41294,1857.056,0.709365579,982.7333305828868
2298,1204.152,0.709948073379453,0.628982558304487,2408.304,2019_kk_088,Kusko,2019,0.709195705100772,0.636107482825886,6.3908358502196e-4,1370.476517,1505.41294,1857.056,0.709365579,982.7333305828868
2299,1204.676,0.707655201088321,0.625781790546233,2409.352,2019_kk_088,Kusko,2019,0.709177465474913,0.636680961631541,5.7347880565528e-4,1370.476517,1505.41294,1857.056,0.709365579,982.7333305828868
2300,1205.2,0.710407384953118,0.620868193907038,2410.4,2019_kk_088,Kusko,2019,0.709230962804598,0.637203199581666,5.222379501254e-4,1370.476517,1505.41294,1857.056,0.709365579,982.7333305828868
2301,1205.724,0.708876366770016,0.623634662551343,2411.448,2019_kk_088,Kusko,2019,0.709229166774785,0.63769363443482,4.904348531538e-4,1370.476517,1505.41294,1857.056,0.709365579,982.7333305828868
2302,1206.248,0.710019879737621,0.63132256155079,2412.496,2019_kk_088,Kusko,2019,0.709238365152579,0.638083686891253,3.9005245643319e-4,1370.476517,1505.41294,1857.056,0.709365579,982.7333305828868
2303,1206.772,0.709812180672573,0.631222091985947,2413.544,2019_kk_088,Kusko,2019,0.709247279268271,0.638539938949495,4.5625205824195e-4,1370.476517,1505.41294,1857.056,0.709365579,982.7333305828868
2304,1207.296,0.708708004397403,0.640345812563696,2414.592,2019_kk_088,Kusko,2019,0.709278602243444,0.638607154506048,6.72155565523136e-5,1370.476517,1505.41294,1857.056,0.709365579,982.7333305828868
2305,1207.82,0.711210906030826,0.649217533807889,2415.64,2019_kk_088,Kusko,2019,0.709292164788577,0.638549162919437,-5.79915866104619e-5,1370.476517,1505.41294,1857.056,0.709365579,982.7333305828868
2306,1208.344,0.709325588920768,0.65984383269077,2416.688,2019_kk_088,Kusko,2019,0.70927810907351,0.638548831241086,-3.31678351117581e-7,1370.476517,1505.41294,1857.056,0.709365579,982.7333305828868
2307,1208.868,0.709699046859862,0.64910746956248,2417.736,2019_kk_088,Kusko,2019,0.709237059759128,0.638580833705013,3.20024639270944e-5,1370.476517,1505.41294,1857.056,0.709365579,982.7333305828868
2308,1209.392,0.70922024156529,0.645306924848259,2418.784,2019_kk_088,Kusko,2019,0.709215161523439,0.638508917426044,-7.19162789692973e-5,1370.476517,1505.41294,1857.056,0.709365579,982.7333305828868
2309,1209.916,0.710029192472336,0.650709572975073,2419.832,2019_kk_088,Kusko,2019,0.709213232189903,0.63839946657667,-1.0945084937386e-4,1370.476517,1505.41294,1857.056,0.709365579,982.7333305828868
2310,1210.44,0.707962444114416,0.65054295934563,2420.88,2019_kk_088,Kusko,2019,0.709228950944664,0.638200664872357,-1.9880170431263e-4,1370.476517,1505.41294,1857.056,0.709365579,982.7333305828868
2311,1210.964,0.709522530678656,0.650327964537706,2421.928,2019_kk_088,Kusko,2019,0.709226609701802,0.638130139747496,-7.05251248619421e-5,1370.476517,1505.41294,1857.056,0.709365579,982.7333305828868
2312,1211.488,0.708494365217962,0.650080323870544,2422.976,2019_kk_088,Kusko,2019,0.709190926587286,0.638272776385471,1.4263663797575e-4,1370.476517,1505.41294,1857.056,0.709365579,982.7333305828868
2313,1212.012,0.707598789330458,0.652859831354942,2424.024,2019_kk_088,Kusko,2019,0.709224453988651,0.638585017218945,3.1224083347414e-4,1370.476517,1505.41294,1857.056,0.709365579,982.7333305828868
2314,1212.536,0.710737884411379,0.641700479427435,2425.072,2019_kk_088,Kusko,2019,0.70922227477291,0.638904003095856,3.1898587691081e-4,1370.476517,1505.41294,1857.056,0.709365579,982.7333305828868
2315,1213.06,0.709278140694749,0.652321781040042,2426.12,2019_kk_088,Kusko,2019,0.709214710609991,0.638966613699807,6.26106039506302e-5,1370.476517,1505.41294,1857.056,0.709365579,982.7333305828868
2316,1213.584,0.708697536710422,0.647934440988385,2427.168,2019_kk_088,Kusko,2019,0.709265847166468,0.638800166330504,-1.6644736930315e-4,1370.476517,1505.41294,1857.056,0.709365579,982.7333305828868
2317,1214.108,0.711856880846961,0.65218643717492,2428.216,2019_kk_088,Kusko,2019,0.709292271176361,0.63861999275452,-1.8017357598332e-4,1370.476517,1505.41294,1857.056,0.709365579,982.7333305828868
2318,1214.632,0.710040945777571,0.654249123997869,2429.264,2019_kk_088,Kusko,2019,0.709319096179342,0.638335304610207,-2.8468814431315e-4,1370.476517,1505.41294,1857.056,0.709365579,982.7333305828868
2319,1215.156,0.710440690547803,0.652030966225359,2430.312,2019_kk_088,Kusko,2019,0.709320829936866,0.638006814393071,-3.284902171361e-4,1370.476517,1505.41294,1857.056,0.709365579,982.7333305828868
2320,1215.68,0.708869288624119,0.644554787808105,2431.36,2019_kk_088,Kusko,2019,0.709329501293422,0.637535598155651,-4.7121623742019e-4,1370.476517,1505.41294,1857.056,0.709365579,982.7333305828868
2321,1216.204,0.706881675063741,0.649468829172002,2432.408,2019_kk_088,Kusko,2019,0.70932577086596,0.636885029341391,-6.5056881425973e-4,1370.476517,1505.41294,1857.056,0.709365579,982.7333305828868
2322,1216.728,0.708821688484237,0.651210169094191,2433.456,2019_kk_088,Kusko,2019,0.709307925693803,0.636196015463258,-6.8901387813358e-4,1370.476517,1505.41294,1857.056,0.709365579,982.7333305828868
2323,1217.252,0.70913173274517,0.661425867364208,2434.504,2019_kk_088,Kusko,2019,0.709298054243407,0.635445653901221,-7.5036156203645e-4,1370.476517,1505.41294,1857.056,0.709365579,982.7333305828868
2324,1217.776,0.710719366270025,0.648639641778466,2435.552,2019_kk_088,Kusko,2019,0.709301655001552,0.634999665058863,-4.4598884235813e-4,1370.476517,1505.41294,1857.056,0.709365579,982.7333305828868
2325,1218.3,0.708273766810825,0.639273913518946,2436.6,2019_kk_088,Kusko,2019,0.709312161506466,0.634448452481245,-5.5121257761836e-4,1370.476517,1505.41294,1857.056,0.709365579,982.7333305828868
2326,1218.824,0.711159172378256,0.640875978688231,2437.648,2019_kk_088,Kusko,2019,0.709295162026004,0.633879871247632,-5.685812336128e-4,1370.476517,1505.41294,1857.056,0.709365579,982.7333305828868
2327,1219.348,0.709990643997229,0.642335100065144,2438.696,2019_kk_088,Kusko,2019,0.709287177228418,0.633435348665004,-4.4452258262828e-4,1370.476517,1505.41294,1857.056,0.709365579,982.7333305828868
2328,1219.872,0.709037075219872,0.640255592808014,2439.744,2019_kk_088,Kusko,2019,0.70929337505376,0.632810026543022,-6.2532212198118e-4,1370.476517,1505.41294,1857.056,0.709365579,982.7333305828868
2329,1220.396,0.70862242903442,0.638059675105307,2440.792,2019_kk_088,Kusko,2019,0.709363016901426,0.632136783684448,-6.7324285857406e-4,1370.476517,1505.41294,1857.056,0.709365579,982.7333305828868
2330,1220.92,0.711605008162144,0.644821251340597,2441.84,2019_kk_088,Kusko,2019,0.70931077574135,0.631528412802604,-6.0837088184428e-4,1370.476517,1505.41294,1857.056,0.709365579,982.7333305828868
2331,1221.444,0.708361628915636,0.647053156108811,2442.888,2019_kk_088,Kusko,2019,0.709307187349972,0.630797586636851,-7.3082616575315e-4,1370.476517,1505.41294,1857.056,0.709365579,982.7333305828868
2332,1221.968,0.709380561167285,0.645490001477366,2443.936,2019_kk_088,Kusko,2019,0.709333430713794,0.629956450486079,-8.4113615077163e-4,1370.476517,1505.41294,1857.056,0.709365579,982.7333305828868
2333,1222.492,0.708674830614947,0.645420912967716,2444.984,2019_kk_088,Kusko,2019,0.709326221385766,0.628964480514009,-9.9196997207073e-4,1370.476517,1505.41294,1857.056,0.709365579,982.7333305828868
2334,1223.016,0.711466196220627,0.625838193957981,2446.032,2019_kk_088,Kusko,2019,0.709319083599993,0.62787528601493,-0.00108919449907818,1370.476517,1505.41294,1857.056,0.709365579,982.7333305828868
2335,1223.54,0.708191462695324,0.61779043846825,2447.08,2019_kk_088,Kusko,2019,0.709272550770498,0.626618031883342,-0.00125725413158861,1370.476517,1505.41294,1857.056,0.709365579,982.7333305828868
2336,1224.064,0.709188085168527,0.621077443845077,2448.128,2019_kk_088,Kusko,2019,0.709260151264589,0.625163396199697,-0.00145463568364446,1370.476517,1505.41294,1857.056,0.709365579,982.7333305828868
2337,1224.588,0.707202644014548,0.625668367847218,2449.176,2019_kk_088,Kusko,2019,0.709228268768616,0.623861239056062,-0.0013021571436348,1370.476517,1505.41294,1857.056,0.709365579,982.7333305828868
2338,1225.112,0.708954911558602,0.625702331304678,2450.224,2019_kk_088,Kusko,2019,0.70924998908024,0.622678347505621,-0.00118289155044127,1370.476517,1505.41294,1857.056,0.709365579,982.7333305828868
2339,1225.636,0.708896244626546,0.618199894085624,2451.272,2019_kk_088,Kusko,2019,0.70923239747227,0.621544736637205,-0.00113361086841623,1370.476517,1505.41294,1857.056,0.709365579,982.7333305828868
2340,1226.16,0.708819734975238,0.616539258524437,2452.32,2019_kk_088,Kusko,2019,0.709245027319819,0.620388370212787,-0.00115636642441752,1370.476517,1505.41294,1857.056,0.709365579,982.7333305828868
2341,1226.684,0.710320796585844,0.621485468878788,2453.368,2019_kk_088,Kusko,2019,0.709240793898658,0.619255938080479,-0.00113243213230807,1370.476517,1505.41294,1857.056,0.709365579,982.7333305828868
2342,1227.208,0.708722327862856,0.632727133580369,2454.416,2019_kk_088,Kusko,2019,0.709234965326672,0.618075608799434,-0.00118032928104495,1370.476517,1505.41294,1857.056,0.709365579,982.7333305828868
2343,1227.732,0.709226172673962,0.64474592049383594,2455.464,2019_kk_088,Kusko,2019,0.709239456397334,0.616866972925421,-0.00120863587401299,1370.476517,1505.41294,1857.056,0.709365579,982.7333305828868
2344,1228.256,0.709157153405863,0.651296346119839,2456.512,2019_kk_088,Kusko,2019,0.709222669724688,0.615926875841944,-9.4009708347775e-4,1370.476517,1505.41294,1857.056,0.709365579,982.7333305828868
2345,1228.78,0.708642331657065,0.633976246646952,2457.56,2019_kk_088,Kusko,2019,0.70921134150028,0.614680722841665,-0.00124615300027853,1370.476517,1505.41294,1857.056,0.709365579,982.7333305828868
2346,1229.304,0.709937168367264,0.622616601179695,2458.608,2019_kk_088,Kusko,2019,0.709200123151001,0.61348280219127,-0.0011979206503947,1370.476517,1505.41294,1857.056,0.709365579,982.7333305828868
2347,1229.828,0.710425977355993,0.614018806474677,2459.656,2019_kk_088,Kusko,2019,0.70915249422261,0.612077122507215,-0.00140567968405558,1370.476517,1505.41294,1857.056,0.709365579,982.7333305828868
2348,1230.352,0.710490909830156,0.616290097415819,2460.704,2019_kk_088,Kusko,2019,0.709121264109186,0.610539862692668,-0.00153725981454733,1370.476517,1505.41294,1857.056,0.709365579,982.7333305828868
2349,1230.876,0.709164199689972,0.607677689624628,2461.752,2019_kk_088,Kusko,2019,0.709112364400556,0.609098182915969,-0.0014416797766984,1370.476517,1505.41294,1857.056,0.709365579,982.7333305828868
2350,1231.4,0.709337802409603,0.60035965178629,2462.8,2019_kk_088,Kusko,2019,0.70911864852264,0.607617603116484,-0.00148057979948546,1370.476517,1505.41294,1857.056,0.709365579,982.7333305828868
2351,1231.924,0.710340126729486,0.594713894725697,2463.848,2019_kk_088,Kusko,2019,0.709189679154484,0.605902397409065,-0.00171520570741845,1370.476517,1505.41294,1857.056,0.709365579,982.7333305828868
2352,1232.448,0.707370326692594,0.588274773027209,2464.896,2019_kk_088,Kusko,2019,0.709194218305675,0.604437473360789,-0.00146492404827603,1370.476517,1505.41294,1857.056,0.709365579,982.7333305828868
2353,1232.972,0.708876383344038,0.604056217293006,2465.944,2019_kk_088,Kusko,2019,0.70923971814713,0.603076446885963,-0.0013610264748265,1370.476517,1505.41294,1857.056,0.709365579,982.7333305828868
2354,1233.496,0.708543275617386,0.611323207038731,2466.992,2019_kk_088,Kusko,2019,0.709234632014744,0.6019682439943,-0.00110820289166291,1370.476517,1505.41294,1857.056,0.709365579,982.7333305828868
2355,1234.02,0.706486432372707,0.607755588074274,2468.04,2019_kk_088,Kusko,2019,0.709261022137412,0.601150012263686,-8.1823173061335e-4,1370.476517,1505.41294,1857.056,0.709365579,982.7333305828868
2356,1234.544,0.708037228320423,0.60035626078569,2469.088,2019_kk_088,Kusko,2019,0.709245740083971,0.600161570922794,-9.8844134089293e-4,1370.476517,1505.41294,1857.056,0.709365579,982.7333305828868
2357,1235.068,0.710361598864564,0.604168898167527,2470.136,2019_kk_088,Kusko,2019,0.70926952698286,0.598980891422649,-0.00118067950014422,1370.476517,1505.41294,1857.056,0.709365579,982.7333305828868
2358,1235.592,0.710319942899951,0.59146323098561,2471.184,2019_kk_088,Kusko,2019,0.709284417421102,0.597756633001433,-0.00122425842121632,1370.476517,1505.41294,1857.056,0.709365579,982.7333305828868
2359,1236.116,0.711833711948241,0.585387219031795,2472.232,2019_kk_088,Kusko,2019,0.709324843403002,0.596339538824413,-0.00141709417701974,1370.476517,1505.41294,1857.056,0.709365579,982.7333305828868
2360,1236.64,0.707272915348576,0.584365940996379,2473.28,2019_kk_088,Kusko,2019,0.709316825638603,0.594664770153247,-0.00167476867116634,1370.476517,1505.41294,1857.056,0.709365579,982.7333305828868
2361,1237.164,0.708661063287323,0.579785092606152,2474.328,2019_kk_088,Kusko,2019,0.709326079870374,0.592757147524349,-0.00190762262889832,1370.476517,1505.41294,1857.056,0.709365579,982.7333305828868
2362,1237.688,0.711594481566954,0.580854392504492,2475.376,2019_kk_088,Kusko,2019,0.709289004622424,0.590844111622813,-0.00191303590153569,1370.476517,1505.41294,1857.056,0.709365579,982.7333305828868
2363,1238.212,0.709379620990902,0.5717038936617,2476.424,2019_kk_088,Kusko,2019,0.70929362377067,0.588873145944579,-0.00197096567823396,1370.476517,1505.41294,1857.056,0.709365579,982.7333305828868
2364,1238.736,0.708279737251036,0.574994142619003,2477.472,2019_kk_088,Kusko,2019,0.709260318648296,0.587316498790934,-0.00155664715364512,1370.476517,1505.41294,1857.056,0.709365579,982.7333305828868
2365,1239.26,0.708418936261132,0.573782285912576,2478.52,2019_kk_088,Kusko,2019,0.70922591973545,0.585830473789048,-0.00148602500188588,1370.476517,1505.41294,1857.056,0.709365579,982.7333305828868
2366,1239.784,0.708581618566218,0.572565691672094,2479.568,2019_kk_088,Kusko,2019,0.709208752602712,0.584208869894447,-0.00162160389460131,1370.476517,1505.41294,1857.056,0.709365579,982.7333305828868
2367,1240.308,0.707786097101499,0.5709780409444,2480.616,2019_kk_088,Kusko,2019,0.709258122616168,0.582473292596326,-0.00173557729812068,1370.476517,1505.41294,1857.056,0.709365579,982.7333305828868
2368,1240.832,0.710523460262693,0.574333431821784,2481.664,2019_kk_088,Kusko,2019,0.709276293636109,0.580769650561216,-0.00170364203510986,1370.476517,1505.41294,1857.056,0.709365579,982.7333305828868
2369,1241.356,0.708973695994163,0.582692920870099,2482.712,2019_kk_088,Kusko,2019,0.709307187927694,0.579180141589083,-0.00158950897213317,1370.476517,1505.41294,1857.056,0.709365579,982.7333305828868
2370,1241.88,0.708720234967355,0.581160973880578,2483.76,2019_kk_088,Kusko,2019,0.70926841426863,0.577645592146879,-0.00153454944220388,1370.476517,1505.41294,1857.056,0.709365579,982.7333305828868
2371,1242.404,0.709268525408952,0.582382036599214,2484.808,2019_kk_088,Kusko,2019,0.709243243901814,0.576033104976331,-0.00161248717054807,1370.476517,1505.41294,1857.056,0.709365579,982.7333305828868
2372,1242.928,0.708144650898819,0.579260567007847,2485.856,2019_kk_088,Kusko,2019,0.709286954055718,0.574366786867577,-0.00166631810875395,1370.476517,1505.41294,1857.056,0.709365579,982.7333305828868
2373,1243.452,0.707868253570197,0.580341678914166,2486.904,2019_kk_088,Kusko,2019,0.70929177404142,0.572578238363507,-0.00178854850406995,1370.476517,1505.41294,1857.056,0.709365579,982.7333305828868
2374,1243.976,0.709730684052602,0.585294654418772,2487.952,2019_kk_088,Kusko,2019,0.709295448845198,0.570772347523251,-0.00180589084025629,1370.476517,1505.41294,1857.056,0.709365579,982.7333305828868
2375,1244.5,0.708598447230281,0.577552601023326,2489,2019_kk_088,Kusko,2019,0.709299524802903,0.569311301849467,-0.0014610456737838,1370.476517,1505.41294,1857.056,0.709365579,982.7333305828868
2376,1245.024,0.708024435753663,0.576059201964702,2490.048,2019_kk_088,Kusko,2019,0.709295588761864,0.567985325422268,-0.00132597642719867,1370.476517,1505.41294,1857.056,0.709365579,982.7333305828868
2377,1245.548,0.708999145143534,0.567845656131593,2491.096,2019_kk_088,Kusko,2019,0.709283346373363,0.566871171546555,-0.00111415387571312,1370.476517,1505.41294,1857.056,0.709365579,982.7333305828868
2378,1246.072,0.708167138972094,0.562013535125029,2492.144,2019_kk_088,Kusko,2019,0.70924250549587,0.565669775017256,-0.00120139652929896,1370.476517,1505.41294,1857.056,0.709365579,982.7333305828868
2379,1246.596,0.709906708030022,0.565530179623451,2493.192,2019_kk_088,Kusko,2019,0.709260270075659,0.564623858604537,-0.00104591641271901,1370.476517,1505.41294,1857.056,0.709365579,982.7333305828868
2380,1247.12,0.709246335949164,0.555719999838978,2494.24,2019_kk_088,Kusko,2019,0.709234273648295,0.563579355523586,-0.00104450308095161,1370.476517,1505.41294,1857.056,0.709365579,982.7333305828868
2381,1247.644,0.711143512974416,0.546556486726892,2495.288,2019_kk_088,Kusko,2019,0.709209189219431,0.562514880314338,-0.00106447520924713,1370.476517,1505.41294,1857.056,0.709365579,982.7333305828868
2382,1248.168,0.709094037555661,0.563314726197635,2496.336,2019_kk_088,Kusko,2019,0.709223592167533,0.561574064561358,-9.408157529801e-4,1370.476517,1505.41294,1857.056,0.709365579,982.7333305828868
2383,1248.692,0.711861723232504,0.579764278874621,2497.384,2019_kk_088,Kusko,2019,0.709206285868513,0.560335813051562,-0.00123825150979617,1370.476517,1505.41294,1857.056,0.709365579,982.7333305828868
2384,1249.216,0.710414198326845,0.582147468278693,2498.432,2019_kk_088,Kusko,2019,0.709227738315732,0.559057618002798,-0.00127819504876403,1370.476517,1505.41294,1857.056,0.709365579,982.7333305828868
2385,1249.74,0.709857174170908,0.590180009682147,2499.48,2019_kk_088,Kusko,2019,0.70927505898779,0.557810165260446,-0.00124745274235261,1370.476517,1505.41294,1857.056,0.709365579,982.7333305828868
2386,1250.264,0.710242249171771,0.581569498234652,2500.528,2019_kk_088,Kusko,2019,0.709301739743479,0.55641003910099,-0.00140012615945551,1370.476517,1505.41294,1857.056,0.709365579,982.7333305828868
2387,1250.788,0.711417857930579,0.57149433005649,2501.576,2019_kk_088,Kusko,2019,0.709281071452558,0.554817117037983,-0.00159292206300732,1370.476517,1505.41294,1857.056,0.709365579,982.7333305828868
2388,1251.312,0.70993050151444,0.566800087535029,2502.624,2019_kk_088,Kusko,2019,0.709283168998263,0.553480585719306,-0.00133653131867717,1370.476517,1505.41294,1857.056,0.709365579,982.7333305828868
2389,1251.836,0.711047987948385,0.553034024484125,2503.672,2019_kk_088,Kusko,2019,0.709240277424279,0.552390632160399,-0.00108995355890673,1370.476517,1505.41294,1857.056,0.709365579,982.7333305828868
2390,1252.36,0.711123942298229,0.544335131070611,2504.72,2019_kk_088,Kusko,2019,0.709268814120088,0.551418704607776,-9.7192755262287e-4,1370.476517,1505.41294,1857.056,0.709365579,982.7333305828868
2391,1252.884,0.70891688282189,0.532595798374917,2505.768,2019_kk_088,Kusko,2019,0.709251968702302,0.550662540999491,-7.5616360828534e-4,1370.476517,1505.41294,1857.056,0.709365579,982.7333305828868
2392,1253.408,0.707156046290285,0.530707847385224,2506.816,2019_kk_088,Kusko,2019,0.709205937769047,0.549890991606901,-7.7154939258983e-4,1370.476517,1505.41294,1857.056,0.709365579,982.7333305828868
2393,1253.932,0.708951979509664,0.527162972273677,2507.864,2019_kk_088,Kusko,2019,0.709227334864541,0.549196366727248,-6.9462487965277e-4,1370.476517,1505.41294,1857.056,0.709365579,982.7333305828868
2394,1254.456,0.709467888878228,0.532439364739272,2508.912,2019_kk_088,Kusko,2019,0.709267643316124,0.548273450988908,-9.2291573833969e-4,1370.476517,1505.41294,1857.056,0.709365579,982.7333305828868
2395,1254.98,0.70612752792456,0.528628938355091,2509.96,2019_kk_088,Kusko,2019,0.709286630291938,0.547257112343777,-0.00101633864513095,1370.476517,1505.41294,1857.056,0.709365579,982.7333305828868
2396,1255.504,0.708158057204232,0.523781210169002,2511.008,2019_kk_088,Kusko,2019,0.709305128580701,0.54629751573038,-9.5959661339695e-4,1370.476517,1505.41294,1857.056,0.709365579,982.7333305828868
2397,1256.028,0.7101648448219,0.52153372995998,2512.056,2019_kk_088,Kusko,2019,0.709318180550527,0.545408144160339,-8.8937157004187e-4,1370.476517,1505.41294,1857.056,0.709365579,982.7333305828868
2398,1256.552,0.71004517275507,0.523483809198088,2513.104,2019_kk_088,Kusko,2019,0.709312711184057,0.544424515768623,-9.8362839171539e-4,1370.476517,1505.41294,1857.056,0.709365579,982.7333305828868
2399,1257.076,0.710749902121643,0.522829355757634,2514.152,2019_kk_088,Kusko,2019,0.709302494025672,0.543405519836427,-0.00101899593219579,1370.476517,1505.41294,1857.056,0.709365579,982.7333305828868
2400,1257.6,0.706493315431428,0.524466291992204,2515.2,2019_kk_088,Kusko,2019,0.709301783293821,0.542484217121146,-9.2130271528168e-4,1370.476517,1505.41294,1857.056,0.709365579,982.7333305828868
2401,1258.124,0.708810574576852,0.524736238645906,2516.248,2019_kk_088,Kusko,2019,0.709303764208903,0.541671108347202,-8.1310877394358e-4,1370.476517,1505.41294,1857.056,0.709365579,982.7333305828868
2402,1258.648,0.711344937097114,0.532748047055133,2517.296,2019_kk_088,Kusko,2019,0.709332498935503,0.541006160050139,-6.6494829706287e-4,1370.476517,1505.41294,1857.056,0.709365579,982.7333305828868
2403,1259.172,0.709515371816062,0.537433010249642,2518.344,2019_kk_088,Kusko,2019,0.709329948911584,0.54029131153317,-7.148485169689e-4,1370.476517,1505.41294,1857.056,0.709365579,982.7333305828868
2404,1259.696,0.709377641632568,0.542942895704458,2519.392,2019_kk_088,Kusko,2019,0.709327008040098,0.539390541685705,-9.0076984746556e-4,1370.476517,1505.41294,1857.056,0.709365579,982.7333305828868
2405,1260.22,0.708886889119375,0.546313506219927,2520.44,2019_kk_088,Kusko,2019,0.709288524107742,0.538408830599848,-9.8171108585631e-4,1370.476517,1505.41294,1857.056,0.709365579,982.7333305828868
2406,1260.744,0.709701005904891,0.543058015547771,2521.488,2019_kk_088,Kusko,2019,0.709295803117849,0.537599887015827,-8.0894358402194e-4,1370.476517,1505.41294,1857.056,0.709365579,982.7333305828868
2407,1261.268,0.709691434045972,0.547169573931888,2522.536,2019_kk_088,Kusko,2019,0.70930676295438,0.536896042982903,-7.0384403292367e-4,1370.476517,1505.41294,1857.056,0.709365579,982.7333305828868
2408,1261.792,0.708040457180597,0.544206305657884,2523.584,2019_kk_088,Kusko,2019,0.709343807504038,0.536329238151254,-5.6680483164883e-4,1370.476517,1505.41294,1857.056,0.709365579,982.7333305828868
2409,1262.316,0.71023007447725806,0.544922704861481,2524.632,2019_kk_088,Kusko,2019,0.709305158306667,0.535680300448309,-6.4893770294471e-4,1370.476517,1505.41294,1857.056,0.709365579,982.7333305828868
2410,1262.84,0.707778016767775,0.537689466929191,2525.68,2019_kk_088,Kusko,2019,0.7092843346584,0.535307011678287,-3.7328877002185e-4,1370.476517,1505.41294,1857.056,0.709365579,982.7333305828868
2411,1263.364,0.70883506099768,0.530845382170872,2526.728,2019_kk_088,Kusko,2019,0.709215295553057,0.53501879420409,-2.8821747419793e-4,1370.476517,1505.41294,1857.056,0.709365579,982.7333305828868
2412,1263.888,0.708234503578695,0.531825827848402,2527.776,2019_kk_088,Kusko,2019,0.70920038227826,0.53441863920359,-6.0015500049981e-4,1370.476517,1505.41294,1857.056,0.709365579,982.7333305828868
2413,1264.412,0.707838005402851,0.529761126705239,2528.824,2019_kk_088,Kusko,2019,0.709153742655845,0.533549714245327,-8.689249582624e-4,1370.476517,1505.41294,1857.056,0.709365579,982.7333305828868
2414,1264.936,0.709830422450539,0.53463150411289,2529.872,2019_kk_088,Kusko,2019,0.709128210475422,0.532625580340519,-9.2413390480816e-4,1370.476517,1505.41294,1857.056,0.709365579,982.7333305828868
2415,1265.46,0.709325672696134,0.532908423533116,2530.92,2019_kk_088,Kusko,2019,0.709099749808535,0.531501348502862,-0.00112423183765697,1370.476517,1505.41294,1857.056,0.709365579,982.7333305828868
2416,1265.984,0.709638073661797,0.516348691218355,2531.968,2019_kk_088,Kusko,2019,0.709088108493273,0.53047784017142,-0.00102350833144238,1370.476517,1505.41294,1857.056,0.709365579,982.7333305828868
2417,1266.508,0.709121501409311,0.508593574387093,2533.016,2019_kk_088,Kusko,2019,0.709062367189497,0.529388864723506,-0.00108897544791409,1370.476517,1505.41294,1857.056,0.709365579,982.7333305828868
2418,1267.032,0.710445795642232,0.511271351864975,2534.064,2019_kk_088,Kusko,2019,0.708997792415298,0.528316117449088,-0.00107274727441731,1370.476517,1505.41294,1857.056,0.709365579,982.7333305828868
2419,1267.556,0.70926021750922,0.51999000549739,2535.112,2019_kk_088,Kusko,2019,0.708940062891732,0.527266744675538,-0.00104937277355022,1370.476517,1505.41294,1857.056,0.709365579,982.7333305828868
2420,1268.08,0.708985117097085,0.52605028783901,2536.16,2019_kk_088,Kusko,2019,0.708923577006544,0.526462067502046,-8.0467717349219e-4,1370.476517,1505.41294,1857.056,0.709365579,982.7333305828868
2421,1268.604,0.707650338220204,0.534415276109029,2537.208,2019_kk_088,Kusko,2019,0.708952749332614,0.52606191630804,-4.0015119400627e-4,1370.476517,1505.41294,1857.056,0.709365579,982.7333305828868
2422,1269.128,0.708832625571612,0.534561428949102,2538.256,2019_kk_088,Kusko,2019,0.708963288209899,0.525835701000031,-2.2621530800881e-4,1370.476517,1505.41294,1857.056,0.709365579,982.7333305828868
2423,1269.652,0.71066344672057,0.530026400882536,2539.304,2019_kk_088,Kusko,2019,0.708944498408056,0.525626686319007,-2.0901468102418e-4,1370.476517,1505.41294,1857.056,0.709365579,982.7333305828868
2424,1270.176,0.710698244346024,0.519619198318622,2540.352,2019_kk_088,Kusko,2019,0.708935673664741,0.525372423062912,-2.5426325609423e-4,1370.476517,1505.41294,1857.056,0.709365579,982.7333305828868
2425,1270.7,0.709558154809966,0.512801967204718,2541.4,2019_kk_088,Kusko,2019,0.708975983435111,0.525080726951696,-2.9169611121593e-4,1370.476517,1505.41294,1857.056,0.709365579,982.7333305828868
2426,1271.224,0.709691515891957,0.514989894868277,2542.448,2019_kk_088,Kusko,2019,0.708988982326155,0.524903110990376,-1.7761596132048e-4,1370.476517,1505.41294,1857.056,0.709365579,982.7333305828868
2427,1271.748,0.708569215291093,0.517615746741886,2543.496,2019_kk_088,Kusko,2019,0.708971257664934,0.524479967308757,-4.2314368161888e-4,1370.476517,1505.41294,1857.056,0.709365579,982.7333305828868
2428,1272.272,0.710195298274484,0.515315728318862,2544.544,2019_kk_088,Kusko,2019,0.708943811680259,0.523122278464,-0.00135768884475751,1370.476517,1505.41294,1857.056,0.709365579,982.7333305828868
2429,1272.796,0.708360666491046,0.521553164938348,2545.592,2019_kk_088,Kusko,2019,0.70896790104969,0.52004398699586,-0.00307829146813976,1370.476517,1505.41294,1857.056,0.709365579,982.7333305828868
2430,1273.32,0.708677591056296,0.52588281096368,2546.64,2019_kk_088,Kusko,2019,0.709034282793601,0.515058253513145,-0.0049857334827151396,1370.476517,1505.41294,1857.056,0.709365579,982.7333305828868
2431,1273.844,0.70938738031386706,0.5335955101626,2547.688,2019_kk_088,Kusko,2019,0.709207856602969,0.508439326827342,-0.00661892668580277,1370.476517,1505.41294,1857.056,0.709365579,982.7333305828868
2432,1274.368,0.709868734494817,0.539363669184076,2548.736,2019_kk_088,Kusko,2019,NA,NA,NA,1370.476517,1505.41294,1857.056,0.709365579,982.7333305828868
2433,1274.892,0.707715252135081,0.537450767896036,2549.784,2019_kk_088,Kusko,2019,NA,NA,NA,1370.476517,1505.41294,1857.056,0.709365579,982.7333305828868
2434,1275.416,0.709554231763432,0.531248463570835,2550.832,2019_kk_088,Kusko,2019,NA,NA,NA,1370.476517,1505.41294,1857.056,0.709365579,982.7333305828868
2435,1275.94,0.70628941128894,0.518649935871948,2551.88,2019_kk_088,Kusko,2019,NA,NA,NA,1370.476517,1505.41294,1857.056,0.709365579,982.7333305828868
2436,1276.464,0.708461176360074,0.527522586923391,2552.928,2019_kk_088,Kusko,2019,NA,NA,NA,1370.476517,1505.41294,1857.056,0.709365579,982.7333305828868
2437,1276.988,0.709656735335427,0.52561501415617,2553.976,2019_kk_088,Kusko,2019,NA,NA,NA,1370.476517,1505.41294,1857.056,0.709365579,982.7333305828868
2438,1277.512,0.710389811951557,0.528005245226104,2555.024,2019_kk_088,Kusko,2019,NA,NA,NA,1370.476517,1505.41294,1857.056,0.709365579,982.7333305828868
2439,1278.036,0.707587756187763,0.52659391744677,2556.072,2019_kk_088,Kusko,2019,NA,NA,NA,1370.476517,1505.41294,1857.056,0.709365579,982.7333305828868
2440,1278.56,0.707996917053149,0.533322673637666,2557.12,2019_kk_088,Kusko,2019,NA,NA,NA,1370.476517,1505.41294,1857.056,0.709365579,982.7333305828868
2441,1279.084,0.707001166653825,0.529263438275018,2558.168,2019_kk_088,Kusko,2019,NA,NA,NA,1370.476517,1505.41294,1857.056,0.709365579,982.7333305828868
2442,1279.608,0.708199241067865,0.527305426167644,2559.216,2019_kk_088,Kusko,2019,NA,NA,NA,1370.476517,1505.41294,1857.056,0.709365579,982.7333305828868
2443,1280.132,0.709063345887553,0.527628781378884,2560.264,2019_kk_088,Kusko,2019,NA,NA,NA,1370.476517,1505.41294,1857.056,0.709365579,982.7333305828868
2444,1280.656,0.708882267501462,0.526699433990199,2561.312,2019_kk_088,Kusko,2019,NA,NA,NA,1370.476517,1505.41294,1857.056,0.709365579,982.7333305828868
2445,1281.18,0.708149534157726,0.522726099422726,2562.36,2019_kk_088,Kusko,2019,NA,NA,NA,1370.476517,1505.41294,1857.056,0.709365579,982.7333305828868
2446,1281.704,0.709543770256057,0.520158998348111,2563.408,2019_kk_088,Kusko,2019,NA,NA,NA,1370.476517,1505.41294,1857.056,0.709365579,982.7333305828868
2447,1282.228,0.709873379703999,0.506155803181645,2564.456,2019_kk_088,Kusko,2019,NA,NA,NA,1370.476517,1505.41294,1857.056,0.709365579,982.7333305828868
2448,1282.752,0.70605601506247,0.502435251069994,2565.504,2019_kk_088,Kusko,2019,NA,NA,NA,1370.476517,1505.41294,1857.056,0.709365579,982.7333305828868
2449,1283.276,0.707584216534424,0.49007165807111,2566.552,2019_kk_088,Kusko,2019,NA,NA,NA,1370.476517,1505.41294,1857.056,0.709365579,982.7333305828868
2450,1283.8,0.710134789186991,0.496054500661081,2567.6,2019_kk_088,Kusko,2019,NA,NA,NA,1370.476517,1505.41294,1857.056,0.709365579,982.7333305828868
2451,1284.324,0.710667222386071,0.508586726734533,2568.648,2019_kk_088,Kusko,2019,NA,NA,NA,1370.476517,1505.41294,1857.056,0.709365579,982.7333305828868
2452,1284.848,0.707788378927385,0.5171349289047,2569.696,2019_kk_088,Kusko,2019,NA,NA,NA,1370.476517,1505.41294,1857.056,0.709365579,982.7333305828868
2453,1285.372,0.707824591399114,0.514622091412227,2570.744,2019_kk_088,Kusko,2019,NA,NA,NA,1370.476517,1505.41294,1857.056,0.709365579,982.7333305828868
2454,1285.896,0.708938404279298,0.517183569373616,2571.792,2019_kk_088,Kusko,2019,NA,NA,NA,1370.476517,1505.41294,1857.056,0.709365579,982.7333305828868
2455,1286.42,0.708546114146742,0.511127171682136,2572.84,2019_kk_088,Kusko,2019,NA,NA,NA,1370.476517,1505.41294,1857.056,0.709365579,982.7333305828868
2456,1286.944,0.708937990666908,0.513124252489771,2573.888,2019_kk_088,Kusko,2019,NA,NA,NA,1370.476517,1505.41294,1857.056,0.709365579,982.7333305828868
2457,1287.468,0.709101365148647,0.496145109062843,2574.936,2019_kk_088,Kusko,2019,NA,NA,NA,1370.476517,1505.41294,1857.056,0.709365579,982.7333305828868
2458,1287.992,0.708398413674575,0.442022478512643,2575.984,2019_kk_088,Kusko,2019,NA,NA,NA,1370.476517,1505.41294,1857.056,0.709365579,982.7333305828868
2459,1288.516,0.712195264287484,0.338131867669245,2577.032,2019_kk_088,Kusko,2019,NA,NA,NA,1370.476517,1505.41294,1857.056,0.709365579,982.7333305828868
2460,1289.04,0.710476220066064,0.225322283029295,2578.08,2019_kk_088,Kusko,2019,NA,NA,NA,1370.476517,1505.41294,1857.056,0.709365579,982.7333305828868
2461,1289.564,0.71922500313896,0.127600637497742,2579.128,2019_kk_088,Kusko,2019,NA,NA,NA,1370.476517,1505.41294,1857.056,0.709365579,982.7333305828868
