Cycle,Time,Iso,Sr88,Microns,Fish_id,Watershed,Year,Iso_MA,Sr88_MA,Sr88_MA_Gradient,natal_microns_start,natal_microns_end,marine_start,natal_origin_iso,Core
252,132.048,0.716029198597228,0.207264504328448,264.096,2020_kk_257,Kusko,2020,NA,NA,NA,1504.51461005574,1679.64805041547,2090.76,0.707620504797333,1243.9858271935702
253,132.572,0.7085328765558,0.356008761750067,265.144,2020_kk_257,Kusko,2020,NA,NA,NA,1504.51461005574,1679.64805041547,2090.76,0.707620504797333,1243.9858271935702
254,133.096,0.710141490377294,0.442351938724906,266.192,2020_kk_257,Kusko,2020,NA,NA,NA,1504.51461005574,1679.64805041547,2090.76,0.707620504797333,1243.9858271935702
255,133.62,0.71068208914879,0.483008353736096,267.24,2020_kk_257,Kusko,2020,NA,NA,NA,1504.51461005574,1679.64805041547,2090.76,0.707620504797333,1243.9858271935702
256,134.144,0.708463476687927,0.512025082912431,268.288,2020_kk_257,Kusko,2020,NA,NA,NA,1504.51461005574,1679.64805041547,2090.76,0.707620504797333,1243.9858271935702
257,134.668,0.707939056277933,0.549150142523342,269.336,2020_kk_257,Kusko,2020,NA,NA,NA,1504.51461005574,1679.64805041547,2090.76,0.707620504797333,1243.9858271935702
258,135.192,0.706524604086764,0.575821472771543,270.384,2020_kk_257,Kusko,2020,NA,NA,NA,1504.51461005574,1679.64805041547,2090.76,0.707620504797333,1243.9858271935702
259,135.716,0.708557611450493,0.600551534224829,271.432,2020_kk_257,Kusko,2020,NA,NA,NA,1504.51461005574,1679.64805041547,2090.76,0.707620504797333,1243.9858271935702
260,136.24,0.707908086435726,0.633239428056822,272.48,2020_kk_257,Kusko,2020,NA,NA,NA,1504.51461005574,1679.64805041547,2090.76,0.707620504797333,1243.9858271935702
261,136.764,0.709924361891764,0.641722012254792,273.528,2020_kk_257,Kusko,2020,NA,NA,NA,1504.51461005574,1679.64805041547,2090.76,0.707620504797333,1243.9858271935702
262,137.288,0.708858533683714,0.690781706158946,274.576,2020_kk_257,Kusko,2020,NA,NA,NA,1504.51461005574,1679.64805041547,2090.76,0.707620504797333,1243.9858271935702
263,137.812,0.710214111684926,0.774469097368866,275.624,2020_kk_257,Kusko,2020,NA,NA,NA,1504.51461005574,1679.64805041547,2090.76,0.707620504797333,1243.9858271935702
264,138.336,0.709066652786496,0.853967490875659,276.672,2020_kk_257,Kusko,2020,NA,NA,NA,1504.51461005574,1679.64805041547,2090.76,0.707620504797333,1243.9858271935702
265,138.86,0.709679713953942,0.922364832088712,277.72,2020_kk_257,Kusko,2020,NA,NA,NA,1504.51461005574,1679.64805041547,2090.76,0.707620504797333,1243.9858271935702
266,139.384,0.707333867043495,0.949367464797662,278.768,2020_kk_257,Kusko,2020,NA,NA,NA,1504.51461005574,1679.64805041547,2090.76,0.707620504797333,1243.9858271935702
267,139.908,0.708305220772763,0.947728171902584,279.816,2020_kk_257,Kusko,2020,NA,NA,NA,1504.51461005574,1679.64805041547,2090.76,0.707620504797333,1243.9858271935702
268,140.432,0.70862729833725,0.966005246904417,280.864,2020_kk_257,Kusko,2020,NA,NA,NA,1504.51461005574,1679.64805041547,2090.76,0.707620504797333,1243.9858271935702
269,140.956,0.709016837101759,0.960827607578875,281.912,2020_kk_257,Kusko,2020,NA,NA,NA,1504.51461005574,1679.64805041547,2090.76,0.707620504797333,1243.9858271935702
270,141.48,0.70857967344164,0.974706955686388,282.96,2020_kk_257,Kusko,2020,NA,NA,NA,1504.51461005574,1679.64805041547,2090.76,0.707620504797333,1243.9858271935702
271,142.004,0.709189962740423,0.981421584228171,284.008,2020_kk_257,Kusko,2020,NA,NA,NA,1504.51461005574,1679.64805041547,2090.76,0.707620504797333,1243.9858271935702
272,142.528,0.710526309535802,0.997332124229762,285.056,2020_kk_257,Kusko,2020,NA,NA,NA,1504.51461005574,1679.64805041547,2090.76,0.707620504797333,1243.9858271935702
273,143.052,0.708821294213433,1.02008264565929,286.104,2020_kk_257,Kusko,2020,NA,NA,NA,1504.51461005574,1679.64805041547,2090.76,0.707620504797333,1243.9858271935702
274,143.576,0.709359867617325,1.04651951219148,287.152,2020_kk_257,Kusko,2020,NA,NA,NA,1504.51461005574,1679.64805041547,2090.76,0.707620504797333,1243.9858271935702
275,144.1,0.709468173929199,1.04238042789227,288.2,2020_kk_257,Kusko,2020,NA,NA,NA,1504.51461005574,1679.64805041547,2090.76,0.707620504797333,1243.9858271935702
276,144.624,0.707885625408652,1.02434482782865,289.248,2020_kk_257,Kusko,2020,NA,NA,NA,1504.51461005574,1679.64805041547,2090.76,0.707620504797333,1243.9858271935702
277,145.148,0.709590414292005,1.01064421051995,290.296,2020_kk_257,Kusko,2020,NA,NA,NA,1504.51461005574,1679.64805041547,2090.76,0.707620504797333,1243.9858271935702
278,145.672,0.709755119508905,0.982314682247152,291.344,2020_kk_257,Kusko,2020,NA,NA,NA,1504.51461005574,1679.64805041547,2090.76,0.707620504797333,1243.9858271935702
279,146.196,0.709281128534528,0.97912690630056,292.392,2020_kk_257,Kusko,2020,NA,NA,NA,1504.51461005574,1679.64805041547,2090.76,0.707620504797333,1243.9858271935702
280,146.72,0.708838696063495,0.989057566223415,293.44,2020_kk_257,Kusko,2020,NA,NA,NA,1504.51461005574,1679.64805041547,2090.76,0.707620504797333,1243.9858271935702
281,147.244,0.709170627947582,0.994821290545212,294.488,2020_kk_257,Kusko,2020,0.709184802077315,0.943458644968654,NA,1504.51461005574,1679.64805041547,2090.76,0.707620504797333,1243.9858271935702
282,147.768,0.709665417019594,1.00463602554401,295.536,2020_kk_257,Kusko,2020,0.709071286674588,0.959219273219025,0.0157606282503717,1504.51461005574,1679.64805041547,2090.76,0.707620504797333,1243.9858271935702
283,148.292,0.709921278632936,1.00069866256037,296.584,2020_kk_257,Kusko,2020,0.709079271375145,0.972654042080168,0.0134347688611423,1504.51461005574,1679.64805041547,2090.76,0.707620504797333,1243.9858271935702
284,148.816,0.708170583928798,0.988707567782069,297.632,2020_kk_257,Kusko,2020,0.709057606586223,0.984674567221281,0.0120205251411138,1504.51461005574,1679.64805041547,2090.76,0.707620504797333,1243.9858271935702
285,149.34,0.709791484237709,0.980338270183305,298.68,2020_kk_257,Kusko,2020,0.709041290477294,0.996232848096193,0.0115582808749111,1504.51461005574,1679.64805041547,2090.76,0.707620504797333,1243.9858271935702
286,149.864,0.709419859604417,0.997875401723116,299.728,2020_kk_257,Kusko,2020,0.709064635958023,1.00728104914772,0.0110482010515286,1504.51461005574,1679.64805041547,2090.76,0.707620504797333,1243.9858271935702
287,150.388,0.708344924707001,1.02380178321225,300.776,2020_kk_257,Kusko,2020,0.709091572922578,1.01778624442197,0.0105051952742479,1504.51461005574,1679.64805041547,2090.76,0.707620504797333,1243.9858271935702
288,150.912,0.708515921644513,1.03623746062677,301.824,2020_kk_257,Kusko,2020,0.709133408096299,1.02777928632139,0.00999304189942163,1504.51461005574,1679.64805041547,2090.76,0.707620504797333,1243.9858271935702
289,151.436,0.709685819582907,1.05480699510477,302.872,2020_kk_257,Kusko,2020,0.70912999010118,1.03735283771243,0.00957355139104288,1504.51461005574,1679.64805041547,2090.76,0.707620504797333,1243.9858271935702
290,151.96,0.709562042760592,1.07603071075286,303.92,2020_kk_257,Kusko,2020,0.709137733823137,1.0463595339436,0.00900669623116368,1504.51461005574,1679.64805041547,2090.76,0.707620504797333,1243.9858271935702
291,152.484,0.70869659610592906,1.10130655903485,304.968,2020_kk_257,Kusko,2020,0.709132882726667,1.05523654033566,0.00887700639206734,1504.51461005574,1679.64805041547,2090.76,0.707620504797333,1243.9858271935702
292,153.008,0.709061409499335,1.10075057438053,306.016,2020_kk_257,Kusko,2020,0.709151409734846,1.06352981602835,0.00829327569268101,1504.51461005574,1679.64805041547,2090.76,0.707620504797333,1243.9858271935702
293,153.532,0.709527652730222,1.10187379588506,307.064,2020_kk_257,Kusko,2020,0.709129182641154,1.07042488204096,0.00689506601261525,1504.51461005574,1679.64805041547,2090.76,0.707620504797333,1243.9858271935702
294,154.056,0.708488852116057,1.10382819489833,308.112,2020_kk_257,Kusko,2020,0.709131283935962,1.07597343755251,0.00554855551154909,1504.51461005574,1679.64805041547,2090.76,0.707620504797333,1243.9858271935702
295,154.58,0.708870420127207,1.10846659529809,309.16,2020_kk_257,Kusko,2020,0.709109765108405,1.0805005616696,0.00452712411709433,1504.51461005574,1679.64805041547,2090.76,0.707620504797333,1243.9858271935702
296,155.104,0.709297957125383,1.1032230056387,310.208,2020_kk_257,Kusko,2020,0.709141884445877,1.08463362758869,0.00413306591908924,1504.51461005574,1679.64805041547,2090.76,0.707620504797333,1243.9858271935702
297,155.628,0.709145116856783,1.10088274068238,311.256,2020_kk_257,Kusko,2020,0.709164629157131,1.08877594103752,0.00414231344882587,1504.51461005574,1679.64805041547,2090.76,0.707620504797333,1243.9858271935702
298,156.152,0.709172655691055,1.11132462748864,312.304,2020_kk_257,Kusko,2020,0.709184844439922,1.09261643293678,0.00384049189926028,1504.51461005574,1679.64805041547,2090.76,0.707620504797333,1243.9858271935702
299,156.676,0.709333437527384,1.11539639706525,313.352,2020_kk_257,Kusko,2020,0.70918268187068,1.09650607396765,0.00388964103087264,1504.51461005574,1679.64805041547,2090.76,0.707620504797333,1243.9858271935702
300,157.2,0.709083786376898,1.11483290213117,314.4,2020_kk_257,Kusko,2020,0.709174380888248,1.10013909003995,0.00363301607229971,1504.51461005574,1679.64805041547,2090.76,0.707620504797333,1243.9858271935702
301,157.724,0.70899543896381,1.1055596142633,315.448,2020_kk_257,Kusko,2020,0.709165448429304,1.1033924197556,0.00325332971564607,1504.51461005574,1679.64805041547,2090.76,0.707620504797333,1243.9858271935702
302,158.248,0.71002495786459,1.10844961823272,316.496,2020_kk_257,Kusko,2020,0.709139586109209,1.10659576183611,0.0032033420805091,1504.51461005574,1679.64805041547,2090.76,0.707620504797333,1243.9858271935702
303,158.772,0.708766995742728,1.10376003941549,317.544,2020_kk_257,Kusko,2020,0.709161756613557,1.10934682722142,0.00275106538531489,1504.51461005574,1679.64805041547,2090.76,0.707620504797333,1243.9858271935702
304,159.296,0.709035515924861,1.09807216094138,318.592,2020_kk_257,Kusko,2020,0.70917223013474,1.11166394944434,0.0023171222229188,1504.51461005574,1679.64805041547,2090.76,0.707620504797333,1243.9858271935702
305,159.82,0.70853368195603,1.08639856862652,319.64,2020_kk_257,Kusko,2020,0.709176720119702,1.11402726875984,0.00236331931550371,1504.51461005574,1679.64805041547,2090.76,0.707620504797333,1243.9858271935702
306,160.344,0.709657549310517,1.09314235583734,320.688,2020_kk_257,Kusko,2020,0.709201833966533,1.11677513954352,0.00274787078367988,1504.51461005574,1679.64805041547,2090.76,0.707620504797333,1243.9858271935702
307,160.868,0.710249787011554,1.10714441786506,321.736,2020_kk_257,Kusko,2020,0.709196687122136,1.11950140653436,0.00272626699083633,1504.51461005574,1679.64805041547,2090.76,0.707620504797333,1243.9858271935702
308,161.392,0.709554210035287,1.12830726612523,322.784,2020_kk_257,Kusko,2020,0.709187963937374,1.12286456775699,0.00336316122263036,1504.51461005574,1679.64805041547,2090.76,0.707620504797333,1243.9858271935702
309,161.916,0.708759263499538,1.14025515965716,323.832,2020_kk_257,Kusko,2020,0.709188439081725,1.12639738254327,0.00353281478627943,1504.51461005574,1679.64805041547,2090.76,0.707620504797333,1243.9858271935702
310,162.44,0.708384625547673,1.15495503703841,324.88,2020_kk_257,Kusko,2020,0.709175705361557,1.12958920388665,0.00319182134337481,1504.51461005574,1679.64805041547,2090.76,0.707620504797333,1243.9858271935702
311,162.964,0.709098902400517,1.14704860761279,325.928,2020_kk_257,Kusko,2020,0.70916634648458,1.1327724157967,0.00318321191005144,1504.51461005574,1679.64805041547,2090.76,0.707620504797333,1243.9858271935702
312,163.488,0.709218274433605,1.15290219935075,326.976,2020_kk_257,Kusko,2020,0.709146908358302,1.13613549808762,0.0033630822909223,1504.51461005574,1679.64805041547,2090.76,0.707620504797333,1243.9858271935702
313,164.012,0.709011958589256,1.16209489341861,328.024,2020_kk_257,Kusko,2020,0.709119123092435,1.13956712148476,0.00343162339714365,1504.51461005574,1679.64805041547,2090.76,0.707620504797333,1243.9858271935702
314,164.536,0.708841603041994,1.16358344719173,329.072,2020_kk_257,Kusko,2020,0.709128449953756,1.14339363822869,0.00382651674392376,1504.51461005574,1679.64805041547,2090.76,0.707620504797333,1243.9858271935702
315,165.06,0.709703122613028,1.17650520623075,330.12,2020_kk_257,Kusko,2020,0.709115850542855,1.14730411052562,0.0039104722969352,1504.51461005574,1679.64805041547,2090.76,0.707620504797333,1243.9858271935702
316,165.584,0.709864205531643,1.17491714600415,331.168,2020_kk_257,Kusko,2020,0.70912926946742,1.15092811991691,0.00362400939129071,1504.51461005574,1679.64805041547,2090.76,0.707620504797333,1243.9858271935702
317,166.108,0.709555274151252,1.17946185897822,332.216,2020_kk_257,Kusko,2020,0.709135940043362,1.15416677187619,0.00323865195927708,1504.51461005574,1679.64805041547,2090.76,0.707620504797333,1243.9858271935702
318,166.632,0.70903471451003,1.17540398673683,333.264,2020_kk_257,Kusko,2020,0.709144565888131,1.15719090423142,0.00302413235523447,1504.51461005574,1679.64805041547,2090.76,0.707620504797333,1243.9858271935702
319,167.156,0.708352531743353,1.17496461768741,334.312,2020_kk_257,Kusko,2020,0.70912730045921,1.15981109090643,0.0026201866750033,1504.51461005574,1679.64805041547,2090.76,0.707620504797333,1243.9858271935702
320,167.68,0.708372709753129,1.17364120192664,335.36,2020_kk_257,Kusko,2020,0.709116117104378,1.16218518345644,0.00237409255001531,1504.51461005574,1679.64805041547,2090.76,0.707620504797333,1243.9858271935702
321,168.204,0.709633296103573,1.17434239577884,336.408,2020_kk_257,Kusko,2020,0.709118637893293,1.16422931885695,0.0020441354005043,1504.51461005574,1679.64805041547,2090.76,0.707620504797333,1243.9858271935702
322,168.728,0.709970154174439,1.18837824771981,337.456,2020_kk_257,Kusko,2020,0.709110976872131,1.16651759012508,0.00228827126813025,1504.51461005574,1679.64805041547,2090.76,0.707620504797333,1243.9858271935702
323,169.252,0.708880486063423,1.18817305812578,338.504,2020_kk_257,Kusko,2020,0.70909814415979,1.16901816825936,0.00250057813427929,1504.51461005574,1679.64805041547,2090.76,0.707620504797333,1243.9858271935702
324,169.776,0.709192730474992,1.18688082156861,339.552,2020_kk_257,Kusko,2020,0.709116170717492,1.17127397181363,0.00225580355427035,1504.51461005574,1679.64805041547,2090.76,0.707620504797333,1243.9858271935702
325,170.3,0.708388584300474,1.19399227911437,340.6,2020_kk_257,Kusko,2020,0.709111133882794,1.17348803354181,0.00221406172818583,1504.51461005574,1679.64805041547,2090.76,0.707620504797333,1243.9858271935702
326,170.824,0.709261027291864,1.19735141994301,341.648,2020_kk_257,Kusko,2020,0.709124019056604,1.17569917235686,0.00221113881504431,1504.51461005574,1679.64805041547,2090.76,0.707620504797333,1243.9858271935702
327,171.348,0.709669903447978,1.19626697883214,342.696,2020_kk_257,Kusko,2020,0.709114424207904,1.17798222869162,0.00228305633476311,1504.51461005574,1679.64805041547,2090.76,0.707620504797333,1243.9858271935702
328,171.872,0.7098402153047,1.19643476086003,343.744,2020_kk_257,Kusko,2020,0.709104876800948,1.17990557836923,0.00192334967760743,1504.51461005574,1679.64805041547,2090.76,0.707620504797333,1243.9858271935702
329,172.396,0.708887082947251,1.19420606943123,344.792,2020_kk_257,Kusko,2020,0.7090934304893,1.18174835832517,0.00184277995594573,1504.51461005574,1679.64805041547,2090.76,0.707620504797333,1243.9858271935702
330,172.92,0.70808161449573,1.19268792002437,345.84,2020_kk_257,Kusko,2020,0.709096654276319,1.18359276821339,0.00184440988821444,1504.51461005574,1679.64805041547,2090.76,0.707620504797333,1243.9858271935702
331,173.444,0.70865401520374,1.17662136716694,346.888,2020_kk_257,Kusko,2020,0.709102282544275,1.18551382119573,0.00192105298234235,1504.51461005574,1679.64805041547,2090.76,0.707620504797333,1243.9858271935702
332,173.968,0.708974570330151,1.1895326490603,347.936,2020_kk_257,Kusko,2020,0.709086432173274,1.18768648112876,0.00217265993303473,1504.51461005574,1679.64805041547,2090.76,0.707620504797333,1243.9858271935702
333,174.492,0.710151524474317,1.18514656877818,348.984,2020_kk_257,Kusko,2020,0.709075728811239,1.19010307399595,0.00241659286718843,1504.51461005574,1679.64805041547,2090.76,0.707620504797333,1243.9858271935702
334,175.016,0.709988278888269,1.1855468455666,350.032,2020_kk_257,Kusko,2020,0.709068804413944,1.19253605126555,0.00243297726959479,1504.51461005574,1679.64805041547,2090.76,0.707620504797333,1243.9858271935702
335,175.54,0.709737573026954,1.1841795868225,351.08,2020_kk_257,Kusko,2020,0.709065156445901,1.1952415262296,0.00270547496405404,1504.51461005574,1679.64805041547,2090.76,0.707620504797333,1243.9858271935702
336,176.064,0.709392456218492,1.18921707484945,352.128,2020_kk_257,Kusko,2020,0.709064943961192,1.19819260555918,0.00295107932957595,1504.51461005574,1679.64805041547,2090.76,0.707620504797333,1243.9858271935702
337,176.588,0.709281603628168,1.17422022997012,353.176,2020_kk_257,Kusko,2020,0.709027194939568,1.20096914960249,0.00277654404331606,1504.51461005574,1679.64805041547,2090.76,0.707620504797333,1243.9858271935702
338,177.112,0.709231728423232,1.18410435560498,354.224,2020_kk_257,Kusko,2020,0.709032169512343,1.20345263842784,0.00248348882534755,1504.51461005574,1679.64805041547,2090.76,0.707620504797333,1243.9858271935702
339,177.636,0.709309637195554,1.19109579347733,355.272,2020_kk_257,Kusko,2020,0.709057483345428,1.20553287737924,0.00208023895140119,1504.51461005574,1679.64805041547,2090.76,0.707620504797333,1243.9858271935702
340,178.16,0.70807467285341,1.1805668468259,356.32,2020_kk_257,Kusko,2020,0.709072033756882,1.20703161529823,0.00149873791898947,1504.51461005574,1679.64805041547,2090.76,0.707620504797333,1243.9858271935702
341,178.684,0.708609095328968,1.18581400514829,357.368,2020_kk_257,Kusko,2020,0.709082970276062,1.20866642320414,0.00163480790590964,1504.51461005574,1679.64805041547,2090.76,0.707620504797333,1243.9858271935702
342,179.208,0.70849912944293,1.20642096299935,358.416,2020_kk_257,Kusko,2020,0.709084282044761,1.21009448794177,0.00142806473762525,1504.51461005574,1679.64805041547,2090.76,0.707620504797333,1243.9858271935702
343,179.732,0.708254162680887,1.20659606638899,359.464,2020_kk_257,Kusko,2020,0.709076000209396,1.21150858840419,0.00141410046241974,1504.51461005574,1679.64805041547,2090.76,0.707620504797333,1243.9858271935702
344,180.256,0.708730195608094,1.21829857241749,360.512,2020_kk_257,Kusko,2020,0.709077193975485,1.21327753212994,0.00176894372574909,1504.51461005574,1679.64805041547,2090.76,0.707620504797333,1243.9858271935702
345,180.78,0.709035519583658,1.21496660799942,361.56,2020_kk_257,Kusko,2020,0.709058572987948,1.21477232445743,0.00149479232749083,1504.51461005574,1679.64805041547,2090.76,0.707620504797333,1243.9858271935702
346,181.304,0.710224995078309,1.21531596520056,362.608,2020_kk_257,Kusko,2020,0.7090425537818,1.216252301739,0.0014799772815719,1504.51461005574,1679.64805041547,2090.76,0.707620504797333,1243.9858271935702
347,181.828,0.708745159263511,1.21812090076888,363.656,2020_kk_257,Kusko,2020,0.709034060424894,1.21772116882222,0.00146886708322191,1504.51461005574,1679.64805041547,2090.76,0.707620504797333,1243.9858271935702
348,182.352,0.709033472330624,1.21768540194084,364.704,2020_kk_257,Kusko,2020,0.709022305156557,1.21940379168683,0.00168262286460985,1504.51461005574,1679.64805041547,2090.76,0.707620504797333,1243.9858271935702
349,182.876,0.708649893847665,1.21201819560497,365.752,2020_kk_257,Kusko,2020,0.709033608063457,1.22100674206318,0.00160295037634728,1504.51461005574,1679.64805041547,2090.76,0.707620504797333,1243.9858271935702
350,183.4,0.7088910414707,1.21847626375378,366.8,2020_kk_257,Kusko,2020,0.7090531572953,1.22264393379104,0.00163719172786658,1504.51461005574,1679.64805041547,2090.76,0.707620504797333,1243.9858271935702
351,183.924,0.708847843440822,1.22395468306512,367.848,2020_kk_257,Kusko,2020,0.70905234771655,1.22443552890872,0.00179159511767191,1504.51461005574,1679.64805041547,2090.76,0.707620504797333,1243.9858271935702
352,184.448,0.708601748229611,1.23804685046834,368.896,2020_kk_257,Kusko,2020,0.709027730958214,1.22584088038486,0.0014053514761454,1504.51461005574,1679.64805041547,2090.76,0.707620504797333,1243.9858271935702
353,184.972,0.70875768998977,1.25190848394183,369.944,2020_kk_257,Kusko,2020,0.709037272500312,1.22727485482581,0.0014339744409444,1504.51461005574,1679.64805041547,2090.76,0.707620504797333,1243.9858271935702
354,185.496,0.709570445578184,1.23917640815455,370.992,2020_kk_257,Kusko,2020,0.709040814137404,1.22870928431236,0.0014344294865527,1504.51461005574,1679.64805041547,2090.76,0.707620504797333,1243.9858271935702
355,186.02,0.708568210045337,1.24131029898924,372.04,2020_kk_257,Kusko,2020,0.709062515210086,1.23010189305227,0.00139260873990854,1504.51461005574,1679.64805041547,2090.76,0.707620504797333,1243.9858271935702
356,186.544,0.710071067553939,1.23589133454135,373.088,2020_kk_257,Kusko,2020,0.709067111739212,1.23153408956023,0.00143219650796067,1504.51461005574,1679.64805041547,2090.76,0.707620504797333,1243.9858271935702
357,187.068,0.708569425934803,1.23786612076818,374.136,2020_kk_257,Kusko,2020,0.709049527883928,1.23335981927522,0.00182572971498995,1504.51461005574,1679.64805041547,2090.76,0.707620504797333,1243.9858271935702
358,187.592,0.708599811273716,1.22672560814508,375.184,2020_kk_257,Kusko,2020,0.70904615244676406,1.23529905621368,0.00193923693845965,1504.51461005574,1679.64805041547,2090.76,0.707620504797333,1243.9858271935702
359,188.116,0.708646658828479,1.22596319442199,376.232,2020_kk_257,Kusko,2020,0.709039875725408,1.23719574468317,0.00189668846948821,1504.51461005574,1679.64805041547,2090.76,0.707620504797333,1243.9858271935702
360,188.64,0.70927721359804,1.22549749542404,377.28,2020_kk_257,Kusko,2020,0.70905036409175,1.23920454876632,0.00200880408315673,1504.51461005574,1679.64805041547,2090.76,0.707620504797333,1243.9858271935702
361,189.164,0.70933313504115,1.22082279320384,378.328,2020_kk_257,Kusko,2020,0.70907138890151,1.24115186933447,0.00194732056814972,1504.51461005574,1679.64805041547,2090.76,0.707620504797333,1243.9858271935702
362,189.688,0.709073935604547,1.23880921421481,379.376,2020_kk_257,Kusko,2020,0.709090433778638,1.24304586667691,0.00189399734244011,1504.51461005574,1679.64805041547,2090.76,0.707620504797333,1243.9858271935702
363,190.212,0.708124794020607,1.24875561144679,380.424,2020_kk_257,Kusko,2020,0.70906794667253,1.24485703736438,0.00181117068746306,1504.51461005574,1679.64805041547,2090.76,0.707620504797333,1243.9858271935702
364,190.736,0.708620052087206,1.24405079711707,381.472,2020_kk_257,Kusko,2020,0.709049363471943,1.2467743505141,0.00191731314972299,1504.51461005574,1679.64805041547,2090.76,0.707620504797333,1243.9858271935702
365,191.26,0.708314803873455,1.24872706646977,382.52,2020_kk_257,Kusko,2020,0.709050960523802,1.24872058301518,0.00194623250107862,1504.51461005574,1679.64805041547,2090.76,0.707620504797333,1243.9858271935702
366,191.784,0.709644800227948,1.2702071156119,383.568,2020_kk_257,Kusko,2020,0.709051032740462,1.25075811792965,0.00203753491447722,1504.51461005574,1679.64805041547,2090.76,0.707620504797333,1243.9858271935702
367,192.308,0.707984845714131,1.27373706046403,384.616,2020_kk_257,Kusko,2020,0.709044019252693,1.25253135660389,0.00177323867423218,1504.51461005574,1679.64805041547,2090.76,0.707620504797333,1243.9858271935702
368,192.832,0.709852684401762,1.27731659564607,385.664,2020_kk_257,Kusko,2020,0.709037598767173,1.25412543118733,0.00159407458344085,1504.51461005574,1679.64805041547,2090.76,0.707620504797333,1243.9858271935702
369,193.356,0.710278093484668,1.26506949674123,386.712,2020_kk_257,Kusko,2020,0.709031497738739,1.25561463713157,0.00148920594424085,1504.51461005574,1679.64805041547,2090.76,0.707620504797333,1243.9858271935702
370,193.88,0.709257650234932,1.24487931217778,387.76,2020_kk_257,Kusko,2020,0.709050986126798,1.25734423817636,0.00172960104478737,1504.51461005574,1679.64805041547,2090.76,0.707620504797333,1243.9858271935702
371,194.404,0.709755093551274,1.24513708196737,388.808,2020_kk_257,Kusko,2020,0.709070705760921,1.25926898458267,0.00192474640631857,1504.51461005574,1679.64805041547,2090.76,0.707620504797333,1243.9858271935702
372,194.928,0.709296980555535,1.23858608360828,389.856,2020_kk_257,Kusko,2020,0.709089140553243,1.26079486321287,0.00152587863019993,1504.51461005574,1679.64805041547,2090.76,0.707620504797333,1243.9858271935702
373,195.452,0.708515048467367,1.24694092116379,390.904,2020_kk_257,Kusko,2020,0.709116121036064,1.26218835710802,0.00139349389514365,1504.51461005574,1679.64805041547,2090.76,0.707620504797333,1243.9858271935702
374,195.976,0.708913229007327,1.26972007073667,391.952,2020_kk_257,Kusko,2020,0.709126178835854,1.26360430882074,0.00141595171272546,1504.51461005574,1679.64805041547,2090.76,0.707620504797333,1243.9858271935702
375,196.5,0.708585863360834,1.26619274588021,393,2020_kk_257,Kusko,2020,0.709118525218033,1.26509254728281,0.00148823846206891,1504.51461005574,1679.64805041547,2090.76,0.707620504797333,1243.9858271935702
376,197.024,0.70890305316278,1.26371578289847,394.048,2020_kk_257,Kusko,2020,0.709098122265028,1.26679918924843,0.00170664196561598,1504.51461005574,1679.64805041547,2090.76,0.707620504797333,1243.9858271935702
377,197.548,0.709045672736891,1.26759388397154,395.096,2020_kk_257,Kusko,2020,0.709100706877961,1.26854491211434,0.00174572286591279,1504.51461005574,1679.64805041547,2090.76,0.707620504797333,1243.9858271935702
378,198.072,0.708329398409792,1.27636135861342,396.144,2020_kk_257,Kusko,2020,0.70910266087357,1.27025954753033,0.00171463541599182,1504.51461005574,1679.64805041547,2090.76,0.707620504797333,1243.9858271935702
379,198.596,0.709030706157336,1.27114164026824,397.192,2020_kk_257,Kusko,2020,0.709104764152871,1.27199915458522,0.00173960705488785,1504.51461005574,1679.64805041547,2090.76,0.707620504797333,1243.9858271935702
380,199.12,0.709545663663728,1.27187270559864,398.24,2020_kk_257,Kusko,2020,0.709123717884997,1.27361155994961,0.001612405364388,1504.51461005574,1679.64805041547,2090.76,0.707620504797333,1243.9858271935702
381,199.644,0.709584721378554,1.28183810283916,399.288,2020_kk_257,Kusko,2020,0.709141497455796,1.27497722151787,0.00136566156826068,1504.51461005574,1679.64805041547,2090.76,0.707620504797333,1243.9858271935702
382,200.168,0.708493148674269,1.27269933628854,400.336,2020_kk_257,Kusko,2020,0.709130952236437,1.27624716864035,0.00126994712248463,1504.51461005574,1679.64805041547,2090.76,0.707620504797333,1243.9858271935702
383,200.692,0.709452978589353,1.27421152458246,401.384,2020_kk_257,Kusko,2020,0.709130773638049,1.27760214197453,0.00135497333418111,1504.51461005574,1679.64805041547,2090.76,0.707620504797333,1243.9858271935702
384,201.216,0.709405228700467,1.27294659076177,402.432,2020_kk_257,Kusko,2020,0.709136266977007,1.27891656773351,0.00131442575897189,1504.51461005574,1679.64805041547,2090.76,0.707620504797333,1243.9858271935702
385,201.74,0.709690648661401,1.27754880350887,403.48,2020_kk_257,Kusko,2020,0.709146353086863,1.2802354508077,0.0013188830741970301,1504.51461005574,1679.64805041547,2090.76,0.707620504797333,1243.9858271935702
386,202.264,0.709536819039433,1.28328321042066,404.528,2020_kk_257,Kusko,2020,0.709139990146313,1.28134042663092,0.00110497582321578,1504.51461005574,1679.64805041547,2090.76,0.707620504797333,1243.9858271935702
387,202.788,0.708614872130935,1.30581076173154,405.576,2020_kk_257,Kusko,2020,0.709150708794076,1.28211568353464,7.7525690371937e-4,1504.51461005574,1679.64805041547,2090.76,0.707620504797333,1243.9858271935702
388,203.312,0.709637689074888,1.3127889771676,406.624,2020_kk_257,Kusko,2020,0.70914051952838,1.28262180278441,5.0611924976684e-4,1504.51461005574,1679.64805041547,2090.76,0.707620504797333,1243.9858271935702
389,203.836,0.708510479665883,1.30800737760051,407.672,2020_kk_257,Kusko,2020,0.709141614577144,1.28280480249317,1.8299970876478e-4,1504.51461005574,1679.64805041547,2090.76,0.707620504797333,1243.9858271935702
390,204.36,0.708710916476249,1.31321616501377,408.72,2020_kk_257,Kusko,2020,0.709123853735503,1.2829228616147,1.180591215335e-4,1504.51461005574,1679.64805041547,2090.76,0.707620504797333,1243.9858271935702
391,204.884,0.709915503789323,1.29346060125593,409.768,2020_kk_257,Kusko,2020,0.709114902191625,1.28336170244674,4.388408320326e-4,1504.51461005574,1679.64805041547,2090.76,0.707620504797333,1243.9858271935702
392,205.408,0.710117262957822,1.30317248960671,410.816,2020_kk_257,Kusko,2020,0.709123900538529,1.28345517917844,9.34767317022356e-5,1504.51461005574,1679.64805041547,2090.76,0.707620504797333,1243.9858271935702
393,205.932,0.70880229810785,1.29381681002596,411.864,2020_kk_257,Kusko,2020,0.709131176735735,1.28330061916628,-1.545600121553e-4,1504.51461005574,1679.64805041547,2090.76,0.707620504797333,1243.9858271935702
394,206.456,0.708873286853074,1.30058563454998,412.912,2020_kk_257,Kusko,2020,0.709149544183864,1.28323272668338,-6.78924829076166e-5,1504.51461005574,1679.64805041547,2090.76,0.707620504797333,1243.9858271935702
395,206.98,0.709833396138496,1.30095353688721,413.96,2020_kk_257,Kusko,2020,0.709164750521495,1.2832991493889,6.64227055258149e-5,1504.51461005574,1679.64805041547,2090.76,0.707620504797333,1243.9858271935702
396,207.504,0.709396789218044,1.31146916971809,415.008,2020_kk_257,Kusko,2020,0.709178772885979,1.28335273067976,5.35812908579736e-5,1504.51461005574,1679.64805041547,2090.76,0.707620504797333,1243.9858271935702
397,208.028,0.708860794362052,1.28061455042405,416.056,2020_kk_257,Kusko,2020,0.70918774358534,1.28350250318896,1.4977250919612e-4,1504.51461005574,1679.64805041547,2090.76,0.707620504797333,1243.9858271935702
398,208.552,0.708846499292027,1.27974883061144,417.104,2020_kk_257,Kusko,2020,0.709188301076414,1.28345833159952,-4.41715894343719e-5,1504.51461005574,1679.64805041547,2090.76,0.707620504797333,1243.9858271935702
399,209.076,0.708943575489522,1.28044815013178,418.152,2020_kk_257,Kusko,2020,0.709175482191929,1.28348966649926,3.13348997387219e-5,1504.51461005574,1679.64805041547,2090.76,0.707620504797333,1243.9858271935702
400,209.6,0.709243976136941,1.28434290951314,419.2,2020_kk_257,Kusko,2020,0.709186812096631,1.2838908385096,4.0117201034051e-4,1504.51461005574,1679.64805041547,2090.76,0.707620504797333,1243.9858271935702
401,210.124,0.709792273376346,1.3012987895274,420.248,2020_kk_257,Kusko,2020,0.709171926141854,1.28417869540012,2.8785689052024e-4,1504.51461005574,1679.64805041547,2090.76,0.707620504797333,1243.9858271935702
402,210.648,0.709605216982233,1.29797368081136,421.296,2020_kk_257,Kusko,2020,0.709178832144757,1.28434477389168,1.6607849155692e-4,1504.51461005574,1679.64805041547,2090.76,0.707620504797333,1243.9858271935702
403,211.172,0.709872991650148,1.29020570009761,422.344,2020_kk_257,Kusko,2020,0.709204548051964,1.28451398415205,1.6921026037519e-4,1504.51461005574,1679.64805041547,2090.76,0.707620504797333,1243.9858271935702
404,211.696,0.709333663595485,1.30325567518102,423.392,2020_kk_257,Kusko,2020,0.709209800634986,1.28425165240991,-2.6233174214396e-4,1504.51461005574,1679.64805041547,2090.76,0.707620504797333,1243.9858271935702
405,212.22,0.708576302514429,1.30426091572356,424.44,2020_kk_257,Kusko,2020,0.709209885590431,1.28401490683094,-2.3674557897335e-4,1504.51461005574,1679.64805041547,2090.76,0.707620504797333,1243.9858271935702
406,212.744,0.709000817897992,1.31771448313752,425.488,2020_kk_257,Kusko,2020,0.709197396524877,1.28392993774774,-8.49690831967731e-5,1504.51461005574,1679.64805041547,2090.76,0.707620504797333,1243.9858271935702
407,213.268,0.708900236039526,1.32286427272365,426.536,2020_kk_257,Kusko,2020,0.709209137307385,1.2838369525501,-9.29851976347873e-5,1504.51461005574,1679.64805041547,2090.76,0.707620504797333,1243.9858271935702
408,213.792,0.709150712067135,1.32056352690034,427.584,2020_kk_257,Kusko,2020,0.709211751108326,1.28349379487432,-3.4315767578796e-4,1504.51461005574,1679.64805041547,2090.76,0.707620504797333,1243.9858271935702
409,214.316,0.708776090605754,1.31639461889824,428.632,2020_kk_257,Kusko,2020,0.709219014566575,1.2829594870108,-5.343078635176e-4,1504.51461005574,1679.64805041547,2090.76,0.707620504797333,1243.9858271935702
410,214.84,0.710028265398229,1.31522058561707,429.68,2020_kk_257,Kusko,2020,0.709215061876331,1.28202770875896,-9.3177825184187e-4,1504.51461005574,1679.64805041547,2090.76,0.707620504797333,1243.9858271935702
411,215.364,0.709914617688762,1.30589437716076,430.728,2020_kk_257,Kusko,2020,0.709188064341167,1.28046103528771,-0.0015666734712505,1504.51461005574,1679.64805041547,2090.76,0.707620504797333,1243.9858271935702
412,215.888,0.707969035068098,1.31424367781742,431.776,2020_kk_257,Kusko,2020,0.709201593562086,1.27858861082503,-0.00187242446267377,1504.51461005574,1679.64805041547,2090.76,0.707620504797333,1243.9858271935702
413,216.412,0.708746974086456,1.3332068839927,432.824,2020_kk_257,Kusko,2020,0.709195734624363,1.27714272091993,-0.00144588990510175,1504.51461005574,1679.64805041547,2090.76,0.707620504797333,1243.9858271935702
414,216.936,0.709900045915674,1.31804195369286,433.872,2020_kk_257,Kusko,2020,0.709174223698278,1.27600372792634,-0.00113899299359232,1504.51461005574,1679.64805041547,2090.76,0.707620504797333,1243.9858271935702
415,217.46,0.709173376636723,1.32044328344106,434.92,2020_kk_257,Kusko,2020,0.709170094991908,1.27484309948078,-0.0011606284455592,1504.51461005574,1679.64805041547,2090.76,0.707620504797333,1243.9858271935702
416,217.984,0.709689291120907,1.30218988393431,435.968,2020_kk_257,Kusko,2020,0.709150118683176,1.27362186011874,-0.00122123936204321,1504.51461005574,1679.64805041547,2090.76,0.707620504797333,1243.9858271935702
417,218.508,0.709212544800596,1.28438153499134,437.016,2020_kk_257,Kusko,2020,0.709172987256872,1.27195353458213,-0.00166832553660101,1504.51461005574,1679.64805041547,2090.76,0.707620504797333,1243.9858271935702
418,219.032,0.707988455331936,1.25709276313109,438.064,2020_kk_257,Kusko,2020,0.709176007779833,1.270265877353,-0.00168765722913755,1504.51461005574,1679.64805041547,2090.76,0.707620504797333,1243.9858271935702
419,219.556,0.708712361754318,1.23694317694788,439.112,2020_kk_257,Kusko,2020,0.709179720478862,1.26870812969645,-0.00155774765654471,1504.51461005574,1679.64805041547,2090.76,0.707620504797333,1243.9858271935702
420,220.08,0.708211563099627,1.23258104271605,440.16,2020_kk_257,Kusko,2020,0.709187909152506,1.26728887799434,-0.00141925170211721,1504.51461005574,1679.64805041547,2090.76,0.707620504797333,1243.9858271935702
421,220.604,0.708796042408426,1.2471532431258,441.208,2020_kk_257,Kusko,2020,0.709187559374513,1.26623365986768,-0.00105521812665921,1504.51461005574,1679.64805041547,2090.76,0.707620504797333,1243.9858271935702
422,221.128,0.70961383641883,1.24441781811694,442.256,2020_kk_257,Kusko,2020,0.709175844234937,1.26483043293758,-0.00140322693009209,1504.51461005574,1679.64805041547,2090.76,0.707620504797333,1243.9858271935702
423,221.652,0.708561365852923,1.23948201071748,443.304,2020_kk_257,Kusko,2020,0.709192997454783,1.26324035525114,-0.00159007768643948,1504.51461005574,1679.64805041547,2090.76,0.707620504797333,1243.9858271935702
424,222.176,0.709722098974969,1.2399772481426,444.352,2020_kk_257,Kusko,2020,0.709202502978208,1.26177248347905,-0.00146787177209284,1504.51461005574,1679.64805041547,2090.76,0.707620504797333,1243.9858271935702
425,222.7,0.709227184131316,1.25271242880132,445.4,2020_kk_257,Kusko,2020,0.709200505052394,1.26026196579934,-0.00151051767971322,1504.51461005574,1679.64805041547,2090.76,0.707620504797333,1243.9858271935702
426,223.224,0.710486142096959,1.27342199306339,446.448,2020_kk_257,Kusko,2020,0.709172794694921,1.25866299568308,-0.00159897011625865,1504.51461005574,1679.64805041547,2090.76,0.707620504797333,1243.9858271935702
427,223.748,0.708523087675846,1.28272341101579,447.496,2020_kk_257,Kusko,2020,0.709175184956589,1.25778907076789,-8.7392491518878e-4,1504.51461005574,1679.64805041547,2090.76,0.707620504797333,1243.9858271935702
428,224.272,0.709886133866182,1.27466630028001,448.544,2020_kk_257,Kusko,2020,0.709188129220759,1.25706367524403,-7.2539552386552e-4,1504.51461005574,1679.64805041547,2090.76,0.707620504797333,1243.9858271935702
429,224.796,0.709508960415554,1.26694959072556,449.592,2020_kk_257,Kusko,2020,0.709194109554547,1.25657983122897,-4.8384401505208e-4,1504.51461005574,1679.64805041547,2090.76,0.707620504797333,1243.9858271935702
430,225.32,0.709937444517063,1.26894963279821,450.64,2020_kk_257,Kusko,2020,0.709200336498279,1.25646011380841,-1.1971742056271e-4,1504.51461005574,1679.64805041547,2090.76,0.707620504797333,1243.9858271935702
431,225.844,0.708861936264668,1.26240849539857,451.688,2020_kk_257,Kusko,2020,0.709183424415101,1.25616136830707,-2.9874550134079e-4,1504.51461005574,1679.64805041547,2090.76,0.707620504797333,1243.9858271935702
432,226.368,0.709711340729717,1.24855079310169,452.736,2020_kk_257,Kusko,2020,0.709167350372532,1.25604338277301,-1.179855340565e-4,1504.51461005574,1679.64805041547,2090.76,0.707620504797333,1243.9858271935702
433,226.892,0.710058002899768,1.2570935367863,453.784,2020_kk_257,Kusko,2020,0.709140953455116,1.25633618417735,2.9280140433574e-4,1504.51461005574,1679.64805041547,2090.76,0.707620504797333,1243.9858271935702
434,227.416,0.709228383988661,1.25398016620802,454.832,2020_kk_257,Kusko,2020,0.709146145995985,1.25659897460389,2.6279042654398e-4,1504.51461005574,1679.64805041547,2090.76,0.707620504797333,1243.9858271935702
435,227.94,0.708590960687532,1.2519880111418,455.88,2020_kk_257,Kusko,2020,0.70915511558726,1.25690402606532,3.0505146142201e-4,1504.51461005574,1679.64805041547,2090.76,0.707620504797333,1243.9858271935702
436,228.464,0.708153709229541,1.25861763790667,456.928,2020_kk_257,Kusko,2020,0.709152120722859,1.25677894286355,-1.2508320176452e-4,1504.51461005574,1679.64805041547,2090.76,0.707620504797333,1243.9858271935702
437,228.988,0.709750119687365,1.26201477211346,457.976,2020_kk_257,Kusko,2020,0.709142624259474,1.25649569253199,-2.8325033156262e-4,1504.51461005574,1679.64805041547,2090.76,0.707620504797333,1243.9858271935702
438,229.512,0.70848622646622506,1.25577189806613,459.024,2020_kk_257,Kusko,2020,0.709149022531554,1.25635340267991,-1.4228985207509e-4,1504.51461005574,1679.64805041547,2090.76,0.707620504797333,1243.9858271935702
439,230.036,0.709466513652264,1.23908316845719,460.072,2020_kk_257,Kusko,2020,0.709151126749157,1.2567079515146,3.5454883468366e-4,1504.51461005574,1679.64805041547,2090.76,0.707620504797333,1243.9858271935702
440,230.56,0.709308502249112,1.21596601048813,461.12,2020_kk_257,Kusko,2020,0.709142605477652,1.25678856476562,8.06132510196012e-5,1504.51461005574,1679.64805041547,2090.76,0.707620504797333,1243.9858271935702
441,231.084,0.707964869268738,1.18783769456412,462.168,2020_kk_257,Kusko,2020,0.709131780546202,1.25680816757993,1.96028143164551e-5,1504.51461005574,1679.64805041547,2090.76,0.707620504797333,1243.9858271935702
442,231.608,0.709304901929421,1.16035386852812,463.216,2020_kk_257,Kusko,2020,0.70915276242734,1.25661068285127,-1.9748472865988e-4,1504.51461005574,1679.64805041547,2090.76,0.707620504797333,1243.9858271935702
443,232.132,0.709101442325971,1.18745813027636,464.264,2020_kk_257,Kusko,2020,0.70915387754892,1.25579231702229,-8.1836582897976e-4,1504.51461005574,1679.64805041547,2090.76,0.707620504797333,1243.9858271935702
444,232.656,0.708114573135352,1.20460701114622,465.312,2020_kk_257,Kusko,2020,0.709144356954639,1.25537198909034,-4.2032793195323e-4,1504.51461005574,1679.64805041547,2090.76,0.707620504797333,1243.9858271935702
445,233.18,0.709442926279218,1.20791109677531,466.36,2020_kk_257,Kusko,2020,0.709169000750831,1.25490566670673,-4.6632238361143e-4,1504.51461005574,1679.64805041547,2090.76,0.707620504797333,1243.9858271935702
446,233.704,0.708338240515471,1.21000884869807,467.408,2020_kk_257,Kusko,2020,0.709164183022603,1.25483166376305,-7.40029436816503e-5,1504.51461005574,1679.64805041547,2090.76,0.707620504797333,1243.9858271935702
447,234.228,0.709986986552695,1.20571122953549,468.456,2020_kk_257,Kusko,2020,0.709174383371189,1.25537547333493,5.4380957188726e-4,1504.51461005574,1679.64805041547,2090.76,0.707620504797333,1243.9858271935702
448,234.752,0.709818920452546,1.21152954341935,469.504,2020_kk_257,Kusko,2020,0.709188837244012,1.25661329032083,0.00123781698589243,1504.51461005574,1679.64805041547,2090.76,0.707620504797333,1243.9858271935702
449,235.276,0.708733241607651,1.21454251820783,470.552,2020_kk_257,Kusko,2020,0.709183684028383,1.25844286725782,0.00182957693699026,1504.51461005574,1679.64805041547,2090.76,0.707620504797333,1243.9858271935702
450,235.8,0.709202236894893,1.22806106288674,471.6,2020_kk_257,Kusko,2020,0.709205743031967,1.26033876358527,0.00189589632745379,1504.51461005574,1679.64805041547,2090.76,0.707620504797333,1243.9858271935702
451,236.324,0.709894517109704,1.23014751365638,472.648,2020_kk_257,Kusko,2020,0.709202203090315,1.26213095462075,0.00179219103548323,1504.51461005574,1679.64805041547,2090.76,0.707620504797333,1243.9858271935702
452,236.848,0.709414354583258,1.21897887380118,473.696,2020_kk_257,Kusko,2020,0.709202324300586,1.26440367897226,0.00227272435150838,1504.51461005574,1679.64805041547,2090.76,0.707620504797333,1243.9858271935702
453,237.372,0.709831491298643,1.19841214883959,474.744,2020_kk_257,Kusko,2020,0.709218676126243,1.26678711757565,0.00238343860339185,1504.51461005574,1679.64805041547,2090.76,0.707620504797333,1243.9858271935702
454,237.896,0.709443618258559,1.2125133282244,475.792,2020_kk_257,Kusko,2020,0.709207351533523,1.2692996898399,0.00251257226424406,1504.51461005574,1679.64805041547,2090.76,0.707620504797333,1243.9858271935702
455,238.42,0.709713520589654,1.21032247610442,476.84,2020_kk_257,Kusko,2020,0.709227410545539,1.27123319374004,0.00193350390014535,1504.51461005574,1679.64805041547,2090.76,0.707620504797333,1243.9858271935702
456,238.944,0.707734167769639,1.21553096274257,477.888,2020_kk_257,Kusko,2020,0.709211036595069,1.27250619736229,0.00127300362224569,1504.51461005574,1679.64805041547,2090.76,0.707620504797333,1243.9858271935702
457,239.468,0.70900421006215,1.22817905551272,478.936,2020_kk_257,Kusko,2020,0.709226648411639,1.27346520915189,9.5901178959678e-4,1504.51461005574,1679.64805041547,2090.76,0.707620504797333,1243.9858271935702
458,239.992,0.709623155142237,1.2362250991795,479.984,2020_kk_257,Kusko,2020,0.709221091778771,1.27455186903751,0.00108665988562739,1504.51461005574,1679.64805041547,2090.76,0.707620504797333,1243.9858271935702
459,240.516,0.709302395516809,1.25141750922866,481.032,2020_kk_257,Kusko,2020,0.709216378688874,1.27550246581006,9.5059677254938e-4,1504.51461005574,1679.64805041547,2090.76,0.707620504797333,1243.9858271935702
460,241.04,0.709617592760863,1.27715986427937,482.08,2020_kk_257,Kusko,2020,0.709203765284035,1.27629746146066,7.9499565059792e-4,1504.51461005574,1679.64805041547,2090.76,0.707620504797333,1243.9858271935702
461,241.564,0.708777548385634,1.28337405944697,483.128,2020_kk_257,Kusko,2020,0.709203882296004,1.27719308993236,8.9562847169499e-4,1504.51461005574,1679.64805041547,2090.76,0.707620504797333,1243.9858271935702
462,242.088,0.708640774428096,1.29089454876796,484.176,2020_kk_257,Kusko,2020,0.709198969676348,1.27878910207633,0.00159601214397509,1504.51461005574,1679.64805041547,2090.76,0.707620504797333,1243.9858271935702
463,242.612,0.708289176605198,1.30777378435777,485.224,2020_kk_257,Kusko,2020,0.709175921097952,1.28046864667845,0.00167954460211517,1504.51461005574,1679.64805041547,2090.76,0.707620504797333,1243.9858271935702
464,243.136,0.709645216047595,1.31902310077366,486.272,2020_kk_257,Kusko,2020,0.70916082716486,1.28209962339242,0.00163097671397638,1504.51461005574,1679.64805041547,2090.76,0.707620504797333,1243.9858271935702
465,243.66,0.709114477990969,1.32256400340888,487.32,2020_kk_257,Kusko,2020,0.709173899253126,1.28385225766988,0.00175263427746031,1504.51461005574,1679.64805041547,2090.76,0.707620504797333,1243.9858271935702
466,244.184,0.708821126033936,1.31020949103164,488.368,2020_kk_257,Kusko,2020,0.709192824111882,1.28536848862838,0.00151623095849684,1504.51461005574,1679.64805041547,2090.76,0.707620504797333,1243.9858271935702
467,244.708,0.708330448236432,1.30586925282989,489.416,2020_kk_257,Kusko,2020,0.709187458262178,1.28686305405086,0.00149456542247739,1504.51461005574,1679.64805041547,2090.76,0.707620504797333,1243.9858271935702
468,245.232,0.709534608391903,1.31202613577583,490.464,2020_kk_257,Kusko,2020,0.709204717925894,1.28840135604591,0.00153830199504834,1504.51461005574,1679.64805041547,2090.76,0.707620504797333,1243.9858271935702
469,245.756,0.708902343661916,1.33766754897927,491.512,2020_kk_257,Kusko,2020,0.709216280134797,1.2901922536244,0.00179089757849993,1504.51461005574,1679.64805041547,2090.76,0.707620504797333,1243.9858271935702
470,246.28,0.709516989107961,1.32005738067824,492.56,2020_kk_257,Kusko,2020,0.709237169261452,1.29201251213021,0.00182025850580381,1504.51461005574,1679.64805041547,2090.76,0.707620504797333,1243.9858271935702
471,246.804,0.709265121801759,1.30707054601974,493.608,2020_kk_257,Kusko,2020,0.709260814226265,1.29426371752159,0.00225120539138501,1504.51461005574,1679.64805041547,2090.76,0.707620504797333,1243.9858271935702
472,247.328,0.709227947936366,1.30239459409783,494.656,2020_kk_257,Kusko,2020,0.709241151425414,1.29678745457418,0.00252373705258813,1504.51461005574,1679.64805041547,2090.76,0.707620504797333,1243.9858271935702
473,247.852,0.708813881381279,1.28410493425391,495.704,2020_kk_257,Kusko,2020,0.709249483302698,1.29866240933546,0.00187495476127375,1504.51461005574,1679.64805041547,2090.76,0.707620504797333,1243.9858271935702
474,248.376,0.709328810258816,1.29282227777567,496.752,2020_kk_257,Kusko,2020,0.709274028575328,1.30031857582958,0.00165616649412681,1504.51461005574,1679.64805041547,2090.76,0.707620504797333,1243.9858271935702
475,248.9,0.710652004408212,1.29246394042436,497.8,2020_kk_257,Kusko,2020,0.709269660768957,1.3021606790559,0.00184210322632206,1504.51461005574,1679.64805041547,2090.76,0.707620504797333,1243.9858271935702
476,249.424,0.709400227427246,1.29774970731342,498.848,2020_kk_257,Kusko,2020,0.709281853223396,1.30389854950163,0.00173787044572427,1504.51461005574,1679.64805041547,2090.76,0.707620504797333,1243.9858271935702
477,249.948,0.709824565715775,1.31701010930459,499.896,2020_kk_257,Kusko,2020,0.709278256237211,1.30609419357209,0.00219564407046025,1504.51461005574,1679.64805041547,2090.76,0.707620504797333,1243.9858271935702
478,250.472,0.708855687701295,1.33136178228464,500.944,2020_kk_257,Kusko,2020,0.709262546828189,1.30811696331665,0.00202276974456028,1504.51461005574,1679.64805041547,2090.76,0.707620504797333,1243.9858271935702
479,250.996,0.708403168816604,1.34671779316729,501.992,2020_kk_257,Kusko,2020,0.709270640508204,1.31020664468156,0.00208968136491072,1504.51461005574,1679.64805041547,2090.76,0.707620504797333,1243.9858271935702
480,251.52,0.709535103314627,1.34633482236329,503.04,2020_kk_257,Kusko,2020,0.709278743105025,1.31206072698597,0.00185408230440554,1504.51461005574,1679.64805041547,2090.76,0.707620504797333,1243.9858271935702
481,252.044,0.70858364590931,1.35468470525478,504.088,2020_kk_257,Kusko,2020,0.709282743886341,1.31358038477503,0.00151965778906749,1504.51461005574,1679.64805041547,2090.76,0.707620504797333,1243.9858271935702
482,252.568,0.709621109035073,1.38078127920745,505.136,2020_kk_257,Kusko,2020,0.709281364468848,1.31520757668746,0.001627191912422,1504.51461005574,1679.64805041547,2090.76,0.707620504797333,1243.9858271935702
483,253.092,0.709542475392364,1.38248832692099,506.184,2020_kk_257,Kusko,2020,0.709261835403666,1.31721865204748,0.00201107536002487,1504.51461005574,1679.64805041547,2090.76,0.707620504797333,1243.9858271935702
484,253.616,0.709042623411805,1.39073158399724,507.232,2020_kk_257,Kusko,2020,0.709261196371282,1.31925096503536,0.00203231298788342,1504.51461005574,1679.64805041547,2090.76,0.707620504797333,1243.9858271935702
485,254.14,0.710430724852275,1.36872266281003,508.28,2020_kk_257,Kusko,2020,0.709247520935619,1.32158761751271,0.00233665247734316,1504.51461005574,1679.64805041547,2090.76,0.707620504797333,1243.9858271935702
486,254.664,0.709503705068748,1.34980221039814,509.328,2020_kk_257,Kusko,2020,0.709269539241307,1.32376255146445,0.00217493395174118,1504.51461005574,1679.64805041547,2090.76,0.707620504797333,1243.9858271935702
487,255.188,0.709459796670042,1.34026411839159,510.376,2020_kk_257,Kusko,2020,0.709272316974357,1.32597060805102,0.00220805658656742,1504.51461005574,1679.64805041547,2090.76,0.707620504797333,1243.9858271935702
488,255.712,0.709552735894075,1.33986589341766,511.424,2020_kk_257,Kusko,2020,0.709254456006027,1.32824013540408,0.00226952735306418,1504.51461005574,1679.64805041547,2090.76,0.707620504797333,1243.9858271935702
489,256.236,0.709226175021765,1.32398539707853,512.472,2020_kk_257,Kusko,2020,0.709263943503311,1.33044236129055,0.0022022258864669,1504.51461005574,1679.64805041547,2090.76,0.707620504797333,1243.9858271935702
490,256.76,0.709180640226711,1.31664937183408,513.52,2020_kk_257,Kusko,2020,0.709236775037792,1.33197757255572,0.00153521126517697,1504.51461005574,1679.64805041547,2090.76,0.707620504797333,1243.9858271935702
491,257.284,0.708868956982775,1.31614620370028,514.568,2020_kk_257,Kusko,2020,0.709228541212895,1.33337944094166,0.00140186838593559,1504.51461005574,1679.64805041547,2090.76,0.707620504797333,1243.9858271935702
492,257.808,0.709416583550394,1.3443115217402,515.616,2020_kk_257,Kusko,2020,0.70922389519092,1.33482729047388,0.0014478495322221,1504.51461005574,1679.64805041547,2090.76,0.707620504797333,1243.9858271935702
493,258.332,0.708675088195984,1.35786621291322,516.664,2020_kk_257,Kusko,2020,0.70924112971281,1.33606238336488,0.00123509289099455,1504.51461005574,1679.64805041547,2090.76,0.707620504797333,1243.9858271935702
494,258.856,0.708322748003153,1.35183876904661,517.712,2020_kk_257,Kusko,2020,0.709231887530259,1.33700781039664,9.4542703175992e-4,1504.51461005574,1679.64805041547,2090.76,0.707620504797333,1243.9858271935702
495,259.38,0.709375285983527,1.35714606778943,518.76,2020_kk_257,Kusko,2020,0.709245041644202,1.33777699476925,7.6918437261519e-4,1504.51461005574,1679.64805041547,2090.76,0.707620504797333,1243.9858271935702
496,259.904,0.709289200754869,1.34959149541649,519.808,2020_kk_257,Kusko,2020,0.709256098657168,1.33917025289728,0.00139325812803204,1504.51461005574,1679.64805041547,2090.76,0.707620504797333,1243.9858271935702
497,260.428,0.709428168705142,1.35168869746209,520.856,2020_kk_257,Kusko,2020,0.709271781706628,1.34042324881533,0.00125299591804318,1504.51461005574,1679.64805041547,2090.76,0.707620504797333,1243.9858271935702
498,260.952,0.709521806289157,1.34807001776903,521.904,2020_kk_257,Kusko,2020,0.709261015072375,1.34134067672338,9.1742790805504e-4,1504.51461005574,1679.64805041547,2090.76,0.707620504797333,1243.9858271935702
499,261.476,0.710160246186469,1.3465370231672,522.952,2020_kk_257,Kusko,2020,0.70927285134357,1.34147399129526,1.3331457187915e-4,1504.51461005574,1679.64805041547,2090.76,0.707620504797333,1243.9858271935702
500,262,0.710561849848383,1.32518152083635,524,2020_kk_257,Kusko,2020,0.70926969028132,1.34176329791493,2.8930661966741e-4,1504.51461005574,1679.64805041547,2090.76,0.707620504797333,1243.9858271935702
501,262.524,0.709383567157531,1.32291001804722,525.048,2020_kk_257,Kusko,2020,0.709284237701946,1.34195146252933,1.8816461440129e-4,1504.51461005574,1679.64805041547,2090.76,0.707620504797333,1243.9858271935702
502,263.048,0.708125133878396,1.3117780916834,526.096,2020_kk_257,Kusko,2020,0.709291670555531,1.34185191537014,-9.95471591875852e-5,1504.51461005574,1679.64805041547,2090.76,0.707620504797333,1243.9858271935702
503,263.572,0.709601354963013,1.29995541595279,527.144,2020_kk_257,Kusko,2020,0.709311933588181,1.34201790586512,1.6599049497823e-4,1504.51461005574,1679.64805041547,2090.76,0.707620504797333,1243.9858271935702
504,264.096,0.709587289493135,1.30397700079383,528.192,2020_kk_257,Kusko,2020,0.709302192616942,1.34213993760248,1.2203173735891e-4,1504.51461005574,1679.64805041547,2090.76,0.707620504797333,1243.9858271935702
505,264.62,0.709180857896943,1.31843729035463,529.24,2020_kk_257,Kusko,2020,0.709287481463366,1.34316045187699,0.00102051427451588,1504.51461005574,1679.64805041547,2090.76,0.707620504797333,1243.9858271935702
506,265.144,0.70906978778183,1.31428107544153,530.288,2020_kk_257,Kusko,2020,0.709267651632282,1.34385621539947,6.9576352247557e-4,1504.51461005574,1679.64805041547,2090.76,0.707620504797333,1243.9858271935702
507,265.668,0.70977116738159,1.3374498737631,531.336,2020_kk_257,Kusko,2020,0.709252396259986,1.34417817776528,3.219623658115e-4,1504.51461005574,1679.64805041547,2090.76,0.707620504797333,1243.9858271935702
508,266.192,0.708876355911215,1.33289572809298,532.384,2020_kk_257,Kusko,2020,0.709244274077875,1.3438832790826,-2.9489868267651e-4,1504.51461005574,1679.64805041547,2090.76,0.707620504797333,1243.9858271935702
509,266.716,0.709218862408558,1.33992340010248,533.432,2020_kk_257,Kusko,2020,0.709240041550635,1.34312055453948,-7.6272454312809e-4,1504.51461005574,1679.64805041547,2090.76,0.707620504797333,1243.9858271935702
510,267.24,0.709688392704173,1.33930600115107,534.48,2020_kk_257,Kusko,2020,0.709225938173411,1.3426259545412,-4.9459999827949e-4,1504.51461005574,1679.64805041547,2090.76,0.707620504797333,1243.9858271935702
511,267.764,0.710134563988653,1.32132698100043,535.528,2020_kk_257,Kusko,2020,0.709242469118832,1.34208255815323,-5.4339638796441e-4,1504.51461005574,1679.64805041547,2090.76,0.707620504797333,1243.9858271935702
512,268.288,0.70933158953365,1.3166103885465,536.576,2020_kk_257,Kusko,2020,0.709238999055794,1.3411384726323,-9.4408552092861e-4,1504.51461005574,1679.64805041547,2090.76,0.707620504797333,1243.9858271935702
513,268.812,0.70865974738771,1.31907667044108,537.624,2020_kk_257,Kusko,2020,0.709233875502313,1.34032205796447,-8.1641466783066e-4,1504.51461005574,1679.64805041547,2090.76,0.707620504797333,1243.9858271935702
514,269.336,0.709405276315519,1.33445210749741,538.672,2020_kk_257,Kusko,2020,0.709241476529934,1.33902525646474,-0.00129680149973388,1504.51461005574,1679.64805041547,2090.76,0.707620504797333,1243.9858271935702
515,269.86,0.708892994449886,1.35052162474501,539.72,2020_kk_257,Kusko,2020,0.709221650592963,1.33780480002517,-0.00122045643956703,1504.51461005574,1679.64805041547,2090.76,0.707620504797333,1243.9858271935702
516,270.384,0.709055266110961,1.34602699984703,540.768,2020_kk_257,Kusko,2020,0.709204631418932,1.33681654507994,-9.882549452278e-4,1504.51461005574,1679.64805041547,2090.76,0.707620504797333,1243.9858271935702
517,270.908,0.709170874045102,1.36066245070676,541.816,2020_kk_257,Kusko,2020,0.709196883925622,1.33574658968404,-0.00106995539590549,1504.51461005574,1679.64805041547,2090.76,0.707620504797333,1243.9858271935702
518,271.432,0.708551497042478,1.37239674036335,542.864,2020_kk_257,Kusko,2020,0.709187422306409,1.33426028952437,-0.00148630015967344,1504.51461005574,1679.64805041547,2090.76,0.707620504797333,1243.9858271935702
519,271.956,0.709871645353816,1.38355106241667,543.912,2020_kk_257,Kusko,2020,0.70919073013712,1.33297543146531,-0.00128485805906009,1504.51461005574,1679.64805041547,2090.76,0.707620504797333,1243.9858271935702
520,272.48,0.707987484829712,1.36927254019,544.96,2020_kk_257,Kusko,2020,0.709181467776802,1.3322666636848,-7.0876778050332e-4,1504.51461005574,1679.64805041547,2090.76,0.707620504797333,1243.9858271935702
521,273.004,0.708283518891847,1.3674861626031,546.008,2020_kk_257,Kusko,2020,0.709188372422102,1.33130356824608,-9.6309543871764e-4,1504.51461005574,1679.64805041547,2090.76,0.707620504797333,1243.9858271935702
522,273.528,0.708362013109603,1.37776552070128,547.056,2020_kk_257,Kusko,2020,0.709162169974344,1.32956124772751,-0.00174232051857803,1504.51461005574,1679.64805041547,2090.76,0.707620504797333,1243.9858271935702
523,274.052,0.709323247918596,1.38187935781744,548.104,2020_kk_257,Kusko,2020,0.709167196706949,1.32724670722082,-0.00231454050668733,1504.51461005574,1679.64805041547,2090.76,0.707620504797333,1243.9858271935702
524,274.576,0.709090685094519,1.37574872267926,549.152,2020_kk_257,Kusko,2020,0.709172632078824,1.3250540623439,-0.00219264487692072,1504.51461005574,1679.64805041547,2090.76,0.707620504797333,1243.9858271935702
525,275.1,0.709903724827533,1.36871506576579,550.2,2020_kk_257,Kusko,2020,0.709170386989404,1.32255177416813,-0.00250228817577303,1504.51461005574,1679.64805041547,2090.76,0.707620504797333,1243.9858271935702
526,275.624,0.70948454681193,1.39380497871356,551.248,2020_kk_257,Kusko,2020,0.709154661056033,1.32005648319779,-0.00249529097033507,1504.51461005574,1679.64805041547,2090.76,0.707620504797333,1243.9858271935702
527,276.148,0.709271431204005,1.38104900791247,552.296,2020_kk_257,Kusko,2020,0.709130961351478,1.31713986358063,-0.00291661961715595,1504.51461005574,1679.64805041547,2090.76,0.707620504797333,1243.9858271935702
528,276.672,0.70888861033671,1.36707181025915,553.344,2020_kk_257,Kusko,2020,0.70912997411241,1.31385306414523,-0.00328679943540244,1504.51461005574,1679.64805041547,2090.76,0.707620504797333,1243.9858271935702
529,277.196,0.709612519933632,1.34566642329201,554.392,2020_kk_257,Kusko,2020,0.709107057992725,1.31020802003642,-0.00364504410880895,1504.51461005574,1679.64805041547,2090.76,0.707620504797333,1243.9858271935702
530,277.72,0.709327325372939,1.33741577785829,555.44,2020_kk_257,Kusko,2020,0.709068390170826,1.30658407577601,-0.00362394426041379,1504.51461005574,1679.64805041547,2090.76,0.707620504797333,1243.9858271935702
531,278.244,0.710137967039345,1.31836042288382,556.488,2020_kk_257,Kusko,2020,0.709069436585937,1.30327969607537,-0.0033043797006389,1504.51461005574,1679.64805041547,2090.76,0.707620504797333,1243.9858271935702
532,278.768,0.709673919151485,1.29642176454658,557.536,2020_kk_257,Kusko,2020,0.709095017388074,1.29985458547187,-0.00342511060350459,1504.51461005574,1679.64805041547,2090.76,0.707620504797333,1243.9858271935702
533,279.292,0.710029663340239,1.29406436395261,558.584,2020_kk_257,Kusko,2020,0.709083625447375,1.29656375204198,-0.00329083342988667,1504.51461005574,1679.64805041547,2090.76,0.707620504797333,1243.9858271935702
534,279.816,0.708744351984484,1.30014418201721,559.632,2020_kk_257,Kusko,2020,0.709079402137611,1.29317410492536,-0.00338964711661505,1504.51461005574,1679.64805041547,2090.76,0.707620504797333,1243.9858271935702
535,280.34,0.709769335193667,1.35369479689532,560.68,2020_kk_257,Kusko,2020,0.70908431012855,1.28933116763529,-0.00384293729007434,1504.51461005574,1679.64805041547,2090.76,0.707620504797333,1243.9858271935702
536,280.864,0.708210437562186,1.33949551866196,561.728,2020_kk_257,Kusko,2020,0.70908821767991,1.28624781128129,-0.00308335635399981,1504.51461005574,1679.64805041547,2090.76,0.707620504797333,1243.9858271935702
537,281.388,0.708909243378011,1.33632785125327,562.776,2020_kk_257,Kusko,2020,0.709095507442746,1.28269288179214,-0.00355492948915015,1504.51461005574,1679.64805041547,2090.76,0.707620504797333,1243.9858271935702
538,281.912,0.708368356774636,1.31366786132406,563.824,2020_kk_257,Kusko,2020,0.709085249648273,1.27918200574964,-0.00351087604250067,1504.51461005574,1679.64805041547,2090.76,0.707620504797333,1243.9858271935702
539,282.436,0.70814921718222,1.30095432057959,564.872,2020_kk_257,Kusko,2020,0.709092558544345,1.27576280285414,-0.0034192028955029,1504.51461005574,1679.64805041547,2090.76,0.707620504797333,1243.9858271935702
540,282.96,0.708688900681213,1.31665882246652,565.92,2020_kk_257,Kusko,2020,0.709052988361284,1.27196236855496,-0.0038004342991782,1504.51461005574,1679.64805041547,2090.76,0.707620504797333,1243.9858271935702
541,283.484,0.709575502634522,1.32208092197692,566.968,2020_kk_257,Kusko,2020,0.709042809665311,1.2679776407628,-0.00398472779215364,1504.51461005574,1679.64805041547,2090.76,0.707620504797333,1243.9858271935702
542,284.008,0.709412905252842,1.32413614795174,568.016,2020_kk_257,Kusko,2020,0.709019937529509,1.26380338088155,-0.00417425988125353,1504.51461005574,1679.64805041547,2090.76,0.707620504797333,1243.9858271935702
543,284.532,0.709235062183494,1.33350344685116,569.064,2020_kk_257,Kusko,2020,0.709022689888211,1.25925244726341,-0.00455093361813685,1504.51461005574,1679.64805041547,2090.76,0.707620504797333,1243.9858271935702
544,285.056,0.709498685069071,1.31292349401321,570.112,2020_kk_257,Kusko,2020,0.709020219979181,1.25461472620787,-0.00463772105554372,1504.51461005574,1679.64805041547,2090.76,0.707620504797333,1243.9858271935702
545,285.58,0.709241168633986,1.29549527643601,571.16,2020_kk_257,Kusko,2020,0.709014958419235,1.24965660060038,-0.00495812560748954,1504.51461005574,1679.64805041547,2090.76,0.707620504797333,1243.9858271935702
546,286.104,0.708482554626863,1.29050691368447,572.208,2020_kk_257,Kusko,2020,0.709017227991667,1.24447244158547,-0.0051841590149155304,1504.51461005574,1679.64805041547,2090.76,0.707620504797333,1243.9858271935702
547,286.628,0.708994947071483,1.27606679463727,573.256,2020_kk_257,Kusko,2020,0.709005384318643,1.23909490304043,-0.00537753854503342,1504.51461005574,1679.64805041547,2090.76,0.707620504797333,1243.9858271935702
548,287.152,0.70898503874125,1.25068788383725,574.304,2020_kk_257,Kusko,2020,0.709003894424052,1.23323517878285,-0.00585972425758063,1504.51461005574,1679.64805041547,2090.76,0.707620504797333,1243.9858271935702
549,287.676,0.70942464486442,1.24689391353492,575.352,2020_kk_257,Kusko,2020,0.70898125348294,1.2270855315946,-0.00614964718825384,1504.51461005574,1679.64805041547,2090.76,0.707620504797333,1243.9858271935702
550,288.2,0.708624898607671,1.27412330500389,576.4,2020_kk_257,Kusko,2020,0.708993450900119,1.22106283135667,-0.00602270023792872,1504.51461005574,1679.64805041547,2090.76,0.707620504797333,1243.9858271935702
551,288.724,0.70928323570074,1.25836047737722,577.448,2020_kk_257,Kusko,2020,0.708984860108479,1.21484081876108,-0.00622201259558697,1504.51461005574,1679.64805041547,2090.76,0.707620504797333,1243.9858271935702
552,289.248,0.707844436684968,1.23977229062551,578.496,2020_kk_257,Kusko,2020,0.708979404874669,1.2083185058714,-0.00652231288968186,1504.51461005574,1679.64805041547,2090.76,0.707620504797333,1243.9858271935702
553,289.772,0.708976692152247,1.21899378251197,579.544,2020_kk_257,Kusko,2020,0.70898093706393,1.20156384589948,-0.00675465997192259,1504.51461005574,1679.64805041547,2090.76,0.707620504797333,1243.9858271935702
554,290.296,0.708648870315694,1.22028007643136,580.592,2020_kk_257,Kusko,2020,0.70898578780742,1.19485526286605,-0.00670858303342481,1504.51461005574,1679.64805041547,2090.76,0.707620504797333,1243.9858271935702
555,290.82,0.709240580618301,1.20700877724304,581.64,2020_kk_257,Kusko,2020,0.70897984843324,1.18816043390565,-0.00669482896040563,1504.51461005574,1679.64805041547,2090.76,0.707620504797333,1243.9858271935702
556,291.344,0.708345644752613,1.19987403719638,582.688,2020_kk_257,Kusko,2020,0.708957923218304,1.18081526592391,-0.00734516798173557,1504.51461005574,1679.64805041547,2090.76,0.707620504797333,1243.9858271935702
557,291.868,0.708006186431812,1.17669152043274,583.736,2020_kk_257,Kusko,2020,0.708939088829257,1.17345621458772,-0.0073590513361883,1504.51461005574,1679.64805041547,2090.76,0.707620504797333,1243.9858271935702
558,292.392,0.70946257194507,1.15086205164489,584.784,2020_kk_257,Kusko,2020,0.708951493646952,1.16608099003273,-0.00737522455499517,1504.51461005574,1679.64805041547,2090.76,0.707620504797333,1243.9858271935702
559,292.916,0.708785279005373,1.12783437663865,585.832,2020_kk_257,Kusko,2020,0.708924182954353,1.15877340459311,-0.00730758543961851,1504.51461005574,1679.64805041547,2090.76,0.707620504797333,1243.9858271935702
560,293.44,0.708241780534465,1.10774486521153,586.88,2020_kk_257,Kusko,2020,0.708953236789848,1.1514951655611,-0.00727823903200564,1504.51461005574,1679.64805041547,2090.76,0.707620504797333,1243.9858271935702
561,293.964,0.709446352064175,1.12464723600888,587.928,2020_kk_257,Kusko,2020,0.708935786212112,1.14434085213825,-0.00715431342285466,1504.51461005574,1679.64805041547,2090.76,0.707620504797333,1243.9858271935702
562,294.488,0.709659982006613,1.10627145547313,588.976,2020_kk_257,Kusko,2020,0.708928753265534,1.13733339106984,-0.00700746106840477,1504.51461005574,1679.64805041547,2090.76,0.707620504797333,1243.9858271935702
563,295.012,0.708917838521109,1.10250541015959,590.024,2020_kk_257,Kusko,2020,0.708901947080644,1.13004598961022,-0.00728740145962337,1504.51461005574,1679.64805041547,2090.76,0.707620504797333,1243.9858271935702
564,295.536,0.709333890907258,1.10059817379693,591.072,2020_kk_257,Kusko,2020,0.708902873462003,1.12244129295478,-0.00760469665544439,1504.51461005574,1679.64805041547,2090.76,0.707620504797333,1243.9858271935702
565,296.06,0.709475337353276,1.08786105295017,592.12,2020_kk_257,Kusko,2020,0.708872860010958,1.1136444692109,-0.00879682374387247,1504.51461005574,1679.64805041547,2090.76,0.707620504797333,1243.9858271935702
566,296.584,0.709304240863469,1.12927969420154,593.168,2020_kk_257,Kusko,2020,0.708887400891275,1.10498767867026,-0.00865679054064095,1504.51461005574,1679.64805041547,2090.76,0.707620504797333,1243.9858271935702
567,297.108,0.710208553151745,1.12415410441409,594.216,2020_kk_257,Kusko,2020,0.708877310820305,1.09626053820015,-0.00872714047011414,1504.51461005574,1679.64805041547,2090.76,0.707620504797333,1243.9858271935702
568,297.632,0.708260888242863,1.12224316554295,595.264,2020_kk_257,Kusko,2020,0.708876150005737,1.08789026565534,-0.00837027254481182,1504.51461005574,1679.64805041547,2090.76,0.707620504797333,1243.9858271935702
569,298.156,0.709657396172862,1.13477122637231,596.312,2020_kk_257,Kusko,2020,0.708892885784041,1.07941571581482,-0.00847454984051987,1504.51461005574,1679.64805041547,2090.76,0.707620504797333,1243.9858271935702
570,298.68,0.707314181720517,1.11127994320037,597.36,2020_kk_257,Kusko,2020,0.708887738604122,1.07028387727548,-0.00913183853933575,1504.51461005574,1679.64805041547,2090.76,0.707620504797333,1243.9858271935702
571,299.204,0.709523842230258,1.08224331347121,598.408,2020_kk_257,Kusko,2020,0.708882914364914,1.06097156111982,-0.00931231615566075,1504.51461005574,1679.64805041547,2090.76,0.707620504797333,1243.9858271935702
572,299.728,0.707959261385507,1.06615479567129,599.456,2020_kk_257,Kusko,2020,0.708840000073207,1.05127594397062,-0.00969561714920308,1504.51461005574,1679.64805041547,2090.76,0.707620504797333,1243.9858271935702
573,300.252,0.70882488890984,1.04602065335287,600.504,2020_kk_257,Kusko,2020,0.7088304440568,1.04141584101196,-0.00986010295865491,1504.51461005574,1679.64805041547,2090.76,0.707620504797333,1243.9858271935702
574,300.776,0.709257081773709,1.0561888441648,601.552,2020_kk_257,Kusko,2020,0.70883797884427,1.03178729196876,-0.00962854904319976,1504.51461005574,1679.64805041547,2090.76,0.707620504797333,1243.9858271935702
575,301.3,0.708577300853113,1.05303408829563,602.6,2020_kk_257,Kusko,2020,0.708835588338705,1.02205978647996,-0.00972750548880019,1504.51461005574,1679.64805041547,2090.76,0.707620504797333,1243.9858271935702
576,301.824,0.709191440456932,1.0349774589521,603.648,2020_kk_257,Kusko,2020,0.708807902668326,1.01231860030175,-0.00974118617821729,1504.51461005574,1679.64805041547,2090.76,0.707620504797333,1243.9858271935702
577,302.348,0.708460253663624,1.03801013800476,604.696,2020_kk_257,Kusko,2020,0.708784201351936,1.00263180806316,-0.0096867922385806,1504.51461005574,1679.64805041547,2090.76,0.707620504797333,1243.9858271935702
578,302.872,0.708462103367048,1.02081328490851,605.744,2020_kk_257,Kusko,2020,0.70878736184322,0.993288140824563,-0.00934366723860225,1504.51461005574,1679.64805041547,2090.76,0.707620504797333,1243.9858271935702
579,303.396,0.708513188887108,1.01457223112144,606.792,2020_kk_257,Kusko,2020,0.708750108157194,0.983843180788502,-0.00944496003606032,1504.51461005574,1679.64805041547,2090.76,0.707620504797333,1243.9858271935702
580,303.92,0.708719329860452,1.00791052591427,607.84,2020_kk_257,Kusko,2020,0.708756936987009,0.973774805599406,-0.0100683751890966,1504.51461005574,1679.64805041547,2090.76,0.707620504797333,1243.9858271935702
581,304.444,0.707768071393434,0.994165406867881,608.888,2020_kk_257,Kusko,2020,0.708726086451221,0.963774821214084,-0.0099999843853219,1504.51461005574,1679.64805041547,2090.76,0.707620504797333,1243.9858271935702
582,304.968,0.708034699080993,0.986426747320367,609.936,2020_kk_257,Kusko,2020,0.708745895057861,0.95383195084518,-0.0099428703689034,1504.51461005574,1679.64805041547,2090.76,0.707620504797333,1243.9858271935702
583,305.492,0.709415179274253,0.976599759502088,610.984,2020_kk_257,Kusko,2020,0.7087320720719,0.944098637242178,-0.00973331360300234,1504.51461005574,1679.64805041547,2090.76,0.707620504797333,1243.9858271935702
584,306.016,0.709381729703937,0.973233740673773,612.032,2020_kk_257,Kusko,2020,0.708721382228706,0.934262899104333,-0.00983573813784466,1504.51461005574,1679.64805041547,2090.76,0.707620504797333,1243.9858271935702
585,306.54,0.7095473623767,0.967025328141448,613.08,2020_kk_257,Kusko,2020,0.708738642270396,0.924603713012337,-0.00965918609199623,1504.51461005574,1679.64805041547,2090.76,0.707620504797333,1243.9858271935702
586,307.064,0.708169033915787,0.953094899809422,614.128,2020_kk_257,Kusko,2020,0.70876588980673,0.914942470780351,-0.00966124223198572,1504.51461005574,1679.64805041547,2090.76,0.707620504797333,1243.9858271935702
587,307.588,0.708141367861198,0.939505927741168,615.176,2020_kk_257,Kusko,2020,0.708766122747877,0.905639463610978,-0.00930300716937293,1504.51461005574,1679.64805041547,2090.76,0.707620504797333,1243.9858271935702
588,308.112,0.709632899398427,0.92455833695943,616.224,2020_kk_257,Kusko,2020,0.708715393947005,0.896724342794334,-0.00891512081664447,1504.51461005574,1679.64805041547,2090.76,0.707620504797333,1243.9858271935702
589,308.636,0.707973878377684,0.907211296914903,617.272,2020_kk_257,Kusko,2020,0.708709646058747,0.888215402759116,-0.00850894003521807,1504.51461005574,1679.64805041547,2090.76,0.707620504797333,1243.9858271935702
590,309.16,0.711070555502591,0.900721435937942,618.32,2020_kk_257,Kusko,2020,0.708709129232282,0.879993273224812,-0.0082221295343039,1504.51461005574,1679.64805041547,2090.76,0.707620504797333,1243.9858271935702
591,309.684,0.709090932375206,0.889101617512536,619.368,2020_kk_257,Kusko,2020,0.708664917114084,0.871448875553376,-0.00854439767143633,1504.51461005574,1679.64805041547,2090.76,0.707620504797333,1243.9858271935702
592,310.208,0.709251942356822,0.875974100442298,620.416,2020_kk_257,Kusko,2020,0.708620499656581,0.863398535978902,-0.00805033957447332,1504.51461005574,1679.64805041547,2090.76,0.707620504797333,1243.9858271935702
593,310.732,0.708421292246844,0.856820276375213,621.464,2020_kk_257,Kusko,2020,0.708588343591657,0.855395316263783,-0.00800321971511953,1504.51461005574,1679.64805041547,2090.76,0.707620504797333,1243.9858271935702
594,311.256,0.70879993486598,0.843862382690549,622.512,2020_kk_257,Kusko,2020,0.708552875268974,0.847594109052601,-0.00780120721118138,1504.51461005574,1679.64805041547,2090.76,0.707620504797333,1243.9858271935702
595,311.78,0.707968528130965,0.82588537226296,623.56,2020_kk_257,Kusko,2020,0.70852184554102,0.839941177662014,-0.00765293139058709,1504.51461005574,1679.64805041547,2090.76,0.707620504797333,1243.9858271935702
596,312.304,0.709082890381213,0.820088086223498,624.608,2020_kk_257,Kusko,2020,0.7084919953627,0.831468456424438,-0.00847272123757625,1504.51461005574,1679.64805041547,2090.76,0.707620504797333,1243.9858271935702
597,312.828,0.708303839119858,0.812699423046424,625.656,2020_kk_257,Kusko,2020,0.708503909576319,0.822925013129809,-0.00854344329462897,1504.51461005574,1679.64805041547,2090.76,0.707620504797333,1243.9858271935702
598,313.352,0.708298707900547,0.811451508635348,626.704,2020_kk_257,Kusko,2020,0.708479085151795,0.814410340016873,-0.00851467311293652,1504.51461005574,1679.64805041547,2090.76,0.707620504797333,1243.9858271935702
599,313.876,0.709153363880451,0.792481330148378,627.752,2020_kk_257,Kusko,2020,0.708449133980909,0.805693906815921,-0.00871643320095117,1504.51461005574,1679.64805041547,2090.76,0.707620504797333,1243.9858271935702
600,314.4,0.708380069886097,0.768748510106375,628.8,2020_kk_257,Kusko,2020,0.708435405218303,0.797552220463648,-0.00814168635227386,1504.51461005574,1679.64805041547,2090.76,0.707620504797333,1243.9858271935702
601,314.924,0.709286048282,0.763341952637284,629.848,2020_kk_257,Kusko,2020,0.708407906431166,0.789895614164855,-0.00765660629879272,1504.51461005574,1679.64805041547,2090.76,0.707620504797333,1243.9858271935702
602,315.448,0.706838047750462,0.742399118999543,630.896,2020_kk_257,Kusko,2020,0.708433076247237,0.782283255377295,-0.00761235878755984,1504.51461005574,1679.64805041547,2090.76,0.707620504797333,1243.9858271935702
603,315.972,0.708661701199054,0.741897269331867,631.944,2020_kk_257,Kusko,2020,0.708411446277555,0.775026915092648,-0.00725634028464661,1504.51461005574,1679.64805041547,2090.76,0.707620504797333,1243.9858271935702
604,316.496,0.709950772317261,0.735210551421222,632.992,2020_kk_257,Kusko,2020,0.708409305670501,0.767381482484708,-0.00764543260794093,1504.51461005574,1679.64805041547,2090.76,0.707620504797333,1243.9858271935702
605,317.02,0.709097738300067,0.711844947107995,634.04,2020_kk_257,Kusko,2020,0.708383618034153,0.759716897477125,-0.00766458500758238,1504.51461005574,1679.64805041547,2090.76,0.707620504797333,1243.9858271935702
606,317.544,0.706821414404118,0.70603574299144,635.088,2020_kk_257,Kusko,2020,0.708372711007715,0.752320790582638,-0.00739610689448689,1504.51461005574,1679.64805041547,2090.76,0.707620504797333,1243.9858271935702
607,318.068,0.707572868088087,0.694859260322431,636.136,2020_kk_257,Kusko,2020,0.708360926846194,0.744816078649941,-0.00750471193269686,1504.51461005574,1679.64805041547,2090.76,0.707620504797333,1243.9858271935702
608,318.592,0.709174668218325,0.69006784952111,637.184,2020_kk_257,Kusko,2020,0.70840076576597,0.73748893897041,-0.00732713967953191,1504.51461005574,1679.64805041547,2090.76,0.707620504797333,1243.9858271935702
609,319.116,0.707189423702853,0.680196311371295,638.232,2020_kk_257,Kusko,2020,0.708385226955497,0.730339408144598,-0.00714953082581171,1504.51461005574,1679.64805041547,2090.76,0.707620504797333,1243.9858271935702
610,319.64,0.709034628396586,0.670020793658091,639.28,2020_kk_257,Kusko,2020,0.70839889531782,0.723082735512854,-0.00725667263174345,1504.51461005574,1679.64805041547,2090.76,0.707620504797333,1243.9858271935702
611,320.164,0.70743220355345,0.658361414257902,640.328,2020_kk_257,Kusko,2020,0.708408652739273,0.716040488685872,-0.00704224682698218,1504.51461005574,1679.64805041547,2090.76,0.707620504797333,1243.9858271935702
612,320.688,0.709032953083358,0.643200068491308,641.376,2020_kk_257,Kusko,2020,0.708384713602986,0.709218052362745,-0.00682243632312673,1504.51461005574,1679.64805041547,2090.76,0.707620504797333,1243.9858271935702
613,321.212,0.70814731299462,0.634994966331833,642.424,2020_kk_257,Kusko,2020,0.708368344037437,0.702440795288681,-0.00677725707406429,1504.51461005574,1679.64805041547,2090.76,0.707620504797333,1243.9858271935702
614,321.736,0.708007479724023,0.630135788160684,643.472,2020_kk_257,Kusko,2020,0.708337338262163,0.695596551851108,-0.00684424343757317,1504.51461005574,1679.64805041547,2090.76,0.707620504797333,1243.9858271935702
615,322.26,0.710276183119706,0.627457611723265,644.52,2020_kk_257,Kusko,2020,0.708323956978938,0.689030456951853,-0.00656609489925475,1504.51461005574,1679.64805041547,2090.76,0.707620504797333,1243.9858271935702
616,322.784,0.709980496932643,0.620199503277238,645.568,2020_kk_257,Kusko,2020,0.708309717169319,0.682585551142077,-0.00644490580977608,1504.51461005574,1679.64805041547,2090.76,0.707620504797333,1243.9858271935702
617,323.308,0.708020162900629,0.618511090270363,646.616,2020_kk_257,Kusko,2020,0.708291621090944,0.676418085259166,-0.00616746588291073,1504.51461005574,1679.64805041547,2090.76,0.707620504797333,1243.9858271935702
618,323.832,0.706418843892752,0.615954802646215,647.664,2020_kk_257,Kusko,2020,0.708278005130025,0.670444941166533,-0.00597314409263294,1504.51461005574,1679.64805041547,2090.76,0.707620504797333,1243.9858271935702
619,324.356,0.708440405709925,0.617297974525564,648.712,2020_kk_257,Kusko,2020,0.708248344372551,0.6645987830112,-0.00584615815533307,1504.51461005574,1679.64805041547,2090.76,0.707620504797333,1243.9858271935702
620,324.88,0.70821077094653,0.614417093153296,649.76,2020_kk_257,Kusko,2020,0.708217475774931,0.65884302550312,-0.00575575750808044,1504.51461005574,1679.64805041547,2090.76,0.707620504797333,1243.9858271935702
621,325.404,0.706793624972335,0.611983375722696,650.808,2020_kk_257,Kusko,2020,0.70817676168306,0.653408943406303,-0.00543408209681717,1504.51461005574,1679.64805041547,2090.76,0.707620504797333,1243.9858271935702
622,325.928,0.706994934556424,0.623251081004732,651.856,2020_kk_257,Kusko,2020,0.708141281388,0.648174875894642,-0.00523406751166078,1504.51461005574,1679.64805041547,2090.76,0.707620504797333,1243.9858271935702
623,326.452,0.706988474625645,0.622312227252417,652.904,2020_kk_257,Kusko,2020,0.708152036655032,0.64328018350324,-0.00489469239140239,1504.51461005574,1679.64805041547,2090.76,0.707620504797333,1243.9858271935702
624,326.976,0.707205791546269,0.632525741126052,653.952,2020_kk_257,Kusko,2020,0.708121750351413,0.63859952148092,-0.00468066202231998,1504.51461005574,1679.64805041547,2090.76,0.707620504797333,1243.9858271935702
625,327.5,0.707613553676066,0.62868516951494,655,2020_kk_257,Kusko,2020,0.70809818483104,0.634459249121345,-0.00414027235957426,1504.51461005574,1679.64805041547,2090.76,0.707620504797333,1243.9858271935702
626,328.024,0.707513230164258,0.620916419946965,656.048,2020_kk_257,Kusko,2020,0.708049706861892,0.63020550478008,-0.00425374434126546,1504.51461005574,1679.64805041547,2090.76,0.707620504797333,1243.9858271935702
627,328.548,0.710923405968868,0.611547506736347,657.096,2020_kk_257,Kusko,2020,0.70803024967946,0.625992021395685,-0.00421348338439509,1504.51461005574,1679.64805041547,2090.76,0.707620504797333,1243.9858271935702
628,329.072,0.706771422771464,0.611362778766761,658.144,2020_kk_257,Kusko,2020,0.707998499578588,0.621766289514986,-0.00422573188069886,1504.51461005574,1679.64805041547,2090.76,0.707620504797333,1243.9858271935702
629,329.596,0.707860325919661,0.611785234315237,659.192,2020_kk_257,Kusko,2020,0.707989314899236,0.617829518544689,-0.00393677097029677,1504.51461005574,1679.64805041547,2090.76,0.707620504797333,1243.9858271935702
630,330.12,0.7064904559642,0.622778762063943,660.24,2020_kk_257,Kusko,2020,0.707999770150925,0.61415287303893,-0.00367664550575963,1504.51461005574,1679.64805041547,2090.76,0.707620504797333,1243.9858271935702
631,330.644,0.707873915002016,0.622846935543642,661.288,2020_kk_257,Kusko,2020,0.707974339061459,0.610458512923067,-0.00369436011586233,1504.51461005574,1679.64805041547,2090.76,0.707620504797333,1243.9858271935702
632,331.168,0.709469450349752,0.6094132684177,662.336,2020_kk_257,Kusko,2020,0.707963941759745,0.607093161864958,-0.00336535105810964,1504.51461005574,1679.64805041547,2090.76,0.707620504797333,1243.9858271935702
633,331.692,0.707527090728957,0.610640236274067,663.384,2020_kk_257,Kusko,2020,0.707955796487025,0.603703439686782,-0.00338972217817524,1504.51461005574,1679.64805041547,2090.76,0.707620504797333,1243.9858271935702
634,332.216,0.709128645350458,0.597462887688352,664.432,2020_kk_257,Kusko,2020,0.707949626077297,0.600619562529897,-0.00308387715688563,1504.51461005574,1679.64805041547,2090.76,0.707620504797333,1243.9858271935702
635,332.74,0.707036042672214,0.593158987840686,665.48,2020_kk_257,Kusko,2020,0.707919008628792,0.597992502184833,-0.00262706034506321,1504.51461005574,1679.64805041547,2090.76,0.707620504797333,1243.9858271935702
636,333.264,0.70853701887068,0.591211045282886,666.528,2020_kk_257,Kusko,2020,0.707925343110394,0.595544815789075,-0.00244768639575876,1504.51461005574,1679.64805041547,2090.76,0.707620504797333,1243.9858271935702
637,333.788,0.707753203972347,0.587727422042941,667.576,2020_kk_257,Kusko,2020,0.707900334024558,0.593268526400349,-0.00227628938872537,1504.51461005574,1679.64805041547,2090.76,0.707620504797333,1243.9858271935702
638,334.312,0.710852438553629,0.581184904136598,668.624,2020_kk_257,Kusko,2020,0.707880620025388,0.591101806683828,-0.00216671971652127,1504.51461005574,1679.64805041547,2090.76,0.707620504797333,1243.9858271935702
639,334.836,0.707580860258679,0.585600381572743,669.672,2020_kk_257,Kusko,2020,0.707909682544934,0.589003461292492,-0.0020983453913358,1504.51461005574,1679.64805041547,2090.76,0.707620504797333,1243.9858271935702
640,335.36,0.709539431599876,0.572510168009663,670.72,2020_kk_257,Kusko,2020,0.707901738985128,0.587028532884163,-0.00197492840832914,1504.51461005574,1679.64805041547,2090.76,0.707620504797333,1243.9858271935702
641,335.884,0.708353516680571,0.571630597248952,671.768,2020_kk_257,Kusko,2020,0.707871742663309,0.58551290347257,-0.00151562941159267,1504.51461005574,1679.64805041547,2090.76,0.707620504797333,1243.9858271935702
642,336.408,0.706598350903784,0.577080567932759,672.816,2020_kk_257,Kusko,2020,0.707856564964961,0.584460535853993,-0.00105236761857774,1504.51461005574,1679.64805041547,2090.76,0.707620504797333,1243.9858271935702
643,336.932,0.708433005341335,0.569964335058231,673.864,2020_kk_257,Kusko,2020,0.707870743809707,0.583534005632672,-9.2653022132116e-4,1504.51461005574,1679.64805041547,2090.76,0.707620504797333,1243.9858271935702
644,337.456,0.707521383187486,0.562579134419385,674.912,2020_kk_257,Kusko,2020,0.707865852514105,0.582775749144667,-7.5825648800476e-4,1504.51461005574,1679.64805041547,2090.76,0.707620504797333,1243.9858271935702
645,337.98,0.70874448538319,0.573059634186158,675.96,2020_kk_257,Kusko,2020,0.707779373665896,0.581738462156182,-0.00103728698848504,1504.51461005574,1679.64805041547,2090.76,0.707620504797333,1243.9858271935702
646,338.504,0.707314645338648,0.566400551222853,677.008,2020_kk_257,Kusko,2020,0.707715004278138,0.580785955360962,-9.5250679521941e-4,1504.51461005574,1679.64805041547,2090.76,0.707620504797333,1243.9858271935702
647,339.028,0.707055603158707,0.569457974766524,678.056,2020_kk_257,Kusko,2020,0.707701443658136,0.57974568755558,-0.0010402678053818,1504.51461005574,1679.64805041547,2090.76,0.707620504797333,1243.9858271935702
648,339.552,0.708815941743311,0.566169691401458,679.104,2020_kk_257,Kusko,2020,0.707707317256317,0.57872953887892,-0.00101614867666022,1504.51461005574,1679.64805041547,2090.76,0.707620504797333,1243.9858271935702
649,340.076,0.706194232929245,0.556441807594919,680.152,2020_kk_257,Kusko,2020,0.707677194960205,0.577662107327235,-0.00106743155168498,1504.51461005574,1679.64805041547,2090.76,0.707620504797333,1243.9858271935702
650,340.6,0.709218439645362,0.555375985453116,681.2,2020_kk_257,Kusko,2020,0.707660673753245,0.576706688810507,-9.5541851672842e-4,1504.51461005574,1679.64805041547,2090.76,0.707620504797333,1243.9858271935702
651,341.124,0.706648086862935,0.563056691703511,682.248,2020_kk_257,Kusko,2020,0.707656736644299,0.57592569269817,-7.8099611233728e-4,1504.51461005574,1679.64805041547,2090.76,0.707620504797333,1243.9858271935702
652,341.648,0.707123124653222,0.561930049742659,683.296,2020_kk_257,Kusko,2020,0.707690778673717,0.57491706028524,-0.00100863241293003,1504.51461005574,1679.64805041547,2090.76,0.707620504797333,1243.9858271935702
653,342.172,0.709066608268794,0.563138732891068,684.344,2020_kk_257,Kusko,2020,0.707682556141905,0.573997765797818,-9.1929448742178e-4,1504.51461005574,1679.64805041547,2090.76,0.707620504797333,1243.9858271935702
654,342.696,0.706982756648803,0.56302266135135,685.392,2020_kk_257,Kusko,2020,0.707708649157352,0.57298595271243,-0.00101181308538834,1504.51461005574,1679.64805041547,2090.76,0.707620504797333,1243.9858271935702
655,343.22,0.706554596908635,0.577469030688508,686.44,2020_kk_257,Kusko,2020,0.707728295487451,0.57191901668095,-0.00106693603147912,1504.51461005574,1679.64805041547,2090.76,0.707620504797333,1243.9858271935702
656,343.744,0.706174212232339,0.564863425747572,687.488,2020_kk_257,Kusko,2020,0.707769640100501,0.570925418975097,-9.9359770585338e-4,1504.51461005574,1679.64805041547,2090.76,0.707620504797333,1243.9858271935702
657,344.268,0.707136408173926,0.55989041998271,688.536,2020_kk_257,Kusko,2020,0.707731789498875,0.570033135444357,-8.9228353073977e-4,1504.51461005574,1679.64805041547,2090.76,0.707620504797333,1243.9858271935702
658,344.792,0.706393701848186,0.557907595793423,689.584,2020_kk_257,Kusko,2020,0.707722451290564,0.569122632235304,-9.1050320905361e-4,1504.51461005574,1679.64805041547,2090.76,0.707620504797333,1243.9858271935702
659,345.316,0.708602283119345,0.556275071930575,690.632,2020_kk_257,Kusko,2020,0.70770503747111,0.568239518843412,-8.8311339189206e-4,1504.51461005574,1679.64805041547,2090.76,0.707620504797333,1243.9858271935702
660,345.84,0.709007384987423,0.548149779760799,691.68,2020_kk_257,Kusko,2020,0.707707565256229,0.56735288719277,-8.8663165064206e-4,1504.51461005574,1679.64805041547,2090.76,0.707620504797333,1243.9858271935702
661,346.364,0.70776018291406,0.54168034568554,692.728,2020_kk_257,Kusko,2020,0.707684021741841,0.566424432332974,-9.2845485979586e-4,1504.51461005574,1679.64805041547,2090.76,0.707620504797333,1243.9858271935702
662,346.888,0.706214209647631,0.540478055512962,693.776,2020_kk_257,Kusko,2020,0.707638068389674,0.565862160614504,-5.6227171846956e-4,1504.51461005574,1679.64805041547,2090.76,0.707620504797333,1243.9858271935702
663,347.412,0.708172984835841,0.538513938641353,694.824,2020_kk_257,Kusko,2020,0.707608918613269,0.565368272078256,-4.9388853624787e-4,1504.51461005574,1679.64805041547,2090.76,0.707620504797333,1243.9858271935702
664,347.936,0.709580547733568,0.550177922008085,695.872,2020_kk_257,Kusko,2020,0.707564424305576,0.565127343964755,-2.4092811350107e-4,1504.51461005574,1679.64805041547,2090.76,0.707620504797333,1243.9858271935702
665,348.46,0.707260691389804,0.554221326404197,696.92,2020_kk_257,Kusko,2020,0.70759314585333,0.564929828581137,-1.9751538361811e-4,1504.51461005574,1679.64805041547,2090.76,0.707620504797333,1243.9858271935702
666,348.984,0.707201483300252,0.559174559245918,697.968,2020_kk_257,Kusko,2020,0.707572899728577,0.564776357978879,-1.5347060225778e-4,1504.51461005574,1679.64805041547,2090.76,0.707620504797333,1243.9858271935702
667,349.508,0.706072322937875,0.558281896998903,699.016,2020_kk_257,Kusko,2020,0.70757234379537,0.564551442289635,-2.2491568924454e-4,1504.51461005574,1679.64805041547,2090.76,0.707620504797333,1243.9858271935702
668,350.032,0.707991828268171,0.560064666529839,700.064,2020_kk_257,Kusko,2020,0.707521389212632,0.564333771377456,-2.1767091217816e-4,1504.51461005574,1679.64805041547,2090.76,0.707620504797333,1243.9858271935702
669,350.556,0.708933174875606,0.554295587891146,701.112,2020_kk_257,Kusko,2020,0.707472787457482,0.563950271227601,-3.8350014985566e-4,1504.51461005574,1679.64805041547,2090.76,0.707620504797333,1243.9858271935702
670,351.08,0.708558014808225,0.55152508915834,702.16,2020_kk_257,Kusko,2020,0.70745122071328,0.563705933883577,-2.4433734402373e-4,1504.51461005574,1679.64805041547,2090.76,0.707620504797333,1243.9858271935702
671,351.604,0.70563242424429,0.567423649562345,703.208,2020_kk_257,Kusko,2020,0.707445469206092,0.563420831625974,-2.8510225760314e-4,1504.51461005574,1679.64805041547,2090.76,0.707620504797333,1243.9858271935702
672,352.128,0.708122291182467,0.580058011376646,704.256,2020_kk_257,Kusko,2020,0.707449274118642,0.562970865663956,-4.4996596201807e-4,1504.51461005574,1679.64805041547,2090.76,0.707620504797333,1243.9858271935702
673,352.652,0.708998043679388,0.579403153052561,705.304,2020_kk_257,Kusko,2020,0.707425157230002,0.562894194401889,-7.66712620667853e-5,1504.51461005574,1679.64805041547,2090.76,0.707620504797333,1243.9858271935702
674,353.176,0.707714001987947,0.584640398880401,706.352,2020_kk_257,Kusko,2020,0.7074064829976,0.562635914734797,-2.5827966709202e-4,1504.51461005574,1679.64805041547,2090.76,0.707620504797333,1243.9858271935702
675,353.7,0.705087452227149,0.565220392414164,707.4,2020_kk_257,Kusko,2020,0.707407446548235,0.562168258932927,-4.6765580187024e-4,1504.51461005574,1679.64805041547,2090.76,0.707620504797333,1243.9858271935702
676,354.224,0.70611833366713594,0.563049095564075,708.448,2020_kk_257,Kusko,2020,0.707412224070769,0.561924700476477,-2.4355845644952e-4,1504.51461005574,1679.64805041547,2090.76,0.707620504797333,1243.9858271935702
677,354.748,0.707206525700514,0.556095021947452,709.496,2020_kk_257,Kusko,2020,0.707436474289829,0.561604581695847,-3.2011878062976e-4,1504.51461005574,1679.64805041547,2090.76,0.707620504797333,1243.9858271935702
678,355.272,0.706771259783609,0.554985882046599,710.544,2020_kk_257,Kusko,2020,0.707412229705938,0.561349906908525,-2.5467478732199e-4,1504.51461005574,1679.64805041547,2090.76,0.707620504797333,1243.9858271935702
679,355.796,0.706633067943215,0.553252081424467,711.592,2020_kk_257,Kusko,2020,0.707463906181708,0.561451679349493,1.0177244096731e-4,1504.51461005574,1679.64805041547,2090.76,0.707620504797333,1243.9858271935702
680,356.32,0.707219498528923,0.557091982149592,712.64,2020_kk_257,Kusko,2020,0.707466122192539,0.561625190111007,1.7351076151406e-4,1504.51461005574,1679.64805041547,2090.76,0.707620504797333,1243.9858271935702
681,356.844,0.706557398435583,0.565123608982462,713.688,2020_kk_257,Kusko,2020,0.707438902863312,0.561672805460443,4.76153494356479e-5,1504.51461005574,1679.64805041547,2090.76,0.707620504797333,1243.9858271935702
682,357.368,0.709037456321513,0.562733136228927,714.736,2020_kk_257,Kusko,2020,0.70745155233898,0.561889261686314,2.1645622587107e-4,1504.51461005574,1679.64805041547,2090.76,0.707620504797333,1243.9858271935702
683,357.892,0.706495122716892,0.567154558007108,715.784,2020_kk_257,Kusko,2020,0.7074303984651,0.561987169059736,9.79073734227454e-5,1504.51461005574,1679.64805041547,2090.76,0.707620504797333,1243.9858271935702
684,358.416,0.708771372473133,0.571816956002755,716.832,2020_kk_257,Kusko,2020,0.707425376451469,0.562126172192969,1.3900313323245e-4,1504.51461005574,1679.64805041547,2090.76,0.707620504797333,1243.9858271935702
685,358.94,0.708792333481968,0.564669007626189,717.88,2020_kk_257,Kusko,2020,0.707435580492598,0.562163068415293,3.68962223237235e-5,1504.51461005574,1679.64805041547,2090.76,0.707620504797333,1243.9858271935702
686,359.464,0.709993906947288,0.561300557595763,718.928,2020_kk_257,Kusko,2020,0.707455943424804,0.56219609550331,3.30270880174455e-5,1504.51461005574,1679.64805041547,2090.76,0.707620504797333,1243.9858271935702
687,359.988,0.70865236987127,0.558010494891962,719.976,2020_kk_257,Kusko,2020,0.707474716458972,0.562452642540387,2.5654703707678e-4,1504.51461005574,1679.64805041547,2090.76,0.707620504797333,1243.9858271935702
688,360.512,0.706211130272833,0.556732586223542,721.024,2020_kk_257,Kusko,2020,0.70748339004687,0.5626248915359,1.7224899551282e-4,1504.51461005574,1679.64805041547,2090.76,0.707620504797333,1243.9858271935702
689,361.036,0.706815496752431,0.558798430801718,722.072,2020_kk_257,Kusko,2020,0.707439297913848,0.5629596544423,3.3476290640055e-4,1504.51461005574,1679.64805041547,2090.76,0.707620504797333,1243.9858271935702
690,361.56,0.706642123071292,0.569580863025418,723.12,2020_kk_257,Kusko,2020,0.707407691303311,0.563504338218525,5.4468377622507e-4,1504.51461005574,1679.64805041547,2090.76,0.707620504797333,1243.9858271935702
691,362.084,0.706461304138747,0.567139643955882,724.168,2020_kk_257,Kusko,2020,0.707376979648279,0.564103060914798,5.9872269627303e-4,1504.51461005574,1679.64805041547,2090.76,0.707620504797333,1243.9858271935702
692,362.608,0.706712249219762,0.57567696530953,725.216,2020_kk_257,Kusko,2020,0.707401581451973,0.564656867901109,5.5380698631057e-4,1504.51461005574,1679.64805041547,2090.76,0.707620504797333,1243.9858271935702
693,363.132,0.70577810414464,0.581006924099194,726.264,2020_kk_257,Kusko,2020,0.707404250677106,0.565307615581298,6.5074768018957e-4,1504.51461005574,1679.64805041547,2090.76,0.707620504797333,1243.9858271935702
694,363.656,0.706458986888869,0.583007200878289,727.312,2020_kk_257,Kusko,2020,0.70736149156131,0.565599509877655,2.9189429635656e-4,1504.51461005574,1679.64805041547,2090.76,0.707620504797333,1243.9858271935702
695,364.18,0.70875933553749,0.581308064823598,728.36,2020_kk_257,Kusko,2020,0.707371768133903,0.565765633070007,1.661231923522e-4,1504.51461005574,1679.64805041547,2090.76,0.707620504797333,1243.9858271935702
696,364.704,0.707322251385445,0.582002809147424,729.408,2020_kk_257,Kusko,2020,0.707387092622513,0.565818260808801,5.26277387936647e-5,1504.51461005574,1679.64805041547,2090.76,0.707620504797333,1243.9858271935702
697,365.228,0.707719847979975,0.574232480688269,730.456,2020_kk_257,Kusko,2020,0.707420730774214,0.565945872261205,1.2761145240425e-4,1504.51461005574,1679.64805041547,2090.76,0.707620504797333,1243.9858271935702
698,365.752,0.707795163589315,0.568124649405906,731.504,2020_kk_257,Kusko,2020,0.707386071248352,0.566076276315286,1.3040405408082e-4,1504.51461005574,1679.64805041547,2090.76,0.707620504797333,1243.9858271935702
699,366.276,0.704664754949713,0.562590372581399,732.552,2020_kk_257,Kusko,2020,0.70734990657157,0.566214791028127,1.3851471284132e-4,1504.51461005574,1679.64805041547,2090.76,0.707620504797333,1243.9858271935702
700,366.8,0.708245426947731,0.557849927368237,733.6,2020_kk_257,Kusko,2020,0.707322287041646,0.566445389798421,2.3059877029374e-4,1504.51461005574,1679.64805041547,2090.76,0.707620504797333,1243.9858271935702
701,367.324,0.708008426249304,0.554524461792765,734.648,2020_kk_257,Kusko,2020,0.707336741953721,0.566469423211106,2.40334126853092e-5,1504.51461005574,1679.64805041547,2090.76,0.707620504797333,1243.9858271935702
702,367.848,0.706826645656769,0.550082610211673,735.696,2020_kk_257,Kusko,2020,0.707325572840814,0.566138341187302,-3.3108202380449e-4,1504.51461005574,1679.64805041547,2090.76,0.707620504797333,1243.9858271935702
703,368.372,0.706985992022965,0.565364059334231,736.744,2020_kk_257,Kusko,2020,0.707281035356101,0.565822252445617,-3.1608874168487e-4,1504.51461005574,1679.64805041547,2090.76,0.707620504797333,1243.9858271935702
704,368.896,0.70640092924336,0.547082354393862,737.792,2020_kk_257,Kusko,2020,0.707259105757318,0.565474544517355,-3.4770792826166e-4,1504.51461005574,1679.64805041547,2090.76,0.707620504797333,1243.9858271935702
705,369.42,0.708802298421264,0.545000286073945,738.84,2020_kk_257,Kusko,2020,0.707300129009358,0.565428397527679,-4.61469896764211e-5,1504.51461005574,1679.64805041547,2090.76,0.707620504797333,1243.9858271935702
706,369.944,0.707601296690678,0.55178704383588,739.888,2020_kk_257,Kusko,2020,0.70729355578974,0.56540739065682,-2.10068708583755e-5,1504.51461005574,1679.64805041547,2090.76,0.707620504797333,1243.9858271935702
707,370.468,0.708510616302328,0.550250847928741,740.936,2020_kk_257,Kusko,2020,0.707304390190376,0.565453402839089,4.60121822682957e-5,1504.51461005574,1679.64805041547,2090.76,0.707620504797333,1243.9858271935702
708,370.992,0.707361266709859,0.550889204162141,741.984,2020_kk_257,Kusko,2020,0.707303040233061,0.56556589115442,1.1248831533139e-4,1504.51461005574,1679.64805041547,2090.76,0.707620504797333,1243.9858271935702
709,371.516,0.709294821475432,0.562548154052957,743.032,2020_kk_257,Kusko,2020,0.707296780586542,0.565625122690714,5.92315362936136e-5,1504.51461005574,1679.64805041547,2090.76,0.707620504797333,1243.9858271935702
710,372.04,0.709351400295199,0.565786631143955,744.08,2020_kk_257,Kusko,2020,0.707318545757399,0.565703715175964,7.85924852497732e-5,1504.51461005574,1679.64805041547,2090.76,0.707620504797333,1243.9858271935702
711,372.564,0.705014927109312,0.565913612669648,745.128,2020_kk_257,Kusko,2020,0.707298131274496,0.565600555130235,-1.0316004572896e-4,1504.51461005574,1679.64805041547,2090.76,0.707620504797333,1243.9858271935702
712,373.088,0.707882093193342,0.574917423294922,746.176,2020_kk_257,Kusko,2020,0.707263907519254,0.565503993127099,-9.65620031355696e-5,1504.51461005574,1679.64805041547,2090.76,0.707620504797333,1243.9858271935702
713,373.612,0.707797375835951,0.569013175296431,747.224,2020_kk_257,Kusko,2020,0.707235031378223,0.565368025344503,-1.3596778259572e-4,1504.51461005574,1679.64805041547,2090.76,0.707620504797333,1243.9858271935702
714,374.136,0.706681435830955,0.571362849345304,748.272,2020_kk_257,Kusko,2020,0.707195580919714,0.565301583385378,-6.64419591254184e-5,1504.51461005574,1679.64805041547,2090.76,0.707620504797333,1243.9858271935702
715,374.66,0.707166839376358,0.579682804027928,749.32,2020_kk_257,Kusko,2020,0.70719701733428,0.565289356830889,-1.22265544885147e-5,1504.51461005574,1679.64805041547,2090.76,0.707620504797333,1243.9858271935702
716,375.184,0.707395988164719,0.566845051028622,750.368,2020_kk_257,Kusko,2020,0.707144301590028,0.56524428852532,-4.50683055696066e-5,1504.51461005574,1679.64805041547,2090.76,0.707620504797333,1243.9858271935702
717,375.708,0.708262790224023,0.575283242207319,751.416,2020_kk_257,Kusko,2020,0.707173226594735,0.56518794644144,-5.63420838791684e-5,1504.51461005574,1679.64805041547,2090.76,0.707620504797333,1243.9858271935702
718,376.232,0.706914117122078,0.568242535524201,752.464,2020_kk_257,Kusko,2020,0.707215938572892,0.565003275970586,-1.8467047085413e-4,1504.51461005574,1679.64805041547,2090.76,0.707620504797333,1243.9858271935702
719,376.756,0.705956755138023,0.5763608463146,753.512,2020_kk_257,Kusko,2020,0.707249572361975,0.564692892175963,-3.1038379462355e-4,1504.51461005574,1679.64805041547,2090.76,0.707620504797333,1243.9858271935702
720,377.28,0.707110988355193,0.580830806334307,754.56,2020_kk_257,Kusko,2020,0.70723983323893,0.564296122105843,-3.9677007011984e-4,1504.51461005574,1679.64805041547,2090.76,0.707620504797333,1243.9858271935702
721,377.804,0.705917483612128,0.577603707461923,755.608,2020_kk_257,Kusko,2020,0.70726725709881,0.563923114120791,-3.7300798505213e-4,1504.51461005574,1679.64805041547,2090.76,0.707620504797333,1243.9858271935702
722,378.328,0.707690317869289,0.573706474691596,756.656,2020_kk_257,Kusko,2020,0.707286705037371,0.563467575576163,-4.5553854462809e-4,1504.51461005574,1679.64805041547,2090.76,0.707620504797333,1243.9858271935702
723,378.852,0.708333138343827,0.57755879945273,757.704,2020_kk_257,Kusko,2020,0.707327379765422,0.563061845925152,-4.0572965101115e-4,1504.51461005574,1679.64805041547,2090.76,0.707620504797333,1243.9858271935702
724,379.376,0.70701500078578,0.567691579789479,758.752,2020_kk_257,Kusko,2020,0.707348248396124,0.562633313074226,-4.2853285092547e-4,1504.51461005574,1679.64805041547,2090.76,0.707620504797333,1243.9858271935702
725,379.9,0.707877285745415,0.564188717945328,759.8,2020_kk_257,Kusko,2020,0.707306515925789,0.562225283532887,-4.0802954133911e-4,1504.51461005574,1679.64805041547,2090.76,0.707620504797333,1243.9858271935702
726,380.424,0.708120952616798,0.562332223573543,760.848,2020_kk_257,Kusko,2020,0.707286460166995,0.561745675678478,-4.7960785440892e-4,1504.51461005574,1679.64805041547,2090.76,0.707620504797333,1243.9858271935702
727,380.948,0.708090612039961,0.565938584143157,761.896,2020_kk_257,Kusko,2020,0.707271428300662,0.561424838468762,-3.2083720971654e-4,1504.51461005574,1679.64805041547,2090.76,0.707620504797333,1243.9858271935702
728,381.472,0.705912256716432,0.56788890977469,762.944,2020_kk_257,Kusko,2020,0.707284266662635,0.561154133328344,-2.7070514041749e-4,1504.51461005574,1679.64805041547,2090.76,0.707620504797333,1243.9858271935702
729,381.996,0.7067632942687,0.562606470661624,763.992,2020_kk_257,Kusko,2020,0.707278381786193,0.560951137683388,-2.0299564495629e-4,1504.51461005574,1679.64805041547,2090.76,0.707620504797333,1243.9858271935702
730,382.52,0.706900843012803,0.565361015375966,765.04,2020_kk_257,Kusko,2020,0.707259825233025,0.560964797916611,1.36602332232449e-5,1504.51461005574,1679.64805041547,2090.76,0.707620504797333,1243.9858271935702
731,383.044,0.706499718968791,0.568865654323465,766.088,2020_kk_257,Kusko,2020,0.707234795010957,0.560906865328757,-5.79325878544701e-5,1504.51461005574,1679.64805041547,2090.76,0.707620504797333,1243.9858271935702
732,383.568,0.707452144408034,0.560193089948379,767.136,2020_kk_257,Kusko,2020,0.707224698301402,0.560828644752572,-7.82205761847843e-5,1504.51461005574,1679.64805041547,2090.76,0.707620504797333,1243.9858271935702
733,384.092,0.706325794596621,0.560437828551468,768.184,2020_kk_257,Kusko,2020,0.707234934322308,0.560600677203957,-2.2796754861431e-4,1504.51461005574,1679.64805041547,2090.76,0.707620504797333,1243.9858271935702
734,384.616,0.706398226060976,0.563777923184703,769.232,2020_kk_257,Kusko,2020,0.707251335952945,0.560681140883171,8.04636792139934e-5,1504.51461005574,1679.64805041547,2090.76,0.707620504797333,1243.9858271935702
735,385.14,0.707548847349544,0.562451573033582,770.28,2020_kk_257,Kusko,2020,0.707234245126253,0.560792488890326,1.1134800715473e-4,1504.51461005574,1679.64805041547,2090.76,0.707620504797333,1243.9858271935702
736,385.664,0.705723940490039,0.561788683312573,771.328,2020_kk_257,Kusko,2020,0.707209255130268,0.560697995927417,-9.44929629090874e-5,1504.51461005574,1679.64805041547,2090.76,0.707620504797333,1243.9858271935702
737,386.188,0.707856589738665,0.558855752883554,772.376,2020_kk_257,Kusko,2020,0.707205578180129,0.560610421171653,-8.75747557638196e-5,1504.51461005574,1679.64805041547,2090.76,0.707620504797333,1243.9858271935702
738,386.712,0.706690262344693,0.561735180966477,773.424,2020_kk_257,Kusko,2020,0.707206303558524,0.560512851009091,-9.75701625622882e-5,1504.51461005574,1679.64805041547,2090.76,0.707620504797333,1243.9858271935702
739,387.236,0.706257489152106,0.556805973602086,774.472,2020_kk_257,Kusko,2020,0.707213718035763,0.560223299185728,-2.8955182336332e-4,1504.51461005574,1679.64805041547,2090.76,0.707620504797333,1243.9858271935702
740,387.76,0.708525408780341,0.561807531264576,775.52,2020_kk_257,Kusko,2020,0.707176150327787,0.559863740583407,-3.5955860232084e-4,1504.51461005574,1679.64805041547,2090.76,0.707620504797333,1243.9858271935702
741,388.284,0.70533252946138,0.558934006238725,776.568,2020_kk_257,Kusko,2020,0.707226510827204,0.559535642501315,-3.2809808209211e-4,1504.51461005574,1679.64805041547,2090.76,0.707620504797333,1243.9858271935702
742,388.808,0.706984031007006,0.556939416040797,777.616,2020_kk_257,Kusko,2020,0.70723031603674,0.558952253214953,-5.833892863617e-4,1504.51461005574,1679.64805041547,2090.76,0.707620504797333,1243.9858271935702
743,389.332,0.704762554255016,0.558996491051364,778.664,2020_kk_257,Kusko,2020,0.707218274865524,0.558508305755182,-4.4394745977138e-4,1504.51461005574,1679.64805041547,2090.76,0.707620504797333,1243.9858271935702
744,389.856,0.706404344962615,0.56783043845523,779.712,2020_kk_257,Kusko,2020,0.707234292709664,0.558007719532886,-5.0058622229609e-4,1504.51461005574,1679.64805041547,2090.76,0.707620504797333,1243.9858271935702
745,390.38,0.708878518355912,0.563935414356872,780.76,2020_kk_257,Kusko,2020,0.707256295031839,0.557318725937541,-6.8899359534468e-4,1504.51461005574,1679.64805041547,2090.76,0.707620504797333,1243.9858271935702
746,390.904,0.706830962292184,0.558596459261592,781.808,2020_kk_257,Kusko,2020,0.707202582761758,0.556843840437224,-4.748855003166e-4,1504.51461005574,1679.64805041547,2090.76,0.707620504797333,1243.9858271935702
747,391.428,0.710387870153692,0.554629969859207,782.856,2020_kk_257,Kusko,2020,0.707212087177323,0.556243711717912,-6.0012871931192e-4,1504.51461005574,1679.64805041547,2090.76,0.707620504797333,1243.9858271935702
748,391.952,0.708773848962263,0.545652357972295,783.904,2020_kk_257,Kusko,2020,0.707200546513455,0.555690275990335,-5.5343572757693e-4,1504.51461005574,1679.64805041547,2090.76,0.707620504797333,1243.9858271935702
749,392.476,0.708833524097414,0.540175403124308,784.952,2020_kk_257,Kusko,2020,0.707220301359204,0.55498811404248,-7.0216194785566e-4,1504.51461005574,1679.64805041547,2090.76,0.707620504797333,1243.9858271935702
750,393,0.706057775688553,0.545774658818232,786,2020_kk_257,Kusko,2020,0.707205135206956,0.554287938319065,-7.0017572341452e-4,1504.51461005574,1679.64805041547,2090.76,0.707620504797333,1243.9858271935702
751,393.524,0.708106735731584,0.544759164852757,787.048,2020_kk_257,Kusko,2020,0.707219524739832,0.553604718027543,-6.8322029152267e-4,1504.51461005574,1679.64805041547,2090.76,0.707620504797333,1243.9858271935702
752,394.048,0.707879125533414,0.548344652631842,788.096,2020_kk_257,Kusko,2020,0.707247066199314,0.552964403077758,-6.4031494978489e-4,1504.51461005574,1679.64805041547,2090.76,0.707620504797333,1243.9858271935702
753,394.572,0.708218587827687,0.556663145038524,789.144,2020_kk_257,Kusko,2020,0.70724738692166,0.552232598167313,-7.3180491044455e-4,1504.51461005574,1679.64805041547,2090.76,0.707620504797333,1243.9858271935702
754,395.096,0.70771110473099,0.557295229822758,790.192,2020_kk_257,Kusko,2020,0.70722436608574,0.551568387147606,-6.6421101970715e-4,1504.51461005574,1679.64805041547,2090.76,0.707620504797333,1243.9858271935702
755,395.62,0.706255387317396,0.556826292343248,791.24,2020_kk_257,Kusko,2020,0.707218767434071,0.551038860417249,-5.2952673035711e-4,1504.51461005574,1679.64805041547,2090.76,0.707620504797333,1243.9858271935702
756,396.144,0.706118905857785,0.553226337882889,792.288,2020_kk_257,Kusko,2020,0.707183705403869,0.550660488497087,-3.7837192016221e-4,1504.51461005574,1679.64805041547,2090.76,0.707620504797333,1243.9858271935702
757,396.668,0.706817936000019,0.554982248105276,793.336,2020_kk_257,Kusko,2020,0.707218394486767,0.550158144127275,-5.0234436981166e-4,1504.51461005574,1679.64805041547,2090.76,0.707620504797333,1243.9858271935702
758,397.192,0.708565465307685,0.551882340980856,794.384,2020_kk_257,Kusko,2020,0.707251034207282,0.549603093743448,-5.5505038382708e-4,1504.51461005574,1679.64805041547,2090.76,0.707620504797333,1243.9858271935702
759,397.716,0.704311662363183,0.550410633884022,795.432,2020_kk_257,Kusko,2020,0.707269635578078,0.549102799592192,-5.0029415125596e-4,1504.51461005574,1679.64805041547,2090.76,0.707620504797333,1243.9858271935702
760,398.24,0.707132033757649,0.55866954136163,796.48,2020_kk_257,Kusko,2020,0.707261519532239,0.548382209850774,-7.2058974141775e-4,1504.51461005574,1679.64805041547,2090.76,0.707620504797333,1243.9858271935702
761,398.764,0.706506612925226,0.551048506521494,797.528,2020_kk_257,Kusko,2020,0.707293367303122,0.547653626542277,-7.2858330849723e-4,1504.51461005574,1679.64805041547,2090.76,0.707620504797333,1243.9858271935702
762,399.288,0.706220843083469,0.545389375640588,798.576,2020_kk_257,Kusko,2020,0.707315253615505,0.547039825100402,-6.1380144187472e-4,1504.51461005574,1679.64805041547,2090.76,0.707620504797333,1243.9858271935702
763,399.812,0.707600153277342,0.551686006417375,799.624,2020_kk_257,Kusko,2020,0.707335017175433,0.546530838830769,-5.0898626963324e-4,1504.51461005574,1679.64805041547,2090.76,0.707620504797333,1243.9858271935702
764,400.336,0.707385027081556,0.551910175146709,800.672,2020_kk_257,Kusko,2020,0.707331986114013,0.546011540838318,-5.1929799245098e-4,1504.51461005574,1679.64805041547,2090.76,0.707620504797333,1243.9858271935702
765,400.86,0.70777684881976,0.551681166503222,801.72,2020_kk_257,Kusko,2020,0.707333433273885,0.545532980322098,-4.7856051622041e-4,1504.51461005574,1679.64805041547,2090.76,0.707620504797333,1243.9858271935702
766,401.384,0.70610189693157,0.546117466061342,802.768,2020_kk_257,Kusko,2020,0.707395600875176,0.545071363249856,-4.6161707224157e-4,1504.51461005574,1679.64805041547,2090.76,0.707620504797333,1243.9858271935702
767,401.908,0.708289999293987,0.544996362582912,803.816,2020_kk_257,Kusko,2020,0.707356771877112,0.544635662608985,-4.3570064087128e-4,1504.51461005574,1679.64805041547,2090.76,0.707620504797333,1243.9858271935702
768,402.432,0.707404789413587,0.545034994408401,804.864,2020_kk_257,Kusko,2020,0.707357363185939,0.544132864053941,-5.0279855504409e-4,1504.51461005574,1679.64805041547,2090.76,0.707620504797333,1243.9858271935702
769,402.956,0.709739690109731,0.545175044651163,805.912,2020_kk_257,Kusko,2020,0.707368885037318,0.543713285464327,-4.1957858961361e-4,1504.51461005574,1679.64805041547,2090.76,0.707620504797333,1243.9858271935702
770,403.48,0.70709733781667,0.544213115004705,806.96,2020_kk_257,Kusko,2020,0.707369721150483,0.542992773948634,-7.2051151569341e-4,1504.51461005574,1679.64805041547,2090.76,0.707620504797333,1243.9858271935702
771,404.004,0.708036557074293,0.54622772774412,808.008,2020_kk_257,Kusko,2020,0.70739512870959,0.542319771213868,-6.7300273476556e-4,1504.51461005574,1679.64805041547,2090.76,0.707620504797333,1243.9858271935702
772,404.528,0.708110405765546,0.53991406611322,809.056,2020_kk_257,Kusko,2020,0.707374744563403,0.541614441776967,-7.0532943690127e-4,1504.51461005574,1679.64805041547,2090.76,0.707620504797333,1243.9858271935702
773,405.052,0.707074905562954,0.542376327710148,810.104,2020_kk_257,Kusko,2020,0.70739241581036,0.54091911793487,-6.9532384209714e-4,1504.51461005574,1679.64805041547,2090.76,0.707620504797333,1243.9858271935702
774,405.576,0.70764250647939,0.541327676007538,811.152,2020_kk_257,Kusko,2020,0.707442900710648,0.540161797893411,-7.5732004145812e-4,1504.51461005574,1679.64805041547,2090.76,0.707620504797333,1243.9858271935702
775,406.1,0.708486978706855,0.538343188307237,812.2,2020_kk_257,Kusko,2020,0.707435606471552,0.53959660876973,-5.6518912368097e-4,1504.51461005574,1679.64805041547,2090.76,0.707620504797333,1243.9858271935702
776,406.624,0.704173251959825,0.538351921009628,813.248,2020_kk_257,Kusko,2020,0.707441059395494,0.539296517849816,-3.00090919914e-4,1504.51461005574,1679.64805041547,2090.76,0.707620504797333,1243.9858271935702
777,407.148,0.70883305515796,0.53927551904861,814.296,2020_kk_257,Kusko,2020,0.707360051495676,0.539244033872491,-5.24839773253793e-5,1504.51461005574,1679.64805041547,2090.76,0.707620504797333,1243.9858271935702
778,407.672,0.706221677290005,0.535036391869587,815.344,2020_kk_257,Kusko,2020,0.707358786882719,0.539370064963878,1.2603109138686e-4,1504.51461005574,1679.64805041547,2090.76,0.707620504797333,1243.9858271935702
779,408.196,0.707142045882955,0.534231129443259,816.392,2020_kk_257,Kusko,2020,0.707300024240844,0.539550638364364,1.8057340048649e-4,1504.51461005574,1679.64805041547,2090.76,0.707620504797333,1243.9858271935702
780,408.72,0.706201019220276,0.538820262929439,817.44,2020_kk_257,Kusko,2020,0.707311991577447,0.539561613589936,1.09752255713635e-5,1504.51461005574,1679.64805041547,2090.76,0.707620504797333,1243.9858271935702
781,409.244,0.706780855584685,0.536610489970561,818.488,2020_kk_257,Kusko,2020,0.707294133687468,0.53946053335479,-1.0108023514598e-4,1504.51461005574,1679.64805041547,2090.76,0.707620504797333,1243.9858271935702
782,409.768,0.709342805438222,0.535287577704505,819.536,2020_kk_257,Kusko,2020,0.707294209759184,0.539341228049382,-1.193053054076e-4,1504.51461005574,1679.64805041547,2090.76,0.707620504797333,1243.9858271935702
783,410.292,0.708352381684576,0.533650504826055,820.584,2020_kk_257,Kusko,2020,0.70728603339224,0.539055040732796,-2.861873165858e-4,1504.51461005574,1679.64805041547,2090.76,0.707620504797333,1243.9858271935702
784,410.816,0.705633750630569,0.527838918607051,821.632,2020_kk_257,Kusko,2020,0.707264518802577,0.538875351047054,-1.7968968574222e-4,1504.51461005574,1679.64805041547,2090.76,0.707620504797333,1243.9858271935702
785,411.34,0.707541366645292,0.532417114123899,822.68,2020_kk_257,Kusko,2020,0.707301801928009,0.538758574637679,-1.1677640937568e-4,1504.51461005574,1679.64805041547,2090.76,0.707620504797333,1243.9858271935702
786,411.864,0.706017230804702,0.539629908363806,823.728,2020_kk_257,Kusko,2020,0.707316572779826,0.538622927530218,-1.3564710746027e-4,1504.51461005574,1679.64805041547,2090.76,0.707620504797333,1243.9858271935702
787,412.388,0.710171957013849,0.53579792195446,824.776,2020_kk_257,Kusko,2020,0.707324719721664,0.53843618423895,-1.8674329126866e-4,1504.51461005574,1679.64805041547,2090.76,0.707620504797333,1243.9858271935702
788,412.912,0.707870639947291,0.534585886745067,825.824,2020_kk_257,Kusko,2020,0.707327929897381,0.538226934424498,-2.0924981445147e-4,1504.51461005574,1679.64805041547,2090.76,0.707620504797333,1243.9858271935702
789,413.436,0.707879376516497,0.532588821586268,826.872,2020_kk_257,Kusko,2020,0.707390054048852,0.538033470378282,-1.9346404621578e-4,1504.51461005574,1679.64805041547,2090.76,0.707620504797333,1243.9858271935702
790,413.96,0.706413880262429,0.522125630890899,827.92,2020_kk_257,Kusko,2020,0.70734549245274,0.537818188248859,-2.1528212942323e-4,1504.51461005574,1679.64805041547,2090.76,0.707620504797333,1243.9858271935702
791,414.484,0.7084105852218,0.525150655813629,828.968,2020_kk_257,Kusko,2020,0.707365479567667,0.537740017167465,-7.81710813937408e-5,1504.51461005574,1679.64805041547,2090.76,0.707620504797333,1243.9858271935702
792,415.008,0.708765323150998,0.523365003435896,830.016,2020_kk_257,Kusko,2020,0.707366494125369,0.537900095214331,1.6007804686579e-4,1504.51461005574,1679.64805041547,2090.76,0.707620504797333,1243.9858271935702
793,415.532,0.707511608192305,0.529898652373473,831.064,2020_kk_257,Kusko,2020,0.707339115191695,0.537917546294187,1.74510798554017e-5,1504.51461005574,1679.64805041547,2090.76,0.707620504797333,1243.9858271935702
794,416.056,0.706216362375801,0.532620043637646,832.112,2020_kk_257,Kusko,2020,0.707332016190699,0.537897800418756,-1.97458754300772e-5,1504.51461005574,1679.64805041547,2090.76,0.707620504797333,1243.9858271935702
795,416.58,0.707635676941828,0.533737942060358,833.16,2020_kk_257,Kusko,2020,0.70733430873332,0.537859053603558,-3.87468151982207e-5,1504.51461005574,1679.64805041547,2090.76,0.707620504797333,1243.9858271935702
796,417.104,0.709453996567515,0.534091658978079,834.208,2020_kk_257,Kusko,2020,0.707358559708291,0.537698920071842,-1.6013353171662e-4,1504.51461005574,1679.64805041547,2090.76,0.707620504797333,1243.9858271935702
797,417.628,0.70552684985481,0.532713714431275,835.256,2020_kk_257,Kusko,2020,0.707384011469951,0.537527637320925,-1.7128275091615e-4,1504.51461005574,1679.64805041547,2090.76,0.707620504797333,1243.9858271935702
798,418.152,0.70672574087435,0.531567267663826,836.304,2020_kk_257,Kusko,2020,0.707362127316266,0.537392752749549,-1.3488457137622e-4,1504.51461005574,1679.64805041547,2090.76,0.707620504797333,1243.9858271935702
799,418.676,0.706948800234821,0.531631258225269,837.352,2020_kk_257,Kusko,2020,0.707316896631632,0.537286970258735,-1.0578249081449e-4,1504.51461005574,1679.64805041547,2090.76,0.707620504797333,1243.9858271935702
800,419.2,0.708575575570252,0.518576840322973,838.4,2020_kk_257,Kusko,2020,0.707299172531596,0.53718687981849,-1.0009044024494e-4,1504.51461005574,1679.64805041547,2090.76,0.707620504797333,1243.9858271935702
801,419.724,0.706856983007834,0.518553842152784,839.448,2020_kk_257,Kusko,2020,0.707270378309486,0.537124198046545,-6.26817719445727e-5,1504.51461005574,1679.64805041547,2090.76,0.707620504797333,1243.9858271935702
802,420.248,0.705760982235746,0.514619649826723,840.496,2020_kk_257,Kusko,2020,0.707249802177097,0.537308572791763,1.8437474521815e-4,1504.51461005574,1679.64805041547,2090.76,0.707620504797333,1243.9858271935702
803,420.772,0.705822829072468,0.517277060525531,841.544,2020_kk_257,Kusko,2020,0.707275496940035,0.537421111935119,1.1253914335562e-4,1504.51461005574,1679.64805041547,2090.76,0.707620504797333,1243.9858271935702
804,421.296,0.709433438979848,0.522391235967746,842.592,2020_kk_257,Kusko,2020,0.707270045936102,0.537578921682376,1.5780974725698e-4,1504.51461005574,1679.64805041547,2090.76,0.707620504797333,1243.9858271935702
805,421.82,0.708440864010157,0.530024066936013,843.64,2020_kk_257,Kusko,2020,0.70723657615023,0.537804846516457,2.2592483408101e-4,1504.51461005574,1679.64805041547,2090.76,0.707620504797333,1243.9858271935702
806,422.344,0.707158137728738,0.540591004066753,844.688,2020_kk_257,Kusko,2020,0.707281300173014,0.537948731438804,1.4388492234662e-4,1504.51461005574,1679.64805041547,2090.76,0.707620504797333,1243.9858271935702
807,422.868,0.705527396164583,0.551480931219684,845.736,2020_kk_257,Kusko,2020,0.707260701133664,0.538235412289397,2.8668085059291e-4,1504.51461005574,1679.64805041547,2090.76,0.707620504797333,1243.9858271935702
808,423.392,0.708697972184863,0.553214223455503,846.784,2020_kk_257,Kusko,2020,0.707270258507364,0.538616948077966,3.8153578856969e-4,1504.51461005574,1679.64805041547,2090.76,0.707620504797333,1243.9858271935702
809,423.916,0.705307765584909,0.551009807153496,847.832,2020_kk_257,Kusko,2020,0.707257487585152,0.539024270105974,4.0732202800808e-4,1504.51461005574,1679.64805041547,2090.76,0.707620504797333,1243.9858271935702
810,424.44,0.706775815884724,0.546433172352518,848.88,2020_kk_257,Kusko,2020,0.707267727089952,0.539398587159294,3.743170533198e-4,1504.51461005574,1679.64805041547,2090.76,0.707620504797333,1243.9858271935702
811,424.964,0.707035262332869,0.538694350743994,849.928,2020_kk_257,Kusko,2020,0.707274643485196,0.539775458937329,3.7687177803447e-4,1504.51461005574,1679.64805041547,2090.76,0.707620504797333,1243.9858271935702
812,425.488,0.707883689836343,0.541186334307387,850.976,2020_kk_257,Kusko,2020,0.70720856471442,0.540154553663963,3.7909472663444e-4,1504.51461005574,1679.64805041547,2090.76,0.707620504797333,1243.9858271935702
813,426.012,0.707728005811048,0.539491906043376,852.024,2020_kk_257,Kusko,2020,0.70719288768902,0.540645770911538,4.9121724757539e-4,1504.51461005574,1679.64805041547,2090.76,0.707620504797333,1243.9858271935702
814,426.536,0.706420229351241,0.546513848678224,853.072,2020_kk_257,Kusko,2020,0.707241767511565,0.541218689701611,5.7291879007226e-4,1504.51461005574,1679.64805041547,2090.76,0.707620504797333,1243.9858271935702
815,427.06,0.708492374843332,0.549819707780703,854.12,2020_kk_257,Kusko,2020,0.707225345011382,0.541719431053749,5.0074135213784e-4,1504.51461005574,1679.64805041547,2090.76,0.707620504797333,1243.9858271935702
816,427.584,0.707005156966808,0.545087511435274,855.168,2020_kk_257,Kusko,2020,0.707268795204073,0.542106180965172,3.8674991142395e-4,1504.51461005574,1679.64805041547,2090.76,0.707620504797333,1243.9858271935702
817,428.108,0.707306752510273,0.543777650629151,856.216,2020_kk_257,Kusko,2020,0.707217174103352,0.542678418492206,5.7223752703305e-4,1504.51461005574,1679.64805041547,2090.76,0.707620504797333,1243.9858271935702
818,428.632,0.708758075850694,0.539327352113766,857.264,2020_kk_257,Kusko,2020,0.707177873380105,0.543072623335041,3.9420484283592e-4,1504.51461005574,1679.64805041547,2090.76,0.707620504797333,1243.9858271935702
819,429.156,0.708039111451462,0.538802791111078,858.312,2020_kk_257,Kusko,2020,0.707194185318899,0.54342593234746694,3.5330901242547e-4,1504.51461005574,1679.64805041547,2090.76,0.707620504797333,1243.9858271935702
820,429.68,0.70445833799094,0.545752613596231,859.36,2020_kk_257,Kusko,2020,0.707192065900037,0.543863253448561,4.3732110109429e-4,1504.51461005574,1679.64805041547,2090.76,0.707620504797333,1243.9858271935702
821,430.204,0.707705839820837,0.546358241637872,860.408,2020_kk_257,Kusko,2020,0.707160205961954,0.544285771401401,4.2251795283943e-4,1504.51461005574,1679.64805041547,2090.76,0.707620504797333,1243.9858271935702
822,430.728,0.706281716545608,0.554994058452536,861.456,2020_kk_257,Kusko,2020,0.707143718142252,0.544810373645472,5.2460224407102e-4,1504.51461005574,1679.64805041547,2090.76,0.707620504797333,1243.9858271935702
823,431.252,0.705957417256886,0.552733071208696,862.504,2020_kk_257,Kusko,2020,0.707146587440105,0.545397116413251,5.8674276777903e-4,1504.51461005574,1679.64805041547,2090.76,0.707620504797333,1243.9858271935702
824,431.776,0.706959087021764,0.550725422620909,863.552,2020_kk_257,Kusko,2020,0.707181895703689,0.545972108284575,5.7499187132392e-4,1504.51461005574,1679.64805041547,2090.76,0.707620504797333,1243.9858271935702
825,432.3,0.707914401377053,0.549356357591332,864.6,2020_kk_257,Kusko,2020,0.707162406958515,0.54658259870532,6.104904207449e-4,1504.51461005574,1679.64805041547,2090.76,0.707620504797333,1243.9858271935702
826,432.824,0.707556955429799,0.536509454158341,865.648,2020_kk_257,Kusko,2020,0.70713803133949,0.547159427549496,5.7682884417686e-4,1504.51461005574,1679.64805041547,2090.76,0.707620504797333,1243.9858271935702
827,433.348,0.70981710499364,0.534719397527944,866.696,2020_kk_257,Kusko,2020,0.707167735784516,0.547787237256701,6.2780970720421e-4,1504.51461005574,1679.64805041547,2090.76,0.707620504797333,1243.9858271935702
828,433.872,0.706091740192438,0.53694192012583,867.744,2020_kk_257,Kusko,2020,0.707184559536338,0.548295700805996,5.0846354929523e-4,1504.51461005574,1679.64805041547,2090.76,0.707620504797333,1243.9858271935702
829,434.396,0.707025849031723,0.538828095202284,868.792,2020_kk_257,Kusko,2020,0.707190348874629,0.548960480887557,6.6478008156101e-4,1504.51461005574,1679.64805041547,2090.76,0.707620504797333,1243.9858271935702
830,434.92,0.706033891814498,0.538207688590006,869.84,2020_kk_257,Kusko,2020,0.707141618728154,0.549855499162193,8.9501827463622e-4,1504.51461005574,1679.64805041547,2090.76,0.707620504797333,1243.9858271935702
831,435.444,0.706308903747672,0.542466821427448,870.888,2020_kk_257,Kusko,2020,0.707120633622207,0.550644666256927,7.8916709473353e-4,1504.51461005574,1679.64805041547,2090.76,0.707620504797333,1243.9858271935702
832,435.968,0.706875837822213,0.550976550826305,871.936,2020_kk_257,Kusko,2020,0.707174603200443,0.551495597003222,8.5093074629549e-4,1504.51461005574,1679.64805041547,2090.76,0.707620504797333,1243.9858271935702
833,436.492,0.708616591339257,0.549128676311488,872.984,2020_kk_257,Kusko,2020,0.707168166023811,0.552359064547504,8.6346754428179e-4,1504.51461005574,1679.64805041547,2090.76,0.707620504797333,1243.9858271935702
834,437.016,0.707315446243396,0.550796260842959,874.032,2020_kk_257,Kusko,2020,0.707153457553915,0.553013864766298,6.5480021879404e-4,1504.51461005574,1679.64805041547,2090.76,0.707620504797333,1243.9858271935702
835,437.54,0.70647879155452,0.551898678352105,875.08,2020_kk_257,Kusko,2020,0.707133628885182,0.553590722695773,5.7685792947492e-4,1504.51461005574,1679.64805041547,2090.76,0.707620504797333,1243.9858271935702
836,438.064,0.706856693326878,0.546985016350425,876.128,2020_kk_257,Kusko,2020,0.707096991822666,0.553977135878972,3.8641318319898e-4,1504.51461005574,1679.64805041547,2090.76,0.707620504797333,1243.9858271935702
837,438.588,0.707597112796989,0.556476370084183,877.176,2020_kk_257,Kusko,2020,0.707092916779636,0.554185288311733,2.0815243276084e-4,1504.51461005574,1679.64805041547,2090.76,0.707620504797333,1243.9858271935702
838,439.112,0.706795119712006,0.557928539183767,878.224,2020_kk_257,Kusko,2020,0.707099077553698,0.554476374601286,2.9108628955287e-4,1504.51461005574,1679.64805041547,2090.76,0.707620504797333,1243.9858271935702
839,439.636,0.706375790550231,0.558670451123739,879.272,2020_kk_257,Kusko,2020,0.707138168663444,0.554735969690517,2.5959508923112e-4,1504.51461005574,1679.64805041547,2090.76,0.707620504797333,1243.9858271935702
840,440.16,0.706815389508229,0.561279286128628,880.32,2020_kk_257,Kusko,2020,0.70711784930442,0.555064014063444,3.280443729271e-4,1504.51461005574,1679.64805041547,2090.76,0.707620504797333,1243.9858271935702
841,440.684,0.707195839299372,0.55922279665263,881.368,2020_kk_257,Kusko,2020,0.707106160640155,0.555549884529519,4.8587046607473e-4,1504.51461005574,1679.64805041547,2090.76,0.707620504797333,1243.9858271935702
842,441.208,0.705378079191661,0.558033261302562,882.416,2020_kk_257,Kusko,2020,0.707101929304688,0.556077574899852,5.2769037033328e-4,1504.51461005574,1679.64805041547,2090.76,0.707620504797333,1243.9858271935702
843,441.732,0.707411760160548,0.563123539680578,883.464,2020_kk_257,Kusko,2020,0.707092483177303,0.556819337501536,7.4176260168368e-4,1504.51461005574,1679.64805041547,2090.76,0.707620504797333,1243.9858271935702
844,442.256,0.7085665399833,0.562214046011387,884.512,2020_kk_257,Kusko,2020,0.70711087973999,0.55755186572921,7.3252822767422e-4,1504.51461005574,1679.64805041547,2090.76,0.707620504797333,1243.9858271935702
845,442.78,0.706556016634255,0.562461595252171,885.56,2020_kk_257,Kusko,2020,0.707107652767791,0.558125044618501,5.7317888929164e-4,1504.51461005574,1679.64805041547,2090.76,0.707620504797333,1243.9858271935702
846,443.304,0.708624242366204,0.56283490304924,886.608,2020_kk_257,Kusko,2020,0.707112102440028,0.55870262224214,5.775776236383e-4,1504.51461005574,1679.64805041547,2090.76,0.707620504797333,1243.9858271935702
847,443.828,0.707074690970607,0.570132173576444,887.656,2020_kk_257,Kusko,2020,0.707110273309518,0.559388550654582,6.8592841244241e-4,1504.51461005574,1679.64805041547,2090.76,0.707620504797333,1243.9858271935702
848,444.352,0.705512596552439,0.558238177315225,888.704,2020_kk_257,Kusko,2020,0.707100620184695,0.560208669676841,8.201190222592e-4,1504.51461005574,1679.64805041547,2090.76,0.707620504797333,1243.9858271935702
849,444.876,0.708858092844147,0.553787362331789,889.752,2020_kk_257,Kusko,2020,0.707100245761056,0.561142218051934,9.3354837509263e-4,1504.51461005574,1679.64805041547,2090.76,0.707620504797333,1243.9858271935702
850,445.4,0.706286715130702,0.548364896956559,890.8,2020_kk_257,Kusko,2020,0.70716729152881,0.561815672311983,6.7345426004927e-4,1504.51461005574,1679.64805041547,2090.76,0.707620504797333,1243.9858271935702
851,445.924,0.706498988936829,0.550501732983996,891.848,2020_kk_257,Kusko,2020,0.707170682911389,0.562538903195769,7.2323088378589e-4,1504.51461005574,1679.64805041547,2090.76,0.707620504797333,1243.9858271935702
852,446.448,0.707776053968842,0.554841138080153,892.896,2020_kk_257,Kusko,2020,0.707202747991861,0.563035104931707,4.9620173593756e-4,1504.51461005574,1679.64805041547,2090.76,0.707620504797333,1243.9858271935702
853,446.972,0.70768376606351,0.565103218440219,893.944,2020_kk_257,Kusko,2020,0.707245817246269,0.56363478560019,5.9968066848292e-4,1504.51461005574,1679.64805041547,2090.76,0.707620504797333,1243.9858271935702
854,447.496,0.708334858190862,0.567119555917077,894.992,2020_kk_257,Kusko,2020,0.707248978886369,0.564367766517277,7.3298091708695e-4,1504.51461005574,1679.64805041547,2090.76,0.707620504797333,1243.9858271935702
855,448.02,0.706466352231332,0.570367367305054,896.04,2020_kk_257,Kusko,2020,0.707254539860192,0.565122477773683,7.5471125640591e-4,1504.51461005574,1679.64805041547,2090.76,0.707620504797333,1243.9858271935702
856,448.544,0.707991459426041,0.568701389628689,897.088,2020_kk_257,Kusko,2020,0.707247176661584,0.566105727009364,9.8324923568149e-4,1504.51461005574,1679.64805041547,2090.76,0.707620504797333,1243.9858271935702
857,449.068,0.707309116556394,0.570382296863527,898.136,2020_kk_257,Kusko,2020,0.707201000170792,0.56722191579001,0.00111618878064634,1504.51461005574,1679.64805041547,2090.76,0.707620504797333,1243.9858271935702
858,449.592,0.707735165983658,0.562075080621545,899.184,2020_kk_257,Kusko,2020,0.70721353055229,0.56829150551062,0.00106958972061011,1504.51461005574,1679.64805041547,2090.76,0.707620504797333,1243.9858271935702
859,450.116,0.707296160532287,0.571518063118935,900.232,2020_kk_257,Kusko,2020,0.707203628261866,0.569418426308393,0.00112692079777255,1504.51461005574,1679.64805041547,2090.76,0.707620504797333,1243.9858271935702
860,450.64,0.70565176678175,0.572277936801146,901.28,2020_kk_257,Kusko,2020,0.707221969347883,0.570651582011115,0.00123315570272153,1504.51461005574,1679.64805041547,2090.76,0.707620504797333,1243.9858271935702
861,451.164,0.705597876650982,0.565903867836797,902.328,2020_kk_257,Kusko,2020,0.707219876968775,0.571896046603891,0.00124446459277683,1504.51461005574,1679.64805041547,2090.76,0.707620504797333,1243.9858271935702
862,451.688,0.708999156929931,0.565675494604451,903.376,2020_kk_257,Kusko,2020,0.707219673045408,0.57294036968504,0.0010443230811481,1504.51461005574,1679.64805041547,2090.76,0.707620504797333,1243.9858271935702
863,452.212,0.705436598474536,0.569085113182443,904.424,2020_kk_257,Kusko,2020,0.707185393830941,0.574054675993321,0.00111430630828202,1504.51461005574,1679.64805041547,2090.76,0.707620504797333,1243.9858271935702
864,452.736,0.708550930786099,0.561679249095392,905.472,2020_kk_257,Kusko,2020,0.707175516421051,0.575091202640587,0.00103652664726572,1504.51461005574,1679.64805041547,2090.76,0.707620504797333,1243.9858271935702
865,453.26,0.70725114388616,0.564635542704503,906.52,2020_kk_257,Kusko,2020,0.70717915719325,0.576078443754496,9.8724111390879e-4,1504.51461005574,1679.64805041547,2090.76,0.707620504797333,1243.9858271935702
866,453.784,0.704959913977824,0.563775795058694,907.568,2020_kk_257,Kusko,2020,0.707167594895936,0.577088579583655,0.0010101358291591,1504.51461005574,1679.64805041547,2090.76,0.707620504797333,1243.9858271935702
867,454.308,0.705282893582777,0.563970077185339,908.616,2020_kk_257,Kusko,2020,0.707187148892552,0.577974281022091,8.8570143843569e-4,1504.51461005574,1679.64805041547,2090.76,0.707620504797333,1243.9858271935702
868,454.832,0.709067618628541,0.570679400828669,909.664,2020_kk_257,Kusko,2020,0.707208533013795,0.578881584389189,9.0730336709798e-4,1504.51461005574,1679.64805041547,2090.76,0.707620504797333,1243.9858271935702
869,455.356,0.707653232169707,0.566585512507362,910.712,2020_kk_257,Kusko,2020,0.707265180886542,0.579753163649878,8.7157926068959e-4,1504.51461005574,1679.64805041547,2090.76,0.707620504797333,1243.9858271935702
870,455.88,0.705556654343236,0.566115834728148,911.76,2020_kk_257,Kusko,2020,0.707270526593534,0.580472277460617,7.1911381073841e-4,1504.51461005574,1679.64805041547,2090.76,0.707620504797333,1243.9858271935702
871,456.404,0.706333942476986,0.567846578708474,912.808,2020_kk_257,Kusko,2020,0.707268553823187,0.581161824437322,6.8954697670553e-4,1504.51461005574,1679.64805041547,2090.76,0.707620504797333,1243.9858271935702
872,456.928,0.707629809708335,0.572847756527381,913.856,2020_kk_257,Kusko,2020,0.707293183014359,0.58198064929135,8.1882485402717e-4,1504.51461005574,1679.64805041547,2090.76,0.707620504797333,1243.9858271935702
873,457.452,0.70716123816792,0.583997662144399,914.904,2020_kk_257,Kusko,2020,0.707282944579321,0.58268151189804,7.0086260669022e-4,1504.51461005574,1679.64805041547,2090.76,0.707620504797333,1243.9858271935702
874,457.976,0.707524023112477,0.590465542338676,915.952,2020_kk_257,Kusko,2020,0.707235719234648,0.583432363799267,7.5085190122736e-4,1504.51461005574,1679.64805041547,2090.76,0.707620504797333,1243.9858271935702
875,458.5,0.708298756511419,0.584210441138197,917,2020_kk_257,Kusko,2020,0.707247433727757,0.58407074646269,6.3838266342342e-4,1504.51461005574,1679.64805041547,2090.76,0.707620504797333,1243.9858271935702
876,459.024,0.70727213730103,0.579742168853577,918.048,2020_kk_257,Kusko,2020,0.70723856742865,0.584795945991716,7.2519952902538e-4,1504.51461005574,1679.64805041547,2090.76,0.707620504797333,1243.9858271935702
877,459.548,0.707197004679636,0.584933355375694,919.096,2020_kk_257,Kusko,2020,0.707232979500633,0.585343086738516,5.4714074680029e-4,1504.51461005574,1679.64805041547,2090.76,0.707620504797333,1243.9858271935702
878,460.072,0.708178888361343,0.588534493449317,920.144,2020_kk_257,Kusko,2020,0.707279585693395,0.586134713224836,7.9162648631947e-4,1504.51461005574,1679.64805041547,2090.76,0.707620504797333,1243.9858271935702
879,460.596,0.708016646033091,0.594815693616633,921.192,2020_kk_257,Kusko,2020,0.707244259253677,0.587024019468776,8.8930624394034e-4,1504.51461005574,1679.64805041547,2090.76,0.707620504797333,1243.9858271935702
880,461.12,0.70848108405616,0.586159869199187,922.24,2020_kk_257,Kusko,2020,0.70725159145489,0.587876114737829,8.5209526905338e-4,1504.51461005574,1679.64805041547,2090.76,0.707620504797333,1243.9858271935702
881,461.644,0.707909322775601,0.589752094665026,923.288,2020_kk_257,Kusko,2020,0.70724659255214,0.588645208046546,7.6909330871655e-4,1504.51461005574,1679.64805041547,2090.76,0.707620504797333,1243.9858271935702
882,462.168,0.70820562137391,0.584766162608788,924.336,2020_kk_257,Kusko,2020,0.707251534095472,0.589209431663642,5.6422361709596e-4,1504.51461005574,1679.64805041547,2090.76,0.707620504797333,1243.9858271935702
883,462.692,0.708541572521378,0.588713911317676,925.384,2020_kk_257,Kusko,2020,0.707268226020986,0.58957648534552,3.6705368187783e-4,1504.51461005574,1679.64805041547,2090.76,0.707620504797333,1243.9858271935702
884,463.216,0.707148785427777,0.594704277646125,926.432,2020_kk_257,Kusko,2020,0.707241332474123,0.590016773326458,4.4028798093809e-4,1504.51461005574,1679.64805041547,2090.76,0.707620504797333,1243.9858271935702
885,463.74,0.708248059806408,0.594639032975689,927.48,2020_kk_257,Kusko,2020,0.707270222805883,0.59049915868514,4.8238535868228e-4,1504.51461005574,1679.64805041547,2090.76,0.707620504797333,1243.9858271935702
886,464.264,0.70711516351336,0.595504408299235,928.528,2020_kk_257,Kusko,2020,0.707278285779454,0.591057719098252,5.5856041311164e-4,1504.51461005574,1679.64805041547,2090.76,0.707620504797333,1243.9858271935702
887,464.788,0.707046515546122,0.601690724366718,929.576,2020_kk_257,Kusko,2020,0.7073056826232,0.591560734949169,5.0301585091761e-4,1504.51461005574,1679.64805041547,2090.76,0.707620504797333,1243.9858271935702
888,465.312,0.706843563082269,0.601117303362438,930.624,2020_kk_257,Kusko,2020,0.7073268930603,0.592174135179422,6.1340023025302e-4,1504.51461005574,1679.64805041547,2090.76,0.707620504797333,1243.9858271935702
889,465.836,0.706431711606322,0.60644334306863,931.672,2020_kk_257,Kusko,2020,0.707326938076439,0.59246791605419,2.9378087476761e-4,1504.51461005574,1679.64805041547,2090.76,0.707620504797333,1243.9858271935702
890,466.36,0.707134356975499,0.612197030753297,932.72,2020_kk_257,Kusko,2020,0.707330852849359,0.592730719381197,2.6280332700712e-4,1504.51461005574,1679.64805041547,2090.76,0.707620504797333,1243.9858271935702
891,466.884,0.706183361001188,0.617134696994061,933.768,2020_kk_257,Kusko,2020,0.707371373745682,0.593206064066567,4.753446853698e-4,1504.51461005574,1679.64805041547,2090.76,0.707620504797333,1243.9858271935702
892,467.408,0.706863602420174,0.613635935695192,934.816,2020_kk_257,Kusko,2020,0.707356196083644,0.593656056370405,4.4999230383835e-4,1504.51461005574,1679.64805041547,2090.76,0.707620504797333,1243.9858271935702
893,467.932,0.706559838471285,0.615987054808407,935.864,2020_kk_257,Kusko,2020,0.707396767680759,0.594136504257642,4.8044788723666e-4,1504.51461005574,1679.64805041547,2090.76,0.707620504797333,1243.9858271935702
894,468.456,0.70672280165,0.612987859678905,936.912,2020_kk_257,Kusko,2020,0.707359809580458,0.594719864765087,5.8336050744489e-4,1504.51461005574,1679.64805041547,2090.76,0.707620504797333,1243.9858271935702
895,468.98,0.706697237886409,0.611133145186635,937.96,2020_kk_257,Kusko,2020,0.70736702447322,0.595243874080874,5.2400931578733e-4,1504.51461005574,1679.64805041547,2090.76,0.707620504797333,1243.9858271935702
896,469.504,0.706162955488041,0.607593166099968,939.008,2020_kk_257,Kusko,2020,0.707411417103266,0.595789659381628,5.4578530075366e-4,1504.51461005574,1679.64805041547,2090.76,0.707620504797333,1243.9858271935702
897,470.028,0.708770352593993,0.609618456390327,940.056,2020_kk_257,Kusko,2020,0.707450730059253,0.596320508531419,5.3084914979095e-4,1504.51461005574,1679.64805041547,2090.76,0.707620504797333,1243.9858271935702
898,470.552,0.708078166986538,0.612366741209646,941.104,2020_kk_257,Kusko,2020,0.707429356950932,0.59677339913305,4.5289060163078e-4,1504.51461005574,1679.64805041547,2090.76,0.707620504797333,1243.9858271935702
899,471.076,0.709774662915065,0.610965206765115,942.152,2020_kk_257,Kusko,2020,0.707377123046269,0.597322814832107,5.4941569905742e-4,1504.51461005574,1679.64805041547,2090.76,0.707620504797333,1243.9858271935702
900,471.6,0.70713613192776,0.60442611477293,943.2,2020_kk_257,Kusko,2020,0.707406703333003,0.59788524651654,5.6243168443292e-4,1504.51461005574,1679.64805041547,2090.76,0.707620504797333,1243.9858271935702
901,472.124,0.70707747307854,0.600595615254966,944.248,2020_kk_257,Kusko,2020,0.707417209218834,0.598533772731834,6.4852621529432e-4,1504.51461005574,1679.64805041547,2090.76,0.707620504797333,1243.9858271935702
902,472.648,0.706855830662002,0.607162752544194,945.296,2020_kk_257,Kusko,2020,0.707443602401745,0.599033028888156,4.9925615632207e-4,1504.51461005574,1679.64805041547,2090.76,0.707620504797333,1243.9858271935702
903,473.172,0.706797454058265,0.605175296081992,946.344,2020_kk_257,Kusko,2020,0.707446988209291,0.599323789701667,2.907608135102e-4,1504.51461005574,1679.64805041547,2090.76,0.707620504797333,1243.9858271935702
904,473.696,0.705733019302899,0.60726516008503,947.392,2020_kk_257,Kusko,2020,0.707406887089216,0.599577026426657,2.5323672499055e-4,1504.51461005574,1679.64805041547,2090.76,0.707620504797333,1243.9858271935702
905,474.22,0.707258886220828,0.60076455505757,948.44,2020_kk_257,Kusko,2020,0.707436826037263,0.599830935120948,2.5390869429065e-4,1504.51461005574,1679.64805041547,2090.76,0.707620504797333,1243.9858271935702
906,474.744,0.708092264419801,0.606346874790762,949.488,2020_kk_257,Kusko,2020,0.707390360380218,0.600285933997696,4.5499887674826e-4,1504.51461005574,1679.64805041547,2090.76,0.707620504797333,1243.9858271935702
907,475.268,0.706739415289564,0.60296061838446,950.536,2020_kk_257,Kusko,2020,0.70739314198946,0.6006130465415,3.2711254380346e-4,1504.51461005574,1679.64805041547,2090.76,0.707620504797333,1243.9858271935702
908,475.792,0.708308968118172,0.605735766494401,951.584,2020_kk_257,Kusko,2020,0.707400347301698,0.600909002344248,2.9595580274866e-4,1504.51461005574,1679.64805041547,2090.76,0.707620504797333,1243.9858271935702
909,476.316,0.706738506461037,0.607145736968208,952.632,2020_kk_257,Kusko,2020,0.707410649028217,0.601160518130955,2.5151578670723e-4,1504.51461005574,1679.64805041547,2090.76,0.707620504797333,1243.9858271935702
910,476.84,0.706726647203514,0.599490613099764,953.68,2020_kk_257,Kusko,2020,0.707391036721078,0.6015044104775,3.4389234654508e-4,1504.51461005574,1679.64805041547,2090.76,0.707620504797333,1243.9858271935702
911,477.364,0.706199054771828,0.596647331506988,954.728,2020_kk_257,Kusko,2020,0.707376870421711,0.601824093495605,3.1968301810481e-4,1504.51461005574,1679.64805041547,2090.76,0.707620504797333,1243.9858271935702
912,477.888,0.708072546568716,0.588694555105915,955.776,2020_kk_257,Kusko,2020,0.70732204806198,0.602155057820376,3.3096432477053e-4,1504.51461005574,1679.64805041547,2090.76,0.707620504797333,1243.9858271935702
913,478.412,0.708685281594384,0.587126439352888,956.824,2020_kk_257,Kusko,2020,0.707276336488728,0.602424894430755,2.6983661037893e-4,1504.51461005574,1679.64805041547,2090.76,0.707620504797333,1243.9858271935702
914,478.936,0.706721245379102,0.59353683477336,957.872,2020_kk_257,Kusko,2020,0.707272277792092,0.602511649147857,8.67547171025107e-5,1504.51461005574,1679.64805041547,2090.76,0.707620504797333,1243.9858271935702
915,479.46,0.708199772136883,0.599310488825988,958.92,2020_kk_257,Kusko,2020,0.707239677311359,0.6027547198327,2.4307068484241e-4,1504.51461005574,1679.64805041547,2090.76,0.707620504797333,1243.9858271935702
916,479.984,0.708475237840332,0.602215014415387,959.968,2020_kk_257,Kusko,2020,0.707233889031492,0.60297269542868,2.179755959798e-4,1504.51461005574,1679.64805041547,2090.76,0.707620504797333,1243.9858271935702
917,480.508,0.708952927181124,0.600563247918586,961.016,2020_kk_257,Kusko,2020,0.707212478220057,0.602962691253362,-1.00041753179347e-5,1504.51461005574,1679.64805041547,2090.76,0.707620504797333,1243.9858271935702
918,481.032,0.709007792209686,0.598879094436726,962.064,2020_kk_257,Kusko,2020,0.707199249890915,0.603104026363631,1.4133511026914e-4,1504.51461005574,1679.64805041547,2090.76,0.707620504797333,1243.9858271935702
919,481.556,0.70729886150061,0.589144915604994,963.112,2020_kk_257,Kusko,2020,0.70719470736895,0.603077775366215,-2.62509974156e-5,1504.51461005574,1679.64805041547,2090.76,0.707620504797333,1243.9858271935702
920,482.08,0.705886653156955,0.588046136421569,964.16,2020_kk_257,Kusko,2020,0.70721338583739,0.602928102548857,-1.4967281735789e-4,1504.51461005574,1679.64805041547,2090.76,0.707620504797333,1243.9858271935702
921,482.604,0.708029130430352,0.594424548958989,965.208,2020_kk_257,Kusko,2020,0.707221410016579,0.602699940106732,-2.2816244212509e-4,1504.51461005574,1679.64805041547,2090.76,0.707620504797333,1243.9858271935702
922,483.128,0.708088497207649,0.592675032834757,966.256,2020_kk_257,Kusko,2020,0.707236065472543,0.602592553884752,-1.0738622198058e-4,1504.51461005574,1679.64805041547,2090.76,0.707620504797333,1243.9858271935702
923,483.652,0.707870894301452,0.59791198641664,967.304,2020_kk_257,Kusko,2020,0.707235744255727,0.602506904579613,-8.56493051387686e-5,1504.51461005574,1679.64805041547,2090.76,0.707620504797333,1243.9858271935702
924,484.176,0.706333444768014,0.596680879542088,968.352,2020_kk_257,Kusko,2020,0.707248156487638,0.602494085382674,-1.28191969390734e-5,1504.51461005574,1679.64805041547,2090.76,0.707620504797333,1243.9858271935702
925,484.7,0.707684037451915,0.596076101651748,969.4,2020_kk_257,Kusko,2020,0.70723456446432,0.602459974964363,-3.41104183110286e-5,1504.51461005574,1679.64805041547,2090.76,0.707620504797333,1243.9858271935702
926,485.224,0.707623471780603,0.596522913103909,970.448,2020_kk_257,Kusko,2020,0.707257882316597,0.602456545180264,-3.42978409872963e-6,1504.51461005574,1679.64805041547,2090.76,0.707620504797333,1243.9858271935702
927,485.748,0.707641670941991,0.5958210261728,971.496,2020_kk_257,Kusko,2020,0.707230143252579,0.602343815821514,-1.1272935875006e-4,1504.51461005574,1679.64805041547,2090.76,0.707620504797333,1243.9858271935702
928,486.272,0.707785232129293,0.597852836926514,972.544,2020_kk_257,Kusko,2020,0.707217204280602,0.602120280668525,-2.23535152989e-4,1504.51461005574,1679.64805041547,2090.76,0.707620504797333,1243.9858271935702
929,486.796,0.704519197889894,0.599550454450803,973.592,2020_kk_257,Kusko,2020,0.707198120321535,0.601934636597362,-1.8564407116294e-4,1504.51461005574,1679.64805041547,2090.76,0.707620504797333,1243.9858271935702
930,487.32,0.707331471547294,0.599861735794123,974.64,2020_kk_257,Kusko,2020,0.707191021977545,0.60201396527548,7.93286781182179e-5,1504.51461005574,1679.64805041547,2090.76,0.707620504797333,1243.9858271935702
931,487.844,0.706964295626841,0.606758151626136,975.688,2020_kk_257,Kusko,2020,0.707211498153088,0.602149474024973,1.3550874949297e-4,1504.51461005574,1679.64805041547,2090.76,0.707620504797333,1243.9858271935702
932,488.368,0.709213400682964,0.602803125906707,976.736,2020_kk_257,Kusko,2020,0.707218136674944,0.602166969834371,1.7495809397694e-5,1504.51461005574,1679.64805041547,2090.76,0.707620504797333,1243.9858271935702
933,488.892,0.70736438662068,0.601443310955013,977.784,2020_kk_257,Kusko,2020,0.707206953377487,0.602280025006265,1.1305517189375e-4,1504.51461005574,1679.64805041547,2090.76,0.707620504797333,1243.9858271935702
934,489.416,0.705117955907974,0.605659745838108,978.832,2020_kk_257,Kusko,2020,0.707256210189028,0.602344408792915,6.43837866506347e-5,1504.51461005574,1679.64805041547,2090.76,0.707620504797333,1243.9858271935702
935,489.94,0.71009509339426,0.599444962795628,979.88,2020_kk_257,Kusko,2020,0.707249295002885,0.602441183723457,9.6774930542165e-5,1504.51461005574,1679.64805041547,2090.76,0.707620504797333,1243.9858271935702
936,490.464,0.704484197878354,0.607042101458475,980.928,2020_kk_257,Kusko,2020,0.707228717826002,0.602556019309684,1.1483558622682e-4,1504.51461005574,1679.64805041547,2090.76,0.707620504797333,1243.9858271935702
937,490.988,0.707363901234162,0.604560108003908,981.976,2020_kk_257,Kusko,2020,0.707238636671321,0.602601555856375,4.55365466905944e-5,1504.51461005574,1679.64805041547,2090.76,0.707620504797333,1243.9858271935702
938,491.512,0.708611207095589,0.606291841614234,983.024,2020_kk_257,Kusko,2020,0.707198803087886,0.602602750829031,1.19497265671509e-6,1504.51461005574,1679.64805041547,2090.76,0.707620504797333,1243.9858271935702
939,492.036,0.708634749624261,0.609906640819074,984.072,2020_kk_257,Kusko,2020,0.707219742566585,0.602609815978384,7.06514935211455e-6,1504.51461005574,1679.64805041547,2090.76,0.707620504797333,1243.9858271935702
940,492.56,0.707304345627791,0.606793409991885,985.12,2020_kk_257,Kusko,2020,0.707231035507179,0.602791363713579,1.8154773519507e-4,1504.51461005574,1679.64805041547,2090.76,0.707620504797333,1243.9858271935702
941,493.084,0.70705934481358,0.60893307575132,986.168,2020_kk_257,Kusko,2020,0.707231078458554,0.602999049628219,2.0768591464048e-4,1504.51461005574,1679.64805041547,2090.76,0.707620504797333,1243.9858271935702
942,493.608,0.704916279790049,0.604624022095019,987.216,2020_kk_257,Kusko,2020,0.707223092136828,0.603245667071383,2.4661744316356e-4,1504.51461005574,1679.64805041547,2090.76,0.707620504797333,1243.9858271935702
943,494.132,0.705798878126241,0.604904107940416,988.264,2020_kk_257,Kusko,2020,0.707203697849875,0.603448251391545,2.0258432016206e-4,1504.51461005574,1679.64805041547,2090.76,0.707620504797333,1243.9858271935702
944,494.656,0.706905263629659,0.599909560672274,989.312,2020_kk_257,Kusko,2020,0.707196113522944,0.603489797153826,4.15457622815474e-5,1504.51461005574,1679.64805041547,2090.76,0.707620504797333,1243.9858271935702
945,495.18,0.706292030962425,0.609223274066236,990.36,2020_kk_257,Kusko,2020,0.707195780621915,0.603496778641498,6.98148767142026e-6,1504.51461005574,1679.64805041547,2090.76,0.707620504797333,1243.9858271935702
946,495.704,0.706767866721313,0.60858294405802,991.408,2020_kk_257,Kusko,2020,0.70716305151573,0.603532014717807,3.52360763090642e-5,1504.51461005574,1679.64805041547,2090.76,0.707620504797333,1243.9858271935702
947,496.228,0.705761866860026,0.601090473847642,992.456,2020_kk_257,Kusko,2020,0.707141466051533,0.603666248462259,1.3423374445198e-4,1504.51461005574,1679.64805041547,2090.76,0.707620504797333,1243.9858271935702
948,496.752,0.706049863333762,0.609597409978586,993.504,2020_kk_257,Kusko,2020,0.707118074607278,0.603993065172306,3.2681671004675e-4,1504.51461005574,1679.64805041547,2090.76,0.707620504797333,1243.9858271935702
949,497.276,0.706159160288441,0.604868283223701,994.552,2020_kk_257,Kusko,2020,0.707122644010947,0.604540948058766,5.478828864609e-4,1504.51461005574,1679.64805041547,2090.76,0.707620504797333,1243.9858271935702
950,497.8,0.708255065081837,0.603216661711823,995.6,2020_kk_257,Kusko,2020,0.707162008703118,0.605081135557032,5.40187498266e-4,1504.51461005574,1679.64805041547,2090.76,0.707620504797333,1243.9858271935702
951,498.324,0.706664811752553,0.603444950466559,996.648,2020_kk_257,Kusko,2020,0.707151994947741,0.605315310009882,2.3417445284978e-4,1504.51461005574,1679.64805041547,2090.76,0.707620504797333,1243.9858271935702
952,498.848,0.707742929778016,0.607192762376357,997.696,2020_kk_257,Kusko,2020,0.707119250114437,0.605510754892462,1.9544488258005e-4,1504.51461005574,1679.64805041547,2090.76,0.707620504797333,1243.9858271935702
953,499.372,0.706540565462353,0.610848096500077,998.744,2020_kk_257,Kusko,2020,0.707112775341068,0.605569872499181,5.91176067185062e-5,1504.51461005574,1679.64805041547,2090.76,0.707620504797333,1243.9858271935702
954,499.896,0.707467535564624,0.612218707862565,999.792,2020_kk_257,Kusko,2020,0.707123102459873,0.605638103325872,6.82308266908294e-5,1504.51461005574,1679.64805041547,2090.76,0.707620504797333,1243.9858271935702
955,500.42,0.705881716487311,0.609086520087967,1000.84,2020_kk_257,Kusko,2020,0.707128826510919,0.605723665351576,8.5562025703978e-5,1504.51461005574,1679.64805041547,2090.76,0.707620504797333,1243.9858271935702
956,500.944,0.707562026624698,0.607387379054048,1001.888,2020_kk_257,Kusko,2020,0.707133454049074,0.605966523667777,2.4285831620163e-4,1504.51461005574,1679.64805041547,2090.76,0.707620504797333,1243.9858271935702
957,501.468,0.707106008752914,0.602854694865322,1002.936,2020_kk_257,Kusko,2020,0.707140435407718,0.606204121888987,2.3759822120972e-4,1504.51461005574,1679.64805041547,2090.76,0.707620504797333,1243.9858271935702
958,501.992,0.707301828667919,0.598954632030311,1003.984,2020_kk_257,Kusko,2020,0.707133735308629,0.606519568848707,3.154469597203e-4,1504.51461005574,1679.64805041547,2090.76,0.707620504797333,1243.9858271935702
959,502.516,0.708629625371051,0.599826562495336,1005.032,2020_kk_257,Kusko,2020,0.707195322686134,0.606765428179799,2.4585933109122e-4,1504.51461005574,1679.64805041547,2090.76,0.707620504797333,1243.9858271935702
960,503.04,0.706710231288365,0.609185835460024,1006.08,2020_kk_257,Kusko,2020,0.707183000078977,0.607119614036576,3.5418585677737e-4,1504.51461005574,1679.64805041547,2090.76,0.707620504797333,1243.9858271935702
961,503.564,0.708306043611078,0.608726140224545,1007.128,2020_kk_257,Kusko,2020,0.707209529433697,0.607267847633166,1.4823359658999e-4,1504.51461005574,1679.64805041547,2090.76,0.707620504797333,1243.9858271935702
962,504.088,0.707254141973376,0.608212501108051,1008.176,2020_kk_257,Kusko,2020,0.707192704140865,0.607475646226994,2.0779859382857e-4,1504.51461005574,1679.64805041547,2090.76,0.707620504797333,1243.9858271935702
963,504.612,0.706126456210837,0.611958606395623,1009.224,2020_kk_257,Kusko,2020,0.707185376659465,0.607720156050838,2.4450982384349e-4,1504.51461005574,1679.64805041547,2090.76,0.707620504797333,1243.9858271935702
964,505.136,0.708688427995373,0.611128187284068,1010.272,2020_kk_257,Kusko,2020,0.707210888275459,0.607878223330337,1.5806727949896e-4,1504.51461005574,1679.64805041547,2090.76,0.707620504797333,1243.9858271935702
965,505.66,0.706843975052235,0.606571050890098,1011.32,2020_kk_257,Kusko,2020,0.707178784498131,0.608225675396147,3.4745206581043e-4,1504.51461005574,1679.64805041547,2090.76,0.707620504797333,1243.9858271935702
966,506.184,0.706857633806825,0.613237009964365,1012.368,2020_kk_257,Kusko,2020,0.70725970929464,0.608480929512193,2.5525411604598e-4,1504.51461005574,1679.64805041547,2090.76,0.707620504797333,1243.9858271935702
967,506.708,0.707334546008716,0.605692811185895,1013.416,2020_kk_257,Kusko,2020,0.707249374579516,0.608943953148857,4.6302363666395e-4,1504.51461005574,1679.64805041547,2090.76,0.707620504797333,1243.9858271935702
968,507.232,0.705918953112044,0.605807464853802,1014.464,2020_kk_257,Kusko,2020,0.707224537763808,0.609478254244275,5.3430109541741e-4,1504.51461005574,1679.64805041547,2090.76,0.707620504797333,1243.9858271935702
969,507.756,0.707994875182979,0.607569645929338,1015.512,2020_kk_257,Kusko,2020,0.707198160586215,0.609882364638566,4.0411039429122e-4,1504.51461005574,1679.64805041547,2090.76,0.707620504797333,1243.9858271935702
970,508.28,0.707404223639184,0.610383477211466,1016.56,2020_kk_257,Kusko,2020,0.707212948634455,0.610388005579066,5.0564094050031e-4,1504.51461005574,1679.64805041547,2090.76,0.707620504797333,1243.9858271935702
971,508.804,0.70620163185434,0.609108486385417,1017.608,2020_kk_257,Kusko,2020,0.707229049419164,0.610982621512225,5.9461593315923e-4,1504.51461005574,1679.64805041547,2090.76,0.707620504797333,1243.9858271935702
972,509.328,0.707593367265127,0.603491601695725,1018.656,2020_kk_257,Kusko,2020,0.707290607905572,0.611539599610773,5.5697809854748e-4,1504.51461005574,1679.64805041547,2090.76,0.707620504797333,1243.9858271935702
973,509.852,0.707521624377232,0.599281498562614,1019.704,2020_kk_257,Kusko,2020,0.707337955699144,0.612096142259008,5.5654264823545e-4,1504.51461005574,1679.64805041547,2090.76,0.707620504797333,1243.9858271935702
974,510.376,0.706266185763247,0.596029580510248,1020.752,2020_kk_257,Kusko,2020,0.707362394888414,0.612794119083237,6.9797682422811e-4,1504.51461005574,1679.64805041547,2090.76,0.707620504797333,1243.9858271935702
975,510.9,0.708179798075095,0.599729378086274,1021.8,2020_kk_257,Kusko,2020,0.707387088585212,0.613440091071149,6.4597198791227e-4,1504.51461005574,1679.64805041547,2090.76,0.707620504797333,1243.9858271935702
976,511.424,0.706511491469237,0.60432917899393,1022.848,2020_kk_257,Kusko,2020,0.707380549973657,0.614099185518628,6.590944474788e-4,1504.51461005574,1679.64805041547,2090.76,0.707620504797333,1243.9858271935702
977,511.948,0.707657799329296,0.608617272585701,1023.896,2020_kk_257,Kusko,2020,0.707397140635691,0.614855960021708,7.5677450308009e-4,1504.51461005574,1679.64805041547,2090.76,0.707620504797333,1243.9858271935702
978,512.472,0.707604305554381,0.618488097039534,1024.944,2020_kk_257,Kusko,2020,0.707420445084096,0.61553739412819,6.8143410648191e-4,1504.51461005574,1679.64805041547,2090.76,0.707620504797333,1243.9858271935702
979,512.996,0.70757302572075,0.622017888792655,1025.992,2020_kk_257,Kusko,2020,0.707440157173817,0.616292551255373,7.5515712718299e-4,1504.51461005574,1679.64805041547,2090.76,0.707620504797333,1243.9858271935702
980,513.52,0.708248534687219,0.620457386317527,1027.04,2020_kk_257,Kusko,2020,0.707439030388511,0.617142150782976,8.4959952760321e-4,1504.51461005574,1679.64805041547,2090.76,0.707620504797333,1243.9858271935702
981,514.044,0.707428305107773,0.608475016129978,1028.088,2020_kk_257,Kusko,2020,0.707468811229709,0.618042508967365,9.0035818438893e-4,1504.51461005574,1679.64805041547,2090.76,0.707620504797333,1243.9858271935702
982,514.568,0.706123807209404,0.604401725789558,1029.136,2020_kk_257,Kusko,2020,0.707457592435212,0.618938075950424,8.955669830597e-4,1504.51461005574,1679.64805041547,2090.76,0.707620504797333,1243.9858271935702
983,515.092,0.707482407899266,0.601459042819748,1030.184,2020_kk_257,Kusko,2020,0.7074835837728,0.61979271238787,8.5463643744576e-4,1504.51461005574,1679.64805041547,2090.76,0.707620504797333,1243.9858271935702
984,515.616,0.706953071896327,0.600774729143543,1031.232,2020_kk_257,Kusko,2020,0.707509148326393,0.620671075370785,8.7836298291499e-4,1504.51461005574,1679.64805041547,2090.76,0.707620504797333,1243.9858271935702
985,516.14,0.708027480514696,0.601209823193982,1032.28,2020_kk_257,Kusko,2020,0.707533394009018,0.621761149988279,0.00109007461749355,1504.51461005574,1679.64805041547,2090.76,0.707620504797333,1243.9858271935702
986,516.664,0.707901124069912,0.611094412076006,1033.328,2020_kk_257,Kusko,2020,0.707531509199105,0.622845561957244,0.00108441196896503,1504.51461005574,1679.64805041547,2090.76,0.707620504797333,1243.9858271935702
987,517.188,0.70806055246064,0.610076919445381,1034.376,2020_kk_257,Kusko,2020,0.70754211293228,0.624062794895446,0.0012172329382022,1504.51461005574,1679.64805041547,2090.76,0.707620504797333,1243.9858271935702
988,517.712,0.707383226183904,0.616779654509735,1035.424,2020_kk_257,Kusko,2020,0.707535425595988,0.625295823180122,0.00123302828467553,1504.51461005574,1679.64805041547,2090.76,0.707620504797333,1243.9858271935702
989,518.236,0.708214440540194,0.61430201431628,1036.472,2020_kk_257,Kusko,2020,0.707533892684076,0.626630660662168,0.00133483748204644,1504.51461005574,1679.64805041547,2090.76,0.707620504797333,1243.9858271935702
990,518.76,0.70659211511789,0.621112887200767,1037.52,2020_kk_257,Kusko,2020,0.707531591860231,0.627823797730525,0.00119313706835689,1504.51461005574,1679.64805041547,2090.76,0.707620504797333,1243.9858271935702
991,519.284,0.708556056910034,0.61565216742153706,1038.568,2020_kk_257,Kusko,2020,0.707519707463055,0.62916503380138,0.00134123607085546,1504.51461005574,1679.64805041547,2090.76,0.707620504797333,1243.9858271935702
992,519.808,0.708203883113072,0.615271041536417,1039.616,2020_kk_257,Kusko,2020,0.707535447095052,0.630504317809042,0.00133928400766126,1504.51461005574,1679.64805041547,2090.76,0.707620504797333,1243.9858271935702
993,520.332,0.706924737736689,0.616113900385622,1040.664,2020_kk_257,Kusko,2020,0.707551551943494,0.631616202235921,0.00111188442687937,1504.51461005574,1679.64805041547,2090.76,0.707620504797333,1243.9858271935702
994,520.856,0.706648652867602,0.615143782608052,1041.712,2020_kk_257,Kusko,2020,0.707546706594845,0.63282688467835,0.0012106824424285,1504.51461005574,1679.64805041547,2090.76,0.707620504797333,1243.9858271935702
995,521.38,0.708168866754589,0.620292086744256,1042.76,2020_kk_257,Kusko,2020,0.70756660998932,0.634172304164425,0.00134541948607547,1504.51461005574,1679.64805041547,2090.76,0.707620504797333,1243.9858271935702
996,521.904,0.709339685668901,0.622357348421232,1043.808,2020_kk_257,Kusko,2020,0.707603214793011,0.635487503116106,0.00131519895168086,1504.51461005574,1679.64805041547,2090.76,0.707620504797333,1243.9858271935702
997,522.428,0.706743818326682,0.632341526203747,1044.856,2020_kk_257,Kusko,2020,0.707594848229393,0.637134655919288,0.00164715280318173,1504.51461005574,1679.64805041547,2090.76,0.707620504797333,1243.9858271935702
998,522.952,0.707120998153138,0.638349907339279,1045.904,2020_kk_257,Kusko,2020,0.707619999890257,0.638766444118941,0.00163178819965315,1504.51461005574,1679.64805041547,2090.76,0.707620504797333,1243.9858271935702
999,523.476,0.707052118968681,0.634153264476546,1046.952,2020_kk_257,Kusko,2020,0.707607417051441,0.640330612769676,0.00156416865073561,1504.51461005574,1679.64805041547,2090.76,0.707620504797333,1243.9858271935702
1000,524,0.708191628522184,0.637131866421898,1048,2020_kk_257,Kusko,2020,0.707609420345014,0.641823842266328,0.00149322949665209,1504.51461005574,1679.64805041547,2090.76,0.707620504797333,1243.9858271935702
1001,524.524,0.70802539189608,0.644610031740879,1049.048,2020_kk_257,Kusko,2020,0.707648492870071,0.64329621145139,0.00147236918506122,1504.51461005574,1679.64805041547,2090.76,0.707620504797333,1243.9858271935702
1002,525.048,0.708609788974546,0.638042708007869,1050.096,2020_kk_257,Kusko,2020,0.707637854916777,0.645049153797909,0.00175294234651968,1504.51461005574,1679.64805041547,2090.76,0.707620504797333,1243.9858271935702
1003,525.572,0.70863974574056,0.638296666834536,1051.144,2020_kk_257,Kusko,2020,0.707635122781654,0.646912531357097,0.00186337755918775,1504.51461005574,1679.64805041547,2090.76,0.707620504797333,1243.9858271935702
1004,526.096,0.708371614985869,0.641788170125961,1052.192,2020_kk_257,Kusko,2020,0.707667776607654,0.64889310755162,0.00198057619452341,1504.51461005574,1679.64805041547,2090.76,0.707620504797333,1243.9858271935702
1005,526.62,0.707773652770289,0.64798159334097,1053.24,2020_kk_257,Kusko,2020,0.707674170697593,0.650887191965246,0.00199408441362525,1504.51461005574,1679.64805041547,2090.76,0.707620504797333,1243.9858271935702
1006,527.144,0.706375550028039,0.648128610906755,1054.288,2020_kk_257,Kusko,2020,0.7076846327372,0.652665718237864,0.00177852627261843,1504.51461005574,1679.64805041547,2090.76,0.707620504797333,1243.9858271935702
1007,527.668,0.706757306582074,0.646496944032451,1055.336,2020_kk_257,Kusko,2020,0.70767688580868,0.654298316349408,0.00163259811154359,1504.51461005574,1679.64805041547,2090.76,0.707620504797333,1243.9858271935702
1008,528.192,0.707448130238059,0.6504834563675,1056.384,2020_kk_257,Kusko,2020,0.707688084533173,0.65567980034501006,0.00138148399560256,1504.51461005574,1679.64805041547,2090.76,0.707620504797333,1243.9858271935702
1009,528.716,0.707341885671684,0.650177710854674,1057.432,2020_kk_257,Kusko,2020,0.707676812490613,0.656999484636887,0.00131968429187679,1504.51461005574,1679.64805041547,2090.76,0.707620504797333,1243.9858271935702
1010,529.24,0.708187457963496,0.654192633368015,1058.48,2020_kk_257,Kusko,2020,0.707686299935238,0.658332938873214,0.00133345423632691,1504.51461005574,1679.64805041547,2090.76,0.707620504797333,1243.9858271935702
1011,529.764,0.708451662224417,0.657466441529897,1059.528,2020_kk_257,Kusko,2020,0.707671313199828,0.659761734408023,0.00142879553480912,1504.51461005574,1679.64805041547,2090.76,0.707620504797333,1243.9858271935702
1012,530.288,0.707069802108186,0.66092678135994,1060.576,2020_kk_257,Kusko,2020,0.707722428362646,0.660885203092281,0.00112346868425772,1504.51461005574,1679.64805041547,2090.76,0.707620504797333,1243.9858271935702
1013,530.812,0.708100045717615,0.662126282746824,1061.624,2020_kk_257,Kusko,2020,0.70772376019729,0.662037068081098,0.00115186498881703,1504.51461005574,1679.64805041547,2090.76,0.707620504797333,1243.9858271935702
1014,531.336,0.709001408780227,0.664920486837462,1062.672,2020_kk_257,Kusko,2020,0.707742416401884,0.663434148478305,0.00139708039720743,1504.51461005574,1679.64805041547,2090.76,0.707620504797333,1243.9858271935702
1015,531.86,0.707336457444812,0.674490997137578,1063.72,2020_kk_257,Kusko,2020,0.707726900973513,0.665240496465975,0.00180634798766943,1504.51461005574,1679.64805041547,2090.76,0.707620504797333,1243.9858271935702
1016,532.384,0.707448938029912,0.672452097191949,1064.768,2020_kk_257,Kusko,2020,0.707731431161983,0.666990748832946,0.00175025236697113,1504.51461005574,1679.64805041547,2090.76,0.707620504797333,1243.9858271935702
1017,532.908,0.707742232743445,0.675888671157451,1065.816,2020_kk_257,Kusko,2020,0.707735967575177,0.668614604912707,0.00162385607976079,1504.51461005574,1679.64805041547,2090.76,0.707620504797333,1243.9858271935702
1018,533.432,0.70690058849037,0.672936329110844,1066.864,2020_kk_257,Kusko,2020,0.707747291994416,0.670057213457572,0.00144260854486511,1504.51461005574,1679.64805041547,2090.76,0.707620504797333,1243.9858271935702
1019,533.956,0.708537650656367,0.679916811418121,1067.912,2020_kk_257,Kusko,2020,0.707716754140007,0.671614568603093,0.00155735514552102,1504.51461005574,1679.64805041547,2090.76,0.707620504797333,1243.9858271935702
1020,534.48,0.706572181857646,0.680774059561432,1068.96,2020_kk_257,Kusko,2020,0.707744944366,0.672836367213044,0.00122179860995142,1504.51461005574,1679.64805041547,2090.76,0.707620504797333,1243.9858271935702
1021,535.004,0.707592979780518,0.689200304475872,1070.008,2020_kk_257,Kusko,2020,0.707727001481583,0.674236545634222,0.00140017842117812,1504.51461005574,1679.64805041547,2090.76,0.707620504797333,1243.9858271935702
1022,535.528,0.70819851989321,0.688569541567728,1071.056,2020_kk_257,Kusko,2020,0.707737134531952,0.675696762375361,0.00146021674113839,1504.51461005574,1679.64805041547,2090.76,0.707620504797333,1243.9858271935702
1023,536.052,0.70709274711731,0.678671672008382,1072.104,2020_kk_257,Kusko,2020,0.707767098975442,0.677094223345027,0.00139746096966631,1504.51461005574,1679.64805041547,2090.76,0.707620504797333,1243.9858271935702
1024,536.576,0.708397707076463,0.683769133829777,1073.152,2020_kk_257,Kusko,2020,0.707764888122898,0.678601746577775,0.00150752323274772,1504.51461005574,1679.64805041547,2090.76,0.707620504797333,1243.9858271935702
1025,537.1,0.708038178720705,0.687296220054627,1074.2,2020_kk_257,Kusko,2020,0.707738783103448,0.680101324959825,0.00149957838205028,1504.51461005574,1679.64805041547,2090.76,0.707620504797333,1243.9858271935702
1026,537.624,0.709053922028332,0.692148947065211,1075.248,2020_kk_257,Kusko,2020,0.707748135207648,0.681562128783788,0.00146080382396285,1504.51461005574,1679.64805041547,2090.76,0.707620504797333,1243.9858271935702
1027,538.148,0.706832552191589,0.7045219793768,1076.296,2020_kk_257,Kusko,2020,0.707752432305047,0.682616147888458,0.00105401910466996,1504.51461005574,1679.64805041547,2090.76,0.707620504797333,1243.9858271935702
1028,538.672,0.70742805276391,0.703714756832989,1077.344,2020_kk_257,Kusko,2020,0.707802208977913,0.683514245702458,8.9809781400052e-4,1504.51461005574,1679.64805041547,2090.76,0.707620504797333,1243.9858271935702
1029,539.196,0.707239904854037,0.701419764973481,1078.392,2020_kk_257,Kusko,2020,0.707810992889665,0.68473389717829,0.00121965147583214,1504.51461005574,1679.64805041547,2090.76,0.707620504797333,1243.9858271935702
1030,539.72,0.707524421253581,0.699977247010591,1079.44,2020_kk_257,Kusko,2020,0.707813252367037,0.686082747661044,0.00134885048275335,1504.51461005574,1679.64805041547,2090.76,0.707620504797333,1243.9858271935702
1031,540.244,0.708545983357706,0.697450637489091,1080.488,2020_kk_257,Kusko,2020,0.707834503016855,0.687240354418599,0.00115760675755472,1504.51461005574,1679.64805041547,2090.76,0.707620504797333,1243.9858271935702
1032,540.768,0.70695509006751,0.708668142486899,1081.536,2020_kk_257,Kusko,2020,0.707810432611407,0.688317872375368,0.00107751795676991,1504.51461005574,1679.64805041547,2090.76,0.707620504797333,1243.9858271935702
1033,541.292,0.707357696269856,0.711084152113877,1082.584,2020_kk_257,Kusko,2020,0.707757990763043,0.689267993586508,9.5012121113979e-4,1504.51461005574,1679.64805041547,2090.76,0.707620504797333,1243.9858271935702
1034,541.816,0.708225415323232,0.714864152181654,1083.632,2020_kk_257,Kusko,2020,0.70776143343849,0.689952665840358,6.8467225384993e-4,1504.51461005574,1679.64805041547,2090.76,0.707620504797333,1243.9858271935702
1035,542.34,0.708563443471438,0.719374442903785,1084.68,2020_kk_257,Kusko,2020,0.7077915018436,0.690435867974774,4.8320213441588e-4,1504.51461005574,1679.64805041547,2090.76,0.707620504797333,1243.9858271935702
1036,542.864,0.707139213845697,0.711040755351034,1085.728,2020_kk_257,Kusko,2020,0.70781227354389,0.691131089384294,6.9522140952038e-4,1504.51461005574,1679.64805041547,2090.76,0.707620504797333,1243.9858271935702
1037,543.388,0.707192983618089,0.70657315927832,1086.776,2020_kk_257,Kusko,2020,0.707855806533007,0.691767682082241,6.3659269794635e-4,1504.51461005574,1679.64805041547,2090.76,0.707620504797333,1243.9858271935702
1038,543.912,0.708276229023917,0.701377136775685,1087.824,2020_kk_257,Kusko,2020,0.707888961293924,0.692378660636218,6.1097855397729e-4,1504.51461005574,1679.64805041547,2090.76,0.707620504797333,1243.9858271935702
1039,544.436,0.70689670316714,0.701198946305263,1088.872,2020_kk_257,Kusko,2020,0.70791740346906,0.693054249614742,6.7558897852437e-4,1504.51461005574,1679.64805041547,2090.76,0.707620504797333,1243.9858271935702
1040,544.96,0.708817781364744,0.700464640497149,1089.92,2020_kk_257,Kusko,2020,0.70789804005195,0.693693048459724,6.3879884498185e-4,1504.51461005574,1679.64805041547,2090.76,0.707620504797333,1243.9858271935702
1041,545.484,0.706529100983204,0.694202748218522,1090.968,2020_kk_257,Kusko,2020,0.707911261371967,0.694276325947337,5.8327748761311e-4,1504.51461005574,1679.64805041547,2090.76,0.707620504797333,1243.9858271935702
1042,546.008,0.709190716978451,0.671809846845025,1092.016,2020_kk_257,Kusko,2020,0.707921065184876,0.694810191577281,5.3386562994328e-4,1504.51461005574,1679.64805041547,2090.76,0.707620504797333,1243.9858271935702
1043,546.532,0.707562317977917,0.670570942148771,1093.064,2020_kk_257,Kusko,2020,0.707904186011894,0.695239873693106,4.2968211582561e-4,1504.51461005574,1679.64805041547,2090.76,0.707620504797333,1243.9858271935702
1044,547.056,0.70807244417199,0.68459955297599,1094.112,2020_kk_257,Kusko,2020,0.707877968126697,0.695674343166145,4.3446947303893e-4,1504.51461005574,1679.64805041547,2090.76,0.707620504797333,1243.9858271935702
1045,547.58,0.707096554812442,0.709590702454151,1095.16,2020_kk_257,Kusko,2020,0.707887591031395,0.695961647312407,2.873041462621e-4,1504.51461005574,1679.64805041547,2090.76,0.707620504797333,1243.9858271935702
1046,548.104,0.708172935378067,0.71610955409427,1096.208,2020_kk_257,Kusko,2020,0.707898208861501,0.696272820467912,3.1117315550477e-4,1504.51461005574,1679.64805041547,2090.76,0.707620504797333,1243.9858271935702
1047,548.628,0.708332737252305,0.70750828423103,1097.256,2020_kk_257,Kusko,2020,0.707903454351453,0.696497339217863,2.2451874995133e-4,1504.51461005574,1679.64805041547,2090.76,0.707620504797333,1243.9858271935702
1048,549.152,0.708062691338229,0.703336167201641,1098.304,2020_kk_257,Kusko,2020,0.707936421803269,0.696920455540739,4.2311632287572e-4,1504.51461005574,1679.64805041547,2090.76,0.707620504797333,1243.9858271935702
1049,549.676,0.706382169275647,0.707743323047541,1099.352,2020_kk_257,Kusko,2020,0.707941538648077,0.697152688695788,2.3223315504838e-4,1504.51461005574,1679.64805041547,2090.76,0.707620504797333,1243.9858271935702
1050,550.2,0.708283528677491,0.694420803797852,1100.4,2020_kk_257,Kusko,2020,0.707975868850756,0.697425858466989,2.7316977120117e-4,1504.51461005574,1679.64805041547,2090.76,0.707620504797333,1243.9858271935702
1051,550.724,0.707479483845001,0.699662872692224,1101.448,2020_kk_257,Kusko,2020,0.70798553553011,0.697472145724406,4.62872574171769e-5,1504.51461005574,1679.64805041547,2090.76,0.707620504797333,1243.9858271935702
1052,551.248,0.708811866135251,0.702884046004722,1102.496,2020_kk_257,Kusko,2020,0.707996765326532,0.697528530775223,5.63850508171759e-5,1504.51461005574,1679.64805041547,2090.76,0.707620504797333,1243.9858271935702
1053,551.772,0.708722604346072,0.699961558565607,1103.544,2020_kk_257,Kusko,2020,0.708016900403684,0.697747039907621,2.1850913239751e-4,1504.51461005574,1679.64805041547,2090.76,0.707620504797333,1243.9858271935702
1054,552.296,0.706516001714944,0.705595176572916,1104.592,2020_kk_257,Kusko,2020,0.708004810420593,0.697881777463253,1.3473755563209e-4,1504.51461005574,1679.64805041547,2090.76,0.707620504797333,1243.9858271935702
1055,552.82,0.706602565587587,0.71026678966727,1105.64,2020_kk_257,Kusko,2020,0.708034283326134,0.697942003263821,6.02258005685252e-5,1504.51461005574,1679.64805041547,2090.76,0.707620504797333,1243.9858271935702
1056,553.344,0.709900811920899,0.710005577858998,1106.688,2020_kk_257,Kusko,2020,0.708043336458645,0.698043206781366,1.0120351754494e-4,1504.51461005574,1679.64805041547,2090.76,0.707620504797333,1243.9858271935702
1057,553.868,0.707001644170666,0.695582672483946,1107.736,2020_kk_257,Kusko,2020,0.708017191369625,0.697853211552073,-1.8999522929275e-4,1504.51461005574,1679.64805041547,2090.76,0.707620504797333,1243.9858271935702
1058,554.392,0.710107598525044,0.692235776179315,1108.784,2020_kk_257,Kusko,2020,0.708027705920057,0.697653671099323,-1.9954045275028e-4,1504.51461005574,1679.64805041547,2090.76,0.707620504797333,1243.9858271935702
1059,554.916,0.707579153673818,0.707332353026475,1109.832,2020_kk_257,Kusko,2020,0.708051651738447,0.697470995189642,-1.8267590968157e-4,1504.51461005574,1679.64805041547,2090.76,0.707620504797333,1243.9858271935702
1060,555.44,0.708327197164519,0.718062895387103,1110.88,2020_kk_257,Kusko,2020,0.708050936288695,0.697222903867571,-2.480913220707e-4,1504.51461005574,1679.64805041547,2090.76,0.707620504797333,1243.9858271935702
1061,555.964,0.709300430885147,0.714066437194161,1111.928,2020_kk_257,Kusko,2020,0.708063447711474,0.697058001901016,-1.6490196655494e-4,1504.51461005574,1679.64805041547,2090.76,0.707620504797333,1243.9858271935702
1062,556.488,0.707165564647703,0.702693785414066,1112.976,2020_kk_257,Kusko,2020,0.708092913436642,0.696750135566708,-3.0786633430779e-4,1504.51461005574,1679.64805041547,2090.76,0.707620504797333,1243.9858271935702
1063,557.012,0.705493234838676,0.69530393950292,1114.024,2020_kk_257,Kusko,2020,0.708116782860394,0.696394571564308,-3.5556400239988e-4,1504.51461005574,1679.64805041547,2090.76,0.707620504797333,1243.9858271935702
1064,557.536,0.708578175512679,0.682868505356952,1115.072,2020_kk_257,Kusko,2020,0.70811656088153,0.69601443667643,-3.8013488787846e-4,1504.51461005574,1679.64805041547,2090.76,0.707620504797333,1243.9858271935702
1065,558.06,0.709577757076933,0.676973721405926,1116.12,2020_kk_257,Kusko,2020,0.708121540958729,0.695460250429287,-5.5418624714276e-4,1504.51461005574,1679.64805041547,2090.76,0.707620504797333,1243.9858271935702
1066,558.584,0.707621852045436,0.689841895477978,1117.168,2020_kk_257,Kusko,2020,0.708133450106646,0.69504649402141,-4.1375640787721e-4,1504.51461005574,1679.64805041547,2090.76,0.707620504797333,1243.9858271935702
1067,559.108,0.709369285929067,0.684692505909237,1118.216,2020_kk_257,Kusko,2020,0.708157211004533,0.694823792609999,-2.2270141141078e-4,1504.51461005574,1679.64805041547,2090.76,0.707620504797333,1243.9858271935702
1068,559.632,0.709437415893111,0.687142169606136,1119.264,2020_kk_257,Kusko,2020,0.7081352753423,0.694752655238554,-7.11373714453734e-5,1504.51461005574,1679.64805041547,2090.76,0.707620504797333,1243.9858271935702
1069,560.156,0.709048416179818,0.690713049566134,1120.312,2020_kk_257,Kusko,2020,0.708153560228904,0.694670851610647,-8.18036279064405e-5,1504.51461005574,1679.64805041547,2090.76,0.707620504797333,1243.9858271935702
1070,560.68,0.707025652936874,0.692520564066924,1121.36,2020_kk_257,Kusko,2020,0.70814304872467,0.694648248073839,-2.26035368078303e-5,1504.51461005574,1679.64805041547,2090.76,0.707620504797333,1243.9858271935702
1071,561.204,0.709244941425437,0.692463090786688,1122.408,2020_kk_257,Kusko,2020,0.708153047651899,0.694606368860457,-4.18792133821677e-5,1504.51461005574,1679.64805041547,2090.76,0.707620504797333,1243.9858271935702
1072,561.728,0.707658030882728,0.692958719156538,1123.456,2020_kk_257,Kusko,2020,0.708115274841991,0.694905105383105,2.9873652264744e-4,1504.51461005574,1679.64805041547,2090.76,0.707620504797333,1243.9858271935702
1073,562.252,0.707087295338723,0.687907209696359,1124.504,2020_kk_257,Kusko,2020,0.708146476974395,0.69528944900562,3.8434362251582e-4,1504.51461005574,1679.64805041547,2090.76,0.707620504797333,1243.9858271935702
1074,562.776,0.707428335668379,0.690988655219803,1125.552,2020_kk_257,Kusko,2020,0.708130168783965,0.695454202396632,1.6475339101196e-4,1504.51461005574,1679.64805041547,2090.76,0.707620504797333,1243.9858271935702
1075,563.3,0.70791383172671,0.691729245913303,1126.6,2020_kk_257,Kusko,2020,0.708148098607698,0.695252246679759,-2.0195571687364e-4,1504.51461005574,1679.64805041547,2090.76,0.707620504797333,1243.9858271935702
1076,563.824,0.70808600783631,0.691122486522232,1127.648,2020_kk_257,Kusko,2020,0.708146011600167,0.694817133115013,-4.3511356474557e-4,1504.51461005574,1679.64805041547,2090.76,0.707620504797333,1243.9858271935702
1077,564.348,0.708056962140524,0.689359796154534,1128.696,2020_kk_257,Kusko,2020,0.708131200522518,0.694527352900007,-2.8978021500614e-4,1504.51461005574,1679.64805041547,2090.76,0.707620504797333,1243.9858271935702
1078,564.872,0.708878635599359,0.698323308483382,1129.744,2020_kk_257,Kusko,2020,0.708128924451223,0.694408324909727,-1.1902799027963e-4,1504.51461005574,1679.64805041547,2090.76,0.707620504797333,1243.9858271935702
1079,565.396,0.708844661344843,0.693850800721025,1130.792,2020_kk_257,Kusko,2020,0.708169070567031,0.694281729366998,-1.2659554272953e-4,1504.51461005574,1679.64805041547,2090.76,0.707620504797333,1243.9858271935702
1080,565.92,0.708631994018385,0.697164245833502,1131.84,2020_kk_257,Kusko,2020,0.708146717742703,0.694321865523885,4.01361568866943e-5,1504.51461005574,1679.64805041547,2090.76,0.707620504797333,1243.9858271935702
1081,566.444,0.708172980541774,0.691977539920906,1132.888,2020_kk_257,Kusko,2020,0.708171080171442,0.694282328222719,-3.95373011653488e-5,1504.51461005574,1679.64805041547,2090.76,0.707620504797333,1243.9858271935702
1082,566.968,0.70887230767851,0.691952644616762,1133.936,2020_kk_257,Kusko,2020,0.708161017046202,0.694204837571614,-7.74906511057383e-5,1504.51461005574,1679.64805041547,2090.76,0.707620504797333,1243.9858271935702
1083,567.492,0.708300851746422,0.691782219952237,1134.984,2020_kk_257,Kusko,2020,0.70815606130072,0.69418783659358,-1.70009780332547e-5,1504.51461005574,1679.64805041547,2090.76,0.707620504797333,1243.9858271935702
1084,568.016,0.707672308091001,0.6918533871677,1136.032,2020_kk_257,Kusko,2020,0.708170974680705,0.69414477561137,-4.30609822105188e-5,1504.51461005574,1679.64805041547,2090.76,0.707620504797333,1243.9858271935702
1085,568.54,0.709806553053139,0.690909768088746,1137.08,2020_kk_257,Kusko,2020,0.708207621712891,0.693981347738723,-1.6342787264644e-4,1504.51461005574,1679.64805041547,2090.76,0.707620504797333,1243.9858271935702
1086,569.064,0.709597109978994,0.69822115811791,1138.128,2020_kk_257,Kusko,2020,0.708176135914183,0.693953739608367,-2.76081303565157e-5,1504.51461005574,1679.64805041547,2090.76,0.707620504797333,1243.9858271935702
1087,569.588,0.705263846850395,0.693122265619229,1139.176,2020_kk_257,Kusko,2020,0.708205449429866,0.69404348289861,8.97432902435824e-5,1504.51461005574,1679.64805041547,2090.76,0.707620504797333,1243.9858271935702
1088,570.112,0.70805892578986,0.691742329667977,1140.224,2020_kk_257,Kusko,2020,0.708177176982721,0.693844625663566,-1.9885723504475e-4,1504.51461005574,1679.64805041547,2090.76,0.707620504797333,1243.9858271935702
1089,570.636,0.708676653957435,0.690459210392582,1141.272,2020_kk_257,Kusko,2020,0.708192997639591,0.693239085505025,-6.0554015854097e-4,1504.51461005574,1679.64805041547,2090.76,0.707620504797333,1243.9858271935702
1090,571.16,0.707481494268435,0.685091767686348,1142.32,2020_kk_257,Kusko,2020,0.708194566045245,0.692626506826662,-6.1257867836228e-4,1504.51461005574,1679.64805041547,2090.76,0.707620504797333,1243.9858271935702
1091,571.684,0.709296668724479,0.687556519495791,1143.368,2020_kk_257,Kusko,2020,0.708162632718753,0.692237448684622,-3.8905814204015e-4,1504.51461005574,1679.64805041547,2090.76,0.707620504797333,1243.9858271935702
1092,572.208,0.708723033577595,0.690196162428434,1144.416,2020_kk_257,Kusko,2020,0.708165500183531,0.692131242675002,-1.0620600962008e-4,1504.51461005574,1679.64805041547,2090.76,0.707620504797333,1243.9858271935702
1093,572.732,0.708789861694962,0.68975031196988,1145.464,2020_kk_257,Kusko,2020,0.708200689110562,0.692275756989026,1.4451431402429e-4,1504.51461005574,1679.64805041547,2090.76,0.707620504797333,1243.9858271935702
1094,573.256,0.708212096591383,0.692056058908947,1146.512,2020_kk_257,Kusko,2020,0.708215964823793,0.692717198899718,4.4144191069162e-4,1504.51461005574,1679.64805041547,2090.76,0.707620504797333,1243.9858271935702
1095,573.78,0.708862248103363,0.686123268075219,1147.56,2020_kk_257,Kusko,2020,0.708205601101228,0.693243880808191,5.2668190847315e-4,1504.51461005574,1679.64805041547,2090.76,0.707620504797333,1243.9858271935702
1096,574.304,0.707853762720726,0.686215370878401,1148.608,2020_kk_257,Kusko,2020,0.708220172350869,0.693672998672372,4.2911786418109e-4,1504.51461005574,1679.64805041547,2090.76,0.707620504797333,1243.9858271935702
1097,574.828,0.708618637491315,0.693211074593674,1149.656,2020_kk_257,Kusko,2020,0.708193517409384,0.694103135253544,4.3013658117119e-4,1504.51461005574,1679.64805041547,2090.76,0.707620504797333,1243.9858271935702
1098,575.352,0.706960089289901,0.697108894488955,1150.704,2020_kk_257,Kusko,2020,0.708170064140473,0.694585892774307,4.8275752076321e-4,1504.51461005574,1679.64805041547,2090.76,0.707620504797333,1243.9858271935702
1099,575.876,0.707993796363399,0.696290728630877,1151.752,2020_kk_257,Kusko,2020,0.708151125581768,0.694979121944699,3.9322917039252e-4,1504.51461005574,1679.64805041547,2090.76,0.707620504797333,1243.9858271935702
1100,576.4,0.708187091110737,0.699108428288681,1152.8,2020_kk_257,Kusko,2020,0.70816989355936,0.695232813186435,2.5369124173579e-4,1504.51461005574,1679.64805041547,2090.76,0.707620504797333,1243.9858271935702
1101,576.924,0.707129036616915,0.691689995415596,1153.848,2020_kk_257,Kusko,2020,0.708138284635854,0.695579432975573,3.4661978913774e-4,1504.51461005574,1679.64805041547,2090.76,0.707620504797333,1243.9858271935702
1102,577.448,0.706924348383966,0.689734038203866,1154.896,2020_kk_257,Kusko,2020,0.708115047981681,0.695821786599818,2.4235362424551e-4,1504.51461005574,1679.64805041547,2090.76,0.707620504797333,1243.9858271935702
1103,577.972,0.709434445922145,0.693631559499722,1155.944,2020_kk_257,Kusko,2020,0.708139390634352,0.696014417535683,1.9263093586507e-4,1504.51461005574,1679.64805041547,2090.76,0.707620504797333,1243.9858271935702
1104,578.496,0.707093952746232,0.694484756436708,1156.992,2020_kk_257,Kusko,2020,0.708129946176646,0.695946700547373,-6.7716988310873e-5,1504.51461005574,1679.64805041547,2090.76,0.707620504797333,1243.9858271935702
1105,579.02,0.708172344236377,0.697473359441728,1158.04,2020_kk_257,Kusko,2020,0.708151759217668,0.695823410980605,-1.2328956676765e-4,1504.51461005574,1679.64805041547,2090.76,0.707620504797333,1243.9858271935702
1106,579.544,0.708047714926212,0.69000274020954,1159.088,2020_kk_257,Kusko,2020,0.708203465120169,0.695556718331036,-2.6669264956846e-4,1504.51461005574,1679.64805041547,2090.76,0.707620504797333,1243.9858271935702
1107,580.068,0.707444072593376,0.690121471330663,1160.136,2020_kk_257,Kusko,2020,0.708231281327711,0.69521022843084,-3.4648990019614e-4,1504.51461005574,1679.64805041547,2090.76,0.707620504797333,1243.9858271935702
1108,580.592,0.707926127060533,0.696194487784864,1161.184,2020_kk_257,Kusko,2020,0.708215863662922,0.694687902021275,-5.2232640956573e-4,1504.51461005574,1679.64805041547,2090.76,0.707620504797333,1243.9858271935702
1109,581.116,0.708790936224139,0.700147590483766,1162.232,2020_kk_257,Kusko,2020,0.708212315233237,0.694305612593482,-3.8228942779294e-4,1504.51461005574,1679.64805041547,2090.76,0.707620504797333,1243.9858271935702
1110,581.64,0.706942359217819,0.696828973211054,1163.28,2020_kk_257,Kusko,2020,0.708224187155995,0.69407724817368,-2.2836441980156e-4,1504.51461005574,1679.64805041547,2090.76,0.707620504797333,1243.9858271935702
1111,582.164,0.70894122956935,0.697290634622303,1164.328,2020_kk_257,Kusko,2020,0.708204077067203,0.694107675478757,3.04273050766302e-5,1504.51461005574,1679.64805041547,2090.76,0.707620504797333,1243.9858271935702
1112,582.688,0.708208078620844,0.698234606938381,1165.376,2020_kk_257,Kusko,2020,0.708202544645736,0.694285544911173,1.7786943241648e-4,1504.51461005574,1679.64805041547,2090.76,0.707620504797333,1243.9858271935702
1113,583.212,0.708425259617167,0.698941499883613,1166.424,2020_kk_257,Kusko,2020,0.708210849186529,0.694520555863588,2.3501095241484e-4,1504.51461005574,1679.64805041547,2090.76,0.707620504797333,1243.9858271935702
1114,583.736,0.707410804513989,0.703011517640277,1167.472,2020_kk_257,Kusko,2020,0.708206880595234,0.694787261402061,2.667055384733e-4,1504.51461005574,1679.64805041547,2090.76,0.707620504797333,1243.9858271935702
1115,584.26,0.708801387518788,0.700461117308481,1168.52,2020_kk_257,Kusko,2020,0.708180309681782,0.69498845848493,2.0119708286925e-4,1504.51461005574,1679.64805041547,2090.76,0.707620504797333,1243.9858271935702
1116,584.784,0.708011663998402,0.708349090037611,1169.568,2020_kk_257,Kusko,2020,0.708170822208251,0.695130673507434,1.4221502250366e-4,1504.51461005574,1679.64805041547,2090.76,0.707620504797333,1243.9858271935702
1117,585.308,0.708760455111649,0.70096726989856,1170.616,2020_kk_257,Kusko,2020,0.708227356751069,0.69527685663292,1.4618312548631e-4,1504.51461005574,1679.64805041547,2090.76,0.707620504797333,1243.9858271935702
1118,585.832,0.708411251696331,0.680304342076629,1171.664,2020_kk_257,Kusko,2020,0.708239599879904,0.695429457530215,1.5260089729474e-4,1504.51461005574,1679.64805041547,2090.76,0.707620504797333,1243.9858271935702
1119,586.356,0.708528393086036,0.670999943514016,1172.712,2020_kk_257,Kusko,2020,0.708212714045503,0.695455582249435,2.6124719219367e-5,1504.51461005574,1679.64805041547,2090.76,0.707620504797333,1243.9858271935702
1120,586.88,0.70842130150373706,0.681308174685368,1173.76,2020_kk_257,Kusko,2020,0.708198016692062,0.695677447609815,2.2186536038004e-4,1504.51461005574,1679.64805041547,2090.76,0.707620504797333,1243.9858271935702
1121,587.404,0.707384431295633,0.690722948671752,1174.808,2020_kk_257,Kusko,2020,0.708180198240413,0.695996040971638,3.1859336182338e-4,1504.51461005574,1679.64805041547,2090.76,0.707620504797333,1243.9858271935702
1122,587.928,0.707337612534396,0.696321424836862,1175.856,2020_kk_257,Kusko,2020,0.708179601565753,0.696344222352514,3.4818138087622e-4,1504.51461005574,1679.64805041547,2090.76,0.707620504797333,1243.9858271935702
1123,588.452,0.707604570460508,0.703974798344375,1176.904,2020_kk_257,Kusko,2020,0.708184948285569,0.69659887694477,2.5465459225548e-4,1504.51461005574,1679.64805041547,2090.76,0.707620504797333,1243.9858271935702
1124,588.976,0.709494718306595,0.70935501999845,1177.952,2020_kk_257,Kusko,2020,0.70820004825857,0.696756664233308,1.5778728853777e-4,1504.51461005574,1679.64805041547,2090.76,0.707620504797333,1243.9858271935702
1125,589.5,0.708955933723013,0.708574635914317,1179,2020_kk_257,Kusko,2020,0.708201206988376,0.697096638987936,3.3997475462865e-4,1504.51461005574,1679.64805041547,2090.76,0.707620504797333,1243.9858271935702
1126,590.024,0.708496127023869,0.715588967328842,1180.048,2020_kk_257,Kusko,2020,0.708211554855256,0.697339914140126,2.4327515219013e-4,1504.51461005574,1679.64805041547,2090.76,0.707620504797333,1243.9858271935702
1127,590.548,0.707769989439948,0.710500700779507,1181.096,2020_kk_257,Kusko,2020,0.708201788268046,0.697335867920348,-4.04621977845299e-6,1504.51461005574,1679.64805041547,2090.76,0.707620504797333,1243.9858271935702
1128,591.072,0.708030219758495,0.716107620851933,1182.144,2020_kk_257,Kusko,2020,0.708251171986155,0.697293683228382,-4.21846919653746e-5,1504.51461005574,1679.64805041547,2090.76,0.707620504797333,1243.9858271935702
1129,591.596,0.707912102657494,0.714306799789685,1183.192,2020_kk_257,Kusko,2020,0.708304499801001,0.697187048352461,-1.0663487592177e-4,1504.51461005574,1679.64805041547,2090.76,0.707620504797333,1243.9858271935702
1130,592.12,0.708151731592433,0.707742038571079,1184.24,2020_kk_257,Kusko,2020,0.708303494324192,0.697110791925961,-7.62564264992216e-5,1504.51461005574,1679.64805041547,2090.76,0.707620504797333,1243.9858271935702
1131,592.644,0.707348406015043,0.713260278134952,1185.288,2020_kk_257,Kusko,2020,0.708303984885478,0.697254804765985,1.440128400233e-4,1504.51461005574,1679.64805041547,2090.76,0.707620504797333,1243.9858271935702
1132,593.168,0.706263831632332,0.707499936611264,1186.336,2020_kk_257,Kusko,2020,0.708316220565318,0.697604254512365,3.4944974638029e-4,1504.51461005574,1679.64805041547,2090.76,0.707620504797333,1243.9858271935702
1133,593.692,0.708547854499026,0.699465065848261,1187.384,2020_kk_257,Kusko,2020,0.708301303736591,0.698124822734388,5.2056822202328e-4,1504.51461005574,1679.64805041547,2090.76,0.707620504797333,1243.9858271935702
1134,594.216,0.70686166820599206,0.686925635921152,1188.432,2020_kk_257,Kusko,2020,0.708313515598345,0.69843059052132,3.0576778693181e-4,1504.51461005574,1679.64805041547,2090.76,0.707620504797333,1243.9858271935702
1135,594.74,0.709222614188047,0.684331871907242,1189.48,2020_kk_257,Kusko,2020,0.708307541676394,0.698661000225896,2.3040970457555e-4,1504.51461005574,1679.64805041547,2090.76,0.707620504797333,1243.9858271935702
1136,595.264,0.711188361986361,0.67512092754812,1190.528,2020_kk_257,Kusko,2020,0.708312794835154,0.698899597968694,2.3859774279788e-4,1504.51461005574,1679.64805041547,2090.76,0.707620504797333,1243.9858271935702
1137,595.788,0.709725934593021,0.668570402142771,1191.576,2020_kk_257,Kusko,2020,0.708325421434801,0.69925267846477,3.5308049607618e-4,1504.51461005574,1679.64805041547,2090.76,0.707620504797333,1243.9858271935702
1138,596.312,0.707953575712038,0.66698372390944,1192.624,2020_kk_257,Kusko,2020,0.708335211179523,0.699415976775132,1.6329831036243e-4,1504.51461005574,1679.64805041547,2090.76,0.707620504797333,1243.9858271935702
1139,596.836,0.70863175556377,0.670913435053444,1193.672,2020_kk_257,Kusko,2020,0.708361256842132,0.699556400755883,1.4042398075098e-4,1504.51461005574,1679.64805041547,2090.76,0.707620504797333,1243.9858271935702
1140,597.36,0.709344309383836,0.683462380645409,1194.72,2020_kk_257,Kusko,2020,0.708412958413416,0.700351980704889,7.9557994900569e-4,1504.51461005574,1679.64805041547,2090.76,0.707620504797333,1243.9858271935702
1141,597.884,0.70696637521427,0.693803178225511,1195.768,2020_kk_257,Kusko,2020,0.708382102833298,0.701530036851737,0.00117805614684829,1504.51461005574,1679.64805041547,2090.76,0.707620504797333,1243.9858271935702
1142,598.408,0.7087803623905,0.702624810561751,1196.816,2020_kk_257,Kusko,2020,0.708375543778855,0.702830167937507,0.00130013108576965,1504.51461005574,1679.64805041547,2090.76,0.707620504797333,1243.9858271935702
1143,598.932,0.708799124193994,0.705882877097121,1197.864,2020_kk_257,Kusko,2020,0.708382263666528,0.704043838896944,0.00121367095943681,1504.51461005574,1679.64805041547,2090.76,0.707620504797333,1243.9858271935702
1144,599.456,0.707434192613273,0.707855719476106,1198.912,2020_kk_257,Kusko,2020,0.708399306495422,0.704715956779873,6.7211788292942e-4,1504.51461005574,1679.64805041547,2090.76,0.707620504797333,1243.9858271935702
1145,599.98,0.708212298246066,0.7029815930609,1199.96,2020_kk_257,Kusko,2020,0.708389492677188,0.704961426842203,2.4547006233022e-4,1504.51461005574,1679.64805041547,2090.76,0.707620504797333,1243.9858271935702
1146,600.504,0.70902786156711,0.706754059468132,1201.008,2020_kk_257,Kusko,2020,0.70837678407464,0.704793407164226,-1.6801967797763e-4,1504.51461005574,1679.64805041547,2090.76,0.707620504797333,1243.9858271935702
1147,601.028,0.708655919419493,0.701893253148402,1202.056,2020_kk_257,Kusko,2020,0.708354542554193,0.704456779490913,-3.3662767331244e-4,1504.51461005574,1679.64805041547,2090.76,0.707620504797333,1243.9858271935702
1148,601.552,0.708793513519956,0.700898383505661,1203.104,2020_kk_257,Kusko,2020,0.70835568451314,0.704479823016942,2.30435260291095e-5,1504.51461005574,1679.64805041547,2090.76,0.707620504797333,1243.9858271935702
1149,602.076,0.70706350389335,0.692026693545741,1204.152,2020_kk_257,Kusko,2020,0.708356978149846,0.704740208253568,2.6038523662541e-4,1504.51461005574,1679.64805041547,2090.76,0.707620504797333,1243.9858271935702
1150,602.6,0.706599653062,0.698403689309158,1205.2,2020_kk_257,Kusko,2020,0.708348769238992,0.705114677271484,3.7446901791671e-4,1504.51461005574,1679.64805041547,2090.76,0.707620504797333,1243.9858271935702
1151,603.124,0.708227561625517,0.70667212120519,1206.248,2020_kk_257,Kusko,2020,0.70836838486338,0.70545648998601,3.4181271452526e-4,1504.51461005574,1679.64805041547,2090.76,0.707620504797333,1243.9858271935702
1152,603.648,0.708687233098012,0.711087045281003,1207.296,2020_kk_257,Kusko,2020,0.708405324749679,0.705761731851899,3.0524186588942e-4,1504.51461005574,1679.64805041547,2090.76,0.707620504797333,1243.9858271935702
1153,604.172,0.709110664883902,0.705029587505212,1208.344,2020_kk_257,Kusko,2020,0.708393315344199,0.70589191464507,1.3018279317123e-4,1504.51461005574,1679.64805041547,2090.76,0.707620504797333,1243.9858271935702
1154,604.696,0.709118094971484,0.701523296221213,1209.392,2020_kk_257,Kusko,2020,0.708357158590812,0.705930352660974,3.84380159034192e-5,1504.51461005574,1679.64805041547,2090.76,0.707620504797333,1243.9858271935702
1155,605.22,0.708931771891712,0.70652175335294,1210.44,2020_kk_257,Kusko,2020,0.708347858499474,0.705881957877008,-4.83947839655663e-5,1504.51461005574,1679.64805041547,2090.76,0.707620504797333,1243.9858271935702
1156,605.744,0.708474634733496,0.70081188000981,1211.488,2020_kk_257,Kusko,2020,0.708339647357794,0.705677108848733,-2.0484902827544e-4,1504.51461005574,1679.64805041547,2090.76,0.707620504797333,1243.9858271935702
1157,606.268,0.708032642258746,0.692968301406967,1212.536,2020_kk_257,Kusko,2020,0.70835223172981,0.705578928546361,-9.81803023720751e-5,1504.51461005574,1679.64805041547,2090.76,0.707620504797333,1243.9858271935702
1158,606.792,0.709923112376416,0.694577812971034,1213.584,2020_kk_257,Kusko,2020,0.708360429531388,0.705590917827858,1.198928149726e-5,1504.51461005574,1679.64805041547,2090.76,0.707620504797333,1243.9858271935702
1159,607.316,0.711193465254166,0.689892636075567,1214.632,2020_kk_257,Kusko,2020,0.70837351116921,0.705772812100271,1.8189427241288e-4,1504.51461005574,1679.64805041547,2090.76,0.707620504797333,1243.9858271935702
1160,607.84,0.708126762502192,0.694533042698728,1215.68,2020_kk_257,Kusko,2020,0.708374814949385,0.706142114019546,3.6930191927531e-4,1504.51461005574,1679.64805041547,2090.76,0.707620504797333,1243.9858271935702
1161,608.364,0.707158470294116,0.700330765816998,1216.728,2020_kk_257,Kusko,2020,0.708386023901573,0.706270458414726,1.2834439518016e-4,1504.51461005574,1679.64805041547,2090.76,0.707620504797333,1243.9858271935702
1162,608.888,0.707658489174334,0.710701022986685,1217.776,2020_kk_257,Kusko,2020,0.708436903437418,0.706278058150589,7.59973586272888e-6,1504.51461005574,1679.64805041547,2090.76,0.707620504797333,1243.9858271935702
1163,609.412,0.708539436198517,0.724865652821114,1218.824,2020_kk_257,Kusko,2020,0.708458188267083,0.706467343477427,1.8928532683748e-4,1504.51461005574,1679.64805041547,2090.76,0.707620504797333,1243.9858271935702
1164,609.936,0.707826664451492,0.712830823652614,1219.872,2020_kk_257,Kusko,2020,0.708511119367406,0.706817371827816,3.5002835038955e-4,1504.51461005574,1679.64805041547,2090.76,0.707620504797333,1243.9858271935702
1165,610.46,0.707813908919345,0.711297941716268,1220.92,2020_kk_257,Kusko,2020,0.708459484792301,0.707186742687333,3.693708595166e-4,1504.51461005574,1679.64805041547,2090.76,0.707620504797333,1243.9858271935702
1166,610.984,0.708362904451762,0.70431860477741,1221.968,2020_kk_257,Kusko,2020,0.708408278699873,0.707533647484627,3.4690479729437e-4,1504.51461005574,1679.64805041547,2090.76,0.707620504797333,1243.9858271935702
1167,611.508,0.708201668572239,0.711306301095236,1223.016,2020_kk_257,Kusko,2020,0.708403101797724,0.708089012303193,5.5536481856566e-4,1504.51461005574,1679.64805041547,2090.76,0.707620504797333,1243.9858271935702
1168,612.032,0.708513511743811,0.70599238640661,1224.064,2020_kk_257,Kusko,2020,0.708393681848208,0.708646184164406,5.5717186121329e-4,1504.51461005574,1679.64805041547,2090.76,0.707620504797333,1243.9858271935702
1169,612.556,0.710353675980696,0.708573029328826,1225.112,2020_kk_257,Kusko,2020,0.708392851002255,0.708869697476138,2.2351331173187e-4,1504.51461005574,1679.64805041547,2090.76,0.707620504797333,1243.9858271935702
1170,613.08,0.710044453494866,0.744563770151395,1226.16,2020_kk_257,Kusko,2020,0.708357227658397,0.70908802284428,2.1832536814203e-4,1504.51461005574,1679.64805041547,2090.76,0.707620504797333,1243.9858271935702
1171,613.604,0.707089894762254,0.767974003433204,1227.208,2020_kk_257,Kusko,2020,0.708383056346205,0.709357451695729,2.6942885144942e-4,1504.51461005574,1679.64805041547,2090.76,0.707620504797333,1243.9858271935702
1172,614.128,0.707814535354294,0.776242472084568,1228.256,2020_kk_257,Kusko,2020,0.708370448045272,0.709607773700994,2.5032200526431e-4,1504.51461005574,1679.64805041547,2090.76,0.707620504797333,1243.9858271935702
1173,614.652,0.708828452877507,0.771761757449817,1229.304,2020_kk_257,Kusko,2020,0.708373565211066,0.709791164026632,1.8339032563807e-4,1504.51461005574,1679.64805041547,2090.76,0.707620504797333,1243.9858271935702
1174,615.176,0.708433374247644,0.74333859061604,1230.352,2020_kk_257,Kusko,2020,0.708391412758853,0.709766976884095,-2.41871425367135e-5,1504.51461005574,1679.64805041547,2090.76,0.707620504797333,1243.9858271935702
1175,615.7,0.708212558424757,0.715189321048297,1231.4,2020_kk_257,Kusko,2020,0.70843552369185,0.70971185160335,-5.51252807453606e-5,1504.51461005574,1679.64805041547,2090.76,0.707620504797333,1243.9858271935702
1176,616.224,0.707249147845557,0.69826790935895,1232.448,2020_kk_257,Kusko,2020,0.708423979579903,0.709563713508758,-1.4813809459135e-4,1504.51461005574,1679.64805041547,2090.76,0.707620504797333,1243.9858271935702
1177,616.748,0.707425963884784,0.680769609499813,1233.496,2020_kk_257,Kusko,2020,0.708390201695946,0.70938882218717,-1.7489132158843e-4,1504.51461005574,1679.64805041547,2090.76,0.707620504797333,1243.9858271935702
1178,617.272,0.708479769233151,0.68168695363837,1234.544,2020_kk_257,Kusko,2020,0.708380244628181,0.709328117070512,-6.07051166576777e-5,1504.51461005574,1679.64805041547,2090.76,0.707620504797333,1243.9858271935702
1179,617.796,0.70860601128841,0.686623057711537,1235.592,2020_kk_257,Kusko,2020,0.70838787845134,0.709466219369176,1.3810229866395e-4,1504.51461005574,1679.64805041547,2090.76,0.707620504797333,1243.9858271935702
1180,618.32,0.707928766852486,0.70377631576037,1236.64,2020_kk_257,Kusko,2020,0.708411611051879,0.709847798304166,3.8157893498991e-4,1504.51461005574,1679.64805041547,2090.76,0.707620504797333,1243.9858271935702
1181,618.844,0.708561368758943,0.711231711543275,1237.688,2020_kk_257,Kusko,2020,0.708417231211205,0.710662976976182,8.1517867201541e-4,1504.51461005574,1679.64805041547,2090.76,0.707620504797333,1243.9858271935702
1182,619.368,0.709554005712302,0.714635936790224,1238.736,2020_kk_257,Kusko,2020,0.708412620219192,0.711724202530516,0.00106122555433485,1504.51461005574,1679.64805041547,2090.76,0.707620504797333,1243.9858271935702
1183,619.892,0.706884006131708,0.711785765934646,1239.784,2020_kk_257,Kusko,2020,0.708403595775638,0.712853009568376,0.00112880703785934,1504.51461005574,1679.64805041547,2090.76,0.707620504797333,1243.9858271935702
1184,620.416,0.707325313103404,0.711661300952655,1240.832,2020_kk_257,Kusko,2020,0.708391160945604,0.71381160162968,9.585920613041e-4,1504.51461005574,1679.64805041547,2090.76,0.707620504797333,1243.9858271935702
1185,620.94,0.708397928242726,0.705670948876391,1241.88,2020_kk_257,Kusko,2020,0.708388774019842,0.714498803128633,6.8720149895318e-4,1504.51461005574,1679.64805041547,2090.76,0.707620504797333,1243.9858271935702
1186,621.464,0.708003458523086,0.703298025632317,1242.928,2020_kk_257,Kusko,2020,0.708369723126417,0.715156550392023,6.5774726339007e-4,1504.51461005574,1679.64805041547,2090.76,0.707620504797333,1243.9858271935702
1187,621.988,0.708525051760898,0.704609882637182,1243.976,2020_kk_257,Kusko,2020,0.708375542467219,0.715778420935319,6.2187054329554e-4,1504.51461005574,1679.64805041547,2090.76,0.707620504797333,1243.9858271935702
1188,622.512,0.708522087853194,0.71682697774177,1245.024,2020_kk_257,Kusko,2020,0.70835411551683,0.71637223058524,5.9380964992106e-4,1504.51461005574,1679.64805041547,2090.76,0.707620504797333,1243.9858271935702
1189,623.036,0.708697000926802,0.725220456134456,1246.072,2020_kk_257,Kusko,2020,0.708324858521194,0.717056572938473,6.8434235323344e-4,1504.51461005574,1679.64805041547,2090.76,0.707620504797333,1243.9858271935702
1190,623.56,0.708229958402932,0.729900153727599,1247.12,2020_kk_257,Kusko,2020,0.708331209496813,0.717686067313583,6.2949437510995e-4,1504.51461005574,1679.64805041547,2090.76,0.707620504797333,1243.9858271935702
1191,624.084,0.708020943146325,0.720960941845762,1248.168,2020_kk_257,Kusko,2020,0.708364933264367,0.718213372679695,5.2730536611178e-4,1504.51461005574,1679.64805041547,2090.76,0.707620504797333,1243.9858271935702
1192,624.608,0.709316603783022,0.707955920763024,1249.216,2020_kk_257,Kusko,2020,0.708383135348461,0.718543842539155,3.3046985946061e-4,1504.51461005574,1679.64805041547,2090.76,0.707620504797333,1243.9858271935702
1193,625.132,0.709824944278935,0.710822185458516,1250.264,2020_kk_257,Kusko,2020,0.708382539199663,0.718527414994123,-1.64275450329487e-5,1504.51461005574,1679.64805041547,2090.76,0.707620504797333,1243.9858271935702
1194,625.656,0.710037534225332,0.707927336944525,1251.312,2020_kk_257,Kusko,2020,0.708405612485338,0.718765631792826,2.3821679870395e-4,1504.51461005574,1679.64805041547,2090.76,0.707620504797333,1243.9858271935702
1195,626.18,0.706124539681784,0.706494123478239,1252.36,2020_kk_257,Kusko,2020,0.708395999781776,0.719026054309525,2.6042251669877e-4,1504.51461005574,1679.64805041547,2090.76,0.707620504797333,1243.9858271935702
1196,626.704,0.708115996440642,0.695935215385779,1253.408,2020_kk_257,Kusko,2020,0.70839151853147,0.719211698257983,1.856439484581e-4,1504.51461005574,1679.64805041547,2090.76,0.707620504797333,1243.9858271935702
1197,627.228,0.709415320464111,0.701892291256717,1254.456,2020_kk_257,Kusko,2020,0.708399959482199,0.719198169690451,-1.35285675321173e-5,1504.51461005574,1679.64805041547,2090.76,0.707620504797333,1243.9858271935702
1198,627.752,0.707388378741089,0.700414035582234,1255.504,2020_kk_257,Kusko,2020,0.708407286270428,0.719199625639046,1.45594859524145e-6,1504.51461005574,1679.64805041547,2090.76,0.707620504797333,1243.9858271935702
1199,628.276,0.708581904806589,0.684324233757356,1256.552,2020_kk_257,Kusko,2020,0.708341670295468,0.719266930486784,6.7304847737204e-5,1504.51461005574,1679.64805041547,2090.76,0.707620504797333,1243.9858271935702
1200,628.8,0.707206908752326,0.696561902733924,1257.6,2020_kk_257,Kusko,2020,0.708291719503885,0.718714723925023,-5.5220656176024e-4,1504.51461005574,1679.64805041547,2090.76,0.707620504797333,1243.9858271935702
1201,629.324,0.708516096482777,0.709968909312485,1258.648,2020_kk_257,Kusko,2020,0.708309597350596,0.717869307812191,-8.4541611283262e-4,1504.51461005574,1679.64805041547,2090.76,0.707620504797333,1243.9858271935702
1202,629.848,0.708023864334508,0.717644130877608,1259.696,2020_kk_257,Kusko,2020,0.708332344586237,0.717121327657826,-7.4798015436483e-4,1504.51461005574,1679.64805041547,2090.76,0.707620504797333,1243.9858271935702
1203,630.372,0.708986154141616,0.716886296635404,1260.744,2020_kk_257,Kusko,2020,0.708329286176864,0.716469616834546,-6.517108232803e-4,1504.51461005574,1679.64805041547,2090.76,0.707620504797333,1243.9858271935702
1204,630.896,0.708505045480515,0.706404490923904,1261.792,2020_kk_257,Kusko,2020,0.708307359446884,0.716420553432909,-4.90634016365732e-5,1504.51461005574,1679.64805041547,2090.76,0.707620504797333,1243.9858271935702
1205,631.42,0.710858954225874,0.699674076216179,1262.84,2020_kk_257,Kusko,2020,0.708316366475541,0.716926038879151,5.0548544624218e-4,1504.51461005574,1679.64805041547,2090.76,0.707620504797333,1243.9858271935702
1206,631.944,0.708335214850304,0.697865773792649,1263.888,2020_kk_257,Kusko,2020,0.70831624675205,0.717798307424514,8.722685453627e-4,1504.51461005574,1679.64805041547,2090.76,0.707620504797333,1243.9858271935702
1207,632.468,0.706629246382052,0.691399773853093,1264.936,2020_kk_257,Kusko,2020,0.708325565209372,0.718805793614742,0.00100748619022784,1504.51461005574,1679.64805041547,2090.76,0.707620504797333,1243.9858271935702
1208,632.992,0.708196089454033,0.697256076506198,1265.984,2020_kk_257,Kusko,2020,0.708338775886009,0.71982519503844,0.00101940142369827,1504.51461005574,1679.64805041547,2090.76,0.707620504797333,1243.9858271935702
1209,633.516,0.707521533282883,0.700312831465581,1267.032,2020_kk_257,Kusko,2020,0.70834136682061,0.720378089140965,5.5289410252523e-4,1504.51461005574,1679.64805041547,2090.76,0.707620504797333,1243.9858271935702
1210,634.04,0.70802360909437,0.721298425408557,1268.08,2020_kk_257,Kusko,2020,0.708350678749763,0.720381856821493,3.76768052778864e-6,1504.51461005574,1679.64805041547,2090.76,0.707620504797333,1243.9858271935702
1211,634.564,0.708564771185059,0.755582841526113,1269.128,2020_kk_257,Kusko,2020,0.708358888904418,0.720048018065405,-3.3383875608772e-4,1504.51461005574,1679.64805041547,2090.76,0.707620504797333,1243.9858271935702
1212,635.088,0.708410573577256,0.774760578541088,1270.176,2020_kk_257,Kusko,2020,0.708350144753421,0.719946894633896,-1.011234315098e-4,1504.51461005574,1679.64805041547,2090.76,0.707620504797333,1243.9858271935702
1213,635.612,0.708569198270691,0.772758009776775,1271.224,2020_kk_257,Kusko,2020,0.708345566414184,0.720164235202083,2.1734056818745e-4,1504.51461005574,1679.64805041547,2090.76,0.707620504797333,1243.9858271935702
1214,636.136,0.708372005169445,0.75903881989946,1272.272,2020_kk_257,Kusko,2020,0.708358055710263,0.720677914747529,5.1367954544601e-4,1504.51461005574,1679.64805041547,2090.76,0.707620504797333,1243.9858271935702
1215,636.66,0.708788556345994,0.747753843290126,1273.32,2020_kk_257,Kusko,2020,0.70833655797322,0.721355946803056,6.7803205552707e-4,1504.51461005574,1679.64805041547,2090.76,0.707620504797333,1243.9858271935702
1216,637.184,0.707331581127979,0.740276715813208,1274.368,2020_kk_257,Kusko,2020,0.7083447136119,0.722174070225657,8.1812342260057e-4,1504.51461005574,1679.64805041547,2090.76,0.707620504797333,1243.9858271935702
1217,637.708,0.708381802706852,0.7302805340047,1275.416,2020_kk_257,Kusko,2020,0.708343629630242,0.722999106694845,8.2503646918841e-4,1504.51461005574,1679.64805041547,2090.76,0.707620504797333,1243.9858271935702
1218,638.232,0.708637495353057,0.730206391966299,1276.464,2020_kk_257,Kusko,2020,0.708321215694828,0.723498808016358,4.9970132151244e-4,1504.51461005574,1679.64805041547,2090.76,0.707620504797333,1243.9858271935702
1219,638.756,0.709438045516031,0.730953177269575,1277.512,2020_kk_257,Kusko,2020,0.708303877745267,0.723843007305246,3.4419928888851e-4,1504.51461005574,1679.64805041547,2090.76,0.707620504797333,1243.9858271935702
1220,639.28,0.708507821039327,0.732302705205326,1278.56,2020_kk_257,Kusko,2020,0.70830789186437,0.724062869141018,2.198618357716e-4,1504.51461005574,1679.64805041547,2090.76,0.707620504797333,1243.9858271935702
1221,639.804,0.709181896347345,0.731969087783702,1279.608,2020_kk_257,Kusko,2020,0.708302969943428,0.724568710275481,5.0584113446294e-4,1504.51461005574,1679.64805041547,2090.76,0.707620504797333,1243.9858271935702
1222,640.328,0.708750614219985,0.730529214554325,1280.656,2020_kk_257,Kusko,2020,0.708277064499817,0.725314510113584,7.4579983810352e-4,1504.51461005574,1679.64805041547,2090.76,0.707620504797333,1243.9858271935702
1223,640.852,0.708503667270615,0.723880000119138,1281.704,2020_kk_257,Kusko,2020,0.708215357496506,0.726110732275091,7.9622216150676e-4,1504.51461005574,1679.64805041547,2090.76,0.707620504797333,1243.9858271935702
1224,641.376,0.709211061591985,0.727123831574845,1282.752,2020_kk_257,Kusko,2020,0.708196105952033,0.727008709876254,8.979776011635e-4,1504.51461005574,1679.64805041547,2090.76,0.707620504797333,1243.9858271935702
1225,641.9,0.707237146705638,0.726923292718199,1283.8,2020_kk_257,Kusko,2020,0.70822125467353,0.72787120757118,8.624976949253e-4,1504.51461005574,1679.64805041547,2090.76,0.707620504797333,1243.9858271935702
1226,642.424,0.708094029433418,0.7154572416849,1284.848,2020_kk_257,Kusko,2020,0.708223886818842,0.728716601066151,8.453934949717e-4,1504.51461005574,1679.64805041547,2090.76,0.707620504797333,1243.9858271935702
1227,642.948,0.708708125615948,0.710494587043306,1285.896,2020_kk_257,Kusko,2020,0.708210461231807,0.729367950426643,6.5134936049149e-4,1504.51461005574,1679.64805041547,2090.76,0.707620504797333,1243.9858271935702
1228,643.472,0.70895311903758,0.706079743322326,1286.944,2020_kk_257,Kusko,2020,0.708218909182432,0.729863286440267,4.9533601362394e-4,1504.51461005574,1679.64805041547,2090.76,0.707620504797333,1243.9858271935702
1229,643.996,0.706416717483101,0.712611320193057,1287.992,2020_kk_257,Kusko,2020,0.708201877145427,0.730542227043658,6.7894060339091e-4,1504.51461005574,1679.64805041547,2090.76,0.707620504797333,1243.9858271935702
1230,644.52,0.707047405999891,0.711431376445783,1289.04,2020_kk_257,Kusko,2020,0.70823956859901,0.73097646349868,4.3423645502171e-4,1504.51461005574,1679.64805041547,2090.76,0.707620504797333,1243.9858271935702
1231,645.044,0.708162565564893,0.717249036663251,1290.088,2020_kk_257,Kusko,2020,0.708233894797732,0.731309541050259,3.3307755157963e-4,1504.51461005574,1679.64805041547,2090.76,0.707620504797333,1243.9858271935702
1232,645.568,0.709179369492751,0.731363662822675,1291.136,2020_kk_257,Kusko,2020,0.708262968403005,0.731585301335799,2.7576028554021e-4,1504.51461005574,1679.64805041547,2090.76,0.707620504797333,1243.9858271935702
1233,646.092,0.708644948315135,0.732659108053003,1292.184,2020_kk_257,Kusko,2020,0.708251551643359,0.731825769908127,2.4046857232717e-4,1504.51461005574,1679.64805041547,2090.76,0.707620504797333,1243.9858271935702
1234,646.616,0.707117770448844,0.740394786517845,1293.232,2020_kk_257,Kusko,2020,0.708260744114736,0.732213426492013,3.8765658388684e-4,1504.51461005574,1679.64805041547,2090.76,0.707620504797333,1243.9858271935702
1235,647.14,0.70875298014416,0.745518447822827,1294.28,2020_kk_257,Kusko,2020,0.708219641715045,0.732768994263763,5.5556777174981e-4,1504.51461005574,1679.64805041547,2090.76,0.707620504797333,1243.9858271935702
1236,647.664,0.707241964436123,0.750604022080709,1295.328,2020_kk_257,Kusko,2020,0.708232173237629,0.733580338139372,8.1134387560855e-4,1504.51461005574,1679.64805041547,2090.76,0.707620504797333,1243.9858271935702
1237,648.188,0.70798507132412,0.741218780913484,1296.376,2020_kk_257,Kusko,2020,0.708242895081862,0.734513464025041,9.3312588566896e-4,1504.51461005574,1679.64805041547,2090.76,0.707620504797333,1243.9858271935702
1238,648.712,0.709272409831373,0.742851039060263,1297.424,2020_kk_257,Kusko,2020,0.708234988935058,0.735361524491635,8.4806046659446e-4,1504.51461005574,1679.64805041547,2090.76,0.707620504797333,1243.9858271935702
1239,649.236,0.708761467364425,0.719796703863055,1298.472,2020_kk_257,Kusko,2020,0.708270600086999,0.73612035691945,7.5883242781493e-4,1504.51461005574,1679.64805041547,2090.76,0.707620504797333,1243.9858271935702
1240,649.76,0.708487482601695,0.704002376592033,1299.52,2020_kk_257,Kusko,2020,0.708265319552263,0.736496766149869,3.7640923041848e-4,1504.51461005574,1679.64805041547,2090.76,0.707620504797333,1243.9858271935702
1241,650.284,0.709053978038263,0.691201386178013,1300.568,2020_kk_257,Kusko,2020,0.708284202034258,0.736408173257963,-8.85928919055479e-5,1504.51461005574,1679.64805041547,2090.76,0.707620504797333,1243.9858271935702
1242,650.808,0.709029356652434,0.708568530899631,1301.616,2020_kk_257,Kusko,2020,0.708292887171293,0.736049137182248,-3.5903607571508e-4,1504.51461005574,1679.64805041547,2090.76,0.707620504797333,1243.9858271935702
1243,651.332,0.706609305777493,0.724826200025898,1302.664,2020_kk_257,Kusko,2020,0.708265374735855,0.735560576865944,-4.8856031630428e-4,1504.51461005574,1679.64805041547,2090.76,0.707620504797333,1243.9858271935702
1244,651.856,0.708074670868139,0.742482073679407,1303.712,2020_kk_257,Kusko,2020,0.708250021548064,0.735494643506597,-6.59333593470146e-5,1504.51461005574,1679.64805041547,2090.76,0.707620504797333,1243.9858271935702
1245,652.38,0.707108064020187,0.746352872208013,1304.76,2020_kk_257,Kusko,2020,0.70824420115041,0.735810488578729,3.1584507213244e-4,1504.51461005574,1679.64805041547,2090.76,0.707620504797333,1243.9858271935702
1246,652.904,0.708492796843852,0.752385430988349,1305.808,2020_kk_257,Kusko,2020,0.708267424796259,0.736102809754151,2.9232117542221e-4,1504.51461005574,1679.64805041547,2090.76,0.707620504797333,1243.9858271935702
1247,653.428,0.708460012861422,0.754112070788493,1306.856,2020_kk_257,Kusko,2020,0.708295159676598,0.736548324113619,4.4551435946749e-4,1504.51461005574,1679.64805041547,2090.76,0.707620504797333,1243.9858271935702
1248,653.952,0.707177251728387,0.746809057032517,1307.904,2020_kk_257,Kusko,2020,0.708284452151169,0.73692930563892,3.8098152530174e-4,1504.51461005574,1679.64805041547,2090.76,0.707620504797333,1243.9858271935702
1249,654.476,0.707656723953108,0.745872413467761,1308.952,2020_kk_257,Kusko,2020,0.708263322087591,0.737411506492178,4.8220085325778e-4,1504.51461005574,1679.64805041547,2090.76,0.707620504797333,1243.9858271935702
1250,655,0.708470805549106,0.743091863873904,1310,2020_kk_257,Kusko,2020,0.708270374171812,0.737578413825544,1.6690733336588e-4,1504.51461005574,1679.64805041547,2090.76,0.707620504797333,1243.9858271935702
1251,655.524,0.707725627889839,0.751311409913538,1311.048,2020_kk_257,Kusko,2020,0.708245431791864,0.737693955751124,1.1554192557972e-4,1504.51461005574,1679.64805041547,2090.76,0.707620504797333,1243.9858271935702
1252,656.048,0.707762277166333,0.752703911049238,1312.096,2020_kk_257,Kusko,2020,0.708214261241858,0.737704822933583,1.08671824591289e-5,1504.51461005574,1679.64805041547,2090.76,0.707620504797333,1243.9858271935702
1253,656.572,0.706122524080299,0.758595515148921,1313.144,2020_kk_257,Kusko,2020,0.70820373456306,0.737957982903014,2.5315996943042e-4,1504.51461005574,1679.64805041547,2090.76,0.707620504797333,1243.9858271935702
1254,657.096,0.708882441556976,0.76180599301433,1314.192,2020_kk_257,Kusko,2020,0.70817020191191,0.738142503730726,1.8452082771236e-4,1504.51461005574,1679.64805041547,2090.76,0.707620504797333,1243.9858271935702
1255,657.62,0.707633462971574,0.75824398517376,1315.24,2020_kk_257,Kusko,2020,0.70817991982536,0.738380853956921,2.3835022619522e-4,1504.51461005574,1679.64805041547,2090.76,0.707620504797333,1243.9858271935702
1256,658.144,0.708273925159345,0.746658825084081,1316.288,2020_kk_257,Kusko,2020,0.708190712933792,0.738874001490051,4.9314753312956e-4,1504.51461005574,1679.64805041547,2090.76,0.707620504797333,1243.9858271935702
1257,658.668,0.708609785242018,0.740973252886213,1317.336,2020_kk_257,Kusko,2020,0.708174520753433,0.739471243199349,5.9724170929864e-4,1504.51461005574,1679.64805041547,2090.76,0.707620504797333,1243.9858271935702
1258,659.192,0.707895255778627,0.730134196399664,1318.384,2020_kk_257,Kusko,2020,0.70816841105013,0.740227232235326,7.5598903597684e-4,1504.51461005574,1679.64805041547,2090.76,0.707620504797333,1243.9858271935702
1259,659.716,0.707559982586255,0.725060669960812,1319.432,2020_kk_257,Kusko,2020,0.708199109147718,0.740903924617549,6.7669238222312e-4,1504.51461005574,1679.64805041547,2090.76,0.707620504797333,1243.9858271935702
1260,660.24,0.709468395967324,0.722616090035226,1320.48,2020_kk_257,Kusko,2020,0.708220980071523,0.741734972980085,8.3104836253566e-4,1504.51461005574,1679.64805041547,2090.76,0.707620504797333,1243.9858271935702
1261,660.764,0.708175668406073,0.729953562407264,1321.528,2020_kk_257,Kusko,2020,0.708220187834662,0.742307180189009,5.7220720892403e-4,1504.51461005574,1679.64805041547,2090.76,0.707620504797333,1243.9858271935702
1262,661.288,0.709768280650871,0.734189748010017,1322.576,2020_kk_257,Kusko,2020,0.708191173548032,0.742609437692027,3.022575030176e-4,1504.51461005574,1679.64805041547,2090.76,0.707620504797333,1243.9858271935702
1263,661.812,0.70830114856291,0.731314410975036,1323.624,2020_kk_257,Kusko,2020,0.70821242619712,0.742946417446034,0.00033697975400770003,1504.51461005574,1679.64805041547,2090.76,0.707620504797333,1243.9858271935702
1264,662.336,0.709056593763093,0.729663885957121,1324.672,2020_kk_257,Kusko,2020,0.70823735160919,0.743193218010166,2.4680056413184e-4,1504.51461005574,1679.64805041547,2090.76,0.707620504797333,1243.9858271935702
1265,662.86,0.708392810244447,0.733008142521167,1325.72,2020_kk_257,Kusko,2020,0.70822946113723,0.743437284441314,2.4406643114749e-4,1504.51461005574,1679.64805041547,2090.76,0.707620504797333,1243.9858271935702
1266,663.384,0.7090871062053,0.74654640632916,1326.768,2020_kk_257,Kusko,2020,0.708256446944516,0.743767986268564,3.3070182725025e-4,1504.51461005574,1679.64805041547,2090.76,0.707620504797333,1243.9858271935702
1267,663.908,0.707272557036083,0.747387326993232,1327.816,2020_kk_257,Kusko,2020,0.708249488352963,0.744319392066474,5.5140579791024e-4,1504.51461005574,1679.64805041547,2090.76,0.707620504797333,1243.9858271935702
1268,664.432,0.707721720645767,0.748139704501868,1328.864,2020_kk_257,Kusko,2020,0.708236248307177,0.744813933306057,4.9454123958336e-4,1504.51461005574,1679.64805041547,2090.76,0.707620504797333,1243.9858271935702
1269,664.956,0.709658202399318,0.745842777134474,1329.912,2020_kk_257,Kusko,2020,0.708211282609277,0.745550836129591,7.36902823534e-4,1504.51461005574,1679.64805041547,2090.76,0.707620504797333,1243.9858271935702
1270,665.48,0.707706777010227,0.743882979233666,1330.96,2020_kk_257,Kusko,2020,0.708187109001177,0.746190630029014,6.3979389942281e-4,1504.51461005574,1679.64805041547,2090.76,0.707620504797333,1243.9858271935702
1271,666.004,0.709697720104772,0.750267268011772,1332.008,2020_kk_257,Kusko,2020,0.708177984666716,0.747063007146534,8.7237711751975e-4,1504.51461005574,1679.64805041547,2090.76,0.707620504797333,1243.9858271935702
1272,666.528,0.708931681799365,0.753218413998187,1333.056,2020_kk_257,Kusko,2020,0.708158551572308,0.747560831941064,4.9782479452997e-4,1504.51461005574,1679.64805041547,2090.76,0.707620504797333,1243.9858271935702
1273,667.052,0.70691845214442794,0.743444390798515,1334.104,2020_kk_257,Kusko,2020,0.708170638144393,0.747754005014609,1.9317307354505e-4,1504.51461005574,1679.64805041547,2090.76,0.707620504797333,1243.9858271935702
1274,667.576,0.707450813901941,0.755082818338639,1335.152,2020_kk_257,Kusko,2020,0.708170762999687,0.747758961297977,4.9562833682737e-6,1504.51461005574,1679.64805041547,2090.76,0.707620504797333,1243.9858271935702
1275,668.1,0.708439332486755,0.766704547618077,1336.2,2020_kk_257,Kusko,2020,0.708180580763585,0.747794048929243,3.50876312658066e-5,1504.51461005574,1679.64805041547,2090.76,0.707620504797333,1243.9858271935702
1276,668.624,0.708724999878953,0.75781598633854,1337.248,2020_kk_257,Kusko,2020,0.708173794279009,0.747629518917971,-1.6453001127259e-4,1504.51461005574,1679.64805041547,2090.76,0.707620504797333,1243.9858271935702
1277,669.148,0.710045895527186,0.757011395572745,1338.296,2020_kk_257,Kusko,2020,0.708176135537488,0.747623333564831,-6.18535313956503e-6,1504.51461005574,1679.64805041547,2090.76,0.707620504797333,1243.9858271935702
1278,669.672,0.707995043827278,0.753065283484406,1339.344,2020_kk_257,Kusko,2020,0.708190324124887,0.747924887219249,3.0155365441786e-4,1504.51461005574,1679.64805041547,2090.76,0.707620504797333,1243.9858271935702
1279,670.196,0.708170241701348,0.759885228465044,1340.392,2020_kk_257,Kusko,2020,0.708196277213975,0.748192953639447,2.680664201986e-4,1504.51461005574,1679.64805041547,2090.76,0.707620504797333,1243.9858271935702
1280,670.72,0.708930946092611,0.742317145207276,1341.44,2020_kk_257,Kusko,2020,0.708206168460546,0.748405841669447,2.1288802999974e-4,1504.51461005574,1679.64805041547,2090.76,0.707620504797333,1243.9858271935702
1281,671.244,0.707685353550499,0.738901603318483,1342.488,2020_kk_257,Kusko,2020,0.70820982097727,0.748185585420665,-2.2025624878174e-4,1504.51461005574,1679.64805041547,2090.76,0.707620504797333,1243.9858271935702
1282,671.768,0.706880381219613,0.731181245501873,1343.536,2020_kk_257,Kusko,2020,0.708190455162468,0.747841555725083,-3.4402969558267e-4,1504.51461005574,1679.64805041547,2090.76,0.707620504797333,1243.9858271935702
1283,672.292,0.70787206654269,0.739069598284962,1344.584,2020_kk_257,Kusko,2020,0.708209944531974,0.747350051444089,-4.9150428099409e-4,1504.51461005574,1679.64805041547,2090.76,0.707620504797333,1243.9858271935702
1284,672.816,0.707199102522994,0.738195081237588,1345.632,2020_kk_257,Kusko,2020,0.708195748385416,0.746987002305904,-3.6304913818463e-4,1504.51461005574,1679.64805041547,2090.76,0.707620504797333,1243.9858271935702
1285,673.34,0.707820221512685,0.741224306289916,1346.68,2020_kk_257,Kusko,2020,0.70823050471262206,0.746620175780338,-3.6682652556607e-4,1504.51461005574,1679.64805041547,2090.76,0.707620504797333,1243.9858271935702
1286,673.864,0.708741615939302,0.745046093672675,1347.728,2020_kk_257,Kusko,2020,0.708218090205428,0.746255247739142,-3.649280411957e-4,1504.51461005574,1679.64805041547,2090.76,0.707620504797333,1243.9858271935702
1287,674.388,0.707736594794413,0.746329089601226,1348.776,2020_kk_257,Kusko,2020,0.708186882172579,0.746076183171095,-1.7906456804717e-4,1504.51461005574,1679.64805041547,2090.76,0.707620504797333,1243.9858271935702
1288,674.912,0.708586536839429,0.751439085480933,1349.824,2020_kk_257,Kusko,2020,0.708206740404066,0.7460908316689,1.46484978043038e-5,1504.51461005574,1679.64805041547,2090.76,0.707620504797333,1243.9858271935702
1289,675.436,0.708258603338371,0.753212863126442,1350.872,2020_kk_257,Kusko,2020,0.708215229454686,0.746199424567695,1.0859289879527e-4,1504.51461005574,1679.64805041547,2090.76,0.707620504797333,1243.9858271935702
1290,675.96,0.70835966142816,0.761294278197927,1351.92,2020_kk_257,Kusko,2020,0.708171422609868,0.746396312921902,1.9688835420717e-4,1504.51461005574,1679.64805041547,2090.76,0.707620504797333,1243.9858271935702
1291,676.484,0.708115031353287,0.751581469198693,1352.968,2020_kk_257,Kusko,2020,0.70818326171344,0.746402021468557,5.70854665482567e-6,1504.51461005574,1679.64805041547,2090.76,0.707620504797333,1243.9858271935702
1292,677.008,0.707438512294942,0.749499113003733,1354.016,2020_kk_257,Kusko,2020,0.708130922900054,0.746141503690072,-2.6051777848468e-4,1504.51461005574,1679.64805041547,2090.76,0.707620504797333,1243.9858271935702
1293,677.532,0.709920107260389,0.752877893293465,1355.064,2020_kk_257,Kusko,2020,0.708133599506725,0.746029120197253,-1.1238349281916e-4,1504.51461005574,1679.64805041547,2090.76,0.707620504797333,1243.9858271935702
1294,678.056,0.708613295173033,0.755202820365755,1356.112,2020_kk_257,Kusko,2020,0.708122612011431,0.745897034325684,-1.3208587156854e-4,1504.51461005574,1679.64805041547,2090.76,0.707620504797333,1243.9858271935702
1295,678.58,0.708279551826566,0.760162433691676,1357.16,2020_kk_257,Kusko,2020,0.708095497185893,0.745686653860596,-2.1038046508825e-4,1504.51461005574,1679.64805041547,2090.76,0.707620504797333,1243.9858271935702
1296,679.104,0.708861112873301,0.770446131715723,1358.208,2020_kk_257,Kusko,2020,0.708094854009165,0.745244546828592,-4.4210703200398e-4,1504.51461005574,1679.64805041547,2090.76,0.707620504797333,1243.9858271935702
1297,679.628,0.707567555830918,0.774303128788095,1359.256,2020_kk_257,Kusko,2020,0.708100131335699,0.744651712812361,-5.9283401623133e-4,1504.51461005574,1679.64805041547,2090.76,0.707620504797333,1243.9858271935702
1298,680.152,0.708478007084196,0.772523513435269,1360.304,2020_kk_257,Kusko,2020,0.708105171618354,0.744060474205921,-5.9123860643961e-4,1504.51461005574,1679.64805041547,2090.76,0.707620504797333,1243.9858271935702
1299,680.676,0.707263525490463,0.764010873275093,1361.352,2020_kk_257,Kusko,2020,0.708054237322221,0.743467712666418,-5.9276153950349e-4,1504.51461005574,1679.64805041547,2090.76,0.707620504797333,1243.9858271935702
1300,681.2,0.707037066115692,0.742390010557403,1362.4,2020_kk_257,Kusko,2020,0.708093713442425,0.742696085923948,-7.7162674246977e-4,1504.51461005574,1679.64805041547,2090.76,0.707620504797333,1243.9858271935702
1301,681.724,0.708506517970591,0.743544013229197,1363.448,2020_kk_257,Kusko,2020,0.708081211126,0.741664485688192,-0.00103160023575555,1504.51461005574,1679.64805041547,2090.76,0.707620504797333,1243.9858271935702
1302,682.248,0.707863370987963,0.738438018571433,1364.496,2020_kk_257,Kusko,2020,0.708076608070776,0.740606077714713,-0.00105840797347911,1504.51461005574,1679.64805041547,2090.76,0.707620504797333,1243.9858271935702
1303,682.772,0.7073345001026,0.736416584438597,1365.544,2020_kk_257,Kusko,2020,0.708087046507675,0.739734040653069,-8.7203706164407e-4,1504.51461005574,1679.64805041547,2090.76,0.707620504797333,1243.9858271935702
1304,683.296,0.708082162185744,0.742779450681507,1366.592,2020_kk_257,Kusko,2020,0.708084643769843,0.738535467599231,-0.0011985730538383,1504.51461005574,1679.64805041547,2090.76,0.707620504797333,1243.9858271935702
1305,683.82,0.707697129854085,0.748458130083962,1367.64,2020_kk_257,Kusko,2020,0.708091679984047,0.737068554930808,-0.00146691266842236,1504.51461005574,1679.64805041547,2090.76,0.707620504797333,1243.9858271935702
1306,684.344,0.708085607769322,0.742513630311998,1368.688,2020_kk_257,Kusko,2020,0.708079022827451,0.735773040199665,-0.00129551473114342,1504.51461005574,1679.64805041547,2090.76,0.707620504797333,1243.9858271935702
1307,684.868,0.708600488370137,0.753740949600114,1369.736,2020_kk_257,Kusko,2020,0.708031241803719,0.734535696475082,-0.00123734372458273,1504.51461005574,1679.64805041547,2090.76,0.707620504797333,1243.9858271935702
1308,685.392,0.708028566972323,0.764902276297589,1370.784,2020_kk_257,Kusko,2020,0.708012828722138,0.733457319203469,-0.00107837727161331,1504.51461005574,1679.64805041547,2090.76,0.707620504797333,1243.9858271935702
1309,685.916,0.708013909298396,0.761956398679673,1371.832,2020_kk_257,Kusko,2020,0.707997991162569,0.732211302875203,-0.00124601632826571,1504.51461005574,1679.64805041547,2090.76,0.707620504797333,1243.9858271935702
1310,686.44,0.709064280343333,0.755865145673889,1372.88,2020_kk_257,Kusko,2020,0.707995725891597,0.731160007256699,-0.00105129561850426,1504.51461005574,1679.64805041547,2090.76,0.707620504797333,1243.9858271935702
1311,686.964,0.70794477889331,0.738096034986632,1373.928,2020_kk_257,Kusko,2020,0.7079906069453,0.730216764443554,-9.4324281314484e-4,1504.51461005574,1679.64805041547,2090.76,0.707620504797333,1243.9858271935702
1312,687.488,0.706600328278228,0.732062129314282,1374.976,2020_kk_257,Kusko,2020,0.708046614555837,0.729413510114198,-8.0325432935646e-4,1504.51461005574,1679.64805041547,2090.76,0.707620504797333,1243.9858271935702
1313,688.012,0.707291886250636,0.729105258289276,1376.024,2020_kk_257,Kusko,2020,0.708054638327503,0.728385806358824,-0.00102770375537353,1504.51461005574,1679.64805041547,2090.76,0.707620504797333,1243.9858271935702
1314,688.536,0.708030672763521,0.740023044723256,1377.072,2020_kk_257,Kusko,2020,0.708082390026086,0.727269769652873,-0.00111603670595095,1504.51461005574,1679.64805041547,2090.76,0.707620504797333,1243.9858271935702
1315,689.06,0.70971884260393,0.736234393639797,1378.12,2020_kk_257,Kusko,2020,0.708081765652506,0.726146255885839,-0.00112351376703468,1504.51461005574,1679.64805041547,2090.76,0.707620504797333,1243.9858271935702
1316,689.584,0.707529054727685,0.724763142612335,1379.168,2020_kk_257,Kusko,2020,0.708051875528422,0.724800265604668,-0.00134599028117099,1504.51461005574,1679.64805041547,2090.76,0.707620504797333,1243.9858271935702
1317,690.108,0.706737303271094,0.730229378803387,1380.216,2020_kk_257,Kusko,2020,0.708038037274938,0.723384324910602,-0.00141594069406548,1504.51461005574,1679.64805041547,2090.76,0.707620504797333,1243.9858271935702
1318,690.632,0.709086749667803,0.731013106267921,1381.264,2020_kk_257,Kusko,2020,0.708045069389714,0.721982942876722,-0.00140138203388029,1504.51461005574,1679.64805041547,2090.76,0.707620504797333,1243.9858271935702
1319,691.156,0.7080693256235,0.731576243888524,1382.312,2020_kk_257,Kusko,2020,0.708018623839194,0.720542062778743,-0.00144088009797838,1504.51461005574,1679.64805041547,2090.76,0.707620504797333,1243.9858271935702
1320,691.68,0.706839985278208,0.734429391287659,1383.36,2020_kk_257,Kusko,2020,0.708011838058699,0.719031195168145,-0.00151086761059815,1504.51461005574,1679.64805041547,2090.76,0.707620504797333,1243.9858271935702
1321,692.204,0.708886014620402,0.730296075206553,1384.408,2020_kk_257,Kusko,2020,0.708011297791657,0.71754554791583,-0.00148564725231537,1504.51461005574,1679.64805041547,2090.76,0.707620504797333,1243.9858271935702
1322,692.728,0.706627951847717,0.718558681300933,1385.456,2020_kk_257,Kusko,2020,0.708057924753518,0.716173661207349,-0.00137188670848121,1504.51461005574,1679.64805041547,2090.76,0.707620504797333,1243.9858271935702
1323,693.252,0.708461744963204,0.724571401405888,1386.504,2020_kk_257,Kusko,2020,0.708007059198186,0.714728554501966,-0.00144510670538278,1504.51461005574,1679.64805041547,2090.76,0.707620504797333,1243.9858271935702
1324,693.776,0.708397344045418,0.721738733663005,1387.552,2020_kk_257,Kusko,2020,0.708015099172357,0.713390412544635,-0.00133814195733095,1504.51461005574,1679.64805041547,2090.76,0.707620504797333,1243.9858271935702
1325,694.3,0.706765920712202,0.720385314615869,1388.6,2020_kk_257,Kusko,2020,0.708010762199699,0.711930006504055,-0.00146040604057995,1504.51461005574,1679.64805041547,2090.76,0.707620504797333,1243.9858271935702
1326,694.824,0.70904851560158,0.720019984408925,1389.648,2020_kk_257,Kusko,2020,0.70799235223317,0.710315461817169,-0.0016145446868856,1504.51461005574,1679.64805041547,2090.76,0.707620504797333,1243.9858271935702
1327,695.348,0.707589196628124,0.711817286019353,1390.696,2020_kk_257,Kusko,2020,0.708010521008685,0.708703935489792,-0.0016115263273776,1504.51461005574,1679.64805041547,2090.76,0.707620504797333,1243.9858271935702
1328,695.872,0.70802413760506,0.712665388115489,1391.744,2020_kk_257,Kusko,2020,0.708030367559609,0.707158449340974,-0.001545486148818,1504.51461005574,1679.64805041547,2090.76,0.707620504797333,1243.9858271935702
1329,696.396,0.706602144631353,0.710277084764268,1392.792,2020_kk_257,Kusko,2020,0.708033047185177,0.705668513757818,-0.00148993558315547,1504.51461005574,1679.64805041547,2090.76,0.707620504797333,1243.9858271935702
1330,696.92,0.7100753442225,0.697585374685478,1393.84,2020_kk_257,Kusko,2020,0.708016864723436,0.704486645268276,-0.00118186848954227,1504.51461005574,1679.64805041547,2090.76,0.707620504797333,1243.9858271935702
1331,697.444,0.70894758111926,0.68837125386644,1394.888,2020_kk_257,Kusko,2020,0.708017501671611,0.703108670181993,-0.00137797508628268,1504.51461005574,1679.64805041547,2090.76,0.707620504797333,1243.9858271935702
1332,697.968,0.708655498485886,0.689713935589442,1395.936,2020_kk_257,Kusko,2020,0.708024424377532,0.701794071021563,-0.00131459916043053,1504.51461005574,1679.64805041547,2090.76,0.707620504797333,1243.9858271935702
1333,698.492,0.707544758358394,0.691122167099869,1396.984,2020_kk_257,Kusko,2020,0.708037962418052,0.70056949889152,-0.00122457213004301,1504.51461005574,1679.64805041547,2090.76,0.707620504797333,1243.9858271935702
1334,699.016,0.707306649631999,0.683168435108341,1398.032,2020_kk_257,Kusko,2020,0.708022646629326,0.69959651302927806,-9.729858622417e-4,1504.51461005574,1679.64805041547,2090.76,0.707620504797333,1243.9858271935702
1335,699.54,0.708861505338989,0.678689787512738,1399.08,2020_kk_257,Kusko,2020,0.708034380430696,0.698306990436444,-0.00128952259283466,1504.51461005574,1679.64805041547,2090.76,0.707620504797333,1243.9858271935702
1336,700.064,0.707965570483251,0.680085102469927,1400.128,2020_kk_257,Kusko,2020,0.708027843475446,0.697107676364793,-0.00119931407165086,1504.51461005574,1679.64805041547,2090.76,0.707620504797333,1243.9858271935702
1337,700.588,0.707179034103232,0.682770772097785,1401.176,2020_kk_257,Kusko,2020,0.708014675382591,0.695686910774996,-0.00142076558979665,1504.51461005574,1679.64805041547,2090.76,0.707620504797333,1243.9858271935702
1338,701.112,0.706890258932433,0.688362647187614,1402.224,2020_kk_257,Kusko,2020,0.708043313476789,0.694006664298173,-0.00168024647682297,1504.51461005574,1679.64805041547,2090.76,0.707620504797333,1243.9858271935702
1339,701.636,0.70727998812717,0.685124248769099,1403.272,2020_kk_257,Kusko,2020,0.708070390671319,0.692453994465224,-0.00155266983294855,1504.51461005574,1679.64805041547,2090.76,0.707620504797333,1243.9858271935702
1340,702.16,0.708795029834287,0.679239408097018,1404.32,2020_kk_257,Kusko,2020,0.708040535594533,0.691064612397615,-0.00138938206760919,1504.51461005574,1679.64805041547,2090.76,0.707620504797333,1243.9858271935702
1341,702.684,0.707378216772693,0.682307034529793,1405.368,2020_kk_257,Kusko,2020,0.708003195745417,0.690050806394083,-0.00101380600353251,1504.51461005574,1679.64805041547,2090.76,0.707620504797333,1243.9858271935702
1342,703.208,0.710240837851847,0.682985985740486,1406.416,2020_kk_257,Kusko,2020,0.708043618901654,0.689115106143159,-9.3570025092426e-4,1504.51461005574,1679.64805041547,2090.76,0.707620504797333,1243.9858271935702
1343,703.732,0.708353492842632,0.677407372962549,1407.464,2020_kk_257,Kusko,2020,0.708052085944593,0.688166112885187,-9.4899325797104e-4,1504.51461005574,1679.64805041547,2090.76,0.707620504797333,1243.9858271935702
1344,704.256,0.708864204437995,0.671232878880532,1408.512,2020_kk_257,Kusko,2020,0.708052480265184,0.686885150210593,-0.00128096267459421,1504.51461005574,1679.64805041547,2090.76,0.707620504797333,1243.9858271935702
1345,704.78,0.707782759097862,0.67381348026783106,1409.56,2020_kk_257,Kusko,2020,0.708044377847347,0.685740930260839,-0.00114421994975455,1504.51461005574,1679.64805041547,2090.76,0.707620504797333,1243.9858271935702
1346,705.304,0.706948208494266,0.66428667680242,1410.608,2020_kk_257,Kusko,2020,0.708083067125111,0.684824262203216,-9.1666805762313e-4,1504.51461005574,1679.64805041547,2090.76,0.707620504797333,1243.9858271935702
1347,705.828,0.706906299585393,0.661372647957293,1411.656,2020_kk_257,Kusko,2020,0.708109384310946,0.683817603601275,-0.00100665860194071,1504.51461005574,1679.64805041547,2090.76,0.707620504797333,1243.9858271935702
1348,706.352,0.709008463726004,0.667356163448119,1412.704,2020_kk_257,Kusko,2020,0.708081882513011,0.682803640691304,-0.00101396290997124,1504.51461005574,1679.64805041547,2090.76,0.707620504797333,1243.9858271935702
1349,706.876,0.706671870307166,0.666760057247733,1413.752,2020_kk_257,Kusko,2020,0.708067516154594,0.681744512088988,-0.00105912860231594,1504.51461005574,1679.64805041547,2090.76,0.707620504797333,1243.9858271935702
1350,707.4,0.707952514598435,0.670642221562038,1414.8,2020_kk_257,Kusko,2020,0.708094077563208,0.680617422706531,-0.00112708938245631,1504.51461005574,1679.64805041547,2090.76,0.707620504797333,1243.9858271935702
1351,707.924,0.708082615330738,0.662442634059776,1415.848,2020_kk_257,Kusko,2020,0.708098414112271,0.679453336157403,-0.00116408654912847,1504.51461005574,1679.64805041547,2090.76,0.707620504797333,1243.9858271935702
1352,708.448,0.71023613000664,0.667185910494864,1416.896,2020_kk_257,Kusko,2020,0.708095880136236,0.678512227960846,-9.4110819655712e-4,1504.51461005574,1679.64805041547,2090.76,0.707620504797333,1243.9858271935702
1353,708.972,0.70686817394043,0.666171490970498,1417.944,2020_kk_257,Kusko,2020,0.708071812192841,0.677492484095151,-0.0010197438656947,1504.51461005574,1679.64805041547,2090.76,0.707620504797333,1243.9858271935702
1354,709.496,0.709095693623317,0.674914302925891,1418.992,2020_kk_257,Kusko,2020,0.708071998141763,0.676452646476353,-0.00103983761879822,1504.51461005574,1679.64805041547,2090.76,0.707620504797333,1243.9858271935702
1355,710.02,0.708019333467065,0.672538071256878,1420.04,2020_kk_257,Kusko,2020,0.708098779870023,0.675504303360237,-9.483431161158e-4,1504.51461005574,1679.64805041547,2090.76,0.707620504797333,1243.9858271935702
1356,710.544,0.707756514881574,0.673573450502586,1421.088,2020_kk_257,Kusko,2020,0.708060039490173,0.674603176737733,-9.011266225043e-4,1504.51461005574,1679.64805041547,2090.76,0.707620504797333,1243.9858271935702
1357,711.068,0.708657682361833,0.67761154914544,1422.136,2020_kk_257,Kusko,2020,0.708083614149623,0.673798513665245,-8.0466307248761e-4,1504.51461005574,1679.64805041547,2090.76,0.707620504797333,1243.9858271935702
1358,711.592,0.709668800139634,0.67979434450619,1423.184,2020_kk_257,Kusko,2020,0.708052472333513,0.672993888258003,-8.0462540724213e-4,1504.51461005574,1679.64805041547,2090.76,0.707620504797333,1243.9858271935702
1359,712.116,0.707424303024541,0.674614738285766,1424.232,2020_kk_257,Kusko,2020,0.70807595049165,0.672303536899699,-6.9035135830375e-4,1504.51461005574,1679.64805041547,2090.76,0.707620504797333,1243.9858271935702
1360,712.64,0.706066118411228,0.671477901184864,1425.28,2020_kk_257,Kusko,2020,0.708021434663111,0.671784557449839,-5.189794498599e-4,1504.51461005574,1679.64805041547,2090.76,0.707620504797333,1243.9858271935702
1361,713.164,0.70854473486112,0.660865508052235,1426.328,2020_kk_257,Kusko,2020,0.708014096748845,0.671304451696452,-4.8010575338763e-4,1504.51461005574,1679.64805041547,2090.76,0.707620504797333,1243.9858271935702
1362,713.688,0.708278733343209,0.659562068945602,1427.376,2020_kk_257,Kusko,2020,0.70803713836978,0.670755880047704,-5.4857164874799e-4,1504.51461005574,1679.64805041547,2090.76,0.707620504797333,1243.9858271935702
1363,714.212,0.708146782533776,0.662942256636021,1428.424,2020_kk_257,Kusko,2020,0.708057791227324,0.670072744574485,-6.8313547321918e-4,1504.51461005574,1679.64805041547,2090.76,0.707620504797333,1243.9858271935702
1364,714.736,0.7071632148622,0.684400298947007,1429.472,2020_kk_257,Kusko,2020,0.708075681413019,0.669406803641246,-6.6594093323868e-4,1504.51461005574,1679.64805041547,2090.76,0.707620504797333,1243.9858271935702
1365,715.26,0.708401157936274,0.67108677451388,1430.52,2020_kk_257,Kusko,2020,0.708063489696166,0.66872086861032,-6.8593503092595e-4,1504.51461005574,1679.64805041547,2090.76,0.707620504797333,1243.9858271935702
1366,715.784,0.707693390454352,0.670554786012941,1431.568,2020_kk_257,Kusko,2020,0.708081847893485,0.66800247310807,-7.183955022495e-4,1504.51461005574,1679.64805041547,2090.76,0.707620504797333,1243.9858271935702
1367,716.308,0.707810402798822,0.668495014212319,1432.616,2020_kk_257,Kusko,2020,0.708095368108701,0.667275414649241,-7.2705845882947e-4,1504.51461005574,1679.64805041547,2090.76,0.707620504797333,1243.9858271935702
1368,716.832,0.70974685262421,0.664087487688208,1433.664,2020_kk_257,Kusko,2020,0.708137259886509,0.666523859524032,-7.5155512520885e-4,1504.51461005574,1679.64805041547,2090.76,0.707620504797333,1243.9858271935702
1369,717.356,0.709638540970204,0.668796208702762,1434.712,2020_kk_257,Kusko,2020,0.708144396739318,0.665802417249916,-7.2144227411596e-4,1504.51461005574,1679.64805041547,2090.76,0.707620504797333,1243.9858271935702
1370,717.88,0.707272975736164,0.672502221617337,1435.76,2020_kk_257,Kusko,2020,0.708124810330005,0.665144230685618,-6.5818656429828e-4,1504.51461005574,1679.64805041547,2090.76,0.707620504797333,1243.9858271935702
1371,718.404,0.705704387946351,0.677267674774685,1436.808,2020_kk_257,Kusko,2020,0.708131484278385,0.664216963222276,-9.2726746334226e-4,1504.51461005574,1679.64805041547,2090.76,0.707620504797333,1243.9858271935702
1372,718.928,0.709025717652423,0.675920114258829,1437.856,2020_kk_257,Kusko,2020,0.708101375549113,0.663341168140421,-8.7579508185431e-4,1504.51461005574,1679.64805041547,2090.76,0.707620504797333,1243.9858271935702
1373,719.452,0.707799908827004,0.672165662811013,1438.904,2020_kk_257,Kusko,2020,0.70808550866465,0.662586657500771,-7.5451063965037e-4,1504.51461005574,1679.64805041547,2090.76,0.707620504797333,1243.9858271935702
1374,719.976,0.70805433199896,0.663165284247608,1439.952,2020_kk_257,Kusko,2020,0.708026439773987,0.661943734811326,-6.4292268944499e-4,1504.51461005574,1679.64805041547,2090.76,0.707620504797333,1243.9858271935702
1375,720.5,0.709232697533735,0.667581196654522,1441,2020_kk_257,Kusko,2020,0.708051862834934,0.661318095563317,-6.256392480084e-4,1504.51461005574,1679.64805041547,2090.76,0.707620504797333,1243.9858271935702
1376,721.024,0.709850411393534,0.66976305915493894,1442.048,2020_kk_257,Kusko,2020,0.708059776123649,0.660755948636331,-5.6214692698652e-4,1504.51461005574,1679.64805041547,2090.76,0.707620504797333,1243.9858271935702
1377,721.548,0.708316334421136,0.669829862686947,1443.096,2020_kk_257,Kusko,2020,0.708091799413538,0.660462451277681,-2.9349735864991e-4,1504.51461005574,1679.64805041547,2090.76,0.707620504797333,1243.9858271935702
1378,722.072,0.707436641791735,0.670175331669647,1444.144,2020_kk_257,Kusko,2020,0.708073869758872,0.660123218701945,-3.3923257573564e-4,1504.51461005574,1679.64805041547,2090.76,0.707620504797333,1243.9858271935702
1379,722.596,0.707207344118483,0.668028527749567,1445.192,2020_kk_257,Kusko,2020,0.708077992882739,0.659810642195708,-3.1257650623739e-4,1504.51461005574,1679.64805041547,2090.76,0.707620504797333,1243.9858271935702
1380,723.12,0.708433669795054,0.666804028340283,1446.24,2020_kk_257,Kusko,2020,0.70807239962870006,0.65937721165044,-4.3343054526834e-4,1504.51461005574,1679.64805041547,2090.76,0.707620504797333,1243.9858271935702
1381,723.644,0.709146207564164,0.660450882258843,1447.288,2020_kk_257,Kusko,2020,0.708069693524043,0.658906665303803,-4.7054634663701e-4,1504.51461005574,1679.64805041547,2090.76,0.707620504797333,1243.9858271935702
1382,724.168,0.70647591328564,0.662092189507506,1448.336,2020_kk_257,Kusko,2020,0.708030874593145,0.658355282306351,-5.5138299745161e-4,1504.51461005574,1679.64805041547,2090.76,0.707620504797333,1243.9858271935702
1383,724.692,0.707017668359473,0.663386769464207,1449.384,2020_kk_257,Kusko,2020,0.708036707647257,0.657549831643221,-8.0545066312987e-4,1504.51461005574,1679.64805041547,2090.76,0.707620504797333,1243.9858271935702
1384,725.216,0.708408500980778,0.659348476535108,1450.432,2020_kk_257,Kusko,2020,0.707996458963101,0.656549461508962,-0.0010003701342588,1504.51461005574,1679.64805041547,2090.76,0.707620504797333,1243.9858271935702
1385,725.74,0.708372824407753,0.663484727648925,1451.48,2020_kk_257,Kusko,2020,0.707983128321393,0.6555989379643,-9.5052354466218e-4,1504.51461005574,1679.64805041547,2090.76,0.707620504797333,1243.9858271935702
1386,726.264,0.706724092810591,0.665952387058664,1452.528,2020_kk_257,Kusko,2020,0.707960319651815,0.654719036215945,-8.7990174835528e-4,1504.51461005574,1679.64805041547,2090.76,0.707620504797333,1243.9858271935702
1387,726.788,0.709003676195122,0.663537501670097,1453.576,2020_kk_257,Kusko,2020,0.707941349180457,0.654023717846984,-6.9531836896119e-4,1504.51461005574,1679.64805041547,2090.76,0.707620504797333,1243.9858271935702
1388,727.312,0.706155628638467,0.664387863680967,1454.624,2020_kk_257,Kusko,2020,0.707915848101794,0.653359261891766,-6.6445595521724e-4,1504.51461005574,1679.64805041547,2090.76,0.707620504797333,1243.9858271935702
1389,727.836,0.70801083411957,0.668856003266042,1455.672,2020_kk_257,Kusko,2020,0.707908322887247,0.652782781808525,-5.7648008324118e-4,1504.51461005574,1679.64805041547,2090.76,0.707620504797333,1243.9858271935702
1390,728.36,0.706804394510176,0.666446607693882,1456.72,2020_kk_257,Kusko,2020,0.707932627509626,0.652210921544989,-5.7186026353617e-4,1504.51461005574,1679.64805041547,2090.76,0.707620504797333,1243.9858271935702
1391,728.884,0.708507306263279,0.659564908663183,1457.768,2020_kk_257,Kusko,2020,0.707883167452095,0.651682482634332,-5.2843891065668e-4,1504.51461005574,1679.64805041547,2090.76,0.707620504797333,1243.9858271935702
1392,729.408,0.710037995741971,0.656799636664564,1458.816,2020_kk_257,Kusko,2020,0.707890693980547,0.651156298173829,-5.2618446050312e-4,1504.51461005574,1679.64805041547,2090.76,0.707620504797333,1243.9858271935702
1393,729.932,0.708783929811072,0.650134038706718,1459.864,2020_kk_257,Kusko,2020,0.707854985226456,0.650513287750213,-6.4301042361658e-4,1504.51461005574,1679.64805041547,2090.76,0.707620504797333,1243.9858271935702
1394,730.456,0.70838006077371,0.643211979114018,1460.912,2020_kk_257,Kusko,2020,0.707869742910252,0.649516974735046,-9.9631301516667e-4,1504.51461005574,1679.64805041547,2090.76,0.707620504797333,1243.9858271935702
1395,730.98,0.708130002327782,0.637533685657185,1461.96,2020_kk_257,Kusko,2020,0.707881085460073,0.648819933298441,-6.9704143660531e-4,1504.51461005574,1679.64805041547,2090.76,0.707620504797333,1243.9858271935702
1396,731.504,0.709067062322404,0.636981372334959,1463.008,2020_kk_257,Kusko,2020,0.707897536323137,0.648078702801853,-7.4123049658769e-4,1504.51461005574,1679.64805041547,2090.76,0.707620504797333,1243.9858271935702
1397,732.028,0.707990247016195,0.639147264568011,1464.056,2020_kk_257,Kusko,2020,0.707880719295765,0.64734420974798,-7.3449305387285e-4,1504.51461005574,1679.64805041547,2090.76,0.707620504797333,1243.9858271935702
1398,732.552,0.70940376560091,0.643269339675083,1465.104,2020_kk_257,Kusko,2020,0.707850417107837,0.646727306325285,-6.1690342269527e-4,1504.51461005574,1679.64805041547,2090.76,0.707620504797333,1243.9858271935702
1399,733.076,0.707708199295732,0.641837712322142,1466.152,2020_kk_257,Kusko,2020,0.707848916852792,0.645853232978891,-8.7407334639366e-4,1504.51461005574,1679.64805041547,2090.76,0.707620504797333,1243.9858271935702
1400,733.6,0.707619845275482,0.639748214239118,1467.2,2020_kk_257,Kusko,2020,0.707827230346192,0.644800713760442,-0.00105251921844896,1504.51461005574,1679.64805041547,2090.76,0.707620504797333,1243.9858271935702
1401,734.124,0.70777865367549,0.626670986729258,1468.248,2020_kk_257,Kusko,2020,0.707816318386067,0.64361309465907,-0.00118761910137233,1504.51461005574,1679.64805041547,2090.76,0.707620504797333,1243.9858271935702
1402,734.648,0.708434314095533,0.630438280829224,1469.296,2020_kk_257,Kusko,2020,0.707816770231007,0.642574105330244,-0.00103898932882629,1504.51461005574,1679.64805041547,2090.76,0.707620504797333,1243.9858271935702
1403,735.172,0.707401479774836,0.632136734583524,1470.344,2020_kk_257,Kusko,2020,0.707792837676548,0.641779633052576,-7.9447227766804e-4,1504.51461005574,1679.64805041547,2090.76,0.707620504797333,1243.9858271935702
1404,735.696,0.705320070998226,0.632657517513833,1471.392,2020_kk_257,Kusko,2020,0.707780661844587,0.640987169036566,-7.924640160094e-4,1504.51461005574,1679.64805041547,2090.76,0.707620504797333,1243.9858271935702
1405,736.22,0.7093081427547,0.636275125387327,1472.44,2020_kk_257,Kusko,2020,0.707747686551816,0.640193922423382,-7.9324661318391e-4,1504.51461005574,1679.64805041547,2090.76,0.707620504797333,1243.9858271935702
1406,736.744,0.707423005817167,0.630557861183232,1473.488,2020_kk_257,Kusko,2020,0.70770752350433,0.639326060646026,-8.6786177735642e-4,1504.51461005574,1679.64805041547,2090.76,0.707620504797333,1243.9858271935702
1407,737.268,0.708827696978731,0.643762806438295,1474.536,2020_kk_257,Kusko,2020,0.707703511954721,0.638331741884939,-9.9431876108691e-4,1504.51461005574,1679.64805041547,2090.76,0.707620504797333,1243.9858271935702
1408,737.792,0.707932684446026,0.647002208903979,1475.584,2020_kk_257,Kusko,2020,0.707713767922055,0.637266651204275,-0.00106509068066374,1504.51461005574,1679.64805041547,2090.76,0.707620504797333,1243.9858271935702
1409,738.316,0.70691925773919,0.648005466873487,1476.632,2020_kk_257,Kusko,2020,0.707762102817961,0.636202273848083,-0.00106437735619203,1504.51461005574,1679.64805041547,2090.76,0.707620504797333,1243.9858271935702
1410,738.84,0.707616919356065,0.644636388845935,1477.68,2020_kk_257,Kusko,2020,0.70774806454999994,0.635139385444639,-0.00106288840344448,1504.51461005574,1679.64805041547,2090.76,0.707620504797333,1243.9858271935702
1411,739.364,0.70792024905133,0.634209853261557,1478.728,2020_kk_257,Kusko,2020,0.707739969453753,0.634237378878055,-9.0200656658334e-4,1504.51461005574,1679.64805041547,2090.76,0.707620504797333,1243.9858271935702
1412,739.888,0.707906994152802,0.634102930647771,1479.776,2020_kk_257,Kusko,2020,0.707744127227289,0.633371396904674,-8.6598197338094e-4,1504.51461005574,1679.64805041547,2090.76,0.707620504797333,1243.9858271935702
1413,740.412,0.707218157187135,0.617844451182702,1480.824,2020_kk_257,Kusko,2020,0.707763097883202,0.632435459208379,-9.3593769629585e-4,1504.51461005574,1679.64805041547,2090.76,0.707620504797333,1243.9858271935702
1414,740.936,0.70668077257395,0.61489209487036,1481.872,2020_kk_257,Kusko,2020,0.707756791117214,0.631485457233266,-9.5000197511285e-4,1504.51461005574,1679.64805041547,2090.76,0.707620504797333,1243.9858271935702
1415,741.46,0.707219494964594,0.615506658577153,1482.92,2020_kk_257,Kusko,2020,0.707752949555736,0.63055232713548,-9.3313009778617e-4,1504.51461005574,1679.64805041547,2090.76,0.707620504797333,1243.9858271935702
1416,741.984,0.706387994706878,0.620779345601267,1483.968,2020_kk_257,Kusko,2020,0.707759414209491,0.629673711690749,-8.7861544473033e-4,1504.51461005574,1679.64805041547,2090.76,0.707620504797333,1243.9858271935702
1417,742.508,0.707519454080387,0.63589244700776,1485.016,2020_kk_257,Kusko,2020,0.707756083612694,0.62879412473459,-8.7958695615941e-4,1504.51461005574,1679.64805041547,2090.76,0.707620504797333,1243.9858271935702
1418,743.032,0.708138735419805,0.639926987193159,1486.064,2020_kk_257,Kusko,2020,0.707774819305322,0.627826656400424,-9.6746833416572e-4,1504.51461005574,1679.64805041547,2090.76,0.707620504797333,1243.9858271935702
1419,743.556,0.706972790151742,0.640025933291295,1487.112,2020_kk_257,Kusko,2020,0.707717824756508,0.626612328148292,-0.00121432825213175,1504.51461005574,1679.64805041547,2090.76,0.707620504797333,1243.9858271935702
1420,744.08,0.707524395753989,0.637166285372689,1488.16,2020_kk_257,Kusko,2020,0.707750106019251,0.625507527805713,-0.00110480034257887,1504.51461005574,1679.64805041547,2090.76,0.707620504797333,1243.9858271935702
1421,744.604,0.705577131409231,0.629159173412839,1489.208,2020_kk_257,Kusko,2020,0.707755445408906,0.624528498231715,-9.7902957399864e-4,1504.51461005574,1679.64805041547,2090.76,0.707620504797333,1243.9858271935702
1422,745.128,0.708730325050336,0.627991001315414,1490.256,2020_kk_257,Kusko,2020,0.707697637117181,0.623556759425087,-9.7173880662748e-4,1504.51461005574,1679.64805041547,2090.76,0.707620504797333,1243.9858271935702
1423,745.652,0.706004257288322,0.624361631219026,1491.304,2020_kk_257,Kusko,2020,0.707683369475901,0.622826875452503,-7.2988397258433e-4,1504.51461005574,1679.64805041547,2090.76,0.707620504797333,1243.9858271935702
1424,746.176,0.708048675889928,0.624621518037004,1492.352,2020_kk_257,Kusko,2020,0.707676218555969,0.622313521148764,-5.1335430373922e-4,1504.51461005574,1679.64805041547,2090.76,0.707620504797333,1243.9858271935702
1425,746.7,0.709081710925548,0.629264288317563,1493.4,2020_kk_257,Kusko,2020,0.707638528095088,0.62191947807967,-3.9404306909351e-4,1504.51461005574,1679.64805041547,2090.76,0.707620504797333,1243.9858271935702
1426,747.224,0.708680442238177,0.626080956217685,1494.448,2020_kk_257,Kusko,2020,0.707625269126481,0.621243275084771,-6.7620299489945e-4,1504.51461005574,1679.64805041547,2090.76,0.707620504797333,1243.9858271935702
1427,747.748,0.706801381156556,0.624425430979949,1495.496,2020_kk_257,Kusko,2020,0.707607536907635,0.620119796777278,-0.00112347830749238,1504.51461005574,1679.64805041547,2090.76,0.707620504797333,1243.9858271935702
1428,748.272,0.707928721348484,0.627073282326489,1496.544,2020_kk_257,Kusko,2020,0.707527257119275,0.618736503267941,-0.00138329350933686,1504.51461005574,1679.64805041547,2090.76,0.707620504797333,1243.9858271935702
1429,748.796,0.709548525667505,0.61635180791914,1497.592,2020_kk_257,Kusko,2020,0.707560858259445,0.617407430140358,-0.00132907312758379,1504.51461005574,1679.64805041547,2090.76,0.707620504797333,1243.9858271935702
1430,749.32,0.705971785340166,0.609351068510403,1498.64,2020_kk_257,Kusko,2020,0.707524465201757,0.616183078122364,-0.0012243520179942,1504.51461005574,1679.64805041547,2090.76,0.707620504797333,1243.9858271935702
1431,749.844,0.705049670338853,0.606010528692347,1499.688,2020_kk_257,Kusko,2020,0.70750333072125,0.615355995170562,-8.2708295180167e-4,1504.51461005574,1679.64805041547,2090.76,0.707620504797333,1243.9858271935702
1432,750.368,0.709052828348811,0.613580754529248,1500.736,2020_kk_257,Kusko,2020,0.707485460452793,0.614668432248793,-6.8756292176863e-4,1504.51461005574,1679.64805041547,2090.76,0.707620504797333,1243.9858271935702
1433,750.892,0.706363955559479,0.62449732615093,1501.784,2020_kk_257,Kusko,2020,0.707496603122175,0.614068202215259,-6.0023003353382e-4,1504.51461005574,1679.64805041547,2090.76,0.707620504797333,1243.9858271935702
1434,751.416,0.707323782081328,0.61561744328704,1502.832,2020_kk_257,Kusko,2020,0.707531685546843,0.613533107631338,-5.3509458392098e-4,1504.51461005574,1679.64805041547,2090.76,0.707620504797333,1243.9858271935702
1435,751.94,0.707254179967482,0.619986399863488,1503.88,2020_kk_257,Kusko,2020,0.707522700325782,0.613012676707189,-5.2043092414921e-4,1504.51461005574,1679.64805041547,2090.76,0.707620504797333,1243.9858271935702
1436,752.464,0.70744062854437,0.617691352513553,1504.928,2020_kk_257,Kusko,2020,0.707523704848118,0.612681304828872,-3.3137187831711e-4,1504.51461005574,1679.64805041547,2090.76,0.707620504797333,1243.9858271935702
1437,752.988,0.708075641444557,0.610170737021736,1505.976,2020_kk_257,Kusko,2020,0.707495413518238,0.612087578538291,-5.9372629058063e-4,1504.51461005574,1679.64805041547,2090.76,0.707620504797333,1243.9858271935702
1438,753.512,0.708051999831819,0.606269890829819,1507.024,2020_kk_257,Kusko,2020,0.707516026061073,0.611273382727126,-8.141958111657e-4,1504.51461005574,1679.64805041547,2090.76,0.707620504797333,1243.9858271935702
1439,754.036,0.710107437872805,0.604165886378047,1508.072,2020_kk_257,Kusko,2020,0.707519547350149,0.610360857899113,-9.1252482801229e-4,1504.51461005574,1679.64805041547,2090.76,0.707620504797333,1243.9858271935702
1440,754.56,0.707591373717405,0.603030724133612,1509.12,2020_kk_257,Kusko,2020,0.707548733961039,0.60939767443981,-9.6318345930324e-4,1504.51461005574,1679.64805041547,2090.76,0.707620504797333,1243.9858271935702
1441,755.084,0.70866050178936,0.606330488263841,1510.168,2020_kk_257,Kusko,2020,0.707543209549723,0.608670579055882,-7.270953839279e-4,1504.51461005574,1679.64805041547,2090.76,0.707620504797333,1243.9858271935702
1442,755.608,0.706725379697812,0.610133271104645,1511.216,2020_kk_257,Kusko,2020,0.707521249343964,0.607865130531308,-8.0544852457398e-4,1504.51461005574,1679.64805041547,2090.76,0.707620504797333,1243.9858271935702
1443,756.132,0.70815590771426,0.607230507686458,1512.264,2020_kk_257,Kusko,2020,0.707528785975801,0.607338991164599,-5.2613936670897e-4,1504.51461005574,1679.64805041547,2090.76,0.707620504797333,1243.9858271935702
1444,756.656,0.70803009502144,0.60234835802834,1513.312,2020_kk_257,Kusko,2020,0.707551405364675,0.606663863834563,-6.7512733003671e-4,1504.51461005574,1679.64805041547,2090.76,0.707620504797333,1243.9858271935702
1445,757.18,0.708142330719097,0.607496921781758,1514.36,2020_kk_257,Kusko,2020,0.707585793437086,0.606040214756643,-6.2364907791967e-4,1504.51461005574,1679.64805041547,2090.76,0.707620504797333,1243.9858271935702
1446,757.704,0.7071119720359,0.613235460374842,1515.408,2020_kk_257,Kusko,2020,0.707594632307271,0.605186286661201,-8.5392809544204e-4,1504.51461005574,1679.64805041547,2090.76,0.707620504797333,1243.9858271935702
1447,758.228,0.708803840387321,0.61076228430053,1516.456,2020_kk_257,Kusko,2020,0.70759922712667,0.603995051648786,-0.00119123501241536,1504.51461005574,1679.64805041547,2090.76,0.707620504797333,1243.9858271935702
1448,758.752,0.70727977019615,0.606339763631022,1517.504,2020_kk_257,Kusko,2020,0.707598626244377,0.602794224147462,-0.00120082750132322,1504.51461005574,1679.64805041547,2090.76,0.707620504797333,1243.9858271935702
1449,759.276,0.704591161190682,0.595996308138138,1518.552,2020_kk_257,Kusko,2020,0.707612129532613,0.6016076455075,-0.00118657863996285,1504.51461005574,1679.64805041547,2090.76,0.707620504797333,1243.9858271935702
1450,759.8,0.708741270274803,0.600158587139156,1519.6,2020_kk_257,Kusko,2020,0.707631833074772,0.60063543979248,-9.7220571501921e-4,1504.51461005574,1679.64805041547,2090.76,0.707620504797333,1243.9858271935702
1451,760.324,0.708827669642555,0.600823134223256,1520.648,2020_kk_257,Kusko,2020,0.707684041774611,0.59985633255102,-7.7910724146079e-4,1504.51461005574,1679.64805041547,2090.76,0.707620504797333,1243.9858271935702
1452,760.848,0.70656949823848,0.598495308266915,1521.696,2020_kk_257,Kusko,2020,0.707671875032118,0.599110064427169,-7.4626812385081e-4,1504.51461005574,1679.64805041547,2090.76,0.707620504797333,1243.9858271935702
1453,761.372,0.707927871334242,0.606341000351656,1522.744,2020_kk_257,Kusko,2020,0.707691732523819,0.598373961433652,-7.3610299351678e-4,1504.51461005574,1679.64805041547,2090.76,0.707620504797333,1243.9858271935702
1454,761.896,0.707951005577833,0.612410720889667,1523.792,2020_kk_257,Kusko,2020,0.70768547238873,0.597585124500192,-7.8883693345954e-4,1504.51461005574,1679.64805041547,2090.76,0.707620504797333,1243.9858271935702
1455,762.42,0.705868574674904,0.613891101511574,1524.84,2020_kk_257,Kusko,2020,0.707633812823888,0.596728972852856,-8.5615164733632e-4,1504.51461005574,1679.64805041547,2090.76,0.707620504797333,1243.9858271935702
1456,762.944,0.708271524206004,0.596409192640994,1525.888,2020_kk_257,Kusko,2020,0.7076214338322,0.596120938442204,-6.0803441065171e-4,1504.51461005574,1679.64805041547,2090.76,0.707620504797333,1243.9858271935702
1457,763.468,0.706926313885382,0.57173856611847,1526.936,2020_kk_257,Kusko,2020,0.707622875332568,0.59546062039662,-6.6031804558452e-4,1504.51461005574,1679.64805041547,2090.76,0.707620504797333,1243.9858271935702
1458,763.992,0.704586978299325,0.560271729114874,1527.984,2020_kk_257,Kusko,2020,0.70758383010373,0.594446761917607,-0.00101385847901225,1504.51461005574,1679.64805041547,2090.76,0.707620504797333,1243.9858271935702
1459,764.516,0.709724267705977,0.562093324667113,1529.032,2020_kk_257,Kusko,2020,0.707537874244229,0.593556803444749,-8.8995847285844e-4,1504.51461005574,1679.64805041547,2090.76,0.707620504797333,1243.9858271935702
1460,765.04,0.70543626181415,0.566287093159464,1530.08,2020_kk_257,Kusko,2020,0.707575057727567,0.592658253735077,-8.9854970967173e-4,1504.51461005574,1679.64805041547,2090.76,0.707620504797333,1243.9858271935702
1461,765.564,0.706510584845085,0.577046009621155,1531.128,2020_kk_257,Kusko,2020,0.707611690401336,0.591850594989734,-8.0765874534283e-4,1504.51461005574,1679.64805041547,2090.76,0.707620504797333,1243.9858271935702
1462,766.088,0.707362097988108,0.589184505523107,1532.176,2020_kk_257,Kusko,2020,0.707600232854252,0.590897662759373,-9.5293223036174e-4,1504.51461005574,1679.64805041547,2090.76,0.707620504797333,1243.9858271935702
1463,766.612,0.708070039937791,0.596122932571496,1533.224,2020_kk_257,Kusko,2020,0.707641881660795,0.589814871655847,-0.00108279110352538,1504.51461005574,1679.64805041547,2090.76,0.707620504797333,1243.9858271935702
1464,767.136,0.707425016478251,0.60055184247857,1534.272,2020_kk_257,Kusko,2020,0.707650431918045,0.58897620423954,-8.3866741630778e-4,1504.51461005574,1679.64805041547,2090.76,0.707620504797333,1243.9858271935702
1465,767.66,0.708769029491033,0.605049269938378,1535.32,2020_kk_257,Kusko,2020,0.707695042214328,0.588008988580476,-9.672156590631e-4,1504.51461005574,1679.64805041547,2090.76,0.707620504797333,1243.9858271935702
1466,768.184,0.707483277157385,0.61067554848421,1536.368,2020_kk_257,Kusko,2020,0.707700231598169,0.587226522729935,-7.8246585054164e-4,1504.51461005574,1679.64805041547,2090.76,0.707620504797333,1243.9858271935702
1467,768.708,0.707130217185914,0.608139229003454,1537.416,2020_kk_257,Kusko,2020,0.707723626508092,0.586506771175025,-7.1975155490988e-4,1504.51461005574,1679.64805041547,2090.76,0.707620504797333,1243.9858271935702
1468,769.232,0.7091694370161,0.598150460234042,1538.464,2020_kk_257,Kusko,2020,0.70769949064017,0.585852576451957,-6.5419472306826e-4,1504.51461005574,1679.64805041547,2090.76,0.707620504797333,1243.9858271935702
1469,769.756,0.707130535083798,0.593253977192749,1539.512,2020_kk_257,Kusko,2020,0.707659394087851,0.585201765310355,-6.5081114160159e-4,1504.51461005574,1679.64805041547,2090.76,0.707620504797333,1243.9858271935702
1470,770.28,0.709368116009444,0.586845381287742,1540.56,2020_kk_257,Kusko,2020,0.707637993945594,0.584598599756216,-6.0316555413897e-4,1504.51461005574,1679.64805041547,2090.76,0.707620504797333,1243.9858271935702
1471,770.804,0.707588784372374,0.590584130225882,1541.608,2020_kk_257,Kusko,2020,0.707639456628011,0.583975318644876,-6.2328111134035e-4,1504.51461005574,1679.64805041547,2090.76,0.707620504797333,1243.9858271935702
1472,771.328,0.706589381807245,0.58577601917333,1542.656,2020_kk_257,Kusko,2020,0.707651839886944,0.583247920425993,-7.2739821888256e-4,1504.51461005574,1679.64805041547,2090.76,0.707620504797333,1243.9858271935702
1473,771.852,0.707670355097384,0.586276089180161,1543.704,2020_kk_257,Kusko,2020,0.7076530692708,0.582544018658991,-7.039017670023e-4,1504.51461005574,1679.64805041547,2090.76,0.707620504797333,1243.9858271935702
1474,772.376,0.708037935906351,0.574384455068157,1544.752,2020_kk_257,Kusko,2020,0.707644503976714,0.581990820115528,-5.5319854346302e-4,1504.51461005574,1679.64805041547,2090.76,0.707620504797333,1243.9858271935702
1475,772.9,0.709282779309259,0.578087713901974,1545.8,2020_kk_257,Kusko,2020,0.707650248529882,0.581260543703428,-7.302764121001e-4,1504.51461005574,1679.64805041547,2090.76,0.707620504797333,1243.9858271935702
1476,773.424,0.706918326918008,0.569543659874744,1546.848,2020_kk_257,Kusko,2020,0.707685110358197,0.580394729016565,-8.6581468686242e-4,1504.51461005574,1679.64805041547,2090.76,0.707620504797333,1243.9858271935702
1477,773.948,0.707795143244347,0.564418346262836,1547.896,2020_kk_257,Kusko,2020,0.707650603181972,0.579352471260652,-0.00104225775591349,1504.51461005574,1679.64805041547,2090.76,0.707620504797333,1243.9858271935702
1478,774.472,0.708102682482195,0.567877337113767,1548.944,2020_kk_257,Kusko,2020,0.707699951353192,0.578400187723382,-9.5228353726939e-4,1504.51461005574,1679.64805041547,2090.76,0.707620504797333,1243.9858271935702
1479,774.996,0.707782987445913,0.568831214893523,1549.992,2020_kk_257,Kusko,2020,0.707751698508077,0.577647539814269,-7.5264790911355e-4,1504.51461005574,1679.64805041547,2090.76,0.707620504797333,1243.9858271935702
1480,775.52,0.708706608283513,0.578833942471534,1551.04,2020_kk_257,Kusko,2020,0.707733041795494,0.576809637446922,-8.3790236734693e-4,1504.51461005574,1679.64805041547,2090.76,0.707620504797333,1243.9858271935702
1481,776.044,0.708709653399598,0.582412738925196,1552.088,2020_kk_257,Kusko,2020,0.707731266802442,0.576036482155505,-7.7315529141697e-4,1504.51461005574,1679.64805041547,2090.76,0.707620504797333,1243.9858271935702
1482,776.568,0.708000320500742,0.583214913884361,1553.136,2020_kk_257,Kusko,2020,0.707752495053101,0.575474713423526,-5.6176873197855e-4,1504.51461005574,1679.64805041547,2090.76,0.707620504797333,1243.9858271935702
1483,777.092,0.707195706790374,0.58019545160802,1554.184,2020_kk_257,Kusko,2020,0.707736912134691,0.574985444196826,-4.8926922670078e-4,1504.51461005574,1679.64805041547,2090.76,0.707620504797333,1243.9858271935702
1484,777.616,0.707673067784569,0.577291302029433,1555.232,2020_kk_257,Kusko,2020,0.707717745782798,0.574439361830372,-5.4608236645392e-4,1504.51461005574,1679.64805041547,2090.76,0.707620504797333,1243.9858271935702
1485,778.14,0.705982137035032,0.57789518947738,1556.28,2020_kk_257,Kusko,2020,0.70774570876173,0.573881441412599,-5.5792041777302e-4,1504.51461005574,1679.64805041547,2090.76,0.707620504797333,1243.9858271935702
1486,778.664,0.707937702736931,0.589598891578582,1557.328,2020_kk_257,Kusko,2020,0.707731783645645,0.573630680379838,-2.5076103276089e-4,1504.51461005574,1679.64805041547,2090.76,0.707620504797333,1243.9858271935702
1487,779.188,0.706887871178647,0.584806348244876,1558.376,2020_kk_257,Kusko,2020,0.707763226706469,0.573805664399506,1.7498401966797e-4,1504.51461005574,1679.64805041547,2090.76,0.707620504797333,1243.9858271935702
1488,779.712,0.705586007618151,0.566241773585758,1559.424,2020_kk_257,Kusko,2020,0.707878825477394,0.574114728829339,3.0906442983358e-4,1504.51461005574,1679.64805041547,2090.76,0.707620504797333,1243.9858271935702
1489,780.236,0.706791174097466,0.562954299547636,1560.472,2020_kk_257,Kusko,2020,0.707836153416472,0.574410248227205,2.9551939786554e-4,1504.51461005574,1679.64805041547,2090.76,0.707620504797333,1243.9858271935702
1490,780.76,0.708202794340445,0.555438085930096,1561.52,2020_kk_257,Kusko,2020,0.707883561551597,0.574714025463805,3.0377723660035e-4,1504.51461005574,1679.64805041547,2090.76,0.707620504797333,1243.9858271935702
1491,781.284,0.707247630765018,0.557551003971775,1562.568,2020_kk_257,Kusko,2020,0.707886465786803,0.57475551910039,4.14936365844554e-5,1504.51461005574,1679.64805041547,2090.76,0.707620504797333,1243.9858271935702
1492,781.808,0.708365375523782,0.556404820707543,1563.616,2020_kk_257,Kusko,2020,0.707876574052896,0.57456764903484,-1.8787006554954e-4,1504.51461005574,1679.64805041547,2090.76,0.707620504797333,1243.9858271935702
1493,782.332,0.708862883952064,0.559529859939407,1564.664,2020_kk_257,Kusko,2020,0.707837401395392,0.574212351366943,-3.5529766789688e-4,1504.51461005574,1679.64805041547,2090.76,0.707620504797333,1243.9858271935702
1494,782.856,0.707836797516284,0.565297398308569,1565.712,2020_kk_257,Kusko,2020,0.70780283182041,0.573888869561657,-3.2348180528674e-4,1504.51461005574,1679.64805041547,2090.76,0.707620504797333,1243.9858271935702
1495,783.38,0.709930797744465,0.5619534603197,1566.76,2020_kk_257,Kusko,2020,0.707735403916693,0.573613157370387,-2.7571219126931e-4,1504.51461005574,1679.64805041547,2090.76,0.707620504797333,1243.9858271935702
1496,783.904,0.707751991574866,0.570743401481052,1567.808,2020_kk_257,Kusko,2020,0.707734524574532,0.57311905808637,-4.9409928401744e-4,1504.51461005574,1679.64805041547,2090.76,0.707620504797333,1243.9858271935702
1497,784.428,0.709479336039879,0.566985643727147,1568.856,2020_kk_257,Kusko,2020,0.707758804785178,0.572585888312503,-5.3316977386641e-4,1504.51461005574,1679.64805041547,2090.76,0.707620504797333,1243.9858271935702
1498,784.952,0.706603847756528,0.567018207445716,1569.904,2020_kk_257,Kusko,2020,0.707728755227494,0.572122527004796,-4.6336130770774e-4,1504.51461005574,1679.64805041547,2090.76,0.707620504797333,1243.9858271935702
1499,785.476,0.707701644733674,0.565117217881951,1570.952,2020_kk_257,Kusko,2020,0.707727865696215,0.571828945458927,-2.9358154586822e-4,1504.51461005574,1679.64805041547,2090.76,0.707620504797333,1243.9858271935702
1500,786,0.706307365181985,0.566840790885277,1572,2020_kk_257,Kusko,2020,0.70768959310418,0.57156887055562,-2.600749033077e-4,1504.51461005574,1679.64805041547,2090.76,0.707620504797333,1243.9858271935702
1501,786.524,0.708748262734393,0.568933621583419,1573.048,2020_kk_257,Kusko,2020,0.707692962372115,0.571172600508517,-3.9627004710307e-4,1504.51461005574,1679.64805041547,2090.76,0.707620504797333,1243.9858271935702
1502,787.048,0.707468375233772,0.566489377971692,1574.096,2020_kk_257,Kusko,2020,0.70767473563694006,0.570724096218387,-4.4850429012999e-4,1504.51461005574,1679.64805041547,2090.76,0.707620504797333,1243.9858271935702
1503,787.572,0.708229670745646,0.564996401666321,1575.144,2020_kk_257,Kusko,2020,0.707678050399365,0.570172757218318,-5.5133900006865e-4,1504.51461005574,1679.64805041547,2090.76,0.707620504797333,1243.9858271935702
1504,788.096,0.707516177376249,0.569156445420556,1576.192,2020_kk_257,Kusko,2020,0.70767455758003,0.569848453403132,-3.2430381518555e-4,1504.51461005574,1679.64805041547,2090.76,0.707620504797333,1243.9858271935702
1505,788.62,0.708487003909166,0.563680337055754,1577.24,2020_kk_257,Kusko,2020,0.707628426188438,0.569364820199471,-4.8363320366162e-4,1504.51461005574,1679.64805041547,2090.76,0.707620504797333,1243.9858271935702
1506,789.144,0.709203681734792,0.561286579163098,1578.288,2020_kk_257,Kusko,2020,0.707660823510425,0.568928252032806,-4.3656816666448e-4,1504.51461005574,1679.64805041547,2090.76,0.707620504797333,1243.9858271935702
1507,789.668,0.706733409813817,0.548226818945718,1579.336,2020_kk_257,Kusko,2020,0.707654459874485,0.568694603530207,-2.3364850259888e-4,1504.51461005574,1679.64805041547,2090.76,0.707620504797333,1243.9858271935702
1508,790.192,0.710240660469398,0.549202751394862,1580.384,2020_kk_257,Kusko,2020,0.707654436683619,0.568325671913928,-3.6893161627937e-4,1504.51461005574,1679.64805041547,2090.76,0.707620504797333,1243.9858271935702
1509,790.716,0.707695990483752,0.55083743359132,1581.432,2020_kk_257,Kusko,2020,0.707645395520772,0.567952829469059,-3.7284244486901e-4,1504.51461005574,1679.64805041547,2090.76,0.707620504797333,1243.9858271935702
1510,791.24,0.707621867519817,0.549884445098338,1582.48,2020_kk_257,Kusko,2020,0.707617621328672,0.567470312636309,-4.8251683275024e-4,1504.51461005574,1679.64805041547,2090.76,0.707620504797333,1243.9858271935702
1511,791.764,0.708721170059474,0.554433816738242,1583.528,2020_kk_257,Kusko,2020,0.707601018370774,0.5669085248718,-5.6178776450854e-4,1504.51461005574,1679.64805041547,2090.76,0.707620504797333,1243.9858271935702
1512,792.288,0.707843193277979,0.564789184348203,1584.576,2020_kk_257,Kusko,2020,0.707590988732428,0.566350919700761,-5.5760517103908e-4,1504.51461005574,1679.64805041547,2090.76,0.707620504797333,1243.9858271935702
1513,792.812,0.706992896229647,0.576984846749614,1585.624,2020_kk_257,Kusko,2020,0.707570325597585,0.565867329385951,-4.8359031481015e-4,1504.51461005574,1679.64805041547,2090.76,0.707620504797333,1243.9858271935702
1514,793.336,0.706801024464241,0.579645778902429,1586.672,2020_kk_257,Kusko,2020,0.707550339904717,0.565362476526517,-5.0485285943424e-4,1504.51461005574,1679.64805041547,2090.76,0.707620504797333,1243.9858271935702
1515,793.86,0.707546353410828,0.580415876445192,1587.72,2020_kk_257,Kusko,2020,0.707547219140923,0.564937911410552,-4.2456511596489e-4,1504.51461005574,1679.64805041547,2090.76,0.707620504797333,1243.9858271935702
1516,794.384,0.707436017240913,0.58136353067534,1588.768,2020_kk_257,Kusko,2020,0.707545350247935,0.564451159824707,-4.8675158584521e-4,1504.51461005574,1679.64805041547,2090.76,0.707620504797333,1243.9858271935702
1517,794.908,0.708812897534839,0.582237607298548,1589.816,2020_kk_257,Kusko,2020,0.707542971423454,0.563957054363463,-4.9410546124406e-4,1504.51461005574,1679.64805041547,2090.76,0.707620504797333,1243.9858271935702
1518,795.432,0.711522904554787,0.578815594904887,1590.864,2020_kk_257,Kusko,2020,0.707582463101104,0.563766367541628,-1.9068682183454e-4,1504.51461005574,1679.64805041547,2090.76,0.707620504797333,1243.9858271935702
1519,795.956,0.70716394405068,0.57982448853905,1591.912,2020_kk_257,Kusko,2020,0.707617358052295,0.563547684557399,-2.1868298422866e-4,1504.51461005574,1679.64805041547,2090.76,0.707620504797333,1243.9858271935702
1520,796.48,0.708280749921657,0.584513727355484,1592.96,2020_kk_257,Kusko,2020,0.707632102845027,0.56333131582256,-2.1636873483932e-4,1504.51461005574,1679.64805041547,2090.76,0.707620504797333,1243.9858271935702
1521,797.004,0.706684838957445,0.579535627816226,1594.008,2020_kk_257,Kusko,2020,0.70760781016414,0.56291869709871,-4.1261872385034e-4,1504.51461005574,1679.64805041547,2090.76,0.707620504797333,1243.9858271935702
1522,797.528,0.706768593953697,0.577912301590129,1595.056,2020_kk_257,Kusko,2020,0.707606473142624,0.562405738380202,-5.1295871850809e-4,1504.51461005574,1679.64805041547,2090.76,0.707620504797333,1243.9858271935702
1523,798.052,0.705719680487511,0.574805072497684,1596.104,2020_kk_257,Kusko,2020,0.707584443812778,0.561637638089152,-7.6810029104934e-4,1504.51461005574,1679.64805041547,2090.76,0.707620504797333,1243.9858271935702
1524,798.576,0.705350841979343,0.581142934161366,1597.152,2020_kk_257,Kusko,2020,0.707573834939283,0.560726736631956,-9.1090145719663e-4,1504.51461005574,1679.64805041547,2090.76,0.707620504797333,1243.9858271935702
1525,799.1,0.704723355268048,0.58850653846222,1598.2,2020_kk_257,Kusko,2020,0.707528328249589,0.560003459441699,-7.2327719025677e-4,1504.51461005574,1679.64805041547,2090.76,0.707620504797333,1243.9858271935702
1526,799.624,0.70743051662773,0.581029591443164,1599.248,2020_kk_257,Kusko,2020,0.707500772417277,0.559286864874044,-7.1659456765504e-4,1504.51461005574,1679.64805041547,2090.76,0.707620504797333,1243.9858271935702
1527,800.148,0.708587029824675,0.576149042571473,1600.296,2020_kk_257,Kusko,2020,0.707489831454344,0.558778818128595,-5.0804674544835e-4,1504.51461005574,1679.64805041547,2090.76,0.707620504797333,1243.9858271935702
1528,800.672,0.707366463555019,0.570348781771574,1601.344,2020_kk_257,Kusko,2020,0.707530850352235,0.558313466889773,-4.6535123882274e-4,1504.51461005574,1679.64805041547,2090.76,0.707620504797333,1243.9858271935702
1529,801.196,0.70707716320709,0.575639084440659,1602.392,2020_kk_257,Kusko,2020,0.70750653108236,0.558118294200561,-1.9517268921154e-4,1504.51461005574,1679.64805041547,2090.76,0.707620504797333,1243.9858271935702
1530,801.72,0.707071760487306,0.571240887089276,1603.44,2020_kk_257,Kusko,2020,0.707515809747781,0.558004761750234,-1.1353245032708e-4,1504.51461005574,1679.64805041547,2090.76,0.707620504797333,1243.9858271935702
1531,802.244,0.707790940448475,0.566807927399701,1604.488,2020_kk_257,Kusko,2020,0.707500953730002,0.557700509757889,-3.0425199234529e-4,1504.51461005574,1679.64805041547,2090.76,0.707620504797333,1243.9858271935702
1532,802.768,0.705495777696759,0.558865761765531,1605.536,2020_kk_257,Kusko,2020,0.707499035164558,0.557227050748769,-4.7345900911977e-4,1504.51461005574,1679.64805041547,2090.76,0.707620504797333,1243.9858271935702
1533,803.292,0.707869240842908,0.553195749176042,1606.584,2020_kk_257,Kusko,2020,0.707467317200165,0.556575590999153,-6.5145974961566e-4,1504.51461005574,1679.64805041547,2090.76,0.707620504797333,1243.9858271935702
1534,803.816,0.707828366746242,0.554926226157022,1607.632,2020_kk_257,Kusko,2020,0.707440743803406,0.555754846165764,-8.2074483338945e-4,1504.51461005574,1679.64805041547,2090.76,0.707620504797333,1243.9858271935702
1535,804.34,0.706514895813748,0.549069721682277,1608.68,2020_kk_257,Kusko,2020,0.707470975377659,0.555000005221708,-7.548409440562e-4,1504.51461005574,1679.64805041547,2090.76,0.707620504797333,1243.9858271935702
1536,804.864,0.708862166237234,0.543349569874874,1609.728,2020_kk_257,Kusko,2020,0.707412835584967,0.554273133150134,-7.268720715734e-4,1504.51461005574,1679.64805041547,2090.76,0.707620504797333,1243.9858271935702
1537,805.388,0.707413325087903,0.550399436106902,1610.776,2020_kk_257,Kusko,2020,0.707448927060638,0.553797229159611,-4.7590399052277e-4,1504.51461005574,1679.64805041547,2090.76,0.707620504797333,1243.9858271935702
1538,805.912,0.708101291030233,0.545741440137,1611.824,2020_kk_257,Kusko,2020,0.707403451190931,0.553288340546818,-5.0888861279374e-4,1504.51461005574,1679.64805041547,2090.76,0.707620504797333,1243.9858271935702
1539,806.436,0.707240517675129,0.546460668201383,1612.872,2020_kk_257,Kusko,2020,0.707369172130907,0.552789005356618,-4.9933519019929e-4,1504.51461005574,1679.64805041547,2090.76,0.707620504797333,1243.9858271935702
1540,806.96,0.707040156757475,0.549882932506518,1613.92,2020_kk_257,Kusko,2020,0.707377473167528,0.552303656167099,-4.8534918951936e-4,1504.51461005574,1679.64805041547,2090.76,0.707620504797333,1243.9858271935702
1541,807.484,0.707713475925716,0.548705473054678,1614.968,2020_kk_257,Kusko,2020,0.707347011107444,0.551842941197241,-4.6071496985822e-4,1504.51461005574,1679.64805041547,2090.76,0.707620504797333,1243.9858271935702
1542,808.008,0.707398542199978,0.549758603622019,1616.016,2020_kk_257,Kusko,2020,0.70733458454665,0.551262672449882,-5.8026874735894e-4,1504.51461005574,1679.64805041547,2090.76,0.707620504797333,1243.9858271935702
1543,808.532,0.705955918699825,0.551180032719415,1617.064,2020_kk_257,Kusko,2020,0.70736591315031,0.550593400442994,-6.6927200688815e-4,1504.51461005574,1679.64805041547,2090.76,0.707620504797333,1243.9858271935702
1544,809.056,0.706473926212505,0.547000130463375,1618.112,2020_kk_257,Kusko,2020,0.707409859971608,0.549827553692365,-7.658467506284e-4,1504.51461005574,1679.64805041547,2090.76,0.707620504797333,1243.9858271935702
1545,809.58,0.70579489120737,0.552421282519489,1619.16,2020_kk_257,Kusko,2020,0.707396410330116,0.549080184413658,-7.4736927870711e-4,1504.51461005574,1679.64805041547,2090.76,0.707620504797333,1243.9858271935702
1546,810.104,0.70782556915762,0.560393796427865,1620.208,2020_kk_257,Kusko,2020,0.70741788805819406,0.548363098407242,-7.1708600641606e-4,1504.51461005574,1679.64805041547,2090.76,0.707620504797333,1243.9858271935702
1547,810.628,0.706745141709813,0.555160020570227,1621.256,2020_kk_257,Kusko,2020,0.707385634110312,0.547646355445177,-7.167429620648e-4,1504.51461005574,1679.64805041547,2090.76,0.707620504797333,1243.9858271935702
1548,811.152,0.707955508277181,0.554800564275685,1622.304,2020_kk_257,Kusko,2020,0.707371151763871,0.546956839611968,-6.8951583320942e-4,1504.51461005574,1679.64805041547,2090.76,0.707620504797333,1243.9858271935702
1549,811.676,0.70888487116889,0.549833320493921,1623.352,2020_kk_257,Kusko,2020,0.707393938125244,0.546134420214932,-8.2241939703564e-4,1504.51461005574,1679.64805041547,2090.76,0.707620504797333,1243.9858271935702
1550,812.2,0.709087481904364,0.542455961839733,1624.4,2020_kk_257,Kusko,2020,0.70737880062844,0.54521925421467,-9.1516600026186e-4,1504.51461005574,1679.64805041547,2090.76,0.707620504797333,1243.9858271935702
1551,812.724,0.705790069911813,0.53279388054076,1625.448,2020_kk_257,Kusko,2020,0.7074227323325,0.544247886041322,-9.7136817334841e-4,1504.51461005574,1679.64805041547,2090.76,0.707620504797333,1243.9858271935702
1552,813.248,0.708285154232823,0.525627297597055,1626.496,2020_kk_257,Kusko,2020,0.707443591860607,0.54326289468059,-9.8499136073204e-4,1504.51461005574,1679.64805041547,2090.76,0.707620504797333,1243.9858271935702
1553,813.772,0.707541124161284,0.513443842476447,1627.544,2020_kk_257,Kusko,2020,0.70748133548365,0.542192728225054,-0.00107016645553626,1504.51461005574,1679.64805041547,2090.76,0.707620504797333,1243.9858271935702
1554,814.296,0.707200265106627,0.510643310876767,1628.592,2020_kk_257,Kusko,2020,0.707505228712975,0.540993932485454,-0.00119879573959936,1504.51461005574,1679.64805041547,2090.76,0.707620504797333,1243.9858271935702
1555,814.82,0.707200396362812,0.518556828904296,1629.64,2020_kk_257,Kusko,2020,0.707562656646245,0.539541856755457,-0.0014520757299978401,1504.51461005574,1679.64805041547,2090.76,0.707620504797333,1243.9858271935702
1556,815.344,0.706098641636117,0.52774772742175,1630.688,2020_kk_257,Kusko,2020,0.707555099459909,0.538254288197368,-0.0012875685580882,1504.51461005574,1679.64805041547,2090.76,0.707620504797333,1243.9858271935702
1557,815.868,0.708822878263937,0.536502839000246,1631.736,2020_kk_257,Kusko,2020,0.707531701548573,0.537009269094177,-0.00124501910319086,1504.51461005574,1679.64805041547,2090.76,0.707620504797333,1243.9858271935702
1558,816.392,0.709064981629947,0.539097133116356,1632.784,2020_kk_257,Kusko,2020,0.707502281618636,0.535890356815451,-0.00111891227872674,1504.51461005574,1679.64805041547,2090.76,0.707620504797333,1243.9858271935702
1559,816.916,0.706242488541214,0.55340685652926,1633.832,2020_kk_257,Kusko,2020,0.707510334757005,0.534680161285732,-0.00121019552971879,1504.51461005574,1679.64805041547,2090.76,0.707620504797333,1243.9858271935702
1560,817.44,0.70686408510722,0.560028843865647,1634.88,2020_kk_257,Kusko,2020,0.707526845016128,0.53345893493345,-0.00122122635228183,1504.51461005574,1679.64805041547,2090.76,0.707620504797333,1243.9858271935702
1561,817.964,0.707856901667635,0.550678502042706,1635.928,2020_kk_257,Kusko,2020,0.707520998339004,0.532239302127923,-0.00121963280552684,1504.51461005574,1679.64805041547,2090.76,0.707620504797333,1243.9858271935702
1562,818.488,0.707353261307155,0.5380818374245,1636.976,2020_kk_257,Kusko,2020,0.707537449091972,0.53101007579655,-0.00122922633137335,1504.51461005574,1679.64805041547,2090.76,0.707620504797333,1243.9858271935702
1563,819.012,0.706326592882047,0.52590881668938,1638.024,2020_kk_257,Kusko,2020,0.70755220952593,0.529843174919734,-0.0011669008768157,1504.51461005574,1679.64805041547,2090.76,0.707620504797333,1243.9858271935702
1564,819.536,0.70592177357072206,0.519911755417197,1639.072,2020_kk_257,Kusko,2020,0.707585191715641,0.528650783384832,-0.00119239153490225,1504.51461005574,1679.64805041547,2090.76,0.707620504797333,1243.9858271935702
1565,820.06,0.710300898364327,0.518389880412383,1640.12,2020_kk_257,Kusko,2020,0.707630949723777,0.527577632992896,-0.00107315039193567,1504.51461005574,1679.64805041547,2090.76,0.707620504797333,1243.9858271935702
1566,820.584,0.705715294173297,0.51767425486869,1641.168,2020_kk_257,Kusko,2020,0.707623127793798,0.526498798257683,-0.00107883473521297,1504.51461005574,1679.64805041547,2090.76,0.707620504797333,1243.9858271935702
1567,821.108,0.70889889835409,0.519672579514356,1642.216,2020_kk_257,Kusko,2020,0.70762873045353,0.525234293581181,-0.0012645046765023,1504.51461005574,1679.64805041547,2090.76,0.707620504797333,1243.9858271935702
1568,821.632,0.707512108286945,0.518669434627236,1643.264,2020_kk_257,Kusko,2020,0.707597732175455,0.523973771153627,-0.00126052242755426,1504.51461005574,1679.64805041547,2090.76,0.707620504797333,1243.9858271935702
1569,822.156,0.705639246882364,0.520877322179362,1644.312,2020_kk_257,Kusko,2020,0.707580308405497,0.522709247857887,-0.00126452329574001,1504.51461005574,1679.64805041547,2090.76,0.707620504797333,1243.9858271935702
1570,822.68,0.708119929717018,0.520763493727179,1645.36,2020_kk_257,Kusko,2020,0.70759529292429,0.521373006215242,-0.00133624164264445,1504.51461005574,1679.64805041547,2090.76,0.707620504797333,1243.9858271935702
1571,823.204,0.706893446454456,0.52679091854675,1646.408,2020_kk_257,Kusko,2020,0.707580099983767,0.520117320662782,-0.00125568555246069,1504.51461005574,1679.64805041547,2090.76,0.707620504797333,1243.9858271935702
1572,823.728,0.707097599630319,0.52997305950667,1647.456,2020_kk_257,Kusko,2020,0.707566039857207,0.519045280407931,-0.0010720402548503,1504.51461005574,1679.64805041547,2090.76,0.707620504797333,1243.9858271935702
1573,824.252,0.708872612449262,0.536828526336323,1648.504,2020_kk_257,Kusko,2020,0.707608944444493,0.518041336350509,-0.00100394405742266,1504.51461005574,1679.64805041547,2090.76,0.707620504797333,1243.9858271935702
1574,824.776,0.709437833742159,0.533694973864726,1649.552,2020_kk_257,Kusko,2020,0.707638107549313,0.517175111388192,-8.6622496231703e-4,1504.51461005574,1679.64805041547,2090.76,0.707620504797333,1243.9858271935702
1575,825.3,0.706739374921284,0.535573719722771,1650.6,2020_kk_257,Kusko,2020,0.70768188592821,0.516212550038737,-9.6256134945493e-4,1504.51461005574,1679.64805041547,2090.76,0.707620504797333,1243.9858271935702
1576,825.824,0.70872468092561,0.538338370290372,1651.648,2020_kk_257,Kusko,2020,0.707641472935648,0.515218128593244,-9.9442144549288e-4,1504.51461005574,1679.64805041547,2090.76,0.707620504797333,1243.9858271935702
1577,826.348,0.706877660661897,0.539233029574659,1652.696,2020_kk_257,Kusko,2020,0.707664518570283,0.514267216001652,-9.509125915913e-4,1504.51461005574,1679.64805041547,2090.76,0.707620504797333,1243.9858271935702
1578,826.872,0.710653963768335,0.537444644912325,1653.744,2020_kk_257,Kusko,2020,0.707668706058319,0.513300341562911,-9.6687443874177e-4,1504.51461005574,1679.64805041547,2090.76,0.707620504797333,1243.9858271935702
1579,827.396,0.70853112573306,0.530479324716908,1654.792,2020_kk_257,Kusko,2020,0.70762559612813,0.512249812021124,-0.00105052954178664,1504.51461005574,1679.64805041547,2090.76,0.707620504797333,1243.9858271935702
1580,827.92,0.707372500113417,0.52960376733977,1655.84,2020_kk_257,Kusko,2020,0.707567231889014,0.511234762699278,-0.00101504932184615,1504.51461005574,1679.64805041547,2090.76,0.707620504797333,1243.9858271935702
1581,828.444,0.709320741201059,0.521253537415315,1656.888,2020_kk_257,Kusko,2020,0.707578025139522,0.51033696559715,-8.9779710212767e-4,1504.51461005574,1679.64805041547,2090.76,0.707620504797333,1243.9858271935702
1582,828.968,0.708020165640123,0.518812819946209,1657.936,2020_kk_257,Kusko,2020,0.707565816820546,0.509588086950534,-7.4887864661654e-4,1504.51461005574,1679.64805041547,2090.76,0.707620504797333,1243.9858271935702
1583,829.492,0.707984297870066,0.510595085165507,1658.984,2020_kk_257,Kusko,2020,0.707580402852301,0.509059423780437,-5.2866317009714e-4,1504.51461005574,1679.64805041547,2090.76,0.707620504797333,1243.9858271935702
1584,830.016,0.706784435738862,0.509215189785403,1660.032,2020_kk_257,Kusko,2020,0.707578794721079,0.508628899212304,-4.3052456813252e-4,1504.51461005574,1679.64805041547,2090.76,0.707620504797333,1243.9858271935702
1585,830.54,0.708169031264234,0.501381994662355,1661.08,2020_kk_257,Kusko,2020,0.707566412750769,0.508122503730329,-5.0639548197506e-4,1504.51461005574,1679.64805041547,2090.76,0.707620504797333,1243.9858271935702
1586,831.064,0.706977085447553,0.503775477957866,1662.128,2020_kk_257,Kusko,2020,0.707606930156684,0.507343095005129,-7.7940872520043e-4,1504.51461005574,1679.64805041547,2090.76,0.707620504797333,1243.9858271935702
1587,831.588,0.707183155144525,0.501447896380023,1663.176,2020_kk_257,Kusko,2020,0.707600234122902,0.506349008929785,-9.9408607534379e-4,1504.51461005574,1679.64805041547,2090.76,0.707620504797333,1243.9858271935702
1588,832.112,0.705601267758794,0.503214045047975,1664.224,2020_kk_257,Kusko,2020,0.707553482468684,0.505070236775473,-0.00127877215431194,1504.51461005574,1679.64805041547,2090.76,0.707620504797333,1243.9858271935702
1589,832.636,0.70756035150923,0.503027352657533,1665.272,2020_kk_257,Kusko,2020,0.707592848238623,0.503491413905324,-0.00157882287014921,1504.51461005574,1679.64805041547,2090.76,0.707620504797333,1243.9858271935702
1590,833.16,0.708062376034695,0.497967305952365,1666.32,2020_kk_257,Kusko,2020,0.707566667093726,0.501836858312229,-0.00165455559309469,1504.51461005574,1679.64805041547,2090.76,0.707620504797333,1243.9858271935702
1591,833.684,0.707440139821015,0.493629959068087,1667.368,2020_kk_257,Kusko,2020,0.707598009264337,0.500348042278353,-0.00148881603387563,1504.51461005574,1679.64805041547,2090.76,0.707620504797333,1243.9858271935702
1592,834.208,0.706482822874884,0.485112181883131,1668.416,2020_kk_257,Kusko,2020,0.707569188470033,0.499142043473726,-0.00120599880462702,1504.51461005574,1679.64805041547,2090.76,0.707620504797333,1243.9858271935702
1593,834.732,0.708754866880368,0.483181696567103,1669.464,2020_kk_257,Kusko,2020,0.707569960407957,0.498234289614233,-9.0775385949282e-4,1504.51461005574,1679.64805041547,2090.76,0.707620504797333,1243.9858271935702
1594,835.256,0.709807298128869,0.483382734062883,1670.512,2020_kk_257,Kusko,2020,0.707622470371321,0.497480780810829,-7.535088034043e-4,1504.51461005574,1679.64805041547,2090.76,0.707620504797333,1243.9858271935702
1595,835.78,0.709260376301959,0.484680698166139,1671.56,2020_kk_257,Kusko,2020,0.707548255623437,0.496677719600293,-8.0306121053563e-4,1504.51461005574,1679.64805041547,2090.76,0.707620504797333,1243.9858271935702
1596,836.304,0.708392850438498,0.478619485762098,1672.608,2020_kk_257,Kusko,2020,0.707581648452652,0.495853035492146,-8.2468410814706e-4,1504.51461005574,1679.64805041547,2090.76,0.707620504797333,1243.9858271935702
1597,836.828,0.707749484671801,0.474529155516763,1673.656,2020_kk_257,Kusko,2020,0.707545487535875,0.49499829852606,-8.5473696608623e-4,1504.51461005574,1679.64805041547,2090.76,0.707620504797333,1243.9858271935702
1598,837.352,0.706241394345736,0.470110094483749,1674.704,2020_kk_257,Kusko,2020,0.707592815469028,0.49415155794318,-8.4674058288003e-4,1504.51461005574,1679.64805041547,2090.76,0.707620504797333,1243.9858271935702
1599,837.876,0.706195091477674,0.470589270456978,1675.752,2020_kk_257,Kusko,2020,0.70763107805003,0.493221844701711,-9.2971324146934e-4,1504.51461005574,1679.64805041547,2090.76,0.707620504797333,1243.9858271935702
1600,838.4,0.707939227885028,0.469708433947849,1676.8,2020_kk_257,Kusko,2020,0.707626370455521,0.492400104939078,-8.2173976263239e-4,1504.51461005574,1679.64805041547,2090.76,0.707620504797333,1243.9858271935702
1601,838.924,0.706801899494341,0.47336433990704,1677.848,2020_kk_257,Kusko,2020,0.707629078109374,0.49151576922294,-8.8433571613799e-4,1504.51461005574,1679.64805041547,2090.76,0.707620504797333,1243.9858271935702
1602,839.448,0.70655493460639,0.485436188331004,1678.896,2020_kk_257,Kusko,2020,0.707649927247351,0.490526571933864,-9.8919728907687e-4,1504.51461005574,1679.64805041547,2090.76,0.707620504797333,1243.9858271935702
1603,839.972,0.708530193936943,0.490943389274049,1679.944,2020_kk_257,Kusko,2020,0.707572778009952,0.489383342372163,-0.00114322956170043,1504.51461005574,1679.64805041547,2090.76,0.707620504797333,1243.9858271935702
1604,840.496,0.708223712501744,0.495026632724355,1680.992,2020_kk_257,Kusko,2020,0.707528788546401,0.488376526486557,-0.00100681588560653,1504.51461005574,1679.64805041547,2090.76,0.707620504797333,1243.9858271935702
1605,841.02,0.708421593941182,0.494667601552194,1682.04,2020_kk_257,Kusko,2020,0.707546116845001,0.48733231266335,-0.00104421382320674,1504.51461005574,1679.64805041547,2090.76,0.707620504797333,1243.9858271935702
1606,841.544,0.705400789603916,0.500728509698294,1683.088,2020_kk_257,Kusko,2020,0.707529898637186,0.486277256926596,-0.00105505573675402,1504.51461005574,1679.64805041547,2090.76,0.707620504797333,1243.9858271935702
1607,842.068,0.708127879787923,0.498105265074746,1684.136,2020_kk_257,Kusko,2020,0.707539411381243,0.485220868907005,-0.00105638801959096,1504.51461005574,1679.64805041547,2090.76,0.707620504797333,1243.9858271935702
1608,842.592,0.70820675755934,0.496788097951183,1685.184,2020_kk_257,Kusko,2020,0.707447962082578,0.484178860979585,-0.00104200792741971,1504.51461005574,1679.64805041547,2090.76,0.707620504797333,1243.9858271935702
1609,843.116,0.70629827535751,0.486801547986719,1686.232,2020_kk_257,Kusko,2020,0.707474101920426,0.483192227886547,-9.8663309303859e-4,1504.51461005574,1679.64805041547,2090.76,0.707620504797333,1243.9858271935702
1610,843.64,0.705585627557427,0.481553002528966,1687.28,2020_kk_257,Kusko,2020,0.707456461956697,0.482206806295761,-9.8542159078585e-4,1504.51461005574,1679.64805041547,2090.76,0.707620504797333,1243.9858271935702
1611,844.164,0.706437664942256,0.4789260544131,1688.328,2020_kk_257,Kusko,2020,0.707457500759631,0.481253795159757,-9.5301113600365e-4,1504.51461005574,1679.64805041547,2090.76,0.707620504797333,1243.9858271935702
1612,844.688,0.707552655094278,0.480694578800062,1689.376,2020_kk_257,Kusko,2020,0.707422591980199,0.480337861247458,-9.1593391229921e-4,1504.51461005574,1679.64805041547,2090.76,0.707620504797333,1243.9858271935702
1613,845.212,0.708416286066627,0.481724052270619,1690.424,2020_kk_257,Kusko,2020,0.707411258103392,0.479470963883352,-8.6689736410589e-4,1504.51461005574,1679.64805041547,2090.76,0.707620504797333,1243.9858271935702
1614,845.736,0.707103777233279,0.484811836788813,1691.472,2020_kk_257,Kusko,2020,0.707433369924675,0.478689367373158,-7.8159651019393e-4,1504.51461005574,1679.64805041547,2090.76,0.707620504797333,1243.9858271935702
1615,846.26,0.706457478144238,0.488173099985792,1692.52,2020_kk_257,Kusko,2020,0.70742167525075506,0.478150639477119,-5.3872789603903e-4,1504.51461005574,1679.64805041547,2090.76,0.707620504797333,1243.9858271935702
1616,846.784,0.708529685990971,0.480983203909731,1693.568,2020_kk_257,Kusko,2020,0.7074218929255,0.477601449692596,-5.4918978452278e-4,1504.51461005574,1679.64805041547,2090.76,0.707620504797333,1243.9858271935702
1617,847.308,0.708421116237059,0.476857674479613,1694.616,2020_kk_257,Kusko,2020,0.70740548486072,0.477127553790498,-4.7389590209789e-4,1504.51461005574,1679.64805041547,2090.76,0.707620504797333,1243.9858271935702
1618,847.832,0.706259882376856,0.462370803857644,1695.664,2020_kk_257,Kusko,2020,0.7074264028466,0.476621622037493,-5.0593175300495e-4,1504.51461005574,1679.64805041547,2090.76,0.707620504797333,1243.9858271935702
1619,848.356,0.708604434737543,0.458677484320304,1696.712,2020_kk_257,Kusko,2020,0.707395069504856,0.476052729447609,-5.6889258988451e-4,1504.51461005574,1679.64805041547,2090.76,0.707620504797333,1243.9858271935702
1620,848.88,0.705293216413387,0.460755508279966,1697.76,2020_kk_257,Kusko,2020,0.707380799530717,0.475523066622216,-5.296628253929e-4,1504.51461005574,1679.64805041547,2090.76,0.707620504797333,1243.9858271935702
1621,849.404,0.709737431904307,0.461349540010171,1698.808,2020_kk_257,Kusko,2020,0.707398208245229,0.475195546409098,-3.2752021311816e-4,1504.51461005574,1679.64805041547,2090.76,0.707620504797333,1243.9858271935702
1622,849.928,0.705624013648931,0.465721909146878,1699.856,2020_kk_257,Kusko,2020,0.707393833581987,0.474924737490118,-2.7080891897945e-4,1504.51461005574,1679.64805041547,2090.76,0.707620504797333,1243.9858271935702
1623,850.452,0.706372909157467,0.47144358511981,1700.904,2020_kk_257,Kusko,2020,0.707392278661041,0.47473228031644,-1.9245717367782e-4,1504.51461005574,1679.64805041547,2090.76,0.707620504797333,1243.9858271935702
1624,850.976,0.709072371372546,0.474701227212939,1701.952,2020_kk_257,Kusko,2020,0.707336045675607,0.474483339732759,-2.4894058368141e-4,1504.51461005574,1679.64805041547,2090.76,0.707620504797333,1243.9858271935702
1625,851.5,0.705848013491334,0.470206207780244,1703,2020_kk_257,Kusko,2020,0.707279251527174,0.474187503219931,-2.958365128281e-4,1504.51461005574,1679.64805041547,2090.76,0.707620504797333,1243.9858271935702
1626,852.024,0.707718863926172,0.468193208379866,1704.048,2020_kk_257,Kusko,2020,0.70724112040101506,0.4740830085095,-1.0449471043094e-4,1504.51461005574,1679.64805041547,2090.76,0.707620504797333,1243.9858271935702
1627,852.548,0.706729243347476,0.468388361549181,1705.096,2020_kk_257,Kusko,2020,0.707230605157448,0.474079353300844,-3.65520865575064e-6,1504.51461005574,1679.64805041547,2090.76,0.707620504797333,1243.9858271935702
1628,853.072,0.710351784276112,0.467864999654437,1706.144,2020_kk_257,Kusko,2020,0.707241832151322,0.474181872974875,1.0251967403118e-4,1504.51461005574,1679.64805041547,2090.76,0.707620504797333,1243.9858271935702
1629,853.596,0.707935001742491,0.465094527691201,1707.192,2020_kk_257,Kusko,2020,0.707235106776312,0.474269704130078,8.78311552021671e-5,1504.51461005574,1679.64805041547,2090.76,0.707620504797333,1243.9858271935702
1630,854.12,0.707837474046499,0.471459107969234,1708.24,2020_kk_257,Kusko,2020,0.707211670260086,0.474484303057432,2.1459892735448e-4,1504.51461005574,1679.64805041547,2090.76,0.707620504797333,1243.9858271935702
1631,854.644,0.707055905685589,0.473730775578471,1709.288,2020_kk_257,Kusko,2020,0.707247501776086,0.474641873358605,1.5757030117336e-4,1504.51461005574,1679.64805041547,2090.76,0.707620504797333,1243.9858271935702
1632,855.168,0.708348547908991,0.470621222162054,1710.336,2020_kk_257,Kusko,2020,0.707309019507423,0.474518949351482,-1.2292400712382e-4,1504.51461005574,1679.64805041547,2090.76,0.707620504797333,1243.9858271935702
1633,855.692,0.704243658205288,0.468234752634298,1711.384,2020_kk_257,Kusko,2020,0.707284900153255,0.474232385447642,-2.8656390383974e-4,1504.51461005574,1679.64805041547,2090.76,0.707620504797333,1243.9858271935702
1634,856.216,0.706798465929134,0.473286020728335,1712.432,2020_kk_257,Kusko,2020,0.707289853619406,0.473885109474478,-3.4727597316358e-4,1504.51461005574,1679.64805041547,2090.76,0.707620504797333,1243.9858271935702
1635,856.74,0.70777907283728,0.472920890330364,1713.48,2020_kk_257,Kusko,2020,0.707240779020686,0.47364000617792,-2.4510329655835e-4,1504.51461005574,1679.64805041547,2090.76,0.707620504797333,1243.9858271935702
1636,857.264,0.7077515884567,0.475035026085132,1714.528,2020_kk_257,Kusko,2020,0.707302476254115,0.473243368104195,-3.966380737248e-4,1504.51461005574,1679.64805041547,2090.76,0.707620504797333,1243.9858271935702
1637,857.788,0.707448425305315,0.475849748399202,1715.576,2020_kk_257,Kusko,2020,0.707287159416064,0.472966618830816,-2.7674927337917e-4,1504.51461005574,1679.64805041547,2090.76,0.707620504797333,1243.9858271935702
1638,858.312,0.705167005848416,0.474924169267141,1716.624,2020_kk_257,Kusko,2020,0.707269156003474,0.472774555499814,-1.9206333100207e-4,1504.51461005574,1679.64805041547,2090.76,0.707620504797333,1243.9858271935702
1639,858.836,0.710099516003943,0.471281339134591,1717.672,2020_kk_257,Kusko,2020,0.707265877637467,0.472838975649337,6.44201495230146e-5,1504.51461005574,1679.64805041547,2090.76,0.707620504797333,1243.9858271935702
1640,859.36,0.706314102289687,0.470478471892619,1718.72,2020_kk_257,Kusko,2020,0.707308670357876,0.472960466789734,1.2149114039739e-4,1504.51461005574,1679.64805041547,2090.76,0.707620504797333,1243.9858271935702
1641,859.884,0.709383069377089,0.464072869255093,1719.768,2020_kk_257,Kusko,2020,0.707334212760495,0.473206957192077,2.4649040234298e-4,1504.51461005574,1679.64805041547,2090.76,0.707620504797333,1243.9858271935702
1642,860.408,0.705925638874237,0.463856785208258,1720.816,2020_kk_257,Kusko,2020,0.707283481643024,0.473400011184875,1.9305399279812e-4,1504.51461005574,1679.64805041547,2090.76,0.707620504797333,1243.9858271935702
1643,860.932,0.707304265261625,0.458581243319154,1721.864,2020_kk_257,Kusko,2020,0.70724848871648,0.473570045726728,1.700345418521e-4,1504.51461005574,1679.64805041547,2090.76,0.707620504797333,1243.9858271935702
1644,861.456,0.708111145015855,0.462319399173767,1722.912,2020_kk_257,Kusko,2020,0.707261154093522,0.473587229518047,1.71837913193196e-5,1504.51461005574,1679.64805041547,2090.76,0.707620504797333,1243.9858271935702
1645,861.98,0.707467350829041,0.469058320900014,1723.96,2020_kk_257,Kusko,2020,0.707234780741166,0.473458611538362,-1.2861797968488e-4,1504.51461005574,1679.64805041547,2090.76,0.707620504797333,1243.9858271935702
1646,862.504,0.706990145932234,0.470824090886498,1725.008,2020_kk_257,Kusko,2020,0.707234748094594,0.473502789074837,4.41775364755093e-5,1504.51461005574,1679.64805041547,2090.76,0.707620504797333,1243.9858271935702
1647,863.028,0.706198671257689,0.473014142254147,1726.056,2020_kk_257,Kusko,2020,0.707182336930132,0.473624648551645,1.218594768072e-4,1504.51461005574,1679.64805041547,2090.76,0.707620504797333,1243.9858271935702
1648,863.552,0.7068563469116,0.472858139867676,1727.104,2020_kk_257,Kusko,2020,0.707195873346079,0.473978237813936,3.5358926229112e-4,1504.51461005574,1679.64805041547,2090.76,0.707620504797333,1243.9858271935702
1649,864.076,0.705680351004613,0.468893797264459,1728.152,2020_kk_257,Kusko,2020,0.70718093829828,0.474398981996024,4.2074418208831e-4,1504.51461005574,1679.64805041547,2090.76,0.707620504797333,1243.9858271935702
1650,864.6,0.707206177586342,0.46618753642879,1729.2,2020_kk_257,Kusko,2020,0.707190960311522,0.474739558169592,3.4057617356803e-4,1504.51461005574,1679.64805041547,2090.76,0.707620504797333,1243.9858271935702
1651,865.124,0.708484662691739,0.473978746280998,1730.248,2020_kk_257,Kusko,2020,0.707159697917535,0.47507954066745,3.3998249785766e-4,1504.51461005574,1679.64805041547,2090.76,0.707620504797333,1243.9858271935702
1652,865.648,0.706220343080356,0.468863646744364,1731.296,2020_kk_257,Kusko,2020,0.707209311586806,0.475441269685097,3.6172901764741e-4,1504.51461005574,1679.64805041547,2090.76,0.707620504797333,1243.9858271935702
1653,866.172,0.708661571623608,0.471634266146432,1732.344,2020_kk_257,Kusko,2020,0.707246750666347,0.475750129019716,3.0885933461832e-4,1504.51461005574,1679.64805041547,2090.76,0.707620504797333,1243.9858271935702
1654,866.696,0.706433319002854,0.468446299041997,1733.392,2020_kk_257,Kusko,2020,0.707227538279119,0.475968381383186,2.1825236347061e-4,1504.51461005574,1679.64805041547,2090.76,0.707620504797333,1243.9858271935702
1655,867.22,0.705852727395977,0.466930507396453,1734.44,2020_kk_257,Kusko,2020,0.707229097000243,0.47635167180713,3.832904239443e-4,1504.51461005574,1679.64805041547,2090.76,0.707620504797333,1243.9858271935702
1656,867.744,0.706104982868946,0.472349803136242,1735.488,2020_kk_257,Kusko,2020,0.707218948832189,0.476867834443475,5.1616263634435e-4,1504.51461005574,1679.64805041547,2090.76,0.707620504797333,1243.9858271935702
1657,868.268,0.707118570057824,0.47430984299742,1736.536,2020_kk_257,Kusko,2020,0.707185394975879,0.477291792811393,4.2395836791853e-4,1504.51461005574,1679.64805041547,2090.76,0.707620504797333,1243.9858271935702
1658,868.792,0.706915013978137,0.476261274925623,1737.584,2020_kk_257,Kusko,2020,0.707102573713128,0.477759503233277,4.6771042188342e-4,1504.51461005574,1679.64805041547,2090.76,0.707620504797333,1243.9858271935702
1659,869.316,0.705791568977088,0.475859139769107,1738.632,2020_kk_257,Kusko,2020,0.707080553710981,0.478215657002357,4.5615376907975e-4,1504.51461005574,1679.64805041547,2090.76,0.707620504797333,1243.9858271935702
1660,869.84,0.706533036911466,0.482584369589117,1739.68,2020_kk_257,Kusko,2020,0.707074895643989,0.478576719895,3.6106289264353e-4,1504.51461005574,1679.64805041547,2090.76,0.707620504797333,1243.9858271935702
1661,870.364,0.708951790454326,0.482818557977444,1740.728,2020_kk_257,Kusko,2020,0.707079637682508,0.478849763341606,2.7304344660594e-4,1504.51461005574,1679.64805041547,2090.76,0.707620504797333,1243.9858271935702
1662,870.888,0.710245998486601,0.478060747903571,1741.776,2020_kk_257,Kusko,2020,0.707037978937535,0.479196685966691,3.469226250849e-4,1504.51461005574,1679.64805041547,2090.76,0.707620504797333,1243.9858271935702
1663,871.412,0.707083032686918,0.473749555043665,1742.824,2020_kk_257,Kusko,2020,0.707081894305052,0.479630152655483,4.3346668879185e-4,1504.51461005574,1679.64805041547,2090.76,0.707620504797333,1243.9858271935702
1664,871.936,0.708520920470758,0.474190074334538,1743.872,2020_kk_257,Kusko,2020,0.707115984059866,0.480040708135001,4.1055547951807e-4,1504.51461005574,1679.64805041547,2090.76,0.707620504797333,1243.9858271935702
1665,872.46,0.705477118018018,0.479961403758694,1744.92,2020_kk_257,Kusko,2020,0.707112073920707,0.480446963178043,4.0625504304259e-4,1504.51461005574,1679.64805041547,2090.76,0.707620504797333,1243.9858271935702
1666,872.984,0.709102623609653,0.476930225274807,1745.968,2020_kk_257,Kusko,2020,0.707100500687208,0.4808268293122,3.7986613415708e-4,1504.51461005574,1679.64805041547,2090.76,0.707620504797333,1243.9858271935702
1667,873.508,0.707208869504863,0.481500308671995,1747.016,2020_kk_257,Kusko,2020,0.707086733547188,0.481116953085203,2.9012377300297e-4,1504.51461005574,1679.64805041547,2090.76,0.707620504797333,1243.9858271935702
1668,874.032,0.707126552803903,0.485264298091063,1748.064,2020_kk_257,Kusko,2020,0.707120133486307,0.48150809657137,3.9114348616625e-4,1504.51461005574,1679.64805041547,2090.76,0.707620504797333,1243.9858271935702
1669,874.556,0.706101573397109,0.490666756958098,1749.112,2020_kk_257,Kusko,2020,0.707052075110884,0.48195625254232,4.4815597095065e-4,1504.51461005574,1679.64805041547,2090.76,0.707620504797333,1243.9858271935702
1670,875.08,0.708153190781966,0.488842470952808,1750.16,2020_kk_257,Kusko,2020,0.707027021506125,0.482416195789195,4.5994324687476e-4,1504.51461005574,1679.64805041547,2090.76,0.707620504797333,1243.9858271935702
1671,875.604,0.707970209099422,0.493715478553679,1751.208,2020_kk_257,Kusko,2020,0.706960575113322,0.48301770038764,6.0150459844476e-4,1504.51461005574,1679.64805041547,2090.76,0.707620504797333,1243.9858271935702
1672,876.128,0.704508788045997,0.492277818367948,1752.256,2020_kk_257,Kusko,2020,0.706996722895307,0.483603470053651,5.8576966601137e-4,1504.51461005574,1679.64805041547,2090.76,0.707620504797333,1243.9858271935702
1673,876.652,0.706316710473974,0.491926124781743,1753.304,2020_kk_257,Kusko,2020,0.707007673084363,0.484314001003825,7.1053095017348e-4,1504.51461005574,1679.64805041547,2090.76,0.707620504797333,1243.9858271935702
1674,877.176,0.707863699855803,0.485842864267974,1754.352,2020_kk_257,Kusko,2020,0.706988830811006,0.485113243110637,7.992421068127e-4,1504.51461005574,1679.64805041547,2090.76,0.707620504797333,1243.9858271935702
1675,877.7,0.704875077002881,0.480456021204697,1755.4,2020_kk_257,Kusko,2020,0.706960284942247,0.485794496248386,6.8125313774841e-4,1504.51461005574,1679.64805041547,2090.76,0.707620504797333,1243.9858271935702
1676,878.224,0.708527727196675,0.483633856098263,1756.448,2020_kk_257,Kusko,2020,0.706964198232495,0.486426589351823,6.3209310343714e-4,1504.51461005574,1679.64805041547,2090.76,0.707620504797333,1243.9858271935702
1677,878.748,0.705276446369294,0.484169243088046,1757.496,2020_kk_257,Kusko,2020,0.706987746743289,0.486888752609644,4.6216325782139e-4,1504.51461005574,1679.64805041547,2090.76,0.707620504797333,1243.9858271935702
1678,879.272,0.707072067333698,0.483586159595112,1758.544,2020_kk_257,Kusko,2020,0.707011463467811,0.487195154167311,3.0640155766648e-4,1504.51461005574,1679.64805041547,2090.76,0.707620504797333,1243.9858271935702
1679,879.796,0.707708331869609,0.483922135245601,1759.592,2020_kk_257,Kusko,2020,0.706999510924787,0.487506117047646,3.1096288033505e-4,1504.51461005574,1679.64805041547,2090.76,0.707620504797333,1243.9858271935702
1680,880.32,0.705894537207887,0.481190078694049,1760.64,2020_kk_257,Kusko,2020,0.706995076354171,0.48779806188253,2.9194483488359e-4,1504.51461005574,1679.64805041547,2090.76,0.707620504797333,1243.9858271935702
1681,880.844,0.707861688265112,0.481748489881632,1761.688,2020_kk_257,Kusko,2020,0.70697035133617,0.488005763613699,2.077017311699e-4,1504.51461005574,1679.64805041547,2090.76,0.707620504797333,1243.9858271935702
1682,881.368,0.708600833805171,0.48742565020572,1762.736,2020_kk_257,Kusko,2020,0.706991839937942,0.488354898697018,3.4913508331885e-4,1504.51461005574,1679.64805041547,2090.76,0.707620504797333,1243.9858271935702
1683,881.892,0.708619253929958,0.489975145196909,1763.784,2020_kk_257,Kusko,2020,0.706941949131016,0.488803815713334,4.4891701631549e-4,1504.51461005574,1679.64805041547,2090.76,0.707620504797333,1243.9858271935702
1684,882.416,0.707919628138852,0.487796369021174,1764.832,2020_kk_257,Kusko,2020,0.706953259972789,0.489450963438459,6.471477251253e-4,1504.51461005574,1679.64805041547,2090.76,0.707620504797333,1243.9858271935702
1685,882.94,0.705941536758779,0.493203633216904,1765.88,2020_kk_257,Kusko,2020,0.706982403437753,0.490240649271411,7.8968583295174e-4,1504.51461005574,1679.64805041547,2090.76,0.707620504797333,1243.9858271935702
1686,883.464,0.707109973842925,0.499162966560526,1766.928,2020_kk_257,Kusko,2020,0.707039506375318,0.490981178632101,7.4052936069046e-4,1504.51461005574,1679.64805041547,2090.76,0.707620504797333,1243.9858271935702
1687,883.988,0.704716011968877,0.493825863624292,1767.976,2020_kk_257,Kusko,2020,0.707034182739282,0.491593654033196,6.1247540109504e-4,1504.51461005574,1679.64805041547,2090.76,0.707620504797333,1243.9858271935702
1688,884.512,0.705382508511034,0.495927624967441,1769.024,2020_kk_257,Kusko,2020,0.707056149209141,0.492027486852151,4.3383281895503e-4,1504.51461005574,1679.64805041547,2090.76,0.707620504797333,1243.9858271935702
1689,885.036,0.7066138016137,0.492463753835988,1770.072,2020_kk_257,Kusko,2020,0.70710682549857,0.492409800463154,3.8231361100271e-4,1504.51461005574,1679.64805041547,2090.76,0.707620504797333,1243.9858271935702
1690,885.56,0.707497990026978,0.493122881527844,1771.12,2020_kk_257,Kusko,2020,0.707133870843697,0.49260711726545803,1.973168023035e-4,1504.51461005574,1679.64805041547,2090.76,0.707620504797333,1243.9858271935702
1691,886.084,0.707340427996747,0.490113382374827,1772.168,2020_kk_257,Kusko,2020,0.707119502529635,0.49279274716819,1.856299027324e-4,1504.51461005574,1679.64805041547,2090.76,0.707620504797333,1243.9858271935702
1692,886.608,0.705849023210607,0.491436579667149,1773.216,2020_kk_257,Kusko,2020,0.707084329580111,0.4929660619338,1.7331476560955e-4,1504.51461005574,1679.64805041547,2090.76,0.707620504797333,1243.9858271935702
1693,887.132,0.706878580256288,0.494242753961805,1774.264,2020_kk_257,Kusko,2020,0.707073868999728,0.493253418146884,2.873562130839e-4,1504.51461005574,1679.64805041547,2090.76,0.707620504797333,1243.9858271935702
1694,887.656,0.708843851217999,0.497919349499419,1775.312,2020_kk_257,Kusko,2020,0.707057745933988,0.493674498140722,4.2107999383822e-4,1504.51461005574,1679.64805041547,2090.76,0.707620504797333,1243.9858271935702
1695,888.18,0.70754446448773,0.497296192912919,1776.36,2020_kk_257,Kusko,2020,0.7071153429286,0.493970309406645,2.9581126592326e-4,1504.51461005574,1679.64805041547,2090.76,0.707620504797333,1243.9858271935702
1696,888.704,0.707057194446759,0.497826994134556,1777.408,2020_kk_257,Kusko,2020,0.70707545659111,0.494303781969843,3.3347256319804e-4,1504.51461005574,1679.64805041547,2090.76,0.707620504797333,1243.9858271935702
1697,889.228,0.706622396904105,0.493257174779379,1778.456,2020_kk_257,Kusko,2020,0.707061061720194,0.49448746686608003,1.8368489623671e-4,1504.51461005574,1679.64805041547,2090.76,0.707620504797333,1243.9858271935702
1698,889.752,0.707171002195523,0.498392778437119,1779.504,2020_kk_257,Kusko,2020,0.707043513885458,0.494548879378323,6.14125122435083e-5,1504.51461005574,1679.64805041547,2090.76,0.707620504797333,1243.9858271935702
1699,890.276,0.706016013478616,0.498170697391629,1780.552,2020_kk_257,Kusko,2020,0.70711617308702,0.494583017800049,3.41384217256713e-5,1504.51461005574,1679.64805041547,2090.76,0.707620504797333,1243.9858271935702
1700,890.8,0.7048108860041,0.498075066705104,1781.6,2020_kk_257,Kusko,2020,0.707126519274526,0.494675407148091,9.23893480424542e-5,1504.51461005574,1679.64805041547,2090.76,0.707620504797333,1243.9858271935702
1701,891.324,0.70539628580893,0.500163145161782,1782.648,2020_kk_257,Kusko,2020,0.707125638917503,0.494764099802442,8.86926543507971e-5,1504.51461005574,1679.64805041547,2090.76,0.707620504797333,1243.9858271935702
1702,891.848,0.708094505793317,0.499002965168939,1783.696,2020_kk_257,Kusko,2020,0.707153252146009,0.494888578719917,1.2447891747441e-4,1504.51461005574,1679.64805041547,2090.76,0.707620504797333,1243.9858271935702
1703,892.372,0.707961276604982,0.501213100329564,1784.744,2020_kk_257,Kusko,2020,0.707231809074164,0.495024819529777,1.3624080986007e-4,1504.51461005574,1679.64805041547,2090.76,0.707620504797333,1243.9858271935702
1704,892.896,0.706980608614462,0.510273925582531,1785.792,2020_kk_257,Kusko,2020,0.707220835330535,0.495271934563241,2.4711503346425e-4,1504.51461005574,1679.64805041547,2090.76,0.707620504797333,1243.9858271935702
1705,893.42,0.705754598703512,0.50993350916492,1786.84,2020_kk_257,Kusko,2020,0.707243473022809,0.49551183030728,2.3989574403904e-4,1504.51461005574,1679.64805041547,2090.76,0.707620504797333,1243.9858271935702
1706,893.944,0.707224943347098,0.508749677092727,1787.888,2020_kk_257,Kusko,2020,0.707210795330636,0.495639232197357,1.2740189007659e-4,1504.51461005574,1679.64805041547,2090.76,0.707620504797333,1243.9858271935702
1707,894.468,0.707611581905296,0.50074393772343,1788.936,2020_kk_257,Kusko,2020,0.707271588290005,0.495713316301415,7.40841040580698e-5,1504.51461005574,1679.64805041547,2090.76,0.707620504797333,1243.9858271935702
1708,894.992,0.708279350382935,0.491242233327666,1789.984,2020_kk_257,Kusko,2020,0.707261890454333,0.495846145639291,1.328293378765e-4,1504.51461005574,1679.64805041547,2090.76,0.707620504797333,1243.9858271935702
1709,895.516,0.704963198423198,0.487551570084561,1791.032,2020_kk_257,Kusko,2020,0.70719293599292,0.496039262583371,1.9311694407953e-4,1504.51461005574,1679.64805041547,2090.76,0.707620504797333,1243.9858271935702
1710,896.04,0.70694010334936,0.483704226521806,1792.08,2020_kk_257,Kusko,2020,0.707228613456273,0.496332756835411,2.9349425204072e-4,1504.51461005574,1679.64805041547,2090.76,0.707620504797333,1243.9858271935702
1711,896.564,0.707001161611682,0.486440850151194,1793.128,2020_kk_257,Kusko,2020,0.707261109155002,0.496648724583408,3.1596774799658e-4,1504.51461005574,1679.64805041547,2090.76,0.707620504797333,1243.9858271935702
1712,897.088,0.707509659186669,0.489811751743495,1794.176,2020_kk_257,Kusko,2020,0.707216096185084,0.496916663811512,2.6793922810414e-4,1504.51461005574,1679.64805041547,2090.76,0.707620504797333,1243.9858271935702
1713,897.612,0.705668123208064,0.498569287125361,1795.224,2020_kk_257,Kusko,2020,0.707193107692581,0.497274290565328,3.5762675381551e-4,1504.51461005574,1679.64805041547,2090.76,0.707620504797333,1243.9858271935702
1714,898.136,0.70711196950922806,0.507275162549516,1796.272,2020_kk_257,Kusko,2020,0.707154757391522,0.497618640631699,3.4435006637106e-4,1504.51461005574,1679.64805041547,2090.76,0.707620504797333,1243.9858271935702
1715,898.66,0.70760133529384,0.514311657373558,1797.32,2020_kk_257,Kusko,2020,0.707174342238669,0.49787945319022,2.60812558521e-4,1504.51461005574,1679.64805041547,2090.76,0.707620504797333,1243.9858271935702
1716,899.184,0.709531159122807,0.516781564777669,1798.368,2020_kk_257,Kusko,2020,0.70720716623379,0.498034265715878,1.5481252565841e-4,1504.51461005574,1679.64805041547,2090.76,0.707620504797333,1243.9858271935702
1717,899.708,0.70679915189566,0.511058367063123,1799.416,2020_kk_257,Kusko,2020,0.707253635264617,0.49829233052762,2.5806481174151e-4,1504.51461005574,1679.64805041547,2090.76,0.707620504797333,1243.9858271935702
1718,900.232,0.708233002169686,0.502291244062925,1800.464,2020_kk_257,Kusko,2020,0.70733910030667,0.498568187723182,2.7585719556277e-4,1504.51461005574,1679.64805041547,2090.76,0.707620504797333,1243.9858271935702
1719,900.756,0.708832146342824,0.498797956429273,1801.512,2020_kk_257,Kusko,2020,0.70735383888665,0.498768108160329,1.9992043714628e-4,1504.51461005574,1679.64805041547,2090.76,0.707620504797333,1243.9858271935702
1720,901.28,0.708155757619076,0.494423377727327,1802.56,2020_kk_257,Kusko,2020,0.707331987250099,0.498864499829827,9.63916694984301e-5,1504.51461005574,1679.64805041547,2090.76,0.707620504797333,1243.9858271935702
1721,901.804,0.708089691610608,0.493956352141389,1803.608,2020_kk_257,Kusko,2020,0.707317534951667,0.499101800534964,2.3730070513722e-4,1504.51461005574,1679.64805041547,2090.76,0.707620504797333,1243.9858271935702
1722,902.328,0.70813562151517,0.488459633840146,1804.656,2020_kk_257,Kusko,2020,0.707353333936904,0.499365846297057,2.6404576209265e-4,1504.51461005574,1679.64805041547,2090.76,0.707620504797333,1243.9858271935702
1723,902.852,0.706455397863965,0.490990927828699,1805.704,2020_kk_257,Kusko,2020,0.707386318307032,0.499744943218885,3.7909692182824e-4,1504.51461005574,1679.64805041547,2090.76,0.707620504797333,1243.9858271935702
1724,903.376,0.707553536526342,0.499454873964832,1806.752,2020_kk_257,Kusko,2020,0.707349735026566,0.500092903844093,3.4796062520786e-4,1504.51461005574,1679.64805041547,2090.76,0.707620504797333,1243.9858271935702
1725,903.9,0.708932937694757,0.497710079714091,1807.8,2020_kk_257,Kusko,2020,0.707330843371225,0.50030361999849,2.1071615439738e-4,1504.51461005574,1679.64805041547,2090.76,0.707620504797333,1243.9858271935702
1726,904.424,0.706709443360249,0.49693857906669,1808.848,2020_kk_257,Kusko,2020,0.707329148018452,0.500487852901298,1.8423290280744e-4,1504.51461005574,1679.64805041547,2090.76,0.707620504797333,1243.9858271935702
1727,904.948,0.706345177249898,0.492521402446199,1809.896,2020_kk_257,Kusko,2020,0.707345710232198,0.500868379978624,3.8052707732583e-4,1504.51461005574,1679.64805041547,2090.76,0.707620504797333,1243.9858271935702
1728,905.472,0.706073682719726,0.488949048825671,1810.944,2020_kk_257,Kusko,2020,0.707363303631705,0.501248396433737,3.8001645511287e-4,1504.51461005574,1679.64805041547,2090.76,0.707620504797333,1243.9858271935702
1729,905.996,0.710461125490856,0.492715062261639,1811.992,2020_kk_257,Kusko,2020,0.707375082528945,0.501732195148085,4.8379871434833e-4,1504.51461005574,1679.64805041547,2090.76,0.707620504797333,1243.9858271935702
1730,906.52,0.708773962032343,0.494385831835355,1813.04,2020_kk_257,Kusko,2020,0.707445549781204,0.502013375907742,2.8118075965677e-4,1504.51461005574,1679.64805041547,2090.76,0.707620504797333,1243.9858271935702
1731,907.044,0.707917387678011,0.499037037814727,1814.088,2020_kk_257,Kusko,2020,0.707455609018495,0.502307128051609,2.9375214386739e-4,1504.51461005574,1679.64805041547,2090.76,0.707620504797333,1243.9858271935702
1732,907.568,0.706165581756366,0.499746553416412,1815.136,2020_kk_257,Kusko,2020,0.707469177851864,0.502633135295171,3.2600724356224e-4,1504.51461005574,1679.64805041547,2090.76,0.707620504797333,1243.9858271935702
1733,908.092,0.71103012616327,0.50010057337335,1816.184,2020_kk_257,Kusko,2020,0.70746009593687,0.502908308666483,2.7517337131177e-4,1504.51461005574,1679.64805041547,2090.76,0.707620504797333,1243.9858271935702
1734,908.616,0.707205275238066,0.500669766275827,1817.232,2020_kk_257,Kusko,2020,0.707440582753669,0.503047974943476,1.3966627699235e-4,1504.51461005574,1679.64805041547,2090.76,0.707620504797333,1243.9858271935702
1735,909.14,0.70623333853934,0.494849765847039,1818.28,2020_kk_257,Kusko,2020,0.707476942449758,0.503288272611794,2.4029766831801e-4,1504.51461005574,1679.64805041547,2090.76,0.707620504797333,1243.9858271935702
1736,909.664,0.70656706566626,0.491277969502861,1819.328,2020_kk_257,Kusko,2020,0.707451774072888,0.503451501136557,1.6322852476335e-4,1504.51461005574,1679.64805041547,2090.76,0.707620504797333,1243.9858271935702
1737,910.188,0.708924023931462,0.48861428933153,1820.376,2020_kk_257,Kusko,2020,0.707464281933405,0.503587217555835,1.3571641927767e-4,1504.51461005574,1679.64805041547,2090.76,0.707620504797333,1243.9858271935702
1738,910.712,0.706490197193367,0.491555919867703,1821.424,2020_kk_257,Kusko,2020,0.707454934521198,0.503821735894968,2.3451833913346e-4,1504.51461005574,1679.64805041547,2090.76,0.707620504797333,1243.9858271935702
1739,911.236,0.703571064184815,0.495509151890372,1822.472,2020_kk_257,Kusko,2020,0.707455832960919,0.504273094201093,4.5135830612541e-4,1504.51461005574,1679.64805041547,2090.76,0.707620504797333,1243.9858271935702
1740,911.76,0.708035185009107,0.498799733816493,1823.52,2020_kk_257,Kusko,2020,0.707454017173654,0.504722723956855,4.4962975576179e-4,1504.51461005574,1679.64805041547,2090.76,0.707620504797333,1243.9858271935702
1741,912.284,0.709811430188822,0.500706554761427,1824.568,2020_kk_257,Kusko,2020,0.707458997004076,0.50522879026611,5.0606630925464e-4,1504.51461005574,1679.64805041547,2090.76,0.707620504797333,1243.9858271935702
1742,912.808,0.705900055610089,0.503502003891967,1825.616,2020_kk_257,Kusko,2020,0.707413530959092,0.505521879072668,2.9308880655842e-4,1504.51461005574,1679.64805041547,2090.76,0.707620504797333,1243.9858271935702
1743,913.332,0.707239944379789,0.51143275042584,1826.664,2020_kk_257,Kusko,2020,0.707420074736356,0.505678581660714,1.5670258804545e-4,1504.51461005574,1679.64805041547,2090.76,0.707620504797333,1243.9858271935702
1744,913.856,0.705618610075291,0.508457373003435,1827.712,2020_kk_257,Kusko,2020,0.70743891268168,0.505690354915474,1.17732547603167e-5,1504.51461005574,1679.64805041547,2090.76,0.707620504797333,1243.9858271935702
1745,914.38,0.707116627587595,0.508852386728166,1828.76,2020_kk_257,Kusko,2020,0.707448104989567,0.505515350811747,-1.7500410372706e-4,1504.51461005574,1679.64805041547,2090.76,0.707620504797333,1243.9858271935702
1746,914.904,0.709079413550219,0.508451718100031,1829.808,2020_kk_257,Kusko,2020,0.707400584707755,0.505333983216102,-1.8136759564546e-4,1504.51461005574,1679.64805041547,2090.76,0.707620504797333,1243.9858271935702
1747,915.428,0.707504153818487,0.509309752328783,1830.856,2020_kk_257,Kusko,2020,0.707415107591779,0.50526225903957,-7.17241765311183e-5,1504.51461005574,1679.64805041547,2090.76,0.707620504797333,1243.9858271935702
1748,915.952,0.71051041103418,0.512479056701207,1831.904,2020_kk_257,Kusko,2020,0.707423448663748,0.505273523414401,1.12643748305663e-5,1504.51461005574,1679.64805041547,2090.76,0.707620504797333,1243.9858271935702
1749,916.476,0.707498116412535,0.504458980064766,1832.952,2020_kk_257,Kusko,2020,0.707373582093038,0.505478692468632,2.051690542314e-4,1504.51461005574,1679.64805041547,2090.76,0.707620504797333,1243.9858271935702
1750,917,0.706186891833915,0.498906381697747,1834,2020_kk_257,Kusko,2020,0.707403760506828,0.50579725933528,3.1856686664733e-4,1504.51461005574,1679.64805041547,2090.76,0.707620504797333,1243.9858271935702
1751,917.524,0.706473290090856,0.504351424683062,1835.048,2020_kk_257,Kusko,2020,0.707414224491138,0.506111397800528,3.1413846524797e-4,1504.51461005574,1679.64805041547,2090.76,0.707620504797333,1243.9858271935702
1752,918.048,0.707996962324765,0.507279325392708,1836.096,2020_kk_257,Kusko,2020,0.707421022437648,0.506594866135007,4.8346833447965e-4,1504.51461005574,1679.64805041547,2090.76,0.707620504797333,1243.9858271935702
1753,918.572,0.708857642463994,0.516988569271501,1837.144,2020_kk_257,Kusko,2020,0.707423956568461,0.506977836806856,3.8297067184878e-4,1504.51461005574,1679.64805041547,2090.76,0.707620504797333,1243.9858271935702
1754,919.096,0.706648854390029,0.518796987011892,1838.192,2020_kk_257,Kusko,2020,0.707410690619016,0.507177562411162,1.9972560430603e-4,1504.51461005574,1679.64805041547,2090.76,0.707620504797333,1243.9858271935702
1755,919.62,0.706410965167273,0.50993916217676,1839.24,2020_kk_257,Kusko,2020,0.70740307952819,0.507494694759862,3.1713234869978e-4,1504.51461005574,1679.64805041547,2090.76,0.707620504797333,1243.9858271935702
1756,920.144,0.706955473280356,0.508880968303,1840.288,2020_kk_257,Kusko,2020,0.707362474447898,0.507710890147612,2.161953877503e-4,1504.51461005574,1679.64805041547,2090.76,0.707620504797333,1243.9858271935702
1757,920.668,0.707616129728924,0.516088799418932,1841.336,2020_kk_257,Kusko,2020,0.707390602606334,0.508043204681479,3.3231453386717e-4,1504.51461005574,1679.64805041547,2090.76,0.707620504797333,1243.9858271935702
1758,921.192,0.708226606165938,0.521193765743888,1842.384,2020_kk_257,Kusko,2020,0.707375407544375,0.508576039726076,5.3283504459678e-4,1504.51461005574,1679.64805041547,2090.76,0.707620504797333,1243.9858271935702
1759,921.716,0.706722747312986,0.527198620252528,1843.432,2020_kk_257,Kusko,2020,0.707303804043484,0.509112397699958,5.3635797388174e-4,1504.51461005574,1679.64805041547,2090.76,0.707620504797333,1243.9858271935702
1760,922.24,0.709038921139632,0.514945912284513,1844.48,2020_kk_257,Kusko,2020,0.707297428025329,0.509687373730383,5.7497603042544e-4,1504.51461005574,1679.64805041547,2090.76,0.707620504797333,1243.9858271935702
1761,922.764,0.705999840046417,0.51778827379383,1845.528,2020_kk_257,Kusko,2020,0.707319724946214,0.510230700867259,5.4332713687532e-4,1504.51461005574,1679.64805041547,2090.76,0.707620504797333,1243.9858271935702
1762,923.288,0.708908635795473,0.51856339978267,1846.576,2020_kk_257,Kusko,2020,0.707333486607867,0.510800008662381,5.6930779512232e-4,1504.51461005574,1679.64805041547,2090.76,0.707620504797333,1243.9858271935702
1763,923.812,0.707416361705306,0.517723502608273,1847.624,2020_kk_257,Kusko,2020,0.707288346475817,0.51146745075687,6.6744209448921e-4,1504.51461005574,1679.64805041547,2090.76,0.707620504797333,1243.9858271935702
1764,924.336,0.705809817622391,0.518653902202075,1848.672,2020_kk_257,Kusko,2020,0.707297220402128,0.511980656750769,5.132059938987e-4,1504.51461005574,1679.64805041547,2090.76,0.707620504797333,1243.9858271935702
1765,924.86,0.707936180468879,0.524351369264001,1849.72,2020_kk_257,Kusko,2020,0.707316401239346,0.512507300176956,5.2664342618724e-4,1504.51461005574,1679.64805041547,2090.76,0.707620504797333,1243.9858271935702
1766,925.384,0.705714840734907,0.518543388578525,1850.768,2020_kk_257,Kusko,2020,0.707293855355615,0.513002893541621,4.9559336466453e-4,1504.51461005574,1679.64805041547,2090.76,0.707620504797333,1243.9858271935702
1767,925.908,0.708362053536275,0.50888692288009,1851.816,2020_kk_257,Kusko,2020,0.707271550678756,0.513555614685508,5.5272114388749e-4,1504.51461005574,1679.64805041547,2090.76,0.707620504797333,1243.9858271935702
1768,926.432,0.707718505650525,0.50531333367568,1852.864,2020_kk_257,Kusko,2020,0.707321274710662,0.514057445030771,5.0183034526307e-4,1504.51461005574,1679.64805041547,2090.76,0.707620504797333,1243.9858271935702
1769,926.956,0.705017104806438,0.514633068452084,1853.912,2020_kk_257,Kusko,2020,0.707378394630773,0.514481886220901,4.2444119012941e-4,1504.51461005574,1679.64805041547,2090.76,0.707620504797333,1243.9858271935702
1770,927.48,0.706831156113498,0.510682011867514,1854.96,2020_kk_257,Kusko,2020,0.707385335378699,0.514920733992344,4.3884777144287e-4,1504.51461005574,1679.64805041547,2090.76,0.707620504797333,1243.9858271935702
1771,928.004,0.707299951436979,0.516804828706474,1856.008,2020_kk_257,Kusko,2020,0.707356907985898,0.515415190972607,4.9445698026362e-4,1504.51461005574,1679.64805041547,2090.76,0.707620504797333,1243.9858271935702
1772,928.528,0.70478169648766,0.507397080136999,1857.056,2020_kk_257,Kusko,2020,0.707346410217818,0.51593951084531,5.2431987270273e-4,1504.51461005574,1679.64805041547,2090.76,0.707620504797333,1243.9858271935702
1773,929.052,0.706060749843897,0.507971442408094,1858.104,2020_kk_257,Kusko,2020,0.707379555907726,0.516492396423377,5.5288557806743e-4,1504.51461005574,1679.64805041547,2090.76,0.707620504797333,1243.9858271935702
1774,929.576,0.708242246228653,0.507981557835136,1859.152,2020_kk_257,Kusko,2020,0.707402979498956,0.517219322818645,7.2692639526716e-4,1504.51461005574,1679.64805041547,2090.76,0.707620504797333,1243.9858271935702
1775,930.1,0.708152873767069,0.503811411149931,1860.2,2020_kk_257,Kusko,2020,0.707373611951784,0.517951338654491,7.3201583584692e-4,1504.51461005574,1679.64805041547,2090.76,0.707620504797333,1243.9858271935702
1776,930.624,0.706679942214081,0.505899509038947,1861.248,2020_kk_257,Kusko,2020,0.707372008790198,0.518636943545188,6.8560489069646e-4,1504.51461005574,1679.64805041547,2090.76,0.707620504797333,1243.9858271935702
1777,931.148,0.707670524937088,0.506754916471252,1862.296,2020_kk_257,Kusko,2020,0.707346784636426,0.519145003530876,5.0805998568792e-4,1504.51461005574,1679.64805041547,2090.76,0.707620504797333,1243.9858271935702
1778,931.672,0.708733466487876,0.502967106552761,1863.344,2020_kk_257,Kusko,2020,0.707301852583239,0.51952966381647,3.8466028559403e-4,1504.51461005574,1679.64805041547,2090.76,0.707620504797333,1243.9858271935702
1779,932.196,0.705840152100212,0.511108099683156,1864.392,2020_kk_257,Kusko,2020,0.70733686031567,0.519908228068745,3.7856425227467e-4,1504.51461005574,1679.64805041547,2090.76,0.707620504797333,1243.9858271935702
1780,932.72,0.709966462446443,0.51353738972617,1865.44,2020_kk_257,Kusko,2020,0.70735328323308,0.520476372855105,5.6814478636058e-4,1504.51461005574,1679.64805041547,2090.76,0.707620504797333,1243.9858271935702
1781,933.244,0.70871753066925,0.512804660056264,1866.488,2020_kk_257,Kusko,2020,0.70739523251546,0.520870461093162,3.9408823805653e-4,1504.51461005574,1679.64805041547,2090.76,0.707620504797333,1243.9858271935702
1782,933.768,0.708543498305723,0.517467733908925,1867.536,2020_kk_257,Kusko,2020,0.707416876052305,0.521179859388257,0.00030939829509524003,1504.51461005574,1679.64805041547,2090.76,0.707620504797333,1243.9858271935702
1783,934.292,0.70663144571278,0.513969168139628,1868.584,2020_kk_257,Kusko,2020,0.707358063439941,0.521274850140398,9.49907521409221e-5,1504.51461005574,1679.64805041547,2090.76,0.707620504797333,1243.9858271935702
1784,934.816,0.706757579559611,0.511438410223192,1869.632,2020_kk_257,Kusko,2020,0.707355657850868,0.521277772946597,2.92280619951235e-6,1504.51461005574,1679.64805041547,2090.76,0.707620504797333,1243.9858271935702
1785,935.34,0.708476272245192,0.516738020636076,1870.68,2020_kk_257,Kusko,2020,0.707378264261558,0.521421978172682,1.4420522608471e-4,1504.51461005574,1679.64805041547,2090.76,0.707620504797333,1243.9858271935702
1786,935.864,0.704273138542753,0.509910302331713,1871.728,2020_kk_257,Kusko,2020,0.70742448177111406,0.521579096315819,1.5711814313734e-4,1504.51461005574,1679.64805041547,2090.76,0.707620504797333,1243.9858271935702
1787,936.388,0.708032866756041,0.512460274478231,1872.776,2020_kk_257,Kusko,2020,0.707415459871357,0.521538325729731,-4.07705860879792e-5,1504.51461005574,1679.64805041547,2090.76,0.707620504797333,1243.9858271935702
1788,936.912,0.705161979002196,0.520919151501479,1873.824,2020_kk_257,Kusko,2020,0.707397233260319,0.521354870168812,-1.8345556091981e-4,1504.51461005574,1679.64805041547,2090.76,0.707620504797333,1243.9858271935702
1789,937.436,0.70616491543739,0.524896540694538,1874.872,2020_kk_257,Kusko,2020,0.707413585126106,0.520917544163215,-4.3732600559698e-4,1504.51461005574,1679.64805041547,2090.76,0.707620504797333,1243.9858271935702
1790,937.96,0.70839140094303,0.528884393660881,1875.92,2020_kk_257,Kusko,2020,0.707418161703793,0.520741974587573,-1.7556957564157e-4,1504.51461005574,1679.64805041547,2090.76,0.707620504797333,1243.9858271935702
1791,938.484,0.709255202931122,0.531636666027246,1876.968,2020_kk_257,Kusko,2020,0.707459689935524,0.520597276066202,-1.4469852137155e-4,1504.51461005574,1679.64805041547,2090.76,0.707620504797333,1243.9858271935702
1792,939.008,0.70699128145555,0.533905021123755,1878.016,2020_kk_257,Kusko,2020,0.707440394352151,0.520428524819989,-1.6875124621262e-4,1504.51461005574,1679.64805041547,2090.76,0.707620504797333,1243.9858271935702
1793,939.532,0.708321718240284,0.5401470990427,1879.064,2020_kk_257,Kusko,2020,0.707462866543942,0.520287200336118,-1.4132448387127e-4,1504.51461005574,1679.64805041547,2090.76,0.707620504797333,1243.9858271935702
1794,940.056,0.707737710816697,0.531462125909747,1880.112,2020_kk_257,Kusko,2020,0.707472260416344,0.520094229627775,-1.9297070834234e-4,1504.51461005574,1679.64805041547,2090.76,0.707620504797333,1243.9858271935702
1795,940.58,0.707384188772427,0.526448371418277,1881.16,2020_kk_257,Kusko,2020,0.707463303922981,0.519785327437096,-3.0890219067958e-4,1504.51461005574,1679.64805041547,2090.76,0.707620504797333,1243.9858271935702
1796,941.104,0.705214312642385,0.521013571382733,1882.208,2020_kk_257,Kusko,2020,0.707525325957813,0.5195889668372,-1.9636059989569e-4,1504.51461005574,1679.64805041547,2090.76,0.707620504797333,1243.9858271935702
1797,941.628,0.707585743319957,0.521777557964779,1883.256,2020_kk_257,Kusko,2020,0.707523825275317,0.519456647849588,-1.3231898761212e-4,1504.51461005574,1679.64805041547,2090.76,0.707620504797333,1243.9858271935702
1798,942.152,0.709473639107749,0.52166574058349,1884.304,2020_kk_257,Kusko,2020,0.70752089914374106,0.519322451009537,-1.3419684005044e-4,1504.51461005574,1679.64805041547,2090.76,0.707620504797333,1243.9858271935702
1799,942.676,0.706998259391428,0.520975623298135,1885.352,2020_kk_257,Kusko,2020,0.707559297391771,0.519139452113547,-1.8299889599082e-4,1504.51461005574,1679.64805041547,2090.76,0.707620504797333,1243.9858271935702
1800,943.2,0.708451629884679,0.525130600103063,1886.4,2020_kk_257,Kusko,2020,0.707547055470413,0.51909301157105,-4.64405424966952e-5,1504.51461005574,1679.64805041547,2090.76,0.707620504797333,1243.9858271935702
1801,943.724,0.708105786620795,0.53037397357725,1887.448,2020_kk_257,Kusko,2020,0.707535979142685,0.518926350224576,-1.6666134647436e-4,1504.51461005574,1679.64805041547,2090.76,0.707620504797333,1243.9858271935702
1802,944.248,0.705270189525238,0.534961196254132,1888.496,2020_kk_257,Kusko,2020,0.707594900456282,0.518916856232759,-9.49399181648936e-6,1504.51461005574,1679.64805041547,2090.76,0.707620504797333,1243.9858271935702
1803,944.772,0.709228685774275,0.544605885109885,1889.544,2020_kk_257,Kusko,2020,0.70762330004054,0.518925679314728,8.8230819684787e-6,1504.51461005574,1679.64805041547,2090.76,0.707620504797333,1243.9858271935702
1804,945.296,0.707024025549138,0.552072956719465,1890.592,2020_kk_257,Kusko,2020,0.707630392357762,0.518898078438888,-2.76008758395285e-5,1504.51461005574,1679.64805041547,2090.76,0.707620504797333,1243.9858271935702
1805,945.82,0.70535457475727,0.552773336878984,1891.64,2020_kk_257,Kusko,2020,0.707630900381878,0.518952165466053,5.40870271653615e-5,1504.51461005574,1679.64805041547,2090.76,0.707620504797333,1243.9858271935702
1806,946.344,0.708983223855013,0.54958801154182,1892.688,2020_kk_257,Kusko,2020,0.707632276410324,0.518970271631404,1.81061653509174e-5,1504.51461005574,1679.64805041547,2090.76,0.707620504797333,1243.9858271935702
1807,946.868,0.705990704592165,0.539793351470055,1893.736,2020_kk_257,Kusko,2020,0.707628284075102,0.519000238273213,2.99666418082101e-5,1504.51461005574,1679.64805041547,2090.76,0.707620504797333,1243.9858271935702
1808,947.392,0.707814487843002,0.535558673836846,1894.784,2020_kk_257,Kusko,2020,0.707621930278873,0.519112110623466,1.1187235025311e-4,1504.51461005574,1679.64805041547,2090.76,0.707620504797333,1243.9858271935702
1809,947.916,0.709598580358376,0.527172835201248,1895.832,2020_kk_257,Kusko,2020,0.707657454122633,0.519197122600645,8.50119771793612e-5,1504.51461005574,1679.64805041547,2090.76,0.707620504797333,1243.9858271935702
1810,948.44,0.707172266878536,0.532995068879383,1896.88,2020_kk_257,Kusko,2020,0.70761922197202,0.519233591584082,3.64689834368992e-5,1504.51461005574,1679.64805041547,2090.76,0.707620504797333,1243.9858271935702
1811,948.964,0.708990247033622,0.527996718966452,1897.928,2020_kk_257,Kusko,2020,0.70761369242833,0.519269169756644,3.55781725626114e-5,1504.51461005574,1679.64805041547,2090.76,0.707620504797333,1243.9858271935702
1812,949.488,0.709295574535494,0.525843223098419,1898.976,2020_kk_257,Kusko,2020,0.707595392022575,0.519322122459194,5.2952702549014e-5,1504.51461005574,1679.64805041547,2090.76,0.707620504797333,1243.9858271935702
1813,950.012,0.705328885722158,0.522688014399959,1900.024,2020_kk_257,Kusko,2020,0.70764133919002,0.519664672045802,3.4254958660806e-4,1504.51461005574,1679.64805041547,2090.76,0.707620504797333,1243.9858271935702
1814,950.536,0.706504519045613,0.518972355383867,1901.072,2020_kk_257,Kusko,2020,0.70766146372056,0.520184326186569,5.1965414076782e-4,1504.51461005574,1679.64805041547,2090.76,0.707620504797333,1243.9858271935702
1815,951.06,0.707767349808721,0.518591475741844,1902.12,2020_kk_257,Kusko,2020,0.707652787465422,0.520586017949247,4.0169176267745e-4,1504.51461005574,1679.64805041547,2090.76,0.707620504797333,1243.9858271935702
1816,951.584,0.7097285238537,0.518308056891237,1903.168,2020_kk_257,Kusko,2020,0.707732793022557,0.521112860886834,5.2684293758664e-4,1504.51461005574,1679.64805041547,2090.76,0.707620504797333,1243.9858271935702
1817,952.108,0.707074815743478,0.513642564253656,1904.216,2020_kk_257,Kusko,2020,0.707730031934545,0.521581515614763,4.6865472792934e-4,1504.51461005574,1679.64805041547,2090.76,0.707620504797333,1243.9858271935702
1818,952.632,0.707133009503677,0.510186432088702,1905.264,2020_kk_257,Kusko,2020,0.707764458293985,0.522035792441083,4.5427682632004e-4,1504.51461005574,1679.64805041547,2090.76,0.707620504797333,1243.9858271935702
1819,953.156,0.707703859260182,0.500959059916709,1906.312,2020_kk_257,Kusko,2020,0.707807159003196,0.52243061330611,3.9482086502695e-4,1504.51461005574,1679.64805041547,2090.76,0.707620504797333,1243.9858271935702
1820,953.68,0.709313515800875,0.504411737746015,1907.36,2020_kk_257,Kusko,2020,0.707786196782809,0.522925885154763,4.9527184865316e-4,1504.51461005574,1679.64805041547,2090.76,0.707620504797333,1243.9858271935702
1821,954.204,0.708491533950284,0.509106362511539,1908.408,2020_kk_257,Kusko,2020,0.707755552210346,0.523594097651995,6.682124972317e-4,1504.51461005574,1679.64805041547,2090.76,0.707620504797333,1243.9858271935702
1822,954.728,0.707750900793104,0.508438325009914,1909.456,2020_kk_257,Kusko,2020,0.707786376027374,0.524339340601553,7.4524294955813e-4,1504.51461005574,1679.64805041547,2090.76,0.707620504797333,1243.9858271935702
1823,955.252,0.708764693212758,0.509244033575991,1910.504,2020_kk_257,Kusko,2020,0.707754103212086,0.524990105550155,6.5076494860238e-4,1504.51461005574,1679.64805041547,2090.76,0.707620504797333,1243.9858271935702
1824,955.776,0.706373449966521,0.507075659701534,1911.552,2020_kk_257,Kusko,2020,0.707739513774015,0.525786451042439,7.9634549228391e-4,1504.51461005574,1679.64805041547,2090.76,0.707620504797333,1243.9858271935702
1825,956.3,0.707398790867059,0.505817237823231,1912.6,2020_kk_257,Kusko,2020,0.707763425936307,0.526686562636183,9.0011159374392e-4,1504.51461005574,1679.64805041547,2090.76,0.707620504797333,1243.9858271935702
1826,956.824,0.709436162824833,0.50676175258478,1913.648,2020_kk_257,Kusko,2020,0.7077916947854,0.527749182512369,0.00106261987618583,1504.51461005574,1679.64805041547,2090.76,0.707620504797333,1243.9858271935702
1827,957.348,0.708272012586511,0.500947783623363,1914.696,2020_kk_257,Kusko,2020,0.707811816120927,0.528779134237719,0.00102995172535014,1504.51461005574,1679.64805041547,2090.76,0.707620504797333,1243.9858271935702
1828,957.872,0.707542937756004,0.497261523272656,1915.744,2020_kk_257,Kusko,2020,0.707793192828345,0.529911977667382,0.00113284342966291,1504.51461005574,1679.64805041547,2090.76,0.707620504797333,1243.9858271935702
1829,958.396,0.707320999688194,0.503653134692634,1916.792,2020_kk_257,Kusko,2020,0.707814610086315,0.53114945905125,0.00123748138386814,1504.51461005574,1679.64805041547,2090.76,0.707620504797333,1243.9858271935702
1830,958.92,0.706096640832022,0.507895579317714,1917.84,2020_kk_257,Kusko,2020,0.707815691978035,0.53242648442112,0.00127702536986973,1504.51461005574,1679.64805041547,2090.76,0.707620504797333,1243.9858271935702
1831,959.444,0.706635371773323,0.506805147918012,1918.888,2020_kk_257,Kusko,2020,0.707785352113043,0.533841295872963,0.00141481145184275,1504.51461005574,1679.64805041547,2090.76,0.707620504797333,1243.9858271935702
1832,959.968,0.708316975303493,0.506827440628006,1919.936,2020_kk_257,Kusko,2020,0.707832456431023,0.535325899099655,0.0014846032266923,1504.51461005574,1679.64805041547,2090.76,0.707620504797333,1243.9858271935702
1833,960.492,0.707764724899356,0.508500827326203,1920.984,2020_kk_257,Kusko,2020,0.707829282644688,0.536753405637546,0.00142750653789092,1504.51461005574,1679.64805041547,2090.76,0.707620504797333,1243.9858271935702
1834,961.016,0.708667785261967,0.50632550528476,1922.032,2020_kk_257,Kusko,2020,0.707818688934033,0.538057350663503,0.00130394502595732,1504.51461005574,1679.64805041547,2090.76,0.707620504797333,1243.9858271935702
1835,961.54,0.708183355214065,0.507056632779851,1923.08,2020_kk_257,Kusko,2020,0.707871401977847,0.539301444829017,0.00124409416551341,1504.51461005574,1679.64805041547,2090.76,0.707620504797333,1243.9858271935702
1836,962.064,0.706762503920822,0.506985878960007,1924.128,2020_kk_257,Kusko,2020,0.707834205456726,0.540517265073885,0.00121582024486822,1504.51461005574,1679.64805041547,2090.76,0.707620504797333,1243.9858271935702
1837,962.588,0.707430984823786,0.508552914979745,1925.176,2020_kk_257,Kusko,2020,0.707868981991714,0.541843167742832,0.00132590266894705,1504.51461005574,1679.64805041547,2090.76,0.707620504797333,1243.9858271935702
1838,963.112,0.708352238714134,0.509679447567946,1926.224,2020_kk_257,Kusko,2020,0.707883331845084,0.54334233895097,0.00149917120813847,1504.51461005574,1679.64805041547,2090.76,0.707620504797333,1243.9858271935702
1839,963.636,0.707971582725786,0.51620881831392,1927.272,2020_kk_257,Kusko,2020,0.707853977019654,0.544855354597894,0.00151301564692363,1504.51461005574,1679.64805041547,2090.76,0.707620504797333,1243.9858271935702
1840,964.16,0.707672533409644,0.515725528732381,1928.32,2020_kk_257,Kusko,2020,0.707889492140667,0.546340530505507,0.00148517590761288,1504.51461005574,1679.64805041547,2090.76,0.707620504797333,1243.9858271935702
1841,964.684,0.708385758047855,0.514939350410023,1929.368,2020_kk_257,Kusko,2020,0.70787532841284,0.547863816349379,0.00152328584387251,1504.51461005574,1679.64805041547,2090.76,0.707620504797333,1243.9858271935702
1842,965.208,0.707445473960455,0.520644896061865,1930.416,2020_kk_257,Kusko,2020,0.707852895413692,0.549595071491804,0.00173125514242445,1504.51461005574,1679.64805041547,2090.76,0.707620504797333,1243.9858271935702
1843,965.732,0.709388275759488,0.53452214333611,1931.464,2020_kk_257,Kusko,2020,0.707884399740457,0.551364335907399,0.00176926441559533,1504.51461005574,1679.64805041547,2090.76,0.707620504797333,1243.9858271935702
1844,966.256,0.707965051391985,0.542617658669264,1932.512,2020_kk_257,Kusko,2020,0.707916860806673,0.55316558725138,0.00180125134398057,1504.51461005574,1679.64805041547,2090.76,0.707620504797333,1243.9858271935702
1845,966.78,0.707955696936907,0.540839526396719,1933.56,2020_kk_257,Kusko,2020,0.707897427655241,0.555122301965955,0.0019567147145757,1504.51461005574,1679.64805041547,2090.76,0.707620504797333,1243.9858271935702
1846,967.304,0.709073471970876,0.541520878586911,1934.608,2020_kk_257,Kusko,2020,0.707876373813061,0.557102969969204,0.00198066800324914,1504.51461005574,1679.64805041547,2090.76,0.707620504797333,1243.9858271935702
1847,967.828,0.70786720147532,0.54057955815399406,1935.656,2020_kk_257,Kusko,2020,0.707896531829276,0.559229012100268,0.00212604213106382,1504.51461005574,1679.64805041547,2090.76,0.707620504797333,1243.9858271935702
1848,968.352,0.707227560568563,0.548175761080681,1936.704,2020_kk_257,Kusko,2020,0.707931501027461,0.561525085060242,0.00229607295997403,1504.51461005574,1679.64805041547,2090.76,0.707620504797333,1243.9858271935702
1849,968.876,0.708726957990069,0.548585792596157,1937.752,2020_kk_257,Kusko,2020,0.707937299947353,0.564161196917723,0.00263611185748069,1504.51461005574,1679.64805041547,2090.76,0.707620504797333,1243.9858271935702
1850,969.4,0.707133667719799,0.558600704580073,1938.8,2020_kk_257,Kusko,2020,0.70792767442607,0.566808447898887,0.00264725098116392,1504.51461005574,1679.64805041547,2090.76,0.707620504797333,1243.9858271935702
1851,969.924,0.707416528583379,0.571729415861145,1939.848,2020_kk_257,Kusko,2020,0.707926853874599,0.569583029633586,0.0027745817346988,1504.51461005574,1679.64805041547,2090.76,0.707620504797333,1243.9858271935702
1852,970.448,0.708840710477217,0.578619598097245,1940.896,2020_kk_257,Kusko,2020,0.707936852500303,0.572553439361306,0.00297040972772,1504.51461005574,1679.64805041547,2090.76,0.707620504797333,1243.9858271935702
1853,970.972,0.706385349322973,0.57919299595884,1941.944,2020_kk_257,Kusko,2020,0.707944117488148,0.575512779949815,0.00295934058850877,1504.51461005574,1679.64805041547,2090.76,0.707620504797333,1243.9858271935702
1854,971.496,0.70686234453247,0.579242855446782,1942.992,2020_kk_257,Kusko,2020,0.707993691150881,0.578644569819511,0.00313178986969631,1504.51461005574,1679.64805041547,2090.76,0.707620504797333,1243.9858271935702
1855,972.02,0.708818918509935,0.580455067042916,1944.04,2020_kk_257,Kusko,2020,0.708037487726656,0.582142638840202,0.0034980690206915,1504.51461005574,1679.64805041547,2090.76,0.707620504797333,1243.9858271935702
1856,972.544,0.70691044358794,0.58477076395388,1945.088,2020_kk_257,Kusko,2020,0.708011855606195,0.585985835957952,0.00384319711774994,1504.51461005574,1679.64805041547,2090.76,0.707620504797333,1243.9858271935702
1857,973.068,0.70879302345158,0.583574661485792,1946.136,2020_kk_257,Kusko,2020,0.708015256527354,0.589845669736639,0.00385983377868715,1504.51461005574,1679.64805041547,2090.76,0.707620504797333,1243.9858271935702
1858,973.592,0.70835624155287,0.589636346363264,1947.184,2020_kk_257,Kusko,2020,0.7080501600087,0.593821526807326,0.00397585707068671,1504.51461005574,1679.64805041547,2090.76,0.707620504797333,1243.9858271935702
1859,974.116,0.708283294869582,0.595224506330225,1948.232,2020_kk_257,Kusko,2020,0.708075958411593,0.597727966781371,0.0039064399740445,1504.51461005574,1679.64805041547,2090.76,0.707620504797333,1243.9858271935702
1860,974.64,0.708516543387907,0.601752122295247,1949.28,2020_kk_257,Kusko,2020,0.708117280242153,0.601514954271575,0.00378698749020401,1504.51461005574,1679.64805041547,2090.76,0.707620504797333,1243.9858271935702
1861,975.164,0.706285394721252,0.615262660687816,1950.328,2020_kk_257,Kusko,2020,0.708149032268783,0.605316584552934,0.00380163028135927,1504.51461005574,1679.64805041547,2090.76,0.707620504797333,1243.9858271935702
1862,975.688,0.708096448604061,0.624037389855668,1951.376,2020_kk_257,Kusko,2020,0.708169497423626,0.60929975555478,0.0039831710018462,1504.51461005574,1679.64805041547,2090.76,0.707620504797333,1243.9858271935702
1863,976.212,0.709038258594201,0.630256277383342,1952.424,2020_kk_257,Kusko,2020,0.708149119981234,0.613307063976857,0.00400730842207653,1504.51461005574,1679.64805041547,2090.76,0.707620504797333,1243.9858271935702
1864,976.736,0.706388402909828,0.630309658276903,1953.472,2020_kk_257,Kusko,2020,0.708150302600008,0.61739132156547,0.00408425758861353,1504.51461005574,1679.64805041547,2090.76,0.707620504797333,1243.9858271935702
1865,977.26,0.708517357386071,0.627418986809792,1954.52,2020_kk_257,Kusko,2020,0.708143550398848,0.621591783304558,0.00420046173908772,1504.51461005574,1679.64805041547,2090.76,0.707620504797333,1243.9858271935702
1866,977.784,0.706751432587766,0.62253722623391206,1955.568,2020_kk_257,Kusko,2020,0.708180296053947,0.625961276535414,0.00436949323085567,1504.51461005574,1679.64805041547,2090.76,0.707620504797333,1243.9858271935702
1867,978.308,0.708077296691428,0.619347511606878,1956.616,2020_kk_257,Kusko,2020,0.708181980857747,0.63046527606703,0.00450399953161618,1504.51461005574,1679.64805041547,2090.76,0.707620504797333,1243.9858271935702
1868,978.832,0.708675479045222,0.625508946325156,1957.664,2020_kk_257,Kusko,2020,0.708212406629485,0.635016565516444,0.00455128944941463,1504.51461005574,1679.64805041547,2090.76,0.707620504797333,1243.9858271935702
1869,979.356,0.707837290832577,0.617953774016664,1958.712,2020_kk_257,Kusko,2020,0.708223781089671,0.639544531360377,0.00452796584393311,1504.51461005574,1679.64805041547,2090.76,0.707620504797333,1243.9858271935702
1870,979.88,0.709303174139339,0.622105623336159,1959.76,2020_kk_257,Kusko,2020,0.708248525057308,0.644206650939,0.0046621195786225,1504.51461005574,1679.64805041547,2090.76,0.707620504797333,1243.9858271935702
1871,980.404,0.708140423363957,0.619393869598807,1960.808,2020_kk_257,Kusko,2020,0.708246326146584,0.648854097416247,0.00464744647724746,1504.51461005574,1679.64805041547,2090.76,0.707620504797333,1243.9858271935702
1872,980.928,0.707949594586662,0.629718531643878,1961.856,2020_kk_257,Kusko,2020,0.708265568204923,0.653495173015558,0.00464107559931082,1504.51461005574,1679.64805041547,2090.76,0.707620504797333,1243.9858271935702
1873,981.452,0.707219145328017,0.628843879335677,1962.904,2020_kk_257,Kusko,2020,0.708242152816219,0.657980488193901,0.00448531517834305,1504.51461005574,1679.64805041547,2090.76,0.707620504797333,1243.9858271935702
1874,981.976,0.708452183018574,0.627047436022702,1963.952,2020_kk_257,Kusko,2020,0.70822203450488,0.662554157221912,0.00457366902801104,1504.51461005574,1679.64805041547,2090.76,0.707620504797333,1243.9858271935702
1875,982.5,0.706601360722816,0.635994358616387,1965,2020_kk_257,Kusko,2020,0.708251071967872,0.667322695560101,0.00476853833818824,1504.51461005574,1679.64805041547,2090.76,0.707620504797333,1243.9858271935702
1876,983.024,0.708465293322917,0.637148137086189,1966.048,2020_kk_257,Kusko,2020,0.708240912010544,0.67232962565072,0.00500693009061937,1504.51461005574,1679.64805041547,2090.76,0.707620504797333,1243.9858271935702
1877,983.548,0.708284296716352,0.641205092117486,1967.096,2020_kk_257,Kusko,2020,0.708256099583506,0.677729338304772,0.00539971265405204,1504.51461005574,1679.64805041547,2090.76,0.707620504797333,1243.9858271935702
1878,984.072,0.709231161394769,0.64795080968714,1968.144,2020_kk_257,Kusko,2020,0.708293703177158,0.683313757096389,0.0055844187916172,1504.51461005574,1679.64805041547,2090.76,0.707620504797333,1243.9858271935702
1879,984.596,0.708051794453711,0.659125771365551,1969.192,2020_kk_257,Kusko,2020,0.708279499880435,0.688940984010163,0.0056272269137736,1504.51461005574,1679.64805041547,2090.76,0.707620504797333,1243.9858271935702
1880,985.12,0.708735984523913,0.663246796615845,1970.24,2020_kk_257,Kusko,2020,0.708302220370729,0.694143210174374,0.00520222616421073,1504.51461005574,1679.64805041547,2090.76,0.707620504797333,1243.9858271935702
1881,985.644,0.708442300862017,0.675581266593468,1971.288,2020_kk_257,Kusko,2020,0.708342921399238,0.699052890926363,0.0049096807519895,1504.51461005574,1679.64805041547,2090.76,0.707620504797333,1243.9858271935702
1882,986.168,0.708350818335309,0.686662908673119,1972.336,2020_kk_257,Kusko,2020,0.708337236329332,0.703672687783421,0.00461979685705793,1504.51461005574,1679.64805041547,2090.76,0.707620504797333,1243.9858271935702
1883,986.692,0.709200592483505,0.686804468886517,1973.384,2020_kk_257,Kusko,2020,0.708367353146559,0.707955129257459,0.00428244147403845,1504.51461005574,1679.64805041547,2090.76,0.707620504797333,1243.9858271935702
1884,987.216,0.709347869730458,0.69498305188331,1974.432,2020_kk_257,Kusko,2020,0.70843453113359,0.712084221593058,0.00412909233559866,1504.51461005574,1679.64805041547,2090.76,0.707620504797333,1243.9858271935702
1885,987.74,0.710026585413586,0.715701379064722,1975.48,2020_kk_257,Kusko,2020,0.708438521974539,0.715813831075763,0.00372960948270495,1504.51461005574,1679.64805041547,2090.76,0.707620504797333,1243.9858271935702
1886,988.264,0.707898235597142,0.737353579649778,1976.528,2020_kk_257,Kusko,2020,0.708469940984154,0.719609915329638,0.00379608425387512,1504.51461005574,1679.64805041547,2090.76,0.707620504797333,1243.9858271935702
1887,988.788,0.708476067856093,0.732537810344589,1977.576,2020_kk_257,Kusko,2020,0.70846143776614,0.723702674846285,0.00409275951664689,1504.51461005574,1679.64805041547,2090.76,0.707620504797333,1243.9858271935702
1888,989.312,0.709637146636771,0.735812947513857,1978.624,2020_kk_257,Kusko,2020,0.70847812471314,0.72795756116859,0.00425488632230442,1504.51461005574,1679.64805041547,2090.76,0.707620504797333,1243.9858271935702
1889,989.836,0.708868903861772,0.738039533135306,1979.672,2020_kk_257,Kusko,2020,0.708469578126956,0.732393799390876,0.00443623822228634,1504.51461005574,1679.64805041547,2090.76,0.707620504797333,1243.9858271935702
1890,990.36,0.708575950665606,0.73511482872995,1980.72,2020_kk_257,Kusko,2020,0.708480952084956,0.737014952324177,0.00462115293330168,1504.51461005574,1679.64805041547,2090.76,0.707620504797333,1243.9858271935702
1891,990.884,0.708540493371132,0.734902964799571,1981.768,2020_kk_257,Kusko,2020,0.708526032215664,0.741606954200213,0.00459200187603548,1504.51461005574,1679.64805041547,2090.76,0.707620504797333,1243.9858271935702
1892,991.408,0.70954488459409,0.745817700738783,1982.816,2020_kk_257,Kusko,2020,0.708544487925994,0.746310684087129,0.00470372988691636,1504.51461005574,1679.64805041547,2090.76,0.707620504797333,1243.9858271935702
1893,991.932,0.706542078355805,0.748939332650797,1983.864,2020_kk_257,Kusko,2020,0.708538673182229,0.751052278978043,0.00474159489091419,1504.51461005574,1679.64805041547,2090.76,0.707620504797333,1243.9858271935702
1894,992.456,0.708738742388413,0.751380960601567,1984.912,2020_kk_257,Kusko,2020,0.708547224147447,0.75599725667599,0.00494497769794644,1504.51461005574,1679.64805041547,2090.76,0.707620504797333,1243.9858271935702
1895,992.98,0.70777822314445,0.759084337125118,1985.96,2020_kk_257,Kusko,2020,0.708554828009017,0.761218312086995,0.00522105541100526,1504.51461005574,1679.64805041547,2090.76,0.707620504797333,1243.9858271935702
1896,993.504,0.708967243226752,0.769155472811347,1987.008,2020_kk_257,Kusko,2020,0.708593768087969,0.766400683899915,0.00518237181291992,1504.51461005574,1679.64805041547,2090.76,0.707620504797333,1243.9858271935702
1897,994.028,0.707532073051793,0.778792886876713,1988.056,2020_kk_257,Kusko,2020,0.708627249104338,0.771723496564188,0.0053228126642727,1504.51461005574,1679.64805041547,2090.76,0.707620504797333,1243.9858271935702
1898,994.552,0.710177785018456,0.782756814532826,1989.104,2020_kk_257,Kusko,2020,0.708628123488036,0.77679224421997,0.00506874765578169,1504.51461005574,1679.64805041547,2090.76,0.707620504797333,1243.9858271935702
1899,995.076,0.70865405033691,0.787886768949908,1990.152,2020_kk_257,Kusko,2020,0.708644329958596,0.781931014887591,0.00513877066762181,1504.51461005574,1679.64805041547,2090.76,0.707620504797333,1243.9858271935702
1900,995.6,0.709157171467871,0.795452703449734,1991.2,2020_kk_257,Kusko,2020,0.70863936449848,0.787182498536743,0.00525148364915218,1504.51461005574,1679.64805041547,2090.76,0.707620504797333,1243.9858271935702
1901,996.124,0.708253823404395,0.79378613904486806,1992.248,2020_kk_257,Kusko,2020,0.708663247872138,0.792533746275173,0.0053512477384291,1504.51461005574,1679.64805041547,2090.76,0.707620504797333,1243.9858271935702
1902,996.648,0.708599997460818,0.799109432020513,1993.296,2020_kk_257,Kusko,2020,0.708675550707466,0.797656151848692,0.00512240557351984,1504.51461005574,1679.64805041547,2090.76,0.707620504797333,1243.9858271935702
1903,997.172,0.707983352437256,0.803641054036697,1994.344,2020_kk_257,Kusko,2020,0.708722386993831,0.802674267203771,0.00501811535507857,1504.51461005574,1679.64805041547,2090.76,0.707620504797333,1243.9858271935702
1904,997.696,0.706757952711614,0.817037800349932,1995.392,2020_kk_257,Kusko,2020,0.708732907604069,0.807726027682576,0.00505176047880518,1504.51461005574,1679.64805041547,2090.76,0.707620504797333,1243.9858271935702
1905,998.22,0.709697944716448,0.826951826688012,1996.44,2020_kk_257,Kusko,2020,0.708770541463837,0.81284177526559,0.00511574758301336,1504.51461005574,1679.64805041547,2090.76,0.707620504797333,1243.9858271935702
1906,998.744,0.708463874531169,0.841936684024077,1997.488,2020_kk_257,Kusko,2020,0.708771770642809,0.817996997294332,0.00515522202874275,1504.51461005574,1679.64805041547,2090.76,0.707620504797333,1243.9858271935702
1907,999.268,0.708778455853059,0.864562317397119,1998.536,2020_kk_257,Kusko,2020,0.708767345506687,0.82319756253801,0.00520056524367773,1504.51461005574,1679.64805041547,2090.76,0.707620504797333,1243.9858271935702
1908,999.792,0.709483776187682,0.883240888577713,1999.584,2020_kk_257,Kusko,2020,0.708771007229958,0.828466577277338,0.00526901473932773,1504.51461005574,1679.64805041547,2090.76,0.707620504797333,1243.9858271935702
1909,1000.316,0.707874760186711,0.886219407422574,2000.632,2020_kk_257,Kusko,2020,0.708777320219895,0.83366987492083,0.00520329764349181,1504.51461005574,1679.64805041547,2090.76,0.707620504797333,1243.9858271935702
1910,1000.84,0.708496897137425,0.870734274432716,2001.68,2020_kk_257,Kusko,2020,0.708761095647546,0.838711556610611,0.00504168168978114,1504.51461005574,1679.64805041547,2090.76,0.707620504797333,1243.9858271935702
1911,1001.364,0.709858590293906,0.866310260980517,2002.728,2020_kk_257,Kusko,2020,0.708755397070332,0.843589101060052,0.004877544449441,1504.51461005574,1679.64805041547,2090.76,0.707620504797333,1243.9858271935702
1912,1001.888,0.70849960628285,0.855807409520726,2003.776,2020_kk_257,Kusko,2020,0.708745700258735,0.84816356961881,0.00457446855875843,1504.51461005574,1679.64805041547,2090.76,0.707620504797333,1243.9858271935702
1913,1002.412,0.708192358356612,0.836139484401142,2004.824,2020_kk_257,Kusko,2020,0.708749138086709,0.852858683501692,0.00469511388288191,1504.51461005574,1679.64805041547,2090.76,0.707620504797333,1243.9858271935702
1914,1002.936,0.710893023754348,0.826988395582708,2005.872,2020_kk_257,Kusko,2020,0.708734185993668,0.857336861495663,0.00447817799397099,1504.51461005574,1679.64805041547,2090.76,0.707620504797333,1243.9858271935702
1915,1003.46,0.709058368966855,0.80423163600521,2006.92,2020_kk_257,Kusko,2020,0.708713354238879,0.861752729651393,0.00441586815573014,1504.51461005574,1679.64805041547,2090.76,0.707620504797333,1243.9858271935702
1916,1003.984,0.708795584164853,0.812535819186392,2007.968,2020_kk_257,Kusko,2020,0.708708769043665,0.866338259820154,0.0045855301687604,1504.51461005574,1679.64805041547,2090.76,0.707620504797333,1243.9858271935702
1917,1004.508,0.708282830370751,0.829140232484607,2009.016,2020_kk_257,Kusko,2020,0.708726488501514,0.870941602254167,0.0046033424340135,1504.51461005574,1679.64805041547,2090.76,0.707620504797333,1243.9858271935702
1918,1005.032,0.709357458372888,0.844929525701532,2010.064,2020_kk_257,Kusko,2020,0.70872292632069,0.875248003780295,0.00430640152612827,1504.51461005574,1679.64805041547,2090.76,0.707620504797333,1243.9858271935702
1919,1005.556,0.70777049969849,0.861398799667407,2011.112,2020_kk_257,Kusko,2020,0.708719886966765,0.879205573906161,0.00395757012586562,1504.51461005574,1679.64805041547,2090.76,0.707620504797333,1243.9858271935702
1920,1006.08,0.709198980867949,0.879021298293344,2012.16,2020_kk_257,Kusko,2020,0.708716089111742,0.883296064628497,0.00409049072233636,1504.51461005574,1679.64805041547,2090.76,0.707620504797333,1243.9858271935702
1921,1006.604,0.708990202563732,0.89078277324994,2013.208,2020_kk_257,Kusko,2020,0.70871550781671,0.887713343934774,0.00441727930627711,1504.51461005574,1679.64805041547,2090.76,0.707620504797333,1243.9858271935702
1922,1007.128,0.709203791223832,0.906261183070652,2014.256,2020_kk_257,Kusko,2020,0.708706202893201,0.892005860027794,0.00429251609301928,1504.51461005574,1679.64805041547,2090.76,0.707620504797333,1243.9858271935702
1923,1007.652,0.708689373968295,0.914751970838192,2015.304,2020_kk_257,Kusko,2020,0.708774110084451,0.896276018383308,0.00427015835551403,1504.51461005574,1679.64805041547,2090.76,0.707620504797333,1243.9858271935702
1924,1008.176,0.706901460822947,0.927008320153694,2016.352,2020_kk_257,Kusko,2020,0.708792955946174,0.900392071106823,0.00411605272351567,1504.51461005574,1679.64805041547,2090.76,0.707620504797333,1243.9858271935702
1925,1008.7,0.708973589080279,0.940682311470102,2017.4,2020_kk_257,Kusko,2020,0.70881553347634,0.904570611255071,0.00417854014824792,1504.51461005574,1679.64805041547,2090.76,0.707620504797333,1243.9858271935702
1926,1009.224,0.709087837324883,0.933479535009106,2018.448,2020_kk_257,Kusko,2020,0.708812170819135,0.908818897430611,0.0042482861755393,1504.51461005574,1679.64805041547,2090.76,0.707620504797333,1243.9858271935702
1927,1009.748,0.710086157673542,0.93871627146324,2019.496,2020_kk_257,Kusko,2020,0.70885477938435,0.913063028723267,0.00424413129265644,1504.51461005574,1679.64805041547,2090.76,0.707620504797333,1243.9858271935702
1928,1010.272,0.708727942067092,0.929633805672062,2020.544,2020_kk_257,Kusko,2020,0.708823818956087,0.917281621135574,0.00421859241230682,1504.51461005574,1679.64805041547,2090.76,0.707620504797333,1243.9858271935702
1929,1010.796,0.708809679066205,0.926280014073972,2021.592,2020_kk_257,Kusko,2020,0.708826810663741,0.92137543060583,0.00409380947025639,1504.51461005574,1679.64805041547,2090.76,0.707620504797333,1243.9858271935702
1930,1011.32,0.709005246532338,0.937194642285293,2022.64,2020_kk_257,Kusko,2020,0.708830656698297,0.92519967655656,0.00382424595072961,1504.51461005574,1679.64805041547,2090.76,0.707620504797333,1243.9858271935702
1931,1011.844,0.709573425783445,0.940468733904554,2023.688,2020_kk_257,Kusko,2020,0.708850564553326,0.929021239924186,0.0038215633676264,1504.51461005574,1679.64805041547,2090.76,0.707620504797333,1243.9858271935702
1932,1012.368,0.708687764706366,0.93706286605507,2024.736,2020_kk_257,Kusko,2020,0.708856134450317,0.933047223950681,0.00402598402649512,1504.51461005574,1679.64805041547,2090.76,0.707620504797333,1243.9858271935702
1933,1012.892,0.710029322509893,0.929930800640384,2025.784,2020_kk_257,Kusko,2020,0.708869587704199,0.937074513925901,0.00402728997521928,1504.51461005574,1679.64805041547,2090.76,0.707620504797333,1243.9858271935702
1934,1013.416,0.709083419632884,0.930153064751009,2026.832,2020_kk_257,Kusko,2020,0.708908846524062,0.940923523078616,0.00384900915271491,1504.51461005574,1679.64805041547,2090.76,0.707620504797333,1243.9858271935702
1935,1013.94,0.708859392308858,0.942939213597193,2027.88,2020_kk_257,Kusko,2020,0.708904530676576,0.944746928855397,0.00382340577678142,1504.51461005574,1679.64805041547,2090.76,0.707620504797333,1243.9858271935702
1936,1014.464,0.708539044061261,0.946461458810756,2028.928,2020_kk_257,Kusko,2020,0.708920036199578,0.948320006232782,0.0035730773773851,1504.51461005574,1679.64805041547,2090.76,0.707620504797333,1243.9858271935702
1937,1014.988,0.708018788549028,0.953239006738152,2029.976,2020_kk_257,Kusko,2020,0.70892026704242606,0.951497647634394,0.00317764140161159,1504.51461005574,1679.64805041547,2090.76,0.707620504797333,1243.9858271935702
1938,1015.512,0.709450864791007,0.9640916940468,2031.024,2020_kk_257,Kusko,2020,0.708904628340006,0.954202464614489,0.00270481698009506,1504.51461005574,1679.64805041547,2090.76,0.707620504797333,1243.9858271935702
1939,1016.036,0.708430573849971,0.97132362997506,2032.072,2020_kk_257,Kusko,2020,0.708941569275395,0.956956618471639,0.00275415385714983,1504.51461005574,1679.64805041547,2090.76,0.707620504797333,1243.9858271935702
1940,1016.56,0.707762510182964,0.96574769800272,2033.12,2020_kk_257,Kusko,2020,0.708947847746003,0.96009859502655,0.00314197655491122,1504.51461005574,1679.64805041547,2090.76,0.707620504797333,1243.9858271935702
1941,1017.084,0.708100386229187,0.96823393355992,2034.168,2020_kk_257,Kusko,2020,0.708949729837963,0.96324365239188,0.00314505736533066,1504.51461005574,1679.64805041547,2090.76,0.707620504797333,1243.9858271935702
1942,1017.608,0.707769009639482,0.961131022198627,2035.216,2020_kk_257,Kusko,2020,0.708983883486742,0.966682586923147,0.00343893453126665,1504.51461005574,1679.64805041547,2090.76,0.707620504797333,1243.9858271935702
1943,1018.132,0.709406862161906,0.96851130185943,2036.264,2020_kk_257,Kusko,2020,0.708984497643671,0.970476115509353,0.00379352858620541,1504.51461005574,1679.64805041547,2090.76,0.707620504797333,1243.9858271935702
1944,1018.656,0.708450744148012,0.963673731521569,2037.312,2020_kk_257,Kusko,2020,0.70897567150343,0.974505382885873,0.00402926737652043,1504.51461005574,1679.64805041547,2090.76,0.707620504797333,1243.9858271935702
1945,1019.18,0.708776680126256,0.980653468408534,2038.36,2020_kk_257,Kusko,2020,0.70894820059494,0.979063941687938,0.00455855880206513,1504.51461005574,1679.64805041547,2090.76,0.707620504797333,1243.9858271935702
1946,1019.704,0.707623123884323,1.0124853897754,2039.408,2020_kk_257,Kusko,2020,0.708961951035351,0.983504011771914,0.00444007008397607,1504.51461005574,1679.64805041547,2090.76,0.707620504797333,1243.9858271935702
1947,1020.228,0.709539235327032,1.0087383563854,2040.456,2020_kk_257,Kusko,2020,0.708979551962368,0.987689801488441,0.00418578971652706,1504.51461005574,1679.64805041547,2090.76,0.707620504797333,1243.9858271935702
1948,1020.752,0.70942341578729,0.99419703908155,2041.504,2020_kk_257,Kusko,2020,0.708982436095204,0.991729080120772,0.00403927863233078,1504.51461005574,1679.64805041547,2090.76,0.707620504797333,1243.9858271935702
1949,1021.276,0.708686542626272,0.975493740687246,2042.552,2020_kk_257,Kusko,2020,0.708984678638413,0.995478648659271,0.00374956853849928,1504.51461005574,1679.64805041547,2090.76,0.707620504797333,1243.9858271935702
1950,1021.8,0.708348079364244,0.980544272070125,2043.6,2020_kk_257,Kusko,2020,0.708974831404623,0.999024189655029,0.00354554099575799,1504.51461005574,1679.64805041547,2090.76,0.707620504797333,1243.9858271935702
1951,1022.324,0.708505615669203,0.999939723176201,2044.648,2020_kk_257,Kusko,2020,0.708980247681666,1.00227566388866,0.00325147423363081,1504.51461005574,1679.64805041547,2090.76,0.707620504797333,1243.9858271935702
1952,1022.848,0.708986589183577,1.00336866631993,2045.696,2020_kk_257,Kusko,2020,0.709008187022812,1.00532119386335,0.00304552997468921,1504.51461005574,1679.64805041547,2090.76,0.707620504797333,1243.9858271935702
1953,1023.372,0.710616509830805,1.00514883398164,2046.744,2020_kk_257,Kusko,2020,0.709023430691495,1.00834442836518,0.00302323450182684,1504.51461005574,1679.64805041547,2090.76,0.707620504797333,1243.9858271935702
1954,1023.896,0.709869494091762,0.998344124012509,2047.792,2020_kk_257,Kusko,2020,0.709052820524863,1.01123503443027,0.00289060606509239,1504.51461005574,1679.64805041547,2090.76,0.707620504797333,1243.9858271935702
1955,1024.42,0.709132874954433,1.00979674601999,2048.84,2020_kk_257,Kusko,2020,0.70905844878448,1.01393874956575,0.00270371513548184,1504.51461005574,1679.64805041547,2090.76,0.707620504797333,1243.9858271935702
1956,1024.944,0.708765483794448,1.02405264334371,2049.888,2020_kk_257,Kusko,2020,0.709072099168178,1.01668111985897,0.00274237029322077,1504.51461005574,1679.64805041547,2090.76,0.707620504797333,1243.9858271935702
1957,1025.468,0.71008858696469,1.0334407644361,2050.936,2020_kk_257,Kusko,2020,0.709054540247629,1.01923340795649,0.00255228809751706,1504.51461005574,1679.64805041547,2090.76,0.707620504797333,1243.9858271935702
1958,1025.992,0.708320159322661,1.03587235927123,2051.984,2020_kk_257,Kusko,2020,0.709057599113892,1.02215109988061,0.00291769192411717,1504.51461005574,1679.64805041547,2090.76,0.707620504797333,1243.9858271935702
1959,1026.516,0.708833552796165,1.0335153371653,2053.032,2020_kk_257,Kusko,2020,0.709073420290034,1.02514476150863,0.00299366162802794,1504.51461005574,1679.64805041547,2090.76,0.707620504797333,1243.9858271935702
1960,1027.04,0.709387933541226,1.02490746049351,2054.08,2020_kk_257,Kusko,2020,0.709064761746179,1.02814776839376,0.00300300688512656,1504.51461005574,1679.64805041547,2090.76,0.707620504797333,1243.9858271935702
1961,1027.564,0.709448294706108,1.02307994110245,2055.128,2020_kk_257,Kusko,2020,0.709058920741017,1.03122583623558,0.00307806784181586,1504.51461005574,1679.64805041547,2090.76,0.707620504797333,1243.9858271935702
1962,1028.088,0.708934191280318,1.04066847361021,2056.176,2020_kk_257,Kusko,2020,0.709050620743007,1.03421686748733,0.00299103125175026,1504.51461005574,1679.64805041547,2090.76,0.707620504797333,1243.9858271935702
1963,1028.612,0.708790547670154,1.04527845254986,2057.224,2020_kk_257,Kusko,2020,0.709026935954025,1.03729083785673,0.00307397036940049,1504.51461005574,1679.64805041547,2090.76,0.707620504797333,1243.9858271935702
1964,1029.136,0.709113481903426,1.04797834951283,2058.272,2020_kk_257,Kusko,2020,0.70902669235785,1.04044302789827,0.00315219004154832,1504.51461005574,1679.64805041547,2090.76,0.707620504797333,1243.9858271935702
1965,1029.66,0.709438993867269,1.0563561732949,2059.32,2020_kk_257,Kusko,2020,0.709022988170486,1.04325291693203,0.00280988903375823,1504.51461005574,1679.64805041547,2090.76,0.707620504797333,1243.9858271935702
1966,1030.184,0.709394205911266,1.05632132666718,2060.368,2020_kk_257,Kusko,2020,0.709019265759661,1.04601639788682,0.00276348095478429,1504.51461005574,1679.64805041547,2090.76,0.707620504797333,1243.9858271935702
1967,1030.708,0.708792306423969,1.05522080149381,2061.416,2020_kk_257,Kusko,2020,0.709022110124887,1.04870035216748,0.00268395428066714,1504.51461005574,1679.64805041547,2090.76,0.707620504797333,1243.9858271935702
1968,1031.232,0.708545454042475,1.04552990738342,2062.464,2020_kk_257,Kusko,2020,0.709004986439004,1.05136272958066,0.0026623774131731,1504.51461005574,1679.64805041547,2090.76,0.707620504797333,1243.9858271935702
1969,1031.756,0.710091216310069,1.05146863885157,2063.512,2020_kk_257,Kusko,2020,0.709024084504816,1.05408792308939,0.0027251935087369,1504.51461005574,1679.64805041547,2090.76,0.707620504797333,1243.9858271935702
1970,1032.28,0.70887360537391,1.05925286772739,2064.56,2020_kk_257,Kusko,2020,0.709053063266517,1.05690850531995,0.0028205822305547,1504.51461005574,1679.64805041547,2090.76,0.707620504797333,1243.9858271935702
1971,1032.804,0.70997151581152,1.05501370290035,2065.608,2020_kk_257,Kusko,2020,0.709050542998424,1.05978327634096,0.00287477102101197,1504.51461005574,1679.64805041547,2090.76,0.707620504797333,1243.9858271935702
1972,1033.328,0.710548825209556,1.06214348139673,2066.656,2020_kk_257,Kusko,2020,0.709054235078349,1.06273109490756,0.0029478185666032,1504.51461005574,1679.64805041547,2090.76,0.707620504797333,1243.9858271935702
1973,1033.852,0.708229207772339,1.06375119957347,2067.704,2020_kk_257,Kusko,2020,0.709049668567561,1.06559108884667,0.00285999393910252,1504.51461005574,1679.64805041547,2090.76,0.707620504797333,1243.9858271935702
1974,1034.376,0.710363455339881,1.06874443817393,2068.752,2020_kk_257,Kusko,2020,0.709068749751916,1.06864958551649,0.00305849666982327,1504.51461005574,1679.64805041547,2090.76,0.707620504797333,1243.9858271935702
1975,1034.9,0.707410114457454,1.07774516412912,2069.8,2020_kk_257,Kusko,2020,0.709075361348152,1.07146640860993,0.00281682309344133,1504.51461005574,1679.64805041547,2090.76,0.707620504797333,1243.9858271935702
1976,1035.424,0.709620610589551,1.07894002422496,2070.848,2020_kk_257,Kusko,2020,0.709088527125521,1.07372388747977,0.00225747886983796,1504.51461005574,1679.64805041547,2090.76,0.707620504797333,1243.9858271935702
1977,1035.948,0.709338885991731,1.08028761547623,2071.896,2020_kk_257,Kusko,2020,0.709088443279412,1.07591395891409,0.00219007143432548,1504.51461005574,1679.64805041547,2090.76,0.707620504797333,1243.9858271935702
1978,1036.472,0.709530506343077,1.08728624364138,2072.944,2020_kk_257,Kusko,2020,0.709089660043839,1.07826958707193,0.00235562815783208,1504.51461005574,1679.64805041547,2090.76,0.707620504797333,1243.9858271935702
1979,1036.996,0.707905052290996,1.08637291197736,2073.992,2020_kk_257,Kusko,2020,0.709107562923711,1.08088173952497,0.00261215245303847,1504.51461005574,1679.64805041547,2090.76,0.707620504797333,1243.9858271935702
1980,1037.52,0.708608146840595,1.09175375803882,2075.04,2020_kk_257,Kusko,2020,0.709113350325384,1.08333933563703,0.00245759611206586,1504.51461005574,1679.64805041547,2090.76,0.707620504797333,1243.9858271935702
1981,1038.044,0.709315179186289,1.08587122726779,2076.088,2020_kk_257,Kusko,2020,0.709115763917084,1.08542163549229,0.00208229985525921,1504.51461005574,1679.64805041547,2090.76,0.707620504797333,1243.9858271935702
1982,1038.568,0.710880151692627,1.08899298155201,2077.136,2020_kk_257,Kusko,2020,0.70912558253959,1.08758584395109,0.00216420845880338,1504.51461005574,1679.64805041547,2090.76,0.707620504797333,1243.9858271935702
1983,1039.092,0.709603994089253,1.0961460409478,2078.184,2020_kk_257,Kusko,2020,0.70910075172404,1.08959013737503,0.00200429342393993,1504.51461005574,1679.64805041547,2090.76,0.707620504797333,1243.9858271935702
1984,1039.616,0.708664850825005,1.10044468405923,2079.232,2020_kk_257,Kusko,2020,0.709070336730988,1.09167594178312,0.00208580440808404,1504.51461005574,1679.64805041547,2090.76,0.707620504797333,1243.9858271935702
1985,1040.14,0.709311284657333,1.10290521959901,2080.28,2020_kk_257,Kusko,2020,0.709076127608772,1.09352410051152,0.0018481587283985,1504.51461005574,1679.64805041547,2090.76,0.707620504797333,1243.9858271935702
1986,1040.664,0.709906860346778,1.09802175260235,2081.328,2020_kk_257,Kusko,2020,0.709088220831178,1.0953406699592,0.00181656944767905,1504.51461005574,1679.64805041547,2090.76,0.707620504797333,1243.9858271935702
1987,1041.188,0.709032622440566,1.09185355731427,2082.376,2020_kk_257,Kusko,2020,0.709067397220893,1.0968835076952,0.00154283773599961,1504.51461005574,1679.64805041547,2090.76,0.707620504797333,1243.9858271935702
1988,1041.712,0.708911474042857,1.10469532111909,2083.424,2020_kk_257,Kusko,2020,0.709097644391661,1.09829860482011,0.00141509712491739,1504.51461005574,1679.64805041547,2090.76,0.707620504797333,1243.9858271935702
1989,1042.236,0.709758949634742,1.10589971175564,2084.472,2020_kk_257,Kusko,2020,0.709108211288762,1.09981563903931,0.00151703421920035,1504.51461005574,1679.64805041547,2090.76,0.707620504797333,1243.9858271935702
1990,1042.76,0.708485733901038,1.1173750553929,2085.52,2020_kk_257,Kusko,2020,0.709098221791355,1.10158704816718,0.00177140912786777,1504.51461005574,1679.64805041547,2090.76,0.707620504797333,1243.9858271935702
1991,1043.284,0.709222965473713,1.12515280441351,2086.568,2020_kk_257,Kusko,2020,0.70909913466696906,1.1031559242875,0.00156887612032097,1504.51461005574,1679.64805041547,2090.76,0.707620504797333,1243.9858271935702
1992,1043.808,0.70818976482576,1.11652474116008,2087.616,2020_kk_257,Kusko,2020,0.709100024274086,1.10435736981331,0.00120144552580981,1504.51461005574,1679.64805041547,2090.76,0.707620504797333,1243.9858271935702
1993,1044.332,0.708608235171017,1.11436902280442,2088.664,2020_kk_257,Kusko,2020,0.709112413742133,1.10540723332442,0.00104986351110448,1504.51461005574,1679.64805041547,2090.76,0.707620504797333,1243.9858271935702
1994,1044.856,0.709068803862371,1.11928446724392,2089.712,2020_kk_257,Kusko,2020,0.709132873240908,1.10647312534275,0.00106589201833329,1504.51461005574,1679.64805041547,2090.76,0.707620504797333,1243.9858271935702
1995,1045.38,0.708637141066993,1.11153255562268,2090.76,2020_kk_257,Kusko,2020,0.709117664408302,1.10742405896745,9.5093362470444e-4,1504.51461005574,1679.64805041547,2090.76,0.707620504797333,1243.9858271935702
1996,1045.904,0.708315699411769,1.11227031609782,2091.808,2020_kk_257,Kusko,2020,0.709116139757968,1.10852250925621,0.00109845028876099,1504.51461005574,1679.64805041547,2090.76,0.707620504797333,1243.9858271935702
1997,1046.428,0.708189450462614,1.11427626357818,2092.856,2020_kk_257,Kusko,2020,0.709109634920386,1.10953687180675,0.00101436255053322,1504.51461005574,1679.64805041547,2090.76,0.707620504797333,1243.9858271935702
1998,1046.952,0.708423443638022,1.12383433883718,2093.904,2020_kk_257,Kusko,2020,0.709106318742897,1.11093585173984,0.00139897993309224,1504.51461005574,1679.64805041547,2090.76,0.707620504797333,1243.9858271935702
1999,1047.476,0.709576457798666,1.13483524049926,2094.952,2020_kk_257,Kusko,2020,0.709073935022239,1.1122373568538,0.00130150511395954,1504.51461005574,1679.64805041547,2090.76,0.707620504797333,1243.9858271935702
2000,1048,0.709501235885036,1.13498263183602,2096,2020_kk_257,Kusko,2020,0.709087758094629,1.11331698518663,0.00107962833283137,1504.51461005574,1679.64805041547,2090.76,0.707620504797333,1243.9858271935702
2001,1048.524,0.707949170143607,1.14072019482063,2097.048,2020_kk_257,Kusko,2020,0.709060174873269,1.11457114410516,0.00125415891852487,1504.51461005574,1679.64805041547,2090.76,0.707620504797333,1243.9858271935702
2002,1049.048,0.707990534434989,1.13800013619482,2098.096,2020_kk_257,Kusko,2020,0.709022956010127,1.11574804005812,0.00117689595296322,1504.51461005574,1679.64805041547,2090.76,0.707620504797333,1243.9858271935702
2003,1049.572,0.709132871514588,1.14011093820558,2099.144,2020_kk_257,Kusko,2020,0.709031779477884,1.11698683227086,0.00123879221274192,1504.51461005574,1679.64805041547,2090.76,0.707620504797333,1243.9858271935702
2004,1050.096,0.709595615209362,1.14718353171096,2100.192,2020_kk_257,Kusko,2020,0.709010161902889,1.11806357006562,0.0010767377947567,1504.51461005574,1679.64805041547,2090.76,0.707620504797333,1243.9858271935702
2005,1050.62,0.709173375900375,1.14966285401501,2101.24,2020_kk_257,Kusko,2020,0.709058201426363,1.1191881360317,0.00112456596607879,1504.51461005574,1679.64805041547,2090.76,0.707620504797333,1243.9858271935702
2006,1051.144,0.708413070526472,1.14793412196568,2102.288,2020_kk_257,Kusko,2020,0.709043457393804,1.12021027228837,0.00102213625666914,1504.51461005574,1679.64805041547,2090.76,0.707620504797333,1243.9858271935702
2007,1051.668,0.709534204560509,1.14014264244492,2103.336,2020_kk_257,Kusko,2020,0.709054225169967,1.12134690361253,0.00113663132416297,1504.51461005574,1679.64805041547,2090.76,0.707620504797333,1243.9858271935702
2008,1052.192,0.709496421652915,1.13553472855149,2104.384,2020_kk_257,Kusko,2020,0.7090770946375,1.12216812099454,8.212173820068e-4,1504.51461005574,1679.64805041547,2090.76,0.707620504797333,1243.9858271935702
2009,1052.716,0.709760715418592,1.13222288786955,2105.432,2020_kk_257,Kusko,2020,0.709087708374202,1.12287424802104,7.0612702650341e-4,1504.51461005574,1679.64805041547,2090.76,0.707620504797333,1243.9858271935702
2010,1053.24,0.708695323464575,1.12800003879408,2106.48,2020_kk_257,Kusko,2020,0.70908165671949,1.12359629261315,7.2204459210811e-4,1504.51461005574,1679.64805041547,2090.76,0.707620504797333,1243.9858271935702
2011,1053.764,0.708650431171228,1.12487771449175,2107.528,2020_kk_257,Kusko,2020,0.709064144993458,1.12442096454775,8.2467193460567e-4,1504.51461005574,1679.64805041547,2090.76,0.707620504797333,1243.9858271935702
2012,1054.288,0.709575706533945,1.13322117384815,2108.576,2020_kk_257,Kusko,2020,0.709024882767695,1.12558876135808,0.00116779681032697,1504.51461005574,1679.64805041547,2090.76,0.707620504797333,1243.9858271935702
2013,1054.812,0.709126660897812,1.12540643941803,2109.624,2020_kk_257,Kusko,2020,0.70902707875377,1.1265515178751,9.6275651702471e-4,1504.51461005574,1679.64805041547,2090.76,0.707620504797333,1243.9858271935702
2014,1055.336,0.708044594508648,1.12349238849755,2110.672,2020_kk_257,Kusko,2020,0.709018498356301,1.12761317999816,0.00106166212305658,1504.51461005574,1679.64805041547,2090.76,0.707620504797333,1243.9858271935702
2015,1055.86,0.709480327621439,1.12068626972391,2111.72,2020_kk_257,Kusko,2020,0.709004824847169,1.1287356453918,0.00112246539363925,1504.51461005574,1679.64805041547,2090.76,0.707620504797333,1243.9858271935702
2016,1056.384,0.709491077138805,1.13304681020445,2112.768,2020_kk_257,Kusko,2020,0.708986244542828,1.12980334331812,0.00106769792631756,1504.51461005574,1679.64805041547,2090.76,0.707620504797333,1243.9858271935702
2017,1056.908,0.708839170347595,1.12601102859607,2113.816,2020_kk_257,Kusko,2020,0.708987920054648,1.13078112490585,9.7778158773098e-4,1504.51461005574,1679.64805041547,2090.76,0.707620504797333,1243.9858271935702
2018,1057.432,0.710134989568723,1.12077818676628,2114.864,2020_kk_257,Kusko,2020,0.708998213494479,1.13143952335553,6.5839844967796e-4,1504.51461005574,1679.64805041547,2090.76,0.707620504797333,1243.9858271935702
2019,1057.956,0.709467566622246,1.12453739031732,2115.912,2020_kk_257,Kusko,2020,0.708991238252188,1.13219890096811,7.5937761258604e-4,1504.51461005574,1679.64805041547,2090.76,0.707620504797333,1243.9858271935702
2020,1058.48,0.708788563696782,1.13119200816559,2116.96,2020_kk_257,Kusko,2020,0.709022613069574,1.13284969081078,6.5078984266242e-4,1504.51461005574,1679.64805041547,2090.76,0.707620504797333,1243.9858271935702
2021,1059.004,0.709503067242965,1.1172125083217,2118.008,2020_kk_257,Kusko,2020,0.709013135275708,1.13332781549202,4.7812468124197e-4,1504.51461005574,1679.64805041547,2090.76,0.707620504797333,1243.9858271935702
2022,1059.528,0.708987567707333,1.11275520515881,2119.056,2020_kk_257,Kusko,2020,0.709034417766743,1.13411073201769,7.8291652566853e-4,1504.51461005574,1679.64805041547,2090.76,0.707620504797333,1243.9858271935702
2023,1060.052,0.709533915752997,1.10827026321611,2120.104,2020_kk_257,Kusko,2020,0.709063381158981,1.13489185393368,7.8112191599766e-4,1504.51461005574,1679.64805041547,2090.76,0.707620504797333,1243.9858271935702
2024,1060.576,0.710341051829943,1.11193187061283,2121.152,2020_kk_257,Kusko,2020,0.709072484801418,1.13552349138057,6.3163744688643e-4,1504.51461005574,1679.64805041547,2090.76,0.707620504797333,1243.9858271935702
2025,1061.1,0.708526463910859,1.11341219077717,2122.2,2020_kk_257,Kusko,2020,0.709085698568276,1.13633194163343,8.0845025286469e-4,1504.51461005574,1679.64805041547,2090.76,0.707620504797333,1243.9858271935702
2026,1061.624,0.709302726891239,1.12222834399283,2123.248,2020_kk_257,Kusko,2020,0.709109427473487,1.13729216624838,9.6022461494227e-4,1504.51461005574,1679.64805041547,2090.76,0.707620504797333,1243.9858271935702
2027,1062.148,0.708402016169052,1.11608255452581,2124.296,2020_kk_257,Kusko,2020,0.70912533040373,1.13817981062361,8.8764437523836e-4,1504.51461005574,1679.64805041547,2090.76,0.707620504797333,1243.9858271935702
2028,1062.672,0.708346483393144,1.1294687033689501,2125.344,2020_kk_257,Kusko,2020,0.709129862373451,1.1392575049368,0.00107769431318272,1504.51461005574,1679.64805041547,2090.76,0.707620504797333,1243.9858271935702
2029,1063.196,0.708148193070584,1.12955894568913,2126.392,2020_kk_257,Kusko,2020,0.709126616377919,1.14011081386104,8.5330892423973e-4,1504.51461005574,1679.64805041547,2090.76,0.707620504797333,1243.9858271935702
2030,1063.72,0.709702989717313,1.12403056769727,2127.44,2020_kk_257,Kusko,2020,0.709111803952646,1.14114821099292,0.00103739713188578,1504.51461005574,1679.64805041547,2090.76,0.707620504797333,1243.9858271935702
2031,1064.244,0.708316522529906,1.13026323801185,2128.488,2020_kk_257,Kusko,2020,0.709125636851975,1.14195452262452,8.0631163159239e-4,1504.51461005574,1679.64805041547,2090.76,0.707620504797333,1243.9858271935702
2032,1064.768,0.70831569342105,1.13275723857452,2129.536,2020_kk_257,Kusko,2020,0.709126759791322,1.1429246118294,9.7008920488694e-4,1504.51461005574,1679.64805041547,2090.76,0.707620504797333,1243.9858271935702
2033,1065.292,0.708758615837752,1.13807873233797,2130.584,2020_kk_257,Kusko,2020,0.709130636373743,1.14361074405328,6.8613222387825e-4,1504.51461005574,1679.64805041547,2090.76,0.707620504797333,1243.9858271935702
2034,1065.816,0.709066400840184,1.13334870585933,2131.632,2020_kk_257,Kusko,2020,0.709114844925656,1.14403668366449,4.2593961120474e-4,1504.51461005574,1679.64805041547,2090.76,0.707620504797333,1243.9858271935702
2035,1066.34,0.710292485865915,1.14521912209385,2132.68,2020_kk_257,Kusko,2020,0.70912466812825,1.14430771522839,2.7103156390584e-4,1504.51461005574,1679.64805041547,2090.76,0.707620504797333,1243.9858271935702
2036,1066.864,0.708735968635983,1.1402681996251,2133.728,2020_kk_257,Kusko,2020,0.709131056438343,1.14456368244496,2.5596721656584e-4,1504.51461005574,1679.64805041547,2090.76,0.707620504797333,1243.9858271935702
2037,1067.388,0.709984952561525,1.148485494926,2134.776,2020_kk_257,Kusko,2020,0.709120155281529,1.14489087930938,3.2719686441784e-4,1504.51461005574,1679.64805041547,2090.76,0.707620504797333,1243.9858271935702
2038,1067.912,0.710902674395069,1.13655928656179,2135.824,2020_kk_257,Kusko,2020,0.709105631013974,1.14533672822796,4.4584891858345e-4,1504.51461005574,1679.64805041547,2090.76,0.707620504797333,1243.9858271935702
2039,1068.436,0.708541876493132,1.12874053356756,2136.872,2020_kk_257,Kusko,2020,0.709116787418085,1.14571878263855,3.8205441058814e-4,1504.51461005574,1679.64805041547,2090.76,0.707620504797333,1243.9858271935702
2040,1068.96,0.708245047557835,1.1350764335653,2137.92,2020_kk_257,Kusko,2020,0.709135287616108,1.14643065482869,7.1187219013979e-4,1504.51461005574,1679.64805041547,2090.76,0.707620504797333,1243.9858271935702
2041,1069.484,0.708264475624395,1.13535154334413,2138.968,2020_kk_257,Kusko,2020,0.709143725306068,1.14728646213902,0.00085580731033219005,1504.51461005574,1679.64805041547,2090.76,0.707620504797333,1243.9858271935702
2042,1070.008,0.708524418146843,1.15906079017162,2140.016,2020_kk_257,Kusko,2020,0.709125987782724,1.14815293199911,8.6646986009442e-4,1504.51461005574,1679.64805041547,2090.76,0.707620504797333,1243.9858271935702
2043,1070.532,0.709735753253771,1.15391143196929,2141.064,2020_kk_257,Kusko,2020,0.709137215820624,1.1490121344070101,8.5920240789239e-4,1504.51461005574,1679.64805041547,2090.76,0.707620504797333,1243.9858271935702
2044,1071.056,0.708150026976816,1.16414441144262,2142.112,2020_kk_257,Kusko,2020,0.709152078637406,1.1498252054413,8.1307103429617e-4,1504.51461005574,1679.64805041547,2090.76,0.707620504797333,1243.9858271935702
2045,1071.58,0.708490874109461,1.17025314321737,2143.16,2020_kk_257,Kusko,2020,0.709152445840313,1.15034449887302,5.1929343172219e-4,1504.51461005574,1679.64805041547,2090.76,0.707620504797333,1243.9858271935702
2046,1072.104,0.708792042086308,1.1620836281814,2144.208,2020_kk_257,Kusko,2020,0.70912775584944,1.15057860964362,2.3411077059765e-4,1504.51461005574,1679.64805041547,2090.76,0.707620504797333,1243.9858271935702
2047,1072.628,0.70913315314972,1.15052045257812,2145.256,2020_kk_257,Kusko,2020,0.709136045763293,1.15093828814123,3.5967849760409e-4,1504.51461005574,1679.64805041547,2090.76,0.707620504797333,1243.9858271935702
2048,1073.152,0.709529080432739,1.14419922809977,2146.304,2020_kk_257,Kusko,2020,0.70912377043943,1.1512909801146,3.5269197337717e-4,1504.51461005574,1679.64805041547,2090.76,0.707620504797333,1243.9858271935702
2049,1073.676,0.709340435097318,1.1514623685108,2147.352,2020_kk_257,Kusko,2020,0.709135557201656,1.15154450376732,2.5352365271591e-4,1504.51461005574,1679.64805041547,2090.76,0.707620504797333,1243.9858271935702
2050,1074.2,0.710368222944163,1.15642244595263,2148.4,2020_kk_257,Kusko,2020,0.709136016294039,1.15167704452823,1.3254076090674e-4,1504.51461005574,1679.64805041547,2090.76,0.707620504797333,1243.9858271935702
2051,1074.724,0.708654297841732,1.15384028528802,2149.448,2020_kk_257,Kusko,2020,0.709122655286958,1.1521263879628,4.4934343457359e-4,1504.51461005574,1679.64805041547,2090.76,0.707620504797333,1243.9858271935702
2052,1075.248,0.709466714287918,1.16349973270019,2150.496,2020_kk_257,Kusko,2020,0.709136358702136,1.15251974654469,0.00039335858188627003,1504.51461005574,1679.64805041547,2090.76,0.707620504797333,1243.9858271935702
2053,1075.772,0.710346038705282,1.16123633776427,2151.544,2020_kk_257,Kusko,2020,0.70913101675842,1.15305452339591,5.3477685122294e-4,1504.51461005574,1679.64805041547,2090.76,0.707620504797333,1243.9858271935702
2054,1076.296,0.709615022408591,1.1571827140571,2152.592,2020_kk_257,Kusko,2020,0.709106941224886,1.15348168240844,4.2715901253243e-4,1504.51461005574,1679.64805041547,2090.76,0.707620504797333,1243.9858271935702
2055,1076.82,0.709429967078459,1.16003957079458,2153.64,2020_kk_257,Kusko,2020,0.70910716655074,1.15402199720415,5.4031479570881e-4,1504.51461005574,1679.64805041547,2090.76,0.707620504797333,1243.9858271935702
2056,1077.344,0.709739433724449,1.16988379299435,2154.688,2020_kk_257,Kusko,2020,0.709108896694904,1.15444634680568,4.2434960153547e-4,1504.51461005574,1679.64805041547,2090.76,0.707620504797333,1243.9858271935702
2057,1077.868,0.709143626277157,1.16753492609247,2155.736,2020_kk_257,Kusko,2020,0.709118558866187,1.15506059384396,6.1424703827439e-4,1504.51461005574,1679.64805041547,2090.76,0.707620504797333,1243.9858271935702
2058,1078.392,0.70869536182128,1.18849599762815,2156.784,2020_kk_257,Kusko,2020,0.709115207038016,1.15546203182136,4.0143797740133e-4,1504.51461005574,1679.64805041547,2090.76,0.707620504797333,1243.9858271935702
2059,1078.916,0.709381698066753,1.18603377595363,2157.832,2020_kk_257,Kusko,2020,0.709119752337398,1.15607318579502,6.1115397365529e-4,1504.51461005574,1679.64805041547,2090.76,0.707620504797333,1243.9858271935702
2060,1079.44,0.708612490368668,1.19722645974916,2158.88,2020_kk_257,Kusko,2020,0.709112779559521,1.15708262657943,0.00100944078441234,1504.51461005574,1679.64805041547,2090.76,0.707620504797333,1243.9858271935702
2061,1079.964,0.708779144103368,1.18909889271618,2159.928,2020_kk_257,Kusko,2020,0.709123700011353,1.15809428662903,0.00101166004959818,1504.51461005574,1679.64805041547,2090.76,0.707620504797333,1243.9858271935702
2062,1080.488,0.70805791079579,1.19620548848804,2160.976,2020_kk_257,Kusko,2020,0.709131704188814,1.15889875559946,8.0446897043184e-4,1504.51461005574,1679.64805041547,2090.76,0.707620504797333,1243.9858271935702
2063,1081.012,0.709365466459821,1.18127887163828,2162.024,2020_kk_257,Kusko,2020,0.709148815314444,1.15932219493559,4.2343933613331e-4,1504.51461005574,1679.64805041547,2090.76,0.707620504797333,1243.9858271935702
2064,1081.536,0.708648128324183,1.17273990838325,2163.072,2020_kk_257,Kusko,2020,0.709137054363926,1.15965385641973,3.3166148413577e-4,1504.51461005574,1679.64805041547,2090.76,0.707620504797333,1243.9858271935702
2065,1082.06,0.709762768055978,1.16592474784936,2164.12,2020_kk_257,Kusko,2020,0.709109177451949,1.15971406287556,6.02064558283821e-5,1504.51461005574,1679.64805041547,2090.76,0.707620504797333,1243.9858271935702
2066,1082.584,0.708796369132048,1.16329215495962,2165.168,2020_kk_257,Kusko,2020,0.709109544360533,1.15959409053667,-1.1997233888827e-4,1504.51461005574,1679.64805041547,2090.76,0.707620504797333,1243.9858271935702
2067,1083.108,0.708880135151708,1.15977445430999,2166.216,2020_kk_257,Kusko,2020,0.709076290367314,1.15963794098855,4.38504518778249e-5,1504.51461005574,1679.64805041547,2090.76,0.707620504797333,1243.9858271935702
2068,1083.632,0.708624965599605,1.1622856636665,2167.264,2020_kk_257,Kusko,2020,0.709046059291648,1.15955447869018,-8.34622983632016e-5,1504.51461005574,1679.64805041547,2090.76,0.707620504797333,1243.9858271935702
2069,1084.156,0.710430099665237,1.15514615250485,2168.312,2020_kk_257,Kusko,2020,0.709068272556145,1.15967252523172,1.180465415409e-4,1504.51461005574,1679.64805041547,2090.76,0.707620504797333,1243.9858271935702
2070,1084.68,0.709805335345945,1.17071237020246,2169.36,2020_kk_257,Kusko,2020,0.709083131107733,1.15967789224868,5.36701695774688e-6,1504.51461005574,1679.64805041547,2090.76,0.707620504797333,1243.9858271935702
2071,1085.204,0.709156692568825,1.17622615311169,2170.408,2020_kk_257,Kusko,2020,0.709074079826879,1.15950410171339,-1.7379053529231e-4,1504.51461005574,1679.64805041547,2090.76,0.707620504797333,1243.9858271935702
2072,1085.728,0.70851145513329306,1.18520936545381,2171.456,2020_kk_257,Kusko,2020,0.709102944002297,1.15903860586894,-4.6549584444632e-4,1504.51461005574,1679.64805041547,2090.76,0.707620504797333,1243.9858271935702
2073,1086.252,0.709800343171832,1.17695858389157,2172.504,2020_kk_257,Kusko,2020,0.709080767036104,1.15843755555022,-6.0105031871793e-4,1504.51461005574,1679.64805041547,2090.76,0.707620504797333,1243.9858271935702
2074,1086.776,0.708936363515552,1.17227665055531,2173.552,2020_kk_257,Kusko,2020,0.709102457175235,1.15773919527622,-6.9836027400271e-4,1504.51461005574,1679.64805041547,2090.76,0.707620504797333,1243.9858271935702
2075,1087.3,0.709502359795863,1.15184387562724,2174.6,2020_kk_257,Kusko,2020,0.709124822626776,1.15685191438341,-8.8728089281398e-4,1504.51461005574,1679.64805041547,2090.76,0.707620504797333,1243.9858271935702
2076,1087.824,0.708009677686454,1.14709345644031,2175.648,2020_kk_257,Kusko,2020,0.709119429567165,1.15621868597129,-6.3322841211399e-4,1504.51461005574,1679.64805041547,2090.76,0.707620504797333,1243.9858271935702
2077,1088.348,0.709336565178785,1.14759173845231,2176.696,2020_kk_257,Kusko,2020,0.709124416545324,1.15590366555146,-3.1502041983477e-4,1504.51461005574,1679.64805041547,2090.76,0.707620504797333,1243.9858271935702
2078,1088.872,0.709398470136918,1.14193970516891,2177.744,2020_kk_257,Kusko,2020,0.70912537462482494,1.15574555836918,-1.581071822776e-4,1504.51461005574,1679.64805041547,2090.76,0.707620504797333,1243.9858271935702
2079,1089.396,0.71017477235579,1.13974880948027,2178.792,2020_kk_257,Kusko,2020,0.709113349091973,1.15558457851002,-1.6097985915863e-4,1504.51461005574,1679.64805041547,2090.76,0.707620504797333,1243.9858271935702
2080,1089.92,0.708816109239756,1.13914445382,2179.84,2020_kk_257,Kusko,2020,0.709087218702368,1.15549448107862,-9.00974313988723e-5,1504.51461005574,1679.64805041547,2090.76,0.707620504797333,1243.9858271935702
2081,1090.444,0.708701406818114,1.14417311439612,2180.888,2020_kk_257,Kusko,2020,0.709108192108477,1.15561503405667,1.2055297804658e-4,1504.51461005574,1679.64805041547,2090.76,0.707620504797333,1243.9858271935702
2082,1090.968,0.709809772618037,1.13635672007199,2181.936,2020_kk_257,Kusko,2020,0.709094494612545,1.15553097844659,-8.40556100840661e-5,1504.51461005574,1679.64805041547,2090.76,0.707620504797333,1243.9858271935702
2083,1091.492,0.709213399130011,1.14035687428948,2182.984,2020_kk_257,Kusko,2020,0.709082023145707,1.15530256527462,-2.2841317196742e-4,1504.51461005574,1679.64805041547,2090.76,0.707620504797333,1243.9858271935702
2084,1092.016,0.708896519817895,1.13756141136478,2184.032,2020_kk_257,Kusko,2020,0.709068060745925,1.15520541696399,-9.71483106277926e-5,1504.51461005574,1679.64805041547,2090.76,0.707620504797333,1243.9858271935702
2085,1092.54,0.708539983462087,1.1458310785197,2185.08,2020_kk_257,Kusko,2020,0.709065076882207,1.15496567115937,-2.3974580462349e-4,1504.51461005574,1679.64805041547,2090.76,0.707620504797333,1243.9858271935702
2086,1093.064,0.709406535541106,1.14768932008496,2186.128,2020_kk_257,Kusko,2020,0.709059311793613,1.154628699132,-3.3697202736293e-4,1504.51461005574,1679.64805041547,2090.76,0.707620504797333,1243.9858271935702
2087,1093.588,0.708981746445993,1.15293737682227,2187.176,2020_kk_257,Kusko,2020,0.709059250391932,1.15410597042143,-5.2272871057379e-4,1504.51461005574,1679.64805041547,2090.76,0.707620504797333,1243.9858271935702
2088,1094.112,0.708145373702926,1.15355498201303,2188.224,2020_kk_257,Kusko,2020,0.709062846839121,1.15329359808096,-8.1237234046871e-4,1504.51461005574,1679.64805041547,2090.76,0.707620504797333,1243.9858271935702
2089,1094.636,0.708420911033485,1.16622818410845,2189.272,2020_kk_257,Kusko,2020,0.709064341718344,1.15253368259735,-7.5991548361398e-4,1504.51461005574,1679.64805041547,2090.76,0.707620504797333,1243.9858271935702
2090,1095.16,0.709284623044718,1.18459701476201,2190.32,2020_kk_257,Kusko,2020,0.709076222197021,1.15155243828206,-9.8124431528878e-4,1504.51461005574,1679.64805041547,2090.76,0.707620504797333,1243.9858271935702
2091,1095.684,0.708971749639788,1.19096284098773,2191.368,2020_kk_257,Kusko,2020,0.709059632603912,1.15067691463155,-8.7552365051357e-4,1504.51461005574,1679.64805041547,2090.76,0.707620504797333,1243.9858271935702
2092,1096.208,0.708795944068722,1.18102537680043,2192.416,2020_kk_257,Kusko,2020,0.709074022871199,1.14969112994585,-9.8578468570043e-4,1504.51461005574,1679.64805041547,2090.76,0.707620504797333,1243.9858271935702
2093,1096.732,0.709785283375545,1.16348509250598,2193.464,2020_kk_257,Kusko,2020,0.709060002541541,1.14926870343417,-4.2242651167545e-4,1504.51461005574,1679.64805041547,2090.76,0.707620504797333,1243.9858271935702
2094,1097.256,0.708360743809098,1.15324839490748,2194.512,2020_kk_257,Kusko,2020,0.709079376478256,1.14924645060002,-2.22528341520256e-5,1504.51461005574,1679.64805041547,2090.76,0.707620504797333,1243.9858271935702
2095,1097.78,0.70861987114733,1.14883150944355,2195.56,2020_kk_257,Kusko,2020,0.709070779346108,1.14958079458577,3.3434398575615e-4,1504.51461005574,1679.64805041547,2090.76,0.707620504797333,1243.9858271935702
2096,1098.304,0.70875798315103,1.1330698592918,2196.608,2020_kk_257,Kusko,2020,0.70907140395877,1.14997687060007,3.9607601429203e-4,1504.51461005574,1679.64805041547,2090.76,0.707620504797333,1243.9858271935702
2097,1098.828,0.707989712968352,1.15111652203867,2197.656,2020_kk_257,Kusko,2020,0.709066523331865,1.15036824043418,3.9136983411758e-4,1504.51461005574,1679.64805041547,2090.76,0.707620504797333,1243.9858271935702
2098,1099.352,0.709088809855147,1.13155154866,2198.704,2020_kk_257,Kusko,2020,0.709059642516382,1.15066518618793,2.9694575375138e-4,1504.51461005574,1679.64805041547,2090.76,0.707620504797333,1243.9858271935702
2099,1099.876,0.709874672362922,1.13582332606002,2199.752,2020_kk_257,Kusko,2020,0.709037521325597,1.15100836360751,3.4317741957656e-4,1504.51461005574,1679.64805041547,2090.76,0.707620504797333,1243.9858271935702
2100,1100.4,0.709136560653115,1.13539845458277,2200.8,2020_kk_257,Kusko,2020,0.709021451968324,1.15097798242654,-3.03811809672094e-5,1504.51461005574,1679.64805041547,2090.76,0.707620504797333,1243.9858271935702
2101,1100.924,0.707721398773178,1.1249241112266,2201.848,2020_kk_257,Kusko,2020,0.70904309522803,1.15089239449731,-8.55879292354089e-5,1504.51461005574,1679.64805041547,2090.76,0.707620504797333,1243.9858271935702
2102,1101.448,0.71025626867188,1.13113103950483,2202.896,2020_kk_257,Kusko,2020,0.709062699260895,1.1508546418276,-3.77526697121766e-5,1504.51461005574,1679.64805041547,2090.76,0.707620504797333,1243.9858271935702
2103,1101.972,0.708405135282237,1.11784841284622,2203.944,2020_kk_257,Kusko,2020,0.709059152466612,1.15099981024568,1.4516841808731e-4,1504.51461005574,1679.64805041547,2090.76,0.707620504797333,1243.9858271935702
2104,1102.496,0.709451435324648,1.12224279500247,2204.992,2020_kk_257,Kusko,2020,0.709060916739767,1.15112815059869,1.2834035301012e-4,1504.51461005574,1679.64805041547,2090.76,0.707620504797333,1243.9858271935702
2105,1103.02,0.709832801201939,1.11701628964854,2206.04,2020_kk_257,Kusko,2020,0.709055198814521,1.15165856164496,5.3041104626117e-4,1504.51461005574,1679.64805041547,2090.76,0.707620504797333,1243.9858271935702
2106,1103.544,0.708468458509627,1.12408992345456,2207.088,2020_kk_257,Kusko,2020,0.709098750450703,1.1522046463558,5.4608471083983e-4,1504.51461005574,1679.64805041547,2090.76,0.707620504797333,1243.9858271935702
2107,1104.068,0.709432371839282,1.13161922738803,2208.136,2020_kk_257,Kusko,2020,0.709096262887318,1.15278110148493,5.7645512913939e-4,1504.51461005574,1679.64805041547,2090.76,0.707620504797333,1243.9858271935702
2108,1104.592,0.709586565202807,1.13471279716312,2209.184,2020_kk_257,Kusko,2020,0.709080969897522,1.15337867958734,5.9757810241034e-4,1504.51461005574,1679.64805041547,2090.76,0.707620504797333,1243.9858271935702
2109,1105.116,0.708618903126183,1.14180357696128,2210.232,2020_kk_257,Kusko,2020,0.709068752798518,1.15397236724314,5.9368765579104e-4,1504.51461005574,1679.64805041547,2090.76,0.707620504797333,1243.9858271935702
2110,1105.64,0.708800399567839,1.15101660006871,2211.28,2020_kk_257,Kusko,2020,0.709055443966883,1.15455150955877,5.7914231563871e-4,1504.51461005574,1679.64805041547,2090.76,0.707620504797333,1243.9858271935702
2111,1106.164,0.709912702208303,1.16107346397081,2212.328,2020_kk_257,Kusko,2020,0.709053121810902,1.15492596397507,3.7445441630001e-4,1504.51461005574,1679.64805041547,2090.76,0.707620504797333,1243.9858271935702
2112,1106.688,0.708644864531966,1.15845639609514,2213.376,2020_kk_257,Kusko,2020,0.709050656786788,1.1554658194056,5.3985543052892e-4,1504.51461005574,1679.64805041547,2090.76,0.707620504797333,1243.9858271935702
2113,1107.212,0.709597750695024,1.14753154744623,2214.424,2020_kk_257,Kusko,2020,0.709059925765224,1.15603513112571,5.6931172010954e-4,1504.51461005574,1679.64805041547,2090.76,0.707620504797333,1243.9858271935702
2114,1107.736,0.70877727842166,1.15135381541943,2215.472,2020_kk_257,Kusko,2020,0.709064439860585,1.15665950378472,6.2437265900827e-4,1504.51461005574,1679.64805041547,2090.76,0.707620504797333,1243.9858271935702
2115,1108.26,0.709250935255353,1.14565482251717,2216.52,2020_kk_257,Kusko,2020,0.7090849430412,1.15693417876198,2.7467497725997e-4,1504.51461005574,1679.64805041547,2090.76,0.707620504797333,1243.9858271935702
2116,1108.784,0.709393528408828,1.14966547135257,2217.568,2020_kk_257,Kusko,2020,0.709089731949119,1.15736551034743,4.3133158544606e-4,1504.51461005574,1679.64805041547,2090.76,0.707620504797333,1243.9858271935702
2117,1109.308,0.709139942176304,1.13617120345805,2218.616,2020_kk_257,Kusko,2020,0.709097588308528,1.15774357832533,3.7806797790329e-4,1504.51461005574,1679.64805041547,2090.76,0.707620504797333,1243.9858271935702
2118,1109.832,0.708911148652637,1.13975365720003,2219.664,2020_kk_257,Kusko,2020,0.709116379854091,1.15804870939836,3.0513107303265e-4,1504.51461005574,1679.64805041547,2090.76,0.707620504797333,1243.9858271935702
2119,1110.356,0.709471390820109,1.14043884693679,2220.712,2020_kk_257,Kusko,2020,0.709134374672907,1.15830585188867,2.571424903095e-4,1504.51461005574,1679.64805041547,2090.76,0.707620504797333,1243.9858271935702
2120,1110.88,0.709325319089318,1.13835180083183,2221.76,2020_kk_257,Kusko,2020,0.709130798202937,1.15812404651496,-1.8180537371725e-4,1504.51461005574,1679.64805041547,2090.76,0.707620504797333,1243.9858271935702
2121,1111.404,0.707783768516826,1.13656747368536,2222.808,2020_kk_257,Kusko,2020,0.709118556799532,1.15781918209949,-3.0486441546306e-4,1504.51461005574,1679.64805041547,2090.76,0.707620504797333,1243.9858271935702
2122,1111.928,0.708921326832998,1.13705840734601,2223.856,2020_kk_257,Kusko,2020,0.709130298151216,1.15767232815244,-1.4685394705216e-4,1504.51461005574,1679.64805041547,2090.76,0.707620504797333,1243.9858271935702
2123,1112.452,0.708524246680334,1.15593328093775,2224.904,2020_kk_257,Kusko,2020,0.7091182506946,1.15783857531528,1.662471628383e-4,1504.51461005574,1679.64805041547,2090.76,0.707620504797333,1243.9858271935702
2124,1112.976,0.709810564527073,1.17140473833413,2225.952,2020_kk_257,Kusko,2020,0.709123026702042,1.15830708491408,4.685095987984e-4,1504.51461005574,1679.64805041547,2090.76,0.707620504797333,1243.9858271935702
2125,1113.5,0.709246940127123,1.18598538699472,2227,2020_kk_257,Kusko,2020,0.709129021209114,1.15898587926929,6.787943552089e-4,1504.51461005574,1679.64805041547,2090.76,0.707620504797333,1243.9858271935702
2126,1114.024,0.708833845891731,1.18705671581714,2228.048,2020_kk_257,Kusko,2020,0.70913568673879,1.1598462219767,8.6034270741652e-4,1504.51461005574,1679.64805041547,2090.76,0.707620504797333,1243.9858271935702
2127,1114.548,0.708587297537461,1.18325664435706,2229.096,2020_kk_257,Kusko,2020,0.709148562634944,1.16032349408722,4.7727211051507e-4,1504.51461005574,1679.64805041547,2090.76,0.707620504797333,1243.9858271935702
2128,1115.072,0.708212116670572,1.18010240889157,2230.144,2020_kk_257,Kusko,2020,0.709154243915038,1.16100960889851,6.8611481128799e-4,1504.51461005574,1679.64805041547,2090.76,0.707620504797333,1243.9858271935702
2129,1115.596,0.709102828218185,1.17573679767944,2231.192,2020_kk_257,Kusko,2020,0.709138995663033,1.16170499401585,6.9538511734412e-4,1504.51461005574,1679.64805041547,2090.76,0.707620504797333,1243.9858271935702
2130,1116.12,0.708841173909576,1.16888949934444,2232.24,2020_kk_257,Kusko,2020,0.709122847125183,1.16223893543666,5.3394142081431e-4,1504.51461005574,1679.64805041547,2090.76,0.707620504797333,1243.9858271935702
2131,1116.644,0.710455288151159,1.17109087735757,2233.288,2020_kk_257,Kusko,2020,0.709136967797051,1.16299260566032,7.5367022365679e-4,1504.51461005574,1679.64805041547,2090.76,0.707620504797333,1243.9858271935702
2132,1117.168,0.709687697105217,1.18294420527108,2234.336,2020_kk_257,Kusko,2020,0.709117211691748,1.16376584962399,7.7324396367384e-4,1504.51461005574,1679.64805041547,2090.76,0.707620504797333,1243.9858271935702
2133,1117.692,0.709587535514805,1.18566868897681,2235.384,2020_kk_257,Kusko,2020,0.709138466645092,1.16458150662703,8.1565700303976e-4,1504.51461005574,1679.64805041547,2090.76,0.707620504797333,1243.9858271935702
2134,1118.216,0.709042219904869,1.17997707173592,2236.432,2020_kk_257,Kusko,2020,0.709132111369783,1.16492474263688,3.4323600984342e-4,1504.51461005574,1679.64805041547,2090.76,0.707620504797333,1243.9858271935702
2135,1118.74,0.70915928428112,1.18366853840291,2237.48,2020_kk_257,Kusko,2020,0.709115692066805,1.16546160552072,5.3686288384025e-4,1504.51461005574,1679.64805041547,2090.76,0.707620504797333,1243.9858271935702
2136,1119.264,0.710622775857366,1.1798585390907,2238.528,2020_kk_257,Kusko,2020,0.709125871693395,1.16573064285923,2.6903733851324e-4,1504.51461005574,1679.64805041547,2090.76,0.707620504797333,1243.9858271935702
2137,1119.788,0.709187311375662,1.18217904620068,2239.576,2020_kk_257,Kusko,2020,0.709132380437767,1.16604384891129,3.1320605206275e-4,1504.51461005574,1679.64805041547,2090.76,0.707620504797333,1243.9858271935702
2138,1120.312,0.708480890749171,1.17779439131352,2240.624,2020_kk_257,Kusko,2020,0.709130377345912,1.16664171129289,5.9786238160031e-4,1504.51461005574,1679.64805041547,2090.76,0.707620504797333,1243.9858271935702
2139,1120.836,0.70944174641555,1.17537006882774,2241.672,2020_kk_257,Kusko,2020,0.709127950229639,1.1672389351259,5.972238330032e-4,1504.51461005574,1679.64805041547,2090.76,0.707620504797333,1243.9858271935702
2140,1121.36,0.708017579341659,1.17389299275832,2242.72,2020_kk_257,Kusko,2020,0.709153274104125,1.16758887626641,3.4994114051389e-4,1504.51461005574,1679.64805041547,2090.76,0.707620504797333,1243.9858271935702
2141,1121.884,0.70856207745927,1.16664037937413,2243.768,2020_kk_257,Kusko,2020,0.70914564401725,1.1676336752366,4.47989701835017e-5,1504.51461005574,1679.64805041547,2090.76,0.707620504797333,1243.9858271935702
2142,1122.408,0.709661871171203,1.16874804590373,2244.816,2020_kk_257,Kusko,2020,0.709130991131522,1.16790122781797,2.6755258137889e-4,1504.51461005574,1679.64805041547,2090.76,0.707620504797333,1243.9858271935702
2143,1122.932,0.70976953783617,1.17451557749605,2245.864,2020_kk_257,Kusko,2020,0.709125106568213,1.16802634536644,1.2511754846733e-4,1504.51461005574,1679.64805041547,2090.76,0.707620504797333,1243.9858271935702
2144,1123.456,0.709167365539515,1.17502377090528,2246.912,2020_kk_257,Kusko,2020,0.70913168401792,1.16822445441992,1.9810905348038e-4,1504.51461005574,1679.64805041547,2090.76,0.707620504797333,1243.9858271935702
2145,1123.98,0.70977017429901,1.16231157715528,2247.96,2020_kk_257,Kusko,2020,0.709121540269388,1.16845507633578,2.3062191585654e-4,1504.51461005574,1679.64805041547,2090.76,0.707620504797333,1243.9858271935702
2146,1124.504,0.709693870016267,1.17356921521172,2249.008,2020_kk_257,Kusko,2020,0.709125041484796,1.16864111946716,1.8604313138315e-4,1504.51461005574,1679.64805041547,2090.76,0.707620504797333,1243.9858271935702
2147,1125.028,0.709453128010486,1.17562145549647,2250.056,2020_kk_257,Kusko,2020,0.709123192785355,1.1691799416241,5.3882215694134e-4,1504.51461005574,1679.64805041547,2090.76,0.707620504797333,1243.9858271935702
2148,1125.552,0.709272866436723,1.17186284639497,2251.104,2020_kk_257,Kusko,2020,0.709137718573977,1.16967251257988,4.9257095577415e-4,1504.51461005574,1679.64805041547,2090.76,0.707620504797333,1243.9858271935702
2149,1126.076,0.709500600162439,1.18165673352703,2252.152,2020_kk_257,Kusko,2020,0.709121928778273,1.17028022549196,6.077129120805e-4,1504.51461005574,1679.64805041547,2090.76,0.707620504797333,1243.9858271935702
2150,1126.6,0.709070034846547,1.17368869233898,2253.2,2020_kk_257,Kusko,2020,0.709107316735049,1.17077961400491,4.9938851294917e-4,1504.51461005574,1679.64805041547,2090.76,0.707620504797333,1243.9858271935702
2151,1127.124,0.708237265435478,1.17267097605996,2254.248,2020_kk_257,Kusko,2020,0.70912887718262,1.17132716342664,5.4754942173529e-4,1504.51461005574,1679.64805041547,2090.76,0.707620504797333,1243.9858271935702
2152,1127.648,0.709500425169776,1.1722141399773,2255.296,2020_kk_257,Kusko,2020,0.709152167654762,1.1718309457735,5.0378234686299e-4,1504.51461005574,1679.64805041547,2090.76,0.707620504797333,1243.9858271935702
2153,1128.172,0.709062435978573,1.17345992227629,2256.344,2020_kk_257,Kusko,2020,0.709160683950138,1.17199178743649,1.6084166298457e-4,1504.51461005574,1679.64805041547,2090.76,0.707620504797333,1243.9858271935702
2154,1128.696,0.708647304255586,1.18135897083537,2257.392,2020_kk_257,Kusko,2020,0.709149694145229,1.17157588756096,-4.1589987553014e-4,1504.51461005574,1679.64805041547,2090.76,0.707620504797333,1243.9858271935702
2155,1129.22,0.708979541571665,1.1895591707561,2258.44,2020_kk_257,Kusko,2020,0.709143754259646,1.17083466389079,-7.4122367017159e-4,1504.51461005574,1679.64805041547,2090.76,0.707620504797333,1243.9858271935702
2156,1129.744,0.709157914931586,1.18469042173678,2259.488,2020_kk_257,Kusko,2020,0.709140512094398,1.17012981245239,-7.0485143840093e-4,1504.51461005574,1679.64805041547,2090.76,0.707620504797333,1243.9858271935702
2157,1130.268,0.708762266737578,1.17975284866957,2260.536,2020_kk_257,Kusko,2020,0.709157502217019,1.16962530217669,-5.0451027570086e-4,1504.51461005574,1679.64805041547,2090.76,0.707620504797333,1243.9858271935702
2158,1130.792,0.709429686660821,1.17271843733728,2261.584,2020_kk_257,Kusko,2020,0.709173296435724,1.16914995845483,-4.753437218592e-4,1504.51461005574,1679.64805041547,2090.76,0.707620504797333,1243.9858271935702
2159,1131.316,0.70895977724261094,1.17754643310067,2262.632,2020_kk_257,Kusko,2020,0.7091754337163,1.16882969468614,-3.2026376868832e-4,1504.51461005574,1679.64805041547,2090.76,0.707620504797333,1243.9858271935702
2160,1131.84,0.708167648382099,1.16743493983162,2263.68,2020_kk_257,Kusko,2020,0.709192055435662,1.16849092320979,-3.3877147634919e-4,1504.51461005574,1679.64805041547,2090.76,0.707620504797333,1243.9858271935702
2161,1132.364,0.70856863908527,1.170144324646,2264.728,2020_kk_257,Kusko,2020,0.709186271936018,1.16801900449733,-4.7191871245977e-4,1504.51461005574,1679.64805041547,2090.76,0.707620504797333,1243.9858271935702
2162,1132.888,0.709070902353689,1.17752567732526,2265.776,2020_kk_257,Kusko,2020,0.709190846763557,1.1674042306739,-6.1477382342767e-4,1504.51461005574,1679.64805041547,2090.76,0.707620504797333,1243.9858271935702
2163,1133.412,0.709680432482905,1.1667878330286101,2266.824,2020_kk_257,Kusko,2020,0.70918308453542,1.16655086003938,-8.5337063451929e-4,1504.51461005574,1679.64805041547,2090.76,0.707620504797333,1243.9858271935702
2164,1133.936,0.709070118806107,1.14283695559307,2267.872,2020_kk_257,Kusko,2020,0.709191101772857,1.16582778230149,-7.2307773789392e-4,1504.51461005574,1679.64805041547,2090.76,0.707620504797333,1243.9858271935702
2165,1134.46,0.708847643023212,1.14922806267895,2268.92,2020_kk_257,Kusko,2020,0.709188312709703,1.1655744180202,-2.5336428129008e-4,1504.51461005574,1679.64805041547,2090.76,0.707620504797333,1243.9858271935702
2166,1134.984,0.709079236105035,1.14023216376536,2269.968,2020_kk_257,Kusko,2020,0.70916128780366,1.16519065399833,-3.8376402187312e-4,1504.51461005574,1679.64805041547,2090.76,0.707620504797333,1243.9858271935702
2167,1135.508,0.709822896501594,1.15041159051179,2271.016,2020_kk_257,Kusko,2020,0.709169670394474,1.16462057133255,-5.7008266577507e-4,1504.51461005574,1679.64805041547,2090.76,0.707620504797333,1243.9858271935702
2168,1136.032,0.709466379691555,1.17058454005915,2272.064,2020_kk_257,Kusko,2020,0.709175503581097,1.16401758572254,-6.0298561001226e-4,1504.51461005574,1679.64805041547,2090.76,0.707620504797333,1243.9858271935702
2169,1136.556,0.708473276149798,1.17763700694147,2273.112,2020_kk_257,Kusko,2020,0.709176375891826,1.16345724915612,-5.6033656641996e-4,1504.51461005574,1679.64805041547,2090.76,0.707620504797333,1243.9858271935702
2170,1137.08,0.710319832036988,1.17201306849954,2274.16,2020_kk_257,Kusko,2020,0.709200464789003,1.16282006723126,-6.3718192485584e-4,1504.51461005574,1679.64805041547,2090.76,0.707620504797333,1243.9858271935702
2171,1137.604,0.709454896995753,1.16376140218182,2275.208,2020_kk_257,Kusko,2020,0.709189373419288,1.16220644454227,-6.1362268898923e-4,1504.51461005574,1679.64805041547,2090.76,0.707620504797333,1243.9858271935702
2172,1138.128,0.707765691388316,1.17450955097787,2276.256,2020_kk_257,Kusko,2020,0.709173937411996,1.16174649497516,-4.5994956710981e-4,1504.51461005574,1679.64805041547,2090.76,0.707620504797333,1243.9858271935702
2173,1138.652,0.709244676896504,1.15503860035426,2277.304,2020_kk_257,Kusko,2020,0.709165922047688,1.16121038379967,-5.3611117549556e-4,1504.51461005574,1679.64805041547,2090.76,0.707620504797333,1243.9858271935702
2174,1139.176,0.709171925404094,1.16324035862826,2278.352,2020_kk_257,Kusko,2020,0.709172160371074,1.16062223160639,-5.8815219327712e-4,1504.51461005574,1679.64805041547,2090.76,0.707620504797333,1243.9858271935702
2175,1139.7,0.708642310343396,1.15949213746857,2279.4,2020_kk_257,Kusko,2020,0.709171809053768,1.16037004145066,-2.5219015573529e-4,1504.51461005574,1679.64805041547,2090.76,0.707620504797333,1243.9858271935702
2176,1140.224,0.709603601333314,1.16082805923556,2280.448,2020_kk_257,Kusko,2020,0.709146744847025,1.1597793280878,-5.9071336285576e-4,1504.51461005574,1679.64805041547,2090.76,0.707620504797333,1243.9858271935702
2177,1140.748,0.709029020209829,1.16850053287454,2281.496,2020_kk_257,Kusko,2020,0.709141278633256,1.15928217450867,-4.9715357912871e-4,1504.51461005574,1679.64805041547,2090.76,0.707620504797333,1243.9858271935702
2178,1141.272,0.709782695969947,1.16930791454647,2282.544,2020_kk_257,Kusko,2020,0.709126240372416,1.15865295461298,-6.2921989569431e-4,1504.51461005574,1679.64805041547,2090.76,0.707620504797333,1243.9858271935702
2179,1141.796,0.7085240030779,1.17690162166162,2283.592,2020_kk_257,Kusko,2020,0.709120896042575,1.15799435487122,-6.5859974175852e-4,1504.51461005574,1679.64805041547,2090.76,0.707620504797333,1243.9858271935702
2180,1142.32,0.708448596495885,1.16831511160877,2284.64,2020_kk_257,Kusko,2020,0.709110210108363,1.15741316345743,-5.8119141379209e-4,1504.51461005574,1679.64805041547,2090.76,0.707620504797333,1243.9858271935702
2181,1142.844,0.709077395371087,1.16942043898947,2285.688,2020_kk_257,Kusko,2020,0.709120055810215,1.1570313462228,-3.8181723462327e-4,1504.51461005574,1679.64805041547,2090.76,0.707620504797333,1243.9858271935702
2182,1143.368,0.7103187551615,1.16728534815779,2286.736,2020_kk_257,Kusko,2020,0.709121316053074,1.15647964429496,-5.5170192783982e-4,1504.51461005574,1679.64805041547,2090.76,0.707620504797333,1243.9858271935702
2183,1143.892,0.709035224402866,1.16558378071683,2287.784,2020_kk_257,Kusko,2020,0.70913733047207,1.15574721860582,-7.3242568914433e-4,1504.51461005574,1679.64805041547,2090.76,0.707620504797333,1243.9858271935702
2184,1144.416,0.709151176232553,1.14645074580232,2288.832,2020_kk_257,Kusko,2020,0.709144487557977,1.15512286748989,-6.2435111593051e-4,1504.51461005574,1679.64805041547,2090.76,0.707620504797333,1243.9858271935702
2185,1144.94,0.708890546992157,1.14151196678443,2289.88,2020_kk_257,Kusko,2020,0.709171507806091,1.15426153270252,-8.6133478736449e-4,1504.51461005574,1679.64805041547,2090.76,0.707620504797333,1243.9858271935702
2186,1145.464,0.708639315976821,1.14476562951308,2290.928,2020_kk_257,Kusko,2020,0.709158513989548,1.15363918389127,-6.2234881125622e-4,1504.51461005574,1679.64805041547,2090.76,0.707620504797333,1243.9858271935702
2187,1145.988,0.709606704894743,1.152986027815,2291.976,2020_kk_257,Kusko,2020,0.709130935888279,1.1529526501709,-6.8653372036897e-4,1504.51461005574,1679.64805041547,2090.76,0.707620504797333,1243.9858271935702
2188,1146.512,0.709159769792838,1.15158178558002,2293.024,2020_kk_257,Kusko,2020,0.70912198793716,1.15236678042041,-5.8586975048413e-4,1504.51461005574,1679.64805041547,2090.76,0.707620504797333,1243.9858271935702
2189,1147.036,0.709231065052767,1.15652097155814,2294.072,2020_kk_257,Kusko,2020,0.709117683505288,1.15150766533681,-8.5911508360281e-4,1504.51461005574,1679.64805041547,2090.76,0.707620504797333,1243.9858271935702
2190,1147.56,0.709838477071291,1.14856321076349,2295.12,2020_kk_257,Kusko,2020,0.70913697081477,1.15098947148118,-5.1819385562934e-4,1504.51461005574,1679.64805041547,2090.76,0.707620504797333,1243.9858271935702
2191,1148.084,0.710108278172512,1.14277575460998,2296.168,2020_kk_257,Kusko,2020,0.709134700275459,1.15030450201318,-6.84969468004e-4,1504.51461005574,1679.64805041547,2090.76,0.707620504797333,1243.9858271935702
2192,1148.608,0.709962186757551,1.14605777586541,2297.216,2020_kk_257,Kusko,2020,0.709129026473314,1.14968874194983,-6.1576006334496e-4,1504.51461005574,1679.64805041547,2090.76,0.707620504797333,1243.9858271935702
2193,1149.132,0.70912180182664,1.13446645090565,2298.264,2020_kk_257,Kusko,2020,0.709101471122718,1.14903732639071,-6.5141555912551e-4,1504.51461005574,1679.64805041547,2090.76,0.707620504797333,1243.9858271935702
2194,1149.656,0.709523254151052,1.13659240746228,2299.312,2020_kk_257,Kusko,2020,0.709106042583811,1.14875051410574,-2.8681228496774e-4,1504.51461005574,1679.64805041547,2090.76,0.707620504797333,1243.9858271935702
2195,1150.18,0.708991940491899,1.1684666815255,2300.36,2020_kk_257,Kusko,2020,0.709129318354688,1.1482268108881999,-5.237032175418e-4,1504.51461005574,1679.64805041547,2090.76,0.707620504797333,1243.9858271935702
2196,1150.704,0.709001281494794,1.15683269777832,2301.408,2020_kk_257,Kusko,2020,0.709143574111924,1.14797049511833,-2.5631576986406e-4,1504.51461005574,1679.64805041547,2090.76,0.707620504797333,1243.9858271935702
2197,1151.228,0.709690266824484,1.14797408625419,2302.456,2020_kk_257,Kusko,2020,0.709132812787048,1.14747252829051,-4.9796682782155e-4,1504.51461005574,1679.64805041547,2090.76,0.707620504797333,1243.9858271935702
2198,1151.752,0.708830881946567,1.14161525471278,2303.504,2020_kk_257,Kusko,2020,0.709128204536119,1.14673219017605,-7.4033811446083e-4,1504.51461005574,1679.64805041547,2090.76,0.707620504797333,1243.9858271935702
2199,1152.276,0.709494085059271,1.14174987484254,2304.552,2020_kk_257,Kusko,2020,0.709148752347305,1.14602160651515,-7.1058366090559e-4,1504.51461005574,1679.64805041547,2090.76,0.707620504797333,1243.9858271935702
2200,1152.8,0.709462913172305,1.13566207726696,2305.6,2020_kk_257,Kusko,2020,0.709118032686006,1.14532924400186,-6.9236251328264e-4,1504.51461005574,1679.64805041547,2090.76,0.707620504797333,1243.9858271935702
2201,1153.324,0.707896595276323,1.12982301803477,2306.648,2020_kk_257,Kusko,2020,0.70909689435603,1.1448437484619,-4.8549553996335e-4,1504.51461005574,1679.64805041547,2090.76,0.707620504797333,1243.9858271935702
2202,1153.848,0.708735710733702,1.14115107187716,2307.696,2020_kk_257,Kusko,2020,0.709119948959766,1.14407897429546,-7.6477416644293e-4,1504.51461005574,1679.64805041547,2090.76,0.707620504797333,1243.9858271935702
2203,1154.372,0.709288615977708,1.14234890696631,2308.744,2020_kk_257,Kusko,2020,0.709114044755505,1.14363011466984,-4.488596256118e-4,1504.51461005574,1679.64805041547,2090.76,0.707620504797333,1243.9858271935702
2204,1154.896,0.709541664942647,1.13973463930866,2309.792,2020_kk_257,Kusko,2020,0.709102169373899,1.1430292831477,-6.0083152214107e-4,1504.51461005574,1679.64805041547,2090.76,0.707620504797333,1243.9858271935702
2205,1155.42,0.709749095260658,1.14718016781116,2310.84,2020_kk_257,Kusko,2020,0.70910845871633,1.14258348468251,-4.4579846519488e-4,1504.51461005574,1679.64805041547,2090.76,0.707620504797333,1243.9858271935702
2206,1155.944,0.708190017611715,1.13812641344037,2311.888,2020_kk_257,Kusko,2020,0.709093348440487,1.14234035748516,-2.431271973482e-4,1504.51461005574,1679.64805041547,2090.76,0.707620504797333,1243.9858271935702
2207,1156.468,0.709125155184295,1.14579224074876,2312.936,2020_kk_257,Kusko,2020,0.709096005892185,1.14200319319564,-3.3716428952268e-4,1504.51461005574,1679.64805041547,2090.76,0.707620504797333,1243.9858271935702
2208,1156.992,0.708370570786322,1.13410965265332,2313.984,2020_kk_257,Kusko,2020,0.709100828405075,1.14154774637669,-4.5544681894593e-4,1504.51461005574,1679.64805041547,2090.76,0.707620504797333,1243.9858271935702
2209,1157.516,0.709179940371977,1.14214074902151,2315.032,2020_kk_257,Kusko,2020,0.709116968503146,1.14106479909336,-4.8294728332942e-4,1504.51461005574,1679.64805041547,2090.76,0.707620504797333,1243.9858271935702
2210,1158.04,0.708428878793868,1.13881720751145,2316.08,2020_kk_257,Kusko,2020,0.709123959942292,1.14072683405813,-3.3796503523686e-4,1504.51461005574,1679.64805041547,2090.76,0.707620504797333,1243.9858271935702
2211,1158.564,0.708828007546554,1.14976194198257,2317.128,2020_kk_257,Kusko,2020,0.709133325590877,1.14059605003156,-1.3078402656674e-4,1504.51461005574,1679.64805041547,2090.76,0.707620504797333,1243.9858271935702
2212,1159.088,0.709576039741355,1.13911202430691,2318.176,2020_kk_257,Kusko,2020,0.709105744424998,1.14047201210932,-1.2403792223558e-4,1504.51461005574,1679.64805041547,2090.76,0.707620504797333,1243.9858271935702
2213,1159.612,0.710023301118338,1.12951438092762,2319.224,2020_kk_257,Kusko,2020,0.70909007841625,1.14032857770549,-1.4343440383823e-4,1504.51461005574,1679.64805041547,2090.76,0.707620504797333,1243.9858271935702
2214,1160.136,0.709076729410001,1.14389790387954,2320.272,2020_kk_257,Kusko,2020,0.709105518311613,1.14056885621714,2.4027851165464e-4,1504.51461005574,1679.64805041547,2090.76,0.707620504797333,1243.9858271935702
2215,1160.66,0.710600756458514,1.13787908351422,2321.32,2020_kk_257,Kusko,2020,0.709111228799383,1.14092862535643,3.597691392867e-4,1504.51461005574,1679.64805041547,2090.76,0.707620504797333,1243.9858271935702
2216,1161.184,0.708378285938994,1.14734949306141,2322.368,2020_kk_257,Kusko,2020,0.709107454267752,1.14093793813005,9.31277362137273e-6,1504.51461005574,1679.64805041547,2090.76,0.707620504797333,1243.9858271935702
2217,1161.708,0.707107580661449,1.13856082544744,2323.416,2020_kk_257,Kusko,2020,0.709091036589188,1.14079656552299,-1.4137260706137e-4,1504.51461005574,1679.64805041547,2090.76,0.707620504797333,1243.9858271935702
2218,1162.232,0.708892809593646,1.13756625230823,2324.464,2020_kk_257,Kusko,2020,0.709075211214327,1.14061289311863,-1.8367240435557e-4,1504.51461005574,1679.64805041547,2090.76,0.707620504797333,1243.9858271935702
2219,1162.756,0.70870151133029,1.12599952808451,2325.512,2020_kk_257,Kusko,2020,0.709076887141107,1.14029081895703,-3.2207416160523e-4,1504.51461005574,1679.64805041547,2090.76,0.707620504797333,1243.9858271935702
2220,1163.28,0.709324886951001,1.13634330849385,2326.56,2020_kk_257,Kusko,2020,0.709087038276048,1.14012230540141,-1.6851355561842e-4,1504.51461005574,1679.64805041547,2090.76,0.707620504797333,1243.9858271935702
2221,1163.804,0.708432406726633,1.12904615656576,2327.608,2020_kk_257,Kusko,2020,0.709052806946461,1.14023647345543,1.1416805402086e-4,1504.51461005574,1679.64805041547,2090.76,0.707620504797333,1243.9858271935702
2222,1164.328,0.708730474224991,1.14058007352456,2328.656,2020_kk_257,Kusko,2020,0.70905273300929506,1.14023753794855,1.06449311987333e-6,1504.51461005574,1679.64805041547,2090.76,0.707620504797333,1243.9858271935702
2223,1164.852,0.708027111447179,1.12770289948108,2329.704,2020_kk_257,Kusko,2020,0.709054775715051,1.14066184408346,4.2430613491251e-4,1504.51461005574,1679.64805041547,2090.76,0.707620504797333,1243.9858271935702
2224,1165.376,0.709344406471646,1.12562821849501,2330.752,2020_kk_257,Kusko,2020,0.709063670548838,1.14088983835204,2.2799426857944e-4,1504.51461005574,1679.64805041547,2090.76,0.707620504797333,1243.9858271935702
2225,1165.9,0.71024418927581,1.11780586962645,2331.8,2020_kk_257,Kusko,2020,0.709053437064483,1.14074396803381,-1.4587031823154e-4,1504.51461005574,1679.64805041547,2090.76,0.707620504797333,1243.9858271935702
2226,1166.424,0.709934581539204,1.12485321757351,2332.848,2020_kk_257,Kusko,2020,0.709064531532589,1.14076522884476,2.12608109499968e-5,1504.51461005574,1679.64805041547,2090.76,0.707620504797333,1243.9858271935702
2227,1166.948,0.709177217009045,1.1205335808425,2333.896,2020_kk_257,Kusko,2020,0.709052397342005,1.14100498197571,2.3975313094903e-4,1504.51461005574,1679.64805041547,2090.76,0.707620504797333,1243.9858271935702
2228,1167.472,0.709189884635841,1.12616425319149,2334.944,2020_kk_257,Kusko,2020,0.709067130560406,1.14124035161156,2.3536963585013e-4,1504.51461005574,1679.64805041547,2090.76,0.707620504797333,1243.9858271935702
2229,1167.996,0.709706144820944,1.13500198728714,2335.992,2020_kk_257,Kusko,2020,0.709045513775787,1.14140034866478,1.5999705322622e-4,1504.51461005574,1679.64805041547,2090.76,0.707620504797333,1243.9858271935702
2230,1168.52,0.708476652359063,1.13047131770258,2337.04,2020_kk_257,Kusko,2020,0.70904193311002,1.14165265880278,2.5231013799409e-4,1504.51461005574,1679.64805041547,2090.76,0.707620504797333,1243.9858271935702
2231,1169.044,0.70818659719715,1.13463166978403,2338.088,2020_kk_257,Kusko,2020,0.709064124036488,1.1420453838381,3.9272503532483e-4,1504.51461005574,1679.64805041547,2090.76,0.707620504797333,1243.9858271935702
2232,1169.568,0.70914896761253,1.1286231009913,2339.136,2020_kk_257,Kusko,2020,0.709071505317746,1.14211047217696,6.50883388615409e-5,1504.51461005574,1679.64805041547,2090.76,0.707620504797333,1243.9858271935702
2233,1170.092,0.708890424640851,1.12810702281755,2340.184,2020_kk_257,Kusko,2020,0.709079693160571,1.14213945186621,2.89796892491978e-5,1504.51461005574,1679.64805041547,2090.76,0.707620504797333,1243.9858271935702
2234,1170.616,0.708459402507689,1.1271904672997901,2341.232,2020_kk_257,Kusko,2020,0.709085269361145,1.14210385824717,-3.55936190481465e-5,1504.51461005574,1679.64805041547,2090.76,0.707620504797333,1243.9858271935702
2235,1171.14,0.709019670889251,1.13274422955688,2342.28,2020_kk_257,Kusko,2020,0.709086331884277,1.14181325383468,-2.9060441248818e-4,1504.51461005574,1679.64805041547,2090.76,0.707620504797333,1243.9858271935702
2236,1171.664,0.708696984782746,1.14624042739466,2343.328,2020_kk_257,Kusko,2020,0.709114541593533,1.14176838356775,-4.48702669320067e-5,1504.51461005574,1679.64805041547,2090.76,0.707620504797333,1243.9858271935702
2237,1172.188,0.709188467311704,1.14827067550317,2344.376,2020_kk_257,Kusko,2020,0.709095468836101,1.14167939011639,-8.89934513534918e-5,1504.51461005574,1679.64805041547,2090.76,0.707620504797333,1243.9858271935702
2238,1172.712,0.710072046743362,1.14198110540972,2345.424,2020_kk_257,Kusko,2020,0.709109150869828,1.14167382296376,-5.56715262955976e-6,1504.51461005574,1679.64805041547,2090.76,0.707620504797333,1243.9858271935702
2239,1173.236,0.709492408962194,1.14792478466185,2346.472,2020_kk_257,Kusko,2020,0.709112457466185,1.14154250734866,-1.3131561510593e-4,1504.51461005574,1679.64805041547,2090.76,0.707620504797333,1243.9858271935702
2240,1173.76,0.708868082844647,1.14803720949457,2347.52,2020_kk_257,Kusko,2020,0.709102133528388,1.1415603896455,1.78822968404102e-5,1504.51461005574,1679.64805041547,2090.76,0.707620504797333,1243.9858271935702
2241,1174.284,0.709639334286134,1.16157339739547,2348.568,2020_kk_257,Kusko,2020,0.70912543214348,1.14144157123311,-1.1881841238348e-4,1504.51461005574,1679.64805041547,2090.76,0.707620504797333,1243.9858271935702
2242,1174.808,0.708663885208761,1.15984307282364,2349.616,2020_kk_257,Kusko,2020,0.709122437392126,1.14138753547864,-5.40357544747128e-5,1504.51461005574,1679.64805041547,2090.76,0.707620504797333,1243.9858271935702
2243,1175.332,0.708095263877977,1.15697771648654,2350.664,2020_kk_257,Kusko,2020,0.709106719993988,1.14156032814287,1.7279266423009e-4,1504.51461005574,1679.64805041547,2090.76,0.707620504797333,1243.9858271935702
2244,1175.856,0.71007756995439,1.1608674565016,2351.712,2020_kk_257,Kusko,2020,0.709108857509076,1.14135682395859,-2.0350418428005e-4,1504.51461005574,1679.64805041547,2090.76,0.707620504797333,1243.9858271935702
2245,1176.38,0.709233176258319,1.16309811514163,2352.76,2020_kk_257,Kusko,2020,0.709061698059094,1.14133061302081,-2.62109377788811e-5,1504.51461005574,1679.64805041547,2090.76,0.707620504797333,1243.9858271935702
2246,1176.904,0.708412844078999,1.14532439593037,2353.808,2020_kk_257,Kusko,2020,0.709088403488226,1.14116448084181,-1.6613217899474e-4,1504.51461005574,1679.64805041547,2090.76,0.707620504797333,1243.9858271935702
2247,1177.428,0.708621644180882,1.14450367139132,2354.856,2020_kk_257,Kusko,2020,0.70912137632539,1.14116136966888,-3.11117293549934e-6,1504.51461005574,1679.64805041547,2090.76,0.707620504797333,1243.9858271935702
2248,1177.952,0.708210247301198,1.14056144131868,2355.904,2020_kk_257,Kusko,2020,0.709128507422952,1.14119512923143,3.37595625472531e-5,1504.51461005574,1679.64805041547,2090.76,0.707620504797333,1243.9858271935702
2249,1178.476,0.709331620659511,1.13719652186182,2356.952,2020_kk_257,Kusko,2020,0.709151456793074,1.1414176222757,2.2249304427624e-4,1504.51461005574,1679.64805041547,2090.76,0.707620504797333,1243.9858271935702
2250,1179,0.710447545167788,1.13845239742639,2358,2020_kk_257,Kusko,2020,0.709159116591922,1.14112244257587,-2.951796998345e-4,1504.51461005574,1679.64805041547,2090.76,0.707620504797333,1243.9858271935702
2251,1179.524,0.708054398397288,1.14962583785124,2359.048,2020_kk_257,Kusko,2020,0.709167786371611,1.14092678253283,-1.9566004303528e-4,1504.51461005574,1679.64805041547,2090.76,0.707620504797333,1243.9858271935702
2252,1180.048,0.709957750527585,1.1461216454526,2360.096,2020_kk_257,Kusko,2020,0.70916736155015,1.1405371873558,-3.895951770354e-4,1504.51461005574,1679.64805041547,2090.76,0.707620504797333,1243.9858271935702
2253,1180.572,0.709244364172038,1.1599248190004,2361.144,2020_kk_257,Kusko,2020,0.709197123501378,1.1406550672376,1.1787988179934e-4,1504.51461005574,1679.64805041547,2090.76,0.707620504797333,1243.9858271935702
2254,1181.096,0.710056944178252,1.15027206357704,2362.192,2020_kk_257,Kusko,2020,0.709191190273619,1.14086685993752,2.1179269991833e-4,1504.51461005574,1679.64805041547,2090.76,0.707620504797333,1243.9858271935702
2255,1181.62,0.708377931430618,1.15971446243161,2363.24,2020_kk_257,Kusko,2020,0.70918661817006,1.14112964435418,2.627844166696e-4,1504.51461005574,1679.64805041547,2090.76,0.707620504797333,1243.9858271935702
2256,1182.144,0.709666949581108,1.15810834643531,2364.288,2020_kk_257,Kusko,2020,0.709166773070633,1.1411164961614,-1.31481927809762e-5,1504.51461005574,1679.64805041547,2090.76,0.707620504797333,1243.9858271935702
2257,1182.668,0.708962215389489,1.16235927411114,2365.336,2020_kk_257,Kusko,2020,0.709181111697386,1.14118011555798,6.36193965790621e-5,1504.51461005574,1679.64805041547,2090.76,0.707620504797333,1243.9858271935702
2258,1183.192,0.709714875050634,1.15573743286379,2366.384,2020_kk_257,Kusko,2020,0.709180012884943,1.1410959512947,-8.41642632833928e-5,1504.51461005574,1679.64805041547,2090.76,0.707620504797333,1243.9858271935702
2259,1183.716,0.708197077982105,1.15134969803611,2367.432,2020_kk_257,Kusko,2020,0.709166765287811,1.14074635317335,-3.4959812135437e-4,1504.51461005574,1679.64805041547,2090.76,0.707620504797333,1243.9858271935702
2260,1184.24,0.709248073226295,1.15080068554663,2368.48,2020_kk_257,Kusko,2020,0.709176624412569,1.1405376115721,-2.0874160124395e-4,1504.51461005574,1679.64805041547,2090.76,0.707620504797333,1243.9858271935702
2261,1184.764,0.709228050864394,1.15338652015426,2369.528,2020_kk_257,Kusko,2020,0.709193709026457,1.14057852252713,4.09109550332243e-5,1504.51461005574,1679.64805041547,2090.76,0.707620504797333,1243.9858271935702
2262,1185.288,0.709178587609195,1.14505637220885,2370.576,2020_kk_257,Kusko,2020,0.709190962295677,1.14056685665334,-1.16658737991937e-5,1504.51461005574,1679.64805041547,2090.76,0.707620504797333,1243.9858271935702
2263,1185.812,0.70977988654716,1.14408768832125,2371.624,2020_kk_257,Kusko,2020,0.709200896164939,1.14033201449548,-2.3484215785107e-4,1504.51461005574,1679.64805041547,2090.76,0.707620504797333,1243.9858271935702
2264,1186.336,0.709876236977139,1.13759902216578,2372.672,2020_kk_257,Kusko,2020,0.70918067403713,1.14021816362771,-1.1385086777226e-4,1504.51461005574,1679.64805041547,2090.76,0.707620504797333,1243.9858271935702
2265,1186.86,0.709812846648577,1.12974390306187,2373.72,2020_kk_257,Kusko,2020,0.709175568755518,1.14002691512598,-1.9124850173546e-4,1504.51461005574,1679.64805041547,2090.76,0.707620504797333,1243.9858271935702
2266,1187.384,0.709882600167049,1.13543419742445,2374.768,2020_kk_257,Kusko,2020,0.70918405838385,1.13975721063698,-2.6970448899632e-4,1504.51461005574,1679.64805041547,2090.76,0.707620504797333,1243.9858271935702
2267,1187.908,0.707980789738371,1.14045263366754,2375.816,2020_kk_257,Kusko,2020,0.709175702104698,1.13930207284263,-4.5513779434824e-4,1504.51461005574,1679.64805041547,2090.76,0.707620504797333,1243.9858271935702
2268,1188.432,0.709191492809919,1.13377562349554,2376.864,2020_kk_257,Kusko,2020,0.709164907445973,1.13888056971044,-4.2150313219568e-4,1504.51461005574,1679.64805041547,2090.76,0.707620504797333,1243.9858271935702
2269,1188.956,0.709378336153386,1.13426181211515,2377.912,2020_kk_257,Kusko,2020,0.709157342523929,1.13833326535743,-5.4730435300798e-4,1504.51461005574,1679.64805041547,2090.76,0.707620504797333,1243.9858271935702
2270,1189.48,0.707809442526054,1.13989014532187,2378.96,2020_kk_257,Kusko,2020,0.709152556050943,1.1379591702055,-3.740951519251e-4,1504.51461005574,1679.64805041547,2090.76,0.707620504797333,1243.9858271935702
2271,1190.004,0.710225924452098,1.14263283723957,2380.008,2020_kk_257,Kusko,2020,0.709149149371606,1.13724253903369,-7.1663117181608e-4,1504.51461005574,1679.64805041547,2090.76,0.707620504797333,1243.9858271935702
2272,1190.528,0.709396354660104,1.13586987903842,2381.056,2020_kk_257,Kusko,2020,0.709141760200666,1.13659243982512,-6.5009920856806e-4,1504.51461005574,1679.64805041547,2090.76,0.707620504797333,1243.9858271935702
2273,1191.052,0.709080257230067,1.13988194078142,2382.104,2020_kk_257,Kusko,2020,0.70916545395858,1.13595810996968,-6.343298554412e-4,1504.51461005574,1679.64805041547,2090.76,0.707620504797333,1243.9858271935702
2274,1191.576,0.709204980315275,1.13168765282275,2383.152,2020_kk_257,Kusko,2020,0.709159326986024,1.13535964192248,-5.9846804719643e-4,1504.51461005574,1679.64805041547,2090.76,0.707620504797333,1243.9858271935702
2275,1192.1,0.707771189459609,1.13630642724749,2384.2,2020_kk_257,Kusko,2020,0.709155763062316,1.13496017815549,-3.9946376698751e-4,1504.51461005574,1679.64805041547,2090.76,0.707620504797333,1243.9858271935702
2276,1192.624,0.709980611686898,1.13738156232172,2385.248,2020_kk_257,Kusko,2020,0.709167326844808,1.13492900406183,-3.11740936596028e-5,1504.51461005574,1679.64805041547,2090.76,0.707620504797333,1243.9858271935702
2277,1193.148,0.709085950891319,1.13837415507132,2386.296,2020_kk_257,Kusko,2020,0.709170324018979,1.13484182099609,-8.71830657482864e-5,1504.51461005574,1679.64805041547,2090.76,0.707620504797333,1243.9858271935702
2278,1193.672,0.709320675447327,1.13959182606106,2387.344,2020_kk_257,Kusko,2020,0.709185920388302,1.1345362199691,-3.0560102698218e-4,1504.51461005574,1679.64805041547,2090.76,0.707620504797333,1243.9858271935702
2279,1194.196,0.710078473537641,1.13934911074109,2388.392,2020_kk_257,Kusko,2020,0.70918815215762,1.13425258176467,-2.8363820443244e-4,1504.51461005574,1679.64805041547,2090.76,0.707620504797333,1243.9858271935702
2280,1194.72,0.70978447488186,1.1186325265038,2389.44,2020_kk_257,Kusko,2020,0.709153277420422,1.13413634672962,-1.1623503505009e-4,1504.51461005574,1679.64805041547,2090.76,0.707620504797333,1243.9858271935702
2281,1195.244,0.708952593507959,1.11730655398363,2390.488,2020_kk_257,Kusko,2020,0.709178334684818,1.13391253741144,-2.2380931818477e-4,1504.51461005574,1679.64805041547,2090.76,0.707620504797333,1243.9858271935702
2282,1195.768,0.708704984937309,1.11720436290244,2391.536,2020_kk_257,Kusko,2020,0.709162773362504,1.13353642767734,-3.7610973409552e-4,1504.51461005574,1679.64805041547,2090.76,0.707620504797333,1243.9858271935702
2283,1196.292,0.709812828520915,1.13477569238905,2392.584,2020_kk_257,Kusko,2020,0.709163174621909,1.13304960528006,-4.8682239728536e-4,1504.51461005574,1679.64805041547,2090.76,0.707620504797333,1243.9858271935702
2284,1196.816,0.708988412806099,1.13833578049011,2393.632,2020_kk_257,Kusko,2020,0.709144021403304,1.13257289262298,-4.7671265708038e-4,1504.51461005574,1679.64805041547,2090.76,0.707620504797333,1243.9858271935702
2285,1197.34,0.709969863062236,1.13357293462663,2394.68,2020_kk_257,Kusko,2020,0.709163477049015,1.13184081707471,-7.3207554826759e-4,1504.51461005574,1679.64805041547,2090.76,0.707620504797333,1243.9858271935702
2286,1197.864,0.708743875573608,1.12406432600663,2395.728,2020_kk_257,Kusko,2020,0.709161310920018,1.13117486843846,-6.6594863624991e-4,1504.51461005574,1679.64805041547,2090.76,0.707620504797333,1243.9858271935702
2287,1198.388,0.710037534614194,1.12435074463725,2396.776,2020_kk_257,Kusko,2020,0.709168954763448,1.13033162873629,-8.4323970217048e-4,1504.51461005574,1679.64805041547,2090.76,0.707620504797333,1243.9858271935702
2288,1198.912,0.709123955889273,1.1211143973945,2397.824,2020_kk_257,Kusko,2020,0.709176433944252,1.12973879627354,-5.9283246275199e-4,1504.51461005574,1679.64805041547,2090.76,0.707620504797333,1243.9858271935702
2289,1199.436,0.708911288993061,1.11402610000587,2398.872,2020_kk_257,Kusko,2020,0.709183559708127,1.12912417024263,-6.1462603090811e-4,1504.51461005574,1679.64805041547,2090.76,0.707620504797333,1243.9858271935702
2290,1199.96,0.709068199844528,1.11794682162795,2399.92,2020_kk_257,Kusko,2020,0.709170034243575,1.12868508185356,-4.3908838906681e-4,1504.51461005574,1679.64805041547,2090.76,0.707620504797333,1243.9858271935702
2291,1200.484,0.709211674030407,1.13708632708601,2400.968,2020_kk_257,Kusko,2020,0.709179694750428,1.12838662734204,-2.9845451152299e-4,1504.51461005574,1679.64805041547,2090.76,0.707620504797333,1243.9858271935702
2292,1201.008,0.708984163765764,1.12792314856335,2402.016,2020_kk_257,Kusko,2020,0.709167815221149,1.12831538260823,-7.12447338033773e-5,1504.51461005574,1679.64805041547,2090.76,0.707620504797333,1243.9858271935702
2293,1201.532,0.70948645679658,1.1140164933465,2403.064,2020_kk_257,Kusko,2020,0.709151603070247,1.12812784891394,-1.8753369429047e-4,1504.51461005574,1679.64805041547,2090.76,0.707620504797333,1243.9858271935702
2294,1202.056,0.707246074839146,1.12035941523345,2404.112,2020_kk_257,Kusko,2020,0.709128791431067,1.12814822032759,2.03714136486344e-5,1504.51461005574,1679.64805041547,2090.76,0.707620504797333,1243.9858271935702
2295,1202.58,0.708713353992512,1.12126931945275,2405.16,2020_kk_257,Kusko,2020,0.709118839002417,1.12798934819423,-1.5887213336252e-4,1504.51461005574,1679.64805041547,2090.76,0.707620504797333,1243.9858271935702
2296,1203.104,0.709206362482653,1.13005815805488,2406.208,2020_kk_257,Kusko,2020,0.709113941095417,1.12776741654383,-2.2193165040396e-4,1504.51461005574,1679.64805041547,2090.76,0.707620504797333,1243.9858271935702
2297,1203.628,0.708687090562578,1.12096240784227,2407.256,2020_kk_257,Kusko,2020,0.709131904777631,1.12755363352502,-2.1378301880115e-4,1504.51461005574,1679.64805041547,2090.76,0.707620504797333,1243.9858271935702
2298,1204.152,0.70942436721988,1.11669091747797,2408.304,2020_kk_257,Kusko,2020,0.709135663845824,1.12754871831017,-4.91521485201929e-6,1504.51461005574,1679.64805041547,2090.76,0.707620504797333,1243.9858271935702
2299,1204.676,0.70903851363953,1.11508652348138,2409.352,2020_kk_257,Kusko,2020,0.709121115151216,1.12736433331486,-1.8438499531292e-4,1504.51461005574,1679.64805041547,2090.76,0.707620504797333,1243.9858271935702
2300,1205.2,0.7085808944655,1.12559150037906,2410.4,2020_kk_257,Kusko,2020,0.70913337079352,1.12707597335357,-2.8835996128884e-4,1504.51461005574,1679.64805041547,2090.76,0.707620504797333,1243.9858271935702
2301,1205.724,0.709434933525942,1.1185755270865,2411.448,2020_kk_257,Kusko,2020,0.709112077514479,1.12658672541943,-4.8924793414295e-4,1504.51461005574,1679.64805041547,2090.76,0.707620504797333,1243.9858271935702
2302,1206.248,0.708220534952332,1.12083712030955,2412.496,2020_kk_257,Kusko,2020,0.709109670315341,1.12608061999058,-5.0610542885176e-4,1504.51461005574,1679.64805041547,2090.76,0.707620504797333,1243.9858271935702
2303,1206.772,0.709516889352841,1.11891792516007,2413.544,2020_kk_257,Kusko,2020,0.709116656160876,1.12569280136916,-3.8781862141301e-4,1504.51461005574,1679.64805041547,2090.76,0.707620504797333,1243.9858271935702
2304,1207.296,0.70970995160104,1.12495937366982,2414.592,2020_kk_257,Kusko,2020,0.709115619272063,1.12537591143177,-3.1688993739109e-4,1504.51461005574,1679.64805041547,2090.76,0.707620504797333,1243.9858271935702
2305,1207.82,0.709019340835824,1.13913028912238,2415.64,2020_kk_257,Kusko,2020,0.709141578639775,1.12504127652246,-3.3463490931584e-4,1504.51461005574,1679.64805041547,2090.76,0.707620504797333,1243.9858271935702
2306,1208.344,0.709106671028497,1.14345395031079,2416.688,2020_kk_257,Kusko,2020,0.709146121463916,1.12465038080542,-3.9089571703665e-4,1504.51461005574,1679.64805041547,2090.76,0.707620504797333,1243.9858271935702
2307,1208.868,0.708801474631179,1.13927268744642,2417.736,2020_kk_257,Kusko,2020,0.709156340580085,1.12433048521663,-3.1989558879352e-4,1504.51461005574,1679.64805041547,2090.76,0.707620504797333,1243.9858271935702
2308,1209.392,0.709146029460527,1.12222537969976,2418.784,2020_kk_257,Kusko,2020,0.709136882482706,1.12393467473619,-3.9581048043513e-4,1504.51461005574,1679.64805041547,2090.76,0.707620504797333,1243.9858271935702
2309,1209.916,0.709465526818617,1.12017822959588,2419.832,2020_kk_257,Kusko,2020,0.709130519341517,1.12331178700632,-6.2288772986662e-4,1504.51461005574,1679.64805041547,2090.76,0.707620504797333,1243.9858271935702
2310,1210.44,0.708355060935887,1.13147829532337,2420.88,2020_kk_257,Kusko,2020,0.709128624079548,1.12304371340578,-2.6807360054692e-4,1504.51461005574,1679.64805041547,2090.76,0.707620504797333,1243.9858271935702
2311,1210.964,0.709557834261091,1.13619727876016,2421.928,2020_kk_257,Kusko,2020,0.709147633733237,1.12294345453654,-1.002588692367e-4,1504.51461005574,1679.64805041547,2090.76,0.707620504797333,1243.9858271935702
2312,1211.488,0.709024071188751,1.12355506140686,2422.976,2020_kk_257,Kusko,2020,0.709151243779091,1.12299149997111,4.80454345652692e-5,1504.51461005574,1679.64805041547,2090.76,0.707620504797333,1243.9858271935702
2313,1212.012,0.709268439736284,1.13071547516327,2424.024,2020_kk_257,Kusko,2020,0.709139559040722,1.12278573725087,-2.0576272023298e-4,1504.51461005574,1679.64805041547,2090.76,0.707620504797333,1243.9858271935702
2314,1212.536,0.708907751061998,1.12166930415223,2425.072,2020_kk_257,Kusko,2020,0.709140337933474,1.12260579919281,-1.7993805805849e-4,1504.51461005574,1679.64805041547,2090.76,0.707620504797333,1243.9858271935702
2315,1213.06,0.709545270173266,1.11578992953556,2426.12,2020_kk_257,Kusko,2020,0.709118467274698,1.12251239755744,-9.34016353781875e-5,1504.51461005574,1679.64805041547,2090.76,0.707620504797333,1243.9858271935702
2316,1213.584,0.709536981841294,1.11815142826032,2427.168,2020_kk_257,Kusko,2020,0.709111154378619,1.12240439085563,-1.0800670180222e-4,1504.51461005574,1679.64805041547,2090.76,0.707620504797333,1243.9858271935702
2317,1214.108,0.709420845995292,1.11176489198091,2428.216,2020_kk_257,Kusko,2020,0.709097891045947,1.12241974227387,1.5351418232834e-5,1504.51461005574,1679.64805041547,2090.76,0.707620504797333,1243.9858271935702
2318,1214.632,0.71016362589887,1.12016748509866,2429.264,2020_kk_257,Kusko,2020,0.709091283218632,1.12259228179165,1.7253951778761e-4,1504.51461005574,1679.64805041547,2090.76,0.707620504797333,1243.9858271935702
2319,1215.156,0.708624623814564,1.11447213618163,2430.312,2020_kk_257,Kusko,2020,0.70910487716106,1.12281502333916,2.2274154750667e-4,1504.51461005574,1679.64805041547,2090.76,0.707620504797333,1243.9858271935702
2320,1215.68,0.70843654535319,1.12445538220261,2431.36,2020_kk_257,Kusko,2020,0.709106803194899,1.12290557678861,9.05534494455296e-5,1504.51461005574,1679.64805041547,2090.76,0.707620504797333,1243.9858271935702
2321,1216.204,0.709807681275614,1.13547924946287,2432.408,2020_kk_257,Kusko,2020,0.709118887212178,1.12273452680187,-1.7104998673667e-4,1504.51461005574,1679.64805041547,2090.76,0.707620504797333,1243.9858271935702
2322,1216.728,0.708465815852414,1.14078168818064,2433.456,2020_kk_257,Kusko,2020,0.709112016649196,1.12276998646128,3.54596594092094e-5,1504.51461005574,1679.64805041547,2090.76,0.707620504797333,1243.9858271935702
2323,1217.252,0.708807157493044,1.13283566666382,2434.504,2020_kk_257,Kusko,2020,0.709115397814362,1.1230256975214,2.5571106012134e-4,1504.51461005574,1679.64805041547,2090.76,0.707620504797333,1243.9858271935702
2324,1217.776,0.708507538626362,1.1388213069847,2435.552,2020_kk_257,Kusko,2020,0.709140566942539,1.12325641203194,2.3071451053757e-4,1504.51461005574,1679.64805041547,2090.76,0.707620504797333,1243.9858271935702
2325,1218.3,0.709215700929601,1.12021157506012,2436.6,2020_kk_257,Kusko,2020,0.709171500250483,1.12331376215049,5.73501185490155e-5,1504.51461005574,1679.64805041547,2090.76,0.707620504797333,1243.9858271935702
2326,1218.824,0.709588725747001,1.12211829840022,2437.648,2020_kk_257,Kusko,2020,0.709168840054532,1.12319730622683,-1.1645592365905e-4,1504.51461005574,1679.64805041547,2090.76,0.707620504797333,1243.9858271935702
2327,1219.348,0.709058610671246,1.12762565253946,2438.696,2020_kk_257,Kusko,2020,0.709197548938957,1.12328842537273,9.11191458978777e-5,1504.51461005574,1679.64805041547,2090.76,0.707620504797333,1243.9858271935702
2328,1219.872,0.709417036901512,1.13348071060442,2439.744,2020_kk_257,Kusko,2020,0.709186744999816,1.12335020311096,6.17777382336815e-5,1504.51461005574,1679.64805041547,2090.76,0.707620504797333,1243.9858271935702
2329,1220.396,0.708505414476866,1.12319871239639,2440.792,2020_kk_257,Kusko,2020,0.7091877683222,1.12370439593479,3.5419282383064e-4,1504.51461005574,1679.64805041547,2090.76,0.707620504797333,1243.9858271935702
2330,1220.92,0.708544781064281,1.12258854764454,2441.84,2020_kk_257,Kusko,2020,0.709187805586829,1.1238876389442,1.8324300941396e-4,1504.51461005574,1679.64805041547,2090.76,0.707620504797333,1243.9858271935702
2331,1221.444,0.708948327709657,1.11327796119098,2442.888,2020_kk_257,Kusko,2020,0.709192521777295,1.12404837946553,1.6074052132242e-4,1504.51461005574,1679.64805041547,2090.76,0.707620504797333,1243.9858271935702
2332,1221.968,0.709251922711828,1.10550355330733,2443.936,2020_kk_257,Kusko,2020,0.709192801738587,1.12420069511582,1.5231565029605e-4,1504.51461005574,1679.64805041547,2090.76,0.707620504797333,1243.9858271935702
2333,1222.492,0.709499407962169,1.11661282349663,2444.984,2020_kk_257,Kusko,2020,0.709202576589658,1.12459282193792,3.9212682209433e-4,1504.51461005574,1679.64805041547,2090.76,0.707620504797333,1243.9858271935702
2334,1223.016,0.709142766986499,1.11267425657928,2446.032,2020_kk_257,Kusko,2020,0.709188743633241,1.124863746026,2.709240880816e-4,1504.51461005574,1679.64805041547,2090.76,0.707620504797333,1243.9858271935702
2335,1223.54,0.709328751522299,1.11622833268854,2447.08,2020_kk_257,Kusko,2020,0.709178231778966,1.12473185648695,-1.3188953904541e-4,1504.51461005574,1679.64805041547,2090.76,0.707620504797333,1243.9858271935702
2336,1224.064,0.710253181135401,1.11392781929952,2448.128,2020_kk_257,Kusko,2020,0.70917979545998,1.12468964201639,-4.2214470561186e-5,1504.51461005574,1679.64805041547,2090.76,0.707620504797333,1243.9858271935702
2337,1224.588,0.709699097861428,1.11918041974371,2449.176,2020_kk_257,Kusko,2020,0.709206602042603,1.12442172389382,-2.679181225691e-4,1504.51461005574,1679.64805041547,2090.76,0.707620504797333,1243.9858271935702
2338,1225.112,0.708153189604625,1.11584319723494,2450.224,2020_kk_257,Kusko,2020,0.709208733320102,1.12451260736579,9.08834719630658e-5,1504.51461005574,1679.64805041547,2090.76,0.707620504797333,1243.9858271935702
2339,1225.636,0.709696685066266,1.10197584694909,2451.272,2020_kk_257,Kusko,2020,0.709186823556964,1.12460636456326,9.37571974697349e-5,1504.51461005574,1679.64805041547,2090.76,0.707620504797333,1243.9858271935702
2340,1226.16,0.709670759163731,1.10254811047097,2452.32,2020_kk_257,Kusko,2020,0.70921180056948,1.12441297946066,-1.9338510259792e-4,1504.51461005574,1679.64805041547,2090.76,0.707620504797333,1243.9858271935702
2341,1226.684,0.710093172729279,1.11129102182943,2453.368,2020_kk_257,Kusko,2020,0.709191875622673,1.1239022226293,-5.1075683135759e-4,1504.51461005574,1679.64805041547,2090.76,0.707620504797333,1243.9858271935702
2342,1227.208,0.708921587688575,1.12008708897634,2454.416,2020_kk_257,Kusko,2020,0.709200803653377,1.12386144603612,-4.07765931758064e-5,1504.51461005574,1679.64805041547,2090.76,0.707620504797333,1243.9858271935702
2343,1227.732,0.709111744218788,1.12242992917508,2455.464,2020_kk_257,Kusko,2020,0.709199141315573,1.12377952065151,-8.1925384616488e-5,1504.51461005574,1679.64805041547,2090.76,0.707620504797333,1243.9858271935702
2344,1228.256,0.709035146371212,1.1275394970066,2456.512,2020_kk_257,Kusko,2020,0.709230780372722,1.12375245884614,-2.70618053646032e-5,1504.51461005574,1679.64805041547,2090.76,0.707620504797333,1243.9858271935702
2345,1228.78,0.708657623535667,1.12796883650394,2457.56,2020_kk_257,Kusko,2020,0.709228599244525,1.12394333411209,1.9087526595118e-4,1504.51461005574,1679.64805041547,2090.76,0.707620504797333,1243.9858271935702
2346,1229.304,0.708305101808859,1.11758392389849,2458.608,2020_kk_257,Kusko,2020,0.709224844786203,1.1242182156811,2.7488156900545e-4,1504.51461005574,1679.64805041547,2090.76,0.707620504797333,1243.9858271935702
2347,1229.828,0.709241734653895,1.12527182973123,2459.656,2020_kk_257,Kusko,2020,0.709217973319958,1.12459366041627,3.7544473516537e-4,1504.51461005574,1679.64805041547,2090.76,0.707620504797333,1243.9858271935702
2348,1230.352,0.708727486250337,1.13146676846176,2460.704,2020_kk_257,Kusko,2020,0.709213940082637,1.12480393567001,2.1027525374228e-4,1504.51461005574,1679.64805041547,2090.76,0.707620504797333,1243.9858271935702
2349,1230.876,0.709726925538744,1.12739059285627,2461.752,2020_kk_257,Kusko,2020,0.709218759907129,1.12505565484066,2.5171917065347e-4,1504.51461005574,1679.64805041547,2090.76,0.707620504797333,1243.9858271935702
2350,1231.4,0.709183761874864,1.12338002859467,2462.8,2020_kk_257,Kusko,2020,0.70923374431725,1.12512136384998,6.57090093170165e-5,1504.51461005574,1679.64805041547,2090.76,0.707620504797333,1243.9858271935702
2351,1231.924,0.709936715067186,1.12682332788181,2463.848,2020_kk_257,Kusko,2020,0.709232390663097,1.12496484628419,-1.5651756579138e-4,1504.51461005574,1679.64805041547,2090.76,0.707620504797333,1243.9858271935702
2352,1232.448,0.70857192998682506,1.1300507281279,2464.896,2020_kk_257,Kusko,2020,0.709243536987686,1.12483658842976,-1.2825785442571e-4,1504.51461005574,1679.64805041547,2090.76,0.707620504797333,1243.9858271935702
2353,1232.972,0.709689326706536,1.12935915695379,2465.944,2020_kk_257,Kusko,2020,0.709246216422052,1.12498066520702,1.4407677725958e-4,1504.51461005574,1679.64805041547,2090.76,0.707620504797333,1243.9858271935702
2354,1233.496,0.708756222529777,1.1342022858657,2466.992,2020_kk_257,Kusko,2020,0.70925871129376294,1.12481939817595,-1.6126703107e-4,1504.51461005574,1679.64805041547,2090.76,0.707620504797333,1243.9858271935702
2355,1234.02,0.710569352469167,1.12471032656569,2468.04,2020_kk_257,Kusko,2020,0.709253338696602,1.12524340873662,4.2401056066787e-4,1504.51461005574,1679.64805041547,2090.76,0.707620504797333,1243.9858271935702
2356,1234.544,0.709046750725586,1.12307080263535,2469.088,2020_kk_257,Kusko,2020,0.709241496047203,1.12546610366554,2.2269492892257e-4,1504.51461005574,1679.64805041547,2090.76,0.707620504797333,1243.9858271935702
2357,1235.068,0.710409623628061,1.12642955659615,2470.136,2020_kk_257,Kusko,2020,0.709250339141949,1.12569465888076,2.2855521521769e-4,1504.51461005574,1679.64805041547,2090.76,0.707620504797333,1243.9858271935702
2358,1235.592,0.708776130871399,1.12039758177198,2471.184,2020_kk_257,Kusko,2020,0.709266342718437,1.12558485936945,-1.0979951131195e-4,1504.51461005574,1679.64805041547,2090.76,0.707620504797333,1243.9858271935702
2359,1236.116,0.7090999129826,1.13633809291122,2472.232,2020_kk_257,Kusko,2020,0.709275712336513,1.12588389760928,2.9903823983468e-4,1504.51461005574,1679.64805041547,2090.76,0.707620504797333,1243.9858271935702
2360,1236.64,0.70858313034323706,1.13658608094391,2473.28,2020_kk_257,Kusko,2020,0.709302150192391,1.1263207010665,4.3680345722085e-4,1504.51461005574,1679.64805041547,2090.76,0.707620504797333,1243.9858271935702
2361,1237.164,0.709717904953914,1.12821995836585,2474.328,2020_kk_257,Kusko,2020,0.70928961717803,1.12682701308345,5.0631201694972e-4,1504.51461005574,1679.64805041547,2090.76,0.707620504797333,1243.9858271935702
2362,1237.688,0.70823733262984,1.12997605932733,2475.376,2020_kk_257,Kusko,2020,0.709277100261932,1.12742751374992,6.0050066646977e-4,1504.51461005574,1679.64805041547,2090.76,0.707620504797333,1243.9858271935702
2363,1238.212,0.710103380417109,1.14244553448572,2476.424,2020_kk_257,Kusko,2020,0.70926522644230094,1.12805333283866,6.2581908873493e-4,1504.51461005574,1679.64805041547,2090.76,0.707620504797333,1243.9858271935702
2364,1238.736,0.708879974216015,1.14121481895472,2477.472,2020_kk_257,Kusko,2020,0.709256464702262,1.12850377366231,4.5044082365186e-4,1504.51461005574,1679.64805041547,2090.76,0.707620504797333,1243.9858271935702
2365,1239.26,0.708388629579323,1.13121691677965,2478.52,2020_kk_257,Kusko,2020,0.709250186683597,1.1288822798767,3.7850621438728e-4,1504.51461005574,1679.64805041547,2090.76,0.707620504797333,1243.9858271935702
2366,1239.784,0.70920049188931,1.14092108207712,2479.568,2020_kk_257,Kusko,2020,0.709230448138763,1.12950859189733,6.2631202063445e-4,1504.51461005574,1679.64805041547,2090.76,0.707620504797333,1243.9858271935702
2367,1240.308,0.710409869588554,1.12319760009228,2480.616,2020_kk_257,Kusko,2020,0.709242405641388,1.1299000438885,3.9145199116941e-4,1504.51461005574,1679.64805041547,2090.76,0.707620504797333,1243.9858271935702
2368,1240.832,0.709273906110519,1.12767838801754,2481.664,2020_kk_257,Kusko,2020,0.709278351743533,1.1304585641456,5.5852025709901e-4,1504.51461005574,1679.64805041547,2090.76,0.707620504797333,1243.9858271935702
2369,1241.356,0.708150941030341,1.12580366144406,2482.712,2020_kk_257,Kusko,2020,0.709266106724836,1.13110188718194,6.4332303634318e-4,1504.51461005574,1679.64805041547,2090.76,0.707620504797333,1243.9858271935702
2370,1241.88,0.709853681686821,1.11987518916749,2483.76,2020_kk_257,Kusko,2020,0.709265597730626,1.13174722705273,6.4533987078818e-4,1504.51461005574,1679.64805041547,2090.76,0.707620504797333,1243.9858271935702
2371,1242.404,0.70836233745265,1.10555186887871,2484.808,2020_kk_257,Kusko,2020,0.709257758093813,1.13241423534187,6.6700828913846e-4,1504.51461005574,1679.64805041547,2090.76,0.707620504797333,1243.9858271935702
2372,1242.928,0.709559753031027,1.12110846581632,2485.856,2020_kk_257,Kusko,2020,0.709281398822454,1.13294362731127,5.2939196940138e-4,1504.51461005574,1679.64805041547,2090.76,0.707620504797333,1243.9858271935702
2373,1243.452,0.709168699468062,1.12579995208628,2486.904,2020_kk_257,Kusko,2020,0.709283273036771,1.13333287469263,3.8924738136492e-4,1504.51461005574,1679.64805041547,2090.76,0.707620504797333,1243.9858271935702
2374,1243.976,0.710806094490934,1.12004559583033,2487.952,2020_kk_257,Kusko,2020,0.709271587839755,1.13353772435783,2.0484966519496e-4,1504.51461005574,1679.64805041547,2090.76,0.707620504797333,1243.9858271935702
2375,1244.5,0.709414402481433,1.12724244549263,2489,2020_kk_257,Kusko,2020,0.709283895736299,1.13378813876153,2.5041440370099e-4,1504.51461005574,1679.64805041547,2090.76,0.707620504797333,1243.9858271935702
2376,1245.024,0.709311714341974,1.13464432240064,2490.048,2020_kk_257,Kusko,2020,0.709306682308336,1.13428985174445,5.0171298292189e-4,1504.51461005574,1679.64805041547,2090.76,0.707620504797333,1243.9858271935702
2377,1245.548,0.709008558020597,1.13429157609083,2491.096,2020_kk_257,Kusko,2020,0.70930036292961,1.13457357435122,2.8372260676867e-4,1504.51461005574,1679.64805041547,2090.76,0.707620504797333,1243.9858271935702
2378,1246.072,0.709921631659578,1.13278400032319,2492.144,2020_kk_257,Kusko,2020,0.709301690558164,1.13490288542689,3.2931107566924e-4,1504.51461005574,1679.64805041547,2090.76,0.707620504797333,1243.9858271935702
2379,1246.596,0.708913813284114,1.12957528642084,2493.192,2020_kk_257,Kusko,2020,0.709302398681134,1.13515232745391,2.494420270207e-4,1504.51461005574,1679.64805041547,2090.76,0.707620504797333,1243.9858271935702
2380,1247.12,0.709335609960406,1.12839792276163,2494.24,2020_kk_257,Kusko,2020,0.709291634145722,1.13524466540728,9.23379533686042e-5,1504.51461005574,1679.64805041547,2090.76,0.707620504797333,1243.9858271935702
2381,1247.644,0.70972646202643,1.12608819551539,2495.288,2020_kk_257,Kusko,2020,0.709287737127211,1.13515610441413,-8.85609931466913e-5,1504.51461005574,1679.64805041547,2090.76,0.707620504797333,1243.9858271935702
2382,1248.168,0.70913459532777,1.1330862169151,2496.336,2020_kk_257,Kusko,2020,0.709285639624376,1.13509813279525,-5.797161888621e-5,1504.51461005574,1679.64805041547,2090.76,0.707620504797333,1243.9858271935702
2383,1248.692,0.708967923555004,1.14148027329941,2497.384,2020_kk_257,Kusko,2020,0.709280147022226,1.13504939889411,-4.87339011325805e-5,1504.51461005574,1679.64805041547,2090.76,0.707620504797333,1243.9858271935702
2384,1249.216,0.709257230929015,1.12914528512049,2498.432,2020_kk_257,Kusko,2020,0.709288286414551,1.13496816640981,-8.12324843046941e-5,1504.51461005574,1679.64805041547,2090.76,0.707620504797333,1243.9858271935702
2385,1249.74,0.708893345099985,1.14565220870019,2499.48,2020_kk_257,Kusko,2020,0.709267863493464,1.13502549003679,5.73236269774124e-5,1504.51461005574,1679.64805041547,2090.76,0.707620504797333,1243.9858271935702
2386,1250.264,0.708878166783012,1.13547999413558,2500.528,2020_kk_257,Kusko,2020,0.709260724681766,1.13518833069737,1.6284066058469e-4,1504.51461005574,1679.64805041547,2090.76,0.707620504797333,1243.9858271935702
2387,1250.788,0.709589196356021,1.14133896545253,2501.576,2020_kk_257,Kusko,2020,0.709236466890445,1.13531653690457,1.2820620720144e-4,1504.51461005574,1679.64805041547,2090.76,0.707620504797333,1243.9858271935702
2388,1251.312,0.710377251490781,1.1268927399257,2502.624,2020_kk_257,Kusko,2020,0.709245494971863,1.13541285834161,9.63214370408583e-5,1504.51461005574,1679.64805041547,2090.76,0.707620504797333,1243.9858271935702
2389,1251.836,0.709067591561446,1.14114100678648,2503.672,2020_kk_257,Kusko,2020,0.709234052377651,1.13526133228588,-1.5152605573742e-4,1504.51461005574,1679.64805041547,2090.76,0.707620504797333,1243.9858271935702
2390,1252.36,0.710131052416938,1.14879675507779,2504.72,2020_kk_257,Kusko,2020,0.709254066023165,1.13530679251354,4.54602276629412e-5,1504.51461005574,1679.64805041547,2090.76,0.707620504797333,1243.9858271935702
2391,1252.884,0.708196346848034,1.14365668220795,2505.768,2020_kk_257,Kusko,2020,0.709251896760626,1.13533458118561,2.77886720685405e-5,1504.51461005574,1679.64805041547,2090.76,0.707620504797333,1243.9858271935702
2392,1253.408,0.708500907745947,1.14153359329552,2506.816,2020_kk_257,Kusko,2020,0.709253666850866,1.13517176567943,-1.6281550617391e-4,1504.51461005574,1679.64805041547,2090.76,0.707620504797333,1243.9858271935702
2393,1253.932,0.708786978784301,1.15416196882072,2507.864,2020_kk_257,Kusko,2020,0.709248533152846,1.13470683598669,-4.6492969274325e-4,1504.51461005574,1679.64805041547,2090.76,0.707620504797333,1243.9858271935702
2394,1254.456,0.708617062584145,1.13970070599839,2508.912,2020_kk_257,Kusko,2020,0.709256564791873,1.13423449905053,-4.7233693616188e-4,1504.51461005574,1679.64805041547,2090.76,0.707620504797333,1243.9858271935702
2395,1254.98,0.708952070402384,1.13893870555179,2509.96,2020_kk_257,Kusko,2020,0.709263110960104,1.13398905583403,-2.4544321650021e-4,1504.51461005574,1679.64805041547,2090.76,0.707620504797333,1243.9858271935702
2396,1255.504,0.70906886844539,1.15150654053758,2511.008,2020_kk_257,Kusko,2020,0.709240767821535,1.13363308694803,-3.5596888599864e-4,1504.51461005574,1679.64805041547,2090.76,0.707620504797333,1243.9858271935702
2397,1256.028,0.710416548018946,1.14266753921387,2512.056,2020_kk_257,Kusko,2020,0.709220460736267,1.13359377650652,-3.93104415070678e-5,1504.51461005574,1679.64805041547,2090.76,0.707620504797333,1243.9858271935702
2398,1256.552,0.710309955733331,1.14935441266088,2513.104,2020_kk_257,Kusko,2020,0.709213401059899,1.1334727014764,-1.210750301257e-4,1504.51461005574,1679.64805041547,2090.76,0.707620504797333,1243.9858271935702
2399,1257.076,0.70896198394443,1.14057522912969,2514.152,2020_kk_257,Kusko,2020,0.709243610749462,1.13340915458425,-6.35468921450499e-5,1504.51461005574,1679.64805041547,2090.76,0.707620504797333,1243.9858271935702
2400,1257.6,0.709640219511109,1.14126850271826,2515.2,2020_kk_257,Kusko,2020,0.709235386385937,1.13316180961874,-2.4734496551404e-4,1504.51461005574,1679.64805041547,2090.76,0.707620504797333,1243.9858271935702
2401,1258.124,0.709622794520517,1.15131151917775,2516.248,2020_kk_257,Kusko,2020,0.709240557324993,1.13307224283256,-8.95667861788851e-5,1504.51461005574,1679.64805041547,2090.76,0.707620504797333,1243.9858271935702
2402,1258.648,0.710340031407043,1.15185060714042,2517.296,2020_kk_257,Kusko,2020,0.709215414165509,1.13257001282626,-5.0223000630023e-4,1504.51461005574,1679.64805041547,2090.76,0.707620504797333,1243.9858271935702
2403,1259.172,0.709224197077765,1.14578477205698,2518.344,2020_kk_257,Kusko,2020,0.709215709017151,1.13201025167278,-5.5976115347444e-4,1504.51461005574,1679.64805041547,2090.76,0.707620504797333,1243.9858271935702
2404,1259.696,0.708334034550264,1.1398304769183,2519.392,2020_kk_257,Kusko,2020,0.709180102962093,1.13169057008568,-3.1968158709982e-4,1504.51461005574,1679.64805041547,2090.76,0.707620504797333,1243.9858271935702
2405,1260.22,0.709396097328289,1.142993700726,2520.44,2020_kk_257,Kusko,2020,0.709186106085626,1.13121696973967,-4.7360034601884e-4,1504.51461005574,1679.64805041547,2090.76,0.707620504797333,1243.9858271935702
2406,1260.744,0.709672296131094,1.14768670287381,2521.488,2020_kk_257,Kusko,2020,0.709180812748225,1.13059857377672,-6.1839596294155e-4,1504.51461005574,1679.64805041547,2090.76,0.707620504797333,1243.9858271935702
2407,1261.268,0.708862571930331,1.14229518613734,2522.536,2020_kk_257,Kusko,2020,0.70918303424755,1.12998191310947,-6.1666066725885e-4,1504.51461005574,1679.64805041547,2090.76,0.707620504797333,1243.9858271935702
2408,1261.792,0.708807143963595,1.15122543300193,2523.584,2020_kk_257,Kusko,2020,0.709168045670123,1.12953552022773,-4.4639288173287e-4,1504.51461005574,1679.64805041547,2090.76,0.707620504797333,1243.9858271935702
2409,1262.316,0.709769412916926,1.1423571144775,2524.632,2020_kk_257,Kusko,2020,0.709180183916107,1.1289847551499,-5.5076507783047e-4,1504.51461005574,1679.64805041547,2090.76,0.707620504797333,1243.9858271935702
2410,1262.84,0.708537889750142,1.12892030579679,2525.68,2020_kk_257,Kusko,2020,0.709165103127028,1.12828924403905,-6.9551111085464e-4,1504.51461005574,1679.64805041547,2090.76,0.707620504797333,1243.9858271935702
2411,1263.364,0.709702893956549,1.12150966829302,2526.728,2020_kk_257,Kusko,2020,0.709155929813236,1.12778409625489,-5.0514778415311e-4,1504.51461005574,1679.64805041547,2090.76,0.707620504797333,1243.9858271935702
2412,1263.888,0.708446079816718,1.12657243099474,2527.776,2020_kk_257,Kusko,2020,0.709178868688902,1.1273171881521,-4.6690810279281e-4,1504.51461005574,1679.64805041547,2090.76,0.707620504797333,1243.9858271935702
2413,1264.412,0.709359770577555,1.12643512288583,2528.824,2020_kk_257,Kusko,2020,0.709177336794025,1.12671779129545,-5.9939685665577e-4,1504.51461005574,1679.64805041547,2090.76,0.707620504797333,1243.9858271935702
2414,1264.936,0.709244586069246,1.12932833680741,2529.872,2020_kk_257,Kusko,2020,0.709129634486537,1.12618047320544,-5.3731809000745e-4,1504.51461005574,1679.64805041547,2090.76,0.707620504797333,1243.9858271935702
2415,1265.46,0.709343977203954,1.12814974418433,2530.92,2020_kk_257,Kusko,2020,0.709130955139949,1.12531357907394,-8.6689413149954e-4,1504.51461005574,1679.64805041547,2090.76,0.707620504797333,1243.9858271935702
2416,1265.984,0.708618422023685,1.13284124227044,2531.968,2020_kk_257,Kusko,2020,0.709143739531063,1.12447621611864,-8.3736295529579e-4,1504.51461005574,1679.64805041547,2090.76,0.707620504797333,1243.9858271935702
2417,1266.508,0.708954156148808,1.13412192902824,2533.016,2020_kk_257,Kusko,2020,0.709122179368234,1.12374333100131,-7.3288511733249e-4,1504.51461005574,1679.64805041547,2090.76,0.707620504797333,1243.9858271935702
2418,1267.032,0.70931781575647,1.12617686799442,2534.064,2020_kk_257,Kusko,2020,0.709099800472676,1.12317504752832,-5.6828347299475e-4,1504.51461005574,1679.64805041547,2090.76,0.707620504797333,1243.9858271935702
2419,1267.556,0.708413357329938,1.12724652956697,2535.112,2020_kk_257,Kusko,2020,0.709112578049936,1.12227451971401,-9.0052781430327e-4,1504.51461005574,1679.64805041547,2090.76,0.707620504797333,1243.9858271935702
2420,1268.08,0.709783949074065,1.13931369460368,2536.16,2020_kk_257,Kusko,2020,0.70908617614186,1.12114985560243,-0.00112466411158585,1504.51461005574,1679.64805041547,2090.76,0.707620504797333,1243.9858271935702
2421,1268.604,0.709587749201546,1.12988727868997,2537.208,2020_kk_257,Kusko,2020,0.709093709425792,1.12002277432626,-0.00112708127616323,1504.51461005574,1679.64805041547,2090.76,0.707620504797333,1243.9858271935702
2422,1269.128,0.708343538044253,1.12020712895689,2538.256,2020_kk_257,Kusko,2020,0.709111296264106,1.1191199643886,-9.0280993765934e-4,1504.51461005574,1679.64805041547,2090.76,0.707620504797333,1243.9858271935702
2423,1269.652,0.709795358535907,1.11454975292112,2539.304,2020_kk_257,Kusko,2020,0.709117570593658,1.11824266858765,-8.7729580095841e-4,1504.51461005574,1679.64805041547,2090.76,0.707620504797333,1243.9858271935702
2424,1270.176,0.709361872557659,1.11287460278501,2540.352,2020_kk_257,Kusko,2020,0.709116628583813,1.11741503702362,-8.276315640292e-4,1504.51461005574,1679.64805041547,2090.76,0.707620504797333,1243.9858271935702
2425,1270.7,0.708781399673173,1.11649032378963,2541.4,2020_kk_257,Kusko,2020,0.709131990767469,1.11632957325997,-0.00108546376365104,1504.51461005574,1679.64805041547,2090.76,0.707620504797333,1243.9858271935702
2426,1271.224,0.707859903575134,1.11956294891719,2542.448,2020_kk_257,Kusko,2020,0.709131565992748,1.11514514996606,-0.00118442329390911,1504.51461005574,1679.64805041547,2090.76,0.707620504797333,1243.9858271935702
2427,1271.748,0.709191444472464,1.12083897360186,2543.496,2020_kk_257,Kusko,2020,0.70910625024481,1.1143715863056,-7.7356366045444e-4,1504.51461005574,1679.64805041547,2090.76,0.707620504797333,1243.9858271935702
2428,1272.272,0.708850325528445,1.12041388621,2544.544,2020_kk_257,Kusko,2020,0.709107401154058,1.11348035834826,-8.9122795733986e-4,1504.51461005574,1679.64805041547,2090.76,0.707620504797333,1243.9858271935702
2429,1272.796,0.709963522404144,1.12199084791535,2545.592,2020_kk_257,Kusko,2020,0.709119552049346,1.11285292987516,-6.2742847309937e-4,1504.51461005574,1679.64805041547,2090.76,0.707620504797333,1243.9858271935702
2430,1273.32,0.709360219875322,1.10503449123665,2546.64,2020_kk_257,Kusko,2020,0.709125251904277,1.11203163469447,-8.2129518069518e-4,1504.51461005574,1679.64805041547,2090.76,0.707620504797333,1243.9858271935702
2431,1273.844,0.708672593796038,1.10017786170798,2547.688,2020_kk_257,Kusko,2020,0.709123985056178,1.11098724820194,-0.00104438649252958,1504.51461005574,1679.64805041547,2090.76,0.707620504797333,1243.9858271935702
2432,1274.368,0.708051163461937,1.0909746654383,2548.736,2020_kk_257,Kusko,2020,0.709103835940635,1.10993291763199,-0.00105433056994486,1504.51461005574,1679.64805041547,2090.76,0.707620504797333,1243.9858271935702
2433,1274.892,0.709186390566621,1.09221428287782,2549.784,2020_kk_257,Kusko,2020,0.709098294050301,1.1091772801706,-7.5563746139262e-4,1504.51461005574,1679.64805041547,2090.76,0.707620504797333,1243.9858271935702
2434,1275.416,0.708669731187406,1.10086470060435,2550.832,2020_kk_257,Kusko,2020,0.709093690981488,1.10843865528504,-7.3862488555875e-4,1504.51461005574,1679.64805041547,2090.76,0.707620504797333,1243.9858271935702
2435,1275.94,0.709774589893471,1.09882642473151,2551.88,2020_kk_257,Kusko,2020,0.70908558186669,1.10750346182707,-9.3519345797266e-4,1504.51461005574,1679.64805041547,2090.76,0.707620504797333,1243.9858271935702
2436,1276.464,0.708994114097856,1.09754056462415,2552.928,2020_kk_257,Kusko,2020,0.709100191065454,1.10648542017598,-0.0010180416510932,1504.51461005574,1679.64805041547,2090.76,0.707620504797333,1243.9858271935702
2437,1276.988,0.709141847980131,1.0972919360553,2553.976,2020_kk_257,Kusko,2020,0.70909146728271,1.10552878223447,-9.5663794150713e-4,1504.51461005574,1679.64805041547,2090.76,0.707620504797333,1243.9858271935702
2438,1277.512,0.709022317013938,1.10600042741922,2555.024,2020_kk_257,Kusko,2020,0.7091105281003,1.1043664323421,-0.00116234989237207,1504.51461005574,1679.64805041547,2090.76,0.707620504797333,1243.9858271935702
2439,1278.036,0.709642108043154,1.09652938175102,2556.072,2020_kk_257,Kusko,2020,0.709092465750781,1.10333630297434,-0.00103012936775659,1504.51461005574,1679.64805041547,2090.76,0.707620504797333,1243.9858271935702
2440,1278.56,0.708430762615673,1.08666725611034,2557.12,2020_kk_257,Kusko,2020,0.709101940837084,1.10246861508612,-8.6768788821722e-4,1504.51461005574,1679.64805041547,2090.76,0.707620504797333,1243.9858271935702
2441,1279.084,0.7091760631989,1.0957793284662,2558.168,2020_kk_257,Kusko,2020,0.709090442461312,1.10175769500424,-7.1092008188689e-4,1504.51461005574,1679.64805041547,2090.76,0.707620504797333,1243.9858271935702
2442,1279.608,0.710510927867735,1.10507173074754,2559.216,2020_kk_257,Kusko,2020,0.709113696069584,1.10105334034253,-7.043546617107e-4,1504.51461005574,1679.64805041547,2090.76,0.707620504797333,1243.9858271935702
2443,1280.132,0.708876009862387,1.10551646190007,2560.264,2020_kk_257,Kusko,2020,0.709124808687575,1.10048736688069,-5.6597346183084e-4,1504.51461005574,1679.64805041547,2090.76,0.707620504797333,1243.9858271935702
2444,1280.656,0.706395092479761,1.09690619972004,2561.312,2020_kk_257,Kusko,2020,0.709114366553878,1.09984410823676,-6.432586439391e-4,1504.51461005574,1679.64805041547,2090.76,0.707620504797333,1243.9858271935702
2445,1281.18,0.708972584304672,1.0936385608102,2562.36,2020_kk_257,Kusko,2020,0.709100154788485,1.09928719838926,-5.5690984749845e-4,1504.51461005574,1679.64805041547,2090.76,0.707620504797333,1243.9858271935702
2446,1281.704,0.709645230249847,1.08523821681783,2563.408,2020_kk_257,Kusko,2020,0.709121666815437,1.09853964169007,-7.4755669919079e-4,1504.51461005574,1679.64805041547,2090.76,0.707620504797333,1243.9858271935702
2447,1282.228,0.708295586586297,1.09736585841259,2564.456,2020_kk_257,Kusko,2020,0.709115618341014,1.09762444732213,-9.1519436793707e-4,1504.51461005574,1679.64805041547,2090.76,0.707620504797333,1243.9858271935702
2448,1282.752,0.709034517757296,1.09279573154601,2565.504,2020_kk_257,Kusko,2020,0.709118832303799,1.09683155440699,-7.928929151364e-4,1504.51461005574,1679.64805041547,2090.76,0.707620504797333,1243.9858271935702
2449,1283.276,0.70983424619706,1.0871093379283,2566.552,2020_kk_257,Kusko,2020,0.709138151198173,1.09610263257625,-7.2892183073891e-4,1504.51461005574,1679.64805041547,2090.76,0.707620504797333,1243.9858271935702
2450,1283.8,0.708546937932356,1.08131690838264,2567.6,2020_kk_257,Kusko,2020,0.70914124264486,1.09516934166755,-9.3329090869898e-4,1504.51461005574,1679.64805041547,2090.76,0.707620504797333,1243.9858271935702
2451,1284.324,0.708648343883978,1.07603180563816,2568.648,2020_kk_257,Kusko,2020,0.709134630631872,1.09438357878206,-7.8576288549592e-4,1504.51461005574,1679.64805041547,2090.76,0.707620504797333,1243.9858271935702
2452,1284.848,0.70955611804476,1.08736499703594,2569.696,2020_kk_257,Kusko,2020,0.709139261666029,1.09366989408982,-7.1368469223465e-4,1504.51461005574,1679.64805041547,2090.76,0.707620504797333,1243.9858271935702
2453,1285.372,0.709163438557433,1.10152422076322,2570.744,2020_kk_257,Kusko,2020,0.709106387664535,1.09303521641397,-6.3467767585789e-4,1504.51461005574,1679.64805041547,2090.76,0.707620504797333,1243.9858271935702
2454,1285.896,0.708560541993463,1.09004281215664,2571.792,2020_kk_257,Kusko,2020,0.709107929310555,1.09223391218907,-8.0130422489177e-4,1504.51461005574,1679.64805041547,2090.76,0.707620504797333,1243.9858271935702
2455,1286.42,0.709873801421713,1.07381087973272,2572.84,2020_kk_257,Kusko,2020,0.709117176698842,1.09157613559306,-6.5777659601162e-4,1504.51461005574,1679.64805041547,2090.76,0.707620504797333,1243.9858271935702
2456,1286.944,0.709043381962145,1.08044114290303,2573.888,2020_kk_257,Kusko,2020,0.709124971294483,1.09102462992421,-5.515056688572e-4,1504.51461005574,1679.64805041547,2090.76,0.707620504797333,1243.9858271935702
2457,1287.468,0.708897603142678,1.0962537195866,2574.936,2020_kk_257,Kusko,2020,0.709124707420026,1.09036051603726,-6.6411388694742e-4,1504.51461005574,1679.64805041547,2090.76,0.707620504797333,1243.9858271935702
2458,1287.992,0.710379010288176,1.09588073522049,2575.984,2020_kk_257,Kusko,2020,0.709123259374052,1.08986276641182,-4.9774962544324e-4,1504.51461005574,1679.64805041547,2090.76,0.707620504797333,1243.9858271935702
2459,1288.516,0.709691037661714,1.10292952074372,2577.032,2020_kk_257,Kusko,2020,0.709104571173878,1.08943881298622,-4.2395342559276e-4,1504.51461005574,1679.64805041547,2090.76,0.707620504797333,1243.9858271935702
2460,1289.04,0.709982210806959,1.09199079187655,2578.08,2020_kk_257,Kusko,2020,0.709103873930298,1.08924504845187,-1.937645343566e-4,1504.51461005574,1679.64805041547,2090.76,0.707620504797333,1243.9858271935702
2461,1289.564,0.709546783634588,1.08864832962598,2579.128,2020_kk_257,Kusko,2020,0.709109139495468,1.08913104631582,-1.1400213604906e-4,1504.51461005574,1679.64805041547,2090.76,0.707620504797333,1243.9858271935702
2462,1290.088,0.709131084474486,1.08859077294371,2580.176,2020_kk_257,Kusko,2020,0.70911937069428,1.08930252642981,1.7148011398893e-4,1504.51461005574,1679.64805041547,2090.76,0.707620504797333,1243.9858271935702
2463,1290.612,0.708891683657717,1.10044652437342,2581.224,2020_kk_257,Kusko,2020,0.709115705794846,1.0892998046061,-2.72182370819607e-6,1504.51461005574,1679.64805041547,2090.76,0.707620504797333,1243.9858271935702
2464,1291.136,0.708057850421496,1.09551298378478,2582.272,2020_kk_257,Kusko,2020,0.709131324593081,1.08909787266311,-2.0193194298601e-4,1504.51461005574,1679.64805041547,2090.76,0.707620504797333,1243.9858271935702
2465,1291.66,0.708909550440427,1.08688209324764,2583.32,2020_kk_257,Kusko,2020,0.709110897485867,1.08887035263585,-2.2752002725989e-4,1504.51461005574,1679.64805041547,2090.76,0.707620504797333,1243.9858271935702
2466,1292.184,0.71054884805692,1.08660420380821,2584.368,2020_kk_257,Kusko,2020,0.70909629630986,1.08859637408574,-2.7397855010846e-4,1504.51461005574,1679.64805041547,2090.76,0.707620504797333,1243.9858271935702
2467,1292.708,0.708339144965691,1.08489690964691,2585.416,2020_kk_257,Kusko,2020,0.709108186404506,1.08815345431655,-4.4291976919597e-4,1504.51461005574,1679.64805041547,2090.76,0.707620504797333,1243.9858271935702
2468,1293.232,0.70995079301895,1.0814844394596,2586.464,2020_kk_257,Kusko,2020,0.709104458339038,1.08751638716845,-6.3706714809663e-4,1504.51461005574,1679.64805041547,2090.76,0.707620504797333,1243.9858271935702
2469,1293.756,0.708685671945803,1.0805493524121,2587.512,2020_kk_257,Kusko,2020,0.709088004865919,1.08716639895885,-3.4998820959897e-4,1504.51461005574,1679.64805041547,2090.76,0.707620504797333,1243.9858271935702
2470,1294.28,0.709106394928337,1.07685903250375,2588.56,2020_kk_257,Kusko,2020,0.709102098503559,1.08696293499415,-2.0346396470283e-4,1504.51461005574,1679.64805041547,2090.76,0.707620504797333,1243.9858271935702
2471,1294.804,0.709012991410203,1.07885446337982,2589.608,2020_kk_257,Kusko,2020,0.709097278844655,1.08652552022066,-4.3741477348624e-4,1504.51461005574,1679.64805041547,2090.76,0.707620504797333,1243.9858271935702
2472,1295.328,0.709841296313071,1.08431115129209,2590.656,2020_kk_257,Kusko,2020,0.709091105800747,1.0859357885093,-5.89731711367e-4,1504.51461005574,1679.64805041547,2090.76,0.707620504797333,1243.9858271935702
2473,1295.852,0.710026527657012,1.09247671517597,2591.704,2020_kk_257,Kusko,2020,0.709098092762199,1.08529653905276,-6.3924945653637e-4,1504.51461005574,1679.64805041547,2090.76,0.707620504797333,1243.9858271935702
2474,1296.376,0.70861805804743,1.09073281817107,2592.752,2020_kk_257,Kusko,2020,0.709124460352137,1.08472354605522,-5.7299299753643e-4,1504.51461005574,1679.64805041547,2090.76,0.707620504797333,1243.9858271935702
2475,1296.9,0.708491271280361,1.09473515333443,2593.8,2020_kk_257,Kusko,2020,0.709127321277615,1.08423455282382,-4.8899323139894e-4,1504.51461005574,1679.64805041547,2090.76,0.707620504797333,1243.9858271935702
2476,1297.424,0.709909143640805,1.08798784031899,2594.848,2020_kk_257,Kusko,2020,0.709116327634805,1.08401022980867,-2.2432301515307e-4,1504.51461005574,1679.64805041547,2090.76,0.707620504797333,1243.9858271935702
2477,1297.948,0.70859124768343,1.07921026695201,2595.896,2020_kk_257,Kusko,2020,0.709124122651718,1.08349423138785,-5.1599842082206e-4,1504.51461005574,1679.64805041547,2090.76,0.707620504797333,1243.9858271935702
2478,1298.472,0.709510653523568,1.07860329308624,2596.944,2020_kk_257,Kusko,2020,0.70913114432229,1.0831358330853,-3.5839830254902e-4,1504.51461005574,1679.64805041547,2090.76,0.707620504797333,1243.9858271935702
2479,1298.996,0.709572490992371,1.08351121972264,2597.992,2020_kk_257,Kusko,2020,0.709106138387355,1.08281178965708,-3.240434282159e-4,1504.51461005574,1679.64805041547,2090.76,0.707620504797333,1243.9858271935702
2480,1299.52,0.709969435875314,1.08331624008174,2599.04,2020_kk_257,Kusko,2020,0.709119967034218,1.08249170552427,-3.2008413281703e-4,1504.51461005574,1679.64805041547,2090.76,0.707620504797333,1243.9858271935702
2481,1300.044,0.709191028422231,1.08274150556021,2600.088,2020_kk_257,Kusko,2020,0.709110316929037,1.08244381274731,-4.789277695183e-5,1504.51461005574,1679.64805041547,2090.76,0.707620504797333,1243.9858271935702
2482,1300.568,0.70862140009369,1.07738604742281,2601.136,2020_kk_257,Kusko,2020,0.709120824839884,1.08253757443198,9.3761684660576e-5,1504.51461005574,1679.64805041547,2090.76,0.707620504797333,1243.9858271935702
2483,1301.092,0.707822918446289,1.07646909236966,2602.184,2020_kk_257,Kusko,2020,0.709126617192488,1.08232329397693,-2.1428045504801e-4,1504.51461005574,1679.64805041547,2090.76,0.707620504797333,1243.9858271935702
2484,1301.616,0.709454371318812,1.06479634929151,2603.232,2020_kk_257,Kusko,2020,0.709141254646531,1.0823123492016,-1.09447753231517e-5,1504.51461005574,1679.64805041547,2090.76,0.707620504797333,1243.9858271935702
2485,1302.14,0.709336242970424,1.07702372802893,2604.28,2020_kk_257,Kusko,2020,0.709130844565002,1.08239877956892,8.64303673140387e-5,1504.51461005574,1679.64805041547,2090.76,0.707620504797333,1243.9858271935702
2486,1302.664,0.708327579313599,1.08647260878575,2605.328,2020_kk_257,Kusko,2020,0.709130255454046,1.08251756567592,1.1878610700444e-4,1504.51461005574,1679.64805041547,2090.76,0.707620504797333,1243.9858271935702
2487,1303.188,0.709175612005049,1.08099214038502,2606.376,2020_kk_257,Kusko,2020,0.709116950585195,1.08240176704378,-1.1579863213762e-4,1504.51461005574,1679.64805041547,2090.76,0.707620504797333,1243.9858271935702
2488,1303.712,0.708763442770006,1.0905489086834,2607.424,2020_kk_257,Kusko,2020,0.709121338283089,1.08224794633665,-1.5382070713432e-4,1504.51461005574,1679.64805041547,2090.76,0.707620504797333,1243.9858271935702
2489,1304.236,0.70884223039366,1.09655364237979,2608.472,2020_kk_257,Kusko,2020,0.709116565450739,1.08212470473021,-1.2324160643739e-4,1504.51461005574,1679.64805041547,2090.76,0.707620504797333,1243.9858271935702
2490,1304.76,0.709318385260556,1.09340861917526,2609.52,2020_kk_257,Kusko,2020,0.709105774977778,1.08205147295054,-7.32317796765525e-5,1504.51461005574,1679.64805041547,2090.76,0.707620504797333,1243.9858271935702
2491,1305.284,0.70898852770622,1.09333773354502,2610.568,2020_kk_257,Kusko,2020,0.70908379326678,1.08195911620263,-9.23567479094167e-5,1504.51461005574,1679.64805041547,2090.76,0.707620504797333,1243.9858271935702
2492,1305.808,0.708665035390703,1.10126347227765,2611.616,2020_kk_257,Kusko,2020,0.709090967725355,1.08163577937943,-3.2333682319829e-4,1504.51461005574,1679.64805041547,2090.76,0.707620504797333,1243.9858271935702
2493,1306.332,0.708966496600528,1.09205097345533,2612.664,2020_kk_257,Kusko,2020,0.709098082054901,1.08114781933447,-4.8796004495854e-4,1504.51461005574,1679.64805041547,2090.76,0.707620504797333,1243.9858271935702
2494,1306.856,0.709606859081533,1.08874878402519,2613.712,2020_kk_257,Kusko,2020,0.709103320627394,1.08077583598739,-3.7198334707899e-4,1504.51461005574,1679.64805041547,2090.76,0.707620504797333,1243.9858271935702
2495,1307.38,0.708548963460599,1.08517522309591,2614.76,2020_kk_257,Kusko,2020,0.709107502950079,1.08060217036877,-1.7366561861931e-4,1504.51461005574,1679.64805041547,2090.76,0.707620504797333,1243.9858271935702
2496,1307.904,0.708118043537437,1.08110185161764,2615.808,2020_kk_257,Kusko,2020,0.709056349468362,1.08054307676805,-5.90936007227594e-5,1504.51461005574,1679.64805041547,2090.76,0.707620504797333,1243.9858271935702
2497,1308.428,0.709855253658898,1.07071674990354,2616.856,2020_kk_257,Kusko,2020,0.709065584441228,1.08054252141813,-5.55349919606485e-7,1504.51461005574,1679.64805041547,2090.76,0.707620504797333,1243.9858271935702
2498,1308.952,0.708798633085893,1.06777639853343,2617.904,2020_kk_257,Kusko,2020,0.70904386753776,1.08053896113136,-3.56028676518072e-6,1504.51461005574,1679.64805041547,2090.76,0.707620504797333,1243.9858271935702
2499,1309.476,0.708654899656006,1.07553008917508,2618.952,2020_kk_257,Kusko,2020,0.709059144292036,1.08063909330521,1.0013217384186e-4,1504.51461005574,1679.64805041547,2090.76,0.707620504797333,1243.9858271935702
2500,1310,0.709276380874049,1.07445941822817,2620,2020_kk_257,Kusko,2020,0.709046865274446,1.0808057043511199,1.6661104591242e-4,1504.51461005574,1679.64805041547,2090.76,0.707620504797333,1243.9858271935702
2501,1310.524,0.708886883664655,1.06953444205703,2621.048,2020_kk_257,Kusko,2020,0.709040513129201,1.08103356780058,2.2786344946301e-4,1504.51461005574,1679.64805041547,2090.76,0.707620504797333,1243.9858271935702
2502,1311.048,0.710140545233269,1.06968782806551,2622.096,2020_kk_257,Kusko,2020,0.709029254670921,1.08127734586101,2.4377806042941e-4,1504.51461005574,1679.64805041547,2090.76,0.707620504797333,1243.9858271935702
2503,1311.572,0.709295227549492,1.06716149450789,2623.144,2020_kk_257,Kusko,2020,0.709023172274804,1.08106206779632,-2.1527806469023e-4,1504.51461005574,1679.64805041547,2090.76,0.707620504797333,1243.9858271935702
2504,1312.096,0.707977147876028,1.06252661986785,2624.192,2020_kk_257,Kusko,2020,0.709037820847256,1.0810140340461,-4.80337502231087e-5,1504.51461005574,1679.64805041547,2090.76,0.707620504797333,1243.9858271935702
2505,1312.62,0.709144239833405,1.06429896692627,2625.24,2020_kk_257,Kusko,2020,0.70904616586914,1.08085381682267,-1.6021722342518e-4,1504.51461005574,1679.64805041547,2090.76,0.707620504797333,1243.9858271935702
2506,1313.144,0.708985611681222,1.07177883590865,2626.288,2020_kk_257,Kusko,2020,0.709026776939799,1.08097882568709,1.2500886442001e-4,1504.51461005574,1679.64805041547,2090.76,0.707620504797333,1243.9858271935702
2507,1313.668,0.708763287601063,1.06640595316326,2627.336,2020_kk_257,Kusko,2020,0.709032497593218,1.08107320028288,9.43745957882047e-5,1504.51461005574,1679.64805041547,2090.76,0.707620504797333,1243.9858271935702
2508,1314.192,0.709455817991662,1.07129183339307,2628.384,2020_kk_257,Kusko,2020,0.709011797590188,1.08105823438661,-1.49658962684818e-5,1504.51461005574,1679.64805041547,2090.76,0.707620504797333,1243.9858271935702
2509,1314.716,0.708333890100947,1.06766673223535,2629.432,2020_kk_257,Kusko,2020,0.709006440702243,1.08094637868954,-1.1185569707161e-4,1504.51461005574,1679.64805041547,2090.76,0.707620504797333,1243.9858271935702
2510,1315.24,0.709376656744118,1.06211186041362,2630.48,2020_kk_257,Kusko,2020,0.708992865995493,1.08088430497263,-6.20737169096941e-5,1504.51461005574,1679.64805041547,2090.76,0.707620504797333,1243.9858271935702
2511,1315.764,0.708069337573138,1.07315823902104,2631.528,2020_kk_257,Kusko,2020,0.709007877497049,1.08070562495916,-1.7868001347487e-4,1504.51461005574,1679.64805041547,2090.76,0.707620504797333,1243.9858271935702
2512,1316.288,0.710186592695539,1.09299069811558,2632.576,2020_kk_257,Kusko,2020,0.70899575181059,1.08055242369285,-1.5320126630835e-4,1504.51461005574,1679.64805041547,2090.76,0.707620504797333,1243.9858271935702
2513,1316.812,0.709510979713719,1.08866739346034,2633.624,2020_kk_257,Kusko,2020,0.709005743379155,1.08049130447764,-6.11192152066842e-5,1504.51461005574,1679.64805041547,2090.76,0.707620504797333,1243.9858271935702
2514,1317.336,0.709438789236008,1.08938612563724,2634.672,2020_kk_257,Kusko,2020,0.708993694984558,1.08068563115692,1.943266792812e-4,1504.51461005574,1679.64805041547,2090.76,0.707620504797333,1243.9858271935702
2515,1317.86,0.709249196529994,1.07899670177156,2635.72,2020_kk_257,Kusko,2020,0.70899987739786,1.08054462088583,-1.4101027109503e-4,1504.51461005574,1679.64805041547,2090.76,0.707620504797333,1243.9858271935702
2516,1318.384,0.709008035304774,1.0875683093233,2636.768,2020_kk_257,Kusko,2020,0.709011645577833,1.08019839096918,-3.4622991664523e-4,1504.51461005574,1679.64805041547,2090.76,0.707620504797333,1243.9858271935702
2517,1318.908,0.708099311011633,1.08930580165835,2637.816,2020_kk_257,Kusko,2020,0.709031540659792,1.07996891821383,-2.2947275535689e-4,1504.51461005574,1679.64805041547,2090.76,0.707620504797333,1243.9858271935702
2518,1319.432,0.710642272161794,1.08665149279243,2638.864,2020_kk_257,Kusko,2020,0.7090448950474,1.0799057942824,-6.31239314223819e-5,1504.51461005574,1679.64805041547,2090.76,0.707620504797333,1243.9858271935702
2519,1319.956,0.70940466772074,1.09553502435748,2639.912,2020_kk_257,Kusko,2020,0.709041992800364,1.07964262082381,-2.6317345859561e-4,1504.51461005574,1679.64805041547,2090.76,0.707620504797333,1243.9858271935702
2520,1320.48,0.709334782429265,1.08759688509597,2640.96,2020_kk_257,Kusko,2020,0.709041779393055,1.07913133241851,-5.1128840529224e-4,1504.51461005574,1679.64805041547,2090.76,0.707620504797333,1243.9858271935702
2521,1321.004,0.708227880974714,1.08310692475141,2642.008,2020_kk_257,Kusko,2020,0.709041504485428,1.0787367847567,-3.9454766181812e-4,1504.51461005574,1679.64805041547,2090.76,0.707620504797333,1243.9858271935702
2522,1321.528,0.709561551988992,1.06919056355181,2643.056,2020_kk_257,Kusko,2020,0.709047356332605,1.07833038491107,-4.0639984562274e-4,1504.51461005574,1679.64805041547,2090.76,0.707620504797333,1243.9858271935702
2523,1322.052,0.709318543430495,1.07116892167589,2644.104,2020_kk_257,Kusko,2020,0.709056044824271,1.07809367814251,-2.3670676855935e-4,1504.51461005574,1679.64805041547,2090.76,0.707620504797333,1243.9858271935702
2524,1322.576,0.708372164771055,1.07319398296004,2645.152,2020_kk_257,Kusko,2020,0.709051236242177,1.07784607534581,-2.4760279670199e-4,1504.51461005574,1679.64805041547,2090.76,0.707620504797333,1243.9858271935702
2525,1323.1,0.709160489801559,1.0764621561305,2646.2,2020_kk_257,Kusko,2020,0.709082934088654,1.07761799268834,-2.2808265747453e-4,1504.51461005574,1679.64805041547,2090.76,0.707620504797333,1243.9858271935702
2526,1323.624,0.707479639153868,1.08305858776485,2647.248,2020_kk_257,Kusko,2020,0.709085406022791,1.0773946994673,-2.2329322103864e-4,1504.51461005574,1679.64805041547,2090.76,0.707620504797333,1243.9858271935702
2527,1324.148,0.708893243337673,1.08486358865172,2648.296,2020_kk_257,Kusko,2020,0.709063297482285,1.0773367867394401,-5.79127278579339e-5,1504.51461005574,1679.64805041547,2090.76,0.707620504797333,1243.9858271935702
2528,1324.672,0.708647778810836,1.0812708222537,2649.344,2020_kk_257,Kusko,2020,0.70908163781516,1.07723086488647,-1.0592185297397e-4,1504.51461005574,1679.64805041547,2090.76,0.707620504797333,1243.9858271935702
2529,1325.196,0.709602277202361,1.08655728284261,2650.392,2020_kk_257,Kusko,2020,0.709073398566163,1.07703317960822,-1.9768527824704e-4,1504.51461005574,1679.64805041547,2090.76,0.707620504797333,1243.9858271935702
2530,1325.72,0.708369653872977,1.0868556952585,2651.44,2020_kk_257,Kusko,2020,0.709089654543489,1.0768368385855,-1.9634102272547e-4,1504.51461005574,1679.64805041547,2090.76,0.707620504797333,1243.9858271935702
2531,1326.244,0.708631862695495,1.09252627034759,2652.488,2020_kk_257,Kusko,2020,0.709095279815891,1.07655804799974,-2.7879058575353e-4,1504.51461005574,1679.64805041547,2090.76,0.707620504797333,1243.9858271935702
2532,1326.768,0.70916578881626,1.09893783491786,2653.536,2020_kk_257,Kusko,2020,0.709088528372285,1.07635480622091,-2.0324177882846e-4,1504.51461005574,1679.64805041547,2090.76,0.707620504797333,1243.9858271935702
2533,1327.292,0.709661583889998,1.07956003129456,2654.584,2020_kk_257,Kusko,2020,0.709093588586505,1.07607165796268,-2.8314825823461e-4,1504.51461005574,1679.64805041547,2090.76,0.707620504797333,1243.9858271935702
2534,1327.816,0.709496972394532,1.08785079315768,2655.632,2020_kk_257,Kusko,2020,0.709102374400266,1.07589677321513,-1.7488474755311e-4,1504.51461005574,1679.64805041547,2090.76,0.707620504797333,1243.9858271935702
2535,1328.34,0.708991972593426,1.08512211992893,2656.68,2020_kk_257,Kusko,2020,0.70909979496268,1.07572725036194,-1.6952285318594e-4,1504.51461005574,1679.64805041547,2090.76,0.707620504797333,1243.9858271935702
2536,1328.864,0.708745807880316,1.09548837218419,2657.728,2020_kk_257,Kusko,2020,0.709095549589664,1.07553217552963,-1.9507483230873e-4,1504.51461005574,1679.64805041547,2090.76,0.707620504797333,1243.9858271935702
2537,1329.388,0.708934486888553,1.0848727426993101,2658.776,2020_kk_257,Kusko,2020,0.709107935977537,1.07536466709883,-1.6750843079838e-4,1504.51461005574,1679.64805041547,2090.76,0.707620504797333,1243.9858271935702
2538,1329.912,0.708268653341782,1.07770533931012,2659.824,2020_kk_257,Kusko,2020,0.709112542108665,1.0750936792398,-2.7098785903167e-4,1504.51461005574,1679.64805041547,2090.76,0.707620504797333,1243.9858271935702
2539,1330.436,0.709251077715684,1.07679987789836,2660.872,2020_kk_257,Kusko,2020,0.709146045489996,1.07460867942032,-4.8499981947869e-4,1504.51461005574,1679.64805041547,2090.76,0.707620504797333,1243.9858271935702
2540,1330.96,0.70915495347034,1.07959181706716,2661.92,2020_kk_257,Kusko,2020,0.709135775502057,1.07421969838786,-3.8898103246554e-4,1504.51461005574,1679.64805041547,2090.76,0.707620504797333,1243.9858271935702
2541,1331.484,0.710091718515543,1.07202070475173,2662.968,2020_kk_257,Kusko,2020,0.709154365409279,1.07381972415742,-3.9997423043169e-4,1504.51461005574,1679.64805041547,2090.76,0.707620504797333,1243.9858271935702
2542,1332.008,0.707893858906191,1.06819397144431,2664.016,2020_kk_257,Kusko,2020,0.709140525032914,1.07286780589928,-9.51918258147e-4,1504.51461005574,1679.64805041547,2090.76,0.707620504797333,1243.9858271935702
2543,1332.532,0.708422412560177,1.07280193945726,2665.064,2020_kk_257,Kusko,2020,0.709129901368247,1.07206198138153,-8.0582451774513e-4,1504.51461005574,1679.64805041547,2090.76,0.707620504797333,1243.9858271935702
2544,1333.056,0.708731467642958,1.07645595004838,2666.112,2020_kk_257,Kusko,2020,0.709112870644023,1.07141756397342,-6.4441740811394e-4,1504.51461005574,1679.64805041547,2090.76,0.707620504797333,1243.9858271935702
2545,1333.58,0.709707187768582,1.06856311176323,2667.16,2020_kk_257,Kusko,2020,0.709108537340072,1.07089298063918,-5.2458333423932e-4,1504.51461005574,1679.64805041547,2090.76,0.707620504797333,1243.9858271935702
2546,1334.104,0.709033670111944,1.06569881378704,2668.208,2020_kk_257,Kusko,2020,0.709105771672003,1.07014589103576,-7.470896034214e-4,1504.51461005574,1679.64805041547,2090.76,0.707620504797333,1243.9858271935702
2547,1334.628,0.710369316922618,1.0672237750636,2669.256,2020_kk_257,Kusko,2020,0.709118135335715,1.06934781945852,-7.980715772331e-4,1504.51461005574,1679.64805041547,2090.76,0.707620504797333,1243.9858271935702
2548,1335.152,0.709564706026463,1.08676147279806,2670.304,2020_kk_257,Kusko,2020,0.709105092835834,1.06830706568616,-0.00104075377236557,1504.51461005574,1679.64805041547,2090.76,0.707620504797333,1243.9858271935702
2549,1335.676,0.708668095571528,1.08076323486406,2671.352,2020_kk_257,Kusko,2020,0.70909599092412,1.06729607423558,-0.00101099145058092,1504.51461005574,1679.64805041547,2090.76,0.707620504797333,1243.9858271935702
2550,1336.2,0.709305580822013,1.06273131485772,2672.4,2020_kk_257,Kusko,2020,0.709100627862131,1.06654378436489,-7.5228987069286e-4,1504.51461005574,1679.64805041547,2090.76,0.707620504797333,1243.9858271935702
2551,1336.724,0.708972033248583,1.06966487383595,2673.448,2020_kk_257,Kusko,2020,0.709109514866339,1.06581013903953,-7.3364532535791e-4,1504.51461005574,1679.64805041547,2090.76,0.707620504797333,1243.9858271935702
2552,1337.248,0.709016146221362,1.07687948154029,2674.496,2020_kk_257,Kusko,2020,0.709120137035571,1.06514500067801,-6.6513836151882e-4,1504.51461005574,1679.64805041547,2090.76,0.707620504797333,1243.9858271935702
2553,1337.772,0.709487806100485,1.07784856734176,2675.544,2020_kk_257,Kusko,2020,0.709109397055339,1.06440403109354,-7.4096958446734e-4,1504.51461005574,1679.64805041547,2090.76,0.707620504797333,1243.9858271935702
2554,1338.296,0.709318344155873,1.07389261622306,2676.592,2020_kk_257,Kusko,2020,0.709110431682703,1.06376452602383,-6.3950506970744e-4,1504.51461005574,1679.64805041547,2090.76,0.707620504797333,1243.9858271935702
2555,1338.82,0.710450834249235,1.07149026364744,2677.64,2020_kk_257,Kusko,2020,0.709115991926228,1.06308139942851,-6.8312659532709e-4,1504.51461005574,1679.64805041547,2090.76,0.707620504797333,1243.9858271935702
2556,1339.344,0.708266359585655,1.06770425835532,2678.688,2020_kk_257,Kusko,2020,0.709129044814892,1.06241165060678,-6.6974882172932e-4,1504.51461005574,1679.64805041547,2090.76,0.707620504797333,1243.9858271935702
2557,1339.868,0.708528741228542,1.06724198623205,2679.736,2020_kk_257,Kusko,2020,0.709140088014826,1.061765081588,-6.4656901877779e-4,1504.51461005574,1679.64805041547,2090.76,0.707620504797333,1243.9858271935702
2558,1340.392,0.709899053058372,1.06142108735498,2680.784,2020_kk_257,Kusko,2020,0.709137987463868,1.06111544626884,-6.4963531916428e-4,1504.51461005574,1679.64805041547,2090.76,0.707620504797333,1243.9858271935702
2559,1340.916,0.708160544716198,1.06366897248025,2681.832,2020_kk_257,Kusko,2020,0.709149727256024,1.06041384685445,-7.0159941438796e-4,1504.51461005574,1679.64805041547,2090.76,0.707620504797333,1243.9858271935702
2560,1341.44,0.710251739513577,1.06267895686464,2682.88,2020_kk_257,Kusko,2020,0.709161113377812,1.05976889503156,-6.4495182288881e-4,1504.51461005574,1679.64805041547,2090.76,0.707620504797333,1243.9858271935702
2561,1341.964,0.709224400008792,1.05280700691182,2683.928,2020_kk_257,Kusko,2020,0.709166186420127,1.05911947078946,-6.494242420949e-4,1504.51461005574,1679.64805041547,2090.76,0.707620504797333,1243.9858271935702
2562,1342.488,0.709735458616883,1.05749332133582,2684.976,2020_kk_257,Kusko,2020,0.709159745864899,1.05813234881559,-9.8712197387684e-4,1504.51461005574,1679.64805041547,2090.76,0.707620504797333,1243.9858271935702
2563,1343.012,0.709598840402703,1.05017259901381,2686.024,2020_kk_257,Kusko,2020,0.709171927061755,1.05714920848181,-9.8314033377633e-4,1504.51461005574,1679.64805041547,2090.76,0.707620504797333,1243.9858271935702
2564,1343.536,0.70850429670169,1.05203353501466,2687.072,2020_kk_257,Kusko,2020,0.709158689337399,1.05594147923121,-0.00120772925059653,1504.51461005574,1679.64805041547,2090.76,0.707620504797333,1243.9858271935702
2565,1344.06,0.708989473578238,1.05412759573512,2688.12,2020_kk_257,Kusko,2020,0.709170633183915,1.05474802179828,-0.00119345743293886,1504.51461005574,1679.64805041547,2090.76,0.707620504797333,1243.9858271935702
2566,1344.584,0.708730889300267,1.06007434597013,2689.168,2020_kk_257,Kusko,2020,0.709172898272329,1.05324922378899,-0.00149879800928709,1504.51461005574,1679.64805041547,2090.76,0.707620504797333,1243.9858271935702
2567,1345.108,0.709506470873489,1.05635544731535,2690.216,2020_kk_257,Kusko,2020,0.709168755422435,1.0522544653989,-9.9475839008667e-4,1504.51461005574,1679.64805041547,2090.76,0.707620504797333,1243.9858271935702
2568,1345.632,0.709732185859333,1.05503256185117,2691.264,2020_kk_257,Kusko,2020,0.709202522504873,1.05130974310519,-9.4472229371001e-4,1504.51461005574,1679.64805041547,2090.76,0.707620504797333,1243.9858271935702
2569,1346.156,0.710344092980799,1.03856674306662,2692.312,2020_kk_257,Kusko,2020,0.709198785343124,1.05040189700628,-9.0784609891136e-4,1504.51461005574,1679.64805041547,2090.76,0.707620504797333,1243.9858271935702
2570,1346.68,0.708760457467785,1.03877299846569,2693.36,2020_kk_257,Kusko,2020,0.709189331379603,1.04940789718356,-9.9399982272219e-4,1504.51461005574,1679.64805041547,2090.76,0.707620504797333,1243.9858271935702
2571,1347.204,0.70918473200642,1.04915978519514,2694.408,2020_kk_257,Kusko,2020,0.709166030317176,1.04885614888985,-5.5174829371051e-4,1504.51461005574,1679.64805041547,2090.76,0.707620504797333,1243.9858271935702
2572,1347.728,0.709356170113647,1.03587560262675,2695.456,2020_kk_257,Kusko,2020,0.709172890864404,1.04831531122875,-5.4083766109336e-4,1504.51461005574,1679.64805041547,2090.76,0.707620504797333,1243.9858271935702
2573,1348.252,0.708873559833714,1.04031792239563,2696.504,2020_kk_257,Kusko,2020,0.709188997460447,1.04756375028976,-7.5156093899408e-4,1504.51461005574,1679.64805041547,2090.76,0.707620504797333,1243.9858271935702
2574,1348.776,0.708416945782542,1.05072108115041,2697.552,2020_kk_257,Kusko,2020,0.709192713446105,1.04677513620585,-7.8861408390951e-4,1504.51461005574,1679.64805041547,2090.76,0.707620504797333,1243.9858271935702
2575,1349.3,0.708989198292965,1.0475217017172,2698.6,2020_kk_257,Kusko,2020,0.709182260771378,1.04605779692678,-7.1733927906625e-4,1504.51461005574,1679.64805041547,2090.76,0.707620504797333,1243.9858271935702
2576,1349.824,0.708842095220609,1.04274293311802,2699.648,2020_kk_257,Kusko,2020,0.709182085169918,1.04532567929637,-7.3211763041358e-4,1504.51461005574,1679.64805041547,2090.76,0.707620504797333,1243.9858271935702
2577,1350.348,0.708841130834362,1.04142150702436,2700.696,2020_kk_257,Kusko,2020,0.70916690157963,1.04464723649297,-6.7844280340301e-4,1504.51461005574,1679.64805041547,2090.76,0.707620504797333,1243.9858271935702
2578,1350.872,0.709859722168944,1.0242062664505,2701.744,2020_kk_257,Kusko,2020,0.709139679462944,1.04357062392865,-0.00107661256432223,1504.51461005574,1679.64805041547,2090.76,0.707620504797333,1243.9858271935702
2579,1351.396,0.708858553017913,1.03487553732263,2702.792,2020_kk_257,Kusko,2020,0.709155495907742,1.04252130044806,-0.00104932348058329,1504.51461005574,1679.64805041547,2090.76,0.707620504797333,1243.9858271935702
2580,1351.92,0.709612998709938,1.04245949285439,2703.84,2020_kk_257,Kusko,2020,0.709169172278599,1.04194721520968,-5.7408523838531e-4,1504.51461005574,1679.64805041547,2090.76,0.707620504797333,1243.9858271935702
2581,1352.444,0.708761101227166,1.03908820522993,2704.888,2020_kk_257,Kusko,2020,0.709176704287314,1.04126271160503,-6.8450360464389e-4,1504.51461005574,1679.64805041547,2090.76,0.707620504797333,1243.9858271935702
2582,1352.968,0.710198882142891,1.02928226186068,2705.936,2020_kk_257,Kusko,2020,0.709187797599321,1.04039144221843,-8.7126938660686e-4,1504.51461005574,1679.64805041547,2090.76,0.707620504797333,1243.9858271935702
2583,1353.492,0.70867414461658,1.02671074660785,2706.984,2020_kk_257,Kusko,2020,0.709183962941576,1.03941956267454,-9.7187954388999e-4,1504.51461005574,1679.64805041547,2090.76,0.707620504797333,1243.9858271935702
2584,1354.016,0.708434242412937,1.03482367877759,2708.032,2020_kk_257,Kusko,2020,0.709174563290944,1.03847636596944,-9.4319670509501e-4,1504.51461005574,1679.64805041547,2090.76,0.707620504797333,1243.9858271935702
2585,1354.54,0.709494104413039,1.03547456041087,2709.08,2020_kk_257,Kusko,2020,0.709163411559088,1.03790747392108,-5.6889204835797e-4,1504.51461005574,1679.64805041547,2090.76,0.707620504797333,1243.9858271935702
2586,1355.064,0.70826281247368,1.04287365846109,2710.128,2020_kk_257,Kusko,2020,0.709183700864712,1.03750135404647,-4.0611987461636e-4,1504.51461005574,1679.64805041547,2090.76,0.707620504797333,1243.9858271935702
2587,1355.588,0.709555835333747,1.04606944752505,2711.176,2020_kk_257,Kusko,2020,0.709177025445766,1.0371528402032,-3.4851384326328e-4,1504.51461005574,1679.64805041547,2090.76,0.707620504797333,1243.9858271935702
2588,1356.112,0.708521745753348,1.04229270310384,2712.224,2020_kk_257,Kusko,2020,0.709166409332911,1.0365901097266,-5.6273047660582e-4,1504.51461005574,1679.64805041547,2090.76,0.707620504797333,1243.9858271935702
2589,1356.636,0.710306664731697,1.04446131797933,2713.272,2020_kk_257,Kusko,2020,0.709200100128448,1.03593987721474,-6.5023251185425e-4,1504.51461005574,1679.64805041547,2090.76,0.707620504797333,1243.9858271935702
2590,1357.16,0.709052821180289,1.04815858588517,2714.32,2020_kk_257,Kusko,2020,0.70918498367667,1.03525153090171,-6.8834631303293e-4,1504.51461005574,1679.64805041547,2090.76,0.707620504797333,1243.9858271935702
2591,1357.684,0.708936245234416,1.0535608158219,2715.368,2020_kk_257,Kusko,2020,0.70918224546191,1.03456864973317,-6.8288116854153e-4,1504.51461005574,1679.64805041547,2090.76,0.707620504797333,1243.9858271935702
2592,1358.208,0.708779355502562,1.03971051648524,2716.416,2020_kk_257,Kusko,2020,0.709172787269755,1.03364700322082,-9.2164651234383e-4,1504.51461005574,1679.64805041547,2090.76,0.707620504797333,1243.9858271935702
2593,1358.732,0.710392455701357,1.02057161126798,2717.464,2020_kk_257,Kusko,2020,0.70917686184139,1.03292808557195,-7.1891764887821e-4,1504.51461005574,1679.64805041547,2090.76,0.707620504797333,1243.9858271935702
2594,1359.256,0.708702708933185,1.0153870381219,2718.512,2020_kk_257,Kusko,2020,0.709179280050871,1.03221838676752,-7.0969880442195e-4,1504.51461005574,1679.64805041547,2090.76,0.707620504797333,1243.9858271935702
2595,1359.78,0.709708603384392,1.0135146739526,2719.56,2020_kk_257,Kusko,2020,0.709187095595776,1.0313649569808,-8.5342978672531e-4,1504.51461005574,1679.64805041547,2090.76,0.707620504797333,1243.9858271935702
2596,1360.304,0.708881713185117,1.00556049162696,2720.608,2020_kk_257,Kusko,2020,0.709187141707219,1.03045971093678,-9.0524604402375e-4,1504.51461005574,1679.64805041547,2090.76,0.707620504797333,1243.9858271935702
2597,1360.828,0.708685915894929,1.0251872392941,2721.656,2020_kk_257,Kusko,2020,0.709172402486084,1.02960385995221,-8.5585098456197e-4,1504.51461005574,1679.64805041547,2090.76,0.707620504797333,1243.9858271935702
2598,1361.352,0.710294678288034,1.02102200168752,2722.704,2020_kk_257,Kusko,2020,0.709163056848776,1.02861644545698,-0.00098741449522887011,1504.51461005574,1679.64805041547,2090.76,0.707620504797333,1243.9858271935702
2599,1361.876,0.70902684801075,1.02232911196368,2723.752,2020_kk_257,Kusko,2020,0.709141695072677,1.02775775109968,-8.5869435730634e-4,1504.51461005574,1679.64805041547,2090.76,0.707620504797333,1243.9858271935702
2600,1362.4,0.708587715659083,1.01995182770383,2724.8,2020_kk_257,Kusko,2020,0.709119103929496,1.02696959402483,-7.8815707484492e-4,1504.51461005574,1679.64805041547,2090.76,0.707620504797333,1243.9858271935702
2601,1362.924,0.708693654769915,1.0389158071291,2725.848,2020_kk_257,Kusko,2020,0.70911640489123,1.02595289321196,-0.00101670081286898,1504.51461005574,1679.64805041547,2090.76,0.707620504797333,1243.9858271935702
2602,1363.448,0.708305491739916,1.0357437117787,2726.896,2020_kk_257,Kusko,2020,0.709129245213185,1.02524287140031,-7.1002181165269e-4,1504.51461005574,1679.64805041547,2090.76,0.707620504797333,1243.9858271935702
2603,1363.972,0.709388808322711,1.02770828311762,2727.944,2020_kk_257,Kusko,2020,0.709137959076419,1.02431772420576,-9.2514719455416e-4,1504.51461005574,1679.64805041547,2090.76,0.707620504797333,1243.9858271935702
2604,1364.496,0.708954426782444,1.02913910501382,2728.992,2020_kk_257,Kusko,2020,0.709154145413037,1.02315593589762,-0.00116178830813873,1504.51461005574,1679.64805041547,2090.76,0.707620504797333,1243.9858271935702
2605,1365.02,0.709080027284966,1.02552275501925,2730.04,2020_kk_257,Kusko,2020,0.709169541196511,1.02217440619743,-9.8152970019027e-4,1504.51461005574,1679.64805041547,2090.76,0.707620504797333,1243.9858271935702
2606,1365.544,0.70902313402438,1.02177175596222,2731.088,2020_kk_257,Kusko,2020,0.7091744656954,1.02146049740594,-7.1390879149002e-4,1504.51461005574,1679.64805041547,2090.76,0.707620504797333,1243.9858271935702
2607,1366.068,0.709458301505297,1.02651720685942,2732.136,2020_kk_257,Kusko,2020,0.709188899815073,1.02065831025729,-8.021871486481e-4,1504.51461005574,1679.64805041547,2090.76,0.707620504797333,1243.9858271935702
2608,1366.592,0.707931379025342,1.02216471893874,2733.184,2020_kk_257,Kusko,2020,0.709200189473881,1.01995026167741,-7.0804857988005e-4,1504.51461005574,1679.64805041547,2090.76,0.707620504797333,1243.9858271935702
2609,1367.116,0.709617082259386,1.01780382602905,2734.232,2020_kk_257,Kusko,2020,0.709211332605178,1.01911269329898,-8.3756837842874e-4,1504.51461005574,1679.64805041547,2090.76,0.707620504797333,1243.9858271935702
2610,1367.64,0.710126163073415,1.02828620055461,2735.28,2020_kk_257,Kusko,2020,0.70920148135345,1.01821799206899,-8.9470122998802e-4,1504.51461005574,1679.64805041547,2090.76,0.707620504797333,1243.9858271935702
2611,1368.164,0.709423953771532,1.02859465755732,2736.328,2020_kk_257,Kusko,2020,0.709197557520685,1.01722127775356,-9.967143154288e-4,1504.51461005574,1679.64805041547,2090.76,0.707620504797333,1243.9858271935702
2612,1368.688,0.709681744941778,1.02460331834389,2737.376,2020_kk_257,Kusko,2020,0.70918838047736,1.01651553987729,-7.0573787627381e-4,1504.51461005574,1679.64805041547,2090.76,0.707620504797333,1243.9858271935702
2613,1369.212,0.709257726635782,1.01953579470835,2738.424,2020_kk_257,Kusko,2020,0.709181616130836,1.01562961792223,-8.8592195506476e-4,1504.51461005574,1679.64805041547,2090.76,0.707620504797333,1243.9858271935702
2614,1369.736,0.708754365117951,1.01730081391736,2739.472,2020_kk_257,Kusko,2020,0.709190629185196,1.0145868951535,-0.00104272276872308,1504.51461005574,1679.64805041547,2090.76,0.707620504797333,1243.9858271935702
2615,1370.26,0.709781730337833,1.03735674074596,2740.52,2020_kk_257,Kusko,2020,0.709176332601529,1.01350466110283,-0.00108223405067065,1504.51461005574,1679.64805041547,2090.76,0.707620504797333,1243.9858271935702
2616,1370.784,0.709483717923104,1.04333706587834,2741.568,2020_kk_257,Kusko,2020,0.709199794098717,1.01227414296826,-0.00123051813457731,1504.51461005574,1679.64805041547,2090.76,0.707620504797333,1243.9858271935702
2617,1371.308,0.708128216091778,1.04633115563627,2742.616,2020_kk_257,Kusko,2020,0.709200582377209,1.01125594039632,-0.00101820257193874,1504.51461005574,1679.64805041547,2090.76,0.707620504797333,1243.9858271935702
2618,1371.832,0.709262086287097,1.02765725875863,2743.664,2020_kk_257,Kusko,2020,0.709202416319581,1.01004209961691,-0.00121384077940512,1504.51461005574,1679.64805041547,2090.76,0.707620504797333,1243.9858271935702
2619,1372.356,0.710181992448387,1.024655021769,2744.712,2020_kk_257,Kusko,2020,0.709186894674344,1.00886003495547,-0.00118206466144288,1504.51461005574,1679.64805041547,2090.76,0.707620504797333,1243.9858271935702
2620,1372.88,0.709344752406912,1.02137817808267,2745.76,2020_kk_257,Kusko,2020,0.709195908475527,1.00787722280008,-9.8281215538476e-4,1504.51461005574,1679.64805041547,2090.76,0.707620504797333,1243.9858271935702
2621,1373.404,0.709060107123177,1.01183413679932,2746.808,2020_kk_257,Kusko,2020,0.709183830502475,1.00670165916624,-0.00117556363384619,1504.51461005574,1679.64805041547,2090.76,0.707620504797333,1243.9858271935702
2622,1373.928,0.709167967087616,1.00219453059519,2747.856,2020_kk_257,Kusko,2020,0.709205498523107,1.00578650557069,-9.1515359554605e-4,1504.51461005574,1679.64805041547,2090.76,0.707620504797333,1243.9858271935702
2623,1374.452,0.70984331470077,1.00703754008112,2748.904,2020_kk_257,Kusko,2020,0.70920185087808,1.00521218472442,-5.7432084627251e-4,1504.51461005574,1679.64805041547,2090.76,0.707620504797333,1243.9858271935702
2624,1374.976,0.708649389270575,1.00945160674935,2749.952,2020_kk_257,Kusko,2020,0.709223219177524,1.00455616406935,-6.5602065507386e-4,1504.51461005574,1679.64805041547,2090.76,0.707620504797333,1243.9858271935702
2625,1375.5,0.709458406272527,1.0029218085316,2751,2020_kk_257,Kusko,2020,0.709215544029819,1.00368218315842,-8.7398091092083e-4,1504.51461005574,1679.64805041547,2090.76,0.707620504797333,1243.9858271935702
2626,1376.024,0.708733655986827,1.00575958332869,2752.048,2020_kk_257,Kusko,2020,0.709232682499128,1.00286849085341,-8.1369230501926e-4,1504.51461005574,1679.64805041547,2090.76,0.707620504797333,1243.9858271935702
2627,1376.548,0.708622117605413,1.00500438824164,2753.096,2020_kk_257,Kusko,2020,0.709240600484354,1.00150096048706,-0.00136753036634518,1504.51461005574,1679.64805041547,2090.76,0.707620504797333,1243.9858271935702
2628,1377.072,0.709171447620882,0.995787692137437,2754.144,2020_kk_257,Kusko,2020,0.709209855302007,1.00030790882102,-0.00119305166604411,1504.51461005574,1679.64805041547,2090.76,0.707620504797333,1243.9858271935702
2629,1377.596,0.709062386414829,0.987045081628252,2755.192,2020_kk_257,Kusko,2020,0.709224215315738,0.999134303194293,-0.00117360562672264,1504.51461005574,1679.64805041547,2090.76,0.707620504797333,1243.9858271935702
2630,1378.12,0.707404988876945,0.991483573974997,2756.24,2020_kk_257,Kusko,2020,0.709228890522903,0.99813143394178,-0.00100286925251292,1504.51461005574,1679.64805041547,2090.76,0.707620504797333,1243.9858271935702
2631,1378.644,0.709022789710459,0.988157736423002,2757.288,2020_kk_257,Kusko,2020,0.709276055018606,0.996802266091972,-0.00132916784980874,1504.51461005574,1679.64805041547,2090.76,0.707620504797333,1243.9858271935702
2632,1379.168,0.710126589430913,0.993274293927589,2758.336,2020_kk_257,Kusko,2020,0.709279268224962,0.995517230292115,-0.0012850357998565,1504.51461005574,1679.64805041547,2090.76,0.707620504797333,1243.9858271935702
2633,1379.692,0.709396391627792,0.984809090722382,2759.384,2020_kk_257,Kusko,2020,0.709291986555478,0.994306342299801,-0.00121088799231417,1504.51461005574,1679.64805041547,2090.76,0.707620504797333,1243.9858271935702
2634,1380.216,0.709388125979605,0.981013782662091,2760.432,2020_kk_257,Kusko,2020,0.70929204537393,0.993220834800165,-0.00108550749963554,1504.51461005574,1679.64805041547,2090.76,0.707620504797333,1243.9858271935702
2635,1380.74,0.709912945301394,0.988629919705782,2761.48,2020_kk_257,Kusko,2020,0.709306468492257,0.992113321921828,-0.00110751287833732,1504.51461005574,1679.64805041547,2090.76,0.707620504797333,1243.9858271935702
2636,1381.264,0.709137565153981,0.999908405628612,2762.528,2020_kk_257,Kusko,2020,0.709302844492747,0.991108076115158,-0.00100524580667039,1504.51461005574,1679.64805041547,2090.76,0.707620504797333,1243.9858271935702
2637,1381.788,0.709707178014713,0.99329027810548,2763.576,2020_kk_257,Kusko,2020,0.709272411768689,0.989916636181477,-0.00119143993368043,1504.51461005574,1679.64805041547,2090.76,0.707620504797333,1243.9858271935702
2638,1382.312,0.71053710169744,0.981723351657693,2764.624,2020_kk_257,Kusko,2020,0.709274266338612,0.988829951291262,-0.00108668489021491,1504.51461005574,1679.64805041547,2090.76,0.707620504797333,1243.9858271935702
2639,1382.836,0.709527140895735,0.984621434616906,2765.672,2020_kk_257,Kusko,2020,0.709276565326827,0.987569221858147,-0.00126072943311573,1504.51461005574,1679.64805041547,2090.76,0.707620504797333,1243.9858271935702
2640,1383.36,0.709021923606251,0.988777419055122,2766.72,2020_kk_257,Kusko,2020,0.709273942176962,0.986114101826392,-0.00145512003175463,1504.51461005574,1679.64805041547,2090.76,0.707620504797333,1243.9858271935702
2641,1383.884,0.708525671261253,0.97928534630421,2767.768,2020_kk_257,Kusko,2020,0.709280890955142,0.984787900623249,-0.00132620120314275,1504.51461005574,1679.64805041547,2090.76,0.707620504797333,1243.9858271935702
2642,1384.408,0.709648259543412,0.986937989284247,2768.816,2020_kk_257,Kusko,2020,0.709273621477844,0.983487755597504,-0.00130014502574549,1504.51461005574,1679.64805041547,2090.76,0.707620504797333,1243.9858271935702
2643,1384.932,0.708268283825136,0.973555429303965,2769.864,2020_kk_257,Kusko,2020,0.709262990745422,0.982632665844362,-8.5508975314196e-4,1504.51461005574,1679.64805041547,2090.76,0.707620504797333,1243.9858271935702
2644,1385.456,0.708975025674527,0.972260312654196,2770.912,2020_kk_257,Kusko,2020,0.70927480738393,0.981630668250348,-0.00100199759401343,1504.51461005574,1679.64805041547,2090.76,0.707620504797333,1243.9858271935702
2645,1385.98,0.708636309393003,0.97054051737064,2771.96,2020_kk_257,Kusko,2020,0.709267572887547,0.980058322841159,-0.0015723454091896,1504.51461005574,1679.64805041547,2090.76,0.707620504797333,1243.9858271935702
2646,1386.504,0.709670502304975,0.969042570386445,2773.008,2020_kk_257,Kusko,2020,0.709262750277816,0.97825336516069,-0.00180495768046862,1504.51461005574,1679.64805041547,2090.76,0.707620504797333,1243.9858271935702
2647,1387.028,0.709603132043243,0.984977293208726,2774.056,2020_kk_257,Kusko,2020,0.709278746738951,0.976430298164682,-0.00182306699600787,1504.51461005574,1679.64805041547,2090.76,0.707620504797333,1243.9858271935702
2648,1387.552,0.708631782295661,0.969462256339541,2775.104,2020_kk_257,Kusko,2020,0.709281334580869,0.974905702611799,-0.00152459555288309,1504.51461005574,1679.64805041547,2090.76,0.707620504797333,1243.9858271935702
2649,1388.076,0.709375366017494,0.973537438292749,2776.152,2020_kk_257,Kusko,2020,0.709256150982585,0.973573906186127,-0.00133179642567205,1504.51461005574,1679.64805041547,2090.76,0.707620504797333,1243.9858271935702
2650,1388.6,0.709593649251239,0.989189856562096,2777.2,2020_kk_257,Kusko,2020,0.709258213524266,0.972068409501396,-0.00150549668473088,1504.51461005574,1679.64805041547,2090.76,0.707620504797333,1243.9858271935702
2651,1389.124,0.708211566851345,0.983026997791124,2778.248,2020_kk_257,Kusko,2020,0.70928288461745,0.970588924877547,-0.00147948462384961,1504.51461005574,1679.64805041547,2090.76,0.707620504797333,1243.9858271935702
2652,1389.648,0.710079436740456,0.984801300752476,2779.296,2020_kk_257,Kusko,2020,0.709270763103397,0.969296162285104,-0.00129276259244226,1504.51461005574,1679.64805041547,2090.76,0.707620504797333,1243.9858271935702
2653,1390.172,0.710173596999727,0.986112360491633,2780.344,2020_kk_257,Kusko,2020,0.709260995572888,0.968018604292194,-0.00127755799291041,1504.51461005574,1679.64805041547,2090.76,0.707620504797333,1243.9858271935702
2654,1390.696,0.709984806899807,0.976025798817469,2781.392,2020_kk_257,Kusko,2020,0.709264200135947,0.966884458212541,-0.00113414607965245,1504.51461005574,1679.64805041547,2090.76,0.707620504797333,1243.9858271935702
2655,1391.22,0.709248094522146,0.961075819297338,2782.44,2020_kk_257,Kusko,2020,0.709257496490053,0.965853148580514,-0.00103130963202747,1504.51461005574,1679.64805041547,2090.76,0.707620504797333,1243.9858271935702
2656,1391.744,0.709910021343647,0.956738953325816,2783.488,2020_kk_257,Kusko,2020,0.709283219717948,0.964879593187882,-9.7355539263166e-4,1504.51461005574,1679.64805041547,2090.76,0.707620504797333,1243.9858271935702
2657,1392.268,0.709160995008468,0.943135417313373,2784.536,2020_kk_257,Kusko,2020,0.709309825118602,0.963843230400214,-0.00103636278766817,1504.51461005574,1679.64805041547,2090.76,0.707620504797333,1243.9858271935702
2658,1392.792,0.708449967347239,0.949438901724886,2785.584,2020_kk_257,Kusko,2020,0.709294477340821,0.962717749172547,-0.00112548122766665,1504.51461005574,1679.64805041547,2090.76,0.707620504797333,1243.9858271935702
2659,1393.316,0.709888448834591,0.951912774360317,2786.632,2020_kk_257,Kusko,2020,0.709296270438866,0.961526742520237,-0.0011910066523102,1504.51461005574,1679.64805041547,2090.76,0.707620504797333,1243.9858271935702
2660,1393.84,0.708868228088978,0.959779672553046,2787.68,2020_kk_257,Kusko,2020,0.709312095625512,0.960543584956546,-9.8315756369127e-4,1504.51461005574,1679.64805041547,2090.76,0.707620504797333,1243.9858271935702
2661,1394.364,0.711523524512076,0.959165736140575,2788.728,2020_kk_257,Kusko,2020,0.709325950072771,0.959603862059167,-9.3972289737864e-4,1504.51461005574,1679.64805041547,2090.76,0.707620504797333,1243.9858271935702
2662,1394.888,0.708498284121284,0.958641563787312,2789.776,2020_kk_257,Kusko,2020,0.70931419444088,0.958541460237872,-0.00106240182129491,1504.51461005574,1679.64805041547,2090.76,0.707620504797333,1243.9858271935702
2663,1395.412,0.710151908153712,0.95505500357877,2790.824,2020_kk_257,Kusko,2020,0.709291330660866,0.957617352033118,-9.241082047543e-4,1504.51461005574,1679.64805041547,2090.76,0.707620504797333,1243.9858271935702
2664,1395.936,0.708957955889553,0.964008655035689,2791.872,2020_kk_257,Kusko,2020,0.70930614648797,0.9567714011556,-8.4595087751826e-4,1504.51461005574,1679.64805041547,2090.76,0.707620504797333,1243.9858271935702
2665,1396.46,0.709945414384567,0.959071982319011,2792.92,2020_kk_257,Kusko,2020,0.709303453057469,0.95584182499649,-9.2957615910949e-4,1504.51461005574,1679.64805041547,2090.76,0.707620504797333,1243.9858271935702
2666,1396.984,0.708805694053793,0.961457007561998,2793.968,2020_kk_257,Kusko,2020,0.709302504710414,0.954827463649016,-0.00101436134747479,1504.51461005574,1679.64805041547,2090.76,0.707620504797333,1243.9858271935702
2667,1397.508,0.707632338061824,0.955030810838603,2795.016,2020_kk_257,Kusko,2020,0.709286302380097,0.954014090883005,-8.1337276601023e-4,1504.51461005574,1679.64805041547,2090.76,0.707620504797333,1243.9858271935702
2668,1398.032,0.708042653220684,0.956963625525841,2796.064,2020_kk_257,Kusko,2020,0.709272361195172,0.953302476772538,-7.1161411046694e-4,1504.51461005574,1679.64805041547,2090.76,0.707620504797333,1243.9858271935702
2669,1398.556,0.709755021552303,0.942160060042105,2797.112,2020_kk_257,Kusko,2020,0.70927768256966806,0.952390554640881,-9.1192213165747e-4,1504.51461005574,1679.64805041547,2090.76,0.707620504797333,1243.9858271935702
2670,1399.08,0.709968774081498,0.940978998649332,2798.16,2020_kk_257,Kusko,2020,0.709293245924159,0.951323741329347,-0.0010668133115338,1504.51461005574,1679.64805041547,2090.76,0.707620504797333,1243.9858271935702
2671,1399.604,0.709840880462336,0.949022585368746,2799.208,2020_kk_257,Kusko,2020,0.709304862876584,0.950110126746994,-0.00121361458235281,1504.51461005574,1679.64805041547,2090.76,0.707620504797333,1243.9858271935702
2672,1400.128,0.709245576303921,0.946594616799163,2800.256,2020_kk_257,Kusko,2020,0.709278309918828,0.948655780139215,-0.00145434660777977,1504.51461005574,1679.64805041547,2090.76,0.707620504797333,1243.9858271935702
2673,1400.652,0.708619882690423,0.968230409519832,2801.304,2020_kk_257,Kusko,2020,0.709320278834514,0.947399166572457,-0.00125661356675788,1504.51461005574,1679.64805041547,2090.76,0.707620504797333,1243.9858271935702
2674,1401.176,0.709463363428462,0.957180958276555,2802.352,2020_kk_257,Kusko,2020,0.709327887224965,0.946265962931061,-0.00113320364139524,1504.51461005574,1679.64805041547,2090.76,0.707620504797333,1243.9858271935702
2675,1401.7,0.709347660554863,0.943016016194585,2803.4,2020_kk_257,Kusko,2020,0.709337114796103,0.945513788776798,-7.5217415426354e-4,1504.51461005574,1679.64805041547,2090.76,0.707620504797333,1243.9858271935702
2676,1402.224,0.70919436133924,0.935039605050227,2804.448,2020_kk_257,Kusko,2020,0.709334228568071,0.94488796304545,-6.2582573134795e-4,1504.51461005574,1679.64805041547,2090.76,0.707620504797333,1243.9858271935702
2677,1402.748,0.709088003759886,0.936947135875788,2805.496,2020_kk_257,Kusko,2020,0.70934052604092,0.943922386977093,-9.6557606835734e-4,1504.51461005574,1679.64805041547,2090.76,0.707620504797333,1243.9858271935702
2678,1403.272,0.709417356802184,0.936181525585648,2806.544,2020_kk_257,Kusko,2020,0.709362836315192,0.943387835884712,-5.3455109238043e-4,1504.51461005574,1679.64805041547,2090.76,0.707620504797333,1243.9858271935702
2679,1403.796,0.708670976551323,0.944747236228674,2807.592,2020_kk_257,Kusko,2020,0.709324962027693,0.942749808605165,-6.3802727954687e-4,1504.51461005574,1679.64805041547,2090.76,0.707620504797333,1243.9858271935702
2680,1404.32,0.709468504907758,0.931048376998817,2808.64,2020_kk_257,Kusko,2020,0.709312088211287,0.941897106940021,-8.527016651445e-4,1504.51461005574,1679.64805041547,2090.76,0.707620504797333,1243.9858271935702
2681,1404.844,0.710540372714225,0.92306505936835,2809.688,2020_kk_257,Kusko,2020,0.709328913665197,0.941049899559153,-8.4720738086752e-4,1504.51461005574,1679.64805041547,2090.76,0.707620504797333,1243.9858271935702
2682,1405.368,0.70844067624442,0.924628775048652,2810.736,2020_kk_257,Kusko,2020,0.709341168898256,0.94015647375455,-8.9342580460316e-4,1504.51461005574,1679.64805041547,2090.76,0.707620504797333,1243.9858271935702
2683,1405.892,0.70925726287027,0.930384060506494,2811.784,2020_kk_257,Kusko,2020,0.709314394190491,0.939277269548554,-8.7920420599585e-4,1504.51461005574,1679.64805041547,2090.76,0.707620504797333,1243.9858271935702
2684,1406.416,0.708841663054074,0.9414028419702,2812.832,2020_kk_257,Kusko,2020,0.709303542960761,0.93847682838563,-8.0044116292443e-4,1504.51461005574,1679.64805041547,2090.76,0.707620504797333,1243.9858271935702
2685,1406.94,0.709056187518892,0.941043230609947,2813.88,2020_kk_257,Kusko,2020,0.709305956522231,0.93806293964529,-4.1388874033954e-4,1504.51461005574,1679.64805041547,2090.76,0.707620504797333,1243.9858271935702
2686,1407.464,0.710277049660522,0.94734625977079,2814.928,2020_kk_257,Kusko,2020,0.709286251320001,0.937787047220101,-2.7589242518955e-4,1504.51461005574,1679.64805041547,2090.76,0.707620504797333,1243.9858271935702
2687,1407.988,0.710218441644693,0.942822620981556,2815.976,2020_kk_257,Kusko,2020,0.70929033608224,0.937606439033018,-1.8060818708287e-4,1504.51461005574,1679.64805041547,2090.76,0.707620504797333,1243.9858271935702
2688,1408.512,0.708250580954022,0.928258818477436,2817.024,2020_kk_257,Kusko,2020,0.709294908177945,0.937028115919901,-5.7832311311723e-4,1504.51461005574,1679.64805041547,2090.76,0.707620504797333,1243.9858271935702
2689,1409.036,0.709169972297529,0.915584682489646,2818.072,2020_kk_257,Kusko,2020,0.709288364034931,0.936317327407935,-7.1078851196604e-4,1504.51461005574,1679.64805041547,2090.76,0.707620504797333,1243.9858271935702
2690,1409.56,0.708354500075668,0.932494120153512,2819.12,2020_kk_257,Kusko,2020,0.709279689896972,0.935571583288356,-7.4574411957817e-4,1504.51461005574,1679.64805041547,2090.76,0.707620504797333,1243.9858271935702
2691,1410.084,0.709854056546026,0.93177436258029,2820.168,2020_kk_257,Kusko,2020,0.709239479052192,0.935083372122789,-4.8821116556707e-4,1504.51461005574,1679.64805041547,2090.76,0.707620504797333,1243.9858271935702
2692,1410.608,0.709421251517444,0.929530184649889,2821.216,2020_kk_257,Kusko,2020,0.709256848159433,0.934699697319517,-3.8367480327217e-4,1504.51461005574,1679.64805041547,2090.76,0.707620504797333,1243.9858271935702
2693,1411.132,0.708024564826982,0.929362598437124,2822.264,2020_kk_257,Kusko,2020,0.70924142650491,0.934292185690928,-4.075116285892e-4,1504.51461005574,1679.64805041547,2090.76,0.707620504797333,1243.9858271935702
2694,1411.656,0.710277075605821,0.930256730011001,2823.312,2020_kk_257,Kusko,2020,0.709256073695892,0.933612684887049,-6.7950080387879e-4,1504.51461005574,1679.64805041547,2090.76,0.707620504797333,1243.9858271935702
2695,1412.18,0.709751339471307,0.932855350159214,2824.36,2020_kk_257,Kusko,2020,0.709231208706788,0.932953897406491,-6.5878748055769e-4,1504.51461005574,1679.64805041547,2090.76,0.707620504797333,1243.9858271935702
2696,1412.704,0.709080664330702,0.939046724780121,2825.408,2020_kk_257,Kusko,2020,0.709230382809041,0.932279689792352,-6.7420761413961e-4,1504.51461005574,1679.64805041547,2090.76,0.707620504797333,1243.9858271935702
2697,1413.228,0.708735038195697,0.94448791214487,2826.456,2020_kk_257,Kusko,2020,0.709246180387252,0.931744555710151,-5.3513408220085e-4,1504.51461005574,1679.64805041547,2090.76,0.707620504797333,1243.9858271935702
2698,1413.752,0.709700630601949,0.939026505029674,2827.504,2020_kk_257,Kusko,2020,0.709254745882326,0.931246140574424,-4.9841513572657e-4,1504.51461005574,1679.64805041547,2090.76,0.707620504797333,1243.9858271935702
2699,1414.276,0.70984642336551,0.929906106717459,2828.552,2020_kk_257,Kusko,2020,0.709238144208493,0.930769924818094,-4.7621575633094e-4,1504.51461005574,1679.64805041547,2090.76,0.707620504797333,1243.9858271935702
2700,1414.8,0.709955724875695,0.924768620363091,2829.6,2020_kk_257,Kusko,2020,0.70920608002984,0.930333522762487,-4.3640205560679e-4,1504.51461005574,1679.64805041547,2090.76,0.707620504797333,1243.9858271935702
2701,1415.324,0.709222688406725,0.906468471363041,2830.648,2020_kk_257,Kusko,2020,0.709210315343222,0.929817501651336,-5.1602111115101e-4,1504.51461005574,1679.64805041547,2090.76,0.707620504797333,1243.9858271935702
2702,1415.848,0.708055082078055,0.899677192817459,2831.696,2020_kk_257,Kusko,2020,0.709227001901477,0.929316314178579,-5.0118747275718e-4,1504.51461005574,1679.64805041547,2090.76,0.707620504797333,1243.9858271935702
2703,1416.372,0.710786418766332,0.898158615298496,2832.744,2020_kk_257,Kusko,2020,0.709200254503433,0.928181076301488,-0.00113523787709069,1504.51461005574,1679.64805041547,2090.76,0.707620504797333,1243.9858271935702
2704,1416.896,0.709431529101567,0.904268094170477,2833.792,2020_kk_257,Kusko,2020,0.70918766376311,0.927333988389142,-8.4708791234533e-4,1504.51461005574,1679.64805041547,2090.76,0.707620504797333,1243.9858271935702
2705,1417.42,0.709189963661264,0.925410068114822,2834.84,2020_kk_257,Kusko,2020,0.70920525579909,0.92679572621714,-5.382621720027e-4,1504.51461005574,1679.64805041547,2090.76,0.707620504797333,1243.9858271935702
2706,1417.944,0.709497328623072,0.931493026505575,2835.888,2020_kk_257,Kusko,2020,0.709218814369151,0.926554421772244,-2.4130444489556e-4,1504.51461005574,1679.64805041547,2090.76,0.707620504797333,1243.9858271935702
2707,1418.468,0.709980980414176,0.927042729107279,2836.936,2020_kk_257,Kusko,2020,0.709210729604708,0.926390761815655,-1.6365995658873e-4,1504.51461005574,1679.64805041547,2090.76,0.707620504797333,1243.9858271935702
2708,1418.992,0.709970398751967,0.937389190796718,2837.984,2020_kk_257,Kusko,2020,0.709211121218449,0.92620857595563,-1.8218586002527e-4,1504.51461005574,1679.64805041547,2090.76,0.707620504797333,1243.9858271935702
2709,1419.516,0.707102908767574,0.935255801519933,2839.032,2020_kk_257,Kusko,2020,0.709205683509868,0.925914520394911,-2.9405556071904e-4,1504.51461005574,1679.64805041547,2090.76,0.707620504797333,1243.9858271935702
2710,1420.04,0.70882122026691,0.938027756653429,2840.08,2020_kk_257,Kusko,2020,0.709223535856086,0.925788216633057,-1.2630376185396e-4,1504.51461005574,1679.64805041547,2090.76,0.707620504797333,1243.9858271935702
2711,1420.564,0.709221094085926,0.932194554939065,2841.128,2020_kk_257,Kusko,2020,0.709189523402346,0.92563167991096,-1.565367220967e-4,1504.51461005574,1679.64805041547,2090.76,0.707620504797333,1243.9858271935702
2712,1421.088,0.710814750723997,0.931195752476285,2842.176,2020_kk_257,Kusko,2020,0.709219910002641,0.925363093487769,-2.6858642319127e-4,1504.51461005574,1679.64805041547,2090.76,0.707620504797333,1243.9858271935702
2713,1421.612,0.708567114533816,0.933360108131878,2843.224,2020_kk_257,Kusko,2020,0.709209042748313,0.925012537758572,-3.5055572919695e-4,1504.51461005574,1679.64805041547,2090.76,0.707620504797333,1243.9858271935702
2714,1422.136,0.709333733116033,0.927999329042004,2844.272,2020_kk_257,Kusko,2020,0.709230405117083,0.924552428576363,-4.6010918220962e-4,1504.51461005574,1679.64805041547,2090.76,0.707620504797333,1243.9858271935702
2715,1422.66,0.70939290821034,0.936242494876965,2845.32,2020_kk_257,Kusko,2020,0.709215059487208,0.923890394341137,-6.6203423522581e-4,1504.51461005574,1679.64805041547,2090.76,0.707620504797333,1243.9858271935702
2716,1423.184,0.708727709209837,0.940185407814442,2846.368,2020_kk_257,Kusko,2020,0.709192764379891,0.923316036332617,-5.7435800852001e-4,1504.51461005574,1679.64805041547,2090.76,0.707620504797333,1243.9858271935702
2717,1423.708,0.709406080742774,0.932298926088395,2847.416,2020_kk_257,Kusko,2020,0.709183869679707,0.922796572548807,-5.1946378381029e-4,1504.51461005574,1679.64805041547,2090.76,0.707620504797333,1243.9858271935702
2718,1424.232,0.70872429308955,0.914739514937852,2848.464,2020_kk_257,Kusko,2020,0.709203798072559,0.922349504785068,-4.4706776373892e-4,1504.51461005574,1679.64805041547,2090.76,0.707620504797333,1243.9858271935702
2719,1424.756,0.709495800253745,0.909265463642358,2849.512,2020_kk_257,Kusko,2020,0.709198524535532,0.922035150625396,-3.1435415967195e-4,1504.51461005574,1679.64805041547,2090.76,0.707620504797333,1243.9858271935702
2720,1425.28,0.708347779811434,0.915035025378354,2850.56,2020_kk_257,Kusko,2020,0.709243202312082,0.921500413182445,-5.3473744295073e-4,1504.51461005574,1679.64805041547,2090.76,0.707620504797333,1243.9858271935702
2721,1425.804,0.709110873825286,0.929873066206546,2851.608,2020_kk_257,Kusko,2020,0.709257107095768,0.92093622536183,-5.6418782061484e-4,1504.51461005574,1679.64805041547,2090.76,0.707620504797333,1243.9858271935702
2722,1426.328,0.709540430555742,0.935621075590982,2852.656,2020_kk_257,Kusko,2020,0.709241587846693,0.920320071824003,-6.1615353782706e-4,1504.51461005574,1679.64805041547,2090.76,0.707620504797333,1243.9858271935702
2723,1426.852,0.709226608882361,0.93060430586342,2853.704,2020_kk_257,Kusko,2020,0.709237262638953,0.919639223224264,-6.8084859973927e-4,1504.51461005574,1679.64805041547,2090.76,0.707620504797333,1243.9858271935702
2724,1427.376,0.70983678734849,0.923238606802966,2854.752,2020_kk_257,Kusko,2020,0.709231251998818,0.919285514982637,-3.5370824162661e-4,1504.51461005574,1679.64805041547,2090.76,0.707620504797333,1243.9858271935702
2725,1427.9,0.708453515038275,0.919544733485548,2855.8,2020_kk_257,Kusko,2020,0.70920894197455,0.919138379339971,-1.4713564266621e-4,1504.51461005574,1679.64805041547,2090.76,0.707620504797333,1243.9858271935702
2726,1428.424,0.708756140188981,0.921004550713622,2856.848,2020_kk_257,Kusko,2020,0.709203458950272,0.91899357831197,-1.4480102800085e-4,1504.51461005574,1679.64805041547,2090.76,0.707620504797333,1243.9858271935702
2727,1428.948,0.708580192754518,0.922922765906552,2857.896,2020_kk_257,Kusko,2020,0.709202040023794,0.918837435208779,-1.5614310319145e-4,1504.51461005574,1679.64805041547,2090.76,0.707620504797333,1243.9858271935702
2728,1429.472,0.708556582925102,0.927058717382248,2858.944,2020_kk_257,Kusko,2020,0.709199028753245,0.918609204274814,-2.2823093396451e-4,1504.51461005574,1679.64805041547,2090.76,0.707620504797333,1243.9858271935702
2729,1429.996,0.708758921122344,0.913587114662248,2859.992,2020_kk_257,Kusko,2020,0.709201028059394,0.918310991548746,-2.9821272606811e-4,1504.51461005574,1679.64805041547,2090.76,0.707620504797333,1243.9858271935702
2730,1430.52,0.708044923362325,0.914794875312926,2861.04,2020_kk_257,Kusko,2020,0.709171058420353,0.917984917278307,-3.2607427043918e-4,1504.51461005574,1679.64805041547,2090.76,0.707620504797333,1243.9858271935702
2731,1431.044,0.710094999265205,0.918061318699689,2862.088,2020_kk_257,Kusko,2020,0.709176325468839,0.917886253927272,-9.86633510349222e-5,1504.51461005574,1679.64805041547,2090.76,0.707620504797333,1243.9858271935702
2732,1431.568,0.710246769799255,0.916523368433734,2863.136,2020_kk_257,Kusko,2020,0.709187897591299,0.917588305610592,-2.979483166795e-4,1504.51461005574,1679.64805041547,2090.76,0.707620504797333,1243.9858271935702
2733,1432.092,0.707015038807776,0.90011613689439,2864.184,2020_kk_257,Kusko,2020,0.709146365405961,0.917306210203704,-2.8209540688795e-4,1504.51461005574,1679.64805041547,2090.76,0.707620504797333,1243.9858271935702
2734,1432.616,0.708707919009093,0.90635568353584,2865.232,2020_kk_257,Kusko,2020,0.709149459144726,0.917076819037254,-2.2939116645026e-4,1504.51461005574,1679.64805041547,2090.76,0.707620504797333,1243.9858271935702
2735,1433.14,0.710403182713629,0.910720285874422,2866.28,2020_kk_257,Kusko,2020,0.70913985323972,0.916612772978505,-4.6404605874905e-4,1504.51461005574,1679.64805041547,2090.76,0.707620504797333,1243.9858271935702
2736,1433.664,0.710007875542933,0.920561338356492,2867.328,2020_kk_257,Kusko,2020,0.709153285231344,0.916200716317925,-4.1205666058041e-4,1504.51461005574,1679.64805041547,2090.76,0.707620504797333,1243.9858271935702
2737,1434.188,0.708602917893279,0.927127538480468,2868.376,2020_kk_257,Kusko,2020,0.709160635037717,0.915937377772863,-2.6333854506166e-4,1504.51461005574,1679.64805041547,2090.76,0.707620504797333,1243.9858271935702
2738,1434.712,0.70944085362667,0.925250373984127,2869.424,2020_kk_257,Kusko,2020,0.709147678339097,0.915439998508471,-4.9737926439241e-4,1504.51461005574,1679.64805041547,2090.76,0.707620504797333,1243.9858271935702
2739,1435.236,0.708344714036442,0.927103902585528,2870.472,2020_kk_257,Kusko,2020,0.709193654073155,0.915118682508929,-3.2131599954132e-4,1504.51461005574,1679.64805041547,2090.76,0.707620504797333,1243.9858271935702
2740,1435.76,0.710539645680842,0.923470151287582,2871.52,2020_kk_257,Kusko,2020,0.709190891055016,0.914840433264716,-2.7824924421304e-4,1504.51461005574,1679.64805041547,2090.76,0.707620504797333,1243.9858271935702
2741,1436.284,0.70849962548983,0.91367285604255,2872.568,2020_kk_257,Kusko,2020,0.709183289888366,0.914713533076967,-1.2690018774919e-4,1504.51461005574,1679.64805041547,2090.76,0.707620504797333,1243.9858271935702
2742,1436.808,0.710263872262123,0.908513589657174,2873.616,2020_kk_257,Kusko,2020,0.709158567796856,0.914545892171087,-1.6764090587961e-4,1504.51461005574,1679.64805041547,2090.76,0.707620504797333,1243.9858271935702
2743,1437.332,0.708605227610594,0.909350716754674,2874.664,2020_kk_257,Kusko,2020,0.70918146599341,0.914222767784853,-3.2312438623483e-4,1504.51461005574,1679.64805041547,2090.76,0.707620504797333,1243.9858271935702
2744,1437.856,0.710123405180255,0.913796291037626,2875.712,2020_kk_257,Kusko,2020,0.709165178242946,0.913846553417837,-3.7621436701595e-4,1504.51461005574,1679.64805041547,2090.76,0.707620504797333,1243.9858271935702
2745,1438.38,0.708135449726409,0.901321176496394,2876.76,2020_kk_257,Kusko,2020,0.709164180980139,0.913409617854293,-4.369355635434e-4,1504.51461005574,1679.64805041547,2090.76,0.707620504797333,1243.9858271935702
2746,1438.904,0.708939343221487,0.912884779259589,2877.808,2020_kk_257,Kusko,2020,0.709186455485181,0.913040144199957,-3.6947365433648e-4,1504.51461005574,1679.64805041547,2090.76,0.707620504797333,1243.9858271935702
2747,1439.428,0.709684759633687,0.911654793952939,2878.856,2020_kk_257,Kusko,2020,0.709196659868679,0.912802642943644,-2.3750125631283e-4,1504.51461005574,1679.64805041547,2090.76,0.707620504797333,1243.9858271935702
2748,1439.952,0.709446284525123,0.901434752653103,2879.904,2020_kk_257,Kusko,2020,0.70920305211226,0.912769369512888,-3.32734307556537e-5,1504.51461005574,1679.64805041547,2090.76,0.707620504797333,1243.9858271935702
2749,1440.476,0.70885356007590306,0.896723432909324,2880.952,2020_kk_257,Kusko,2020,0.709186013173887,0.91284830667787,7.89371649815296e-5,1504.51461005574,1679.64805041547,2090.76,0.707620504797333,1243.9858271935702
2750,1441,0.711035166668693,0.900409873576472,2882,2020_kk_257,Kusko,2020,0.709202247085513,0.912491161912159,-3.571447657108e-4,1504.51461005574,1679.64805041547,2090.76,0.707620504797333,1243.9858271935702
2751,1441.524,0.710688343567192,0.8979230933434,2883.048,2020_kk_257,Kusko,2020,0.709207212884423,0.91177193906919,-7.1922284296943e-4,1504.51461005574,1679.64805041547,2090.76,0.707620504797333,1243.9858271935702
2752,1442.048,0.708490096572938,0.892560972380263,2884.096,2020_kk_257,Kusko,2020,0.709231860008258,0.911211777398681,-5.6016167050809e-4,1504.51461005574,1679.64805041547,2090.76,0.707620504797333,1243.9858271935702
2753,1442.572,0.707765052362584,0.888511682452764,2885.144,2020_kk_257,Kusko,2020,0.709227544624237,0.910649492602296,-5.6228479638553e-4,1504.51461005574,1679.64805041547,2090.76,0.707620504797333,1243.9858271935702
2754,1443.096,0.709916437197694,0.909034235513411,2886.192,2020_kk_257,Kusko,2020,0.709217014939547,0.910262476890706,-3.8701571158961e-4,1504.51461005574,1679.64805041547,2090.76,0.707620504797333,1243.9858271935702
2755,1443.62,0.70841273801522,0.924027211599237,2887.24,2020_kk_257,Kusko,2020,0.709225918774421,0.910057086416993,-2.0539047371359e-4,1504.51461005574,1679.64805041547,2090.76,0.707620504797333,1243.9858271935702
2756,1444.144,0.708751682874037,0.930358663100075,2888.288,2020_kk_257,Kusko,2020,0.709239976737441,0.909844374053809,-2.1271236318398e-4,1504.51461005574,1679.64805041547,2090.76,0.707620504797333,1243.9858271935702
2757,1444.668,0.708649902607028,0.935119325953374,2889.336,2020_kk_257,Kusko,2020,0.70923687340651,0.909584471924852,-2.5990212895621e-4,1504.51461005574,1679.64805041547,2090.76,0.707620504797333,1243.9858271935702
2758,1445.192,0.709519954369015,0.92533264899181,2890.384,2020_kk_257,Kusko,2020,0.709230942886004,0.90904154090592,-5.4293101893243e-4,1504.51461005574,1679.64805041547,2090.76,0.707620504797333,1243.9858271935702
2759,1445.716,0.709966381734423,0.912013343153375,2891.432,2020_kk_257,Kusko,2020,0.709231776110009,0.909026241822723,-1.52990831973066e-5,1504.51461005574,1679.64805041547,2090.76,0.707620504797333,1243.9858271935702
2760,1446.24,0.708157546533221,0.905204164136735,2892.48,2020_kk_257,Kusko,2020,0.709239954487519,0.90869193848844,-3.3430333428219e-4,1504.51461005574,1679.64805041547,2090.76,0.707620504797333,1243.9858271935702
2761,1446.764,0.709538711315881,0.900548670300947,2893.528,2020_kk_257,Kusko,2020,0.709223882530227,0.908423790970219,-2.6814751822157e-4,1504.51461005574,1679.64805041547,2090.76,0.707620504797333,1243.9858271935702
2762,1447.288,0.708749409425656,0.881800293816687,2894.576,2020_kk_257,Kusko,2020,0.709204497945434,0.908144874485789,-2.7891648443012e-4,1504.51461005574,1679.64805041547,2090.76,0.707620504797333,1243.9858271935702
2763,1447.812,0.708294487646072,0.881232890885222,2895.624,2020_kk_257,Kusko,2020,0.709239837576087,0.908156201284819,1.13267990299315e-5,1504.51461005574,1679.64805041547,2090.76,0.707620504797333,1243.9858271935702
2764,1448.336,0.709617153427482,0.890504624183465,2896.672,2020_kk_257,Kusko,2020,0.709243315128226,0.90815501714531,-1.1841395086698e-6,1504.51461005574,1679.64805041547,2090.76,0.707620504797333,1243.9858271935702
2765,1448.86,0.708613609360888,0.897567304589876,2897.72,2020_kk_257,Kusko,2020,0.709223252568473,0.90805578823544,-9.92289098697974e-5,1504.51461005574,1679.64805041547,2090.76,0.707620504797333,1243.9858271935702
2766,1449.384,0.710303248120542,0.906769626870753,2898.768,2020_kk_257,Kusko,2020,0.709218146679486,0.907931070968313,-1.2471726712759e-4,1504.51461005574,1679.64805041547,2090.76,0.707620504797333,1243.9858271935702
2767,1449.908,0.71042196879655,0.911242416403572,2899.816,2020_kk_257,Kusko,2020,0.70921553599521,0.907535864742791,-3.9520622552213e-4,1504.51461005574,1679.64805041547,2090.76,0.707620504797333,1243.9858271935702
2768,1450.432,0.709192996834728,0.907546434933175,2900.864,2020_kk_257,Kusko,2020,0.709194115438336,0.907105589368166,-4.3027537462436e-4,1504.51461005574,1679.64805041547,2090.76,0.707620504797333,1243.9858271935702
2769,1450.956,0.709861452811086,0.91597684154745,2901.912,2020_kk_257,Kusko,2020,0.709185859599145,0.906678665096862,-4.269242713043e-4,1504.51461005574,1679.64805041547,2090.76,0.707620504797333,1243.9858271935702
2770,1451.48,0.708655439178552,0.921332802000647,2902.96,2020_kk_257,Kusko,2020,0.709161511353629,0.906393958573962,-2.847065228998e-4,1504.51461005574,1679.64805041547,2090.76,0.707620504797333,1243.9858271935702
2771,1452.004,0.708765024086922,0.924580543674119,2904.008,2020_kk_257,Kusko,2020,0.709171911382863,0.906259270626084,-1.3468794787763e-4,1504.51461005574,1679.64805041547,2090.76,0.707620504797333,1243.9858271935702
2772,1452.528,0.709331425233407,0.921137298123502,2905.056,2020_kk_257,Kusko,2020,0.709130095023399,0.906140360731296,-1.1890989478868e-4,1504.51461005574,1679.64805041547,2090.76,0.707620504797333,1243.9858271935702
2773,1453.052,0.70994100632702,0.913972644957788,2906.104,2020_kk_257,Kusko,2020,0.709140303453691,0.905927240407737,-2.1312032355924e-4,1504.51461005574,1679.64805041547,2090.76,0.707620504797333,1243.9858271935702
2774,1453.576,0.70835646808825,0.905426467021048,2907.152,2020_kk_257,Kusko,2020,0.709111924317539,0.905748719267872,-1.7852113986471e-4,1504.51461005574,1679.64805041547,2090.76,0.707620504797333,1243.9858271935702
2775,1454.1,0.709333072441896,0.91002636106436,2908.2,2020_kk_257,Kusko,2020,0.709139459930309,0.905807526062549,5.88067946775128e-5,1504.51461005574,1679.64805041547,2090.76,0.707620504797333,1243.9858271935702
2776,1454.624,0.710064179512366,0.918016988554253,2909.248,2020_kk_257,Kusko,2020,0.709150569380114,0.905831179268786,2.36532062364292e-5,1504.51461005574,1679.64805041547,2090.76,0.707620504797333,1243.9858271935702
2777,1455.148,0.710018343752642,0.918048850709626,2910.296,2020_kk_257,Kusko,2020,0.709130301678013,0.905781873247749,-4.93060210371432e-5,1504.51461005574,1679.64805041547,2090.76,0.707620504797333,1243.9858271935702
2778,1455.672,0.7091078277044,0.912743109092514,2911.344,2020_kk_257,Kusko,2020,0.709127002360248,0.90603969952582,2.5782627807102e-4,1504.51461005574,1679.64805041547,2090.76,0.707620504797333,1243.9858271935702
2779,1456.196,0.708473463951403,0.914001693541255,2912.392,2020_kk_257,Kusko,2020,0.709126420335118,0.906305438771681,2.6573924586148e-4,1504.51461005574,1679.64805041547,2090.76,0.707620504797333,1243.9858271935702
2780,1456.72,0.70932181450896,0.893606339435704,2913.44,2020_kk_257,Kusko,2020,0.709075330797629,0.906721240745718,4.1580197403656e-4,1504.51461005574,1679.64805041547,2090.76,0.707620504797333,1243.9858271935702
2781,1457.244,0.709408821759906,0.886719695628379,2914.488,2020_kk_257,Kusko,2020,0.709055865662765,0.907140308220243,4.1906747452569e-4,1504.51461005574,1679.64805041547,2090.76,0.707620504797333,1243.9858271935702
2782,1457.768,0.711019257985854,0.902011375360498,2915.536,2020_kk_257,Kusko,2020,0.709063193639055,0.90759006068455,4.4975246430611e-4,1504.51461005574,1679.64805041547,2090.76,0.707620504797333,1243.9858271935702
2783,1458.292,0.708967685841107,0.896867218080287,2916.584,2020_kk_257,Kusko,2020,0.709086462355603,0.907844219985342,2.5415930079297e-4,1504.51461005574,1679.64805041547,2090.76,0.707620504797333,1243.9858271935702
2784,1458.816,0.709205006267072,0.900017664107593,2917.632,2020_kk_257,Kusko,2020,0.709069000314151,0.90772561718295,-1.186028023925e-4,1504.51461005574,1679.64805041547,2090.76,0.707620504797333,1243.9858271935702
2785,1459.34,0.708987745130688,0.907221305062733,2918.68,2020_kk_257,Kusko,2020,0.709087855119099,0.907399839369801,-3.2577781314935e-4,1504.51461005574,1679.64805041547,2090.76,0.707620504797333,1243.9858271935702
2786,1459.864,0.709599617970181,0.908241808922589,2919.728,2020_kk_257,Kusko,2020,0.70907815973847,0.906962042444643,-4.3779692515788e-4,1504.51461005574,1679.64805041547,2090.76,0.707620504797333,1243.9858271935702
2787,1460.388,0.708393992898662,0.907328638169179,2920.776,2020_kk_257,Kusko,2020,0.709103440116257,0.906475280092264,-4.867623523791e-4,1504.51461005574,1679.64805041547,2090.76,0.707620504797333,1243.9858271935702
2788,1460.912,0.708200751694782,0.8944828562463,2921.824,2020_kk_257,Kusko,2020,0.709114042806349,0.906195997354124,-2.7928273813937e-4,1504.51461005574,1679.64805041547,2090.76,0.707620504797333,1243.9858271935702
2789,1461.436,0.708808914562632,0.91266916967041,2922.872,2020_kk_257,Kusko,2020,0.709108968405288,0.906273188440534,7.71910864093561e-5,1504.51461005574,1679.64805041547,2090.76,0.707620504797333,1243.9858271935702
2790,1461.96,0.708535626012896,0.894736675255994,2923.92,2020_kk_257,Kusko,2020,0.709106959308365,0.906639250028603,3.660615880694e-4,1504.51461005574,1679.64805041547,2090.76,0.707620504797333,1243.9858271935702
2791,1462.484,0.709130681827703,0.901972467606397,2924.968,2020_kk_257,Kusko,2020,0.709068695971042,0.906991147428801,3.5189740019847e-4,1504.51461005574,1679.64805041547,2090.76,0.707620504797333,1243.9858271935702
2792,1463.008,0.70908369471167,0.899788379367927,2926.016,2020_kk_257,Kusko,2020,0.709053980065087,0.907812163459942,8.2101603114037e-4,1504.51461005574,1679.64805041547,2090.76,0.707620504797333,1243.9858271935702
2793,1463.532,0.709135416646958,0.900795744836188,2927.064,2020_kk_257,Kusko,2020,0.709077776303728,0.908524049458183,7.1188599824068e-4,1504.51461005574,1679.64805041547,2090.76,0.707620504797333,1243.9858271935702
2794,1464.056,0.708916572137437,0.906284635165317,2928.112,2020_kk_257,Kusko,2020,0.709082622411964,0.909028904431861,5.0485497367813e-4,1504.51461005574,1679.64805041547,2090.76,0.707620504797333,1243.9858271935702
2795,1464.58,0.709199429128449,0.904766551282231,2929.16,2020_kk_257,Kusko,2020,0.709072501725844,0.909422945062342,3.9404063048109e-4,1504.51461005574,1679.64805041547,2090.76,0.707620504797333,1243.9858271935702
2796,1465.104,0.709701522203677,0.913078302328836,2930.208,2020_kk_257,Kusko,2020,0.709063222019167,0.909684027316541,2.6108225419885e-4,1504.51461005574,1679.64805041547,2090.76,0.707620504797333,1243.9858271935702
2797,1465.628,0.708446276836724,0.903415164949146,2931.256,2020_kk_257,Kusko,2020,0.70903362859831,0.909850282292777,1.6625497623645e-4,1504.51461005574,1679.64805041547,2090.76,0.707620504797333,1243.9858271935702
2798,1466.152,0.708155620214264,0.899433851506666,2932.304,2020_kk_257,Kusko,2020,0.709050035439317,0.909922851995102,7.25697023246097e-5,1504.51461005574,1679.64805041547,2090.76,0.707620504797333,1243.9858271935702
2799,1466.676,0.707849363684969,0.901488446307267,2933.352,2020_kk_257,Kusko,2020,0.709076816999133,0.909807486986075,-1.1536500902664e-4,1504.51461005574,1679.64805041547,2090.76,0.707620504797333,1243.9858271935702
2800,1467.2,0.709078750949849,0.906387759913595,2934.4,2020_kk_257,Kusko,2020,0.709098785839451,0.909685123172114,-1.223638139608e-4,1504.51461005574,1679.64805041547,2090.76,0.707620504797333,1243.9858271935702
2801,1467.724,0.709123627243917,0.905591579169898,2935.448,2020_kk_257,Kusko,2020,0.709106725834162,0.909482684893931,-2.0243827818311e-4,1504.51461005574,1679.64805041547,2090.76,0.707620504797333,1243.9858271935702
2802,1468.248,0.707754890694262,0.901378995969845,2936.496,2020_kk_257,Kusko,2020,0.709106602850332,0.909414154175266,-6.85307186655271e-5,1504.51461005574,1679.64805041547,2090.76,0.707620504797333,1243.9858271935702
2803,1468.772,0.709217733428116,0.896563497341122,2937.544,2020_kk_257,Kusko,2020,0.709104151026539,0.909299463501571,-1.1469067369485e-4,1504.51461005574,1679.64805041547,2090.76,0.707620504797333,1243.9858271935702
2804,1469.296,0.708420657011141,0.903085022645748,2938.592,2020_kk_257,Kusko,2020,0.709110177317252,0.909529527740668,2.3006423909743e-4,1504.51461005574,1679.64805041547,2090.76,0.707620504797333,1243.9858271935702
2805,1469.82,0.70978758649262,0.90484958417704,2939.64,2020_kk_257,Kusko,2020,0.709109521429347,0.909617960500591,8.8432759922541e-5,1504.51461005574,1679.64805041547,2090.76,0.707620504797333,1243.9858271935702
2806,1470.344,0.709605910209793,0.914303971633772,2940.688,2020_kk_257,Kusko,2020,0.709084332789019,0.90946127240671,-1.5668809388125e-4,1504.51461005574,1679.64805041547,2090.76,0.707620504797333,1243.9858271935702
2807,1470.868,0.708468697507597,0.908696432690711,2941.736,2020_kk_257,Kusko,2020,0.709060251389266,0.909364195406099,-9.70770006109012e-5,1504.51461005574,1679.64805041547,2090.76,0.707620504797333,1243.9858271935702
2808,1471.392,0.709248325459249,0.916904329337363,2942.784,2020_kk_257,Kusko,2020,0.709100954087036,0.909283291940456,-8.0903465642379e-5,1504.51461005574,1679.64805041547,2090.76,0.707620504797333,1243.9858271935702
2809,1471.916,0.70881863856809,0.912667787661013,2943.832,2020_kk_257,Kusko,2020,0.709135521013827,0.909120197405171,-1.6309453528518e-4,1504.51461005574,1679.64805041547,2090.76,0.707620504797333,1243.9858271935702
2810,1472.44,0.707969794419365,0.925357992018668,2944.88,2020_kk_257,Kusko,2020,0.709123110402741,0.909357722202734,2.3752479756344e-4,1504.51461005574,1679.64805041547,2090.76,0.707620504797333,1243.9858271935702
2811,1472.964,0.709520435475311,0.923067141814942,2945.928,2020_kk_257,Kusko,2020,0.7091436431208,0.910100930959832,7.4320875709788e-4,1504.51461005574,1679.64805041547,2090.76,0.707620504797333,1243.9858271935702
2812,1473.488,0.70892977515035,0.919546120238632,2946.976,2020_kk_257,Kusko,2020,0.709128866998707,0.91072005777609,6.1912681625797e-4,1504.51461005574,1679.64805041547,2090.76,0.707620504797333,1243.9858271935702
2813,1474.012,0.709161175355488,0.903761240500345,2948.024,2020_kk_257,Kusko,2020,0.709133282700425,0.911407270240742,6.8721246465142e-4,1504.51461005574,1679.64805041547,2090.76,0.707620504797333,1243.9858271935702
2814,1474.536,0.708868714710581,0.901918067369861,2949.072,2020_kk_257,Kusko,2020,0.709140630783472,0.912045853582757,6.3858334201505e-4,1504.51461005574,1679.64805041547,2090.76,0.707620504797333,1243.9858271935702
2815,1475.06,0.709544026312109,0.904480542810277,2950.12,2020_kk_257,Kusko,2020,0.709147756830458,0.912484790720728,4.3893713797116e-4,1504.51461005574,1679.64805041547,2090.76,0.707620504797333,1243.9858271935702
2816,1475.584,0.70816996003625,0.904090847590595,2951.168,2020_kk_257,Kusko,2020,0.709127460149739,0.912651907036969,1.6711631624055e-4,1504.51461005574,1679.64805041547,2090.76,0.707620504797333,1243.9858271935702
2817,1476.108,0.71016672527426306,0.905913584810626,2952.216,2020_kk_257,Kusko,2020,0.709147543727589,0.912703517514027,5.16104770587056e-5,1504.51461005574,1679.64805041547,2090.76,0.707620504797333,1243.9858271935702
2818,1476.632,0.710156115774539,0.908575684703447,2953.264,2020_kk_257,Kusko,2020,0.709179154008058,0.912958858210218,2.553406961907e-4,1504.51461005574,1679.64805041547,2090.76,0.707620504797333,1243.9858271935702
2819,1477.156,0.709661917670766,0.916644808337943,2954.312,2020_kk_257,Kusko,2020,0.709188090172474,0.9127845684507,-1.7428975951761e-4,1504.51461005574,1679.64805041547,2090.76,0.707620504797333,1243.9858271935702
2820,1477.68,0.708037000717836,0.927167859420896,2955.36,2020_kk_257,Kusko,2020,0.709196058706195,0.913013263801347,2.2869535064706e-4,1504.51461005574,1679.64805041547,2090.76,0.707620504797333,1243.9858271935702
2821,1478.204,0.7072429110765,0.921662514312856,2956.408,2020_kk_257,Kusko,2020,0.709203603442735,0.913003011231177,-1.02525701699552e-5,1504.51461005574,1679.64805041547,2090.76,0.707620504797333,1243.9858271935702
2822,1478.728,0.70786645506836,0.93106125568511,2957.456,2020_kk_257,Kusko,2020,0.709210144501125,0.913053183368973,5.01721377956788e-5,1504.51461005574,1679.64805041547,2090.76,0.707620504797333,1243.9858271935702
2823,1479.252,0.709722261964535,0.923946050779664,2958.504,2020_kk_257,Kusko,2020,0.709238158483198,0.913141647305966,8.84639369930218e-5,1504.51461005574,1679.64805041547,2090.76,0.707620504797333,1243.9858271935702
2824,1479.776,0.709907919921628,0.920795922604157,2959.552,2020_kk_257,Kusko,2020,0.709257531976964,0.913212097127836,7.04498218699889e-5,1504.51461005574,1679.64805041547,2090.76,0.707620504797333,1243.9858271935702
2825,1480.3,0.708006368193695,0.921209742418738,2960.6,2020_kk_257,Kusko,2020,0.709240070841197,0.913427558780489,2.1546165265284e-4,1504.51461005574,1679.64805041547,2090.76,0.707620504797333,1243.9858271935702
2826,1480.824,0.709746465719926,0.922434562122684,2961.648,2020_kk_257,Kusko,2020,0.709223829457437,0.913656209838964,2.2865105847524e-4,1504.51461005574,1679.64805041547,2090.76,0.707620504797333,1243.9858271935702
2827,1481.348,0.70864636354511,0.921217714977762,2962.696,2020_kk_257,Kusko,2020,0.709255308583014,0.914218050675821,5.6184083685706e-4,1504.51461005574,1679.64805041547,2090.76,0.707620504797333,1243.9858271935702
2828,1481.872,0.710177407295195,0.911900617072646,2963.744,2020_kk_257,Kusko,2020,0.709293542986903,0.914808005923196,5.8995524737481e-4,1504.51461005574,1679.64805041547,2090.76,0.707620504797333,1243.9858271935702
2829,1482.396,0.711468346400054,0.909054941005854,2964.792,2020_kk_257,Kusko,2020,0.70930720071994,0.915388511770921,5.8050584772528e-4,1504.51461005574,1679.64805041547,2090.76,0.707620504797333,1243.9858271935702
2830,1482.92,0.70997356959759,0.913990973163003,2965.84,2020_kk_257,Kusko,2020,0.70931566535733,0.916051813843257,6.6330207233511e-4,1504.51461005574,1679.64805041547,2090.76,0.707620504797333,1243.9858271935702
2831,1483.444,0.7092414237696,0.91243424698313,2966.888,2020_kk_257,Kusko,2020,0.709330018362248,0.916629988416016,5.7817457275988e-4,1504.51461005574,1679.64805041547,2090.76,0.707620504797333,1243.9858271935702
2832,1483.968,0.709324046203582,0.917025455003565,2967.936,2020_kk_257,Kusko,2020,0.709370763497046,0.917309294346186,6.7930593017007e-4,1504.51461005574,1679.64805041547,2090.76,0.707620504797333,1243.9858271935702
2833,1484.492,0.709793896899445,0.907091204536104,2968.984,2020_kk_257,Kusko,2020,0.709377460509758,0.917956214558208,6.4692021202139e-4,1504.51461005574,1679.64805041547,2090.76,0.707620504797333,1243.9858271935702
2834,1485.016,0.708718045531048,0.919230321366894,2970.032,2020_kk_257,Kusko,2020,0.709369556477692,0.918757501127617,8.0128656940869e-4,1504.51461005574,1679.64805041547,2090.76,0.707620504797333,1243.9858271935702
2835,1485.54,0.709293719167603,0.915332326659711,2971.08,2020_kk_257,Kusko,2020,0.709356501488908,0.919556675859128,7.9917473151192e-4,1504.51461005574,1679.64805041547,2090.76,0.707620504797333,1243.9858271935702
2836,1486.064,0.70855286109267,0.908615702921375,2972.128,2020_kk_257,Kusko,2020,0.709352307944543,0.919976150502248,4.1947464311953e-4,1504.51461005574,1679.64805041547,2090.76,0.707620504797333,1243.9858271935702
2837,1486.588,0.70857345976745,0.91222423067297,2973.176,2020_kk_257,Kusko,2020,0.709359549978683,0.920572675159817,5.9652465756943e-4,1504.51461005574,1679.64805041547,2090.76,0.707620504797333,1243.9858271935702
2838,1487.112,0.711549989570594,0.907888901153969,2974.224,2020_kk_257,Kusko,2020,0.709369175285808,0.920974489817521,4.0181465770317e-4,1504.51461005574,1679.64805041547,2090.76,0.707620504797333,1243.9858271935702
2839,1487.636,0.710547479558894,0.904216021424146,2975.272,2020_kk_257,Kusko,2020,0.70939021792499,0.921356736992872,3.822471753514e-4,1504.51461005574,1679.64805041547,2090.76,0.707620504797333,1243.9858271935702
2840,1488.16,0.708577177843817,0.907857827289511,2976.32,2020_kk_257,Kusko,2020,0.709410309201377,0.921295428870366,-6.1308122506265e-5,1504.51461005574,1679.64805041547,2090.76,0.707620504797333,1243.9858271935702
2841,1488.684,0.710640784843413,0.931312221054257,2977.368,2020_kk_257,Kusko,2020,0.709416052762145,0.921462156644528,1.667277741626e-4,1504.51461005574,1679.64805041547,2090.76,0.707620504797333,1243.9858271935702
2842,1489.208,0.710132690660282,0.93915898433597,2978.416,2020_kk_257,Kusko,2020,0.70942052203219,0.921887570164166,4.2541351963798e-4,1504.51461005574,1679.64805041547,2090.76,0.707620504797333,1243.9858271935702
2843,1489.732,0.709232627944218,0.938099965959375,2979.464,2020_kk_257,Kusko,2020,0.709424030603972,0.922493075479316,6.0550531514935e-4,1504.51461005574,1679.64805041547,2090.76,0.707620504797333,1243.9858271935702
2844,1490.256,0.709645891249879,0.938332664628496,2980.512,2020_kk_257,Kusko,2020,0.709429634781474,0.922744086588275,2.5101110895964e-4,1504.51461005574,1679.64805041547,2090.76,0.707620504797333,1243.9858271935702
2845,1490.78,0.709415307949862,0.933557533341006,2981.56,2020_kk_257,Kusko,2020,0.7093990918571,0.922652639849771,-9.14467385040307e-5,1504.51461005574,1679.64805041547,2090.76,0.707620504797333,1243.9858271935702
2846,1491.304,0.708381817127032,0.918268787897018,2982.608,2020_kk_257,Kusko,2020,0.70941792907373,0.922758616497026,1.0597664725497e-4,1504.51461005574,1679.64805041547,2090.76,0.707620504797333,1243.9858271935702
2847,1491.828,0.70959900756965,0.9104252667927,2983.656,2020_kk_257,Kusko,2020,0.709375262119858,0.923242123997955,4.8350750092918e-4,1504.51461005574,1679.64805041547,2090.76,0.707620504797333,1243.9858271935702
2848,1492.352,0.710097368522926,0.909803298017743,2984.704,2020_kk_257,Kusko,2020,0.709379792509513,0.92381538476219,5.7326076423425e-4,1504.51461005574,1679.64805041547,2090.76,0.707620504797333,1243.9858271935702
2849,1492.876,0.709345084427585,0.902211784099354,2985.752,2020_kk_257,Kusko,2020,0.709367475482925,0.924427573194371,6.1218843218124e-4,1504.51461005574,1679.64805041547,2090.76,0.707620504797333,1243.9858271935702
2850,1493.4,0.709013738036161,0.908458396294812,2986.8,2020_kk_257,Kusko,2020,0.709361332936737,0.924956634306227,5.2906111185635e-4,1504.51461005574,1679.64805041547,2090.76,0.707620504797333,1243.9858271935702
2851,1493.924,0.709583366020135,0.901357313396199,2987.848,2020_kk_257,Kusko,2020,0.709374048268922,0.925681727485661,7.2509317943381e-4,1504.51461005574,1679.64805041547,2090.76,0.707620504797333,1243.9858271935702
2852,1494.448,0.709476158215013,0.902798707635672,2988.896,2020_kk_257,Kusko,2020,0.709421183655003,0.926478425106458,7.9669762079703e-4,1504.51461005574,1679.64805041547,2090.76,0.707620504797333,1243.9858271935702
2853,1494.972,0.710816255571377,0.906103581055767,2989.944,2020_kk_257,Kusko,2020,0.70940633596825,0.927449412862136,9.7098775567783e-4,1504.51461005574,1679.64805041547,2090.76,0.707620504797333,1243.9858271935702
2854,1495.496,0.710078981763372,0.910511624477519,2990.992,2020_kk_257,Kusko,2020,0.709381683920117,0.928413186571732,9.6377370959599e-4,1504.51461005574,1679.64805041547,2090.76,0.707620504797333,1243.9858271935702
2855,1496.02,0.708151760982422,0.917694250441403,2992.04,2020_kk_257,Kusko,2020,0.709397290040636,0.929040192128862,6.2700555713046e-4,1504.51461005574,1679.64805041547,2090.76,0.707620504797333,1243.9858271935702
2856,1496.544,0.708727039178128,0.926797365837352,2993.088,2020_kk_257,Kusko,2020,0.709390663346483,0.929459956810774,4.197646819114e-4,1504.51461005574,1679.64805041547,2090.76,0.707620504797333,1243.9858271935702
2857,1497.068,0.710335024371317,0.93712561516057,2994.136,2020_kk_257,Kusko,2020,0.709419711500614,0.929627706035243,1.6774922446904e-4,1504.51461005574,1679.64805041547,2090.76,0.707620504797333,1243.9858271935702
2858,1497.592,0.710449684447578,0.934831166349149,2995.184,2020_kk_257,Kusko,2020,0.709404799474726,0.930068234346153,4.405283109099e-4,1504.51461005574,1679.64805041547,2090.76,0.707620504797333,1243.9858271935702
2859,1498.116,0.708668827667184,0.936318797170786,2996.232,2020_kk_257,Kusko,2020,0.709395285138436,0.930351445835604,2.8321148945098e-4,1504.51461005574,1679.64805041547,2090.76,0.707620504797333,1243.9858271935702
2860,1498.64,0.709586629193267,0.946185884253695,2997.28,2020_kk_257,Kusko,2020,0.709376224135166,0.930508957675617,1.5751184001278e-4,1504.51461005574,1679.64805041547,2090.76,0.707620504797333,1243.9858271935702
2861,1499.164,0.709984807538997,0.940282053535492,2998.328,2020_kk_257,Kusko,2020,0.709369755805316,0.930881182511518,3.7222483590093e-4,1504.51461005574,1679.64805041547,2090.76,0.707620504797333,1243.9858271935702
2862,1499.688,0.710199598782158,0.942137351780047,2999.376,2020_kk_257,Kusko,2020,0.709364802208025,0.931463116618019,5.8193410650175e-4,1504.51461005574,1679.64805041547,2090.76,0.707620504797333,1243.9858271935702
2863,1500.212,0.709619554190841,0.935378710062405,3000.424,2020_kk_257,Kusko,2020,0.709377543376524,0.932196542220668,7.3342560264877e-4,1504.51461005574,1679.64805041547,2090.76,0.707620504797333,1243.9858271935702
2864,1500.736,0.707946415087139,0.95116221681027,3001.472,2020_kk_257,Kusko,2020,0.709379157499497,0.93279550200273,5.9895978206225e-4,1504.51461005574,1679.64805041547,2090.76,0.707620504797333,1243.9858271935702
2865,1501.26,0.709004287165598,0.952800068067754,3002.52,2020_kk_257,Kusko,2020,0.709373232228086,0.933715086268694,9.1958426596339e-4,1504.51461005574,1679.64805041547,2090.76,0.707620504797333,1243.9858271935702
2866,1501.784,0.709354297547931,0.939472450220951,3003.568,2020_kk_257,Kusko,2020,0.709355039327964,0.93484724659765,0.0011321603289558,1504.51461005574,1679.64805041547,2090.76,0.707620504797333,1243.9858271935702
2867,1502.308,0.708903219555953,0.94448791214487,3004.616,2020_kk_257,Kusko,2020,0.70937844133844,0.935948084764514,0.00110083816686457,1504.51461005574,1679.64805041547,2090.76,0.707620504797333,1243.9858271935702
2868,1502.832,0.709825843886749,0.94101320879955,3005.664,2020_kk_257,Kusko,2020,0.709351901886879,0.937302414979806,0.00135433021529241,1504.51461005574,1679.64805041547,2090.76,0.707620504797333,1243.9858271935702
2869,1503.356,0.710081196919057,0.935602618182098,3006.712,2020_kk_257,Kusko,2020,0.709329974147618,0.938736563449373,0.00143414846956624,1504.51461005574,1679.64805041547,2090.76,0.707620504797333,1243.9858271935702
2870,1503.88,0.709175271002576,0.921679504668289,3007.76,2020_kk_257,Kusko,2020,0.709340266079986,0.940046329032165,0.00130976558279194,1504.51461005574,1679.64805041547,2090.76,0.707620504797333,1243.9858271935702
2871,1504.404,0.709865049121395,0.933070808264696,3008.808,2020_kk_257,Kusko,2020,0.709314196004858,0.940993391141454,9.4706210928896e-4,1504.51461005574,1679.64805041547,2090.76,0.707620504797333,1243.9858271935702
2872,1504.928,0.709197931353024,0.945070931416909,3009.856,2020_kk_257,Kusko,2020,0.70930516827989,0.941550297701339,5.5690655988549e-4,1504.51461005574,1679.64805041547,2090.76,0.707620504797333,1243.9858271935702
2873,1505.452,0.709371689662394,0.940091559409306,3010.904,2020_kk_257,Kusko,2020,0.709332533873439,0.941856501595282,3.062038939432e-4,1504.51461005574,1679.64805041547,2090.76,0.707620504797333,1243.9858271935702
2874,1505.976,0.709204965360739,0.916978733907439,3011.952,2020_kk_257,Kusko,2020,0.709314234585386,0.94204532951205,1.8882791676755e-4,1504.51461005574,1679.64805041547,2090.76,0.707620504797333,1243.9858271935702
2875,1506.5,0.707711450849652,0.898993738500037,3013,2020_kk_257,Kusko,2020,0.709302399843458,0.94284337616224,7.9804665019023e-4,1504.51461005574,1679.64805041547,2090.76,0.707620504797333,1243.9858271935702
2876,1507.024,0.709300193034047,0.910449446425896,3014.048,2020_kk_257,Kusko,2020,0.709300437934646,0.943923116410411,0.00107974024817137,1504.51461005574,1679.64805041547,2090.76,0.707620504797333,1243.9858271935702
2877,1507.548,0.707606708041924,0.934924034866376,3015.096,2020_kk_257,Kusko,2020,0.709281502395773,0.945159176343233,0.00123605993282117,1504.51461005574,1679.64805041547,2090.76,0.707620504797333,1243.9858271935702
2878,1508.072,0.710427939153874,0.942971330557499,3016.144,2020_kk_257,Kusko,2020,0.709266700286543,0.946240698031102,0.00108152168786946,1504.51461005574,1679.64805041547,2090.76,0.707620504797333,1243.9858271935702
2879,1508.596,0.708922896075467,0.953376114268817,3017.192,2020_kk_257,Kusko,2020,0.709275561248918,0.947423180555251,0.00118248252414854,1504.51461005574,1679.64805041547,2090.76,0.707620504797333,1243.9858271935702
2880,1509.12,0.707668447946563,0.958911526132283,3018.24,2020_kk_257,Kusko,2020,0.709300772530989,0.948714855830538,0.00129167527528729,1504.51461005574,1679.64805041547,2090.76,0.707620504797333,1243.9858271935702
2881,1509.644,0.708005831007621,0.96516810507888,3019.288,2020_kk_257,Kusko,2020,0.709300078075966,0.950025784667447,0.00131092883690942,1504.51461005574,1679.64805041547,2090.76,0.707620504797333,1243.9858271935702
2882,1510.168,0.710694578233208,0.978863112932934,3020.336,2020_kk_257,Kusko,2020,0.709305277954921,0.951398703684219,0.00137291901677139,1504.51461005574,1679.64805041547,2090.76,0.707620504797333,1243.9858271935702
2883,1510.692,0.70883140075938,0.982205316120332,3021.384,2020_kk_257,Kusko,2020,0.709283261816898,0.952723360329073,0.00132465664485404,1504.51461005574,1679.64805041547,2090.76,0.707620504797333,1243.9858271935702
2884,1511.216,0.708428797033611,0.978622345179924,3022.432,2020_kk_257,Kusko,2020,0.709280798260557,0.954099494186265,0.0013761338571926,1504.51461005574,1679.64805041547,2090.76,0.707620504797333,1243.9858271935702
2885,1511.74,0.708942735424872,0.958830075846561,3023.48,2020_kk_257,Kusko,2020,0.709301486551477,0.955343851167064,0.00124435698079906,1504.51461005574,1679.64805041547,2090.76,0.707620504797333,1243.9858271935702
2886,1512.264,0.7093488640707,0.94762044303737,3024.528,2020_kk_257,Kusko,2020,0.709299271886485,0.956407045452168,0.00106319428510393,1504.51461005574,1679.64805041547,2090.76,0.707620504797333,1243.9858271935702
2887,1512.788,0.710389252792998,0.931282668445904,3025.576,2020_kk_257,Kusko,2020,0.709291903849153,0.957412704666567,0.00100565921439832,1504.51461005574,1679.64805041547,2090.76,0.707620504797333,1243.9858271935702
2888,1513.312,0.709282685741898,0.938332315727234,3026.624,2020_kk_257,Kusko,2020,0.709261882098195,0.958499816588268,0.00108711192170141,1504.51461005574,1679.64805041547,2090.76,0.707620504797333,1243.9858271935702
2889,1513.836,0.710897486222655,0.926047630372917,3027.672,2020_kk_257,Kusko,2020,0.709270037633191,0.959428741951696,9.2892536342748e-4,1504.51461005574,1679.64805041547,2090.76,0.707620504797333,1243.9858271935702
2890,1514.36,0.708829909401412,0.923441683563767,3028.72,2020_kk_257,Kusko,2020,0.709261138707438,0.959824531917784,3.9578996608813e-4,1504.51461005574,1679.64805041547,2090.76,0.707620504797333,1243.9858271935702
2891,1514.884,0.708853323978582,0.934767737137183,3029.768,2020_kk_257,Kusko,2020,0.709254807866084,0.960260653990863,4.3612207307886e-4,1504.51461005574,1679.64805041547,2090.76,0.707620504797333,1243.9858271935702
2892,1515.408,0.709026830366108,0.951941501393675,3030.816,2020_kk_257,Kusko,2020,0.709235154792993,0.960832606148001,5.7195215713801e-4,1504.51461005574,1679.64805041547,2090.76,0.707620504797333,1243.9858271935702
2893,1515.932,0.7105583670094,0.951096740695031,3031.864,2020_kk_257,Kusko,2020,0.709219246182168,0.961725746533819,8.9314038581811e-4,1504.51461005574,1679.64805041547,2090.76,0.707620504797333,1243.9858271935702
2894,1516.456,0.708814892909405,0.955167908290634,3032.912,2020_kk_257,Kusko,2020,0.709242457456369,0.962505651865963,7.7990533214433e-4,1504.51461005574,1679.64805041547,2090.76,0.707620504797333,1243.9858271935702
2895,1516.98,0.70893820288298,0.970507382617514,3033.96,2020_kk_257,Kusko,2020,0.709255987817754,0.963345186723245,8.3953485728183e-4,1504.51461005574,1679.64805041547,2090.76,0.707620504797333,1243.9858271935702
2896,1517.504,0.707461287085296,0.976545322658717,3035.008,2020_kk_257,Kusko,2020,0.709254797806348,0.96458407788523,0.0012388911619855,1504.51461005574,1679.64805041547,2090.76,0.707620504797333,1243.9858271935702
2897,1518.028,0.709977580396012,0.978274520684848,3036.056,2020_kk_257,Kusko,2020,0.709272034825774,0.965534564775846,9.5048689061594e-4,1504.51461005574,1679.64805041547,2090.76,0.707620504797333,1243.9858271935702
2898,1518.552,0.709957622476944,0.989148714071514,3037.104,2020_kk_257,Kusko,2020,0.70924996484958,0.966268338320652,7.337735448053e-4,1504.51461005574,1679.64805041547,2090.76,0.707620504797333,1243.9858271935702
2899,1519.076,0.709231815203236,0.990264929598117,3038.152,2020_kk_257,Kusko,2020,0.70924435843125,0.967012847157376,7.445088367245e-4,1504.51461005574,1679.64805041547,2090.76,0.707620504797333,1243.9858271935702
2900,1519.6,0.709194693785888,0.98644376225703,3039.2,2020_kk_257,Kusko,2020,0.709222877035253,0.967895543603676,8.8269644629956e-4,1504.51461005574,1679.64805041547,2090.76,0.707620504797333,1243.9858271935702
2901,1520.124,0.709076580335729,0.988135947611589,3040.248,2020_kk_257,Kusko,2020,0.709184676770996,0.968612037267211,7.164936635351e-4,1504.51461005574,1679.64805041547,2090.76,0.707620504797333,1243.9858271935702
2902,1520.648,0.709591027162226,0.972573377929103,3041.296,2020_kk_257,Kusko,2020,0.709181436173079,0.969222928628289,6.1089136107817e-4,1504.51461005574,1679.64805041547,2090.76,0.707620504797333,1243.9858271935702
2903,1521.172,0.710874563557152,0.956472199595966,3042.344,2020_kk_257,Kusko,2020,0.70919587270111,0.970016914740729,7.9398611243963e-4,1504.51461005574,1679.64805041547,2090.76,0.707620504797333,1243.9858271935702
2904,1521.696,0.708547933966724,0.949662339634551,3043.392,2020_kk_257,Kusko,2020,0.70919685801497,0.971140086199016,0.00112317145828766,1504.51461005574,1679.64805041547,2090.76,0.707620504797333,1243.9858271935702
2905,1522.22,0.708705223434149,0.981440332352416,3044.44,2020_kk_257,Kusko,2020,0.709238720535483,0.972093837695684,9.5375149666809e-4,1504.51461005574,1679.64805041547,2090.76,0.707620504797333,1243.9858271935702
2906,1522.744,0.708264102598356,0.983053202787298,3045.488,2020_kk_257,Kusko,2020,0.709252569850502,0.972521207656353,4.2736996066816e-4,1504.51461005574,1679.64805041547,2090.76,0.707620504797333,1243.9858271935702
2907,1523.268,0.708462875237265,0.984588862761973,3046.536,2020_kk_257,Kusko,2020,0.709290497199726,0.972442201684328,-7.90059720247038e-5,1504.51461005574,1679.64805041547,2090.76,0.707620504797333,1243.9858271935702
2908,1523.792,0.709209241969091,0.974694599289905,3047.584,2020_kk_257,Kusko,2020,0.709258604742296,0.972422061023094,-2.01406612336807e-5,1504.51461005574,1679.64805041547,2090.76,0.707620504797333,1243.9858271935702
2909,1524.316,0.709876742170101,0.973160735548268,3048.632,2020_kk_257,Kusko,2020,0.709255693826174,0.972495769864418,7.37088413235165e-5,1504.51461005574,1679.64805041547,2090.76,0.707620504797333,1243.9858271935702
2910,1524.84,0.7105264149604,0.985958912812053,3049.68,2020_kk_257,Kusko,2020,0.709273096459568,0.972431213992286,-6.45558721316108e-5,1504.51461005574,1679.64805041547,2090.76,0.707620504797333,1243.9858271935702
2911,1525.364,0.709541698718767,0.980013043610762,3050.728,2020_kk_257,Kusko,2020,0.709305241646883,0.972247122968127,-1.840910241595e-4,1504.51461005574,1679.64805041547,2090.76,0.707620504797333,1243.9858271935702
2912,1525.888,0.709788150952292,0.985173848641952,3051.776,2020_kk_257,Kusko,2020,0.709303429183465,0.971963018556538,-2.8410441158843e-4,1504.51461005574,1679.64805041547,2090.76,0.707620504797333,1243.9858271935702
2913,1526.412,0.709495287290015,0.985582979747015,3052.824,2020_kk_257,Kusko,2020,0.709319405062975,0.971745210258329,-2.1780829820916e-4,1504.51461005574,1679.64805041547,2090.76,0.707620504797333,1243.9858271935702
2914,1526.936,0.709931168382902,0.993079655909075,3053.872,2020_kk_257,Kusko,2020,0.709334790959398,0.971580100320433,-1.6510993789631e-4,1504.51461005574,1679.64805041547,2090.76,0.707620504797333,1243.9858271935702
2915,1527.46,0.70939305843764,0.992355669289344,3054.92,2020_kk_257,Kusko,2020,0.709355329602167,0.971497098264242,-8.30020561909395e-5,1504.51461005574,1679.64805041547,2090.76,0.707620504797333,1243.9858271935702
2916,1527.984,0.708594159278589,0.990589022943586,3055.968,2020_kk_257,Kusko,2020,0.709354200924871,0.971512842356908,1.57440926668029e-5,1504.51461005574,1679.64805041547,2090.76,0.707620504797333,1243.9858271935702
2917,1528.508,0.709892942131437,0.997465168024472,3057.016,2020_kk_257,Kusko,2020,0.709325333442595,0.971906132106919,3.9328975001085e-4,1504.51461005574,1679.64805041547,2090.76,0.707620504797333,1243.9858271935702
2918,1529.032,0.708648379390074,1.00005788165123,3058.064,2020_kk_257,Kusko,2020,0.709333834187723,0.972604042973901,6.9791086698145e-4,1504.51461005574,1679.64805041547,2090.76,0.707620504797333,1243.9858271935702
2919,1529.556,0.709158159766921,0.992054318976439,3059.112,2020_kk_257,Kusko,2020,0.70929267289605,0.973457967516702,8.5392454280086e-4,1504.51461005574,1679.64805041547,2090.76,0.707620504797333,1243.9858271935702
2920,1530.08,0.709052693648131,0.969933282218986,3060.16,2020_kk_257,Kusko,2020,0.709296433708256,0.974124567996929,6.6660048022759e-4,1504.51461005574,1679.64805041547,2090.76,0.707620504797333,1243.9858271935702
2921,1530.604,0.709604957057739,0.966449377920225,3061.208,2020_kk_257,Kusko,2020,0.709290722365482,0.974509398782487,3.8483078555762e-4,1504.51461005574,1679.64805041547,2090.76,0.707620504797333,1243.9858271935702
2922,1531.128,0.709020414396719,0.976454481208326,3062.256,2020_kk_257,Kusko,2020,0.709317098360964,0.974687541187726,1.781424052395e-4,1504.51461005574,1679.64805041547,2090.76,0.707620504797333,1243.9858271935702
2923,1531.652,0.708665037541333,0.988967133211491,3063.304,2020_kk_257,Kusko,2020,0.709292947603435,0.974923824623852,2.3628343612558e-4,1504.51461005574,1679.64805041547,2090.76,0.707620504797333,1243.9858271935702
2924,1532.176,0.709339091539157,0.997956536738937,3064.352,2020_kk_257,Kusko,2020,0.7092963955543,0.975486808144418,5.6298352056638e-4,1504.51461005574,1679.64805041547,2090.76,0.707620504797333,1243.9858271935702
2925,1532.7,0.709816108848709,1.00317215950466,3065.4,2020_kk_257,Kusko,2020,0.709313887214226,0.976081916478808,5.9510833438958e-4,1504.51461005574,1679.64805041547,2090.76,0.707620504797333,1243.9858271935702
2926,1533.224,0.709282896863565,1.01380591994008,3066.448,2020_kk_257,Kusko,2020,0.709353791758096,0.976518463986707,4.3654750789945e-4,1504.51461005574,1679.64805041547,2090.76,0.707620504797333,1243.9858271935702
2927,1533.748,0.709937440721535,1.00151712558183,3067.496,2020_kk_257,Kusko,2020,0.709334380554343,0.976813281974429,2.948179877219e-4,1504.51461005574,1679.64805041547,2090.76,0.707620504797333,1243.9858271935702
2928,1534.272,0.708501645315115,0.985039621487869,3068.544,2020_kk_257,Kusko,2020,0.709325681679074,0.976697015999782,-1.1626597464709e-4,1504.51461005574,1679.64805041547,2090.76,0.707620504797333,1243.9858271935702
2929,1534.796,0.709744811819231,0.980273148385566,3069.592,2020_kk_257,Kusko,2020,0.709342735485351,0.976620129017237,-7.68869825451546e-5,1504.51461005574,1679.64805041547,2090.76,0.707620504797333,1243.9858271935702
2930,1535.32,0.70788638724278,0.974641291446256,3070.64,2020_kk_257,Kusko,2020,0.70933224395751,0.976388755920649,-2.3137309658849e-4,1504.51461005574,1679.64805041547,2090.76,0.707620504797333,1243.9858271935702
2931,1535.844,0.707573033265966,0.976060428076806,3071.688,2020_kk_257,Kusko,2020,0.709334495349688,0.975998723405098,-3.900325155508e-4,1504.51461005574,1679.64805041547,2090.76,0.707620504797333,1243.9858271935702
2932,1536.368,0.70900349547802,0.981724413081593,3072.736,2020_kk_257,Kusko,2020,0.709321385606372,0.975717598813898,-2.8112459119955e-4,1504.51461005574,1679.64805041547,2090.76,0.707620504797333,1243.9858271935702
2933,1536.892,0.710237881344262,0.987730726155686,3073.784,2020_kk_257,Kusko,2020,0.70930291173215,0.975769116995619,5.15181817212218e-5,1504.51461005574,1679.64805041547,2090.76,0.707620504797333,1243.9858271935702
2934,1537.416,0.709264084192311,0.984369021404702,3074.832,2020_kk_257,Kusko,2020,0.709307235277036,0.97614750273352,3.7838573790094e-4,1504.51461005574,1679.64805041547,2090.76,0.707620504797333,1243.9858271935702
2935,1537.94,0.710223202080399,0.956218828300124,3075.88,2020_kk_257,Kusko,2020,0.709310098210186,0.976010061980783,-1.3744075273691e-4,1504.51461005574,1679.64805041547,2090.76,0.707620504797333,1243.9858271935702
2936,1538.464,0.710131151935202,0.936091644065986,3076.928,2020_kk_257,Kusko,2020,0.709310322380408,0.975977391932232,-3.26700485517861e-5,1504.51461005574,1679.64805041547,2090.76,0.707620504797333,1243.9858271935702
2937,1538.988,0.709882348995359,0.930183676544899,3077.976,2020_kk_257,Kusko,2020,0.709323336548318,0.976095092483009,1.1770055077753e-4,1504.51461005574,1679.64805041547,2090.76,0.707620504797333,1243.9858271935702
2938,1539.512,0.708514391708114,0.941762890883475,3079.024,2020_kk_257,Kusko,2020,0.709302873973433,0.976307459780223,2.1236729721418e-4,1504.51461005574,1679.64805041547,2090.76,0.707620504797333,1243.9858271935702
2939,1540.036,0.708748241108155,0.957798644748228,3080.072,2020_kk_257,Kusko,2020,0.70929884410318,0.976355110717475,4.76509372520084e-5,1504.51461005574,1679.64805041547,2090.76,0.707620504797333,1243.9858271935702
2940,1540.56,0.708712605950189,0.955038173804388,3081.12,2020_kk_257,Kusko,2020,0.70927143692202,0.976019148410758,-3.3596230671739e-4,1504.51461005574,1679.64805041547,2090.76,0.707620504797333,1243.9858271935702
2941,1541.084,0.709934542246495,0.954122643629309,3082.168,2020_kk_257,Kusko,2020,0.709261607361831,0.975846208144637,-1.729402661208e-4,1504.51461005574,1679.64805041547,2090.76,0.707620504797333,1243.9858271935702
2942,1541.608,0.710585830428123,0.961816848237624,3083.216,2020_kk_257,Kusko,2020,0.709255234528712,0.975685832635744,-1.603755088928e-4,1504.51461005574,1679.64805041547,2090.76,0.707620504797333,1243.9858271935702
2943,1542.132,0.709789953530023,0.969136818227784,3084.264,2020_kk_257,Kusko,2020,0.709235439356833,0.975501570782024,-1.8426185372066e-4,1504.51461005574,1679.64805041547,2090.76,0.707620504797333,1243.9858271935702
2944,1542.656,0.70935195081898,0.968715748906147,3085.312,2020_kk_257,Kusko,2020,0.709234820620914,0.975164624092705,-3.3694668931838e-4,1504.51461005574,1679.64805041547,2090.76,0.707620504797333,1243.9858271935702
2945,1543.18,0.710175053990981,0.953849952475104,3086.36,2020_kk_257,Kusko,2020,0.70923260355213,0.974856796420093,-3.0782767261228e-4,1504.51461005574,1679.64805041547,2090.76,0.707620504797333,1243.9858271935702
2946,1543.704,0.709281143432964,0.948565088597383,3087.408,2020_kk_257,Kusko,2020,0.70924073939397,0.974810364444069,-4.64319760241638e-5,1504.51461005574,1679.64805041547,2090.76,0.707620504797333,1243.9858271935702
2947,1544.228,0.708657203856422,0.954880053446554,3088.456,2020_kk_257,Kusko,2020,0.709243261499116,0.974935703085279,1.2533864121022e-4,1504.51461005574,1679.64805041547,2090.76,0.707620504797333,1243.9858271935702
2948,1544.752,0.709792730449587,0.980206967746126,3089.504,2020_kk_257,Kusko,2020,0.709251001868868,0.975017277055455,8.15739701760521e-5,1504.51461005574,1679.64805041547,2090.76,0.707620504797333,1243.9858271935702
2949,1545.276,0.708427808722246,0.977283102940969,3090.552,2020_kk_257,Kusko,2020,0.709244073789346,0.975106230572861,8.89535174058986e-5,1504.51461005574,1679.64805041547,2090.76,0.707620504797333,1243.9858271935702
2950,1545.8,0.70905555813381,0.963437712377418,3091.6,2020_kk_257,Kusko,2020,0.709240793290672,0.975721176964179,6.1494639131753e-4,1504.51461005574,1679.64805041547,2090.76,0.707620504797333,1243.9858271935702
2951,1546.324,0.708510643412133,0.957857584270637,3092.648,2020_kk_257,Kusko,2020,0.709237927725636,0.976185871318124,4.6469435394502e-4,1504.51461005574,1679.64805041547,2090.76,0.707620504797333,1243.9858271935702
2952,1546.848,0.710609390095037,0.962630045708043,3093.696,2020_kk_257,Kusko,2020,0.709250092056901,0.976348064593116,1.6219327499233e-4,1504.51461005574,1679.64805041547,2090.76,0.707620504797333,1243.9858271935702
2953,1547.372,0.709109321557644,0.96527374686257,3094.744,2020_kk_257,Kusko,2020,0.709254228559458,0.976131409866617,-2.1665472649901e-4,1504.51461005574,1679.64805041547,2090.76,0.707620504797333,1243.9858271935702
2954,1547.896,0.709021769961298,0.988946919524616,3095.792,2020_kk_257,Kusko,2020,0.709262334908732,0.97557063794691,-5.6077191970693e-4,1504.51461005574,1679.64805041547,2090.76,0.707620504797333,1243.9858271935702
2955,1548.42,0.709987702478547,1.00621388268089,3096.84,2020_kk_257,Kusko,2020,0.709229801613078,0.975133638439046,-4.369995078638e-4,1504.51461005574,1679.64805041547,2090.76,0.707620504797333,1243.9858271935702
2956,1548.944,0.709855559717496,1.00273817313268,3097.888,2020_kk_257,Kusko,2020,0.709226347528371,0.974673857089899,-4.5978134914692e-4,1504.51461005574,1679.64805041547,2090.76,0.707620504797333,1243.9858271935702
2957,1549.468,0.708812908170836,0.995963599948163,3098.936,2020_kk_257,Kusko,2020,0.709209320536229,0.974598333277237,-7.55238126625146e-5,1504.51461005574,1679.64805041547,2090.76,0.707620504797333,1243.9858271935702
2958,1549.992,0.70943568996082,0.98217275559269,3099.984,2020_kk_257,Kusko,2020,0.70921997888378,0.974982637902107,3.8430462486993e-4,1504.51461005574,1679.64805041547,2090.76,0.707620504797333,1243.9858271935702
2959,1550.516,0.710255043579856,0.985651710645413,3101.032,2020_kk_257,Kusko,2020,0.709218576624823,0.975342155573668,3.5951767156106e-4,1504.51461005574,1679.64805041547,2090.76,0.707620504797333,1243.9858271935702
2960,1551.04,0.708565202115437,0.972561376461718,3102.08,2020_kk_257,Kusko,2020,0.709245009329042,0.975716749573284,3.7459399961636e-4,1504.51461005574,1679.64805041547,2090.76,0.707620504797333,1243.9858271935702
2961,1551.564,0.709211663866378,0.96473399667854,3103.128,2020_kk_257,Kusko,2020,0.70929058192526,0.975914642984724,1.9789341144005e-4,1504.51461005574,1679.64805041547,2090.76,0.707620504797333,1243.9858271935702
2962,1552.088,0.708804442563278,0.955705902457137,3104.176,2020_kk_257,Kusko,2020,0.709310385631378,0.975891570097318,-2.30728874058839e-5,1504.51461005574,1679.64805041547,2090.76,0.707620504797333,1243.9858271935702
2963,1552.612,0.709766131103815,0.959563290499233,3105.224,2020_kk_257,Kusko,2020,0.709297628102489,0.975705853674829,-1.8571642248954e-4,1504.51461005574,1679.64805041547,2090.76,0.707620504797333,1243.9858271935702
2964,1553.136,0.708807346659862,0.972365483908613,3106.272,2020_kk_257,Kusko,2020,0.709307542117177,0.97566627064006906,-3.95830347594828e-5,1504.51461005574,1679.64805041547,2090.76,0.707620504797333,1243.9858271935702
2965,1553.66,0.708876999423173,0.973193887188201,3107.32,2020_kk_257,Kusko,2020,0.709288802571703,0.976224029580618,5.5775894054899e-4,1504.51461005574,1679.64805041547,2090.76,0.707620504797333,1243.9858271935702
2966,1554.184,0.708277552811652,0.981092999874196,3108.368,2020_kk_257,Kusko,2020,0.709282584122461,0.977394750277449,0.00117072069683044,1504.51461005574,1679.64805041547,2090.76,0.707620504797333,1243.9858271935702
2967,1554.708,0.709243725311913,0.991650895808624,3109.416,2020_kk_257,Kusko,2020,0.709260947725554,0.97850471528564,0.0011099650081916,1504.51461005574,1679.64805041547,2090.76,0.707620504797333,1243.9858271935702
2968,1555.232,0.707981487475951,0.987436637122759,3110.464,2020_kk_257,Kusko,2020,0.709283872009497,0.979024780071906,5.2006478626553e-4,1504.51461005574,1679.64805041547,2090.76,0.707620504797333,1243.9858271935702
2969,1555.756,0.709634949954917,0.976019791783385,3111.512,2020_kk_257,Kusko,2020,0.709283588741012,0.979205950402529,1.811703306227e-4,1504.51461005574,1679.64805041547,2090.76,0.707620504797333,1243.9858271935702
2970,1556.28,0.708881984090787,0.965801174409013,3112.56,2020_kk_257,Kusko,2020,0.709298621182383,0.979459746577777,2.5379617524845e-4,1504.51461005574,1679.64805041547,2090.76,0.707620504797333,1243.9858271935702
2971,1556.804,0.708951925107443,0.969636627643518,3113.608,2020_kk_257,Kusko,2020,0.709269583574465,0.979217872536831,-2.41874040946e-4,1504.51461005574,1679.64805041547,2090.76,0.707620504797333,1243.9858271935702
2972,1557.328,0.709405780965152,0.975551318108384,3114.656,2020_kk_257,Kusko,2020,0.70923159613708,0.978956540127323,-2.613324095082e-4,1504.51461005574,1679.64805041547,2090.76,0.707620504797333,1243.9858271935702
2973,1557.852,0.708307576977272,0.974527268523772,3115.704,2020_kk_257,Kusko,2020,0.709189258151551,0.978892677968722,-6.38621586012134e-5,1504.51461005574,1679.64805041547,2090.76,0.707620504797333,1243.9858271935702
2974,1558.376,0.709894044227776,0.972862854549972,3116.752,2020_kk_257,Kusko,2020,0.709183754655213,0.978838725258013,-5.39527107081827e-5,1504.51461005574,1679.64805041547,2090.76,0.707620504797333,1243.9858271935702
2975,1558.9,0.709260034310579,0.973886008932606,3117.8,2020_kk_257,Kusko,2020,0.709172254576905,0.978803356278973,-3.53689790404399e-5,1504.51461005574,1679.64805041547,2090.76,0.707620504797333,1243.9858271935702
2976,1559.424,0.70908230978903,0.987803104382135,3118.848,2020_kk_257,Kusko,2020,0.70919258691434806,0.97913722658856,3.3387030958742e-4,1504.51461005574,1679.64805041547,2090.76,0.707620504797333,1243.9858271935702
2977,1559.948,0.71004426844016,1.00498548649709,3119.896,2020_kk_257,Kusko,2020,0.709211772503708,0.979255193846584,1.1796725802337e-4,1504.51461005574,1679.64805041547,2090.76,0.707620504797333,1243.9858271935702
2978,1560.472,0.709112801575205,1.00495231986179,3120.944,2020_kk_257,Kusko,2020,0.70919218023224,0.979198305132939,-5.68887136445095e-5,1504.51461005574,1679.64805041547,2090.76,0.707620504797333,1243.9858271935702
2979,1560.996,0.708742474995599,0.99739153002079906,3121.992,2020_kk_257,Kusko,2020,0.709205963113894,0.979332934517887,1.3462938494801e-4,1504.51461005574,1679.64805041547,2090.76,0.707620504797333,1243.9858271935702
2980,1561.52,0.708855863727691,1.00683006569804,3123.04,2020_kk_257,Kusko,2020,0.709209532268237,0.979821456688715,4.8852217082762e-4,1504.51461005574,1679.64805041547,2090.76,0.707620504797333,1243.9858271935702
2981,1562.044,0.709433023155604,0.99433103915692,3124.088,2020_kk_257,Kusko,2020,0.70924049866896,0.980548789140397,7.2733245168188e-4,1504.51461005574,1679.64805041547,2090.76,0.707620504797333,1243.9858271935702
2982,1562.568,0.70975027427261,0.98618607770787,3125.136,2020_kk_257,Kusko,2020,0.70922203356341,0.981158562949124,6.0977380872728e-4,1504.51461005574,1679.64805041547,2090.76,0.707620504797333,1243.9858271935702
2983,1563.092,0.70891322769477,0.975967849621546,3126.184,2020_kk_257,Kusko,2020,0.709223535417916,0.981582454628015,4.2389167889078e-4,1504.51461005574,1679.64805041547,2090.76,0.707620504797333,1243.9858271935702
2984,1563.616,0.709825472495593,0.964310221556524,3127.232,2020_kk_257,Kusko,2020,0.709223753543337,0.981057347059033,-5.2510756898227e-4,1504.51461005574,1679.64805041547,2090.76,0.707620504797333,1243.9858271935702
2985,1564.14,0.707864111109429,0.97695218903283,3128.28,2020_kk_257,Kusko,2020,0.709210335214573,0.980154290492568,-9.0305656646438e-4,1504.51461005574,1679.64805041547,2090.76,0.707620504797333,1243.9858271935702
2986,1564.664,0.709075651781176,0.986219038991266,3129.328,2020_kk_257,Kusko,2020,0.709212787080893,0.979306377260163,-8.4791323240562e-4,1504.51461005574,1679.64805041547,2090.76,0.707620504797333,1243.9858271935702
2987,1565.188,0.708915821192973,0.996985696822073,3130.376,2020_kk_257,Kusko,2020,0.709207472654963,0.978504074169089,-8.0230309107354e-4,1504.51461005574,1679.64805041547,2090.76,0.707620504797333,1243.9858271935702
2988,1565.712,0.709141146168207,1.00809789898007,3131.424,2020_kk_257,Kusko,2020,0.709206555767649,0.977871142222293,-6.3293194679614e-4,1504.51461005574,1679.64805041547,2090.76,0.707620504797333,1243.9858271935702
2989,1566.236,0.709660676281814,1.00184420867923,3132.472,2020_kk_257,Kusko,2020,0.709192188845105,0.977614671666035,-2.5647055625766e-4,1504.51461005574,1679.64805041547,2090.76,0.707620504797333,1243.9858271935702
2990,1566.76,0.709472349495889,0.997116931423239,3133.52,2020_kk_257,Kusko,2020,0.709174084537173,0.977409068430929,-2.0560323510587e-4,1504.51461005574,1679.64805041547,2090.76,0.707620504797333,1243.9858271935702
2991,1567.284,0.710307389039044,0.987934032763204,3134.568,2020_kk_257,Kusko,2020,0.70918896088916,0.977208381943732,-2.0068648719717e-4,1504.51461005574,1679.64805041547,2090.76,0.707620504797333,1243.9858271935702
2992,1567.808,0.710191717845109,0.980340039837242,3135.616,2020_kk_257,Kusko,2020,0.709198346816077,0.977109413011062,-9.89689326696963e-5,1504.51461005574,1679.64805041547,2090.76,0.707620504797333,1243.9858271935702
2993,1568.332,0.709472429610907,0.97658774080631,3136.664,2020_kk_257,Kusko,2020,0.709187315121953,0.976907392806145,-2.0202020491721e-4,1504.51461005574,1679.64805041547,2090.76,0.707620504797333,1243.9858271935702
2994,1568.856,0.709858925073605,0.981994039319134,3137.712,2020_kk_257,Kusko,2020,0.709187064505951,0.976495622515837,-4.1177029030792e-4,1504.51461005574,1679.64805041547,2090.76,0.707620504797333,1243.9858271935702
2995,1569.38,0.709098829351972,0.98968436473306,3138.76,2020_kk_257,Kusko,2020,0.709196453714771,0.97618901888443,-3.0660363140755e-4,1504.51461005574,1679.64805041547,2090.76,0.707620504797333,1243.9858271935702
2996,1569.904,0.709758044980678,1.00633488587582,3139.808,2020_kk_257,Kusko,2020,0.709219149355228,0.97602289864129,-1.6612024314011e-4,1504.51461005574,1679.64805041547,2090.76,0.707620504797333,1243.9858271935702
2997,1570.428,0.708584165180947,0.996781577036404,3140.856,2020_kk_257,Kusko,2020,0.709245041874114,0.975488216446918,-5.3468219437125e-4,1504.51461005574,1679.64805041547,2090.76,0.707620504797333,1243.9858271935702
2998,1570.952,0.70988984874472,0.972966778059399,3141.904,2020_kk_257,Kusko,2020,0.709272272644614,0.974932375869116,-5.5584057780255e-4,1504.51461005574,1679.64805041547,2090.76,0.707620504797333,1243.9858271935702
2999,1571.476,0.70873124499904006,0.968668864585593,3142.952,2020_kk_257,Kusko,2020,0.709257681736168,0.974336287500482,-5.9608836863434e-4,1504.51461005574,1679.64805041547,2090.76,0.707620504797333,1243.9858271935702
3000,1572,0.709614552432421,0.970265944319291,3144,2020_kk_257,Kusko,2020,0.709256167070453,0.974007313529942,-3.2897397053921e-4,1504.51461005574,1679.64805041547,2090.76,0.707620504797333,1243.9858271935702
3001,1572.524,0.708192285771414,0.939610201172556,3145.048,2020_kk_257,Kusko,2020,0.709269762372139,0.973777800829646,-2.295127002958e-4,1504.51461005574,1679.64805041547,2090.76,0.707620504797333,1243.9858271935702
3002,1573.048,0.708306584185074,0.94613690366713,3146.096,2020_kk_257,Kusko,2020,0.709289275579244,0.973712106986246,-6.56938434002718e-5,1504.51461005574,1679.64805041547,2090.76,0.707620504797333,1243.9858271935702
3003,1573.572,0.707249674398262,0.965305088711711,3147.144,2020_kk_257,Kusko,2020,0.709303440155843,0.973773070900465,6.09639142192808e-5,1504.51461005574,1679.64805041547,2090.76,0.707620504797333,1243.9858271935702
3004,1574.096,0.709021741038686,0.965478586263658,3148.192,2020_kk_257,Kusko,2020,0.70929381235853,0.973880271586036,1.0720068557013e-4,1504.51461005574,1679.64805041547,2090.76,0.707620504797333,1243.9858271935702
3005,1574.62,0.70948504929253,0.951727813732672,3149.24,2020_kk_257,Kusko,2020,0.709305727140512,0.974045922118744,1.6565053270856e-4,1504.51461005574,1679.64805041547,2090.76,0.707620504797333,1243.9858271935702
3006,1575.144,0.71050108367953,0.968597307172625,3150.288,2020_kk_257,Kusko,2020,0.709320667848738,0.973897935875115,-1.479862436291e-4,1504.51461005574,1679.64805041547,2090.76,0.707620504797333,1243.9858271935702
3007,1575.668,0.709808339218009,0.961958088927959,3151.336,2020_kk_257,Kusko,2020,0.709310796670072,0.97292446928044,-9.7346659467467e-4,1504.51461005574,1679.64805041547,2090.76,0.707620504797333,1243.9858271935702
3008,1576.192,0.708617194161524,0.976793644927456,3152.384,2020_kk_257,Kusko,2020,0.709317643038572,0.971528782765204,-0.00139568651523658,1504.51461005574,1679.64805041547,2090.76,0.707620504797333,1243.9858271935702
3009,1576.716,0.709254781621454,0.985360866037855,3153.432,2020_kk_257,Kusko,2020,0.709306911352757,0.970265511403563,-0.00126327136164095,1504.51461005574,1679.64805041547,2090.76,0.707620504797333,1243.9858271935702
3010,1577.24,0.70926970739441,0.992749042627071,3154.48,2020_kk_257,Kusko,2020,0.709294557951064,0.96913190226498,-0.0011336091385834,1504.51461005574,1679.64805041547,2090.76,0.707620504797333,1243.9858271935702
3011,1577.764,0.710368627455536,1.00149753137155,3155.528,2020_kk_257,Kusko,2020,0.709282540151033,0.96859675722365,-5.3514504132945e-4,1504.51461005574,1679.64805041547,2090.76,0.707620504797333,1243.9858271935702
3012,1578.288,0.709501483761996,0.999216474231678,3156.576,2020_kk_257,Kusko,2020,0.709260099854121,0.967751720419875,-8.450368037749e-4,1504.51461005574,1679.64805041547,2090.76,0.707620504797333,1243.9858271935702
3013,1578.812,0.70919943282804,0.990707247596019,3157.624,2020_kk_257,Kusko,2020,0.709249585717077,0.966933724075803,-8.1799634407175e-4,1504.51461005574,1679.64805041547,2090.76,0.707620504797333,1243.9858271935702
3014,1579.336,0.709034857486547,0.957440465385679,3158.672,2020_kk_257,Kusko,2020,0.709247865973768,0.966260704652161,-6.7301942364206e-4,1504.51461005574,1679.64805041547,2090.76,0.707620504797333,1243.9858271935702
3015,1579.86,0.709182602752699,0.952030488693028,3159.72,2020_kk_257,Kusko,2020,0.709272587335665,0.965537274676068,-7.2342997609298e-4,1504.51461005574,1679.64805041547,2090.76,0.707620504797333,1243.9858271935702
3016,1580.384,0.710002671696705,0.951863379188345,3160.768,2020_kk_257,Kusko,2020,0.709279161678222,0.96459095374383,-9.4632093223789e-4,1504.51461005574,1679.64805041547,2090.76,0.707620504797333,1243.9858271935702
3017,1580.908,0.708494042615042,0.947825414483748,3161.816,2020_kk_257,Kusko,2020,0.709295949051534,0.96353543694466,-0.0010555167991706,1504.51461005574,1679.64805041547,2090.76,0.707620504797333,1243.9858271935702
3018,1581.432,0.709380676721989,0.944196838784922,3162.864,2020_kk_257,Kusko,2020,0.709287486633417,0.962310473895641,-0.00122496304901909,1504.51461005574,1679.64805041547,2090.76,0.707620504797333,1243.9858271935702
3019,1581.956,0.709393028227174,0.970263477269955,3163.912,2020_kk_257,Kusko,2020,0.709276988351244,0.961054926959356,-0.00125554693628427,1504.51461005574,1679.64805041547,2090.76,0.707620504797333,1243.9858271935702
3020,1582.48,0.707478943639543,0.960225182355366,3164.96,2020_kk_257,Kusko,2020,0.70928657059936,0.959857168359151,-0.00119775860020588,1504.51461005574,1679.64805041547,2090.76,0.707620504797333,1243.9858271935702
3021,1583.004,0.710104244985563,0.952692807446712,3166.008,2020_kk_257,Kusko,2020,0.709245298881585,0.958819616043424,-0.00103755231572622,1504.51461005574,1679.64805041547,2090.76,0.707620504797333,1243.9858271935702
3022,1583.528,0.709367598178307,0.949767766496959,3167.056,2020_kk_257,Kusko,2020,0.709213468556552,0.957828998802611,-9.9061724081295e-4,1504.51461005574,1679.64805041547,2090.76,0.707620504797333,1243.9858271935702
3023,1584.052,0.709104229456398,0.947442078204199,3168.104,2020_kk_257,Kusko,2020,0.70921331993324,0.956956285288503,-8.7271351410878e-4,1504.51461005574,1679.64805041547,2090.76,0.707620504797333,1243.9858271935702
3024,1584.576,0.708792309699746,0.947659266490138,3169.152,2020_kk_257,Kusko,2020,0.70920718667264,0.956093080727084,-8.6320456141908e-4,1504.51461005574,1679.64805041547,2090.76,0.707620504797333,1243.9858271935702
3025,1585.1,0.709440351952383,0.954797669303748,3170.2,2020_kk_257,Kusko,2020,0.709214397138657,0.955223621513781,-8.6945921330261e-4,1504.51461005574,1679.64805041547,2090.76,0.707620504797333,1243.9858271935702
3026,1585.624,0.709639291239066,0.971125785285792,3171.248,2020_kk_257,Kusko,2020,0.709209289557501,0.95409890441325,-0.00112471710053075,1504.51461005574,1679.64805041547,2090.76,0.707620504797333,1243.9858271935702
3027,1586.148,0.710797276445037,0.959569964146356,3172.296,2020_kk_257,Kusko,2020,0.709209011217818,0.953078767552769,-0.0010201368604813,1504.51461005574,1679.64805041547,2090.76,0.707620504797333,1243.9858271935702
3028,1586.672,0.70961533370596,0.954086202454598,3173.344,2020_kk_257,Kusko,2020,0.709194833387471,0.952450187446357,-6.2858010641175e-4,1504.51461005574,1679.64805041547,2090.76,0.707620504797333,1243.9858271935702
3029,1587.196,0.708759495448173,0.940254489665327,3174.392,2020_kk_257,Kusko,2020,0.709189974057044,0.951458767483064,-9.9141996329299e-4,1504.51461005574,1679.64805041547,2090.76,0.707620504797333,1243.9858271935702
3030,1587.72,0.708791104147892,0.946062736176659,3175.44,2020_kk_257,Kusko,2020,0.709186667269007,0.95043714624562,-0.00102162123744465,1504.51461005574,1679.64805041547,2090.76,0.707620504797333,1243.9858271935702
3031,1588.244,0.709767643208606,0.955865865625769,3176.488,2020_kk_257,Kusko,2020,0.709200161247993,0.949962431744626,-4.747145009939e-4,1504.51461005574,1679.64805041547,2090.76,0.707620504797333,1243.9858271935702
3032,1588.768,0.710576573391426,0.971609687504363,3177.536,2020_kk_257,Kusko,2020,0.709230643058264,0.949199803733435,-7.6262801119042e-4,1504.51461005574,1679.64805041547,2090.76,0.707620504797333,1243.9858271935702
3033,1589.292,0.70915745157326,0.978185103376932,3178.584,2020_kk_257,Kusko,2020,0.709249370944735,0.948268375690057,-9.3142804337853e-4,1504.51461005574,1679.64805041547,2090.76,0.707620504797333,1243.9858271935702
3034,1589.816,0.70931637638895,0.979294895684185,3179.632,2020_kk_257,Kusko,2020,0.709244724656553,0.947484340042537,-7.8403564751949e-4,1504.51461005574,1679.64805041547,2090.76,0.707620504797333,1243.9858271935702
3035,1590.34,0.709974921229546,0.983825040895117,3180.68,2020_kk_257,Kusko,2020,0.709248233475976,0.947108619857445,-3.7572018509168e-4,1504.51461005574,1679.64805041547,2090.76,0.707620504797333,1243.9858271935702
3036,1590.864,0.70997875228254,0.978923929764391,3181.728,2020_kk_257,Kusko,2020,0.709214481406484,0.946236448548516,-8.7217130892969e-4,1504.51461005574,1679.64805041547,2090.76,0.707620504797333,1243.9858271935702
3037,1591.388,0.709451997720251,0.94657749081661,3182.776,2020_kk_257,Kusko,2020,0.70918858079158,0.945546133132369,-6.9031541614705e-4,1504.51461005574,1679.64805041547,2090.76,0.707620504797333,1243.9858271935702
3038,1591.912,0.709523583685198,0.921211128947604,3183.824,2020_kk_257,Kusko,2020,0.709207463055296,0.944482713202283,-0.00106341993008519,1504.51461005574,1679.64805041547,2090.76,0.707620504797333,1243.9858271935702
3039,1592.436,0.708098573846663,0.92159524832234,3184.872,2020_kk_257,Kusko,2020,0.709204566163188,0.94316482200598994,-0.00131789119629333,1504.51461005574,1679.64805041547,2090.76,0.707620504797333,1243.9858271935702
3040,1592.96,0.708114659626106,0.93881351738303,3185.92,2020_kk_257,Kusko,2020,0.709192735767293,0.941304070131557,-0.00186075187443357,1504.51461005574,1679.64805041547,2090.76,0.707620504797333,1243.9858271935702
3041,1593.484,0.708711955153787,0.962222336677155,3186.968,2020_kk_257,Kusko,2020,0.709162514779381,0.939280151394863,-0.00202391873669372,1504.51461005574,1679.64805041547,2090.76,0.707620504797333,1243.9858271935702
3042,1594.008,0.708403856457879,0.935483869481382,3188.016,2020_kk_257,Kusko,2020,0.709158218195068,0.937694195571223,-0.00158595582363941,1504.51461005574,1679.64805041547,2090.76,0.707620504797333,1243.9858271935702
3043,1594.532,0.708282379472094,0.926888068977238,3189.064,2020_kk_257,Kusko,2020,0.709162152527306,0.936582000307138,-0.00111219526408535,1504.51461005574,1679.64805041547,2090.76,0.707620504797333,1243.9858271935702
3044,1595.056,0.70972228789705,0.923929056137998,3190.112,2020_kk_257,Kusko,2020,0.709157336705416,0.936095477402926,-4.8652290421225e-4,1504.51461005574,1679.64805041547,2090.76,0.707620504797333,1243.9858271935702
3045,1595.58,0.709347392823251,0.933546390467249,3191.16,2020_kk_257,Kusko,2020,0.709135191382707,0.935680851136964,-4.1462626596156e-4,1504.51461005574,1679.64805041547,2090.76,0.707620504797333,1243.9858271935702
3046,1596.104,0.709470112334598,0.929439783056993,3192.208,2020_kk_257,Kusko,2020,0.709118988307629,0.935224720407607,-4.5613072935701e-4,1504.51461005574,1679.64805041547,2090.76,0.707620504797333,1243.9858271935702
3047,1596.628,0.709923063591703,0.933654688871834,3193.256,2020_kk_257,Kusko,2020,0.709127720057545,0.934890783512028,-3.3393689557959e-4,1504.51461005574,1679.64805041547,2090.76,0.707620504797333,1243.9858271935702
3048,1597.152,0.708633401081191,0.93460011603892,3194.304,2020_kk_257,Kusko,2020,0.709109370394806,0.934879320282888,-1.14632291396966e-5,1504.51461005574,1679.64805041547,2090.76,0.707620504797333,1243.9858271935702
3049,1597.676,0.70903077935145,0.926511392502185,3195.352,2020_kk_257,Kusko,2020,0.709102991278949,0.934097053513337,-7.8226676955095e-4,1504.51461005574,1679.64805041547,2090.76,0.707620504797333,1243.9858271935702
3050,1598.2,0.710047284382801,0.92525141541089,3196.4,2020_kk_257,Kusko,2020,0.709125167069766,0.933306923771096,-7.9012974224146e-4,1504.51461005574,1679.64805041547,2090.76,0.707620504797333,1243.9858271935702
3051,1598.724,0.707831085972582,0.925680893819632,3197.448,2020_kk_257,Kusko,2020,0.709132612782758,0.932412902661053,-8.9402111004266e-4,1504.51461005574,1679.64805041547,2090.76,0.707620504797333,1243.9858271935702
3052,1599.248,0.708281898343142,0.920903005388464,3198.496,2020_kk_257,Kusko,2020,0.709155528830869,0.931729754754422,-6.8314790663137e-4,1504.51461005574,1679.64805041547,2090.76,0.707620504797333,1243.9858271935702
3053,1599.772,0.709463512212189,0.924224929959786,3199.544,2020_kk_257,Kusko,2020,0.70915349726582,0.931165355550017,-5.6439920440409e-4,1504.51461005574,1679.64805041547,2090.76,0.707620504797333,1243.9858271935702
3054,1600.296,0.70949092943757,0.930201765633992,3200.592,2020_kk_257,Kusko,2020,0.709152816529637,0.930553529606593,-6.1182594342423e-4,1504.51461005574,1679.64805041547,2090.76,0.707620504797333,1243.9858271935702
3055,1600.82,0.709531457313025,0.937516811934901,3201.64,2020_kk_257,Kusko,2020,0.709157854105026,0.929959677550623,-5.9385205597062e-4,1504.51461005574,1679.64805041547,2090.76,0.707620504797333,1243.9858271935702
3056,1601.344,0.709451590111298,0.938851859843973,3202.688,2020_kk_257,Kusko,2020,0.70915709237911,0.929152864222084,-8.0681332853838e-4,1504.51461005574,1679.64805041547,2090.76,0.707620504797333,1243.9858271935702
3057,1601.868,0.708567464799978,0.935573365407524,3203.736,2020_kk_257,Kusko,2020,0.70910768719555906,0.928688943401446,-4.6392082063806e-4,1504.51461005574,1679.64805041547,2090.76,0.707620504797333,1243.9858271935702
3058,1602.392,0.709039178923887,0.93525197167469,3204.784,2020_kk_257,Kusko,2020,0.709106556346086,0.928273482207961,-4.1546119348512e-4,1504.51461005574,1679.64805041547,2090.76,0.707620504797333,1243.9858271935702
3059,1602.916,0.708439685173419,0.909183666788018,3205.832,2020_kk_257,Kusko,2020,0.709112731269044,0.928045501893644,-2.279803143167e-4,1504.51461005574,1679.64805041547,2090.76,0.707620504797333,1243.9858271935702
3060,1603.44,0.70941614515019,0.908968670072618,3206.88,2020_kk_257,Kusko,2020,0.70912839796842,0.927874939602777,-1.705622908672e-4,1504.51461005574,1679.64805041547,2090.76,0.707620504797333,1243.9858271935702
3061,1603.964,0.709001924510612,0.911127331112923,3207.928,2020_kk_257,Kusko,2020,0.709127114887571,0.927633155941327,-2.4178366145033e-4,1504.51461005574,1679.64805041547,2090.76,0.707620504797333,1243.9858271935702
3062,1604.488,0.710135492801279,0.900379222995704,3208.976,2020_kk_257,Kusko,2020,0.709114561011327,0.927276770658446,-3.5638528288062e-4,1504.51461005574,1679.64805041547,2090.76,0.707620504797333,1243.9858271935702
3063,1605.012,0.70837334758655,0.909419406108998,3210.024,2020_kk_257,Kusko,2020,0.709112192328922,0.926988182162047,-2.8858849639879e-4,1504.51461005574,1679.64805041547,2090.76,0.707620504797333,1243.9858271935702
3064,1605.536,0.708742963747788,0.918436447412489,3211.072,2020_kk_257,Kusko,2020,0.709121617591167,0.926750898792946,-2.3728336910089e-4,1504.51461005574,1679.64805041547,2090.76,0.707620504797333,1243.9858271935702
3065,1606.06,0.709695578457878,0.929184602627171,3212.12,2020_kk_257,Kusko,2020,0.709092646551187,0.926379997094775,-3.7090169817133e-4,1504.51461005574,1679.64805041547,2090.76,0.707620504797333,1243.9858271935702
3066,1606.584,0.708475959510024,0.91626702863684,3213.168,2020_kk_257,Kusko,2020,0.709087979031354,0.925886805731448,-4.9319136332692e-4,1504.51461005574,1679.64805041547,2090.76,0.707620504797333,1243.9858271935702
3067,1607.108,0.708254302323759,0.920539163959133,3214.216,2020_kk_257,Kusko,2020,0.709081918739529,0.925705243599003,-1.8156213244491e-4,1504.51461005574,1679.64805041547,2090.76,0.707620504797333,1243.9858271935702
3068,1607.632,0.709750129984496,0.912988449122348,3215.264,2020_kk_257,Kusko,2020,0.709088038355766,0.925609675102407,-9.556849659631e-5,1504.51461005574,1679.64805041547,2090.76,0.707620504797333,1243.9858271935702
3069,1608.156,0.70908096809497,0.906287394260257,3216.312,2020_kk_257,Kusko,2020,0.709109357393913,0.925280080984747,-3.2959411765964e-4,1504.51461005574,1679.64805041547,2090.76,0.707620504797333,1243.9858271935702
3070,1608.68,0.708559883640684,0.881103930161059,3217.36,2020_kk_257,Kusko,2020,0.709149090745344,0.924560648410688,-7.1943257405959e-4,1504.51461005574,1679.64805041547,2090.76,0.707620504797333,1243.9858271935702
3071,1609.204,0.708555368180835,0.880062407169926,3218.408,2020_kk_257,Kusko,2020,0.70915119493403,0.923722788714265,-8.3785969642258e-4,1504.51461005574,1679.64805041547,2090.76,0.707620504797333,1243.9858271935702
3072,1609.728,0.709243688703184,0.904059124813313,3219.456,2020_kk_257,Kusko,2020,0.709152736150635,0.923462521815226,-2.6026689903957e-4,1504.51461005574,1679.64805041547,2090.76,0.707620504797333,1243.9858271935702
3073,1610.252,0.709435492762361,0.923975531750898,3220.504,2020_kk_257,Kusko,2020,0.709147585509108,0.923274559020744,-1.8796279448163e-4,1504.51461005574,1679.64805041547,2090.76,0.707620504797333,1243.9858271935702
3074,1610.776,0.708745908173116,0.928249091132946,3221.552,2020_kk_257,Kusko,2020,0.709135862685029,0.923021642256395,-2.5291676434879e-4,1504.51461005574,1679.64805041547,2090.76,0.707620504797333,1243.9858271935702
3075,1611.3,0.707853883390195,0.927152912735331,3222.6,2020_kk_257,Kusko,2020,0.709124569658464,0.922750631353758,-2.7101090263748e-4,1504.51461005574,1679.64805041547,2090.76,0.707620504797333,1243.9858271935702
3076,1611.824,0.709030487191981,0.92449553542693,3223.648,2020_kk_257,Kusko,2020,0.709122316350052,0.922743777078053,-6.85427570434882e-6,1504.51461005574,1679.64805041547,2090.76,0.707620504797333,1243.9858271935702
3077,1612.348,0.709017947610059,0.927789200748971,3224.696,2020_kk_257,Kusko,2020,0.709115626313864,0.922705709474772,-3.80676032810667e-5,1504.51461005574,1679.64805041547,2090.76,0.707620504797333,1243.9858271935702
3078,1612.872,0.70827969695764,0.943509045036539,3225.744,2020_kk_257,Kusko,2020,0.709127704961716,0.9225989384565,-1.067710182725e-4,1504.51461005574,1679.64805041547,2090.76,0.707620504797333,1243.9858271935702
3079,1613.396,0.709010281275731,0.923327471096896,3226.792,2020_kk_257,Kusko,2020,0.709107864517227,0.922533639613827,-6.52988426723677e-5,1504.51461005574,1679.64805041547,2090.76,0.707620504797333,1243.9858271935702
3080,1613.92,0.70880949108859,0.912817397820878,3227.84,2020_kk_257,Kusko,2020,0.709100735929374,0.922467283651075,-6.63559627520627e-5,1504.51461005574,1679.64805041547,2090.76,0.707620504797333,1243.9858271935702
3081,1614.444,0.710550987765055,0.899051540844152,3228.888,2020_kk_257,Kusko,2020,0.709111306676814,0.922496460942572,2.91772914963184e-5,1504.51461005574,1679.64805041547,2090.76,0.707620504797333,1243.9858271935702
3082,1614.968,0.710742561064958,0.908778892099074,3229.936,2020_kk_257,Kusko,2020,0.709145403732879,0.922617691400938,1.2123045836676e-4,1504.51461005574,1679.64805041547,2090.76,0.707620504797333,1243.9858271935702
3083,1615.492,0.70898233555347,0.913578125939947,3230.984,2020_kk_257,Kusko,2020,0.70912914580322,0.92243939190873,-1.7829949220826e-4,1504.51461005574,1679.64805041547,2090.76,0.707620504797333,1243.9858271935702
3084,1616.016,0.708751465528753,0.910949709884684,3232.032,2020_kk_257,Kusko,2020,0.709130525590261,0.922173304552654,-2.6608735607569e-4,1504.51461005574,1679.64805041547,2090.76,0.707620504797333,1243.9858271935702
3085,1616.54,0.709742606475735,0.919166545945511,3233.08,2020_kk_257,Kusko,2020,0.709133118004054,0.921711435672197,-4.618688804574e-4,1504.51461005574,1679.64805041547,2090.76,0.707620504797333,1243.9858271935702
3086,1617.064,0.709593587684089,0.922716985573488,3234.128,2020_kk_257,Kusko,2020,0.709120176745278,0.921199040732767,-5.1239493943022e-4,1504.51461005574,1679.64805041547,2090.76,0.707620504797333,1243.9858271935702
3087,1617.588,0.707832965432014,0.93173471490807,3235.176,2020_kk_257,Kusko,2020,0.709113713498483,0.920777004398284,-4.2203633448234e-4,1504.51461005574,1679.64805041547,2090.76,0.707620504797333,1243.9858271935702
3088,1618.112,0.709547482737585,0.929158530845494,3236.224,2020_kk_257,Kusko,2020,0.709117361162317,0.92041138340299,-3.6562099529491e-4,1504.51461005574,1679.64805041547,2090.76,0.707620504797333,1243.9858271935702
3089,1618.636,0.709129990825634,0.926575670806326,3237.272,2020_kk_257,Kusko,2020,0.709120322184254,0.920469883965794,5.8500562804431e-5,1504.51461005574,1679.64805041547,2090.76,0.707620504797333,1243.9858271935702
3090,1619.16,0.709731106110439,0.935828998724624,3238.32,2020_kk_257,Kusko,2020,0.709115779112981,0.920632028265307,1.6214429951277e-4,1504.51461005574,1679.64805041547,2090.76,0.707620504797333,1243.9858271935702
3091,1619.684,0.709690658357648,0.941358845938745,3239.368,2020_kk_257,Kusko,2020,0.709103021041826,0.920799548511234,1.6752024592714e-4,1504.51461005574,1679.64805041547,2090.76,0.707620504797333,1243.9858271935702
3092,1620.208,0.709823340816828,0.950226570531529,3240.416,2020_kk_257,Kusko,2020,0.709084229690472,0.920880044610523,8.04960992891735e-5,1504.51461005574,1679.64805041547,2090.76,0.707620504797333,1243.9858271935702
3093,1620.732,0.709015330628945,0.960869793593008,3241.464,2020_kk_257,Kusko,2020,0.70911199084169,0.920824326820094,-5.57177904293438e-5,1504.51461005574,1679.64805041547,2090.76,0.707620504797333,1243.9858271935702
3094,1621.256,0.709881892123664,0.965057893538128,3242.512,2020_kk_257,Kusko,2020,0.709110835853595,0.920662884530132,-1.614422899614e-4,1504.51461005574,1679.64805041547,2090.76,0.707620504797333,1243.9858271935702
3095,1621.78,0.708236658830706,0.961570939004831,3243.56,2020_kk_257,Kusko,2020,0.709104945713194,0.920398881798022,-2.6400273211024e-4,1504.51461005574,1679.64805041547,2090.76,0.707620504797333,1243.9858271935702
3096,1622.304,0.709698701092543,0.94933244796478,3244.608,2020_kk_257,Kusko,2020,0.709117113499333,0.920266455601506,-1.3242619651565e-4,1504.51461005574,1679.64805041547,2090.76,0.707620504797333,1243.9858271935702
3097,1622.828,0.709088380210797,0.935683762869915,3245.656,2020_kk_257,Kusko,2020,0.709129206025507,0.919920810001524,-3.4564559998284e-4,1504.51461005574,1679.64805041547,2090.76,0.707620504797333,1243.9858271935702
3098,1623.352,0.709890760659368,0.915477019151821,3246.704,2020_kk_257,Kusko,2020,0.709136620929666,0.919364199444993,-5.5661055653022e-4,1504.51461005574,1679.64805041547,2090.76,0.707620504797333,1243.9858271935702
3099,1623.876,0.709377716135509,0.901819601262765,3247.752,2020_kk_257,Kusko,2020,0.709115889280188,0.918836895528295,-5.2730391669841e-4,1504.51461005574,1679.64805041547,2090.76,0.707620504797333,1243.9858271935702
3100,1624.4,0.710498660712003,0.895647562939452,3248.8,2020_kk_257,Kusko,2020,0.709111476530324,0.918908465945474,7.15704171794229e-5,1504.51461005574,1679.64805041547,2090.76,0.707620504797333,1243.9858271935702
3101,1624.924,0.708838206474893,0.911950754891802,3249.848,2020_kk_257,Kusko,2020,0.709127953430983,0.919277811631207,3.6934568573276e-4,1504.51461005574,1679.64805041547,2090.76,0.707620504797333,1243.9858271935702
3102,1625.448,0.708496329454218,0.919867855539001,3250.896,2020_kk_257,Kusko,2020,0.70912119269508,0.919393190317076,1.1537868586897e-4,1504.51461005574,1679.64805041547,2090.76,0.707620504797333,1243.9858271935702
3103,1625.972,0.707973340980487,0.915610301308344,3251.944,2020_kk_257,Kusko,2020,0.709107829261081,0.919052528111461,-3.4066220561479e-4,1504.51461005574,1679.64805041547,2090.76,0.707620504797333,1243.9858271935702
3104,1626.496,0.709018918452259,0.908754050277064,3252.992,2020_kk_257,Kusko,2020,0.709127979566283,0.918495293155832,-5.5723495562942e-4,1504.51461005574,1679.64805041547,2090.76,0.707620504797333,1243.9858271935702
3105,1627.02,0.708669811229388,0.917285736309002,3254.04,2020_kk_257,Kusko,2020,0.709169382715773,0.91740207445015,-0.00109321870568169,1504.51461005574,1679.64805041547,2090.76,0.707620504797333,1243.9858271935702
3106,1627.544,0.709334913829848,0.92902852651473,3255.088,2020_kk_257,Kusko,2020,0.709192962141314,0.916171836243652,-0.00123023820649804,1504.51461005574,1679.64805041547,2090.76,0.707620504797333,1243.9858271935702
3107,1628.068,0.709521661420428,0.93137063267497,3256.136,2020_kk_257,Kusko,2020,0.709174521403134,0.915060614917869,-0.00111122132578334,1504.51461005574,1679.64805041547,2090.76,0.707620504797333,1243.9858271935702
3108,1628.592,0.70935811995231,0.928193854942576,3257.184,2020_kk_257,Kusko,2020,0.709179120008565,0.91429996665347,-7.6064826439903e-4,1504.51461005574,1679.64805041547,2090.76,0.707620504797333,1243.9858271935702
3109,1629.116,0.707840352682148,0.922593461941836,3258.232,2020_kk_257,Kusko,2020,0.709184441616394,0.914060963871176,-2.3900278229382e-4,1504.51461005574,1679.64805041547,2090.76,0.707620504797333,1243.9858271935702
3110,1629.64,0.709619569111614,0.92127005764577,3259.28,2020_kk_257,Kusko,2020,0.70919304818496,0.91411467033136,5.37064601840997e-5,1504.51461005574,1679.64805041547,2090.76,0.707620504797333,1243.9858271935702
3111,1630.164,0.708465330819,0.927431531309408,3260.328,2020_kk_257,Kusko,2020,0.709153677566995,0.914596021990955,4.8135165959506e-4,1504.51461005574,1679.64805041547,2090.76,0.707620504797333,1243.9858271935702
3112,1630.688,0.710327721706999,0.92817683289047,3261.376,2020_kk_257,Kusko,2020,0.709119383152547,0.914757495113799,1.6147312284398e-4,1504.51461005574,1679.64805041547,2090.76,0.707620504797333,1243.9858271935702
3113,1631.212,0.708488036432667,0.913526960427294,3262.424,2020_kk_257,Kusko,2020,0.709113690409226,0.913878626340086,-8.7886877371301e-4,1504.51461005574,1679.64805041547,2090.76,0.707620504797333,1243.9858271935702
3114,1631.736,0.709573716660037,0.91423652426945,3263.472,2020_kk_257,Kusko,2020,0.709146066881006,0.910432048328715,-0.00344657801137149,1504.51461005574,1679.64805041547,2090.76,0.707620504797333,1243.9858271935702
3115,1632.26,0.70968700214061,0.909804679107456,3264.52,2020_kk_257,Kusko,2020,0.709118539611454,0.903403888643306,-0.00702815968540904,1504.51461005574,1679.64805041547,2090.76,0.707620504797333,1243.9858271935702
3116,1632.784,0.708675114584733,0.90810816347816,3265.568,2020_kk_257,Kusko,2020,0.709065464684135,0.893247165557157,-0.010156723086148201,1504.51461005574,1679.64805041547,2090.76,0.707620504797333,1243.9858271935702
3117,1633.308,0.708179669992271,0.910251185338585,3266.616,2020_kk_257,Kusko,2020,0.709089891330399,0.880575163707128,-0.0126720018500296,1504.51461005574,1679.64805041547,2090.76,0.707620504797333,1243.9858271935702
3118,1633.832,0.70925803875393,0.913314711956991,3267.664,2020_kk_257,Kusko,2020,NA,NA,NA,1504.51461005574,1679.64805041547,2090.76,0.707620504797333,1243.9858271935702
3119,1634.356,0.708617346489633,0.912693700556285,3268.712,2020_kk_257,Kusko,2020,NA,NA,NA,1504.51461005574,1679.64805041547,2090.76,0.707620504797333,1243.9858271935702
3120,1634.88,0.709143560873819,0.918697328043384,3269.76,2020_kk_257,Kusko,2020,NA,NA,NA,1504.51461005574,1679.64805041547,2090.76,0.707620504797333,1243.9858271935702
3121,1635.404,0.708236440241327,0.921178545868551,3270.808,2020_kk_257,Kusko,2020,NA,NA,NA,1504.51461005574,1679.64805041547,2090.76,0.707620504797333,1243.9858271935702
3122,1635.928,0.709008011719988,0.905208988953052,3271.856,2020_kk_257,Kusko,2020,NA,NA,NA,1504.51461005574,1679.64805041547,2090.76,0.707620504797333,1243.9858271935702
3123,1636.452,0.710039016659674,0.906076338683238,3272.904,2020_kk_257,Kusko,2020,NA,NA,NA,1504.51461005574,1679.64805041547,2090.76,0.707620504797333,1243.9858271935702
3124,1636.976,0.708673664462063,0.908749910014807,3273.952,2020_kk_257,Kusko,2020,NA,NA,NA,1504.51461005574,1679.64805041547,2090.76,0.707620504797333,1243.9858271935702
3125,1637.5,0.709342170033855,0.913344438700556,3275,2020_kk_257,Kusko,2020,NA,NA,NA,1504.51461005574,1679.64805041547,2090.76,0.707620504797333,1243.9858271935702
3126,1638.024,0.709206026678356,0.908321456845899,3276.048,2020_kk_257,Kusko,2020,NA,NA,NA,1504.51461005574,1679.64805041547,2090.76,0.707620504797333,1243.9858271935702
3127,1638.548,0.708979853894179,0.899800427960165,3277.096,2020_kk_257,Kusko,2020,NA,NA,NA,1504.51461005574,1679.64805041547,2090.76,0.707620504797333,1243.9858271935702
3128,1639.072,0.71019502423406,0.87959181573053,3278.144,2020_kk_257,Kusko,2020,NA,NA,NA,1504.51461005574,1679.64805041547,2090.76,0.707620504797333,1243.9858271935702
3129,1639.596,0.707837069126258,0.874649159258353,3279.192,2020_kk_257,Kusko,2020,NA,NA,NA,1504.51461005574,1679.64805041547,2090.76,0.707620504797333,1243.9858271935702
3130,1640.12,0.708295118648831,0.88539815519183,3280.24,2020_kk_257,Kusko,2020,NA,NA,NA,1504.51461005574,1679.64805041547,2090.76,0.707620504797333,1243.9858271935702
3131,1640.644,0.70954398222039206,0.902223148313889,3281.288,2020_kk_257,Kusko,2020,NA,NA,NA,1504.51461005574,1679.64805041547,2090.76,0.707620504797333,1243.9858271935702
3132,1641.168,0.708838044549023,0.91098184596546,3282.336,2020_kk_257,Kusko,2020,NA,NA,NA,1504.51461005574,1679.64805041547,2090.76,0.707620504797333,1243.9858271935702
3133,1641.692,0.708633686722414,0.903535799414007,3283.384,2020_kk_257,Kusko,2020,NA,NA,NA,1504.51461005574,1679.64805041547,2090.76,0.707620504797333,1243.9858271935702
3134,1642.216,0.709954926485256,0.894814993795178,3284.432,2020_kk_257,Kusko,2020,NA,NA,NA,1504.51461005574,1679.64805041547,2090.76,0.707620504797333,1243.9858271935702
3135,1642.74,0.710338072359544,0.861559790394429,3285.48,2020_kk_257,Kusko,2020,NA,NA,NA,1504.51461005574,1679.64805041547,2090.76,0.707620504797333,1243.9858271935702
3136,1643.264,0.710445252724474,0.850681243037048,3286.528,2020_kk_257,Kusko,2020,NA,NA,NA,1504.51461005574,1679.64805041547,2090.76,0.707620504797333,1243.9858271935702
3137,1643.788,0.707911503319254,0.861115921201971,3287.576,2020_kk_257,Kusko,2020,NA,NA,NA,1504.51461005574,1679.64805041547,2090.76,0.707620504797333,1243.9858271935702
3138,1644.312,0.708555613283514,0.897870149172594,3288.624,2020_kk_257,Kusko,2020,NA,NA,NA,1504.51461005574,1679.64805041547,2090.76,0.707620504797333,1243.9858271935702
3139,1644.836,0.70932957774548,0.908987304159269,3289.672,2020_kk_257,Kusko,2020,NA,NA,NA,1504.51461005574,1679.64805041547,2090.76,0.707620504797333,1243.9858271935702
3140,1645.36,0.709325885202499,0.916039785431921,3290.72,2020_kk_257,Kusko,2020,NA,NA,NA,1504.51461005574,1679.64805041547,2090.76,0.707620504797333,1243.9858271935702
3141,1645.884,0.708188750687163,0.927932640419857,3291.768,2020_kk_257,Kusko,2020,NA,NA,NA,1504.51461005574,1679.64805041547,2090.76,0.707620504797333,1243.9858271935702
3142,1646.408,0.708684896198103,0.91846727946971,3292.816,2020_kk_257,Kusko,2020,NA,NA,NA,1504.51461005574,1679.64805041547,2090.76,0.707620504797333,1243.9858271935702
3143,1646.932,0.708640770954226,0.860845999517162,3293.864,2020_kk_257,Kusko,2020,NA,NA,NA,1504.51461005574,1679.64805041547,2090.76,0.707620504797333,1243.9858271935702
3144,1647.456,0.71069405383551,0.704155029202389,3294.912,2020_kk_257,Kusko,2020,NA,NA,NA,1504.51461005574,1679.64805041547,2090.76,0.707620504797333,1243.9858271935702
3145,1647.98,0.708090970302603,0.497476964820971,3295.96,2020_kk_257,Kusko,2020,NA,NA,NA,1504.51461005574,1679.64805041547,2090.76,0.707620504797333,1243.9858271935702
3146,1648.504,0.706409092044981,0.31331360040459,3297.008,2020_kk_257,Kusko,2020,NA,NA,NA,1504.51461005574,1679.64805041547,2090.76,0.707620504797333,1243.9858271935702
3147,1649.028,0.709298564207872,0.171414603906294,3298.056,2020_kk_257,Kusko,2020,NA,NA,NA,1504.51461005574,1679.64805041547,2090.76,0.707620504797333,1243.9858271935702
